Date;Open;High;Low;Close;Volume;Source
2026.04.10 04:00;4790.3999;4792.0;4790.2998;4790.8999;0;unknown
2026.04.10 04:05;4790.8999;4791.2002;4788.7002;4789.7002;79;unknown
2026.04.10 04:10;4789.5;4790.7002;4788.1001;4790.7002;111;unknown
2026.04.10 04:15;4790.5;4794.6001;4789.6001;4794.1001;232;unknown
2026.04.10 04:20;4794.1001;4794.5;4789.8999;4790.6001;197;unknown
2026.04.10 04:25;4790.2998;4791.2002;4789.0;4789.2998;89;unknown
2026.04.10 04:30;4789.2002;4789.3999;4787.0;4787.3999;196;unknown
2026.04.10 04:35;4787.5;4788.3999;4786.2002;4787.2002;281;unknown
2026.04.10 04:40;4787.1001;4787.7002;4785.5;4786.5;220;unknown
2026.04.10 04:45;4786.1001;4786.8999;4785.6001;4786.8999;46;unknown
2026.04.10 04:50;4787.5;4789.2998;4784.7002;4786.6001;279;unknown
2026.04.10 04:55;4786.3999;4786.6001;4781.7998;4781.7998;208;unknown
2026.04.10 05:00;4782.5;4786.2002;4781.2998;4786.2002;263;unknown
2026.04.10 05:05;4786.0;4787.2002;4784.2002;4785.3999;202;unknown
2026.04.10 05:10;4785.7002;4785.8999;4782.6001;4783.7998;163;unknown
2026.04.10 05:15;4783.2002;4784.3999;4782.2998;4783.6001;88;unknown
2026.04.10 05:20;4784.2002;4787.7998;4784.2002;4784.7002;124;unknown
2026.04.10 05:25;4785.2002;4787.8999;4783.3999;4783.7002;77;unknown
2026.04.10 05:30;4783.1001;4789.2002;4783.1001;4788.2998;160;unknown
2026.04.10 05:35;4788.5;4792.1001;4787.2998;4788.7998;276;unknown
2026.04.10 05:40;4789.0;4790.5;4785.2998;4788.2998;181;unknown
2026.04.10 05:45;4789.1001;4791.1001;4788.6001;4789.8999;89;unknown
2026.04.10 05:50;4789.8999;4793.0;4789.3999;4790.8999;190;unknown
2026.04.10 05:55;4790.7002;4792.0;4789.2002;4789.8999;228;unknown
2026.04.10 06:00;4790.0;4790.2002;4784.0;4785.6001;507;unknown
2026.04.10 06:05;4785.7998;4787.7002;4782.7998;4783.0;310;unknown
2026.04.10 06:10;4782.8999;4785.1001;4779.1001;4779.8999;233;unknown
2026.04.10 06:15;4779.7998;4781.0;4775.7002;4776.3999;489;unknown
2026.04.10 06:20;4776.1001;4778.2998;4775.1001;4777.1001;394;unknown
2026.04.10 06:25;4777.5;4779.6001;4776.2002;4779.1001;347;unknown
2026.04.10 06:30;4779.1001;4782.0;4777.5;4781.3999;435;unknown
2026.04.10 06:35;4781.7998;4782.0;4773.0;4775.8999;453;unknown
2026.04.10 06:40;4775.7002;4777.8999;4773.6001;4774.7998;187;unknown
2026.04.10 06:45;4774.7998;4778.0;4766.8999;4767.3999;757;unknown
2026.04.10 06:50;4767.2002;4770.8999;4766.2998;4768.2002;531;unknown
2026.04.10 06:55;4768.7998;4771.7002;4767.7998;4769.7002;290;unknown
2026.04.10 07:00;4769.6001;4774.2002;4764.6001;4774.1001;571;unknown
2026.04.10 07:05;4774.2002;4775.7998;4772.2002;4774.8999;287;unknown
2026.04.10 07:10;4775.2002;4777.7002;4769.3999;4770.1001;321;unknown
2026.04.10 07:15;4770.1001;4776.8999;4769.7002;4776.0;218;unknown
2026.04.10 07:20;4776.3999;4778.3999;4774.8999;4777.7002;221;unknown
2026.04.10 07:25;4777.8999;4779.6001;4776.2998;4777.0;202;unknown
2026.04.10 07:30;4777.2002;4779.5;4774.7998;4779.2998;160;unknown
2026.04.10 07:35;4779.5;4780.7998;4778.1001;4779.2998;176;unknown
2026.04.10 07:40;4779.0;4781.2002;4776.1001;4777.6001;235;unknown
2026.04.10 07:45;4777.7002;4778.5;4775.3999;4777.3999;113;unknown
2026.04.10 07:50;4776.7002;4776.7002;4773.2998;4774.2002;200;unknown
2026.04.10 07:55;4773.8999;4775.2002;4772.0;4773.0;111;unknown
2026.04.10 08:00;4773.2998;4776.5;4770.7002;4770.7998;295;unknown
2026.04.10 08:05;4770.7002;4774.2998;4770.3999;4773.1001;458;unknown
2026.04.10 08:10;4773.2998;4775.2002;4772.2998;4773.0;562;unknown
2026.04.10 08:15;4773.1001;4773.5;4765.5;4768.7998;523;unknown
2026.04.10 08:20;4768.5;4770.1001;4767.2998;4769.2002;369;unknown
2026.04.10 08:25;4769.1001;4770.8999;4768.1001;4769.7998;374;unknown
2026.04.10 08:30;4769.3999;4775.2998;4769.3999;4773.2998;374;unknown
2026.04.10 08:35;4773.0;4775.1001;4771.1001;4772.6001;290;unknown
2026.04.10 08:40;4772.7998;4773.2002;4763.7998;4764.8999;431;unknown
2026.04.10 08:45;4765.6001;4766.7998;4755.7002;4758.2002;1197;unknown
2026.04.10 08:50;4758.1001;4759.6001;4752.7002;4759.3999;697;unknown
2026.04.10 08:55;4758.7998;4764.7002;4757.3999;4763.1001;556;unknown
2026.04.10 09:00;4763.6001;4768.0;4763.1001;4766.6001;396;unknown
2026.04.10 09:05;4767.2998;4768.5;4764.0;4764.8999;326;unknown
2026.04.10 09:10;4764.7998;4769.3999;4764.2002;4769.3999;286;unknown
2026.04.10 09:15;4769.2002;4783.2998;4767.1001;4782.2998;832;unknown
2026.04.10 09:20;4781.7002;4781.8999;4775.7002;4775.7998;778;unknown
2026.04.10 09:25;4776.1001;4776.5;4771.7002;4771.8999;498;unknown
2026.04.10 09:30;4771.5;4773.2998;4768.5;4770.3999;487;unknown
2026.04.10 09:35;4771.0;4773.3999;4770.2998;4771.7002;250;unknown
2026.04.10 09:40;4771.3999;4774.2998;4770.7998;4773.7998;246;unknown
2026.04.10 09:45;4773.8999;4773.8999;4771.1001;4773.2002;113;unknown
2026.04.10 09:50;4772.6001;4776.0;4771.8999;4775.5;281;unknown
2026.04.10 09:55;4775.0;4776.3999;4773.6001;4774.6001;293;unknown
2026.04.10 10:00;4774.7002;4776.6001;4770.6001;4770.7998;448;unknown
2026.04.10 10:05;4770.6001;4770.6001;4765.2998;4769.2002;386;unknown
2026.04.10 10:10;4769.2002;4771.0;4766.3999;4770.2002;239;unknown
2026.04.10 10:15;4769.7998;4775.1001;4769.6001;4775.0;167;unknown
2026.04.10 10:20;4775.1001;4782.1001;4774.7002;4782.0;326;unknown
2026.04.10 10:25;4782.0;4784.0;4780.7998;4781.6001;346;unknown
2026.04.10 10:30;4781.6001;4783.0;4780.1001;4782.8999;188;unknown
2026.04.10 10:35;4783.1001;4783.1001;4777.3999;4777.7998;218;unknown
2026.04.10 10:40;4778.2002;4780.0;4778.0;4779.1001;234;unknown
2026.04.10 10:45;4779.2002;4782.1001;4778.1001;4781.6001;120;unknown
2026.04.10 10:50;4782.1001;4784.0;4780.2002;4781.6001;208;unknown
2026.04.10 10:55;4780.6001;4782.0;4779.3999;4780.7002;124;unknown
2026.04.10 11:00;4780.7002;4783.3999;4779.8999;4783.3999;116;unknown
2026.04.10 11:05;4783.0;4783.0;4778.7002;4779.3999;163;unknown
2026.04.10 11:10;4779.6001;4780.2002;4777.1001;4779.6001;145;unknown
2026.04.10 11:15;4779.2002;4782.5;4778.1001;4782.2002;71;unknown
2026.04.10 11:20;4782.5;4786.8999;4781.6001;4785.0;319;unknown
2026.04.10 11:25;4784.7998;4786.1001;4782.2002;4785.6001;223;unknown
2026.04.10 11:30;4785.2998;4787.1001;4782.2998;4782.7002;177;unknown
2026.04.10 11:35;4783.2002;4786.6001;4782.7998;4785.3999;130;unknown
2026.04.10 11:40;4785.3999;4791.1001;4784.2002;4791.1001;208;unknown
2026.04.10 11:45;4791.2002;4791.2002;4787.2002;4787.3999;235;unknown
2026.04.10 11:50;4787.3999;4790.3999;4787.0;4788.2998;228;unknown
2026.04.10 11:55;4788.2998;4792.8999;4787.1001;4792.0;388;unknown
2026.04.10 12:00;4792.1001;4794.0;4787.7998;4790.8999;582;unknown
2026.04.10 12:05;4790.3999;4791.6001;4787.2002;4788.5;286;unknown
2026.04.10 12:10;4788.8999;4791.2998;4788.0;4791.1001;243;unknown
2026.04.10 12:15;4791.0;4795.5;4789.7002;4792.6001;498;unknown
2026.04.10 12:20;4792.2998;4792.6001;4783.8999;4784.3999;579;unknown
2026.04.10 12:25;4784.2998;4786.8999;4783.8999;4785.6001;411;unknown
2026.04.10 12:30;4785.1001;4806.3999;4784.8999;4804.3999;2421;unknown
2026.04.10 12:35;4804.7998;4806.8999;4794.2998;4799.7002;1465;unknown
2026.04.10 12:40;4799.2998;4802.2002;4792.5;4795.7998;1242;unknown
2026.04.10 12:45;4796.2002;4797.7002;4787.2998;4790.8999;690;unknown
2026.04.10 12:50;4791.2998;4795.0;4788.5;4788.6001;413;unknown
2026.04.10 12:55;4788.7002;4796.2998;4788.1001;4795.5;926;unknown
2026.04.10 13:00;4795.3999;4797.5;4791.7998;4794.3999;682;unknown
2026.04.10 13:05;4794.1001;4801.6001;4793.5;4798.2998;564;unknown
2026.04.10 13:10;4798.3999;4798.6001;4794.2998;4796.3999;359;unknown
2026.04.10 13:15;4796.7998;4797.7002;4790.2002;4796.5;1389;unknown
2026.04.10 13:20;4796.2998;4804.0;4794.7998;4800.2998;720;unknown
2026.04.10 13:25;4800.7998;4804.3999;4798.3999;4799.7998;1002;unknown
2026.04.10 13:30;4800.2002;4803.0;4793.3999;4794.6001;1574;unknown
2026.04.10 13:35;4794.2002;4801.7998;4788.8999;4800.2002;923;unknown
2026.04.10 13:40;4800.2002;4800.2002;4791.1001;4793.7002;577;unknown
2026.04.10 13:45;4793.3999;4798.5;4790.0;4797.7998;697;unknown
2026.04.10 13:50;4797.7998;4802.1001;4793.2998;4801.6001;670;unknown
2026.04.10 13:55;4802.0;4802.3999;4798.5;4799.2998;408;unknown
2026.04.10 14:00;4799.1001;4805.3999;4793.6001;4801.5;1492;unknown
2026.04.10 14:05;4801.7002;4805.7002;4799.7002;4800.5;519;unknown
2026.04.10 14:10;4800.5;4805.2002;4791.7002;4805.0;1369;unknown
2026.04.10 14:15;4805.2998;4813.7002;4803.8999;4813.2002;1437;unknown
2026.04.10 14:20;4812.8999;4815.8999;4810.3999;4815.3999;740;unknown
2026.04.10 14:25;4815.5;4818.0;4812.1001;4815.7002;936;unknown
2026.04.10 14:30;4815.7002;4820.0;4812.2002;4812.2998;1033;unknown
2026.04.10 14:35;4812.2998;4815.7998;4811.2998;4811.3999;547;unknown
2026.04.10 14:40;4811.2998;4813.5;4798.0;4805.2002;1754;unknown
2026.04.10 14:45;4805.6001;4807.7998;4796.0;4796.5;741;unknown
2026.04.10 14:50;4796.7998;4806.1001;4795.0;4798.5;831;unknown
2026.04.10 14:55;4799.1001;4804.0;4795.0;4799.2998;861;unknown
2026.04.10 15:00;4799.3999;4803.2998;4798.1001;4798.6001;582;unknown
2026.04.10 15:05;4799.6001;4804.7002;4793.7002;4803.8999;676;unknown
2026.04.10 15:10;4804.2002;4808.5;4803.7002;4806.2998;609;unknown
2026.04.10 15:15;4806.5;4811.2998;4806.2998;4806.7002;579;unknown
2026.04.10 15:20;4807.6001;4811.8999;4806.2002;4810.7998;588;unknown
2026.04.10 15:25;4810.7998;4810.7998;4800.5;4800.7998;454;unknown
2026.04.10 15:30;4800.7998;4802.7998;4797.1001;4799.2002;644;unknown
2026.04.10 15:35;4799.5;4799.7002;4779.2998;4784.7998;1719;unknown
2026.04.10 15:40;4785.1001;4791.7998;4783.8999;4790.2002;1184;unknown
2026.04.10 15:45;4789.7998;4793.7998;4787.2002;4790.3999;592;unknown
2026.04.10 15:50;4790.3999;4794.1001;4789.1001;4790.8999;377;unknown
2026.04.10 15:55;4790.6001;4790.6001;4782.7998;4785.7998;1228;unknown
2026.04.10 16:00;4785.8999;4787.6001;4776.5;4777.8999;1098;unknown
2026.04.10 16:05;4778.0;4781.0;4768.3999;4780.6001;1380;unknown
2026.04.10 16:10;4780.2998;4787.7002;4780.2998;4787.2002;820;unknown
2026.04.10 16:15;4787.0;4789.3999;4784.8999;4786.2998;409;unknown
2026.04.10 16:20;4786.0;4786.2998;4778.2002;4784.8999;868;unknown
2026.04.10 16:25;4784.3999;4786.3999;4780.8999;4782.6001;295;unknown
2026.04.10 16:30;4782.1001;4787.6001;4780.7002;4785.6001;1141;unknown
2026.04.10 16:35;4785.6001;4789.6001;4785.2002;4786.8999;324;unknown
2026.04.10 16:40;4786.7998;4787.1001;4780.6001;4781.5;716;unknown
2026.04.10 16:45;4781.2998;4786.7002;4780.5;4785.0;342;unknown
2026.04.10 16:50;4785.8999;4790.7002;4785.2998;4789.6001;525;unknown
2026.04.10 16:55;4789.6001;4790.0;4786.6001;4788.1001;299;unknown
2026.04.10 17:00;4788.3999;4789.1001;4783.2998;4784.2002;368;unknown
2026.04.10 17:05;4784.2998;4788.1001;4782.3999;4786.5;314;unknown
2026.04.10 17:10;4786.7002;4790.7998;4784.7002;4789.0;315;unknown
2026.04.10 17:15;4788.8999;4793.0;4787.7998;4791.2998;702;unknown
2026.04.10 17:20;4791.5;4793.0;4785.7002;4788.8999;1431;unknown
2026.04.10 17:25;4789.1001;4793.2998;4785.5;4787.2002;1701;unknown
2026.04.10 17:30;4787.2998;4790.0;4782.7998;4785.2002;730;unknown
2026.04.10 17:35;4784.8999;4787.1001;4782.1001;4785.6001;453;unknown
2026.04.10 17:40;4785.7998;4786.3999;4783.2002;4783.3999;236;unknown
2026.04.10 17:45;4783.0;4788.7998;4783.0;4788.2002;291;unknown
2026.04.10 17:50;4787.3999;4789.2002;4784.7002;4785.2998;156;unknown
2026.04.10 17:55;4785.2998;4786.0;4783.2002;4784.5;208;unknown
2026.04.10 18:00;4784.7002;4785.5;4776.8999;4777.5;636;unknown
2026.04.10 18:05;4776.8999;4782.3999;4775.1001;4780.5;611;unknown
2026.04.10 18:10;4780.3999;4788.1001;4780.2998;4787.7998;522;unknown
2026.04.10 18:15;4787.7002;4792.6001;4787.2002;4792.2002;312;unknown
2026.04.10 18:20;4792.3999;4794.0;4787.7998;4788.8999;849;unknown
2026.04.10 18:25;4788.7998;4791.2002;4787.6001;4790.2998;229;unknown
2026.04.10 18:30;4790.5;4796.6001;4790.1001;4795.8999;414;unknown
2026.04.10 18:35;4795.8999;4797.7002;4793.1001;4796.7002;232;unknown
2026.04.10 18:40;4796.3999;4797.3999;4792.2998;4792.6001;181;unknown
2026.04.10 18:45;4792.2002;4792.5;4787.3999;4788.2002;280;unknown
2026.04.10 18:50;4788.5;4792.2002;4788.2002;4792.0;167;unknown
2026.04.10 18:55;4792.2002;4792.2002;4789.0;4789.5;134;unknown
2026.04.10 19:00;4789.5;4791.7998;4788.5;4790.7002;203;unknown
2026.04.10 19:05;4791.6001;4792.2998;4789.2998;4789.6001;154;unknown
2026.04.10 19:10;4789.5;4791.2998;4789.2002;4791.0;198;unknown
2026.04.10 19:15;4790.0;4794.0;4789.7998;4793.2998;208;unknown
2026.04.10 19:20;4793.5;4794.6001;4790.8999;4791.6001;148;unknown
2026.04.10 19:25;4791.5;4792.5;4787.0;4787.7002;460;unknown
2026.04.10 19:30;4787.7002;4789.2002;4785.0;4788.1001;195;unknown
2026.04.10 19:35;4788.3999;4788.5;4785.7998;4786.2998;81;unknown
2026.04.10 19:40;4786.5;4788.0;4784.6001;4787.6001;128;unknown
2026.04.10 19:45;4787.5;4788.5;4782.6001;4783.5;262;unknown
2026.04.10 19:50;4783.5;4785.8999;4782.0;4783.0;243;unknown
2026.04.10 19:55;4783.1001;4784.2002;4782.0;4783.6001;421;unknown
2026.04.10 20:00;4783.5;4783.5;4776.7998;4776.7998;307;unknown
2026.04.10 20:05;4776.7002;4778.2998;4775.2998;4777.3999;404;unknown
2026.04.10 20:10;4777.2998;4779.2002;4776.5;4777.2998;151;unknown
2026.04.10 20:15;4777.0;4777.1001;4774.3999;4775.2002;136;unknown
2026.04.10 20:20;4774.8999;4774.8999;4772.0;4772.5;150;unknown
2026.04.10 20:25;4772.3999;4772.5;4764.0;4769.2002;583;unknown
2026.04.10 20:30;4769.1001;4773.0;4769.0;4770.7002;250;unknown
2026.04.10 20:35;4770.8999;4773.5;4770.2998;4773.5;175;unknown
2026.04.10 20:40;4774.2002;4776.1001;4773.2998;4774.8999;315;unknown
2026.04.10 20:45;4774.7998;4775.5;4773.0;4774.2002;210;unknown
2026.04.10 20:50;4774.0;4776.5;4772.0;4772.3999;321;unknown
2026.04.10 20:55;4772.7998;4774.6001;4770.1001;4771.0;252;unknown
2026.04.12 22:10;4688.7002;4707.3999;4687.8999;4698.6001;518;unknown
2026.04.12 22:15;4698.2002;4705.7002;4690.6001;4691.1001;620;unknown
2026.04.12 22:20;4691.3999;4695.1001;4676.3999;4680.0;1122;unknown
2026.04.12 22:25;4680.2002;4680.6001;4665.2002;4669.0;2258;unknown
2026.04.12 22:30;4669.0;4677.3999;4666.7002;4675.7998;705;unknown
2026.04.12 22:35;4676.2998;4679.1001;4672.7998;4679.1001;298;unknown
2026.04.12 22:40;4678.7002;4680.7998;4672.6001;4679.7998;616;unknown
2026.04.12 22:45;4679.2998;4681.2998;4673.1001;4680.5;422;unknown
2026.04.12 22:50;4681.2998;4681.5;4676.1001;4676.8999;168;unknown
2026.04.12 22:55;4677.1001;4682.5;4676.2002;4680.6001;209;unknown
2026.04.12 23:00;4680.5;4682.7002;4674.6001;4680.8999;366;unknown
2026.04.12 23:05;4681.0;4681.0;4673.6001;4677.7998;241;unknown
2026.04.12 23:10;4678.6001;4681.5;4676.2998;4680.7998;116;unknown
2026.04.12 23:15;4681.0;4681.5;4670.3999;4673.8999;266;unknown
2026.04.12 23:20;4673.2002;4673.5;4664.6001;4668.7998;575;unknown
2026.04.12 23:25;4669.0;4675.8999;4669.0;4674.7998;209;unknown
2026.04.12 23:30;4674.3999;4678.1001;4671.6001;4676.7002;332;unknown
2026.04.12 23:35;4676.3999;4682.0;4676.1001;4679.7002;209;unknown
2026.04.12 23:40;4680.2998;4681.7998;4676.1001;4677.0;210;unknown
2026.04.12 23:45;4677.7998;4683.1001;4677.6001;4681.5;421;unknown
2026.04.12 23:50;4682.0;4693.7998;4682.0;4688.7998;689;unknown
2026.04.12 23:55;4688.2998;4694.2002;4688.2002;4693.6001;181;unknown
2026.04.13 00:00;4693.7002;4694.5;4686.8999;4690.6001;396;unknown
2026.04.13 00:05;4690.6001;4694.2002;4689.2998;4693.7998;192;unknown
2026.04.13 00:10;4693.7998;4695.7002;4691.5;4695.1001;192;unknown
2026.04.13 00:15;4693.8999;4698.7002;4693.8999;4695.6001;320;unknown
2026.04.13 00:20;4695.2002;4697.0;4691.0;4695.5;254;unknown
2026.04.13 00:25;4695.2002;4698.0;4692.2002;4695.7998;188;unknown
2026.04.13 00:30;4695.5;4703.1001;4693.5;4702.6001;374;unknown
2026.04.13 00:35;4702.0;4705.0;4697.7002;4699.2998;370;unknown
2026.04.13 00:40;4699.2002;4704.2998;4698.7002;4701.0;137;unknown
2026.04.13 00:45;4700.2998;4709.5;4700.2998;4709.5;316;unknown
2026.04.13 00:50;4709.2002;4713.0;4707.0;4711.6001;345;unknown
2026.04.13 00:55;4711.2998;4721.0;4709.1001;4718.0;691;unknown
2026.04.13 01:00;4717.5;4731.5;4716.0;4725.5;1504;unknown
2026.04.13 01:05;4726.3999;4731.0;4722.0;4730.0;751;unknown
2026.04.13 01:10;4729.6001;4741.5;4727.8999;4737.6001;1016;unknown
2026.04.13 01:15;4736.3999;4740.0;4733.2998;4738.5;424;unknown
2026.04.13 01:20;4738.5;4743.2998;4735.7998;4737.6001;455;unknown
2026.04.13 01:25;4736.8999;4741.7998;4735.8999;4739.2002;377;unknown
2026.04.13 01:30;4738.7998;4742.8999;4732.0;4742.8999;457;unknown
2026.04.13 01:35;4742.7998;4743.5;4735.0;4738.2002;506;unknown
2026.04.13 01:40;4738.2002;4740.2998;4733.8999;4736.6001;229;unknown
2026.04.13 01:45;4734.8999;4739.7998;4731.2998;4736.6001;401;unknown
2026.04.13 01:50;4736.1001;4745.2998;4736.1001;4743.8999;460;unknown
2026.04.13 01:55;4743.7002;4749.5;4742.6001;4743.1001;506;unknown
2026.04.13 02:00;4743.7002;4746.7998;4740.5;4744.5;292;unknown
2026.04.13 02:05;4744.3999;4747.2002;4740.6001;4744.8999;167;unknown
2026.04.13 02:10;4744.2998;4745.7002;4742.1001;4744.2998;190;unknown
2026.04.13 02:15;4743.7002;4745.8999;4740.8999;4742.8999;219;unknown
2026.04.13 02:20;4742.6001;4743.0;4741.0;4742.0;127;unknown
2026.04.13 02:25;4742.5;4746.2998;4740.6001;4741.2002;166;unknown
2026.04.13 02:30;4741.3999;4749.5;4741.3999;4746.6001;353;unknown
2026.04.13 02:35;4746.6001;4746.6001;4737.5;4737.5;292;unknown
2026.04.13 02:40;4737.6001;4741.0;4736.6001;4736.8999;182;unknown
2026.04.13 02:45;4736.7002;4739.7998;4732.5;4734.1001;365;unknown
2026.04.13 02:50;4733.7998;4740.7002;4732.7998;4740.2002;220;unknown
2026.04.13 02:55;4740.5;4743.2002;4740.2998;4742.0;186;unknown
2026.04.13 03:00;4742.5;4743.3999;4736.6001;4737.1001;154;unknown
2026.04.13 03:05;4736.6001;4737.1001;4734.3999;4736.2002;137;unknown
2026.04.13 03:10;4735.5;4736.8999;4733.7002;4734.7998;101;unknown
2026.04.13 03:15;4734.8999;4738.7998;4734.2998;4737.2002;99;unknown
2026.04.13 03:20;4737.0;4739.5;4735.1001;4738.8999;85;unknown
2026.04.13 03:25;4738.2998;4742.8999;4737.8999;4740.6001;204;unknown
2026.04.13 03:30;4740.2002;4743.6001;4740.1001;4743.1001;130;unknown
2026.04.13 03:35;4743.3999;4743.3999;4739.2998;4740.2998;106;unknown
2026.04.13 03:40;4740.2002;4745.7998;4740.2002;4743.7998;158;unknown
2026.04.13 03:45;4744.2002;4744.2998;4740.2002;4741.5;122;unknown
2026.04.13 03:50;4742.1001;4742.3999;4739.3999;4740.6001;86;unknown
2026.04.13 03:55;4740.0;4742.0;4739.1001;4741.6001;97;unknown
2026.04.13 04:00;4740.0;4740.2002;4735.0;4737.2998;191;unknown
2026.04.13 04:05;4736.6001;4736.8999;4729.2002;4734.2002;730;unknown
2026.04.13 04:10;4734.0;4736.6001;4732.0;4735.7998;145;unknown
2026.04.13 04:15;4736.5;4737.2998;4731.8999;4734.0;146;unknown
2026.04.13 04:20;4733.7998;4734.6001;4730.5;4734.6001;133;unknown
2026.04.13 04:25;4734.7002;4736.8999;4733.8999;4734.7002;174;unknown
2026.04.13 04:30;4735.1001;4735.7998;4730.6001;4735.0;278;unknown
2026.04.13 04:35;4734.3999;4734.6001;4731.2002;4733.7998;151;unknown
2026.04.13 04:40;4734.3999;4741.6001;4734.2002;4741.0;274;unknown
2026.04.13 04:45;4740.2998;4741.0;4738.2998;4740.7998;65;unknown
2026.04.13 04:50;4740.8999;4745.5;4739.7002;4744.6001;178;unknown
2026.04.13 04:55;4744.7998;4747.0;4743.1001;4744.7002;183;unknown
2026.04.13 05:00;4744.8999;4748.0;4742.7998;4743.8999;258;unknown
2026.04.13 05:05;4743.1001;4745.0;4741.7998;4742.8999;109;unknown
2026.04.13 05:10;4742.7002;4744.7002;4740.1001;4740.7998;254;unknown
2026.04.13 05:15;4740.8999;4742.8999;4738.7002;4738.7002;183;unknown
2026.04.13 05:20;4738.6001;4740.8999;4737.8999;4737.8999;59;unknown
2026.04.13 05:25;4738.6001;4743.2998;4738.6001;4742.5;174;unknown
2026.04.13 05:30;4742.7002;4744.5;4739.7998;4744.2002;192;unknown
2026.04.13 05:35;4744.1001;4746.7998;4742.2998;4744.3999;168;unknown
2026.04.13 05:40;4744.2002;4745.3999;4741.8999;4743.2998;187;unknown
2026.04.13 05:45;4743.0;4747.7002;4743.0;4744.7998;231;unknown
2026.04.13 05:50;4744.6001;4746.8999;4742.1001;4742.5;167;unknown
2026.04.13 05:55;4743.2998;4752.6001;4743.0;4751.1001;405;unknown
2026.04.13 06:00;4751.5;4751.5;4744.7998;4748.2002;513;unknown
2026.04.13 06:05;4747.6001;4751.1001;4746.1001;4749.6001;162;unknown
2026.04.13 06:10;4750.2002;4751.0;4746.0;4747.7002;341;unknown
2026.04.13 06:15;4748.0;4753.6001;4748.0;4750.3999;422;unknown
2026.04.13 06:20;4750.7002;4750.7002;4747.0;4749.1001;293;unknown
2026.04.13 06:25;4749.0;4753.7002;4747.6001;4753.5;246;unknown
2026.04.13 06:30;4753.7002;4754.7002;4750.5;4751.5;362;unknown
2026.04.13 06:35;4751.7002;4753.1001;4747.3999;4749.0;261;unknown
2026.04.13 06:40;4749.0;4750.3999;4747.7998;4748.3999;163;unknown
2026.04.13 06:45;4748.0;4748.3999;4742.7002;4743.6001;379;unknown
2026.04.13 06:50;4744.1001;4747.8999;4743.5;4746.8999;219;unknown
2026.04.13 06:55;4747.0;4748.1001;4745.0;4747.8999;107;unknown
2026.04.13 07:00;4748.0;4761.1001;4747.7998;4759.1001;660;unknown
2026.04.13 07:05;4759.5;4760.0;4749.0;4749.2002;326;unknown
2026.04.13 07:10;4749.2002;4752.7998;4747.3999;4750.5;320;unknown
2026.04.13 07:15;4749.7998;4755.2002;4749.1001;4753.7002;295;unknown
2026.04.13 07:20;4754.0;4754.8999;4751.8999;4752.6001;150;unknown
2026.04.13 07:25;4752.7998;4754.2002;4749.6001;4753.1001;260;unknown
2026.04.13 07:30;4753.5;4756.2002;4752.8999;4754.0;152;unknown
2026.04.13 07:35;4754.3999;4754.3999;4749.8999;4752.7998;131;unknown
2026.04.13 07:40;4751.8999;4755.0;4751.2002;4754.7998;92;unknown
2026.04.13 07:45;4754.3999;4761.7002;4754.3999;4761.1001;332;unknown
2026.04.13 07:50;4761.7002;4762.5;4756.7998;4757.2002;428;unknown
2026.04.13 07:55;4757.1001;4758.8999;4750.7998;4756.3999;550;unknown
2026.04.13 08:00;4756.7002;4761.2002;4755.8999;4757.8999;194;unknown
2026.04.13 08:05;4758.8999;4760.2002;4755.0;4756.5;227;unknown
2026.04.13 08:10;4756.8999;4758.2998;4755.6001;4756.0;153;unknown
2026.04.13 08:15;4755.1001;4755.8999;4753.0;4755.8999;227;unknown
2026.04.13 08:20;4755.1001;4756.6001;4752.8999;4755.7998;112;unknown
2026.04.13 08:25;4756.2002;4757.0;4754.8999;4754.8999;95;unknown
2026.04.13 08:30;4754.7002;4759.2002;4753.7998;4755.1001;295;unknown
2026.04.13 08:35;4755.7998;4757.3999;4752.2002;4753.0;278;unknown
2026.04.13 08:40;4753.1001;4753.1001;4743.8999;4744.1001;584;unknown
2026.04.13 08:45;4744.2002;4752.7998;4743.2998;4751.7998;562;unknown
2026.04.13 08:50;4751.2998;4751.6001;4747.0;4748.2998;339;unknown
2026.04.13 08:55;4748.2998;4749.5;4746.2998;4746.2998;285;unknown
2026.04.13 09:00;4746.2998;4751.5;4745.7998;4750.0;337;unknown
2026.04.13 09:05;4750.1001;4750.1001;4740.3999;4740.3999;503;unknown
2026.04.13 09:10;4741.0;4744.5;4738.8999;4741.7998;549;unknown
2026.04.13 09:15;4741.7002;4743.5;4739.2002;4742.5;239;unknown
2026.04.13 09:20;4743.1001;4744.0;4739.7998;4743.6001;179;unknown
2026.04.13 09:25;4743.2002;4743.5;4736.8999;4738.2998;527;unknown
2026.04.13 09:30;4737.7998;4743.2998;4736.7998;4736.8999;682;unknown
2026.04.13 09:35;4737.0;4738.6001;4733.3999;4738.6001;393;unknown
2026.04.13 09:40;4738.2998;4738.8999;4733.2002;4736.7002;229;unknown
2026.04.13 09:45;4736.7002;4739.1001;4733.2998;4735.6001;197;unknown
2026.04.13 09:50;4735.0;4739.2002;4734.3999;4737.6001;146;unknown
2026.04.13 09:55;4737.1001;4739.2002;4736.7002;4737.3999;81;unknown
2026.04.13 10:00;4737.3999;4739.5;4737.0;4738.2002;183;unknown
2026.04.13 10:05;4738.3999;4741.3999;4736.5;4740.8999;188;unknown
2026.04.13 10:10;4740.5;4741.5;4737.0;4740.6001;184;unknown
2026.04.13 10:15;4740.6001;4740.6001;4734.8999;4735.2998;182;unknown
2026.04.13 10:20;4735.2002;4737.0;4733.0;4734.0;240;unknown
2026.04.13 10:25;4733.8999;4734.7998;4730.5;4734.7998;375;unknown
2026.04.13 10:30;4735.0;4738.2002;4734.0;4738.2002;159;unknown
2026.04.13 10:35;4738.7998;4739.7002;4737.2002;4739.7002;187;unknown
2026.04.13 10:40;4739.8999;4741.1001;4737.0;4740.7002;139;unknown
2026.04.13 10:45;4740.2998;4744.5;4739.7002;4744.2002;182;unknown
2026.04.13 10:50;4743.7002;4746.2002;4742.3999;4742.3999;221;unknown
2026.04.13 10:55;4742.7998;4744.3999;4741.6001;4744.2002;128;unknown
2026.04.13 11:00;4744.7998;4749.0;4743.7002;4747.7002;345;unknown
2026.04.13 11:05;4747.7002;4751.3999;4745.3999;4745.3999;242;unknown
2026.04.13 11:10;4745.7002;4746.0;4742.2002;4743.8999;161;unknown
2026.04.13 11:15;4744.2002;4745.5;4742.3999;4742.5;106;unknown
2026.04.13 11:20;4742.7998;4746.1001;4741.2002;4741.7002;219;unknown
2026.04.13 11:25;4742.6001;4743.3999;4740.5;4743.2002;236;unknown
2026.04.13 11:30;4742.6001;4744.3999;4741.3999;4742.0;152;unknown
2026.04.13 11:35;4742.0;4742.0;4732.8999;4734.2002;413;unknown
2026.04.13 11:40;4734.6001;4734.7998;4726.2002;4729.1001;818;unknown
2026.04.13 11:45;4729.5;4733.7002;4725.2002;4730.5;571;unknown
2026.04.13 11:50;4730.3999;4734.2998;4727.7002;4730.5;384;unknown
2026.04.13 11:55;4730.2002;4733.5;4726.7998;4729.1001;265;unknown
2026.04.13 12:00;4728.6001;4735.1001;4725.6001;4731.2998;649;unknown
2026.04.13 12:05;4732.1001;4737.5;4731.5;4736.7002;318;unknown
2026.04.13 12:10;4736.7002;4742.7998;4736.7002;4740.2002;589;unknown
2026.04.13 12:15;4739.7998;4740.3999;4735.5;4736.5;334;unknown
2026.04.13 12:20;4736.7998;4737.1001;4728.1001;4729.5;702;unknown
2026.04.13 12:25;4730.0;4733.6001;4726.1001;4732.7998;960;unknown
2026.04.13 12:30;4733.0;4738.2998;4732.0;4736.1001;521;unknown
2026.04.13 12:35;4736.1001;4738.5;4731.5;4734.0;313;unknown
2026.04.13 12:40;4734.1001;4739.0;4733.2998;4738.2002;252;unknown
2026.04.13 12:45;4737.8999;4744.7998;4737.7998;4744.0;606;unknown
2026.04.13 12:50;4743.8999;4747.5;4742.1001;4746.2998;366;unknown
2026.04.13 12:55;4746.5;4747.7998;4743.2002;4745.8999;447;unknown
2026.04.13 13:00;4745.7998;4753.6001;4745.2998;4750.1001;1175;unknown
2026.04.13 13:05;4750.1001;4754.6001;4749.7998;4751.7002;1195;unknown
2026.04.13 13:10;4751.5;4759.8999;4748.7998;4757.7998;790;unknown
2026.04.13 13:15;4758.1001;4760.7002;4755.2998;4758.7002;512;unknown
2026.04.13 13:20;4758.6001;4759.0;4752.1001;4754.5;701;unknown
2026.04.13 13:25;4754.1001;4758.0;4753.2998;4756.7002;483;unknown
2026.04.13 13:30;4757.1001;4761.5;4754.0;4757.0;1024;unknown
2026.04.13 13:35;4757.5;4758.3999;4750.1001;4750.7002;672;unknown
2026.04.13 13:40;4750.2002;4753.5;4747.5;4750.0;683;unknown
2026.04.13 13:45;4749.7002;4763.7002;4745.2998;4762.7998;2218;unknown
2026.04.13 13:50;4762.7998;4768.0;4743.0;4749.7002;3424;unknown
2026.04.13 13:55;4750.5;4755.0;4745.5;4753.2998;884;unknown
2026.04.13 14:00;4753.2002;4754.2998;4743.2998;4746.3999;1081;unknown
2026.04.13 14:05;4747.0;4750.6001;4744.0;4748.6001;804;unknown
2026.04.13 14:10;4748.1001;4751.8999;4746.7998;4750.8999;426;unknown
2026.04.13 14:15;4750.3999;4751.3999;4740.0;4742.0;752;unknown
2026.04.13 14:20;4741.8999;4744.5;4732.3999;4740.3999;948;unknown
2026.04.13 14:25;4740.1001;4740.8999;4736.2002;4738.2002;593;unknown
2026.04.13 14:30;4738.2998;4743.5;4731.8999;4743.0;968;unknown
2026.04.13 14:35;4742.8999;4743.7998;4738.0;4742.7002;663;unknown
2026.04.13 14:40;4741.7002;4745.7998;4740.1001;4745.0;433;unknown
2026.04.13 14:45;4744.7998;4747.5;4738.0;4738.3999;531;unknown
2026.04.13 14:50;4738.3999;4739.0;4733.0;4737.2002;833;unknown
2026.04.13 14:55;4736.8999;4743.6001;4734.8999;4742.2002;375;unknown
2026.04.13 15:00;4742.6001;4743.1001;4728.2998;4730.3999;886;unknown
2026.04.13 15:05;4730.6001;4731.2998;4722.5;4727.8999;1243;unknown
2026.04.13 15:10;4727.2998;4732.5;4725.8999;4729.8999;584;unknown
2026.04.13 15:15;4729.6001;4733.8999;4728.3999;4729.0;367;unknown
2026.04.13 15:20;4728.8999;4732.3999;4726.3999;4726.7998;232;unknown
2026.04.13 15:25;4726.6001;4728.3999;4725.1001;4726.1001;311;unknown
2026.04.13 15:30;4725.7002;4731.6001;4724.2002;4731.0;436;unknown
2026.04.13 15:35;4731.7998;4740.5;4731.7998;4738.0;643;unknown
2026.04.13 15:40;4738.3999;4738.7002;4732.7998;4734.3999;285;unknown
2026.04.13 15:45;4734.6001;4737.6001;4733.0;4737.3999;273;unknown
2026.04.13 15:50;4737.2002;4737.7998;4734.3999;4734.5;213;unknown
2026.04.13 15:55;4734.7002;4736.8999;4734.3999;4736.8999;150;unknown
2026.04.13 16:00;4737.2002;4738.2998;4732.2998;4733.6001;258;unknown
2026.04.13 16:05;4733.7998;4742.0;4731.5;4739.6001;795;unknown
2026.04.13 16:10;4738.8999;4743.2998;4737.3999;4742.2998;386;unknown
2026.04.13 16:15;4742.2998;4752.7002;4741.1001;4748.7002;1918;unknown
2026.04.13 16:20;4749.1001;4755.1001;4745.2998;4749.6001;908;unknown
2026.04.13 16:25;4749.7998;4757.5;4749.5;4754.0;1144;unknown
2026.04.13 16:30;4753.3999;4759.3999;4751.2998;4757.1001;2038;unknown
2026.04.13 16:35;4756.7002;4760.0;4754.8999;4758.7998;927;unknown
2026.04.13 16:40;4758.2002;4763.6001;4752.6001;4763.1001;1513;unknown
2026.04.13 16:45;4763.6001;4770.6001;4760.0;4761.5;2390;unknown
2026.04.13 16:50;4761.7002;4767.5;4758.6001;4760.8999;706;unknown
2026.04.13 16:55;4760.6001;4762.1001;4755.7002;4756.3999;1183;unknown
2026.04.13 17:00;4756.7002;4762.2002;4756.3999;4762.2002;616;unknown
2026.04.13 17:05;4761.8999;4761.8999;4748.3999;4752.0;1511;unknown
2026.04.13 17:10;4751.6001;4754.8999;4751.3999;4753.8999;426;unknown
2026.04.13 17:15;4754.0;4768.1001;4752.7002;4767.5;1672;unknown
2026.04.13 17:20;4767.7998;4771.7002;4764.7998;4768.7002;1855;unknown
2026.04.13 17:25;4768.3999;4774.3999;4766.3999;4766.7998;2377;unknown
2026.04.13 17:30;4766.5;4771.1001;4766.2998;4766.8999;539;unknown
2026.04.13 17:35;4767.0;4770.2998;4767.0;4769.7002;182;unknown
2026.04.13 17:40;4769.6001;4770.2998;4766.1001;4767.7002;267;unknown
2026.04.13 17:45;4767.7002;4767.7002;4760.2998;4762.2998;892;unknown
2026.04.13 17:50;4762.2998;4763.5;4750.6001;4753.5;1289;unknown
2026.04.13 17:55;4753.5;4755.2002;4752.1001;4753.2998;383;unknown
2026.04.13 18:00;4753.5;4756.6001;4752.6001;4755.6001;276;unknown
2026.04.13 18:05;4755.6001;4755.8999;4752.5;4753.0;175;unknown
2026.04.13 18:10;4753.7998;4755.5;4753.0;4753.6001;87;unknown
2026.04.13 18:15;4753.7002;4754.5;4747.7002;4747.7998;370;unknown
2026.04.13 18:20;4748.1001;4753.2998;4747.7002;4752.2002;239;unknown
2026.04.13 18:25;4751.7002;4752.0;4746.1001;4750.2002;291;unknown
2026.04.13 18:30;4750.6001;4757.1001;4750.0;4756.1001;275;unknown
2026.04.13 18:35;4756.1001;4758.2998;4754.2002;4754.8999;142;unknown
2026.04.13 18:40;4754.7998;4756.7002;4754.0;4756.7002;115;unknown
2026.04.13 18:45;4756.7998;4759.7002;4756.7998;4759.1001;151;unknown
2026.04.13 18:50;4758.7002;4763.5;4757.2002;4762.7002;279;unknown
2026.04.13 18:55;4762.7002;4764.2002;4760.3999;4762.0;268;unknown
2026.04.13 19:00;4762.0;4762.6001;4758.5;4758.7002;201;unknown
2026.04.13 19:05;4759.1001;4759.1001;4753.7998;4757.3999;219;unknown
2026.04.13 19:10;4757.6001;4758.2998;4755.7002;4758.0;157;unknown
2026.04.13 19:15;4758.3999;4761.2998;4758.3999;4760.2998;142;unknown
2026.04.13 19:20;4760.2998;4764.6001;4760.2998;4764.5;173;unknown
2026.04.13 19:25;4764.5;4767.6001;4764.3999;4766.2998;267;unknown
2026.04.13 19:30;4766.2998;4770.7002;4766.1001;4767.1001;407;unknown
2026.04.13 19:35;4766.7998;4769.0;4765.0;4765.0;147;unknown
2026.04.13 19:40;4764.8999;4766.1001;4762.2998;4765.5;164;unknown
2026.04.13 19:45;4765.2002;4765.6001;4763.1001;4765.0;188;unknown
2026.04.13 19:50;4765.0;4769.6001;4765.0;4768.2002;510;unknown
2026.04.13 19:55;4768.5;4769.7002;4763.7002;4765.5;570;unknown
2026.04.13 20:00;4765.2998;4767.5;4763.7998;4766.2002;161;unknown
2026.04.13 20:05;4766.1001;4767.5;4765.7002;4766.5;97;unknown
2026.04.13 20:10;4766.8999;4768.3999;4765.8999;4766.7002;93;unknown
2026.04.13 20:15;4766.6001;4766.7998;4765.3999;4765.3999;30;unknown
2026.04.13 20:20;4765.7002;4767.7002;4763.8999;4765.5;154;unknown
2026.04.13 20:25;4765.0;4765.0;4762.5;4763.5;116;unknown
2026.04.13 20:30;4763.2002;4764.5;4762.3999;4763.6001;63;unknown
2026.04.13 20:35;4763.2998;4764.2002;4762.3999;4762.3999;54;unknown
2026.04.13 20:40;4762.2998;4764.0;4762.2998;4763.6001;19;unknown
2026.04.13 20:45;4763.7002;4765.2998;4762.6001;4763.2002;94;unknown
2026.04.13 20:50;4763.2002;4765.7998;4762.2002;4764.7998;72;unknown
2026.04.13 20:55;4764.6001;4766.6001;4763.7998;4766.6001;138;unknown
2026.04.13 22:00;4769.2998;4780.5;4767.6001;4770.0;0;unknown
2026.04.13 22:05;4770.0;4774.6001;4770.0;4771.2002;93;unknown
2026.04.13 22:10;4773.0;4775.8999;4771.7998;4771.8999;78;unknown
2026.04.13 22:15;4772.3999;4773.6001;4770.5;4772.2998;96;unknown
2026.04.13 22:20;4772.2998;4772.6001;4769.7998;4770.6001;67;unknown
2026.04.13 22:25;4771.3999;4772.6001;4769.2002;4771.7998;141;unknown
2026.04.13 22:30;4772.2002;4773.5;4770.6001;4771.2002;81;unknown
2026.04.13 22:35;4771.6001;4773.2002;4770.0;4771.3999;64;unknown
2026.04.13 22:40;4771.1001;4774.2002;4771.1001;4774.0;87;unknown
2026.04.13 22:45;4774.2002;4776.7998;4772.7998;4775.2002;122;unknown
2026.04.13 22:50;4775.5;4779.7002;4775.3999;4779.1001;180;unknown
2026.04.13 22:55;4779.3999;4783.2998;4779.1001;4782.0;324;unknown
2026.04.13 23:00;4782.0;4788.7998;4782.0;4788.2002;406;unknown
2026.04.13 23:05;4788.0;4789.5;4786.1001;4788.7002;229;unknown
2026.04.13 23:10;4788.2998;4789.7002;4786.1001;4786.7998;187;unknown
2026.04.13 23:15;4786.6001;4787.1001;4783.6001;4784.2002;172;unknown
2026.04.13 23:20;4784.0;4784.0;4781.2002;4782.5;123;unknown
2026.04.13 23:25;4782.7998;4782.7998;4778.3999;4779.0;174;unknown
2026.04.13 23:30;4779.1001;4782.0;4778.2002;4778.6001;194;unknown
2026.04.13 23:35;4778.6001;4783.7998;4778.2002;4783.2998;139;unknown
2026.04.13 23:40;4783.6001;4785.2998;4783.1001;4783.2998;103;unknown
2026.04.13 23:45;4783.3999;4785.6001;4782.2998;4782.2998;129;unknown
2026.04.13 23:50;4781.8999;4784.1001;4780.3999;4783.0;89;unknown
2026.04.13 23:55;4782.2002;4782.5;4780.7002;4781.2998;108;unknown
2026.04.14 00:00;4781.7002;4781.7002;4775.5;4779.1001;288;unknown
2026.04.14 00:05;4778.7002;4781.7002;4776.2998;4779.7998;218;unknown
2026.04.14 00:10;4780.1001;4783.7998;4779.1001;4783.3999;205;unknown
2026.04.14 00:15;4783.3999;4788.5;4783.3999;4787.5;254;unknown
2026.04.14 00:20;4787.6001;4789.0;4785.0;4786.8999;172;unknown
2026.04.14 00:25;4786.8999;4791.6001;4782.8999;4786.2002;369;unknown
2026.04.14 00:30;4786.3999;4792.7002;4784.7998;4789.8999;398;unknown
2026.04.14 00:35;4789.5;4795.0;4789.5;4795.0;217;unknown
2026.04.14 00:40;4795.2002;4799.3999;4793.2998;4793.8999;669;unknown
2026.04.14 00:45;4793.2998;4795.2998;4791.7998;4794.2002;265;unknown
2026.04.14 00:50;4794.0;4795.2998;4791.7998;4793.5;127;unknown
2026.04.14 00:55;4793.7002;4795.1001;4792.1001;4792.7002;208;unknown
2026.04.14 01:00;4792.7002;4794.3999;4785.7002;4790.8999;618;unknown
2026.04.14 01:05;4791.5;4799.8999;4790.8999;4798.0;272;unknown
2026.04.14 01:10;4798.3999;4802.7998;4793.3999;4798.8999;639;unknown
2026.04.14 01:15;4799.2002;4801.6001;4793.8999;4795.2002;335;unknown
2026.04.14 01:20;4794.2002;4797.0;4792.3999;4792.8999;244;unknown
2026.04.14 01:25;4793.0;4797.7002;4792.7998;4793.6001;243;unknown
2026.04.14 01:30;4793.6001;4794.2002;4786.8999;4788.3999;379;unknown
2026.04.14 01:35;4789.2998;4792.7002;4787.6001;4790.6001;178;unknown
2026.04.14 01:40;4791.2002;4795.8999;4791.2002;4795.8999;230;unknown
2026.04.14 01:45;4795.5;4796.2002;4789.7002;4791.3999;168;unknown
2026.04.14 01:50;4789.8999;4791.2002;4786.6001;4787.3999;274;unknown
2026.04.14 01:55;4787.3999;4789.5;4784.1001;4787.2002;259;unknown
2026.04.14 02:00;4787.1001;4789.1001;4785.0;4788.1001;289;unknown
2026.04.14 02:05;4788.2998;4793.7002;4788.2998;4791.3999;269;unknown
2026.04.14 02:10;4791.3999;4792.7998;4789.7998;4790.1001;87;unknown
2026.04.14 02:15;4790.2002;4795.0;4790.1001;4793.5;163;unknown
2026.04.14 02:20;4793.5;4793.5;4790.7002;4791.8999;75;unknown
2026.04.14 02:25;4791.8999;4792.3999;4790.3999;4791.6001;82;unknown
2026.04.14 02:30;4791.3999;4791.3999;4784.2998;4789.0;313;unknown
2026.04.14 02:35;4789.7002;4791.7998;4788.2002;4790.0;157;unknown
2026.04.14 02:40;4790.8999;4795.2998;4789.0;4794.8999;161;unknown
2026.04.14 02:45;4795.1001;4799.7002;4795.0;4798.6001;247;unknown
2026.04.14 02:50;4798.3999;4800.3999;4797.0;4797.0;309;unknown
2026.04.14 02:55;4797.0;4798.6001;4796.0;4797.6001;125;unknown
2026.04.14 03:00;4797.7002;4797.7998;4793.7998;4795.1001;180;unknown
2026.04.14 03:05;4794.7998;4795.5;4791.2998;4791.2998;79;unknown
2026.04.14 03:10;4791.5;4793.0;4790.7998;4791.1001;63;unknown
2026.04.14 03:15;4791.7002;4792.0;4788.6001;4792.0;171;unknown
2026.04.14 03:20;4792.3999;4793.5;4790.8999;4791.8999;87;unknown
2026.04.14 03:25;4791.1001;4791.2002;4788.0;4790.6001;151;unknown
2026.04.14 03:30;4790.5;4791.7002;4787.8999;4789.7002;77;unknown
2026.04.14 03:35;4789.2002;4789.8999;4788.6001;4789.1001;47;unknown
2026.04.14 03:40;4788.7998;4791.2002;4787.8999;4790.2998;104;unknown
2026.04.14 03:45;4790.2002;4793.6001;4790.0;4793.6001;74;unknown
2026.04.14 03:50;4793.7002;4794.2002;4792.3999;4793.5;92;unknown
2026.04.14 03:55;4793.5;4794.2002;4792.0;4792.2998;25;unknown
2026.04.14 04:00;4790.0;4792.6001;4789.2002;4790.7002;137;unknown
2026.04.14 04:05;4790.1001;4790.3999;4789.7002;4789.7998;41;unknown
2026.04.14 04:10;4789.8999;4791.5;4789.8999;4791.0;37;unknown
2026.04.14 04:15;4791.2002;4795.7998;4791.2002;4795.5;96;unknown
2026.04.14 04:20;4795.8999;4797.5;4795.5;4796.2002;110;unknown
2026.04.14 04:25;4796.7002;4799.2002;4796.2998;4798.2002;129;unknown
2026.04.14 04:30;4798.1001;4798.6001;4795.6001;4796.2998;116;unknown
2026.04.14 04:35;4796.3999;4797.2998;4793.5;4795.2002;143;unknown
2026.04.14 04:40;4795.0;4795.6001;4794.2998;4795.6001;64;unknown
2026.04.14 04:45;4795.7002;4798.2998;4795.1001;4797.7002;139;unknown
2026.04.14 04:50;4797.7998;4798.2998;4796.1001;4797.0;82;unknown
2026.04.14 04:55;4797.1001;4797.2002;4796.2998;4796.2998;23;unknown
2026.04.14 05:00;4796.1001;4796.2998;4792.6001;4795.0;154;unknown
2026.04.14 05:05;4794.8999;4794.8999;4789.5;4789.7002;154;unknown
2026.04.14 05:10;4789.7998;4790.3999;4785.3999;4787.7998;224;unknown
2026.04.14 05:15;4787.8999;4789.8999;4787.1001;4788.7002;100;unknown
2026.04.14 05:20;4789.0;4790.5;4786.8999;4786.8999;79;unknown
2026.04.14 05:25;4787.0;4787.1001;4783.6001;4786.5;272;unknown
2026.04.14 05:30;4786.7002;4789.3999;4782.2998;4783.8999;314;unknown
2026.04.14 05:35;4783.2998;4785.6001;4780.2998;4781.3999;287;unknown
2026.04.14 05:40;4781.2998;4784.7002;4780.0;4783.2002;289;unknown
2026.04.14 05:45;4783.1001;4788.8999;4781.3999;4786.0;331;unknown
2026.04.14 05:50;4785.8999;4788.7998;4783.7002;4783.7998;180;unknown
2026.04.14 05:55;4784.1001;4785.3999;4782.0;4782.2998;200;unknown
2026.04.14 06:00;4782.6001;4789.3999;4782.3999;4786.8999;453;unknown
2026.04.14 06:05;4787.3999;4792.6001;4787.0;4792.1001;294;unknown
2026.04.14 06:10;4792.0;4792.2998;4787.7998;4788.7002;209;unknown
2026.04.14 06:15;4788.2998;4788.5;4786.1001;4786.8999;102;unknown
2026.04.14 06:20;4786.7002;4789.8999;4786.6001;4787.7002;174;unknown
2026.04.14 06:25;4787.5;4790.8999;4787.2998;4790.6001;148;unknown
2026.04.14 06:30;4790.6001;4790.7002;4787.3999;4787.8999;100;unknown
2026.04.14 06:35;4788.2998;4790.5;4787.1001;4790.2002;163;unknown
2026.04.14 06:40;4790.7002;4793.2002;4790.2002;4792.8999;293;unknown
2026.04.14 06:45;4792.7998;4797.2998;4792.1001;4796.2002;493;unknown
2026.04.14 06:50;4796.2002;4804.7002;4793.7998;4802.7002;733;unknown
2026.04.14 06:55;4802.2002;4806.2998;4801.7998;4805.3999;460;unknown
2026.04.14 07:00;4805.3999;4813.8999;4804.5;4810.3999;1013;unknown
2026.04.14 07:05;4811.0;4820.3999;4810.5;4817.3999;1321;unknown
2026.04.14 07:10;4816.8999;4816.8999;4809.6001;4814.1001;772;unknown
2026.04.14 07:15;4814.1001;4815.3999;4808.1001;4808.7998;561;unknown
2026.04.14 07:20;4808.8999;4810.7998;4795.1001;4796.3999;1456;unknown
2026.04.14 07:25;4796.0;4797.8999;4790.8999;4795.8999;1272;unknown
2026.04.14 07:30;4795.6001;4798.7002;4795.2998;4795.5;457;unknown
2026.04.14 07:35;4795.7002;4800.5;4794.7002;4800.5;232;unknown
2026.04.14 07:40;4800.7998;4802.8999;4797.1001;4801.1001;381;unknown
2026.04.14 07:45;4800.5;4803.7002;4800.1001;4800.8999;598;unknown
2026.04.14 07:50;4800.3999;4801.3999;4797.1001;4798.1001;573;unknown
2026.04.14 07:55;4798.3999;4802.5;4796.6001;4800.2002;286;unknown
2026.04.14 08:00;4799.6001;4801.2002;4797.2002;4800.7998;204;unknown
2026.04.14 08:05;4801.0;4805.5;4800.7002;4803.3999;338;unknown
2026.04.14 08:10;4803.6001;4807.1001;4801.5;4803.5;377;unknown
2026.04.14 08:15;4804.0;4804.3999;4801.0;4803.0;167;unknown
2026.04.14 08:20;4803.1001;4805.2998;4798.8999;4800.7002;480;unknown
2026.04.14 08:25;4801.5;4809.8999;4801.5;4808.7998;282;unknown
2026.04.14 08:30;4809.6001;4812.8999;4808.3999;4812.2998;424;unknown
2026.04.14 08:35;4812.5;4813.7002;4809.2998;4811.5;310;unknown
2026.04.14 08:40;4811.2998;4811.5;4806.1001;4808.1001;220;unknown
2026.04.14 08:45;4808.6001;4809.6001;4807.0;4807.8999;153;unknown
2026.04.14 08:50;4808.2002;4809.0;4805.2002;4808.2002;202;unknown
2026.04.14 08:55;4808.1001;4810.0;4804.8999;4810.0;323;unknown
2026.04.14 09:00;4810.5;4811.6001;4807.5;4809.2002;322;unknown
2026.04.14 09:05;4809.2002;4809.7998;4803.2002;4809.2002;433;unknown
2026.04.14 09:10;4809.2998;4809.7998;4807.2998;4809.5;219;unknown
2026.04.14 09:15;4809.5;4811.1001;4808.5;4809.1001;208;unknown
2026.04.14 09:20;4808.7998;4813.0;4806.7002;4810.7002;347;unknown
2026.04.14 09:25;4810.0;4810.1001;4802.0;4802.0;403;unknown
2026.04.14 09:30;4802.0;4802.6001;4794.7998;4797.7998;1218;unknown
2026.04.14 09:35;4797.3999;4803.1001;4796.7002;4801.8999;592;unknown
2026.04.14 09:40;4801.8999;4802.5;4798.8999;4801.5;187;unknown
2026.04.14 09:45;4801.2002;4801.7002;4796.2998;4799.2998;421;unknown
2026.04.14 09:50;4799.5;4801.7998;4799.1001;4800.3999;245;unknown
2026.04.14 09:55;4800.6001;4805.6001;4800.2998;4801.6001;665;unknown
2026.04.14 10:00;4801.7002;4805.2998;4801.7002;4803.2998;211;unknown
2026.04.14 10:05;4803.5;4807.7998;4803.2998;4807.3999;244;unknown
2026.04.14 10:10;4808.0;4808.1001;4803.3999;4805.3999;235;unknown
2026.04.14 10:15;4805.3999;4810.6001;4804.6001;4810.3999;237;unknown
2026.04.14 10:20;4810.0;4811.1001;4806.2002;4807.2998;152;unknown
2026.04.14 10:25;4807.2002;4808.6001;4803.2002;4807.2002;183;unknown
2026.04.14 10:30;4806.7002;4807.5;4805.0;4806.7998;97;unknown
2026.04.14 10:35;4806.8999;4807.0;4773.2998;4786.1001;2414;unknown
2026.04.14 10:40;4786.1001;4790.8999;4779.1001;4789.1001;1725;unknown
2026.04.14 10:45;4789.2998;4792.5;4789.0;4792.2002;495;unknown
2026.04.14 10:50;4792.5;4795.2998;4791.6001;4793.1001;247;unknown
2026.04.14 10:55;4792.6001;4794.7998;4790.8999;4791.1001;164;unknown
2026.04.14 11:00;4790.6001;4794.0;4789.3999;4793.7998;235;unknown
2026.04.14 11:05;4793.2998;4799.3999;4792.7002;4798.7002;480;unknown
2026.04.14 11:10;4798.8999;4799.7002;4797.8999;4799.3999;159;unknown
2026.04.14 11:15;4799.3999;4801.2002;4797.8999;4799.2998;178;unknown
2026.04.14 11:20;4799.7002;4802.5;4799.0;4800.7998;134;unknown
2026.04.14 11:25;4801.2002;4805.7998;4799.2002;4800.8999;754;unknown
2026.04.14 11:30;4801.0;4801.2998;4795.8999;4796.2002;288;unknown
2026.04.14 11:35;4796.1001;4800.5;4795.8999;4800.2002;188;unknown
2026.04.14 11:40;4800.2002;4802.3999;4799.2998;4800.3999;368;unknown
2026.04.14 11:45;4773.155;4775.555;4773.155;4775.555;0;unknown
2026.04.14 11:50;4776.635;4778.505;4776.635;4778.505;0;unknown
2026.04.14 11:55;4779.405;4780.115;4779.405;4780.115;0;unknown
2026.04.14 12:00;4780.845;4780.845;4780.845;4780.845;0;unknown
2026.04.14 12:05;4780.175;4783.065;4780.175;4783.065;0;unknown
2026.04.14 12:10;4784.425;4784.425;4783.125;4783.215;0;unknown
2026.04.14 12:15;4782.865;4782.865;4782.865;4782.865;0;unknown
2026.04.14 12:20;4787.345;4787.345;4787.345;4787.345;0;unknown
2026.04.14 12:25;4788.3999;4792.7002;4787.2002;4790.8999;718;unknown
2026.04.14 12:30;4790.7002;4798.3999;4790.6001;4797.6001;809;unknown
2026.04.14 12:35;4776.965;4776.965;4776.965;4776.965;0;unknown
2026.04.14 12:40;4766.555;4767.365;4766.555;4767.365;0;unknown
2026.04.14 12:45;4791.1001;4796.1001;4788.0;4794.7002;575;unknown
2026.04.14 12:50;4795.2002;4795.2998;4784.2002;4787.0;858;unknown
2026.04.14 12:55;4787.1001;4793.6001;4786.2002;4793.2998;324;unknown
2026.04.14 13:00;4768.585;4770.175;4768.585;4770.175;0;unknown
2026.04.14 13:05;4799.5;4800.1001;4796.0;4799.0;431;unknown
2026.04.14 13:10;4799.2002;4804.6001;4798.7998;4804.2998;663;unknown
2026.04.14 13:15;4804.5;4810.2998;4803.2998;4809.7998;1210;unknown
2026.04.14 13:20;4810.1001;4815.7998;4809.0;4814.2998;1182;unknown
2026.04.14 13:25;4814.2002;4814.6001;4804.6001;4805.7998;783;unknown
2026.04.14 13:30;4805.2998;4817.2002;4802.8999;4817.2002;1313;unknown
2026.04.14 13:35;4816.8999;4828.8999;4812.6001;4813.7002;3642;unknown
2026.04.14 13:40;4813.1001;4817.3999;4810.0;4816.7002;1417;unknown
2026.04.14 13:45;4816.5;4818.7002;4814.0;4817.1001;599;unknown
2026.04.14 13:50;4818.0;4819.3999;4812.7998;4816.6001;449;unknown
2026.04.14 13:55;4816.6001;4820.5;4813.8999;4818.7998;1242;unknown
2026.04.14 14:00;4818.3999;4827.7998;4818.2998;4819.7998;2544;unknown
2026.04.14 14:05;4819.8999;4826.2998;4816.7002;4826.0;809;unknown
2026.04.14 14:10;4826.0;4826.2998;4817.6001;4818.7002;1075;unknown
2026.04.14 14:15;4818.7002;4831.0;4818.7002;4828.5;1613;unknown
2026.04.14 14:20;4828.2998;4829.2002;4822.3999;4824.3999;1425;unknown
2026.04.14 14:25;4824.5;4834.6001;4823.3999;4833.0;1975;unknown
2026.04.14 14:30;4833.0;4840.7002;4830.0;4837.5;1505;unknown
2026.04.14 14:35;4837.7998;4842.0;4825.2998;4828.2998;1810;unknown
2026.04.14 14:40;4827.8999;4828.3999;4821.7998;4822.2002;792;unknown
2026.04.14 14:45;4822.7002;4824.7002;4818.7002;4823.1001;841;unknown
2026.04.14 14:50;4823.0;4825.2998;4820.0;4825.2998;674;unknown
2026.04.14 14:55;4825.2002;4830.2998;4824.7002;4827.2998;667;unknown
2026.04.14 15:00;4827.2998;4827.5;4819.5;4819.7998;717;unknown
2026.04.14 15:05;4819.6001;4821.7002;4815.0;4816.0;925;unknown
2026.04.14 15:10;4779.075;4779.075;4779.075;4779.075;0;unknown
2026.04.14 15:15;4817.7002;4824.5;4816.2998;4823.8999;484;unknown
2026.04.14 15:20;4824.0;4829.2998;4822.7998;4826.7998;639;unknown
2026.04.14 15:25;4827.5;4828.2998;4824.1001;4826.2002;563;unknown
2026.04.14 15:30;4826.2998;4833.8999;4826.2998;4831.1001;945;unknown
2026.04.14 15:35;4831.1001;4837.2002;4831.0;4835.0;729;unknown
2026.04.14 15:40;4835.2002;4835.7002;4830.6001;4832.6001;580;unknown
2026.04.14 15:45;4832.8999;4834.8999;4830.6001;4831.7998;351;unknown
2026.04.14 15:50;4831.7998;4839.7998;4831.5;4834.0;1212;unknown
2026.04.14 15:55;4834.3999;4835.1001;4830.0;4831.8999;423;unknown
2026.04.14 16:00;4795.455;4795.455;4795.455;4795.455;0;unknown
2026.04.14 16:05;4795.525;4795.525;4795.525;4795.525;0;unknown
2026.04.14 16:10;4834.5;4834.6001;4830.3999;4832.8999;382;unknown
2026.04.14 16:15;4833.0;4840.7998;4830.2998;4839.2002;846;unknown
2026.04.14 16:20;4839.2002;4840.3999;4833.2002;4839.3999;757;unknown
2026.04.14 16:25;4839.5;4842.6001;4838.3999;4839.7998;580;unknown
2026.04.14 16:30;4810.945;4810.945;4810.945;4810.945;0;unknown
2026.04.14 16:35;4839.0;4840.2998;4836.6001;4839.3999;395;unknown
2026.04.14 16:40;4801.365;4803.445;4801.365;4803.445;0;unknown
2026.04.14 16:45;4838.6001;4838.6001;4834.1001;4838.0;458;unknown
2026.04.14 16:50;4838.2002;4843.7002;4835.8999;4837.1001;715;unknown
2026.04.14 16:55;4837.0;4837.0;4832.5;4833.5;433;unknown
2026.04.14 17:00;4796.985;4796.985;4796.985;4796.985;0;unknown
2026.04.14 17:05;4838.8999;4857.2998;4838.8999;4853.7002;4016;unknown
2026.04.14 17:10;4853.7002;4860.0;4851.1001;4851.1001;1343;unknown
2026.04.14 17:15;4851.2002;4852.2998;4849.1001;4851.6001;1124;unknown
2026.04.14 17:20;4851.6001;4855.3999;4850.3999;4854.6001;1091;unknown
2026.04.14 17:25;4855.2002;4856.1001;4848.7998;4849.7998;2067;unknown
2026.04.14 17:30;4807.015;4808.455;4807.015;4808.455;0;unknown
2026.04.14 17:35;4855.7998;4864.6001;4855.0;4862.2002;1433;unknown
2026.04.14 17:40;4810.505;4810.505;4810.505;4810.505;0;unknown
2026.04.14 17:45;4861.8999;4863.8999;4860.7998;4862.3999;266;unknown
2026.04.14 17:50;4812.185;4812.185;4812.185;4812.185;0;unknown
2026.04.14 17:55;4808.785;4810.085;4808.785;4810.085;0;unknown
2026.04.14 18:00;4812.085;4812.085;4812.085;4812.085;0;unknown
2026.04.14 18:05;4810.785;4810.785;4810.785;4810.785;0;unknown
2026.04.14 18:10;4867.2002;4867.7998;4860.2998;4863.3999;628;unknown
2026.04.14 18:15;4808.095;4808.095;4808.095;4808.095;0;unknown
2026.04.14 18:20;4860.3999;4862.0;4857.6001;4859.8999;619;unknown
2026.04.14 18:25;4859.8999;4864.3999;4858.8999;4862.1001;333;unknown
2026.04.14 18:30;4862.1001;4863.2002;4860.7002;4861.3999;181;unknown
2026.04.14 18:35;4861.8999;4863.7998;4861.3999;4861.8999;226;unknown
2026.04.14 18:40;4862.0;4862.7002;4858.5;4859.2002;183;unknown
2026.04.14 18:45;4859.2998;4860.0;4857.5;4858.2002;234;unknown
2026.04.14 18:50;4857.8999;4859.0;4855.2002;4858.7002;478;unknown
2026.04.14 18:55;4858.7002;4861.0;4858.7002;4860.1001;153;unknown
2026.04.14 19:00;4815.575;4815.575;4815.575;4815.575;0;unknown
2026.04.14 19:05;4865.5;4866.0;4864.0;4866.0;214;unknown
2026.04.14 19:10;4865.7998;4867.0;4865.2002;4865.7998;191;unknown
2026.04.14 19:15;4865.7002;4867.1001;4863.2998;4863.8999;206;unknown
2026.04.14 19:20;4864.2998;4866.6001;4863.7998;4864.5;214;unknown
2026.04.14 19:25;4864.2002;4865.7002;4862.6001;4865.0;222;unknown
2026.04.14 19:30;4864.8999;4868.2998;4863.7002;4863.7998;330;unknown
2026.04.14 19:35;4864.1001;4866.6001;4862.8999;4866.2002;167;unknown
2026.04.14 19:40;4866.3999;4867.1001;4864.2002;4865.0;200;unknown
2026.04.14 19:45;4865.2002;4866.8999;4863.6001;4866.8999;324;unknown
2026.04.14 19:50;4866.8999;4868.3999;4864.7002;4864.7998;339;unknown
2026.04.14 19:55;4864.8999;4870.0;4864.7002;4868.7002;627;unknown
2026.04.14 20:00;4869.2002;4870.2998;4866.2998;4866.8999;223;unknown
2026.04.14 20:05;4867.1001;4868.2998;4865.5;4867.3999;141;unknown
2026.04.14 20:10;4867.2002;4867.3999;4865.5;4866.2998;126;unknown
2026.04.14 20:15;4866.6001;4866.8999;4863.0;4864.6001;174;unknown
2026.04.14 20:20;4864.7998;4865.2998;4863.2998;4865.2998;82;unknown
2026.04.14 20:25;4865.1001;4865.1001;4863.2002;4863.7998;80;unknown
2026.04.14 20:30;4864.2998;4864.7002;4863.7002;4864.1001;33;unknown
2026.04.14 20:35;4864.1001;4864.7998;4863.6001;4863.6001;92;unknown
2026.04.14 20:40;4863.3999;4867.0;4863.3999;4866.0;133;unknown
2026.04.14 20:45;4865.5;4866.8999;4864.8999;4865.3999;193;unknown
2026.04.14 20:50;4864.8999;4865.7002;4863.7002;4865.3999;88;unknown
2026.04.14 20:55;4865.2002;4865.7002;4863.7002;4864.5;194;unknown
2026.04.14 22:00;4862.7002;4874.6001;4860.7998;4872.7998;0;unknown
2026.04.14 22:05;4873.0;4874.3999;4869.2998;4870.7002;223;unknown
2026.04.14 22:10;4870.7002;4872.6001;4866.2998;4868.1001;127;unknown
2026.04.14 22:15;4868.7998;4870.7998;4860.7998;4860.8999;356;unknown
2026.04.14 22:20;4860.6001;4866.3999;4859.7002;4866.2998;161;unknown
2026.04.14 22:25;4866.0;4866.5;4863.2002;4863.2002;40;unknown
2026.04.14 22:30;4863.1001;4867.3999;4861.5;4862.6001;242;unknown
2026.04.14 22:35;4862.5;4865.0;4862.0;4864.1001;196;unknown
2026.04.14 22:40;4863.3999;4865.8999;4862.8999;4864.5;110;unknown
2026.04.14 22:45;4864.0;4864.0;4861.5;4861.6001;111;unknown
2026.04.14 22:50;4861.6001;4862.6001;4858.7998;4860.0;420;unknown
2026.04.14 22:55;4860.2002;4861.1001;4857.2002;4859.5;257;unknown
2026.04.14 23:00;4859.1001;4862.3999;4857.5;4861.2002;144;unknown
2026.04.14 23:05;4861.7002;4868.2002;4861.2002;4863.6001;307;unknown
2026.04.14 23:10;4863.6001;4864.3999;4860.0;4861.2002;177;unknown
2026.04.14 23:15;4861.1001;4864.0;4859.6001;4862.6001;249;unknown
2026.04.14 23:20;4862.0;4863.3999;4860.8999;4862.5;230;unknown
2026.04.14 23:25;4863.0;4863.0;4859.2002;4860.0;340;unknown
2026.04.14 23:30;4860.2002;4866.5;4859.5;4865.5;192;unknown
2026.04.14 23:35;4866.1001;4867.7002;4863.2998;4867.1001;302;unknown
2026.04.14 23:40;4866.7998;4867.0;4862.2002;4866.7998;128;unknown
2026.04.14 23:45;4867.0;4869.0;4865.3999;4866.0;207;unknown
2026.04.14 23:50;4865.6001;4866.5;4862.5;4863.1001;112;unknown
2026.04.14 23:55;4862.7002;4864.2998;4860.7998;4861.7002;85;unknown
2026.04.15 00:00;4861.5;4863.3999;4857.0;4863.0;334;unknown
2026.04.15 00:05;4862.3999;4864.1001;4858.3999;4858.3999;173;unknown
2026.04.15 00:10;4859.3999;4859.7002;4855.7998;4858.2002;189;unknown
2026.04.15 00:15;4858.0;4858.0;4853.2998;4857.5;330;unknown
2026.04.15 00:20;4857.2002;4860.3999;4857.2002;4860.0;175;unknown
2026.04.15 00:25;4860.1001;4860.7998;4852.7998;4858.2002;299;unknown
2026.04.15 00:30;4858.0;4858.0;4852.7998;4855.5;174;unknown
2026.04.15 00:35;4855.1001;4855.6001;4851.6001;4853.3999;151;unknown
2026.04.15 00:40;4854.0;4854.8999;4852.7998;4854.5;194;unknown
2026.04.15 00:45;4854.8999;4856.7002;4853.6001;4855.2002;181;unknown
2026.04.15 00:50;4854.5;4856.6001;4853.7002;4855.1001;134;unknown
2026.04.15 00:55;4855.8999;4861.7998;4855.7998;4859.7002;286;unknown
2026.04.15 01:00;4860.1001;4862.5;4852.5;4858.8999;453;unknown
2026.04.15 01:05;4859.6001;4865.0;4855.7002;4864.7998;361;unknown
2026.04.15 01:10;4865.0;4877.2998;4863.7002;4874.5;1251;unknown
2026.04.15 01:15;4874.3999;4895.3999;4872.0;4887.7998;2096;unknown
2026.04.15 01:20;4888.1001;4889.1001;4865.8999;4867.0;1804;unknown
2026.04.15 01:25;4867.7002;4878.2998;4867.7002;4874.2998;745;unknown
2026.04.15 01:30;4873.8999;4873.8999;4868.5;4871.7998;394;unknown
2026.04.15 01:35;4871.8999;4873.0;4867.3999;4869.7998;267;unknown
2026.04.15 01:40;4869.1001;4875.2998;4866.0;4867.1001;325;unknown
2026.04.15 01:45;4867.7002;4870.1001;4863.5;4868.5;434;unknown
2026.04.15 01:50;4868.1001;4871.7002;4867.6001;4868.3999;171;unknown
2026.04.15 01:55;4868.7998;4872.6001;4866.2998;4871.0;194;unknown
2026.04.15 02:00;4870.2998;4873.1001;4868.8999;4872.0;249;unknown
2026.04.15 02:05;4871.7998;4877.2002;4871.2002;4874.7998;357;unknown
2026.04.15 02:10;4874.7002;4875.0;4868.3999;4868.3999;379;unknown
2026.04.15 02:15;4868.7998;4869.3999;4864.8999;4866.2998;173;unknown
2026.04.15 02:20;4867.3999;4867.5;4859.6001;4860.7002;360;unknown
2026.04.15 02:25;4860.7998;4861.2002;4856.3999;4858.8999;265;unknown
2026.04.15 02:30;4858.8999;4859.2002;4848.0;4851.7002;795;unknown
2026.04.15 02:35;4851.0;4853.8999;4845.1001;4853.2998;839;unknown
2026.04.15 02:40;4853.2998;4855.0;4848.6001;4852.7998;307;unknown
2026.04.15 02:45;4852.0;4854.6001;4848.7002;4851.8999;191;unknown
2026.04.15 02:50;4853.2002;4854.0;4846.2002;4848.6001;255;unknown
2026.04.15 02:55;4847.7998;4850.0;4844.5;4847.7002;347;unknown
2026.04.15 03:00;4848.2002;4848.8999;4841.0;4841.7998;587;unknown
2026.04.15 03:05;4841.2998;4845.2998;4841.0;4843.2998;441;unknown
2026.04.15 03:10;4843.7998;4847.7002;4842.6001;4845.5;429;unknown
2026.04.15 03:15;4845.1001;4852.1001;4845.1001;4850.3999;310;unknown
2026.04.15 03:20;4850.3999;4850.3999;4846.6001;4846.7002;159;unknown
2026.04.15 03:25;4847.1001;4852.2002;4847.1001;4850.7998;228;unknown
2026.04.15 03:30;4850.7002;4852.8999;4850.2002;4850.3999;169;unknown
2026.04.15 03:35;4850.6001;4853.0;4850.6001;4852.1001;107;unknown
2026.04.15 03:40;4852.2002;4853.0;4849.7002;4852.6001;147;unknown
2026.04.15 03:45;4852.6001;4853.6001;4850.2998;4851.0;150;unknown
2026.04.15 03:50;4850.7998;4852.8999;4850.0;4850.7998;153;unknown
2026.04.15 03:55;4850.6001;4851.8999;4849.5;4849.6001;48;unknown
2026.04.15 04:00;4848.0;4848.0;4844.5;4845.8999;215;unknown
2026.04.15 04:05;4845.7002;4848.0;4844.8999;4847.6001;103;unknown
2026.04.15 04:10;4848.1001;4850.5;4848.1001;4849.7002;55;unknown
2026.04.15 04:15;4849.6001;4851.0;4846.6001;4847.5;114;unknown
2026.04.15 04:20;4847.0;4848.6001;4845.7002;4847.7998;55;unknown
2026.04.15 04:25;4847.5;4849.5;4846.8999;4848.3999;62;unknown
2026.04.15 04:30;4848.7002;4851.0;4848.5;4850.6001;133;unknown
2026.04.15 04:35;4850.3999;4851.6001;4848.7002;4849.6001;60;unknown
2026.04.15 04:40;4849.5;4849.5;4847.1001;4847.2002;46;unknown
2026.04.15 04:45;4847.2002;4849.5;4845.1001;4849.2998;104;unknown
2026.04.15 04:50;4826.465;4826.465;4826.465;4826.465;0;unknown
2026.04.15 04:55;4848.8999;4850.5;4847.3999;4848.8999;101;unknown
2026.04.15 05:00;4817.375;4817.375;4817.375;4817.375;0;unknown
2026.04.15 05:05;4849.2998;4851.6001;4846.2998;4849.0;117;unknown
2026.04.15 05:10;4849.6001;4851.8999;4848.5;4850.2998;132;unknown
2026.04.15 05:15;4850.2002;4854.2998;4850.2002;4854.2998;118;unknown
2026.04.15 05:20;4853.8999;4853.8999;4847.8999;4849.0;190;unknown
2026.04.15 05:25;4848.7002;4852.7998;4848.2998;4849.7002;143;unknown
2026.04.15 05:30;4850.0;4851.5;4845.8999;4850.5;222;unknown
2026.04.15 05:35;4850.2002;4850.2002;4837.0;4843.8999;726;unknown
2026.04.15 05:40;4843.3999;4844.7002;4835.8999;4840.5;279;unknown
2026.04.15 05:45;4840.3999;4843.1001;4837.7002;4840.8999;423;unknown
2026.04.15 05:50;4841.2002;4845.5;4838.7002;4844.8999;298;unknown
2026.04.15 05:55;4845.2998;4847.1001;4843.0;4843.2998;347;unknown
2026.04.15 06:00;4843.3999;4848.5;4843.0;4844.8999;413;unknown
2026.04.15 06:05;4844.7998;4844.7998;4840.3999;4841.1001;122;unknown
2026.04.15 06:10;4841.2002;4844.3999;4840.1001;4842.7998;192;unknown
2026.04.15 06:15;4843.0;4843.1001;4839.7002;4840.3999;175;unknown
2026.04.15 06:20;4840.0;4841.0;4837.2002;4838.3999;238;unknown
2026.04.15 06:25;4838.8999;4840.2998;4837.2002;4838.5;119;unknown
2026.04.15 06:30;4838.2002;4841.2002;4834.6001;4837.3999;446;unknown
2026.04.15 06:35;4837.2998;4841.3999;4835.5;4839.3999;305;unknown
2026.04.15 06:40;4839.0;4839.7002;4837.0;4839.7002;93;unknown
2026.04.15 06:45;4839.7998;4845.7002;4838.8999;4844.1001;493;unknown
2026.04.15 06:50;4843.5;4843.6001;4837.0;4837.7002;193;unknown
2026.04.15 06:55;4838.0;4838.0;4834.2002;4834.8999;392;unknown
2026.04.15 07:00;4835.2002;4837.1001;4827.3999;4832.1001;925;unknown
2026.04.15 07:05;4832.3999;4835.3999;4829.3999;4832.2002;556;unknown
2026.04.15 07:10;4832.7002;4840.0;4831.2002;4838.6001;723;unknown
2026.04.15 07:15;4838.7002;4839.0;4833.0;4834.7002;591;unknown
2026.04.15 07:20;4835.6001;4837.0;4833.1001;4833.2002;311;unknown
2026.04.15 07:25;4833.5;4835.8999;4829.0;4835.7998;620;unknown
2026.04.15 07:30;4835.7002;4837.6001;4831.6001;4834.7002;300;unknown
2026.04.15 07:35;4834.7998;4838.7998;4834.7998;4836.0;187;unknown
2026.04.15 07:40;4836.2998;4837.2002;4832.2002;4833.5;299;unknown
2026.04.15 07:45;4833.2998;4833.2998;4829.0;4830.8999;478;unknown
2026.04.15 07:50;4830.7002;4833.3999;4830.0;4832.8999;214;unknown
2026.04.15 07:55;4833.0;4835.7002;4831.8999;4834.1001;221;unknown
2026.04.15 08:00;4833.7998;4834.2002;4829.3999;4834.0;268;unknown
2026.04.15 08:05;4834.2002;4835.5;4830.3999;4831.2998;169;unknown
2026.04.15 08:10;4830.7002;4834.6001;4827.1001;4834.1001;565;unknown
2026.04.15 08:15;4834.5;4836.0;4833.5;4834.2002;218;unknown
2026.04.15 08:20;4834.2002;4834.7002;4830.6001;4833.2002;511;unknown
2026.04.15 08:25;4833.1001;4837.3999;4828.7998;4833.2998;414;unknown
2026.04.15 08:30;4832.0;4835.0;4828.7998;4833.2998;367;unknown
2026.04.15 08:35;4832.5;4834.7998;4830.6001;4832.6001;293;unknown
2026.04.15 08:40;4833.7002;4836.0;4832.0;4833.7998;119;unknown
2026.04.15 08:45;4833.1001;4835.1001;4832.8999;4834.7998;111;unknown
2026.04.15 08:50;4834.7998;4838.3999;4833.7002;4837.7998;236;unknown
2026.04.15 08:55;4837.7002;4845.3999;4837.2002;4841.6001;907;unknown
2026.04.15 09:00;4841.3999;4842.3999;4835.1001;4838.2998;547;unknown
2026.04.15 09:05;4838.2998;4838.3999;4828.0;4828.7998;420;unknown
2026.04.15 09:10;4828.8999;4831.8999;4815.2002;4827.7998;1935;unknown
2026.04.15 09:15;4828.1001;4829.5;4824.7998;4829.2002;376;unknown
2026.04.15 09:20;4828.3999;4830.6001;4826.0;4827.5;211;unknown
2026.04.15 09:25;4827.2002;4827.3999;4819.2002;4820.0;665;unknown
2026.04.15 09:30;4820.0;4826.8999;4819.7998;4821.0;1132;unknown
2026.04.15 09:35;4820.8999;4824.0;4818.0;4819.3999;380;unknown
2026.04.15 09:40;4819.6001;4823.0;4818.7998;4818.7998;272;unknown
2026.04.15 09:45;4818.7998;4819.3999;4808.3999;4818.0;1167;unknown
2026.04.15 09:50;4807.885;4807.885;4807.885;4807.885;0;unknown
2026.04.15 09:55;4821.5;4823.0;4817.5;4821.2002;256;unknown
2026.04.15 10:00;4811.505;4811.505;4811.505;4811.505;0;unknown
2026.04.15 10:05;4818.6001;4825.2002;4818.6001;4824.3999;290;unknown
2026.04.15 10:10;4824.7998;4826.1001;4822.8999;4823.8999;203;unknown
2026.04.15 10:15;4811.745;4811.745;4811.745;4811.745;0;unknown
2026.04.15 10:20;4817.7998;4821.2002;4814.7998;4816.8999;227;unknown
2026.04.15 10:25;4817.2002;4818.3999;4812.7002;4817.5;381;unknown
2026.04.15 10:30;4818.1001;4821.7998;4815.8999;4817.2998;248;unknown
2026.04.15 10:35;4808.405;4808.405;4808.405;4808.405;0;unknown
2026.04.15 10:40;4812.555;4812.555;4812.555;4812.555;0;unknown
2026.04.15 10:45;4823.2998;4829.2002;4821.6001;4824.1001;619;unknown
2026.04.15 10:50;4824.0;4827.6001;4822.8999;4826.3999;128;unknown
2026.04.15 10:55;4826.0;4827.0;4822.5;4822.7998;172;unknown
2026.04.15 11:00;4814.835;4814.835;4814.835;4814.835;0;unknown
2026.04.15 11:05;4821.1001;4823.7002;4820.7998;4822.0;111;unknown
2026.04.15 11:10;4821.6001;4827.2002;4821.6001;4825.3999;278;unknown
2026.04.15 11:15;4825.7998;4827.1001;4822.6001;4826.7002;196;unknown
2026.04.15 11:20;4826.7002;4829.7998;4826.2002;4828.8999;145;unknown
2026.04.15 11:25;4829.0;4829.7998;4827.3999;4827.7002;150;unknown
2026.04.15 11:30;4827.7998;4831.5;4825.0;4825.2002;418;unknown
2026.04.15 11:35;4825.6001;4829.5;4825.5;4826.8999;114;unknown
2026.04.15 11:40;4826.6001;4829.0;4825.1001;4828.7002;173;unknown
2026.04.15 11:45;4828.3999;4836.0;4826.2998;4832.3999;702;unknown
2026.04.15 11:50;4831.7998;4837.0;4831.3999;4836.8999;553;unknown
2026.04.15 11:55;4837.0;4837.7998;4833.2998;4835.7002;307;unknown
2026.04.15 12:00;4835.0;4837.0;4830.5;4832.0;351;unknown
2026.04.15 12:05;4832.1001;4835.7002;4829.2998;4835.0;565;unknown
2026.04.15 12:10;4835.6001;4836.6001;4833.0;4836.3999;242;unknown
2026.04.15 12:15;4836.7998;4838.7002;4835.0;4836.6001;270;unknown
2026.04.15 12:20;4836.2998;4836.5;4832.2002;4835.3999;735;unknown
2026.04.15 12:25;4835.2998;4838.3999;4832.7002;4835.2002;427;unknown
2026.04.15 12:30;4834.8999;4838.5;4833.5;4835.7998;313;unknown
2026.04.15 12:35;4835.7002;4836.6001;4833.0;4835.5;196;unknown
2026.04.15 12:40;4835.1001;4836.6001;4832.6001;4834.1001;228;unknown
2026.04.15 12:45;4834.1001;4834.6001;4830.3999;4833.2998;195;unknown
2026.04.15 12:50;4833.3999;4836.0;4832.0;4835.0;244;unknown
2026.04.15 12:55;4835.6001;4837.8999;4833.5;4833.8999;291;unknown
2026.04.15 13:00;4834.3999;4838.8999;4831.1001;4835.1001;613;unknown
2026.04.15 13:05;4834.5;4838.8999;4832.7002;4836.8999;407;unknown
2026.04.15 13:10;4836.2998;4838.1001;4833.7998;4836.7998;253;unknown
2026.04.15 13:15;4836.7998;4837.5;4832.7998;4836.1001;241;unknown
2026.04.15 13:20;4835.5;4842.7002;4835.5;4839.7998;653;unknown
2026.04.15 13:25;4840.1001;4844.7002;4840.0;4844.3999;598;unknown
2026.04.15 13:30;4844.3999;4845.0;4839.2998;4841.7002;1131;unknown
2026.04.15 13:35;4842.0;4848.3999;4838.2998;4846.5;754;unknown
2026.04.15 13:40;4803.245;4803.245;4803.245;4803.245;0;unknown
2026.04.15 13:45;4843.5;4848.7998;4842.5;4848.1001;545;unknown
2026.04.15 13:50;4848.0;4850.3999;4844.6001;4848.5;698;unknown
2026.04.15 13:55;4848.5;4853.5;4847.3999;4851.8999;918;unknown
2026.04.15 14:00;4809.625;4809.625;4809.625;4809.625;0;unknown
2026.04.15 14:05;4849.2002;4850.8999;4847.0;4848.0;502;unknown
2026.04.15 14:10;4847.7002;4852.0;4847.0;4851.7998;324;unknown
2026.04.15 14:15;4813.995;4813.995;4813.995;4813.995;0;unknown
2026.04.15 14:20;4847.5;4850.5;4845.7998;4849.2998;506;unknown
2026.04.15 14:25;4814.395;4814.395;4811.035;4811.035;0;unknown
2026.04.15 14:30;4848.5;4848.7998;4840.2998;4842.2002;658;unknown
2026.04.15 14:35;4841.7998;4845.2002;4838.1001;4839.2002;596;unknown
2026.04.15 14:40;4839.3999;4844.5;4839.3999;4842.2998;398;unknown
2026.04.15 14:45;4842.2002;4842.2002;4838.2998;4839.1001;350;unknown
2026.04.15 14:50;4839.6001;4842.0;4836.2002;4837.6001;514;unknown
2026.04.15 14:55;4838.0;4841.2998;4837.2998;4838.3999;276;unknown
2026.04.15 15:00;4811.955;4811.955;4811.955;4811.955;0;unknown
2026.04.15 15:05;4833.0;4833.3999;4822.5;4829.7998;1818;unknown
2026.04.15 15:10;4829.2998;4835.0;4827.0;4832.6001;909;unknown
2026.04.15 15:15;4832.2998;4833.6001;4825.8999;4831.2998;683;unknown
2026.04.15 15:20;4831.7998;4832.0;4824.8999;4827.2002;615;unknown
2026.04.15 15:25;4827.1001;4828.7002;4819.2002;4820.2998;989;unknown
2026.04.15 15:30;4820.3999;4822.2998;4807.8999;4817.5;1663;unknown
2026.04.15 15:35;4817.3999;4828.0;4817.3999;4822.8999;1024;unknown
2026.04.15 15:40;4823.3999;4828.7002;4823.2998;4826.0;451;unknown
2026.04.15 15:45;4825.6001;4829.7998;4823.8999;4825.2998;904;unknown
2026.04.15 15:50;4825.7002;4828.7998;4825.2998;4827.5;330;unknown
2026.04.15 15:55;4827.5;4828.0;4821.7998;4823.5;552;unknown
2026.04.15 16:00;4824.0;4829.7998;4822.5;4826.7998;556;unknown
2026.04.15 16:05;4827.2002;4830.5;4825.7998;4829.6001;448;unknown
2026.04.15 16:10;4824.895;4824.895;4824.895;4824.895;0;unknown
2026.04.15 16:15;4830.6001;4833.2002;4827.3999;4829.8999;666;unknown
2026.04.15 16:20;4829.2998;4832.8999;4829.2998;4830.7002;355;unknown
2026.04.15 16:25;4830.0;4835.0;4829.5;4833.7002;518;unknown
2026.04.15 16:30;4833.7998;4834.2002;4830.0;4831.7002;325;unknown
2026.04.15 16:35;4832.0;4834.0;4828.8999;4829.5;294;unknown
2026.04.15 16:40;4829.2998;4831.6001;4825.1001;4826.6001;1099;unknown
2026.04.15 16:45;4826.5;4829.2002;4825.1001;4827.8999;496;unknown
2026.04.15 16:50;4827.7998;4829.3999;4822.0;4823.8999;497;unknown
2026.04.15 16:55;4824.2998;4828.0;4823.5;4825.8999;349;unknown
2026.04.15 17:00;4826.2002;4827.0;4823.0;4823.0;184;unknown
2026.04.15 17:05;4822.7002;4824.8999;4821.0;4824.6001;276;unknown
2026.04.15 17:10;4808.745;4808.745;4808.745;4808.745;0;unknown
2026.04.15 17:15;4820.3999;4824.3999;4820.2998;4823.0;373;unknown
2026.04.15 17:20;4823.2002;4829.0;4823.2002;4828.3999;302;unknown
2026.04.15 17:25;4828.2998;4830.7998;4822.2002;4823.6001;1434;unknown
2026.04.15 17:30;4823.8999;4824.7002;4818.8999;4822.5;701;unknown
2026.04.15 17:35;4822.6001;4824.2002;4819.1001;4819.1001;315;unknown
2026.04.15 17:40;4818.7002;4819.7002;4814.0;4815.6001;637;unknown
2026.04.15 17:45;4815.8999;4818.1001;4815.7002;4817.2002;293;unknown
2026.04.15 17:50;4816.8999;4817.7002;4812.8999;4815.8999;335;unknown
2026.04.15 17:55;4815.8999;4817.8999;4813.7002;4814.7998;412;unknown
2026.04.15 18:00;4804.825;4804.825;4804.825;4804.825;0;unknown
2026.04.15 18:05;4818.1001;4820.5;4814.5;4816.0;400;unknown
2026.04.15 18:10;4816.1001;4819.5;4814.6001;4819.5;238;unknown
2026.04.15 18:15;4806.675;4806.955;4806.675;4806.955;0;unknown
2026.04.15 18:20;4817.3999;4818.7998;4816.2002;4816.7998;158;unknown
2026.04.15 18:25;4816.8999;4817.2998;4815.0;4817.0;169;unknown
2026.04.15 18:30;4808.665;4808.665;4808.665;4808.665;0;unknown
2026.04.15 18:35;4820.1001;4820.1001;4817.6001;4819.3999;104;unknown
2026.04.15 18:40;4819.1001;4819.2002;4816.7002;4819.2002;65;unknown
2026.04.15 18:45;4804.565;4805.125;4804.565;4805.125;0;unknown
2026.04.15 18:50;4801.635;4801.635;4801.635;4801.635;0;unknown
2026.04.15 18:55;4819.7002;4825.2998;4819.3999;4822.2002;657;unknown
2026.04.15 19:00;4801.115;4801.115;4801.115;4801.115;0;unknown
2026.04.15 19:05;4824.2002;4826.1001;4822.2998;4824.8999;151;unknown
2026.04.15 19:10;4824.3999;4825.8999;4821.2002;4821.2998;175;unknown
2026.04.15 19:15;4821.3999;4824.2998;4820.2998;4824.2998;74;unknown
2026.04.15 19:20;4823.7998;4825.0;4822.3999;4824.1001;98;unknown
2026.04.15 19:25;4823.7998;4825.7002;4823.5;4825.2002;96;unknown
2026.04.15 19:30;4825.0;4825.6001;4823.3999;4824.0;117;unknown
2026.04.15 19:35;4823.8999;4824.2998;4820.7998;4820.7998;77;unknown
2026.04.15 19:40;4820.7002;4821.2002;4817.5;4819.3999;192;unknown
2026.04.15 19:45;4819.2002;4822.0;4818.7002;4821.3999;82;unknown
2026.04.15 19:50;4821.7998;4823.7002;4820.2998;4821.2002;154;unknown
2026.04.15 19:55;4821.3999;4822.3999;4817.1001;4818.2998;322;unknown
2026.04.15 20:00;4818.7002;4819.3999;4816.3999;4817.0;115;unknown
2026.04.15 20:05;4816.7002;4817.3999;4815.2998;4817.2002;92;unknown
2026.04.15 20:10;4817.1001;4817.7998;4815.1001;4816.0;75;unknown
2026.04.15 20:15;4816.1001;4817.2002;4816.1001;4816.5;23;unknown
2026.04.15 20:20;4817.2002;4818.3999;4816.7998;4817.2002;34;unknown
2026.04.15 20:25;4817.2002;4817.3999;4816.3999;4816.5;37;unknown
2026.04.15 20:30;4816.1001;4816.1001;4813.6001;4815.1001;113;unknown
2026.04.15 20:35;4814.6001;4815.0;4812.7998;4814.1001;67;unknown
2026.04.15 20:40;4814.0;4814.3999;4813.0;4813.0;61;unknown
2026.04.15 20:45;4814.0;4816.0;4810.5;4812.7002;268;unknown
2026.04.15 20:50;4812.3999;4813.2998;4810.7002;4811.1001;107;unknown
2026.04.15 20:55;4810.8999;4814.3999;4810.6001;4813.8999;186;unknown
2026.04.15 22:00;4813.6001;4821.1001;4813.6001;4820.2998;0;unknown
2026.04.15 22:05;4819.3999;4820.5;4816.2998;4816.6001;85;unknown
2026.04.15 22:10;4817.1001;4817.1001;4812.3999;4813.6001;138;unknown
2026.04.15 22:15;4814.7002;4819.7998;4814.7002;4818.7002;157;unknown
2026.04.15 22:20;4818.5;4823.7002;4818.5;4822.0;211;unknown
2026.04.15 22:25;4822.0;4822.5;4819.7998;4822.0;85;unknown
2026.04.15 22:30;4823.2002;4825.0;4822.1001;4822.5;100;unknown
2026.04.15 22:35;4822.5;4823.7998;4820.3999;4823.7002;203;unknown
2026.04.15 22:40;4823.7998;4823.7998;4821.3999;4822.7002;62;unknown
2026.04.15 22:45;4823.0;4827.1001;4823.0;4825.2998;206;unknown
2026.04.15 22:50;4825.0;4832.2998;4825.0;4831.7998;606;unknown
2026.04.15 22:55;4831.7002;4833.7998;4829.2002;4829.2002;216;unknown
2026.04.15 23:00;4829.2002;4831.8999;4829.2002;4831.2998;102;unknown
2026.04.15 23:05;4831.1001;4832.7998;4829.7998;4831.7002;133;unknown
2026.04.15 23:10;4831.7998;4834.6001;4830.5;4834.1001;145;unknown
2026.04.15 23:15;4834.1001;4835.6001;4833.6001;4834.0;161;unknown
2026.04.15 23:20;4834.2998;4837.2998;4834.1001;4836.8999;109;unknown
2026.04.15 23:25;4837.0;4837.2998;4835.5;4836.5;132;unknown
2026.04.15 23:30;4836.2998;4844.0;4835.8999;4841.7002;821;unknown
2026.04.15 23:35;4841.7002;4844.7998;4841.2002;4842.7998;370;unknown
2026.04.15 23:40;4842.8999;4846.1001;4842.6001;4844.7002;198;unknown
2026.04.15 23:45;4845.1001;4848.3999;4845.1001;4846.5;210;unknown
2026.04.15 23:50;4846.8999;4848.6001;4845.2002;4845.7998;170;unknown
2026.04.15 23:55;4845.2998;4846.2002;4843.3999;4845.3999;138;unknown
2026.04.16 00:00;4845.3999;4853.3999;4845.3999;4850.7998;633;unknown
2026.04.16 00:05;4851.0;4853.7998;4851.0;4853.1001;298;unknown
2026.04.16 00:10;4853.3999;4854.2998;4851.6001;4852.2002;198;unknown
2026.04.16 00:15;4852.5;4853.5;4851.1001;4852.2002;164;unknown
2026.04.16 00:20;4851.3999;4852.3999;4847.0;4849.7002;613;unknown
2026.04.16 00:25;4849.7002;4851.3999;4843.7998;4846.7998;941;unknown
2026.04.16 00:30;4846.8999;4849.2002;4841.1001;4843.7998;747;unknown
2026.04.16 00:35;4844.2002;4850.6001;4842.6001;4849.1001;869;unknown
2026.04.16 00:40;4849.2002;4859.7002;4849.2002;4854.6001;1195;unknown
2026.04.16 00:45;4854.2998;4858.2998;4852.7998;4857.8999;128;unknown
2026.04.16 00:50;4857.7998;4859.5;4854.7002;4855.2998;287;unknown
2026.04.16 00:55;4855.6001;4856.7998;4852.7998;4854.7002;187;unknown
2026.04.16 01:00;4854.7002;4858.6001;4850.7998;4851.3999;498;unknown
2026.04.16 01:05;4851.3999;4853.7998;4850.2002;4852.5;183;unknown
2026.04.16 01:10;4852.2998;4854.3999;4851.6001;4851.6001;108;unknown
2026.04.16 01:15;4852.2998;4852.3999;4846.3999;4848.1001;269;unknown
2026.04.16 01:20;4848.7002;4850.7998;4847.0;4847.1001;165;unknown
2026.04.16 01:25;4847.0;4848.1001;4843.7002;4845.3999;200;unknown
2026.04.16 01:30;4845.5;4847.5;4842.5;4843.7002;206;unknown
2026.04.16 01:35;4843.2002;4843.2998;4834.7002;4834.7002;433;unknown
2026.04.16 01:40;4834.7998;4840.3999;4832.8999;4838.2002;306;unknown
2026.04.16 01:45;4837.6001;4844.7002;4837.2998;4842.2002;463;unknown
2026.04.16 01:50;4842.3999;4844.3999;4840.7998;4842.7998;103;unknown
2026.04.16 01:55;4842.2002;4842.7002;4839.7002;4839.8999;129;unknown
2026.04.16 02:00;4840.7002;4844.1001;4839.6001;4843.0;114;unknown
2026.04.16 02:05;4842.5;4845.6001;4842.0;4844.6001;100;unknown
2026.04.16 02:10;4844.8999;4847.2002;4843.7998;4844.0;214;unknown
2026.04.16 02:15;4843.3999;4845.2002;4842.1001;4844.7002;323;unknown
2026.04.16 02:20;4845.1001;4845.8999;4843.2002;4844.0;147;unknown
2026.04.16 02:25;4844.6001;4844.6001;4841.1001;4841.3999;70;unknown
2026.04.16 02:30;4841.3999;4843.5;4836.3999;4836.3999;236;unknown
2026.04.16 02:35;4836.7998;4839.7002;4834.6001;4839.5;151;unknown
2026.04.16 02:40;4839.6001;4841.7998;4839.0;4839.1001;95;unknown
2026.04.16 02:45;4840.0;4843.1001;4837.7002;4839.1001;157;unknown
2026.04.16 02:50;4839.7998;4843.6001;4839.1001;4840.8999;93;unknown
2026.04.16 02:55;4841.1001;4843.0;4841.0;4842.1001;34;unknown
2026.04.16 03:00;4841.7998;4845.8999;4841.5;4845.0;122;unknown
2026.04.16 03:05;4845.3999;4849.0;4844.6001;4848.2998;164;unknown
2026.04.16 03:10;4847.7002;4849.6001;4847.7002;4849.0;120;unknown
2026.04.16 03:15;4848.7002;4849.0;4845.7998;4846.6001;108;unknown
2026.04.16 03:20;4846.7002;4847.0;4845.0;4846.7998;73;unknown
2026.04.16 03:25;4847.1001;4847.2998;4845.0;4846.5;88;unknown
2026.04.16 03:30;4846.6001;4848.6001;4845.0;4845.3999;186;unknown
2026.04.16 03:35;4845.2002;4845.7998;4841.5;4841.5;133;unknown
2026.04.16 03:40;4841.6001;4843.2998;4841.5;4842.8999;118;unknown
2026.04.16 03:45;4819.245;4819.245;4819.245;4819.245;0;unknown
2026.04.16 03:50;4847.3999;4848.6001;4846.1001;4848.6001;61;unknown
2026.04.16 03:55;4848.7998;4849.1001;4847.3999;4847.7002;80;unknown
2026.04.16 04:00;4818.865;4820.905;4818.865;4820.905;0;unknown
2026.04.16 04:05;4821.995;4821.995;4821.995;4821.995;0;unknown
2026.04.16 04:10;4821.645;4821.645;4821.645;4821.645;0;unknown
2026.04.16 04:15;4849.5;4852.6001;4849.2998;4849.7002;285;unknown
2026.04.16 04:20;4849.7002;4850.2002;4848.5;4849.1001;46;unknown
2026.04.16 04:25;4848.7998;4850.1001;4848.0;4848.8999;49;unknown
2026.04.16 04:30;4849.0;4850.2002;4847.5;4850.0;64;unknown
2026.04.16 04:35;4850.0;4853.8999;4850.0;4852.0;182;unknown
2026.04.16 04:40;4852.0;4853.2998;4851.7998;4852.8999;65;unknown
2026.04.16 04:45;4853.3999;4853.7002;4852.1001;4853.1001;63;unknown
2026.04.16 04:50;4853.2002;4853.3999;4851.8999;4852.7998;44;unknown
2026.04.16 04:55;4853.3999;4856.1001;4853.2002;4855.7002;142;unknown
2026.04.16 05:00;4822.475;4822.475;4822.475;4822.475;0;unknown
2026.04.16 05:05;4823.135;4823.135;4823.135;4823.135;0;unknown
2026.04.16 05:10;4826.345;4826.345;4826.345;4826.345;0;unknown
2026.04.16 05:15;4823.735;4823.735;4823.735;4823.735;0;unknown
2026.04.16 05:20;4824.375;4824.375;4823.615;4823.615;0;unknown
2026.04.16 05:25;4855.6001;4857.1001;4854.3999;4855.5;210;unknown
2026.04.16 05:30;4856.0;4856.8999;4849.1001;4849.5;766;unknown
2026.04.16 05:35;4849.8999;4851.5;4848.2002;4851.2002;427;unknown
2026.04.16 05:40;4851.6001;4852.6001;4847.5;4848.2998;294;unknown
2026.04.16 05:45;4848.3999;4852.2998;4847.8999;4850.5;516;unknown
2026.04.16 05:50;4850.2998;4852.6001;4847.0;4848.8999;648;unknown
2026.04.16 05:55;4848.3999;4848.7002;4843.7002;4844.1001;369;unknown
2026.04.16 06:00;4843.6001;4850.7998;4843.6001;4846.3999;587;unknown
2026.04.16 06:05;4846.1001;4848.0;4844.7998;4846.3999;230;unknown
2026.04.16 06:10;4846.2998;4849.2998;4844.7002;4845.2002;400;unknown
2026.04.16 06:15;4845.1001;4848.0;4843.0;4846.8999;308;unknown
2026.04.16 06:20;4846.8999;4847.2002;4839.3999;4842.0;598;unknown
2026.04.16 06:25;4842.2002;4845.5;4836.0;4838.0;816;unknown
2026.04.16 06:30;4838.2998;4842.3999;4836.6001;4839.0;881;unknown
2026.04.16 06:35;4838.6001;4842.1001;4838.5;4842.0;127;unknown
2026.04.16 06:40;4841.5;4846.5;4840.0;4846.2002;1631;unknown
2026.04.16 06:45;4845.7002;4851.2002;4844.0;4850.1001;605;unknown
2026.04.16 06:50;4850.3999;4852.1001;4846.1001;4849.7002;1253;unknown
2026.04.16 06:55;4850.3999;4851.7002;4847.7998;4848.2998;935;unknown
2026.04.16 07:00;4848.0;4851.2998;4844.2998;4850.7998;869;unknown
2026.04.16 07:05;4850.1001;4851.7998;4846.1001;4851.6001;993;unknown
2026.04.16 07:10;4851.7998;4852.7998;4844.7002;4846.2998;476;unknown
2026.04.16 07:15;4846.3999;4851.3999;4842.1001;4843.0;1342;unknown
2026.04.16 07:20;4842.7002;4846.1001;4838.2998;4845.7998;661;unknown
2026.04.16 07:25;4845.7002;4850.2998;4845.7002;4849.7002;682;unknown
2026.04.16 07:30;4849.7002;4850.1001;4845.6001;4849.0;376;unknown
2026.04.16 07:35;4849.0;4851.8999;4848.0;4850.7998;416;unknown
2026.04.16 07:40;4850.2002;4851.7002;4847.8999;4849.2998;188;unknown
2026.04.16 07:45;4848.8999;4849.7998;4844.5;4845.5;186;unknown
2026.04.16 07:50;4845.6001;4847.6001;4844.7002;4845.7002;142;unknown
2026.04.16 07:55;4844.6001;4844.8999;4840.6001;4843.0;288;unknown
2026.04.16 08:00;4842.7998;4843.2002;4834.0;4835.6001;529;unknown
2026.04.16 08:05;4835.1001;4835.1001;4828.0;4832.3999;1134;unknown
2026.04.16 08:10;4832.1001;4835.7998;4830.6001;4833.1001;303;unknown
2026.04.16 08:15;4833.0;4836.0;4832.5;4832.7002;238;unknown
2026.04.16 08:20;4832.6001;4835.2002;4832.1001;4832.1001;138;unknown
2026.04.16 08:25;4832.2998;4833.8999;4830.7998;4832.8999;256;unknown
2026.04.16 08:30;4833.0;4833.0;4827.7998;4829.2998;341;unknown
2026.04.16 08:35;4828.8999;4832.5;4828.5;4831.2002;184;unknown
2026.04.16 08:40;4831.6001;4834.7998;4829.0;4833.2002;285;unknown
2026.04.16 08:45;4833.3999;4834.7998;4831.2998;4832.1001;202;unknown
2026.04.16 08:50;4832.2002;4832.7002;4829.3999;4832.2998;246;unknown
2026.04.16 08:55;4832.3999;4836.0;4830.3999;4834.7002;485;unknown
2026.04.16 09:00;4834.8999;4836.8999;4833.0;4836.5;156;unknown
2026.04.16 09:05;4836.6001;4839.3999;4836.3999;4839.2002;221;unknown
2026.04.16 09:10;4839.5;4839.5;4836.7998;4837.7002;105;unknown
2026.04.16 09:15;4837.2998;4837.5;4834.7002;4837.2998;160;unknown
2026.04.16 09:20;4837.5;4838.5;4836.6001;4837.1001;149;unknown
2026.04.16 09:25;4836.2002;4837.7002;4832.5;4834.2998;293;unknown
2026.04.16 09:30;4834.2002;4834.5;4827.7002;4832.2998;920;unknown
2026.04.16 09:35;4832.2998;4834.3999;4830.5;4833.2998;373;unknown
2026.04.16 09:40;4833.1001;4836.1001;4831.7002;4835.7002;257;unknown
2026.04.16 09:45;4835.7002;4836.7998;4833.3999;4835.0;255;unknown
2026.04.16 09:50;4835.2998;4835.2998;4831.0;4832.7998;271;unknown
2026.04.16 09:55;4833.2998;4834.2002;4831.2002;4834.2002;164;unknown
2026.04.16 10:00;4834.1001;4836.7998;4831.6001;4833.2002;390;unknown
2026.04.16 10:05;4833.7002;4835.2002;4832.6001;4832.8999;89;unknown
2026.04.16 10:10;4833.0;4833.0;4828.1001;4828.2998;237;unknown
2026.04.16 10:15;4828.1001;4829.8999;4825.6001;4829.2002;159;unknown
2026.04.16 10:20;4829.2002;4830.8999;4829.2002;4829.6001;88;unknown
2026.04.16 10:25;4830.1001;4831.5;4828.0;4828.3999;104;unknown
2026.04.16 10:30;4828.2002;4829.6001;4826.3999;4828.8999;196;unknown
2026.04.16 10:35;4828.7998;4831.2998;4828.7998;4831.2002;126;unknown
2026.04.16 10:40;4831.2002;4833.5;4829.3999;4829.3999;201;unknown
2026.04.16 10:45;4828.7998;4831.1001;4827.7998;4830.6001;130;unknown
2026.04.16 10:50;4830.5;4832.5;4829.7002;4832.5;87;unknown
2026.04.16 10:55;4833.1001;4838.7002;4832.7998;4838.7002;376;unknown
2026.04.16 11:00;4838.7002;4841.5;4837.5;4841.2998;352;unknown
2026.04.16 11:05;4841.2998;4842.1001;4837.8999;4839.5;242;unknown
2026.04.16 11:10;4840.0;4841.0;4838.3999;4838.7998;126;unknown
2026.04.16 11:15;4839.0;4841.5;4838.5;4839.3999;138;unknown
2026.04.16 11:20;4839.1001;4840.7002;4838.0;4838.8999;243;unknown
2026.04.16 11:25;4839.1001;4839.2002;4836.7998;4837.6001;98;unknown
2026.04.16 11:30;4838.0;4841.6001;4838.0;4840.3999;186;unknown
2026.04.16 11:35;4840.2002;4841.6001;4839.1001;4840.2998;105;unknown
2026.04.16 11:40;4839.6001;4839.8999;4837.3999;4839.2998;123;unknown
2026.04.16 11:45;4839.2002;4840.8999;4837.6001;4838.0;118;unknown
2026.04.16 11:50;4838.2002;4841.7998;4838.2002;4839.8999;162;unknown
2026.04.16 11:55;4840.0;4844.2998;4838.7002;4843.8999;292;unknown
2026.04.16 12:00;4844.1001;4845.0;4841.0;4841.2998;223;unknown
2026.04.16 12:05;4841.0;4842.7002;4837.1001;4838.0;659;unknown
2026.04.16 12:10;4837.8999;4839.1001;4833.0;4838.3999;602;unknown
2026.04.16 12:15;4838.3999;4840.2002;4837.5;4839.5;186;unknown
2026.04.16 12:20;4839.7998;4840.7002;4835.6001;4838.2002;273;unknown
2026.04.16 12:25;4838.2002;4839.7998;4835.5;4837.0;308;unknown
2026.04.16 12:30;4836.8999;4841.7998;4833.1001;4840.6001;589;unknown
2026.04.16 12:35;4841.2002;4842.2002;4834.6001;4836.7002;489;unknown
2026.04.16 12:40;4836.6001;4838.7002;4835.1001;4838.3999;246;unknown
2026.04.16 12:45;4838.5;4839.2002;4835.2998;4836.3999;397;unknown
2026.04.16 12:50;4836.5;4839.2998;4836.1001;4837.8999;232;unknown
2026.04.16 12:55;4838.3999;4840.7002;4837.7998;4837.7998;248;unknown
2026.04.16 13:00;4838.2998;4844.7998;4838.2002;4841.5;872;unknown
2026.04.16 13:05;4841.5;4843.8999;4836.7002;4837.8999;535;unknown
2026.04.16 13:10;4838.0;4841.0;4836.1001;4839.1001;413;unknown
2026.04.16 13:15;4839.5;4842.0;4838.6001;4840.3999;237;unknown
2026.04.16 13:20;4840.6001;4843.3999;4837.5;4838.6001;587;unknown
2026.04.16 13:25;4838.5;4841.0;4837.2002;4837.6001;182;unknown
2026.04.16 13:30;4837.7998;4844.2998;4834.3999;4843.7998;1030;unknown
2026.04.16 13:35;4843.8999;4846.2002;4839.2998;4843.3999;797;unknown
2026.04.16 13:40;4843.2998;4846.0;4835.2998;4837.7998;883;unknown
2026.04.16 13:45;4838.0;4841.7002;4831.0;4836.1001;917;unknown
2026.04.16 13:50;4835.7002;4837.7002;4811.0;4815.7998;2791;unknown
2026.04.16 13:55;4815.8999;4820.0;4805.2998;4815.8999;2892;unknown
2026.04.16 14:00;4815.7998;4819.3999;4809.1001;4813.1001;1956;unknown
2026.04.16 14:05;4813.3999;4822.8999;4806.3999;4822.2002;2798;unknown
2026.04.16 14:10;4822.2998;4828.3999;4821.2998;4823.3999;1239;unknown
2026.04.16 14:15;4823.6001;4825.5;4816.1001;4816.7998;643;unknown
2026.04.16 14:20;4816.8999;4819.6001;4813.2002;4818.0;687;unknown
2026.04.16 14:25;4817.7002;4821.7002;4816.0;4821.0;459;unknown
2026.04.16 14:30;4821.5;4823.0;4815.7998;4818.6001;646;unknown
2026.04.16 14:35;4818.7002;4819.7998;4812.0;4812.1001;450;unknown
2026.04.16 14:40;4812.2998;4812.7002;4792.1001;4809.2002;3331;unknown
2026.04.16 14:45;4808.7998;4813.7998;4806.7002;4811.7998;881;unknown
2026.04.16 14:50;4812.3999;4815.2002;4808.7998;4812.6001;604;unknown
2026.04.16 14:55;4812.0;4813.2998;4807.0;4810.2998;363;unknown
2026.04.16 15:00;4810.3999;4824.7998;4809.8999;4822.5;1206;unknown
2026.04.16 15:05;4822.3999;4833.7002;4820.7002;4830.0;1149;unknown
2026.04.16 15:10;4830.7002;4834.7002;4827.6001;4828.0;820;unknown
2026.04.16 15:15;4828.6001;4831.2998;4824.3999;4825.2998;661;unknown
2026.04.16 15:20;4825.2002;4828.3999;4824.6001;4826.1001;260;unknown
2026.04.16 15:25;4826.2998;4829.2002;4823.2002;4823.2002;537;unknown
2026.04.16 15:30;4823.2002;4827.5;4821.5;4822.8999;519;unknown
2026.04.16 15:35;4822.7998;4833.1001;4819.2998;4828.3999;1316;unknown
2026.04.16 15:40;4828.5;4829.2998;4821.5;4824.5;467;unknown
2026.04.16 15:45;4824.2002;4828.5;4822.2002;4824.1001;391;unknown
2026.04.16 15:50;4824.7998;4828.7002;4824.7998;4826.7002;177;unknown
2026.04.16 15:55;4826.7998;4830.1001;4825.2998;4828.2002;397;unknown
2026.04.16 16:00;4828.6001;4831.3999;4827.2002;4829.7998;287;unknown
2026.04.16 16:05;4830.0;4830.0;4826.8999;4827.3999;190;unknown
2026.04.16 16:10;4827.3999;4828.6001;4824.6001;4826.2002;247;unknown
2026.04.16 16:15;4826.3999;4827.0;4823.6001;4825.6001;268;unknown
2026.04.16 16:20;4825.2998;4825.3999;4818.8999;4819.3999;343;unknown
2026.04.16 16:25;4819.7998;4822.0;4817.7002;4820.2998;417;unknown
2026.04.16 16:30;4821.0;4821.0;4807.2002;4813.0;1305;unknown
2026.04.16 16:35;4813.1001;4818.2998;4812.6001;4817.2998;662;unknown
2026.04.16 16:40;4817.5;4817.5;4809.1001;4811.0;753;unknown
2026.04.16 16:45;4810.8999;4811.6001;4806.0;4808.2998;560;unknown
2026.04.16 16:50;4808.3999;4814.2998;4808.1001;4810.5;439;unknown
2026.04.16 16:55;4810.7998;4814.5;4810.7998;4812.7002;365;unknown
2026.04.16 17:00;4812.6001;4815.7002;4810.6001;4813.1001;404;unknown
2026.04.16 17:05;4812.8999;4816.0;4811.2998;4815.6001;320;unknown
2026.04.16 17:10;4815.8999;4816.6001;4810.7998;4812.3999;335;unknown
2026.04.16 17:15;4812.2998;4813.0;4809.6001;4811.7998;444;unknown
2026.04.16 17:20;4811.8999;4814.5;4810.7998;4813.8999;322;unknown
2026.04.16 17:25;4814.0;4815.1001;4805.5;4805.7998;949;unknown
2026.04.16 17:30;4806.0;4810.2002;4803.1001;4805.0;637;unknown
2026.04.16 17:35;4804.7998;4807.0;4802.0;4802.8999;506;unknown
2026.04.16 17:40;4803.2002;4808.2998;4802.5;4807.7998;351;unknown
2026.04.16 17:45;4808.1001;4810.0;4805.3999;4810.0;174;unknown
2026.04.16 17:50;4809.2002;4809.8999;4807.2998;4807.7998;149;unknown
2026.04.16 17:55;4807.5;4812.0;4803.1001;4810.1001;1005;unknown
2026.04.16 18:00;4810.0;4815.5;4806.5;4811.5;616;unknown
2026.04.16 18:05;4811.3999;4814.7998;4810.2002;4810.7998;163;unknown
2026.04.16 18:10;4810.8999;4811.2002;4808.5;4810.6001;107;unknown
2026.04.16 18:15;4810.5;4812.2998;4809.2998;4810.8999;122;unknown
2026.04.16 18:20;4811.6001;4814.0;4810.3999;4810.7998;185;unknown
2026.04.16 18:25;4811.2998;4812.1001;4807.6001;4807.7002;282;unknown
2026.04.16 18:30;4807.7002;4811.2002;4807.5;4809.7002;183;unknown
2026.04.16 18:35;4809.7002;4810.8999;4808.7002;4810.2002;90;unknown
2026.04.16 18:40;4810.7998;4812.2998;4809.2002;4810.6001;123;unknown
2026.04.16 18:45;4810.8999;4812.5;4809.6001;4811.1001;84;unknown
2026.04.16 18:50;4810.6001;4813.6001;4809.1001;4811.1001;163;unknown
2026.04.16 18:55;4810.8999;4811.7002;4808.8999;4809.7002;69;unknown
2026.04.16 19:00;4810.8999;4815.8999;4810.5;4813.7002;244;unknown
2026.04.16 19:05;4813.7998;4814.8999;4812.2002;4813.7998;132;unknown
2026.04.16 19:10;4814.1001;4814.5;4810.2998;4810.6001;161;unknown
2026.04.16 19:15;4811.3999;4814.7998;4811.2998;4814.2998;124;unknown
2026.04.16 19:20;4814.1001;4814.8999;4812.2998;4813.5;138;unknown
2026.04.16 19:25;4813.2998;4813.6001;4811.6001;4811.6001;125;unknown
2026.04.16 19:30;4811.5;4814.5;4811.5;4812.7002;131;unknown
2026.04.16 19:35;4812.2998;4814.3999;4811.7998;4814.0;110;unknown
2026.04.16 19:40;4814.5;4818.7998;4814.0;4818.5;276;unknown
2026.04.16 19:45;4819.1001;4819.7002;4814.7002;4815.0;293;unknown
2026.04.16 19:50;4814.8999;4816.2002;4813.6001;4815.7002;111;unknown
2026.04.16 19:55;4815.8999;4817.1001;4813.7998;4814.5;400;unknown
2026.04.16 20:00;4814.7998;4815.1001;4813.0;4813.5;116;unknown
2026.04.16 20:05;4813.3999;4813.3999;4811.0;4811.7002;88;unknown
2026.04.16 20:10;4812.0;4812.3999;4811.3999;4811.5;16;unknown
2026.04.16 20:15;4811.2002;4812.8999;4811.2002;4812.8999;36;unknown
2026.04.16 20:20;4812.3999;4812.6001;4809.5;4809.5;153;unknown
2026.04.16 20:25;4809.7998;4810.7002;4809.2998;4810.3999;37;unknown
2026.04.16 20:30;4810.2002;4810.7998;4807.2998;4807.5;110;unknown
2026.04.16 20:35;4807.8999;4811.5;4807.8999;4810.6001;54;unknown
2026.04.16 20:40;4810.5;4810.5;4809.2002;4809.6001;67;unknown
2026.04.16 20:45;4810.0;4811.7002;4809.7002;4811.5;85;unknown
2026.04.16 20:50;4811.0;4811.2002;4808.8999;4810.5;194;unknown
2026.04.16 20:55;4810.6001;4812.1001;4806.0;4810.8999;216;unknown
2026.04.16 22:00;4811.7998;4818.0;4811.7998;4815.5;0;unknown
2026.04.16 22:05;4815.3999;4818.7998;4815.2002;4817.6001;154;unknown
2026.04.16 22:10;4817.2998;4818.6001;4815.6001;4816.0;115;unknown
2026.04.16 22:15;4815.8999;4817.2998;4813.0;4813.7002;86;unknown
2026.04.16 22:20;4813.7998;4814.3999;4813.2998;4814.2002;23;unknown
2026.04.16 22:25;4814.3999;4816.5;4814.3999;4815.2998;60;unknown
2026.04.16 22:30;4814.5;4816.1001;4811.3999;4815.2002;204;unknown
2026.04.16 22:35;4815.1001;4816.7998;4814.3999;4814.3999;59;unknown
2026.04.16 22:40;4814.1001;4816.7998;4814.0;4816.0;73;unknown
2026.04.16 22:45;4815.2002;4818.0;4815.2002;4815.8999;103;unknown
2026.04.16 22:50;4815.8999;4817.2998;4815.7998;4816.6001;72;unknown
2026.04.16 22:55;4816.5;4817.2002;4815.7998;4816.0;42;unknown
2026.04.16 23:00;4815.6001;4815.6001;4813.5;4815.0;52;unknown
2026.04.16 23:05;4814.0;4816.0;4813.8999;4814.3999;36;unknown
2026.04.16 23:10;4814.7002;4814.8999;4812.6001;4813.2998;39;unknown
2026.04.16 23:15;4813.7002;4817.1001;4813.1001;4816.8999;50;unknown
2026.04.16 23:20;4816.7998;4818.7002;4815.8999;4817.1001;59;unknown
2026.04.16 23:25;4816.5;4817.8999;4814.2998;4814.2998;52;unknown
2026.04.16 23:30;4814.3999;4816.6001;4812.7998;4815.7002;57;unknown
2026.04.16 23:35;4815.7998;4816.6001;4815.1001;4815.3999;41;unknown
2026.04.16 23:40;4816.2998;4817.2002;4815.7998;4816.7002;41;unknown
2026.04.16 23:45;4816.0;4817.7002;4813.6001;4814.3999;62;unknown
2026.04.16 23:50;4814.1001;4816.7002;4813.8999;4814.6001;58;unknown
2026.04.16 23:55;4814.2002;4815.5;4812.3999;4812.5;114;unknown
2026.04.17 00:00;4812.0;4812.0;4808.6001;4808.8999;122;unknown
2026.04.17 00:05;4808.2998;4811.8999;4806.7002;4811.2998;236;unknown
2026.04.17 00:10;4811.3999;4812.7998;4808.3999;4811.2998;149;unknown
2026.04.17 00:15;4811.1001;4813.1001;4808.2998;4812.1001;85;unknown
2026.04.17 00:20;4811.8999;4813.0;4810.2002;4810.2002;90;unknown
2026.04.17 00:25;4810.2002;4814.0;4810.2002;4814.0;61;unknown
2026.04.17 00:30;4814.0;4819.2998;4813.6001;4817.6001;164;unknown
2026.04.17 00:35;4817.1001;4818.1001;4815.7002;4817.1001;131;unknown
2026.04.17 00:40;4817.5;4819.5;4815.5;4819.3999;113;unknown
2026.04.17 00:45;4819.2002;4822.2002;4819.2002;4820.3999;258;unknown
2026.04.17 00:50;4820.1001;4820.2998;4815.2998;4815.7002;122;unknown
2026.04.17 00:55;4815.7998;4816.6001;4814.6001;4816.2998;40;unknown
2026.04.17 01:00;4815.6001;4816.5;4807.5;4809.8999;284;unknown
2026.04.17 01:05;4809.2998;4811.2998;4803.5;4803.7002;333;unknown
2026.04.17 01:10;4803.5;4805.5;4785.8999;4799.2002;1498;unknown
2026.04.17 01:15;4799.0;4805.8999;4798.7002;4802.3999;344;unknown
2026.04.17 01:20;4803.0;4804.0;4791.5;4794.6001;426;unknown
2026.04.17 01:25;4794.2998;4797.1001;4787.7002;4789.2998;548;unknown
2026.04.17 01:30;4788.8999;4796.7998;4787.8999;4794.6001;642;unknown
2026.04.17 01:35;4794.5;4797.7998;4793.3999;4793.5;364;unknown
2026.04.17 01:40;4793.8999;4797.6001;4791.8999;4796.8999;264;unknown
2026.04.17 01:45;4797.7998;4799.6001;4795.2998;4798.5;265;unknown
2026.04.17 01:50;4798.2998;4807.5;4798.2002;4806.6001;481;unknown
2026.04.17 01:55;4806.6001;4811.5;4806.3999;4810.2002;403;unknown
2026.04.17 02:00;4809.7998;4812.7002;4808.7002;4812.3999;230;unknown
2026.04.17 02:05;4812.2002;4814.3999;4809.2998;4809.5;355;unknown
2026.04.17 02:10;4809.6001;4811.3999;4808.2998;4811.3999;145;unknown
2026.04.17 02:15;4811.7998;4811.8999;4808.5;4809.2998;84;unknown
2026.04.17 02:20;4809.6001;4812.0;4808.2998;4810.1001;163;unknown
2026.04.17 02:25;4809.6001;4811.3999;4808.7002;4808.7002;65;unknown
2026.04.17 02:30;4808.6001;4813.2002;4808.3999;4811.8999;97;unknown
2026.04.17 02:35;4811.8999;4815.0;4810.3999;4813.2002;227;unknown
2026.04.17 02:40;4813.0;4815.0;4811.7998;4811.7998;85;unknown
2026.04.17 02:45;4811.2998;4813.7998;4809.7998;4809.8999;124;unknown
2026.04.17 02:50;4809.6001;4810.0;4808.2998;4808.6001;89;unknown
2026.04.17 02:55;4808.3999;4809.1001;4804.2998;4804.6001;197;unknown
2026.04.17 03:00;4804.7998;4812.2002;4804.7998;4811.6001;180;unknown
2026.04.17 03:05;4812.2998;4818.0;4812.2998;4816.2002;386;unknown
2026.04.17 03:10;4816.2998;4817.1001;4813.1001;4816.5;219;unknown
2026.04.17 03:15;4816.5;4819.1001;4814.8999;4817.5;216;unknown
2026.04.17 03:20;4776.275;4776.275;4776.275;4776.275;0;unknown
2026.04.17 03:25;4816.1001;4816.6001;4813.6001;4815.0;128;unknown
2026.04.17 03:30;4814.5;4815.7998;4813.3999;4814.5;85;unknown
2026.04.17 03:35;4815.0;4815.2002;4812.2998;4813.1001;89;unknown
2026.04.17 03:40;4813.0;4815.5;4812.7002;4814.7998;102;unknown
2026.04.17 03:45;4815.0;4817.0;4814.8999;4816.8999;61;unknown
2026.04.17 03:50;4816.8999;4817.5;4814.7002;4815.0;89;unknown
2026.04.17 03:55;4787.745;4787.745;4787.745;4787.745;0;unknown
2026.04.17 04:00;4792.205;4792.205;4792.205;4792.205;0;unknown
2026.04.17 04:05;4792.855;4792.855;4792.855;4792.855;0;unknown
2026.04.17 04:10;4814.6001;4816.8999;4814.5;4815.7002;46;unknown
2026.04.17 04:15;4816.3999;4817.1001;4814.5;4816.5;54;unknown
2026.04.17 04:20;4789.715;4789.715;4789.715;4789.715;0;unknown
2026.04.17 04:25;4790.795;4790.795;4789.425;4789.425;0;unknown
2026.04.17 04:30;4788.865;4788.865;4788.865;4788.865;0;unknown
2026.04.17 04:35;4793.215;4793.215;4793.215;4793.215;0;unknown
2026.04.17 04:40;4820.5;4822.7998;4819.6001;4822.2002;278;unknown
2026.04.17 04:45;4822.2002;4822.2002;4819.5;4819.7002;115;unknown
2026.04.17 04:50;4819.6001;4822.7002;4819.2002;4820.1001;143;unknown
2026.04.17 04:55;4820.6001;4825.6001;4820.0;4824.2002;334;unknown
2026.04.17 05:00;4791.795;4791.795;4791.795;4791.795;0;unknown
2026.04.17 05:05;4822.0;4826.5;4820.6001;4825.7002;148;unknown
2026.04.17 05:10;4825.7002;4827.2002;4825.0;4826.1001;123;unknown
2026.04.17 05:15;4826.0;4826.1001;4822.6001;4824.6001;119;unknown
2026.04.17 05:20;4824.5;4826.2998;4823.6001;4826.2002;114;unknown
2026.04.17 05:25;4826.2002;4826.3999;4824.0;4824.7998;87;unknown
2026.04.17 05:30;4824.5;4826.6001;4819.0;4819.6001;353;unknown
2026.04.17 05:35;4819.5;4824.1001;4819.2002;4821.0;175;unknown
2026.04.17 05:40;4820.8999;4822.6001;4817.0;4818.0;435;unknown
2026.04.17 05:45;4818.1001;4820.1001;4816.2002;4818.7998;492;unknown
2026.04.17 05:50;4819.2002;4822.1001;4818.1001;4818.3999;296;unknown
2026.04.17 05:55;4818.6001;4819.5;4815.1001;4815.8999;243;unknown
2026.04.17 06:00;4793.565;4793.565;4793.565;4793.565;0;unknown
2026.04.17 06:05;4814.8999;4816.5;4811.2002;4811.6001;217;unknown
2026.04.17 06:10;4811.5;4812.7002;4808.1001;4809.0;311;unknown
2026.04.17 06:15;4808.8999;4811.2002;4806.2002;4807.1001;272;unknown
2026.04.17 06:20;4806.8999;4809.6001;4805.5;4808.7002;325;unknown
2026.04.17 06:25;4808.7998;4809.8999;4804.5;4805.2002;218;unknown
2026.04.17 06:30;4804.7998;4806.8999;4802.2002;4803.6001;375;unknown
2026.04.17 06:35;4804.0;4807.3999;4800.0;4806.1001;475;unknown
2026.04.17 06:40;4806.5;4808.0;4805.2002;4806.1001;231;unknown
2026.04.17 06:45;4806.2998;4807.2002;4804.6001;4805.8999;197;unknown
2026.04.17 06:50;4806.1001;4807.8999;4804.8999;4805.3999;126;unknown
2026.04.17 06:55;4805.2998;4807.8999;4805.0;4805.5;242;unknown
2026.04.17 07:00;4806.0;4809.2998;4804.7998;4809.2998;422;unknown
2026.04.17 07:05;4809.5;4812.0;4808.1001;4810.3999;440;unknown
2026.04.17 07:10;4810.1001;4810.3999;4807.2998;4807.7002;152;unknown
2026.04.17 07:15;4808.2002;4810.2002;4805.3999;4809.6001;197;unknown
2026.04.17 07:20;4809.6001;4811.0;4806.1001;4810.0;176;unknown
2026.04.17 07:25;4809.7002;4813.5;4809.7002;4812.0;389;unknown
2026.04.17 07:30;4812.0;4815.2998;4810.8999;4814.8999;389;unknown
2026.04.17 07:35;4814.7998;4814.7998;4807.1001;4807.8999;462;unknown
2026.04.17 07:40;4807.6001;4808.7998;4803.6001;4807.3999;418;unknown
2026.04.17 07:45;4807.3999;4807.3999;4801.7002;4801.7002;440;unknown
2026.04.17 07:50;4801.6001;4807.5;4800.2002;4806.8999;384;unknown
2026.04.17 07:55;4806.7998;4806.7998;4804.7002;4805.5;200;unknown
2026.04.17 08:00;4806.1001;4812.0;4806.1001;4812.0;403;unknown
2026.04.17 08:05;4812.2002;4812.5;4805.0;4806.1001;351;unknown
2026.04.17 08:10;4805.2998;4807.3999;4802.6001;4805.1001;311;unknown
2026.04.17 08:15;4805.0;4807.0;4804.2002;4807.0;99;unknown
2026.04.17 08:20;4807.1001;4808.6001;4805.0;4805.6001;151;unknown
2026.04.17 08:25;4805.6001;4807.6001;4804.7002;4806.1001;237;unknown
2026.04.17 08:30;4806.0;4810.1001;4806.0;4808.0;230;unknown
2026.04.17 08:35;4808.1001;4811.5;4807.7002;4811.3999;116;unknown
2026.04.17 08:40;4811.3999;4818.7002;4809.8999;4818.7002;753;unknown
2026.04.17 08:45;4818.7998;4818.7998;4813.1001;4815.2998;256;unknown
2026.04.17 08:50;4815.2998;4816.6001;4812.6001;4815.2002;244;unknown
2026.04.17 08:55;4814.7998;4818.1001;4813.7998;4817.7998;199;unknown
2026.04.17 09:00;4817.7998;4822.7002;4817.6001;4821.0;580;unknown
2026.04.17 09:05;4820.7998;4821.0;4816.2998;4817.7002;251;unknown
2026.04.17 09:10;4817.5;4817.7998;4814.3999;4814.7998;270;unknown
2026.04.17 09:15;4814.8999;4817.2998;4813.6001;4817.2998;145;unknown
2026.04.17 09:20;4817.5;4820.2002;4816.5;4816.5;247;unknown
2026.04.17 09:25;4816.3999;4820.2002;4816.2002;4817.6001;384;unknown
2026.04.17 09:30;4817.8999;4818.8999;4816.0;4818.7002;487;unknown
2026.04.17 09:35;4818.8999;4820.7002;4816.5;4817.1001;240;unknown
2026.04.17 09:40;4817.5;4818.2998;4815.7002;4816.2998;111;unknown
2026.04.17 09:45;4816.3999;4816.7002;4812.0;4814.2998;314;unknown
2026.04.17 09:50;4814.2002;4815.2002;4812.7998;4814.1001;257;unknown
2026.04.17 09:55;4814.0;4814.5;4812.0;4812.2002;160;unknown
2026.04.17 10:00;4812.6001;4814.5;4810.7998;4813.0;339;unknown
2026.04.17 10:05;4813.2002;4813.7998;4810.7002;4811.0;176;unknown
2026.04.17 10:10;4811.3999;4814.0;4809.1001;4813.7002;214;unknown
2026.04.17 10:15;4813.6001;4816.0;4812.7998;4813.2998;156;unknown
2026.04.17 10:20;4787.015;4787.015;4787.015;4787.015;0;unknown
2026.04.17 10:25;4814.8999;4814.8999;4810.5;4811.7002;91;unknown
2026.04.17 10:30;4811.2002;4811.7002;4808.2002;4810.0;167;unknown
2026.04.17 10:35;4810.2002;4811.1001;4807.2998;4807.2998;131;unknown
2026.04.17 10:40;4807.5;4808.0;4803.1001;4806.6001;371;unknown
2026.04.17 10:45;4806.6001;4809.8999;4805.6001;4809.6001;279;unknown
2026.04.17 10:50;4809.7998;4810.2998;4804.0;4807.8999;375;unknown
2026.04.17 10:55;4807.1001;4809.2002;4805.7998;4809.0;97;unknown
2026.04.17 11:00;4809.2002;4811.2002;4805.5;4806.7002;226;unknown
2026.04.17 11:05;4806.3999;4809.0;4805.7002;4809.0;113;unknown
2026.04.17 11:10;4796.055;4796.055;4796.055;4796.055;0;unknown
2026.04.17 11:15;4807.7998;4808.7998;4806.2002;4807.3999;190;unknown
2026.04.17 11:20;4807.2998;4812.8999;4806.7002;4812.6001;244;unknown
2026.04.17 11:25;4812.7998;4815.3999;4812.1001;4814.8999;274;unknown
2026.04.17 11:30;4814.8999;4815.8999;4811.7002;4815.2002;299;unknown
2026.04.17 11:35;4815.0;4816.3999;4812.2998;4814.3999;181;unknown
2026.04.17 11:40;4814.2998;4820.7998;4814.2998;4820.7002;309;unknown
2026.04.17 11:45;4820.7998;4834.0;4820.7998;4828.0;1777;unknown
2026.04.17 11:50;4828.0;4829.2002;4823.6001;4823.7998;736;unknown
2026.04.17 11:55;4823.6001;4824.2998;4821.2002;4822.0;352;unknown
2026.04.17 12:00;4791.195;4791.195;4791.195;4791.195;0;unknown
2026.04.17 12:05;4826.0;4827.5;4824.5;4826.2998;186;unknown
2026.04.17 12:10;4826.2002;4826.8999;4823.1001;4826.1001;237;unknown
2026.04.17 12:15;4826.2998;4828.2002;4825.7002;4828.1001;240;unknown
2026.04.17 12:20;4828.6001;4835.0;4826.8999;4834.6001;765;unknown
2026.04.17 12:25;4835.0;4842.2002;4833.8999;4839.3999;1938;unknown
2026.04.17 12:30;4839.7002;4844.8999;4837.7998;4840.2002;1271;unknown
2026.04.17 12:35;4788.625;4788.625;4788.625;4788.625;0;unknown
2026.04.17 12:40;4845.3999;4847.5;4844.0;4845.6001;671;unknown
2026.04.17 12:45;4846.0;4865.0;4844.2998;4859.1001;5304;unknown
2026.04.17 12:50;4858.7998;4868.0;4855.7998;4865.3999;2005;unknown
2026.04.17 12:55;4865.6001;4870.7998;4862.2002;4869.0;2361;unknown
2026.04.17 13:00;4785.375;4785.375;4785.375;4785.375;0;unknown
2026.04.17 13:05;4866.5;4886.6001;4862.2998;4885.2998;3728;unknown
2026.04.17 13:10;4885.2998;4917.7002;4885.0;4906.2998;6689;unknown
2026.04.17 13:15;4906.2998;4906.7002;4884.7998;4886.6001;2937;unknown
2026.04.17 13:20;4886.3999;4886.8999;4873.3999;4883.6001;2054;unknown
2026.04.17 13:25;4883.2998;4886.2002;4872.3999;4874.6001;1894;unknown
2026.04.17 13:30;4873.8999;4879.5;4870.7002;4878.5;1750;unknown
2026.04.17 13:35;4878.7002;4892.2998;4877.8999;4890.7002;1571;unknown
2026.04.17 13:40;4890.1001;4897.0;4885.6001;4887.0;1506;unknown
2026.04.17 13:45;4887.6001;4891.3999;4874.3999;4887.8999;2765;unknown
2026.04.17 13:50;4888.3999;4903.6001;4886.0;4900.6001;1734;unknown
2026.04.17 13:55;4900.6001;4905.5;4898.2002;4903.1001;1650;unknown
2026.04.17 14:00;4903.2998;4908.8999;4898.0;4898.7002;1585;unknown
2026.04.17 14:05;4804.275;4804.275;4802.775;4802.775;0;unknown
2026.04.17 14:10;4895.5;4895.7002;4883.3999;4890.1001;1742;unknown
2026.04.17 14:15;4890.5;4897.5;4890.3999;4893.8999;990;unknown
2026.04.17 14:20;4893.2998;4902.5;4888.6001;4901.7002;853;unknown
2026.04.17 14:25;4816.735;4816.735;4816.735;4816.735;0;unknown
2026.04.17 14:30;4895.0;4901.1001;4892.3999;4900.5;667;unknown
2026.04.17 14:35;4900.8999;4903.3999;4894.3999;4898.6001;1454;unknown
2026.04.17 14:40;4898.7998;4906.2002;4897.6001;4900.3999;1529;unknown
2026.04.17 14:45;4900.5;4904.6001;4896.8999;4903.5;817;unknown
2026.04.17 14:50;4903.2002;4903.2002;4892.7998;4899.5;933;unknown
2026.04.17 14:55;4899.6001;4900.7002;4895.3999;4895.7002;675;unknown
2026.04.17 15:00;4844.585;4844.585;4844.585;4844.585;0;unknown
2026.04.17 15:05;4891.2998;4903.5;4890.7998;4895.7002;2159;unknown
2026.04.17 15:10;4895.5;4896.2002;4888.7998;4890.6001;492;unknown
2026.04.17 15:15;4890.7002;4897.2002;4886.0;4887.2998;1569;unknown
2026.04.17 15:20;4887.7002;4897.3999;4885.2998;4892.1001;1158;unknown
2026.04.17 15:25;4892.6001;4893.5;4887.5;4888.6001;740;unknown
2026.04.17 15:30;4888.6001;4896.6001;4887.1001;4896.6001;590;unknown
2026.04.17 15:35;4896.1001;4896.1001;4890.7002;4892.2002;390;unknown
2026.04.17 15:40;4892.1001;4892.7998;4877.2998;4880.8999;1202;unknown
2026.04.17 15:45;4881.0;4886.7002;4880.3999;4885.7002;645;unknown
2026.04.17 15:50;4885.8999;4892.3999;4885.8999;4891.2998;465;unknown
2026.04.17 15:55;4891.5;4894.1001;4889.0;4889.7002;399;unknown
2026.04.17 16:00;4889.5;4893.0;4886.0;4889.2002;521;unknown
2026.04.17 16:05;4889.3999;4896.0;4888.0;4893.8999;449;unknown
2026.04.17 16:10;4894.0;4896.0;4892.7998;4894.2002;332;unknown
2026.04.17 16:15;4894.2998;4895.8999;4892.2998;4893.5;212;unknown
2026.04.17 16:20;4892.8999;4895.2998;4892.2002;4892.7002;179;unknown
2026.04.17 16:25;4892.6001;4893.7002;4889.8999;4889.8999;305;unknown
2026.04.17 16:30;4890.7002;4894.0;4890.1001;4893.7002;309;unknown
2026.04.17 16:35;4893.7998;4895.5;4892.6001;4893.7002;197;unknown
2026.04.17 16:40;4894.1001;4894.7002;4889.7998;4890.6001;254;unknown
2026.04.17 16:45;4890.8999;4891.2998;4887.5;4888.6001;313;unknown
2026.04.17 16:50;4887.3999;4889.8999;4887.2002;4888.5;253;unknown
2026.04.17 16:55;4888.3999;4889.5;4887.2002;4889.0;186;unknown
2026.04.17 17:00;4889.0;4891.6001;4887.0;4888.6001;275;unknown
2026.04.17 17:05;4888.7002;4890.6001;4880.0;4883.7998;659;unknown
2026.04.17 17:10;4883.5;4886.2002;4879.0;4884.7998;639;unknown
2026.04.17 17:15;4885.2002;4887.2998;4884.2998;4885.3999;354;unknown
2026.04.17 17:20;4885.2998;4886.2998;4875.3999;4876.1001;820;unknown
2026.04.17 17:25;4876.5;4881.0;4875.7002;4880.5;1113;unknown
2026.04.17 17:30;4880.2002;4884.7998;4878.8999;4883.7002;511;unknown
2026.04.17 17:35;4883.0;4884.2002;4877.5;4879.2998;431;unknown
2026.04.17 17:40;4879.2002;4880.3999;4875.0;4876.3999;218;unknown
2026.04.17 17:45;4876.7998;4883.0;4876.7998;4882.1001;318;unknown
2026.04.17 17:50;4882.0;4884.8999;4881.5;4884.5;198;unknown
2026.04.17 17:55;4883.6001;4885.5;4882.7998;4884.6001;181;unknown
2026.04.17 18:00;4867.765;4867.765;4867.765;4867.765;0;unknown
2026.04.17 18:05;4884.5;4888.3999;4884.0;4885.2002;350;unknown
2026.04.17 18:10;4885.6001;4885.7002;4882.1001;4882.7998;244;unknown
2026.04.17 18:15;4871.405;4871.405;4871.405;4871.405;0;unknown
2026.04.17 18:20;4871.405;4871.405;4871.405;4871.405;0;unknown
2026.04.17 18:25;4886.8999;4890.1001;4882.6001;4882.8999;279;unknown
2026.04.17 18:30;4882.7998;4888.3999;4882.2002;4888.0;198;unknown
2026.04.17 18:35;4887.7002;4887.7002;4883.7002;4885.2002;114;unknown
2026.04.17 18:40;4869.635;4869.635;4869.635;4869.635;0;unknown
2026.04.17 18:45;4884.3999;4884.6001;4882.0;4882.7002;96;unknown
2026.04.17 18:50;4882.7998;4882.8999;4877.0;4878.2002;296;unknown
2026.04.17 18:55;4878.2002;4881.5;4877.8999;4879.6001;183;unknown
2026.04.17 19:00;4866.875;4866.875;4866.875;4866.875;0;unknown
2026.04.17 19:05;4880.0;4880.0;4876.1001;4876.2002;195;unknown
2026.04.17 19:10;4876.7002;4878.7002;4875.2002;4878.1001;198;unknown
2026.04.17 19:15;4878.0;4879.7002;4877.0;4877.2998;101;unknown
2026.04.17 19:20;4877.5;4879.0;4875.6001;4876.6001;161;unknown
2026.04.17 19:25;4876.3999;4878.2998;4876.0;4878.2998;110;unknown
2026.04.17 19:30;4878.0;4880.2002;4877.0;4879.2998;303;unknown
2026.04.17 19:35;4879.2998;4882.1001;4877.3999;4881.3999;300;unknown
2026.04.17 19:40;4881.0;4882.6001;4879.3999;4881.3999;282;unknown
2026.04.17 19:45;4881.2002;4881.3999;4878.7998;4879.6001;349;unknown
2026.04.17 19:50;4879.7998;4880.5;4875.7002;4876.1001;362;unknown
2026.04.17 19:55;4876.0;4876.5;4873.6001;4875.5;590;unknown
2026.04.17 20:00;4875.6001;4876.2998;4870.7998;4871.0;497;unknown
2026.04.17 20:05;4871.2002;4872.2002;4866.7002;4868.2002;590;unknown
2026.04.17 20:10;4868.1001;4868.8999;4865.2002;4866.5;480;unknown
2026.04.17 20:15;4866.6001;4872.7002;4865.7998;4872.5;523;unknown
2026.04.17 20:20;4872.1001;4872.5;4869.0;4869.0;261;unknown
2026.04.17 20:25;4869.0;4869.5;4865.2002;4867.0;249;unknown
2026.04.17 20:30;4866.3999;4868.0;4865.0;4867.2002;227;unknown
2026.04.17 20:35;4867.0;4867.5;4860.8999;4862.7998;448;unknown
2026.04.17 20:40;4862.8999;4863.1001;4854.6001;4856.6001;646;unknown
2026.04.17 20:45;4856.6001;4858.1001;4853.2998;4853.6001;386;unknown
2026.04.17 20:50;4854.2002;4856.2002;4851.7002;4855.0;493;unknown
2026.04.17 20:55;4855.1001;4879.6001;4848.0;4879.6001;543;unknown
2026.04.17 22:00;4854.675;4854.675;4854.675;4854.675;0;unknown
2026.04.19 22:10;4813.3999;4815.0;4801.8999;4809.8999;1404;unknown
2026.04.19 22:15;4809.8999;4815.0;4808.6001;4812.0;621;unknown
2026.04.19 22:20;4811.5;4814.6001;4803.5;4804.0;467;unknown
2026.04.19 22:25;4804.0;4809.0;4803.6001;4805.2002;236;unknown
2026.04.19 22:30;4805.2998;4810.6001;4804.0;4805.6001;286;unknown
2026.04.19 22:35;4805.1001;4806.8999;4802.6001;4804.1001;169;unknown
2026.04.19 22:40;4804.3999;4804.5;4798.3999;4799.5;259;unknown
2026.04.19 22:45;4800.0;4805.5;4800.0;4805.2002;204;unknown
2026.04.19 22:50;4805.8999;4806.8999;4802.1001;4802.6001;180;unknown
2026.04.19 22:55;4802.5;4803.5;4797.6001;4799.3999;242;unknown
2026.04.19 23:00;4798.8999;4799.3999;4792.7998;4795.6001;467;unknown
2026.04.19 23:05;4796.5;4797.2998;4792.0;4795.7998;309;unknown
2026.04.19 23:10;4796.0;4799.2002;4792.3999;4792.8999;364;unknown
2026.04.19 23:15;4792.7998;4796.2002;4790.7002;4793.0;229;unknown
2026.04.19 23:20;4792.7998;4793.0;4788.7002;4790.5;283;unknown
2026.04.19 23:25;4790.7002;4792.2002;4788.2002;4789.2998;221;unknown
2026.04.19 23:30;4789.7998;4793.5;4788.2002;4791.2998;338;unknown
2026.04.19 23:35;4791.3999;4791.7002;4779.0;4784.5;861;unknown
2026.04.19 23:40;4784.2002;4784.5;4752.0;4771.2002;2002;unknown
2026.04.19 23:45;4771.0;4771.1001;4756.0;4763.7998;1395;unknown
2026.04.19 23:50;4763.7002;4772.3999;4763.7002;4772.1001;690;unknown
2026.04.19 23:55;4771.7998;4775.0;4769.7998;4775.0;348;unknown
2026.04.20 00:00;4774.3999;4774.3999;4764.2002;4769.2998;932;unknown
2026.04.20 00:05;4768.7002;4773.8999;4766.2998;4772.0;343;unknown
2026.04.20 00:10;4771.3999;4774.7998;4768.7002;4771.7002;408;unknown
2026.04.20 00:15;4772.0;4779.0;4771.5;4778.2002;618;unknown
2026.04.20 00:20;4777.7998;4782.7998;4776.2002;4782.3999;791;unknown
2026.04.20 00:25;4782.1001;4785.8999;4781.7002;4785.5;479;unknown
2026.04.20 00:30;4785.1001;4788.2002;4781.3999;4785.8999;368;unknown
2026.04.20 00:35;4785.5;4786.2002;4780.5;4784.5;187;unknown
2026.04.20 00:40;4784.1001;4785.7002;4783.1001;4784.0;149;unknown
2026.04.20 00:45;4784.7998;4787.8999;4782.5;4784.2002;292;unknown
2026.04.20 00:50;4784.6001;4784.6001;4779.0;4783.0;281;unknown
2026.04.20 00:55;4782.7998;4793.7998;4781.1001;4792.0;718;unknown
2026.04.20 01:00;4792.0;4807.8999;4790.2998;4806.8999;1729;unknown
2026.04.20 01:05;4806.7002;4808.7002;4800.8999;4807.7002;639;unknown
2026.04.20 01:10;4807.8999;4813.7002;4805.8999;4812.8999;934;unknown
2026.04.20 01:15;4813.2998;4814.2002;4808.0;4811.7002;540;unknown
2026.04.20 01:20;4812.0;4817.7998;4811.1001;4816.5;486;unknown
2026.04.20 01:25;4816.7002;4823.1001;4815.2002;4822.1001;601;unknown
2026.04.20 01:30;4821.7002;4831.2998;4820.6001;4827.1001;926;unknown
2026.04.20 01:35;4827.2002;4829.3999;4822.2998;4827.3999;590;unknown
2026.04.20 01:40;4827.1001;4829.6001;4824.7998;4826.1001;388;unknown
2026.04.20 01:45;4825.7998;4834.2002;4825.6001;4830.2002;689;unknown
2026.04.20 01:50;4830.0;4834.5;4828.0;4832.6001;343;unknown
2026.04.20 01:55;4832.7002;4833.2002;4827.2002;4827.7998;392;unknown
2026.04.20 02:00;4827.3999;4828.7998;4823.5;4824.2002;514;unknown
2026.04.20 02:05;4823.8999;4825.3999;4822.5;4822.6001;481;unknown
2026.04.20 02:10;4822.5;4824.2998;4820.1001;4820.2998;400;unknown
2026.04.20 02:15;4820.7002;4821.8999;4819.0;4820.6001;301;unknown
2026.04.20 02:20;4820.0;4823.3999;4816.6001;4822.3999;374;unknown
2026.04.20 02:25;4822.8999;4822.8999;4817.8999;4819.6001;215;unknown
2026.04.20 02:30;4821.0;4821.3999;4817.6001;4820.8999;273;unknown
2026.04.20 02:35;4820.8999;4821.2002;4814.6001;4816.5;344;unknown
2026.04.20 02:40;4815.7998;4817.3999;4813.2002;4815.3999;287;unknown
2026.04.20 02:45;4815.5;4817.0;4813.1001;4813.2998;125;unknown
2026.04.20 09:35;4879.6001;4879.6001;4804.6001;4808.1001;23763;unknown
2026.04.20 09:40;4808.3999;4812.0;4807.6001;4811.2002;165;unknown
2026.04.20 09:45;4811.5;4815.7998;4811.2002;4814.7998;338;unknown
2026.04.20 09:50;4814.8999;4817.1001;4811.7002;4812.2002;496;unknown
2026.04.20 09:55;4811.5;4813.7002;4809.2002;4811.3999;456;unknown
2026.04.20 10:00;4811.7002;4813.8999;4809.6001;4811.2998;507;unknown
2026.04.20 10:05;4811.6001;4819.5;4811.2002;4818.1001;314;unknown
2026.04.20 10:10;4818.0;4820.0;4815.2002;4815.8999;251;unknown
2026.04.20 10:15;4816.1001;4820.7002;4815.3999;4820.1001;253;unknown
2026.04.20 10:20;4820.1001;4821.2002;4817.7002;4818.1001;188;unknown
2026.04.20 10:25;4818.0;4819.2002;4816.8999;4818.3999;146;unknown
2026.04.20 10:30;4818.5;4820.1001;4817.0;4817.3999;111;unknown
2026.04.20 10:35;4817.2998;4817.7998;4816.2998;4816.7002;70;unknown
2026.04.20 10:40;4816.7998;4817.2002;4815.1001;4815.2998;66;unknown
2026.04.20 10:45;4815.3999;4815.6001;4815.0;4815.6001;8;unknown
2026.04.20 10:55;4879.6001;4879.6001;4815.2998;4815.7002;322;unknown
2026.04.20 11:00;4815.7002;4816.1001;4810.1001;4810.7002;338;unknown
2026.04.20 11:05;4811.0;4814.0;4810.3999;4812.7002;188;unknown
2026.04.20 11:10;4812.7998;4812.7998;4806.3999;4809.3999;393;unknown
2026.04.20 11:15;4809.2998;4810.7002;4806.5;4808.0;165;unknown
2026.04.20 11:20;4807.8999;4809.2002;4806.2998;4809.0;134;unknown
2026.04.20 11:25;4809.2002;4810.1001;4807.2998;4807.8999;211;unknown
2026.04.20 11:30;4808.0;4811.7002;4807.3999;4809.8999;229;unknown
2026.04.20 11:35;4810.1001;4811.6001;4809.1001;4810.8999;263;unknown
2026.04.20 11:40;4810.8999;4811.2998;4810.8999;4811.2998;7;unknown
2026.04.20 11:50;4879.6001;4879.6001;4822.3999;4826.7002;2411;unknown
2026.04.20 11:55;4826.7998;4831.7002;4826.7998;4830.8999;726;unknown
2026.04.20 12:00;4830.7998;4832.2998;4826.2998;4830.1001;743;unknown
2026.04.20 12:05;4830.2002;4832.7998;4822.7002;4827.6001;1230;unknown
2026.04.20 12:10;4827.8999;4832.8999;4827.7002;4830.6001;491;unknown
2026.04.20 12:15;4831.0;4835.7998;4827.2002;4834.5;931;unknown
2026.04.20 12:20;4834.7998;4842.8999;4834.2002;4834.2002;1861;unknown
2026.04.20 12:25;4834.0;4834.2002;4824.0;4825.8999;1548;unknown
2026.04.20 12:30;4825.7002;4829.7002;4824.3999;4826.2998;636;unknown
2026.04.20 12:35;4826.2002;4826.5;4818.7998;4823.7002;675;unknown
2026.04.20 12:40;4824.0;4827.7998;4823.2998;4826.0;365;unknown
2026.04.20 12:45;4826.1001;4828.7998;4824.2998;4826.6001;615;unknown
2026.04.20 12:50;4826.1001;4827.7002;4821.7998;4823.3999;534;unknown
2026.04.20 12:55;4823.6001;4824.5;4820.8999;4823.2998;342;unknown
2026.04.20 13:00;4823.6001;4825.2002;4819.7002;4823.5;615;unknown
2026.04.20 13:05;4823.7002;4835.7998;4822.7998;4831.7002;1049;unknown
2026.04.20 13:10;4831.1001;4837.1001;4829.8999;4835.8999;514;unknown
2026.04.20 13:15;4836.0;4837.7998;4832.2998;4836.3999;362;unknown
2026.04.20 13:20;4836.3999;4840.7002;4835.7998;4836.8999;762;unknown
2026.04.20 13:25;4837.5;4846.5;4835.3999;4845.0;1019;unknown
2026.04.20 13:30;4845.0;4847.2998;4837.1001;4842.5;1389;unknown
2026.04.20 13:35;4842.7002;4846.3999;4836.5;4838.5;788;unknown
2026.04.20 13:40;4838.7002;4844.8999;4837.1001;4843.2002;476;unknown
2026.04.20 13:45;4843.1001;4845.2002;4839.5;4840.7998;605;unknown
2026.04.20 13:50;4841.1001;4842.7002;4838.1001;4841.7998;541;unknown
2026.04.20 13:55;4841.7002;4843.7998;4837.7998;4838.7998;590;unknown
2026.04.20 14:00;4838.7998;4839.3999;4831.2002;4837.7002;2251;unknown
2026.04.20 14:05;4838.1001;4838.2998;4831.7998;4832.7998;878;unknown
2026.04.20 14:10;4832.7002;4836.7998;4826.5;4836.0;1686;unknown
2026.04.20 14:15;4835.7002;4838.5;4834.1001;4836.8999;538;unknown
2026.04.20 14:20;4836.7002;4846.3999;4836.0;4845.7002;932;unknown
2026.04.20 14:25;4845.6001;4847.2002;4842.0;4843.2998;782;unknown
2026.04.20 14:30;4843.5;4847.8999;4837.0;4838.5;966;unknown
2026.04.20 14:35;4838.8999;4838.8999;4833.2002;4834.1001;549;unknown
2026.04.20 14:40;4834.2998;4835.6001;4830.5;4834.7002;563;unknown
2026.04.20 14:45;4833.8999;4835.1001;4830.3999;4833.5;316;unknown
2026.04.20 14:50;4833.6001;4834.3999;4811.8999;4828.8999;2240;unknown
2026.04.20 14:55;4828.7998;4829.1001;4818.7002;4824.8999;986;unknown
2026.04.20 15:00;4825.7002;4827.2002;4816.2002;4818.0;895;unknown
2026.04.20 15:05;4817.2998;4820.7998;4814.7002;4817.2998;612;unknown
2026.04.20 15:10;4817.2002;4822.8999;4812.6001;4818.1001;784;unknown
2026.04.20 15:15;4818.0;4820.6001;4814.1001;4818.2002;560;unknown
2026.04.20 15:20;4817.7002;4825.6001;4816.3999;4824.0;1060;unknown
2026.04.20 15:25;4823.6001;4829.7998;4822.7998;4828.3999;1210;unknown
2026.04.20 15:30;4828.3999;4829.5;4823.7002;4824.3999;473;unknown
2026.04.20 15:35;4824.2002;4824.7002;4820.7002;4822.2998;373;unknown
2026.04.20 15:40;4822.2998;4824.8999;4819.6001;4820.1001;395;unknown
2026.04.20 15:45;4820.2002;4821.7002;4817.7002;4820.0;504;unknown
2026.04.20 15:50;4819.8999;4820.2998;4815.0;4815.3999;404;unknown
2026.04.20 15:55;4815.5;4821.1001;4815.5;4819.8999;368;unknown
2026.04.20 16:00;4819.7998;4821.5;4814.1001;4814.8999;370;unknown
2026.04.20 16:05;4814.7998;4818.2998;4814.2998;4817.7002;338;unknown
2026.04.20 16:10;4817.6001;4819.6001;4817.6001;4818.2998;283;unknown
2026.04.20 16:15;4818.3999;4819.8999;4812.5;4816.8999;548;unknown
2026.04.20 16:20;4817.0;4819.7002;4816.7002;4818.1001;492;unknown
2026.04.20 16:25;4817.8999;4821.8999;4817.6001;4821.5;393;unknown
2026.04.20 16:30;4821.8999;4824.5;4820.1001;4820.5;477;unknown
2026.04.20 16:35;4820.6001;4820.6001;4818.7002;4820.0;147;unknown
2026.04.20 16:40;4819.7998;4824.6001;4818.8999;4822.0;380;unknown
2026.04.20 16:45;4822.1001;4824.7002;4821.7002;4823.6001;373;unknown
2026.04.20 16:50;4823.7998;4826.6001;4823.6001;4825.2002;295;unknown
2026.04.20 16:55;4825.2002;4825.8999;4823.7998;4825.6001;326;unknown
2026.04.20 17:00;4825.8999;4828.7998;4824.0;4827.6001;580;unknown
2026.04.20 17:05;4827.5;4829.7998;4826.7002;4829.2998;289;unknown
2026.04.20 17:10;4829.3999;4830.7002;4828.5;4828.7002;285;unknown
2026.04.20 17:15;4828.8999;4830.2998;4827.5;4829.2998;435;unknown
2026.04.20 17:20;4829.2002;4831.5;4826.8999;4828.1001;508;unknown
2026.04.20 17:25;4828.1001;4830.6001;4826.2002;4830.1001;999;unknown
2026.04.20 17:30;4830.2998;4832.2998;4825.5;4825.5;524;unknown
2026.04.20 17:35;4825.5;4831.0;4825.3999;4830.2002;353;unknown
2026.04.20 17:40;4829.8999;4832.3999;4828.7998;4829.8999;146;unknown
2026.04.20 17:45;4829.7998;4829.8999;4828.1001;4829.3999;181;unknown
2026.04.20 17:50;4829.2002;4830.2002;4827.7002;4829.7002;185;unknown
2026.04.20 17:55;4829.8999;4829.8999;4825.7998;4827.1001;143;unknown
2026.04.20 18:00;4827.6001;4832.3999;4827.6001;4831.7998;201;unknown
2026.04.20 18:05;4831.8999;4835.5;4831.2998;4834.5;411;unknown
2026.04.20 18:10;4834.6001;4836.5;4831.2002;4836.2002;333;unknown
2026.04.20 18:15;4835.8999;4835.8999;4833.2002;4834.2998;193;unknown
2026.04.20 18:20;4834.2998;4835.7998;4832.7998;4834.1001;148;unknown
2026.04.20 18:25;4834.2002;4835.1001;4832.0;4833.8999;273;unknown
2026.04.20 18:30;4834.0;4835.7002;4832.2002;4835.2002;183;unknown
2026.04.20 18:35;4835.2998;4835.5;4831.2002;4832.7998;218;unknown
2026.04.20 18:40;4833.2002;4835.7998;4833.2002;4835.1001;110;unknown
2026.04.20 18:45;4835.1001;4836.8999;4834.5;4835.5;231;unknown
2026.04.20 18:50;4835.6001;4837.0;4835.2998;4835.7002;127;unknown
2026.04.20 18:55;4835.7998;4836.7002;4833.6001;4834.7998;145;unknown
2026.04.20 19:00;4834.7002;4839.3999;4834.7002;4838.2998;309;unknown
2026.04.20 19:05;4838.1001;4840.7998;4838.1001;4840.7002;281;unknown
2026.04.20 19:10;4840.5;4842.1001;4839.3999;4841.0;167;unknown
2026.04.20 19:15;4840.8999;4840.8999;4838.6001;4839.3999;122;unknown
2026.04.20 19:20;4839.2998;4839.6001;4837.3999;4839.2002;118;unknown
2026.04.20 19:25;4838.8999;4839.2998;4836.6001;4837.6001;268;unknown
2026.04.20 19:30;4837.6001;4837.6001;4834.2998;4835.2002;253;unknown
2026.04.20 19:35;4834.8999;4835.0;4829.7002;4831.5;626;unknown
2026.04.20 19:40;4831.7002;4833.2998;4830.6001;4831.7998;201;unknown
2026.04.20 19:45;4832.1001;4833.5;4831.8999;4833.1001;121;unknown
2026.04.20 19:50;4833.3999;4833.7002;4831.7998;4832.0;144;unknown
2026.04.20 19:55;4831.8999;4834.8999;4831.3999;4834.7998;306;unknown
2026.04.20 20:00;4835.0;4837.3999;4834.5;4835.6001;287;unknown
2026.04.20 20:05;4835.6001;4836.6001;4834.6001;4834.6001;83;unknown
2026.04.20 20:10;4834.7998;4835.3999;4832.7998;4834.0;236;unknown
2026.04.20 20:15;4834.2998;4834.7002;4832.8999;4833.7998;88;unknown
2026.04.20 20:20;4833.7002;4836.2002;4833.2998;4836.1001;57;unknown
2026.04.20 20:25;4835.8999;4837.7002;4835.5;4836.6001;99;unknown
2026.04.20 20:30;4836.5;4837.2998;4833.3999;4834.6001;166;unknown
2026.04.20 20:35;4834.5;4836.2998;4833.6001;4836.2998;74;unknown
2026.04.20 20:40;4835.7998;4838.0;4835.2998;4837.2002;149;unknown
2026.04.20 20:45;4837.1001;4838.3999;4836.8999;4837.3999;106;unknown
2026.04.20 20:50;4838.0;4841.7002;4837.7002;4840.3999;123;unknown
2026.04.20 20:55;4840.5;4842.7002;4840.2998;4841.0;166;unknown
2026.04.20 22:00;4842.3999;4854.7998;4841.1001;4845.2998;0;unknown
2026.04.20 22:05;4845.1001;4853.0;4844.0;4850.7998;397;unknown
2026.04.20 22:10;4850.2002;4853.2998;4848.3999;4849.8999;271;unknown
2026.04.20 22:15;4850.3999;4853.8999;4849.7002;4852.2998;247;unknown
2026.04.20 22:20;4852.2002;4854.2002;4850.7998;4852.2002;214;unknown
2026.04.20 22:25;4851.7998;4853.2998;4849.3999;4849.3999;239;unknown
2026.04.20 22:30;4849.7002;4849.7002;4845.7998;4849.1001;231;unknown
2026.04.20 22:35;4849.1001;4851.7998;4849.1001;4850.0;222;unknown
2026.04.20 22:40;4850.2998;4852.0;4849.7998;4851.8999;163;unknown
2026.04.20 22:45;4851.6001;4852.8999;4850.2998;4850.5;115;unknown
2026.04.20 22:50;4850.7002;4851.0;4847.6001;4848.3999;171;unknown
2026.04.20 22:55;4848.5;4848.8999;4846.2998;4848.5;182;unknown
2026.04.20 23:00;4848.7002;4852.5;4846.6001;4847.3999;397;unknown
2026.04.20 23:05;4847.3999;4848.1001;4844.5;4845.3999;198;unknown
2026.04.20 23:10;4846.0;4847.8999;4845.8999;4846.7998;86;unknown
2026.04.20 23:15;4846.5;4846.5;4844.7002;4845.6001;63;unknown
2026.04.20 23:20;4845.5;4847.3999;4845.5;4846.8999;60;unknown
2026.04.20 23:25;4847.0;4848.0;4845.8999;4846.5;76;unknown
2026.04.20 23:30;4846.3999;4846.3999;4843.7002;4844.7998;165;unknown
2026.04.20 23:35;4844.7998;4845.7998;4843.6001;4845.7002;73;unknown
2026.04.20 23:40;4845.5;4845.7998;4843.7998;4844.5;125;unknown
2026.04.20 23:45;4845.1001;4845.6001;4840.8999;4842.0;132;unknown
2026.04.20 23:50;4841.8999;4843.0;4840.7998;4841.5;80;unknown
2026.04.20 23:55;4841.3999;4842.7998;4840.5;4842.3999;104;unknown
2026.04.21 00:00;4843.0;4846.5;4841.0;4845.2998;292;unknown
2026.04.21 00:05;4845.1001;4848.8999;4844.7998;4848.8999;199;unknown
2026.04.21 00:10;4849.0;4851.2002;4848.2002;4848.7002;217;unknown
2026.04.21 00:15;4848.5;4849.6001;4846.2998;4848.1001;126;unknown
2026.04.21 00:20;4848.2998;4848.8999;4845.0;4845.5;230;unknown
2026.04.21 00:25;4845.2998;4845.2998;4839.2002;4839.5;447;unknown
2026.04.21 00:30;4839.7998;4840.1001;4836.7998;4837.6001;236;unknown
2026.04.21 00:35;4837.5;4840.0;4836.3999;4839.5;196;unknown
2026.04.21 00:40;4839.1001;4844.2998;4839.1001;4842.3999;279;unknown
2026.04.21 00:45;4842.3999;4845.7002;4841.2002;4845.1001;211;unknown
2026.04.21 00:50;4844.6001;4845.1001;4842.1001;4844.2998;70;unknown
2026.04.21 00:55;4843.8999;4845.8999;4843.1001;4843.6001;113;unknown
2026.04.21 01:00;4843.7998;4844.2998;4835.7998;4837.7998;379;unknown
2026.04.21 01:05;4837.5;4840.0;4836.5;4838.1001;176;unknown
2026.04.21 01:10;4838.2998;4838.2998;4832.6001;4834.6001;327;unknown
2026.04.21 01:15;4834.5;4837.2998;4833.7002;4837.0;164;unknown
2026.04.21 01:20;4837.2998;4837.6001;4834.5;4836.5;225;unknown
2026.04.21 01:25;4836.5;4838.2002;4834.0;4838.2002;120;unknown
2026.04.21 01:30;4837.7002;4838.5;4835.5;4837.0;115;unknown
2026.04.21 01:35;4837.5;4839.0;4832.2002;4832.5;202;unknown
2026.04.21 01:40;4832.8999;4833.2002;4828.2998;4832.6001;372;unknown
2026.04.21 01:45;4833.1001;4833.6001;4829.8999;4832.0;166;unknown
2026.04.21 01:50;4832.1001;4832.5;4828.2002;4829.1001;315;unknown
2026.04.21 01:55;4829.2998;4830.5;4825.2998;4829.7998;356;unknown
2026.04.21 02:00;4830.1001;4830.2002;4826.2998;4826.7002;180;unknown
2026.04.21 02:05;4826.8999;4830.1001;4826.6001;4828.1001;185;unknown
2026.04.21 02:10;4828.6001;4829.3999;4825.0;4826.6001;266;unknown
2026.04.21 02:15;4827.0;4828.1001;4826.1001;4826.8999;65;unknown
2026.04.21 02:20;4826.7002;4826.7998;4822.0;4826.1001;303;unknown
2026.04.21 02:25;4825.2998;4827.8999;4824.8999;4827.2002;113;unknown
2026.04.21 02:30;4826.7998;4826.8999;4821.6001;4822.7002;299;unknown
2026.04.21 02:35;4823.0;4825.5;4821.8999;4825.5;258;unknown
2026.04.21 02:40;4825.2998;4826.2002;4824.3999;4825.2998;77;unknown
2026.04.21 02:45;4825.2998;4826.2998;4821.5;4823.1001;240;unknown
2026.04.21 02:50;4823.6001;4826.2998;4822.8999;4825.6001;215;unknown
2026.04.21 02:55;4825.7998;4827.5;4825.7998;4826.0;92;unknown
2026.04.21 03:00;4826.2002;4826.7998;4824.1001;4826.1001;81;unknown
2026.04.21 03:05;4826.6001;4826.8999;4820.8999;4822.7998;264;unknown
2026.04.21 03:10;4822.5;4823.3999;4819.2002;4819.7002;317;unknown
2026.04.21 03:15;4819.6001;4821.2002;4815.3999;4816.6001;363;unknown
2026.04.21 03:20;4816.5;4818.5;4813.1001;4813.6001;439;unknown
2026.04.21 03:25;4813.2998;4818.2998;4812.6001;4817.7002;671;unknown
2026.04.21 03:30;4818.0;4819.3999;4816.7998;4817.7998;816;unknown
2026.04.21 03:35;4817.5;4818.1001;4813.0;4813.6001;327;unknown
2026.04.21 03:40;4813.7002;4813.8999;4811.2002;4813.7998;276;unknown
2026.04.21 03:45;4813.6001;4814.5;4812.6001;4814.2002;172;unknown
2026.04.21 03:50;4813.8999;4816.0;4813.3999;4813.7998;193;unknown
2026.04.21 03:55;4813.8999;4816.3999;4813.6001;4816.2998;215;unknown
2026.04.21 04:00;4816.1001;4816.6001;4815.2998;4816.3999;100;unknown
2026.04.21 04:05;4816.5;4816.5;4812.6001;4813.0;419;unknown
2026.04.21 04:10;4812.7998;4814.2998;4812.1001;4812.8999;247;unknown
2026.04.21 04:15;4812.7002;4815.1001;4810.5;4811.6001;566;unknown
2026.04.21 04:20;4811.7998;4813.7998;4809.2998;4810.8999;245;unknown
2026.04.21 04:25;4810.8999;4813.8999;4810.1001;4810.7998;434;unknown
2026.04.21 04:30;4810.7002;4811.5;4808.0;4810.3999;189;unknown
2026.04.21 04:35;4810.7002;4812.1001;4810.2002;4811.6001;191;unknown
2026.04.21 04:40;4811.2998;4812.7998;4809.7002;4810.0;339;unknown
2026.04.21 04:45;4810.2998;4811.8999;4807.8999;4808.1001;326;unknown
2026.04.21 04:50;4808.0;4809.2002;4807.3999;4807.7002;339;unknown
2026.04.21 04:55;4807.8999;4810.2002;4807.0;4807.7002;344;unknown
2026.04.21 05:00;4807.7998;4809.5;4804.2998;4809.5;739;unknown
2026.04.21 05:05;4809.5;4811.5;4808.0;4808.5;588;unknown
2026.04.21 05:10;4808.5;4809.0;4806.1001;4807.7998;367;unknown
2026.04.21 05:15;4808.0;4809.7998;4807.1001;4807.5;310;unknown
2026.04.21 05:20;4807.7002;4808.5;4805.0;4807.7998;341;unknown
2026.04.21 05:25;4807.8999;4809.3999;4804.2998;4806.1001;447;unknown
2026.04.21 05:30;4806.2002;4811.5;4804.3999;4810.6001;749;unknown
2026.04.21 05:35;4810.7002;4815.3999;4809.7002;4814.6001;409;unknown
2026.04.21 05:40;4814.6001;4815.7002;4813.6001;4815.1001;299;unknown
2026.04.21 05:45;4815.2998;4815.2998;4809.2002;4809.5;310;unknown
2026.04.21 05:50;4809.2002;4809.5;4801.7002;4806.2998;900;unknown
2026.04.21 05:55;4807.0;4807.0;4802.5;4802.8999;347;unknown
2026.04.21 06:00;4802.6001;4804.0;4794.1001;4801.1001;1379;unknown
2026.04.21 06:05;4801.2998;4806.3999;4798.2998;4806.2002;602;unknown
2026.04.21 06:10;4805.7002;4809.3999;4802.7998;4803.6001;969;unknown
2026.04.21 06:15;4803.3999;4804.5;4797.7998;4799.1001;1126;unknown
2026.04.21 06:20;4798.8999;4802.0;4795.6001;4800.2002;985;unknown
2026.04.21 06:25;4799.7002;4799.7002;4796.0;4796.7002;218;unknown
2026.04.21 06:35;4828.7998;4828.7998;4794.6001;4797.0;1617;unknown
2026.04.21 06:40;4797.1001;4800.2998;4795.6001;4799.3999;340;unknown
2026.04.21 06:45;4799.0;4802.6001;4795.5;4796.6001;753;unknown
2026.04.21 06:50;4796.2998;4797.3999;4793.0;4795.3999;852;unknown
2026.04.21 06:55;4794.8999;4798.2998;4794.5;4796.7998;430;unknown
2026.04.21 07:00;4796.2998;4798.1001;4790.7998;4793.0;761;unknown
2026.04.21 07:05;4792.8999;4799.8999;4792.8999;4799.6001;353;unknown
2026.04.21 07:10;4799.6001;4804.2998;4799.0;4801.3999;575;unknown
2026.04.21 07:15;4801.7002;4806.7002;4801.7002;4803.0;360;unknown
2026.04.21 07:20;4802.8999;4803.2998;4799.3999;4802.7002;190;unknown
2026.04.21 07:25;4802.5;4804.2998;4801.2002;4802.2002;169;unknown
2026.04.21 07:30;4802.5;4803.7002;4800.0;4800.7002;147;unknown
2026.04.21 07:35;4800.7002;4803.2002;4800.3999;4800.7998;160;unknown
2026.04.21 07:40;4801.3999;4806.0;4799.5;4805.2998;220;unknown
2026.04.21 07:45;4805.1001;4809.6001;4805.0;4809.1001;319;unknown
2026.04.21 07:50;4809.0;4811.5;4806.8999;4807.6001;382;unknown
2026.04.21 07:55;4807.7998;4808.8999;4803.0;4804.8999;417;unknown
2026.04.21 08:00;4804.5;4806.6001;4803.2002;4804.2002;304;unknown
2026.04.21 08:05;4804.2002;4804.7002;4796.7998;4799.2002;550;unknown
2026.04.21 08:10;4799.5;4800.3999;4793.2998;4794.7002;407;unknown
2026.04.21 08:15;4794.3999;4802.2998;4794.0;4801.7002;315;unknown
2026.04.21 08:20;4801.5;4808.0;4801.5;4805.2002;452;unknown
2026.04.21 08:25;4805.7002;4807.3999;4803.2002;4805.8999;363;unknown
2026.04.21 08:30;4805.8999;4808.0;4803.7002;4806.8999;421;unknown
2026.04.21 08:35;4807.0;4807.5;4804.8999;4807.2002;197;unknown
2026.04.21 08:40;4807.3999;4812.2002;4805.7998;4810.2998;356;unknown
2026.04.21 08:45;4810.7002;4811.7998;4808.3999;4808.3999;235;unknown
2026.04.21 08:50;4808.7002;4808.7002;4805.0;4807.2002;169;unknown
2026.04.21 08:55;4807.3999;4807.3999;4805.0;4805.0;91;unknown
2026.04.21 09:00;4804.8999;4805.0;4800.0;4804.2998;318;unknown
2026.04.21 09:05;4804.0;4805.5;4802.5;4804.6001;173;unknown
2026.04.21 09:10;4804.2998;4805.3999;4803.1001;4803.1001;148;unknown
2026.04.21 09:15;4802.7002;4806.2998;4802.6001;4806.0;184;unknown
2026.04.21 09:20;4806.1001;4806.8999;4803.5;4804.5;129;unknown
2026.04.21 09:25;4804.2002;4805.3999;4800.1001;4801.1001;251;unknown
2026.04.21 09:30;4800.8999;4803.8999;4800.7998;4803.6001;470;unknown
2026.04.21 09:35;4803.5;4804.6001;4801.2998;4802.2998;364;unknown
2026.04.21 09:40;4802.1001;4806.0;4801.7002;4805.7998;476;unknown
2026.04.21 09:45;4806.0;4806.6001;4802.0;4804.0;439;unknown
2026.04.21 09:50;4804.1001;4807.2002;4803.2002;4806.1001;624;unknown
2026.04.21 09:55;4806.2998;4808.2998;4802.2998;4802.3999;562;unknown
2026.04.21 10:00;4802.7998;4804.7002;4801.5;4802.6001;246;unknown
2026.04.21 10:05;4802.3999;4805.0;4802.0;4804.6001;167;unknown
2026.04.21 10:10;4804.1001;4804.2998;4801.2002;4801.8999;110;unknown
2026.04.21 10:15;4802.1001;4802.8999;4799.6001;4801.7998;208;unknown
2026.04.21 10:20;4801.7998;4803.8999;4801.2998;4801.5;132;unknown
2026.04.21 10:25;4802.2002;4803.2998;4801.1001;4802.1001;168;unknown
2026.04.21 10:30;4802.1001;4805.0;4801.7002;4803.7002;220;unknown
2026.04.21 10:35;4803.3999;4807.0;4803.3999;4806.1001;168;unknown
2026.04.21 10:40;4806.0;4806.2998;4804.3999;4805.3999;81;unknown
2026.04.21 10:45;4805.3999;4806.7002;4805.2998;4805.2998;53;unknown
2026.04.21 10:50;4805.7998;4809.3999;4805.7998;4809.2002;222;unknown
2026.04.21 10:55;4809.0;4809.7002;4808.0;4809.0;337;unknown
2026.04.21 11:00;4809.2002;4809.5;4806.1001;4806.6001;243;unknown
2026.04.21 11:05;4806.5;4808.2998;4794.2998;4799.7002;814;unknown
2026.04.21 11:10;4799.7998;4802.2998;4798.3999;4801.0;399;unknown
2026.04.21 11:15;4800.8999;4802.2998;4800.0;4800.7002;200;unknown
2026.04.21 11:20;4801.0;4803.8999;4800.5;4801.0;190;unknown
2026.04.21 11:25;4800.6001;4803.2002;4798.2002;4802.3999;159;unknown
2026.04.21 11:30;4802.3999;4809.7002;4802.2002;4806.5;474;unknown
2026.04.21 11:35;4806.7002;4810.2002;4806.7002;4809.1001;391;unknown
2026.04.21 11:40;4809.5;4814.3999;4808.7002;4812.6001;723;unknown
2026.04.21 11:45;4812.7998;4818.0;4811.2998;4815.6001;486;unknown
2026.04.21 11:50;4815.7002;4816.6001;4812.2002;4813.3999;269;unknown
2026.04.21 11:55;4813.2998;4815.7998;4813.2998;4814.2002;317;unknown
2026.04.21 12:00;4814.3999;4816.7002;4813.0;4813.0;274;unknown
2026.04.21 12:05;4812.8999;4815.7998;4810.7002;4815.2002;512;unknown
2026.04.21 12:10;4814.8999;4815.2998;4810.2998;4810.2998;413;unknown
2026.04.21 12:15;4810.8999;4811.1001;4802.8999;4802.8999;559;unknown
2026.04.21 12:20;4803.1001;4804.6001;4798.2002;4801.6001;938;unknown
2026.04.21 12:25;4801.8999;4803.5;4798.8999;4799.7002;494;unknown
2026.04.21 12:30;4799.2998;4806.5;4781.6001;4806.0;2576;unknown
2026.04.21 12:35;4805.7998;4809.2998;4798.8999;4799.2002;1236;unknown
2026.04.21 12:40;4799.0;4801.5;4795.0;4797.2998;1102;unknown
2026.04.21 12:45;4797.2002;4802.1001;4796.2002;4796.2002;596;unknown
2026.04.21 12:50;4796.2998;4800.1001;4795.5;4798.8999;430;unknown
2026.04.21 12:55;4798.8999;4801.1001;4794.3999;4797.6001;492;unknown
2026.04.21 13:00;4797.6001;4802.7998;4796.7998;4798.0;688;unknown
2026.04.21 13:05;4797.7998;4798.5;4785.1001;4786.7002;1377;unknown
2026.04.21 13:10;4786.7002;4789.5;4783.2998;4783.7998;919;unknown
2026.04.21 13:15;4783.6001;4790.7002;4777.2998;4786.5;1507;unknown
2026.04.21 13:20;4786.6001;4790.8999;4785.6001;4788.5;686;unknown
2026.04.21 13:25;4788.6001;4793.7002;4787.7002;4793.1001;620;unknown
2026.04.21 13:30;4792.8999;4800.2002;4792.2998;4794.3999;1525;unknown
2026.04.21 13:35;4794.2998;4805.1001;4788.7998;4803.2998;1503;unknown
2026.04.21 13:40;4803.6001;4812.1001;4803.0;4808.3999;1337;unknown
2026.04.21 13:45;4808.2002;4813.7998;4804.7002;4808.6001;1102;unknown
2026.04.21 13:50;4807.8999;4813.0;4806.2002;4808.7002;679;unknown
2026.04.21 13:55;4808.6001;4808.8999;4796.5;4798.2002;1299;unknown
2026.04.21 14:00;4798.2002;4800.6001;4792.2998;4799.2002;1527;unknown
2026.04.21 14:05;4799.3999;4801.8999;4798.2998;4800.2002;457;unknown
2026.04.21 14:10;4799.3999;4799.7002;4795.2002;4798.3999;456;unknown
2026.04.21 14:15;4797.2002;4799.5;4795.7998;4796.6001;486;unknown
2026.04.21 14:20;4796.7998;4797.1001;4790.6001;4791.2002;656;unknown
2026.04.21 14:25;4791.3999;4793.7998;4788.5;4792.6001;660;unknown
2026.04.21 14:30;4792.5;4793.5;4780.2002;4786.2998;1595;unknown
2026.04.21 14:35;4786.2998;4787.7002;4777.3999;4779.5;1304;unknown
2026.04.21 14:40;4779.7998;4781.7002;4761.2002;4762.7998;5415;unknown
2026.04.21 14:45;4762.7002;4763.8999;4741.3999;4745.8999;6228;unknown
2026.04.21 14:50;4745.3999;4757.5;4740.8999;4757.2002;3561;unknown
2026.04.21 14:55;4756.3999;4760.7998;4751.7002;4757.3999;2773;unknown
2026.04.21 15:00;4757.7998;4759.7002;4749.0;4753.0;2417;unknown
2026.04.21 15:05;4752.8999;4758.7998;4745.8999;4758.7002;2863;unknown
2026.04.21 15:10;4758.8999;4769.2002;4758.2998;4766.8999;1933;unknown
2026.04.21 15:15;4766.2998;4775.0;4763.3999;4773.3999;1448;unknown
2026.04.21 15:20;4773.7998;4776.6001;4766.6001;4768.7002;1970;unknown
2026.04.21 15:25;4768.7002;4768.7002;4760.2998;4761.1001;867;unknown
2026.04.21 15:30;4761.2002;4764.2002;4759.7998;4762.5;542;unknown
2026.04.21 15:35;4762.3999;4763.2002;4755.2998;4761.5;730;unknown
2026.04.21 15:40;4761.2998;4766.3999;4757.2002;4764.2002;521;unknown
2026.04.21 15:45;4764.0;4768.6001;4762.3999;4764.7002;841;unknown
2026.04.21 15:50;4764.5;4764.7998;4758.1001;4759.3999;703;unknown
2026.04.21 15:55;4759.3999;4760.2998;4757.0;4759.7998;487;unknown
2026.04.21 16:00;4760.2998;4765.8999;4759.0;4759.3999;999;unknown
2026.04.21 16:05;4758.8999;4760.3999;4753.6001;4754.3999;762;unknown
2026.04.21 16:10;4754.0;4754.2002;4745.7002;4749.5;1166;unknown
2026.04.21 16:15;4749.2998;4753.3999;4747.8999;4751.5;555;unknown
2026.04.21 16:20;4751.3999;4752.1001;4747.0;4750.0;829;unknown
2026.04.21 16:25;4749.7002;4749.7002;4737.6001;4739.8999;1710;unknown
2026.04.21 16:30;4739.5;4745.0;4738.3999;4743.6001;1332;unknown
2026.04.21 16:35;4743.3999;4746.7998;4738.5;4743.0;808;unknown
2026.04.21 16:40;4742.7998;4744.5;4739.2998;4740.0;418;unknown
2026.04.21 16:45;4739.7002;4741.8999;4737.1001;4740.6001;740;unknown
2026.04.21 16:50;4740.2998;4740.7998;4726.3999;4728.2002;2493;unknown
2026.04.21 16:55;4728.2002;4731.2998;4726.8999;4729.5;1212;unknown
2026.04.21 17:00;4729.2998;4737.6001;4728.3999;4731.1001;1831;unknown
2026.04.21 17:05;4730.8999;4731.0;4725.7998;4728.5;1480;unknown
2026.04.21 17:10;4729.2002;4729.7002;4718.1001;4724.1001;2035;unknown
2026.04.21 17:15;4725.0;4727.0;4717.5;4719.1001;1232;unknown
2026.04.21 17:20;4719.5;4723.8999;4717.8999;4721.7998;829;unknown
2026.04.21 17:25;4721.3999;4724.1001;4715.0;4719.1001;1819;unknown
2026.04.21 17:30;4719.2998;4725.2998;4716.2998;4724.6001;1318;unknown
2026.04.21 17:35;4743.845;4743.845;4743.845;4743.845;0;unknown
2026.04.21 17:40;4728.2998;4742.0;4726.7002;4737.3999;2517;unknown
2026.04.21 17:45;4737.7002;4738.5;4730.6001;4731.3999;917;unknown
2026.04.21 17:50;4731.2002;4732.0;4726.5;4727.1001;560;unknown
2026.04.21 17:55;4726.7998;4731.2002;4725.7998;4731.0;414;unknown
2026.04.21 18:00;4740.795;4740.795;4740.795;4740.795;0;unknown
2026.04.21 18:05;4730.0;4733.0;4727.8999;4727.8999;377;unknown
2026.04.21 18:10;4727.7998;4728.1001;4723.7002;4724.1001;529;unknown
2026.04.21 18:15;4724.7002;4724.7002;4714.0;4716.1001;1433;unknown
2026.04.21 18:20;4715.8999;4717.6001;4712.5;4714.7002;784;unknown
2026.04.21 18:25;4714.7002;4716.2002;4712.0;4716.2002;509;unknown
2026.04.21 18:30;4716.3999;4722.6001;4716.3999;4721.5;680;unknown
2026.04.21 18:35;4721.3999;4723.1001;4719.3999;4720.6001;246;unknown
2026.04.21 18:40;4720.3999;4722.3999;4718.7002;4722.3999;307;unknown
2026.04.21 18:45;4721.8999;4723.2002;4720.1001;4720.8999;158;unknown
2026.04.21 18:50;4720.8999;4729.7998;4718.0;4728.1001;868;unknown
2026.04.21 18:55;4727.5;4732.7998;4723.3999;4728.1001;803;unknown
2026.04.21 19:00;4713.085;4713.085;4713.085;4713.085;0;unknown
2026.04.21 19:05;4728.2998;4730.0;4726.7002;4728.2002;280;unknown
2026.04.21 19:10;4728.0;4732.0;4722.7998;4726.2002;674;unknown
2026.04.21 19:15;4726.8999;4729.5;4723.8999;4725.7002;383;unknown
2026.04.21 19:20;4725.6001;4733.3999;4724.3999;4733.3999;776;unknown
2026.04.21 19:25;4733.3999;4734.1001;4729.1001;4732.8999;422;unknown
2026.04.21 19:30;4732.7998;4733.5;4728.7998;4729.2002;345;unknown
2026.04.21 19:35;4728.7998;4729.0;4717.7002;4719.7998;754;unknown
2026.04.21 19:40;4720.1001;4720.2002;4685.7998;4690.3999;3935;unknown
2026.04.21 19:45;4690.6001;4703.0;4689.6001;4700.7002;1336;unknown
2026.04.21 19:50;4700.7002;4704.2002;4695.3999;4698.5;965;unknown
2026.04.21 19:55;4698.5;4703.2002;4695.7998;4698.2998;972;unknown
2026.04.21 20:00;4710.945;4710.945;4710.945;4710.945;0;unknown
2026.04.21 20:05;4695.2002;4702.2002;4688.3999;4700.2998;1175;unknown
2026.04.21 20:10;4701.0;4721.3999;4698.7998;4716.5;1691;unknown
2026.04.21 20:15;4717.7998;4729.2998;4713.8999;4722.2998;1210;unknown
2026.04.21 20:20;4722.2002;4730.2998;4721.6001;4728.6001;365;unknown
2026.04.21 20:25;4728.5;4729.5;4724.2002;4724.6001;310;unknown
2026.04.21 20:30;4724.2998;4729.3999;4724.2998;4729.3999;176;unknown
2026.04.21 20:35;4729.0;4732.7998;4728.5;4731.2998;253;unknown
2026.04.21 20:40;4731.1001;4731.6001;4729.2998;4730.2998;331;unknown
2026.04.21 20:45;4729.8999;4732.6001;4728.0;4732.0;288;unknown
2026.04.21 20:50;4732.6001;4737.2998;4730.3999;4735.5;317;unknown
2026.04.21 20:55;4735.5;4739.6001;4735.2998;4738.5;243;unknown
2026.04.21 22:00;4738.7002;4748.1001;4734.2998;4743.6001;0;unknown
2026.04.21 22:05;4743.6001;4744.1001;4735.2002;4738.6001;472;unknown
2026.04.21 22:10;4738.1001;4741.0;4736.7002;4739.3999;60;unknown
2026.04.21 22:15;4740.0;4740.0;4737.2998;4738.7998;62;unknown
2026.04.21 22:20;4738.7002;4738.7002;4734.3999;4736.0;75;unknown
2026.04.21 22:25;4736.2998;4738.0;4734.6001;4737.0;64;unknown
2026.04.21 22:30;4737.2998;4737.2998;4734.3999;4735.7002;116;unknown
2026.04.21 22:35;4735.6001;4737.7002;4735.3999;4736.1001;121;unknown
2026.04.21 22:40;4736.2002;4737.0;4734.0;4735.5;123;unknown
2026.04.21 22:45;4734.7002;4736.8999;4733.8999;4734.7998;181;unknown
2026.04.21 22:50;4734.5;4737.2002;4733.1001;4737.0;121;unknown
2026.04.21 22:55;4736.7002;4738.1001;4735.3999;4737.6001;66;unknown
2026.04.21 23:00;4737.1001;4740.6001;4736.0;4739.3999;318;unknown
2026.04.21 23:05;4739.5;4743.7002;4739.5;4742.7998;233;unknown
2026.04.21 23:10;4743.1001;4747.6001;4742.5;4745.2002;275;unknown
2026.04.21 23:15;4745.7998;4750.7998;4744.0;4749.3999;347;unknown
2026.04.21 23:20;4749.3999;4751.1001;4748.2998;4750.2002;281;unknown
2026.04.21 23:25;4750.6001;4750.8999;4748.0;4748.0;189;unknown
2026.04.21 23:30;4747.6001;4751.1001;4747.3999;4750.2998;174;unknown
2026.04.21 23:35;4750.5;4752.0;4746.2998;4748.2998;277;unknown
2026.04.21 23:40;4748.3999;4750.8999;4747.1001;4749.7998;146;unknown
2026.04.21 23:45;4749.5;4756.3999;4749.5;4756.1001;366;unknown
2026.04.21 23:50;4756.0;4758.3999;4754.7998;4756.7998;313;unknown
2026.04.21 23:55;4756.7002;4757.7002;4755.0;4755.7998;272;unknown
2026.04.22 00:00;4756.2998;4763.2998;4756.2998;4761.1001;493;unknown
2026.04.22 00:05;4760.6001;4766.0;4758.5;4762.2998;371;unknown
2026.04.22 00:10;4762.5;4764.7998;4760.7998;4760.8999;254;unknown
2026.04.22 00:15;4760.6001;4763.8999;4759.5;4761.7998;195;unknown
2026.04.22 00:20;4761.3999;4763.7998;4759.6001;4760.1001;173;unknown
2026.04.22 00:25;4760.0;4763.2002;4758.2998;4760.6001;192;unknown
2026.04.22 00:30;4760.2998;4765.1001;4760.2998;4762.6001;272;unknown
2026.04.22 00:35;4762.8999;4763.6001;4760.8999;4762.2002;231;unknown
2026.04.22 00:40;4763.0;4763.1001;4759.2998;4759.8999;182;unknown
2026.04.22 00:45;4760.2998;4764.6001;4759.2998;4761.5;271;unknown
2026.04.22 00:50;4761.2998;4762.2998;4757.0;4758.0;254;unknown
2026.04.22 00:55;4757.6001;4759.7002;4756.1001;4757.7002;240;unknown
2026.04.22 01:00;4757.3999;4763.0;4755.2002;4758.5;728;unknown
2026.04.22 01:05;4757.8999;4759.5;4753.5;4756.7998;412;unknown
2026.04.22 01:10;4757.1001;4758.1001;4754.1001;4756.2002;290;unknown
2026.04.22 01:15;4756.1001;4761.5;4756.0;4758.3999;276;unknown
2026.04.22 01:20;4759.0;4767.3999;4759.0;4763.7002;393;unknown
2026.04.22 01:25;4764.2002;4765.7002;4761.7002;4764.1001;240;unknown
2026.04.22 01:30;4764.2002;4768.0;4764.0;4766.0;445;unknown
2026.04.22 01:35;4765.7002;4771.7998;4765.5;4769.3999;757;unknown
2026.04.22 01:40;4769.0;4771.8999;4766.7002;4767.2998;551;unknown
2026.04.22 01:45;4767.2998;4771.8999;4765.7002;4770.6001;532;unknown
2026.04.22 01:50;4770.2998;4772.5;4768.5;4772.2002;398;unknown
2026.04.22 01:55;4771.5;4772.3999;4769.6001;4769.7998;251;unknown
2026.04.22 02:00;4770.2998;4771.0;4767.5;4770.3999;370;unknown
2026.04.22 02:05;4770.3999;4771.3999;4768.6001;4770.7998;155;unknown
2026.04.22 02:10;4771.1001;4774.1001;4770.8999;4773.5;321;unknown
2026.04.22 02:15;4773.2002;4775.2998;4771.0;4775.1001;366;unknown
2026.04.22 02:20;4775.6001;4775.7998;4772.7998;4773.0;163;unknown
2026.04.22 02:25;4773.2002;4774.0;4772.2998;4773.3999;90;unknown
2026.04.22 02:30;4773.0;4776.2002;4772.8999;4774.7002;342;unknown
2026.04.22 02:35;4773.8999;4774.5;4770.6001;4770.8999;286;unknown
2026.04.22 02:40;4744.645;4744.645;4744.645;4744.645;0;unknown
2026.04.22 02:45;4768.8999;4772.1001;4768.2998;4769.1001;302;unknown
2026.04.22 02:50;4769.0;4773.0;4769.0;4772.7002;157;unknown
2026.04.22 02:55;4773.2998;4774.6001;4770.8999;4773.5;194;unknown
2026.04.22 03:00;4741.365;4741.365;4741.365;4741.365;0;unknown
2026.04.22 03:05;4776.3999;4778.5;4776.0;4777.1001;307;unknown
2026.04.22 03:10;4777.2998;4777.6001;4774.2002;4775.2998;245;unknown
2026.04.22 03:15;4774.8999;4777.2998;4774.5;4775.8999;181;unknown
2026.04.22 03:20;4775.7998;4778.0;4774.0;4777.0;370;unknown
2026.04.22 03:25;4777.2002;4781.0;4776.5;4780.7002;326;unknown
2026.04.22 03:30;4780.3999;4782.7002;4778.2998;4778.5;386;unknown
2026.04.22 03:35;4778.6001;4779.1001;4774.6001;4775.8999;291;unknown
2026.04.22 03:40;4775.7998;4777.5;4774.7998;4776.7998;181;unknown
2026.04.22 03:45;4777.2998;4778.0;4775.7998;4776.2998;95;unknown
2026.04.22 03:50;4776.2002;4778.6001;4775.2998;4775.5;169;unknown
2026.04.22 03:55;4775.7998;4777.7002;4774.7998;4777.0;141;unknown
2026.04.22 04:00;4752.945;4752.945;4752.945;4752.945;0;unknown
2026.04.22 04:05;4776.3999;4777.2002;4776.1001;4776.1001;55;unknown
2026.04.22 04:10;4776.2002;4776.3999;4773.2002;4775.2002;239;unknown
2026.04.22 04:15;4775.5;4775.5;4773.0;4774.0;177;unknown
2026.04.22 04:20;4773.8999;4775.2998;4773.8999;4774.1001;60;unknown
2026.04.22 04:25;4773.8999;4774.2002;4772.3999;4773.5;155;unknown
2026.04.22 04:30;4773.5;4775.0;4772.7002;4772.7002;208;unknown
2026.04.22 04:35;4772.8999;4773.3999;4770.7998;4771.3999;298;unknown
2026.04.22 04:40;4771.5;4774.3999;4770.2998;4774.1001;232;unknown
2026.04.22 04:45;4774.0;4777.2998;4773.7998;4775.5;268;unknown
2026.04.22 04:50;4775.6001;4775.6001;4771.2998;4772.7002;587;unknown
2026.04.22 04:55;4772.7998;4773.0;4770.1001;4772.3999;542;unknown
2026.04.22 05:00;4759.215;4759.215;4759.215;4759.215;0;unknown
2026.04.22 05:05;4771.1001;4773.8999;4770.7002;4773.7998;162;unknown
2026.04.22 05:10;4773.7998;4775.1001;4772.1001;4774.8999;180;unknown
2026.04.22 05:15;4774.7002;4787.6001;4774.2998;4786.7998;1458;unknown
2026.04.22 05:20;4786.7998;4789.7998;4786.1001;4787.0;665;unknown
2026.04.22 05:25;4786.6001;4788.8999;4782.6001;4784.2002;471;unknown
2026.04.22 05:30;4784.1001;4785.0;4781.7002;4783.7998;339;unknown
2026.04.22 05:35;4783.3999;4786.3999;4783.3999;4784.5;189;unknown
2026.04.22 05:40;4784.2002;4787.2002;4782.6001;4785.3999;220;unknown
2026.04.22 05:45;4785.0;4788.7998;4783.8999;4787.0;610;unknown
2026.04.22 05:50;4786.7002;4789.8999;4785.7998;4786.2002;692;unknown
2026.04.22 05:55;4786.2002;4787.2002;4782.6001;4786.3999;551;unknown
2026.04.22 06:00;4786.0;4786.5;4777.8999;4778.1001;1195;unknown
2026.04.22 06:05;4777.7998;4781.7998;4777.5;4778.7998;429;unknown
2026.04.22 06:10;4779.6001;4781.5;4779.6001;4781.2002;114;unknown
2026.04.22 06:15;4781.0;4782.3999;4778.7998;4781.7998;327;unknown
2026.04.22 06:20;4782.1001;4783.3999;4781.2002;4781.7998;170;unknown
2026.04.22 06:25;4782.0;4785.7998;4781.1001;4785.3999;255;unknown
2026.04.22 06:30;4785.2002;4786.1001;4783.3999;4784.7002;227;unknown
2026.04.22 06:35;4784.1001;4784.3999;4782.7002;4783.3999;104;unknown
2026.04.22 06:40;4783.2002;4784.5;4782.0;4782.1001;157;unknown
2026.04.22 06:45;4781.7002;4784.7998;4781.7002;4784.7002;269;unknown
2026.04.22 06:50;4784.6001;4786.1001;4784.1001;4784.8999;122;unknown
2026.04.22 06:55;4784.7998;4786.2002;4784.5;4786.0;131;unknown
2026.04.22 07:00;4785.8999;4788.7998;4785.3999;4787.5;419;unknown
2026.04.22 07:05;4787.2998;4790.7998;4785.5;4788.5;414;unknown
2026.04.22 07:10;4788.3999;4788.3999;4783.6001;4784.2998;337;unknown
2026.04.22 07:15;4784.0;4784.2002;4780.7998;4782.3999;404;unknown
2026.04.22 07:20;4782.1001;4786.6001;4782.1001;4784.8999;293;unknown
2026.04.22 07:25;4785.2002;4786.5;4782.1001;4784.7002;267;unknown
2026.04.22 07:30;4784.6001;4785.1001;4782.5;4783.0;158;unknown
2026.04.22 07:35;4783.3999;4785.3999;4782.8999;4783.6001;128;unknown
2026.04.22 07:40;4783.2002;4783.2002;4780.5;4782.0;530;unknown
2026.04.22 07:45;4782.6001;4783.2998;4779.8999;4780.0;289;unknown
2026.04.22 07:50;4780.0;4781.1001;4778.3999;4778.8999;227;unknown
2026.04.22 07:55;4779.2002;4782.1001;4779.1001;4779.5;207;unknown
2026.04.22 08:00;4779.6001;4780.5;4777.3999;4778.3999;258;unknown
2026.04.22 08:05;4778.3999;4780.5;4777.7998;4779.2002;196;unknown
2026.04.22 08:10;4778.5;4781.3999;4776.7002;4776.8999;337;unknown
2026.04.22 08:15;4777.1001;4778.8999;4775.1001;4777.7002;477;unknown
2026.04.22 08:20;4777.5;4777.7998;4773.2002;4773.6001;456;unknown
2026.04.22 08:25;4773.5;4775.3999;4772.8999;4773.0;229;unknown
2026.04.22 08:30;4773.0;4776.0;4771.2002;4771.8999;347;unknown
2026.04.22 08:35;4771.3999;4773.0;4770.5;4772.3999;313;unknown
2026.04.22 08:40;4771.7998;4775.0;4770.7002;4774.8999;315;unknown
2026.04.22 08:45;4774.7002;4775.5;4772.6001;4773.7998;229;unknown
2026.04.22 08:50;4774.2002;4776.2998;4772.5;4776.2002;144;unknown
2026.04.22 08:55;4775.8999;4777.1001;4775.2998;4775.7002;193;unknown
2026.04.22 09:00;4775.5;4779.2002;4775.2998;4778.3999;433;unknown
2026.04.22 09:05;4778.3999;4780.2002;4778.0;4779.5;395;unknown
2026.04.22 09:10;4779.3999;4779.7998;4778.1001;4779.3999;237;unknown
2026.04.22 09:15;4779.3999;4780.3999;4778.8999;4778.8999;140;unknown
2026.04.22 09:20;4779.0;4780.8999;4777.8999;4779.6001;176;unknown
2026.04.22 09:25;4779.6001;4779.6001;4774.8999;4775.0;239;unknown
2026.04.22 09:30;4774.8999;4775.7998;4773.6001;4774.5;347;unknown
2026.04.22 09:35;4774.3999;4777.3999;4774.3999;4777.2998;346;unknown
2026.04.22 09:40;4777.3999;4781.1001;4776.7998;4777.1001;328;unknown
2026.04.22 09:45;4777.2998;4777.7002;4774.5;4776.3999;227;unknown
2026.04.22 09:50;4776.6001;4777.0;4772.1001;4773.2998;177;unknown
2026.04.22 09:55;4773.3999;4775.3999;4771.0;4773.3999;288;unknown
2026.04.22 10:00;4773.6001;4776.2998;4766.3999;4767.5;493;unknown
2026.04.22 10:05;4767.6001;4770.7002;4765.7002;4767.2998;415;unknown
2026.04.22 10:10;4767.0;4768.3999;4764.2998;4767.2002;375;unknown
2026.04.22 10:15;4766.8999;4772.7002;4766.8999;4772.1001;245;unknown
2026.04.22 10:20;4772.1001;4774.7998;4768.3999;4769.1001;351;unknown
2026.04.22 10:25;4768.7002;4773.6001;4768.5;4773.3999;193;unknown
2026.04.22 10:30;4773.3999;4777.3999;4772.3999;4776.7002;311;unknown
2026.04.22 10:35;4777.0;4778.3999;4775.0;4776.2998;291;unknown
2026.04.22 10:40;4775.7998;4776.0;4773.0;4774.8999;168;unknown
2026.04.22 10:45;4775.3999;4776.5;4774.1001;4775.8999;117;unknown
2026.04.22 10:50;4776.1001;4777.1001;4775.2998;4776.2002;85;unknown
2026.04.22 10:55;4757.775;4757.775;4757.775;4757.775;0;unknown
2026.04.22 11:00;4760.185;4760.185;4760.185;4760.185;0;unknown
2026.04.22 11:05;4776.6001;4777.8999;4775.2998;4775.3999;124;unknown
2026.04.22 11:10;4775.5;4777.7002;4775.2998;4775.7002;161;unknown
2026.04.22 11:15;4775.7998;4779.6001;4775.7998;4778.0;292;unknown
2026.04.22 11:20;4778.7002;4779.2998;4775.7998;4775.7998;277;unknown
2026.04.22 11:25;4775.7998;4777.5;4775.1001;4776.1001;142;unknown
2026.04.22 11:30;4776.2998;4778.7002;4775.7998;4776.1001;165;unknown
2026.04.22 11:35;4776.2998;4777.1001;4773.3999;4773.7998;398;unknown
2026.04.22 11:40;4773.6001;4774.0;4766.8999;4767.3999;722;unknown
2026.04.22 11:45;4767.5;4772.0;4766.2998;4770.7002;693;unknown
2026.04.22 11:50;4770.3999;4771.8999;4768.6001;4769.3999;251;unknown
2026.04.22 11:55;4769.1001;4769.7998;4767.7002;4768.8999;285;unknown
2026.04.22 12:00;4749.995;4749.995;4749.995;4749.995;0;unknown
2026.04.22 12:05;4775.2002;4775.6001;4769.7002;4771.0;531;unknown
2026.04.22 12:10;4771.0;4771.2998;4768.1001;4770.7002;307;unknown
2026.04.22 12:15;4770.5;4771.1001;4766.0;4766.1001;234;unknown
2026.04.22 12:20;4766.0;4771.0;4765.7002;4770.1001;400;unknown
2026.04.22 12:25;4770.2998;4779.0;4770.2998;4772.1001;976;unknown
2026.04.22 12:30;4771.7002;4772.8999;4767.5;4772.2002;629;unknown
2026.04.22 12:35;4771.8999;4771.8999;4765.7002;4769.2002;447;unknown
2026.04.22 12:40;4769.0;4769.0;4763.8999;4765.2002;708;unknown
2026.04.22 12:45;4765.3999;4767.0;4761.1001;4762.5;530;unknown
2026.04.22 12:50;4762.2998;4766.0;4761.2002;4765.1001;682;unknown
2026.04.22 12:55;4764.7002;4765.2998;4761.8999;4762.6001;322;unknown
2026.04.22 13:00;4762.8999;4765.8999;4758.7002;4760.0;928;unknown
2026.04.22 13:05;4759.8999;4769.2002;4757.2002;4763.1001;1076;unknown
2026.04.22 13:10;4763.0;4763.0;4758.7998;4761.0;483;unknown
2026.04.22 13:15;4760.6001;4762.7002;4754.6001;4762.0;842;unknown
2026.04.22 13:20;4762.2002;4767.2002;4758.7998;4765.5;968;unknown
2026.04.22 13:25;4758.115;4758.115;4758.115;4758.115;0;unknown
2026.04.22 13:30;4768.7002;4769.1001;4760.0;4763.0;881;unknown
2026.04.22 13:35;4762.8999;4770.8999;4761.3999;4766.7002;803;unknown
2026.04.22 13:40;4766.6001;4775.0;4765.1001;4773.7002;858;unknown
2026.04.22 13:45;4773.7002;4779.3999;4773.3999;4775.6001;981;unknown
2026.04.22 13:50;4775.2998;4777.0;4769.5;4773.3999;699;unknown
2026.04.22 13:55;4773.6001;4773.8999;4770.2002;4771.7002;468;unknown
2026.04.22 14:00;4756.535;4756.535;4756.535;4756.535;0;unknown
2026.04.22 14:05;4764.1001;4766.2998;4760.7998;4765.2002;1048;unknown
2026.04.22 14:10;4765.3999;4766.8999;4761.5;4765.1001;538;unknown
2026.04.22 14:15;4764.7002;4768.5;4764.2002;4765.3999;556;unknown
2026.04.22 14:20;4765.6001;4769.7002;4762.3999;4764.6001;541;unknown
2026.04.22 14:25;4764.3999;4767.7002;4761.8999;4763.0;532;unknown
2026.04.22 14:30;4763.1001;4763.6001;4750.6001;4754.5;1582;unknown
2026.04.22 14:35;4754.8999;4756.8999;4746.8999;4755.7998;1400;unknown
2026.04.22 14:40;4755.8999;4759.5;4750.2998;4750.7998;744;unknown
2026.04.22 14:45;4751.0;4757.7998;4750.6001;4755.7998;587;unknown
2026.04.22 14:50;4755.8999;4756.2002;4750.3999;4755.7998;673;unknown
2026.04.22 14:55;4755.7002;4756.2998;4751.2998;4754.2998;455;unknown
2026.04.22 15:00;4741.435;4741.435;4741.435;4741.435;0;unknown
2026.04.22 15:05;4753.7002;4757.7002;4752.7002;4754.2002;561;unknown
2026.04.22 15:10;4754.3999;4758.3999;4754.2002;4755.6001;490;unknown
2026.04.22 15:15;4755.8999;4755.8999;4747.7002;4752.3999;750;unknown
2026.04.22 15:20;4751.6001;4752.2998;4748.7998;4752.2998;412;unknown
2026.04.22 15:25;4752.2002;4754.8999;4749.0;4752.8999;538;unknown
2026.04.22 15:30;4753.2002;4753.7002;4749.5;4750.8999;219;unknown
2026.04.22 15:35;4751.2998;4751.2998;4744.6001;4746.1001;629;unknown
2026.04.22 15:40;4746.2998;4748.7998;4744.0;4745.6001;525;unknown
2026.04.22 15:45;4745.5;4748.6001;4745.1001;4746.6001;286;unknown
2026.04.22 15:50;4746.7002;4747.2002;4743.2002;4745.6001;400;unknown
2026.04.22 15:55;4746.2002;4750.0;4745.7998;4746.2002;419;unknown
2026.04.22 16:00;4746.1001;4749.5;4744.2998;4749.1001;400;unknown
2026.04.22 16:05;4749.1001;4754.1001;4749.1001;4751.7002;548;unknown
2026.04.22 16:10;4752.2998;4752.2998;4748.1001;4748.8999;300;unknown
2026.04.22 16:15;4748.7002;4749.1001;4743.2998;4743.5;368;unknown
2026.04.22 16:20;4743.3999;4746.7998;4742.1001;4743.7998;424;unknown
2026.04.22 16:25;4743.7002;4746.7002;4742.7998;4745.5;184;unknown
2026.04.22 16:30;4745.5;4747.6001;4742.3999;4747.2002;312;unknown
2026.04.22 16:35;4747.3999;4750.0;4746.8999;4749.6001;249;unknown
2026.04.22 16:40;4749.8999;4750.7998;4746.6001;4747.1001;440;unknown
2026.04.22 16:45;4746.7002;4748.7998;4744.8999;4748.7998;259;unknown
2026.04.22 16:50;4748.7998;4749.6001;4746.2998;4748.7002;156;unknown
2026.04.22 16:55;4749.0;4749.0;4745.0;4747.5;281;unknown
2026.04.22 17:00;4747.3999;4755.6001;4747.2002;4754.6001;532;unknown
2026.04.22 17:05;4754.7002;4755.8999;4752.6001;4755.6001;265;unknown
2026.04.22 17:10;4755.7998;4758.3999;4753.7998;4754.1001;320;unknown
2026.04.22 17:15;4737.615;4737.615;4737.615;4737.615;0;unknown
2026.04.22 17:20;4752.2998;4756.5;4752.0;4754.2998;270;unknown
2026.04.22 17:25;4754.2002;4755.5;4751.3999;4753.7998;866;unknown
2026.04.22 17:30;4754.0;4756.7998;4753.7002;4755.7998;325;unknown
2026.04.22 17:35;4755.5;4756.8999;4754.0;4754.0;271;unknown
2026.04.22 17:40;4753.7998;4755.7002;4753.0;4755.0;154;unknown
2026.04.22 17:45;4755.2002;4757.1001;4752.7002;4755.5;507;unknown
2026.04.22 17:50;4755.2998;4757.2998;4754.2002;4756.0;175;unknown
2026.04.22 17:55;4755.7002;4757.1001;4755.0;4756.3999;129;unknown
2026.04.22 18:00;4730.745;4730.745;4730.745;4730.745;0;unknown
2026.04.22 18:05;4755.8999;4757.6001;4755.8999;4756.3999;175;unknown
2026.04.22 18:10;4731.165;4731.165;4731.165;4731.165;0;unknown
2026.04.22 18:15;4754.3999;4754.8999;4750.7998;4751.8999;203;unknown
2026.04.22 18:20;4751.2998;4751.2998;4748.3999;4751.2002;293;unknown
2026.04.22 18:25;4751.3999;4752.2002;4748.7998;4749.0;445;unknown
2026.04.22 18:30;4749.2002;4753.7998;4749.2002;4752.0;241;unknown
2026.04.22 18:35;4752.5;4757.0;4751.1001;4757.0;554;unknown
2026.04.22 18:40;4756.8999;4758.3999;4754.5;4758.3999;266;unknown
2026.04.22 18:45;4758.3999;4770.2002;4757.7002;4766.0;1320;unknown
2026.04.22 18:50;4765.7002;4766.5;4761.0;4761.0;554;unknown
2026.04.22 18:55;4761.1001;4761.6001;4758.6001;4760.7002;250;unknown
2026.04.22 19:00;4735.545;4735.545;4735.545;4735.545;0;unknown
2026.04.22 19:05;4760.7002;4762.3999;4758.7998;4759.1001;168;unknown
2026.04.22 19:10;4759.2002;4759.2002;4755.7998;4757.5;384;unknown
2026.04.22 19:15;4757.7002;4761.0;4757.1001;4760.8999;183;unknown
2026.04.22 19:20;4760.0;4761.3999;4759.6001;4761.0;103;unknown
2026.04.22 19:25;4761.2002;4764.3999;4761.2002;4763.5;165;unknown
2026.04.22 19:30;4763.5;4763.6001;4759.7998;4760.8999;177;unknown
2026.04.22 19:35;4760.7998;4760.7998;4758.2998;4758.8999;184;unknown
2026.04.22 19:40;4758.8999;4759.7002;4757.5;4758.2998;108;unknown
2026.04.22 19:45;4758.2002;4759.2002;4756.2998;4757.7002;163;unknown
2026.04.22 19:50;4758.0;4760.6001;4756.0;4759.2998;271;unknown
2026.04.22 19:55;4759.8999;4761.0;4758.2002;4759.0;350;unknown
2026.04.22 20:00;4736.935;4736.935;4736.935;4736.935;0;unknown
2026.04.22 20:05;4758.1001;4758.8999;4756.7998;4757.2002;132;unknown
2026.04.22 20:10;4756.7002;4756.7002;4753.5;4754.7998;158;unknown
2026.04.22 20:15;4754.8999;4756.7998;4754.7998;4755.5;105;unknown
2026.04.22 20:20;4755.2998;4756.0;4753.7998;4754.5;113;unknown
2026.04.22 20:25;4754.5;4756.5;4753.1001;4755.7998;103;unknown
2026.04.22 20:30;4756.0;4758.3999;4756.0;4758.2002;101;unknown
2026.04.22 20:35;4757.6001;4757.6001;4754.8999;4756.5;148;unknown
2026.04.22 20:40;4756.5;4756.8999;4755.2002;4756.2998;71;unknown
2026.04.22 20:45;4756.7002;4758.7998;4756.0;4757.6001;92;unknown
2026.04.22 20:50;4757.8999;4759.2002;4757.0;4757.5;95;unknown
2026.04.22 20:55;4757.7998;4759.8999;4757.3999;4758.2998;175;unknown
2026.04.22 22:00;4759.2002;4763.6001;4756.7002;4758.7002;0;unknown
2026.04.22 22:05;4759.3999;4759.3999;4753.8999;4755.7998;108;unknown
2026.04.22 22:10;4756.2998;4756.2998;4753.2998;4753.6001;98;unknown
2026.04.22 22:15;4753.7998;4755.2998;4752.2998;4753.6001;104;unknown
2026.04.22 22:20;4753.6001;4755.3999;4752.5;4752.6001;175;unknown
2026.04.22 22:25;4752.3999;4753.0;4750.0;4750.1001;125;unknown
2026.04.22 22:30;4750.5;4752.3999;4749.7998;4751.6001;138;unknown
2026.04.22 22:35;4751.1001;4751.1001;4747.2002;4748.0;116;unknown
2026.04.22 22:40;4747.8999;4749.0;4746.8999;4747.2998;135;unknown
2026.04.22 22:45;4747.2998;4749.2002;4746.1001;4747.2002;168;unknown
2026.04.22 22:50;4747.3999;4748.8999;4746.2002;4747.8999;164;unknown
2026.04.22 22:55;4747.7998;4747.7998;4742.7998;4743.2002;189;unknown
2026.04.22 23:00;4743.5;4744.0;4740.6001;4741.3999;301;unknown
2026.04.22 23:05;4741.2998;4743.3999;4741.0;4743.3999;119;unknown
2026.04.22 23:10;4743.5;4745.2998;4742.7002;4742.8999;169;unknown
2026.04.22 23:15;4743.2998;4746.3999;4743.2998;4745.8999;107;unknown
2026.04.22 23:20;4746.2998;4746.7998;4743.3999;4743.7002;141;unknown
2026.04.22 23:25;4743.5;4745.3999;4742.6001;4745.3999;91;unknown
2026.04.22 23:30;4744.7002;4744.7002;4743.2998;4744.3999;40;unknown
2026.04.22 23:35;4744.6001;4745.1001;4741.8999;4741.8999;97;unknown
2026.04.22 23:40;4742.2998;4742.7998;4741.0;4741.3999;64;unknown
2026.04.22 23:45;4741.7998;4745.5;4741.7998;4745.5;117;unknown
2026.04.22 23:50;4744.7998;4745.0;4742.7998;4744.6001;152;unknown
2026.04.22 23:55;4744.6001;4746.5;4743.7998;4745.0;124;unknown
2026.04.23 00:00;4745.0;4745.3999;4737.7002;4738.8999;452;unknown
2026.04.23 00:05;4738.6001;4739.7998;4731.7002;4733.2002;579;unknown
2026.04.23 00:10;4732.7002;4733.1001;4714.5;4716.2002;1312;unknown
2026.04.23 00:15;4715.7002;4740.7002;4710.3999;4739.1001;2909;unknown
2026.04.23 00:20;4739.2998;4750.3999;4738.8999;4743.3999;1104;unknown
2026.04.23 00:25;4743.5;4759.3999;4743.5;4758.7002;967;unknown
2026.04.23 00:30;4758.6001;4769.2002;4757.7002;4763.8999;1089;unknown
2026.04.23 00:35;4764.1001;4765.3999;4759.6001;4763.0;459;unknown
2026.04.23 00:40;4762.7998;4765.0;4759.5;4761.7002;342;unknown
2026.04.23 00:45;4762.1001;4767.3999;4760.6001;4765.2002;394;unknown
2026.04.23 00:50;4765.0;4771.2998;4764.2998;4765.7002;374;unknown
2026.04.23 00:55;4765.3999;4765.7998;4762.2002;4765.5;253;unknown
2026.04.23 01:00;4765.2998;4767.5;4760.3999;4761.7998;480;unknown
2026.04.23 01:05;4762.2002;4763.6001;4760.0;4761.7998;141;unknown
2026.04.23 01:10;4761.1001;4761.7002;4753.2002;4754.7002;456;unknown
2026.04.23 01:15;4754.1001;4756.0;4750.0;4751.3999;610;unknown
2026.04.23 01:20;4751.2002;4752.3999;4744.8999;4750.2002;509;unknown
2026.04.23 01:25;4750.6001;4752.2998;4743.6001;4745.1001;294;unknown
2026.04.23 01:30;4745.1001;4749.8999;4742.7002;4745.8999;475;unknown
2026.04.23 01:35;4746.3999;4749.2998;4745.3999;4749.2998;226;unknown
2026.04.23 01:40;4748.8999;4752.0;4748.3999;4749.8999;259;unknown
2026.04.23 01:45;4750.3999;4753.2998;4749.8999;4750.6001;320;unknown
2026.04.23 01:50;4750.5;4752.6001;4740.2002;4740.8999;692;unknown
2026.04.23 01:55;4741.2002;4744.0;4738.3999;4739.3999;674;unknown
2026.04.23 02:00;4738.8999;4740.8999;4736.6001;4736.7002;453;unknown
2026.04.23 02:05;4736.6001;4738.3999;4728.1001;4730.7002;872;unknown
2026.04.23 02:10;4730.7998;4730.8999;4722.1001;4723.6001;827;unknown
2026.04.23 02:15;4723.0;4727.7998;4721.0;4726.3999;630;unknown
2026.04.23 02:20;4726.7998;4734.2002;4726.7998;4731.2998;578;unknown
2026.04.23 02:25;4731.7002;4733.8999;4729.6001;4729.7998;282;unknown
2026.04.23 02:30;4730.1001;4731.0;4724.3999;4728.8999;411;unknown
2026.04.23 02:35;4728.2002;4731.7002;4722.7002;4727.3999;619;unknown
2026.04.23 02:40;4727.7998;4729.2998;4716.0;4717.6001;850;unknown
2026.04.23 02:45;4717.2002;4722.6001;4714.8999;4722.5;745;unknown
2026.04.23 02:50;4722.5;4723.6001;4718.5;4719.1001;389;unknown
2026.04.23 02:55;4719.1001;4719.8999;4714.0;4714.3999;661;unknown
2026.04.23 03:00;4715.0;4724.5;4715.0;4724.5;597;unknown
2026.04.23 03:05;4724.2998;4724.7998;4717.5;4719.8999;426;unknown
2026.04.23 03:10;4738.945;4738.945;4738.945;4738.945;0;unknown
2026.04.23 03:15;4718.1001;4720.6001;4713.8999;4716.2002;333;unknown
2026.04.23 03:20;4716.2002;4721.6001;4714.8999;4719.8999;345;unknown
2026.04.23 03:25;4720.7998;4721.7002;4717.5;4719.2002;239;unknown
2026.04.23 03:30;4719.0;4721.0;4717.5;4719.2002;233;unknown
2026.04.23 03:35;4719.2998;4720.1001;4717.6001;4718.5;185;unknown
2026.04.23 03:40;4718.1001;4723.2002;4716.7002;4720.7002;410;unknown
2026.04.23 03:45;4720.5;4723.1001;4719.3999;4721.6001;139;unknown
2026.04.23 03:50;4722.7002;4723.0;4720.6001;4721.2002;133;unknown
2026.04.23 03:55;4721.5;4721.7002;4718.1001;4720.0;119;unknown
2026.04.23 04:00;4720.865;4720.865;4720.865;4720.865;0;unknown
2026.04.23 04:05;4718.5;4721.8999;4716.5;4719.8999;239;unknown
2026.04.23 04:10;4719.8999;4722.1001;4719.7002;4722.1001;78;unknown
2026.04.23 04:15;4722.2002;4722.2002;4719.6001;4720.2002;108;unknown
2026.04.23 04:20;4720.1001;4722.7002;4719.2002;4719.5;110;unknown
2026.04.23 04:25;4719.6001;4722.2998;4718.2998;4721.2998;112;unknown
2026.04.23 04:30;4721.3999;4722.6001;4720.3999;4721.6001;78;unknown
2026.04.23 04:35;4721.7998;4722.6001;4717.7002;4718.7002;193;unknown
2026.04.23 04:40;4719.1001;4719.3999;4717.2002;4717.3999;111;unknown
2026.04.23 04:45;4717.6001;4718.6001;4714.2998;4718.0;233;unknown
2026.04.23 04:50;4718.2002;4719.7002;4717.2998;4718.2002;191;unknown
2026.04.23 04:55;4718.0;4720.2998;4716.8999;4720.1001;124;unknown
2026.04.23 05:00;4708.395;4708.395;4708.395;4708.395;0;unknown
2026.04.23 05:05;4722.6001;4725.8999;4722.2998;4725.3999;276;unknown
2026.04.23 05:10;4725.5;4726.1001;4723.5;4723.7002;155;unknown
2026.04.23 05:15;4723.6001;4723.7002;4721.5;4722.7002;169;unknown
2026.04.23 05:20;4722.6001;4725.0;4721.8999;4722.1001;129;unknown
2026.04.23 05:25;4721.2998;4723.3999;4721.1001;4721.5;112;unknown
2026.04.23 05:30;4721.5;4723.0;4705.7002;4721.5;1209;unknown
2026.04.23 05:35;4721.5;4722.0;4717.7002;4718.5;285;unknown
2026.04.23 05:40;4718.1001;4719.5;4716.5;4717.2002;182;unknown
2026.04.23 05:45;4717.3999;4726.2998;4717.3999;4726.2998;444;unknown
2026.04.23 05:50;4706.935;4706.935;4706.935;4706.935;0;unknown
2026.04.23 05:55;4727.7002;4731.1001;4727.0;4729.0;529;unknown
2026.04.23 06:00;4702.815;4702.815;4702.815;4702.815;0;unknown
2026.04.23 06:05;4730.5;4733.3999;4727.2002;4729.3999;517;unknown
2026.04.23 06:10;4729.1001;4732.0;4726.8999;4728.2002;330;unknown
2026.04.23 06:15;4727.8999;4728.5;4725.7002;4726.2998;303;unknown
2026.04.23 06:20;4726.7002;4728.8999;4724.8999;4728.7998;309;unknown
2026.04.23 06:25;4728.2998;4730.7998;4727.5;4728.7002;309;unknown
2026.04.23 06:30;4728.6001;4729.8999;4727.1001;4728.7002;225;unknown
2026.04.23 06:35;4728.8999;4730.8999;4725.7998;4729.8999;451;unknown
2026.04.23 06:40;4702.185;4702.185;4702.185;4702.185;0;unknown
2026.04.23 06:45;4731.5;4736.7998;4729.7002;4732.7002;1392;unknown
2026.04.23 06:50;4732.8999;4739.0;4731.2002;4731.2002;1246;unknown
2026.04.23 06:55;4731.1001;4734.2002;4729.0;4730.1001;609;unknown
2026.04.23 07:00;4707.555;4707.555;4707.555;4707.555;0;unknown
2026.04.23 07:05;4729.6001;4731.7002;4726.0;4726.7998;629;unknown
2026.04.23 07:10;4727.0;4733.6001;4725.8999;4729.0;991;unknown
2026.04.23 07:15;4728.6001;4731.5;4726.0;4729.6001;977;unknown
2026.04.23 07:20;4729.5;4730.7998;4719.3999;4722.7998;1164;unknown
2026.04.23 07:25;4722.5;4726.8999;4721.5;4722.7998;903;unknown
2026.04.23 07:30;4722.7002;4728.2002;4720.2998;4727.5;548;unknown
2026.04.23 07:35;4727.3999;4730.1001;4725.7998;4726.0;347;unknown
2026.04.23 07:40;4725.8999;4730.5;4725.1001;4730.5;151;unknown
2026.04.23 07:45;4730.6001;4737.3999;4730.2002;4737.2002;411;unknown
2026.04.23 07:50;4737.1001;4737.3999;4732.3999;4733.6001;292;unknown
2026.04.23 07:55;4733.2998;4737.0;4733.1001;4736.1001;223;unknown
2026.04.23 08:00;4735.6001;4742.1001;4735.6001;4738.2998;586;unknown
2026.04.23 08:05;4738.2998;4740.0;4734.7002;4735.5;370;unknown
2026.04.23 08:10;4735.7002;4737.6001;4734.2002;4734.7002;256;unknown
2026.04.23 08:15;4734.5;4737.8999;4734.2002;4736.7002;148;unknown
2026.04.23 08:20;4737.3999;4738.3999;4733.6001;4735.1001;105;unknown
2026.04.23 08:25;4713.035;4713.035;4713.035;4713.035;0;unknown
2026.04.23 08:30;4732.3999;4733.2002;4725.1001;4726.5;395;unknown
2026.04.23 08:35;4726.6001;4727.7002;4721.2998;4724.2998;432;unknown
2026.04.23 08:40;4723.7998;4725.7002;4719.7002;4720.1001;352;unknown
2026.04.23 08:45;4719.7998;4722.5;4717.7998;4722.2002;400;unknown
2026.04.23 08:50;4722.5;4723.8999;4720.2002;4721.0;259;unknown
2026.04.23 08:55;4721.0;4722.6001;4719.6001;4719.6001;227;unknown
2026.04.23 09:00;4713.075;4713.075;4713.075;4713.075;0;unknown
2026.04.23 09:05;4713.2998;4716.7998;4710.7002;4711.7002;657;unknown
2026.04.23 09:10;4711.2002;4717.0;4711.2002;4713.2002;573;unknown
2026.04.23 09:15;4712.8999;4719.0;4711.7998;4716.0;510;unknown
2026.04.23 09:20;4716.0;4718.7998;4715.2998;4718.2002;232;unknown
2026.04.23 09:25;4718.2002;4719.2002;4715.7998;4716.8999;255;unknown
2026.04.23 09:30;4716.7998;4719.5;4716.7002;4717.8999;534;unknown
2026.04.23 09:35;4717.3999;4719.2998;4715.6001;4717.0;436;unknown
2026.04.23 09:40;4716.6001;4718.0;4715.2002;4717.1001;283;unknown
2026.04.23 09:45;4717.2002;4718.2998;4714.7002;4715.1001;397;unknown
2026.04.23 09:50;4714.2002;4717.5;4710.8999;4713.3999;672;unknown
2026.04.23 09:55;4713.3999;4715.7998;4711.7998;4713.5;257;unknown
2026.04.23 10:00;4721.895;4721.895;4721.895;4721.895;0;unknown
2026.04.23 10:05;4715.7002;4717.8999;4707.2002;4707.3999;405;unknown
2026.04.23 10:10;4707.2998;4709.1001;4700.8999;4704.7998;1101;unknown
2026.04.23 10:15;4704.7998;4708.6001;4704.1001;4704.1001;358;unknown
2026.04.23 10:20;4704.2998;4706.2998;4700.0;4703.2998;991;unknown
2026.04.23 10:25;4703.2002;4708.0;4702.3999;4702.7002;430;unknown
2026.04.23 10:30;4703.2998;4709.3999;4700.1001;4708.6001;507;unknown
2026.04.23 10:35;4709.335;4709.335;4709.335;4709.335;0;unknown
2026.04.23 10:40;4710.1001;4713.1001;4706.0;4707.1001;524;unknown
2026.04.23 10:45;4706.2002;4709.8999;4705.3999;4706.2002;158;unknown
2026.04.23 10:50;4706.2998;4708.0;4706.0;4707.2998;131;unknown
2026.04.23 10:55;4707.5;4713.3999;4707.2998;4712.6001;344;unknown
2026.04.23 11:00;4697.015;4697.015;4697.015;4697.015;0;unknown
2026.04.23 11:05;4714.7998;4716.1001;4711.2998;4714.1001;259;unknown
2026.04.23 11:10;4714.2998;4716.3999;4712.6001;4714.3999;253;unknown
2026.04.23 11:15;4714.2998;4718.7998;4712.5;4718.7998;231;unknown
2026.04.23 11:20;4718.2002;4719.7998;4716.2002;4717.0;329;unknown
2026.04.23 11:25;4717.6001;4718.0;4713.5;4715.6001;160;unknown
2026.04.23 11:30;4715.7002;4717.7998;4712.8999;4713.7998;376;unknown
2026.04.23 11:35;4714.2002;4720.0;4713.6001;4718.5;389;unknown
2026.04.23 11:40;4718.5;4722.3999;4718.3999;4721.7998;333;unknown
2026.04.23 11:45;4722.0;4728.0;4721.2002;4722.7002;853;unknown
2026.04.23 11:50;4722.2998;4732.1001;4721.7998;4731.3999;868;unknown
2026.04.23 11:55;4731.2002;4737.7998;4730.7002;4737.3999;839;unknown
2026.04.23 12:00;4737.1001;4749.7002;4736.2998;4747.7998;1991;unknown
2026.04.23 12:05;4747.3999;4756.0;4746.1001;4746.8999;1806;unknown
2026.04.23 12:10;4746.8999;4753.3999;4744.7998;4746.2998;1322;unknown
2026.04.23 12:15;4746.0;4751.8999;4742.7998;4748.5;960;unknown
2026.04.23 12:20;4748.7002;4751.0;4745.3999;4750.0;880;unknown
2026.04.23 12:25;4750.2002;4752.5;4748.0;4750.6001;594;unknown
2026.04.23 12:30;4750.2002;4759.5;4750.2002;4756.1001;1334;unknown
2026.04.23 12:35;4755.8999;4757.3999;4752.3999;4753.8999;775;unknown
2026.04.23 12:40;4754.2002;4759.8999;4753.7998;4757.0;649;unknown
2026.04.23 12:45;4756.8999;4759.5;4748.5;4752.5;1419;unknown
2026.04.23 12:50;4752.7998;4756.2002;4750.7002;4755.0;588;unknown
2026.04.23 12:55;4754.8999;4761.7002;4754.0;4757.7002;731;unknown
2026.04.23 13:00;4758.1001;4758.5;4747.2998;4750.6001;1392;unknown
2026.04.23 13:05;4751.1001;4751.2998;4744.0;4744.6001;721;unknown
2026.04.23 13:10;4744.3999;4746.7002;4740.7998;4743.0;886;unknown
2026.04.23 13:15;4742.6001;4747.8999;4742.6001;4743.7002;352;unknown
2026.04.23 13:20;4743.7998;4747.6001;4743.6001;4746.6001;371;unknown
2026.04.23 13:25;4746.1001;4746.7002;4743.0;4744.2998;319;unknown
2026.04.23 13:30;4744.2002;4750.0;4741.3999;4742.0;1063;unknown
2026.04.23 13:35;4742.0;4748.1001;4742.0;4748.0;613;unknown
2026.04.23 13:40;4748.0;4753.2998;4747.0;4751.6001;750;unknown
2026.04.23 13:45;4751.6001;4756.0;4747.2002;4755.3999;755;unknown
2026.04.23 13:50;4755.0;4759.1001;4751.7998;4753.2002;803;unknown
2026.04.23 13:55;4753.2998;4753.2998;4741.6001;4742.0;939;unknown
2026.04.23 14:00;4741.5;4742.7998;4733.8999;4740.6001;2104;unknown
2026.04.23 14:05;4740.3999;4746.0;4735.8999;4738.6001;1537;unknown
2026.04.23 14:10;4738.7002;4742.1001;4736.2998;4741.2998;485;unknown
2026.04.23 14:15;4741.2002;4745.3999;4740.7998;4741.2998;569;unknown
2026.04.23 14:20;4741.2002;4748.6001;4740.7002;4748.0;377;unknown
2026.04.23 14:25;4748.0;4753.6001;4747.1001;4748.5;799;unknown
2026.04.23 14:30;4748.5;4751.6001;4746.2002;4746.7002;407;unknown
2026.04.23 14:35;4746.0;4752.0;4742.8999;4745.2998;600;unknown
2026.04.23 14:40;4745.2998;4749.0;4744.3999;4748.0;437;unknown
2026.04.23 14:45;4748.3999;4751.0;4745.1001;4747.7002;349;unknown
2026.04.23 14:50;4747.6001;4753.2002;4745.8999;4752.2998;496;unknown
2026.04.23 14:55;4752.2002;4754.0;4750.3999;4750.6001;387;unknown
2026.04.23 15:00;4750.8999;4752.1001;4748.7002;4750.3999;370;unknown
2026.04.23 15:05;4750.7998;4750.7998;4743.7002;4745.5;478;unknown
2026.04.23 15:10;4745.6001;4750.0;4745.6001;4747.7002;315;unknown
2026.04.23 15:15;4748.0;4758.2002;4746.6001;4755.3999;904;unknown
2026.04.23 15:20;4755.6001;4757.2998;4753.3999;4754.2002;452;unknown
2026.04.23 15:25;4754.0;4755.1001;4750.3999;4750.7002;495;unknown
2026.04.23 15:30;4750.6001;4751.8999;4746.8999;4750.2998;614;unknown
2026.04.23 15:35;4749.8999;4750.3999;4747.3999;4748.6001;315;unknown
2026.04.23 15:40;4748.2998;4750.6001;4744.8999;4745.0;371;unknown
2026.04.23 15:45;4745.2002;4745.5;4736.7002;4741.6001;1019;unknown
2026.04.23 15:50;4741.6001;4742.0;4733.7002;4734.1001;633;unknown
2026.04.23 15:55;4734.0;4739.1001;4733.2998;4737.2998;595;unknown
2026.04.23 16:00;4737.6001;4738.7002;4733.7998;4734.5;324;unknown
2026.04.23 16:05;4734.0;4737.2002;4732.5;4737.0;430;unknown
2026.04.23 16:10;4736.6001;4739.2002;4734.7002;4736.2002;398;unknown
2026.04.23 16:15;4735.8999;4740.1001;4735.7998;4739.6001;260;unknown
2026.04.23 16:20;4739.6001;4741.6001;4737.6001;4739.8999;284;unknown
2026.04.23 16:25;4739.5;4741.7002;4739.1001;4740.1001;240;unknown
2026.04.23 16:30;4739.5;4746.0;4739.5;4745.1001;285;unknown
2026.04.23 16:35;4745.5;4747.2002;4743.2002;4744.8999;375;unknown
2026.04.23 16:40;4744.7002;4751.5;4744.3999;4750.7002;567;unknown
2026.04.23 16:45;4751.1001;4753.1001;4749.8999;4752.0;536;unknown
2026.04.23 16:50;4752.1001;4754.1001;4750.6001;4750.7002;435;unknown
2026.04.23 16:55;4750.7998;4753.0;4747.7002;4749.7998;544;unknown
2026.04.23 17:00;4750.1001;4751.7002;4739.2998;4742.2998;1250;unknown
2026.04.23 17:05;4742.5;4742.5;4725.6001;4727.2998;1626;unknown
2026.04.23 17:10;4726.8999;4733.5;4722.2002;4732.6001;1592;unknown
2026.04.23 17:15;4732.6001;4734.2998;4720.7998;4725.7002;2128;unknown
2026.04.23 17:20;4725.2998;4729.2002;4721.0;4724.2002;1268;unknown
2026.04.23 17:25;4724.3999;4734.8999;4721.5;4723.0;2901;unknown
2026.04.23 17:30;4723.2002;4728.8999;4717.1001;4728.2002;1454;unknown
2026.04.23 17:35;4728.0;4730.7998;4714.3999;4715.2998;1281;unknown
2026.04.23 17:40;4731.785;4731.785;4731.785;4731.785;0;unknown
2026.04.23 17:45;4694.2002;4701.8999;4680.1001;4699.3999;3399;unknown
2026.04.23 17:50;4699.1001;4726.0;4694.6001;4712.3999;2584;unknown
2026.04.23 17:55;4711.7998;4726.7002;4710.2002;4725.6001;1361;unknown
2026.04.23 18:00;4718.495;4718.495;4718.495;4718.495;0;unknown
2026.04.23 18:05;4730.5;4734.0;4726.6001;4726.6001;742;unknown
2026.04.23 18:10;4727.2002;4735.7998;4725.8999;4730.2002;662;unknown
2026.04.23 18:15;4729.8999;4733.1001;4727.8999;4730.1001;208;unknown
2026.04.23 18:20;4729.7002;4732.5;4726.7002;4728.8999;415;unknown
2026.04.23 18:25;4729.3999;4733.0;4728.0;4732.8999;179;unknown
2026.04.23 18:30;4732.5;4736.6001;4732.3999;4734.7998;410;unknown
2026.04.23 18:35;4734.7002;4736.7002;4729.8999;4729.8999;311;unknown
2026.04.23 18:40;4730.1001;4731.0;4723.2998;4727.7998;417;unknown
2026.04.23 18:45;4727.2998;4728.2002;4722.2002;4722.8999;254;unknown
2026.04.23 18:50;4723.1001;4728.0;4721.7002;4725.8999;245;unknown
2026.04.23 18:55;4709.63;4709.63;4699.38;4700.95;928;mt5-bridge
2026.04.23 19:00;4701.09;4704.36;4693.41;4695.36;1081;mt5-bridge
2026.04.23 19:05;4695.51;4699.54;4695.51;4695.73;944;mt5-bridge
2026.04.23 19:10;4695.92;4697.24;4692.53;4696.04;882;mt5-bridge
2026.04.23 19:15;4696.12;4699.16;4695.31;4699.0;840;unknown
2026.04.23 19:20;4699.0;4701.97;4696.9;4701.38;778;unknown
2026.04.23 19:25;4701.37;4702.41;4697.75;4699.99;721;unknown
2026.04.23 19:30;4700.01;4701.09;4693.35;4694.12;846;unknown
2026.04.23 19:35;4693.72;4695.65;4689.32;4692.63;1008;unknown
2026.04.23 19:40;4692.7;4695.51;4691.19;4692.26;922;mt5-bridge
2026.04.23 19:45;4692.27;4697.36;4692.07;4696.64;851;unknown
2026.04.23 19:50;4696.68;4699.95;4693.52;4699.06;996;unknown
2026.04.23 19:55;4699.05;4699.76;4695.29;4695.93;1013;mt5-bridge
2026.04.23 20:00;4695.95;4697.31;4693.85;4697.21;742;mt5-bridge
2026.04.23 20:05;4697.14;4698.11;4694.97;4696.52;677;mt5-bridge
2026.04.23 20:10;4696.46;4697.02;4690.47;4690.57;554;mt5-bridge
2026.04.23 20:15;4690.55;4691.86;4686.4;4691.04;675;mt5-bridge
2026.04.23 20:20;4691.17;4692.44;4689.77;4692.25;496;mt5-bridge
2026.04.23 20:25;4692.28;4692.46;4688.79;4689.24;427;mt5-bridge
2026.04.23 20:30;4689.23;4691.06;4689.13;4689.93;368;unknown
2026.04.23 20:35;4689.82;4690.37;4688.01;4690.16;328;unknown
2026.04.23 20:40;4690.12;4691.38;4688.99;4691.09;290;unknown
2026.04.23 20:45;4691.11;4691.95;4690.41;4690.59;389;unknown
2026.04.23 20:50;4690.57;4690.91;4688.3;4690.26;442;unknown
2026.04.23 20:55;4690.25;4694.13;4690.25;4694.1;404;mt5-bridge
2026.04.23 22:00;4699.92;4699.92;4694.76;4695.31;380;mt5-bridge
2026.04.23 22:05;4695.2;4699.15;4694.87;4697.25;399;mt5-bridge
2026.04.23 22:10;4697.26;4699.12;4695.13;4697.17;342;mt5-bridge
2026.04.23 22:15;4697.14;4697.18;4693.16;4693.79;241;mt5-bridge
2026.04.23 22:20;4693.76;4695.66;4692.08;4694.13;392;unknown
2026.04.23 22:25;4694.01;4694.9;4692.67;4692.67;305;mt5-bridge
2026.04.23 22:30;4692.71;4695.29;4692.69;4693.41;346;mt5-bridge
2026.04.23 22:35;4693.39;4696.63;4691.79;4691.79;414;unknown
2026.04.23 22:40;4691.82;4693.68;4690.74;4693.5;419;mt5-bridge
2026.04.23 22:45;4693.45;4694.41;4691.93;4692.06;354;unknown
2026.04.23 22:50;4692.15;4692.87;4689.97;4690.73;298;unknown
2026.04.23 22:55;4690.74;4693.17;4690.26;4693.1;327;unknown
2026.04.23 23:00;4693.04;4695.33;4691.83;4693.82;486;unknown
2026.04.23 23:05;4693.83;4694.3;4690.2;4690.21;337;mt5-bridge
2026.04.23 23:10;4690.2;4692.32;4689.56;4689.56;343;unknown
2026.04.23 23:15;4689.52;4690.16;4686.82;4688.27;522;mt5-bridge
2026.04.23 23:20;4688.32;4691.56;4688.26;4688.79;383;unknown
2026.04.23 23:25;4688.76;4694.45;4688.64;4694.19;411;mt5-bridge
2026.04.23 23:30;4694.26;4699.16;4693.44;4698.93;533;unknown
2026.04.23 23:35;4698.95;4700.63;4696.73;4696.73;450;unknown
2026.04.23 23:40;4696.74;4698.4;4696.69;4697.26;283;mt5-bridge
2026.04.23 23:45;4697.29;4699.39;4696.07;4696.69;449;mt5-bridge
2026.04.23 23:50;4696.68;4697.38;4695.31;4697.29;445;mt5-bridge
2026.04.23 23:55;4697.53;4697.53;4692.15;4695.16;437;unknown
2026.04.24 00:00;4695.61;4699.98;4690.83;4691.6;853;unknown
2026.04.24 00:05;4691.71;4697.77;4691.71;4696.14;777;unknown
2026.04.24 00:10;4696.11;4698.58;4693.57;4697.91;782;unknown
2026.04.24 00:15;4697.9;4700.31;4696.8;4696.88;739;unknown
2026.04.24 00:20;4696.92;4700.94;4696.39;4700.51;723;mt5-bridge
2026.04.24 00:25;4700.52;4705.49;4699.27;4705.36;652;mt5-bridge
2026.04.24 00:30;4705.38;4707.72;4702.7;4704.3;746;unknown
2026.04.24 00:35;4704.28;4707.32;4703.52;4703.99;650;mt5-bridge
2026.04.24 00:40;4703.93;4704.22;4701.12;4701.44;714;mt5-bridge
2026.04.24 00:45;4701.45;4703.05;4697.17;4699.13;806;mt5-bridge
2026.04.24 00:50;4699.11;4702.98;4697.57;4702.98;793;unknown
2026.04.24 00:55;4703.08;4705.77;4700.56;4704.37;720;unknown
2026.04.24 01:00;4704.47;4707.9;4697.39;4698.81;1031;mt5-bridge
2026.04.24 01:05;4698.66;4704.27;4695.77;4703.83;961;unknown
2026.04.24 01:10;4703.78;4709.84;4703.08;4709.28;822;unknown
2026.04.24 01:15;4709.3;4710.91;4704.85;4705.25;830;unknown
2026.04.24 01:20;4705.18;4705.39;4701.57;4703.95;781;unknown
2026.04.24 01:25;4704.05;4704.05;4698.23;4698.28;767;unknown
2026.04.24 01:30;4698.25;4702.22;4690.63;4693.47;982;unknown
2026.04.24 01:35;4693.6;4697.53;4692.56;4695.64;904;mt5-bridge
2026.04.24 01:40;4695.78;4697.53;4690.34;4690.78;881;mt5-bridge
2026.04.24 01:45;4690.57;4697.0;4690.2;4696.92;874;mt5-bridge
2026.04.24 01:50;4696.91;4696.91;4693.24;4695.43;731;mt5-bridge
2026.04.24 01:55;4695.44;4700.61;4693.72;4699.39;761;unknown
2026.04.24 02:00;4699.34;4700.48;4694.96;4696.82;775;mt5-bridge
2026.04.24 02:05;4696.74;4698.89;4694.73;4694.73;689;unknown
2026.04.24 02:10;4694.56;4694.56;4690.09;4693.0;851;unknown
2026.04.24 02:15;4693.22;4695.93;4689.89;4691.56;666;mt5-bridge
2026.04.24 02:20;4691.55;4692.09;4684.75;4684.75;758;mt5-bridge
2026.04.24 02:25;4684.74;4686.5;4682.05;4683.58;798;mt5-bridge
2026.04.24 02:30;4684.05;4690.77;4683.44;4688.92;863;mt5-bridge
2026.04.24 02:35;4688.86;4689.2;4682.73;4683.35;819;unknown
2026.04.24 02:40;4683.37;4683.47;4679.98;4683.21;820;mt5-bridge
2026.04.24 02:45;4683.1;4683.84;4675.23;4675.83;867;unknown
2026.04.24 02:50;4675.82;4678.56;4675.04;4678.21;734;unknown
2026.04.24 02:55;4678.17;4678.88;4673.1;4676.62;814;mt5-bridge
2026.04.24 03:00;4676.66;4678.18;4671.37;4672.56;854;unknown
2026.04.24 03:05;4672.69;4674.57;4669.47;4670.33;796;unknown
2026.04.24 03:10;4670.28;4671.74;4668.52;4670.27;758;mt5-bridge
2026.04.24 03:15;4670.27;4674.08;4670.13;4673.47;724;unknown
2026.04.24 03:20;4673.48;4677.14;4673.4;4674.56;688;unknown
2026.04.24 03:25;4674.54;4677.86;4673.19;4674.28;755;mt5-bridge
2026.04.24 03:30;4674.71;4676.96;4672.78;4676.34;741;mt5-bridge
2026.04.24 03:35;4676.37;4677.62;4674.25;4676.86;545;unknown
2026.04.24 03:40;4676.82;4678.02;4674.85;4675.05;439;unknown
2026.04.24 03:45;4675.12;4676.69;4673.9;4675.08;434;unknown
2026.04.24 03:50;4675.06;4675.77;4673.74;4673.79;413;unknown
2026.04.24 03:55;4673.63;4673.86;4671.31;4672.0;482;unknown
2026.04.24 04:00;4696.725;4696.725;4696.725;4696.725;0;unknown
2026.04.24 04:05;4670.73;4674.33;4669.31;4674.03;532;unknown
2026.04.24 04:10;4674.06;4674.46;4669.81;4669.86;492;unknown
2026.04.24 04:15;4669.88;4670.62;4668.12;4669.14;573;unknown
2026.04.24 04:20;4669.15;4669.15;4661.5;4661.52;705;unknown
2026.04.24 04:25;4661.44;4662.54;4659.32;4659.35;610;unknown
2026.04.24 04:30;4659.38;4661.57;4657.7;4661.5;642;unknown
2026.04.24 04:35;4661.65;4665.94;4660.56;4665.76;579;unknown
2026.04.24 04:40;4665.75;4668.28;4664.58;4667.92;567;unknown
2026.04.24 04:45;4667.85;4676.65;4667.85;4675.79;701;unknown
2026.04.24 04:50;4675.74;4675.87;4673.32;4674.13;478;unknown
2026.04.24 04:55;4674.11;4675.59;4673.39;4674.36;369;unknown
2026.04.24 05:00;4674.35;4676.63;4673.32;4673.49;512;unknown
2026.04.24 05:05;4673.4;4674.1;4670.19;4670.55;508;unknown
2026.04.24 05:10;4670.6;4673.77;4669.55;4673.3;512;unknown
2026.04.24 05:15;4673.53;4675.71;4671.93;4674.66;560;unknown
2026.04.24 05:20;4674.65;4676.4;4673.38;4676.21;531;unknown
2026.04.24 05:25;4676.27;4678.37;4676.06;4676.35;444;mt5-bridge
2026.04.24 05:30;4676.37;4684.41;4676.37;4684.37;719;mt5-bridge
2026.04.24 05:35;4684.4;4684.93;4681.82;4684.35;718;mt5-bridge
2026.04.24 05:40;4684.32;4687.15;4681.26;4682.46;773;mt5-bridge
2026.04.24 05:45;4682.5;4684.14;4680.28;4680.63;776;mt5-bridge
2026.04.24 05:50;4680.66;4684.37;4680.3;4684.18;683;mt5-bridge
2026.04.24 05:55;4684.14;4686.58;4682.79;4686.25;660;mt5-bridge
2026.04.24 06:00;4686.24;4687.86;4682.94;4683.36;763;unknown
2026.04.24 06:05;4683.27;4685.03;4682.07;4683.04;710;unknown
2026.04.24 06:10;4683.06;4683.86;4680.65;4681.82;727;unknown
2026.04.24 06:15;4681.78;4681.95;4676.58;4678.05;765;unknown
2026.04.24 06:20;4678.06;4678.18;4673.34;4673.6;800;unknown
2026.04.24 06:25;4673.63;4673.98;4669.91;4671.23;854;unknown
2026.04.24 06:30;4671.35;4675.34;4671.35;4671.81;826;unknown
2026.04.24 06:35;4671.84;4675.01;4671.75;4675.01;847;unknown
2026.04.24 06:40;4675.02;4676.02;4669.77;4673.51;755;unknown
2026.04.24 06:45;4673.52;4673.69;4668.63;4669.43;901;mt5-bridge
2026.04.24 06:50;4669.51;4674.94;4666.62;4674.94;879;mt5-bridge
2026.04.24 06:55;4674.85;4676.21;4671.52;4671.85;801;mt5-bridge
2026.04.24 07:00;4671.69;4676.43;4670.86;4674.45;760;mt5-bridge
2026.04.24 07:05;4674.36;4678.47;4674.0;4677.38;707;mt5-bridge
2026.04.24 07:10;4677.37;4681.26;4676.75;4680.5;579;mt5-bridge
2026.04.24 07:15;4680.49;4682.11;4678.06;4681.32;655;unknown
2026.04.24 07:20;4681.31;4684.16;4679.91;4681.69;670;mt5-bridge
2026.04.24 07:25;4681.71;4684.69;4681.68;4684.27;569;mt5-bridge
2026.04.24 07:30;4684.25;4684.25;4682.18;4683.92;615;mt5-bridge
2026.04.24 07:35;4683.89;4685.57;4683.16;4683.37;544;mt5-bridge
2026.04.24 07:40;4683.21;4685.73;4682.75;4685.34;586;mt5-bridge
2026.04.24 07:45;4685.38;4691.78;4685.09;4690.93;700;mt5-bridge
2026.04.24 07:50;4690.85;4692.53;4690.45;4690.64;587;mt5-bridge
2026.04.24 07:55;4690.62;4695.11;4689.94;4694.35;594;mt5-bridge
2026.04.24 08:00;4693.75;4694.42;4686.47;4688.35;808;mt5-bridge
2026.04.24 08:05;4688.36;4689.87;4686.32;4687.95;765;mt5-bridge
2026.04.24 08:10;4687.93;4689.9;4686.62;4687.31;674;mt5-bridge
2026.04.24 08:15;4687.36;4694.07;4687.36;4693.05;831;mt5-bridge
2026.04.24 08:20;4693.03;4697.22;4691.74;4692.14;757;mt5-bridge
2026.04.24 08:25;4692.11;4692.11;4686.59;4687.73;778;mt5-bridge
2026.04.24 08:30;4687.68;4688.54;4685.77;4685.92;695;mt5-bridge
2026.04.24 08:35;4686.03;4688.99;4684.93;4688.04;689;unknown
2026.04.24 08:40;4688.15;4689.99;4687.33;4688.0;622;unknown
2026.04.24 08:45;4687.98;4692.9;4687.61;4691.74;639;mt5-bridge
2026.04.24 08:50;4691.78;4691.78;4689.45;4690.23;592;unknown
2026.04.24 08:55;4690.22;4691.05;4688.65;4690.67;584;unknown
2026.04.24 09:00;4690.74;4692.94;4689.49;4691.54;743;unknown
2026.04.24 09:05;4691.31;4694.01;4690.42;4691.24;614;mt5-bridge
2026.04.24 09:10;4691.23;4695.16;4690.93;4695.14;627;unknown
2026.04.24 09:15;4695.13;4696.58;4692.65;4694.51;683;mt5-bridge
2026.04.24 09:20;4694.43;4694.68;4686.17;4686.38;750;mt5-bridge
2026.04.24 09:25;4686.34;4687.49;4682.26;4683.2;812;mt5-bridge
2026.04.24 09:30;4683.08;4684.45;4679.3;4682.71;750;unknown
2026.04.24 09:35;4682.72;4683.98;4680.91;4682.8;642;unknown
2026.04.24 09:40;4682.72;4688.4;4682.15;4685.83;655;unknown
2026.04.24 09:45;4685.91;4686.55;4684.33;4685.0;486;unknown
2026.04.24 09:50;4685.03;4685.11;4679.26;4682.07;637;mt5-bridge
2026.04.24 09:55;4682.06;4684.18;4679.96;4681.95;623;mt5-bridge
2026.04.24 10:00;4681.92;4684.41;4681.38;4683.75;638;mt5-bridge
2026.04.24 10:05;4683.74;4684.31;4680.78;4683.32;545;mt5-bridge
2026.04.24 10:10;4683.37;4683.42;4681.01;4682.17;525;unknown
2026.04.24 10:15;4682.03;4683.54;4681.25;4682.84;514;mt5-bridge
2026.04.24 10:20;4682.79;4684.16;4680.13;4683.4;592;mt5-bridge
2026.04.24 10:25;4683.45;4686.08;4682.11;4682.11;608;unknown
2026.04.24 10:30;4682.14;4682.24;4675.05;4675.05;708;mt5-bridge
2026.04.24 10:35;4675.17;4678.67;4674.53;4677.2;628;mt5-bridge
2026.04.24 10:40;4677.2;4680.9;4676.91;4678.85;567;mt5-bridge
2026.04.24 10:45;4679.02;4679.69;4677.53;4679.5;534;unknown
2026.04.24 10:50;4679.49;4680.55;4676.53;4677.09;441;mt5-bridge
2026.04.24 10:55;4677.08;4680.22;4676.72;4677.8;548;unknown
2026.04.24 11:00;4677.68;4690.74;4677.68;4689.19;789;unknown
2026.04.24 11:05;4689.46;4703.23;4687.29;4695.95;1221;unknown
2026.04.24 11:10;4696.11;4701.73;4695.51;4697.06;1063;mt5-bridge
2026.04.24 11:15;4697.05;4700.44;4692.46;4695.02;990;unknown
2026.04.24 11:20;4695.01;4711.76;4692.51;4709.27;1115;unknown
2026.04.24 11:25;4709.5;4716.95;4706.6;4715.36;1097;mt5-bridge
2026.04.24 11:30;4715.4;4717.18;4710.16;4713.04;1035;unknown
2026.04.24 11:35;4712.82;4713.1;4706.23;4707.05;880;mt5-bridge
2026.04.24 11:40;4707.02;4709.61;4705.03;4705.33;818;unknown
2026.04.24 11:45;4705.3;4705.61;4702.78;4704.28;797;unknown
2026.04.24 11:50;4704.27;4707.18;4703.04;4706.38;726;unknown
2026.04.24 11:55;4706.31;4708.17;4705.12;4706.74;698;mt5-bridge
2026.04.24 12:00;4706.75;4709.8;4704.99;4707.21;952;unknown
2026.04.24 12:05;4707.04;4707.76;4703.33;4705.36;774;mt5-bridge
2026.04.24 12:10;4705.49;4710.08;4705.25;4708.6;758;mt5-bridge
2026.04.24 12:15;4708.74;4711.7;4701.38;4705.87;838;mt5-bridge
2026.04.24 12:20;4706.22;4711.4;4703.59;4709.04;969;mt5-bridge
2026.04.24 12:25;4708.91;4710.67;4707.22;4710.46;782;mt5-bridge
2026.04.24 12:30;4710.08;4711.53;4705.77;4705.88;806;mt5-bridge
2026.04.24 12:35;4705.84;4707.32;4703.47;4705.74;875;unknown
2026.04.24 12:40;4705.76;4706.81;4698.69;4698.73;796;unknown
2026.04.24 12:45;4698.74;4699.22;4690.26;4692.17;845;mt5-bridge
2026.04.24 12:50;4692.02;4695.24;4690.35;4693.42;918;mt5-bridge
2026.04.24 12:55;4693.58;4701.0;4693.42;4700.65;854;mt5-bridge
2026.04.24 13:00;4700.68;4702.89;4696.24;4697.81;1052;unknown
2026.04.24 13:05;4697.51;4702.83;4696.12;4700.24;912;unknown
2026.04.24 13:10;4700.25;4705.49;4699.19;4702.81;933;mt5-bridge
2026.04.24 13:15;4702.86;4704.97;4699.55;4702.19;900;mt5-bridge
2026.04.24 13:20;4702.24;4704.12;4695.45;4696.14;989;mt5-bridge
2026.04.24 13:25;4695.95;4697.23;4693.5;4696.96;981;mt5-bridge
2026.04.24 13:30;4696.95;4699.48;4689.69;4692.03;1179;unknown
2026.04.24 13:35;4692.41;4704.32;4691.48;4703.83;1117;mt5-bridge
2026.04.24 13:40;4703.85;4709.53;4702.27;4708.06;1130;mt5-bridge
2026.04.24 13:45;4708.1;4717.33;4706.15;4711.95;1187;mt5-bridge
2026.04.24 13:50;4712.04;4712.59;4704.94;4706.03;1119;unknown
2026.04.24 13:55;4706.02;4712.84;4704.63;4711.95;1041;unknown
2026.04.24 14:00;4711.35;4715.23;4706.77;4712.96;1186;mt5-bridge
2026.04.24 14:05;4713.01;4730.97;4712.78;4728.19;1215;mt5-bridge
2026.04.24 14:10;4728.14;4740.26;4725.65;4731.66;1186;unknown
2026.04.24 14:15;4731.09;4733.49;4727.01;4731.25;1128;mt5-bridge
2026.04.24 14:20;4730.82;4733.87;4726.54;4728.16;1126;unknown
2026.04.24 14:25;4728.27;4728.37;4721.44;4725.38;1090;mt5-bridge
2026.04.24 14:30;4725.42;4731.45;4723.62;4728.78;1115;mt5-bridge
2026.04.24 14:35;4728.81;4731.93;4726.08;4729.7;1118;unknown
2026.04.24 14:40;4729.71;4732.71;4727.63;4730.28;1037;unknown
2026.04.24 14:45;4730.45;4731.12;4725.26;4727.68;977;mt5-bridge
2026.04.24 14:50;4727.68;4729.24;4724.74;4725.61;944;unknown
2026.04.24 14:55;4725.62;4727.24;4724.0;4726.28;870;unknown
2026.04.24 15:00;4726.33;4727.13;4721.77;4722.15;993;unknown
2026.04.24 15:05;4722.18;4724.61;4718.88;4724.24;1010;unknown
2026.04.24 15:10;4724.23;4725.07;4720.0;4721.85;952;unknown
2026.04.24 15:15;4721.86;4722.99;4719.75;4721.26;952;unknown
2026.04.24 15:20;4721.44;4726.31;4720.72;4721.57;924;mt5-bridge
2026.04.24 15:25;4721.6;4722.64;4718.36;4721.73;940;mt5-bridge
2026.04.24 15:30;4721.84;4724.74;4718.13;4718.16;932;mt5-bridge
2026.04.24 15:35;4718.22;4720.09;4717.39;4718.82;940;unknown
2026.04.24 15:40;4718.84;4729.3;4714.59;4727.93;922;mt5-bridge
2026.04.24 15:45;4728.04;4733.32;4724.03;4724.03;1251;unknown
2026.04.24 15:50;4723.99;4730.56;4723.93;4729.18;1115;unknown
2026.04.24 15:55;4729.39;4729.89;4725.41;4727.14;1045;mt5-bridge
2026.04.24 16:00;4727.27;4729.53;4723.91;4725.69;1015;unknown
2026.04.24 16:05;4725.72;4726.49;4720.65;4721.64;880;mt5-bridge
2026.04.24 16:10;4721.59;4723.7;4720.16;4720.34;854;mt5-bridge
2026.04.24 16:15;4720.36;4720.82;4719.01;4720.52;837;mt5-bridge
2026.04.24 16:20;4720.49;4724.48;4720.49;4724.04;765;mt5-bridge
2026.04.24 16:25;4723.95;4725.7;4722.52;4723.21;818;unknown
2026.04.24 16:30;4723.26;4727.06;4723.26;4725.66;864;mt5-bridge
2026.04.24 16:35;4725.69;4725.73;4723.64;4724.05;698;mt5-bridge
2026.04.24 16:40;4724.01;4724.25;4719.26;4722.46;819;mt5-bridge
2026.04.24 16:45;4722.45;4724.58;4720.3;4721.72;809;unknown
2026.04.24 16:50;4721.74;4724.67;4721.74;4724.42;795;unknown
2026.04.24 16:55;4724.23;4727.61;4723.47;4726.77;808;unknown
2026.04.24 17:00;4726.76;4729.9;4726.76;4728.14;892;unknown
2026.04.24 17:05;4728.05;4728.99;4725.7;4727.61;802;unknown
2026.04.24 17:10;4727.65;4728.12;4726.09;4727.85;747;mt5-bridge
2026.04.24 17:15;4727.62;4729.2;4725.9;4728.75;667;unknown
2026.04.24 17:20;4728.79;4728.93;4723.06;4726.63;774;mt5-bridge
2026.04.24 17:25;4726.66;4727.83;4722.3;4722.84;801;mt5-bridge
2026.04.24 17:30;4722.56;4723.38;4719.02;4720.87;853;mt5-bridge
2026.04.24 17:35;4720.84;4725.44;4720.62;4721.7;738;unknown
2026.04.24 17:40;4721.72;4723.2;4721.57;4722.59;678;unknown
2026.04.24 17:45;4722.61;4723.12;4721.41;4722.06;562;mt5-bridge
2026.04.24 17:50;4722.08;4727.67;4720.52;4724.72;649;unknown
2026.04.24 17:55;4724.82;4726.25;4723.21;4723.34;765;mt5-bridge
2026.04.24 18:00;4723.37;4724.76;4722.38;4722.55;734;mt5-bridge
2026.04.24 18:05;4722.56;4722.75;4719.91;4722.51;681;mt5-bridge
2026.04.24 18:10;4722.5;4724.74;4722.4;4723.73;606;mt5-bridge
2026.04.24 18:15;4723.72;4724.21;4720.7;4721.34;706;mt5-bridge
2026.04.24 18:20;4721.28;4722.33;4719.67;4721.03;735;mt5-bridge
2026.04.24 18:25;4721.06;4721.06;4716.85;4716.95;737;mt5-bridge
2026.04.24 18:30;4716.85;4720.31;4716.83;4719.62;657;mt5-bridge
2026.04.24 18:35;4719.61;4720.42;4718.58;4719.86;606;mt5-bridge
2026.04.24 18:40;4719.89;4720.49;4717.95;4718.82;546;mt5-bridge
2026.04.24 18:45;4718.81;4719.6;4717.73;4718.59;565;unknown
2026.04.24 18:50;4718.6;4720.99;4717.9;4720.2;627;unknown
2026.04.24 18:55;4719.95;4723.22;4719.69;4722.62;615;unknown
2026.04.24 19:00;4722.65;4726.01;4721.66;4723.53;647;unknown
2026.04.24 19:05;4723.52;4724.07;4722.04;4722.09;540;mt5-bridge
2026.04.24 19:10;4722.1;4722.72;4720.96;4722.44;600;unknown
2026.04.24 19:15;4722.38;4723.21;4720.16;4721.2;529;unknown
2026.04.24 19:20;4721.15;4721.15;4717.36;4717.81;532;unknown
2026.04.24 19:25;4717.75;4719.09;4717.57;4718.97;621;unknown
2026.04.24 19:30;4718.98;4720.61;4718.38;4718.41;601;mt5-bridge
2026.04.24 19:35;4718.38;4718.41;4716.04;4717.35;617;unknown
2026.04.24 19:40;4717.32;4717.71;4715.97;4716.67;591;mt5-bridge
2026.04.24 19:45;4716.66;4718.5;4715.76;4716.23;673;unknown
2026.04.24 19:50;4716.29;4717.45;4715.62;4716.62;744;unknown
2026.04.24 19:55;4716.59;4717.57;4713.56;4716.91;890;mt5-bridge
2026.04.24 20:00;4716.0;4717.28;4711.01;4711.15;598;mt5-bridge
2026.04.24 20:05;4711.13;4712.14;4708.59;4709.0;447;mt5-bridge
2026.04.24 20:10;4708.96;4710.22;4705.37;4706.69;480;mt5-bridge
2026.04.24 20:15;4706.7;4707.51;4705.39;4705.96;365;unknown
2026.04.24 20:20;4723.145;4723.345;4722.945;4723.195;1900;unknown
2026.04.24 20:25;4707.14;4709.57;4706.38;4708.18;403;mt5-bridge
2026.04.24 20:30;4708.11;4708.5;4705.39;4705.39;350;unknown
2026.04.24 20:35;4705.38;4708.65;4705.27;4707.33;346;mt5-bridge
2026.04.24 20:40;4707.31;4707.86;4705.46;4707.71;340;unknown
2026.04.24 20:45;4707.66;4709.03;4706.97;4707.14;364;mt5-bridge
2026.04.24 20:50;4707.12;4709.56;4706.57;4708.06;371;unknown
2026.04.24 20:55;4724.1001;4740.8999;4722.3999;4740.8999;284;unknown
2026.04.26 22:10;4696.1001;4700.7998;4694.0;4700.0;207;unknown
2026.04.26 22:15;4700.3999;4704.0;4699.0;4703.6001;268;unknown
2026.04.26 22:20;4703.7002;4703.7002;4698.0;4700.1001;173;unknown
2026.04.26 22:25;4699.2998;4702.0;4697.1001;4701.7002;165;unknown
2026.04.26 22:30;4701.2998;4701.7998;4697.0;4698.1001;190;unknown
2026.04.26 22:35;4698.1001;4701.3999;4698.1001;4701.3999;104;unknown
2026.04.26 22:40;4701.0;4701.0;4698.7002;4699.6001;69;unknown
2026.04.26 22:45;4699.6001;4700.5;4698.5;4700.2002;85;unknown
2026.04.26 22:50;4699.7998;4700.2002;4696.2998;4699.2002;112;unknown
2026.04.26 22:55;4699.2002;4700.7998;4699.0;4699.6001;156;unknown
2026.04.26 23:00;4699.1001;4699.1001;4692.2002;4696.6001;349;unknown
2026.04.26 23:05;4696.7998;4699.5;4696.7998;4698.1001;81;unknown
2026.04.26 23:10;4698.6001;4700.0;4697.8999;4698.2998;59;unknown
2026.04.26 23:15;4698.2002;4699.5;4698.1001;4698.6001;32;unknown
2026.04.26 23:20;4698.2998;4698.2998;4695.8999;4697.2002;65;unknown
2026.04.26 23:25;4697.1001;4698.0;4691.2998;4692.1001;194;unknown
2026.04.26 23:30;4691.6001;4694.7002;4691.0;4693.7998;188;unknown
2026.04.26 23:35;4693.5;4694.7998;4689.7002;4691.2998;145;unknown
2026.04.26 23:40;4691.2002;4692.7002;4689.1001;4691.5;181;unknown
2026.04.26 23:45;4692.0;4696.8999;4692.0;4695.7002;242;unknown
2026.04.26 23:50;4694.7002;4696.7002;4693.7998;4696.0;80;unknown
2026.04.26 23:55;4696.1001;4696.7998;4694.5;4694.7998;121;unknown
2026.04.27 00:00;4695.2998;4695.7002;4689.7998;4694.0;362;unknown
2026.04.27 00:05;4693.3999;4694.3999;4686.6001;4690.6001;295;unknown
2026.04.27 00:10;4690.7002;4694.7998;4690.3999;4694.7998;199;unknown
2026.04.27 00:15;4694.5;4696.1001;4692.2002;4693.3999;199;unknown
2026.04.27 00:20;4693.3999;4695.2998;4692.6001;4693.8999;130;unknown
2026.04.27 00:25;4693.8999;4697.3999;4692.2002;4695.5;119;unknown
2026.04.27 00:30;4695.6001;4696.3999;4692.0;4692.8999;114;unknown
2026.04.27 00:35;4692.3999;4694.3999;4691.2002;4694.0;159;unknown
2026.04.27 00:40;4694.1001;4695.7998;4692.8999;4695.3999;82;unknown
2026.04.27 00:45;4695.7998;4698.0;4695.7998;4696.7002;116;unknown
2026.04.27 00:50;4697.3999;4703.8999;4697.3999;4703.2002;368;unknown
2026.04.27 00:55;4704.0;4713.1001;4703.7002;4712.6001;638;unknown
2026.04.27 01:00;4712.3999;4724.7998;4709.2002;4722.7002;1286;unknown
2026.04.27 01:05;4723.2002;4723.7002;4711.1001;4712.7998;454;unknown
2026.04.27 01:10;4713.2998;4717.2002;4707.0;4707.6001;491;unknown
2026.04.27 01:15;4707.2998;4711.3999;4705.5;4710.6001;432;unknown
2026.04.27 01:20;4711.0;4713.2998;4709.2998;4711.3999;232;unknown
2026.04.27 01:25;4711.0;4713.1001;4707.7002;4712.8999;316;unknown
2026.04.27 01:30;4712.7998;4715.6001;4710.3999;4711.7998;236;unknown
2026.04.27 01:35;4712.0;4714.5;4710.6001;4714.5;230;unknown
2026.04.27 01:40;4714.3999;4715.0;4711.3999;4712.2998;137;unknown
2026.04.27 01:45;4713.0;4716.8999;4712.8999;4716.6001;232;unknown
2026.04.27 01:50;4716.6001;4721.2998;4716.2002;4717.7998;288;unknown
2026.04.27 01:55;4717.7998;4719.0;4714.7998;4717.1001;167;unknown
2026.04.27 02:00;4717.7002;4721.5;4715.5;4716.8999;213;unknown
2026.04.27 02:05;4716.1001;4717.1001;4711.5;4713.3999;323;unknown
2026.04.27 02:10;4713.0;4714.8999;4710.6001;4714.6001;127;unknown
2026.04.27 02:15;4713.7998;4722.7998;4713.7998;4719.5;407;unknown
2026.04.27 02:20;4719.5;4721.7998;4718.7998;4719.2002;128;unknown
2026.04.27 02:25;4720.1001;4721.5;4719.5;4720.3999;91;unknown
2026.04.27 02:30;4720.0;4722.3999;4718.8999;4720.0;197;unknown
2026.04.27 02:35;4720.7998;4729.3999;4720.6001;4727.2002;421;unknown
2026.04.27 02:40;4727.2998;4729.0;4725.1001;4728.5;340;unknown
2026.04.27 02:45;4728.5;4734.2998;4726.8999;4733.2998;570;unknown
2026.04.27 02:50;4733.0;4738.2002;4732.2998;4736.1001;549;unknown
2026.04.27 02:55;4736.1001;4738.2998;4732.8999;4732.8999;354;unknown
2026.04.27 03:00;4733.2002;4737.7002;4733.2002;4734.7998;446;unknown
2026.04.27 03:05;4735.1001;4736.1001;4733.7002;4735.7002;109;unknown
2026.04.27 03:10;4735.7002;4736.8999;4731.3999;4733.1001;228;unknown
2026.04.27 03:15;4733.0;4733.7998;4731.7998;4732.2998;73;unknown
2026.04.27 03:20;4732.2998;4733.8999;4731.3999;4731.6001;62;unknown
2026.04.27 03:25;4731.7002;4731.8999;4729.6001;4730.6001;147;unknown
2026.04.27 03:30;4731.2002;4737.5;4731.2002;4737.2998;201;unknown
2026.04.27 03:35;4737.5;4740.8999;4736.3999;4739.0;313;unknown
2026.04.27 03:40;4739.0;4744.7998;4738.7998;4743.5;409;unknown
2026.04.27 03:45;4743.5;4744.6001;4738.7998;4739.6001;336;unknown
2026.04.27 03:50;4740.0;4741.8999;4737.8999;4740.6001;252;unknown
2026.04.27 03:55;4740.6001;4741.7998;4739.2998;4739.7998;163;unknown
2026.04.27 04:00;4739.7998;4742.2998;4738.8999;4741.7998;115;unknown
2026.04.27 04:05;4742.0;4743.1001;4741.7998;4742.7998;52;unknown
2026.04.27 04:10;4742.7998;4743.3999;4741.0;4743.0;100;unknown
2026.04.27 04:15;4743.2998;4743.7002;4740.6001;4742.1001;93;unknown
2026.04.27 04:20;4742.3999;4743.2002;4741.8999;4742.2002;76;unknown
2026.04.27 04:25;4742.2002;4742.7002;4740.7002;4742.5;73;unknown
2026.04.27 04:30;4742.7998;4745.7998;4742.6001;4742.7998;310;unknown
2026.04.27 04:35;4742.7998;4744.0;4741.1001;4743.3999;149;unknown
2026.04.27 04:40;4744.0;4744.0;4741.6001;4742.1001;54;unknown
2026.04.27 04:45;4741.8999;4742.2998;4739.7998;4739.8999;192;unknown
2026.04.27 04:50;4740.2002;4740.5;4739.0;4740.1001;101;unknown
2026.04.27 04:55;4740.5;4742.2998;4738.2998;4740.5;150;unknown
2026.04.27 05:00;4741.2002;4741.2002;4736.7002;4737.1001;133;unknown
2026.04.27 05:05;4737.2998;4738.2002;4735.3999;4735.5;183;unknown
2026.04.27 05:10;4735.3999;4736.3999;4734.2002;4734.2998;192;unknown
2026.04.27 05:15;4733.8999;4734.7002;4731.7002;4734.0;402;unknown
2026.04.27 05:20;4733.7002;4735.2002;4733.7002;4735.1001;104;unknown
2026.04.27 05:25;4735.1001;4736.0;4733.7002;4734.2002;205;unknown
2026.04.27 05:30;4733.8999;4734.2998;4727.2002;4728.2998;544;unknown
2026.04.27 05:35;4728.1001;4728.1001;4725.2998;4726.2002;276;unknown
2026.04.27 05:40;4726.5;4728.3999;4724.7002;4727.2998;307;unknown
2026.04.27 05:45;4727.2002;4729.5;4726.8999;4727.1001;129;unknown
2026.04.27 05:50;4727.2998;4727.7002;4724.0;4726.5;303;unknown
2026.04.27 05:55;4726.8999;4728.6001;4725.1001;4725.7002;188;unknown
2026.04.27 06:00;4725.3999;4728.7998;4724.6001;4726.3999;299;unknown
2026.04.27 06:05;4726.3999;4728.5;4724.6001;4728.5;204;unknown
2026.04.27 06:10;4728.3999;4730.8999;4728.3999;4730.1001;182;unknown
2026.04.27 06:15;4729.3999;4729.3999;4726.6001;4727.2998;212;unknown
2026.04.27 06:20;4726.8999;4730.3999;4726.5;4729.7002;164;unknown
2026.04.27 06:25;4730.0;4730.7998;4727.7002;4729.6001;208;unknown
2026.04.27 06:30;4729.2998;4729.2998;4724.2998;4725.3999;211;unknown
2026.04.27 06:35;4724.7002;4729.1001;4724.7002;4727.0;129;unknown
2026.04.27 06:40;4727.1001;4727.7998;4725.1001;4725.6001;110;unknown
2026.04.27 06:45;4725.7002;4729.2002;4724.7998;4729.2002;225;unknown
2026.04.27 06:50;4729.0;4730.5;4728.3999;4728.3999;130;unknown
2026.04.27 06:55;4728.5;4729.6001;4726.8999;4727.6001;136;unknown
2026.04.27 07:00;4727.3999;4732.5;4725.8999;4732.3999;248;unknown
2026.04.27 07:05;4731.8999;4733.5;4729.6001;4731.7998;291;unknown
2026.04.27 07:10;4731.7002;4732.8999;4728.8999;4732.2998;137;unknown
2026.04.27 07:15;4731.7998;4732.3999;4727.1001;4730.0;157;unknown
2026.04.27 07:20;4729.8999;4733.1001;4728.2998;4732.7002;135;unknown
2026.04.27 07:25;4732.5;4733.2002;4729.2002;4730.8999;108;unknown
2026.04.27 07:30;4730.7998;4732.3999;4728.2998;4731.6001;196;unknown
2026.04.27 07:35;4730.7998;4731.7998;4728.5;4730.7002;122;unknown
2026.04.27 07:40;4730.8999;4732.0;4729.2998;4729.7002;137;unknown
2026.04.27 07:45;4729.7998;4731.7998;4727.8999;4728.8999;96;unknown
2026.04.27 07:50;4729.1001;4729.7998;4725.0;4727.1001;181;unknown
2026.04.27 07:55;4727.2002;4729.3999;4726.5;4727.8999;149;unknown
2026.04.27 08:00;4728.3999;4729.5;4725.2002;4726.8999;197;unknown
2026.04.27 08:05;4727.1001;4728.5;4725.1001;4727.1001;209;unknown
2026.04.27 08:10;4726.2998;4728.7998;4725.0;4725.6001;151;unknown
2026.04.27 08:15;4726.2002;4729.0;4725.2998;4725.3999;101;unknown
2026.04.27 08:20;4725.6001;4727.1001;4724.2998;4726.0;127;unknown
2026.04.27 08:25;4725.7002;4727.0;4724.2998;4725.6001;135;unknown
2026.04.27 08:30;4725.5;4725.6001;4721.3999;4724.2998;309;unknown
2026.04.27 08:35;4724.0;4724.7002;4722.1001;4722.2002;109;unknown
2026.04.27 08:40;4722.5;4726.7998;4720.2002;4726.7998;267;unknown
2026.04.27 08:45;4726.7998;4730.0;4726.6001;4727.3999;304;unknown
2026.04.27 08:50;4727.2998;4727.2998;4721.7998;4722.2002;219;unknown
2026.04.27 08:55;4721.7002;4723.7002;4720.7002;4722.0;171;unknown
2026.04.27 09:00;4722.2998;4723.3999;4720.8999;4721.7998;207;unknown
2026.04.27 09:05;4721.7998;4723.6001;4719.6001;4719.7998;237;unknown
2026.04.27 09:10;4719.8999;4721.3999;4717.6001;4720.2998;291;unknown
2026.04.27 09:15;4720.2002;4721.5;4718.7002;4720.8999;224;unknown
2026.04.27 09:20;4720.7002;4721.5;4720.2002;4721.3999;165;unknown
2026.04.27 09:25;4721.2002;4722.2002;4716.7002;4717.7002;225;unknown
2026.04.27 09:30;4717.5;4719.7002;4714.7002;4718.8999;623;unknown
2026.04.27 09:35;4718.3999;4720.2002;4716.2998;4719.7998;394;unknown
2026.04.27 09:40;4719.6001;4721.2998;4719.0;4720.1001;291;unknown
2026.04.27 09:45;4720.3999;4720.3999;4715.7002;4715.7002;203;unknown
2026.04.27 09:50;4716.2002;4718.1001;4714.8999;4715.6001;234;unknown
2026.04.27 09:55;4716.2002;4720.0;4716.0;4719.1001;324;unknown
2026.04.27 10:00;4719.2002;4721.6001;4718.2002;4720.7998;171;unknown
2026.04.27 10:05;4720.8999;4722.3999;4718.8999;4719.1001;141;unknown
2026.04.27 10:10;4719.1001;4719.6001;4716.8999;4717.7998;87;unknown
2026.04.27 10:15;4717.1001;4718.5;4714.7002;4717.6001;248;unknown
2026.04.27 10:20;4717.7998;4721.2998;4717.7998;4719.7002;216;unknown
2026.04.27 10:25;4719.3999;4720.8999;4718.7998;4720.7002;161;unknown
2026.04.27 10:30;4720.7002;4723.6001;4720.0;4722.7002;288;unknown
2026.04.27 10:35;4722.5;4725.0;4720.7002;4723.6001;175;unknown
2026.04.27 10:40;4723.8999;4726.0;4723.7002;4724.2002;219;unknown
2026.04.27 10:45;4724.5;4726.3999;4723.0;4724.0;179;unknown
2026.04.27 10:50;4723.5;4725.5;4722.2998;4724.7002;86;unknown
2026.04.27 10:55;4725.1001;4726.2002;4723.6001;4724.2998;96;unknown
2026.04.27 11:00;4724.2002;4724.5;4720.6001;4720.8999;137;unknown
2026.04.27 11:05;4721.2998;4723.0;4720.8999;4722.5;81;unknown
2026.04.27 11:10;4722.1001;4722.2002;4719.1001;4719.2998;197;unknown
2026.04.27 11:15;4719.2002;4720.1001;4715.7002;4719.2998;285;unknown
2026.04.27 11:20;4719.3999;4720.0;4715.5;4719.3999;224;unknown
2026.04.27 11:25;4719.0;4722.2002;4718.2998;4720.2002;184;unknown
2026.04.27 11:30;4720.1001;4724.0;4719.6001;4720.8999;246;unknown
2026.04.27 11:35;4720.5;4720.5;4713.5;4717.6001;323;unknown
2026.04.27 11:40;4717.2002;4719.2998;4715.2998;4717.7002;160;unknown
2026.04.27 11:45;4718.0;4720.5;4718.0;4718.5;128;unknown
2026.04.27 11:50;4718.1001;4718.3999;4716.0;4718.2002;119;unknown
2026.04.27 11:55;4718.2998;4720.2002;4716.0;4719.7002;185;unknown
2026.04.27 12:00;4720.1001;4721.2002;4717.5;4720.0;242;unknown
2026.04.27 12:05;4719.7002;4721.1001;4717.6001;4721.0;240;unknown
2026.04.27 12:10;4720.7002;4724.7998;4719.1001;4724.0;582;unknown
2026.04.27 12:15;4724.0;4727.0;4722.2998;4726.2998;766;unknown
2026.04.27 12:20;4726.5;4728.0;4723.6001;4724.5;543;unknown
2026.04.27 12:25;4724.6001;4725.1001;4717.0;4722.1001;728;unknown
2026.04.27 12:30;4721.8999;4723.1001;4719.2998;4719.3999;242;unknown
2026.04.27 12:35;4719.7002;4720.3999;4716.1001;4716.8999;282;unknown
2026.04.27 12:40;4716.7998;4717.5;4712.0;4714.1001;671;unknown
2026.04.27 12:45;4713.7998;4719.2002;4712.6001;4719.1001;318;unknown
2026.04.27 12:50;4718.5;4719.8999;4717.1001;4718.2998;314;unknown
2026.04.27 12:55;4718.0;4718.0;4712.5;4714.1001;284;unknown
2026.04.27 13:00;4714.7998;4716.2002;4708.7002;4711.3999;745;unknown
2026.04.27 13:05;4711.2002;4712.3999;4708.2998;4711.5;499;unknown
2026.04.27 13:10;4711.3999;4714.8999;4709.1001;4710.8999;513;unknown
2026.04.27 13:15;4710.8999;4718.8999;4710.6001;4716.0;467;unknown
2026.04.27 13:20;4715.7998;4718.0;4714.2998;4715.0;227;unknown
2026.04.27 13:25;4714.5;4715.5;4712.8999;4715.2002;282;unknown
2026.04.27 13:30;4715.5;4718.0;4708.7002;4709.7998;735;unknown
2026.04.27 13:35;4709.5;4711.1001;4703.2998;4707.6001;989;unknown
2026.04.27 13:40;4706.8999;4709.6001;4706.0;4708.0;501;unknown
2026.04.27 13:45;4708.1001;4710.8999;4704.0;4704.7002;612;unknown
2026.04.27 13:50;4704.6001;4711.1001;4704.1001;4709.8999;622;unknown
2026.04.27 13:55;4709.8999;4712.7002;4707.7998;4711.6001;635;unknown
2026.04.27 14:00;4711.2002;4711.2998;4706.7998;4709.1001;717;unknown
2026.04.27 14:05;4709.5;4711.7002;4703.6001;4704.2998;785;unknown
2026.04.27 14:10;4703.8999;4708.3999;4702.3999;4707.8999;542;unknown
2026.04.27 14:15;4707.5;4712.0;4706.0;4710.6001;527;unknown
2026.04.27 14:20;4710.6001;4711.6001;4707.2998;4708.6001;506;unknown
2026.04.27 14:25;4709.2998;4709.6001;4701.2998;4704.0;912;unknown
2026.04.27 14:30;4704.2002;4704.2998;4698.5;4701.0;1088;unknown
2026.04.27 14:35;4701.2998;4712.2002;4700.7002;4708.5;1177;unknown
2026.04.27 14:40;4708.7998;4710.3999;4705.2998;4708.5;367;unknown
2026.04.27 14:45;4708.6001;4709.1001;4705.7002;4706.2998;238;unknown
2026.04.27 14:50;4706.0;4706.8999;4694.7002;4695.3999;1099;unknown
2026.04.27 14:55;4695.8999;4696.2002;4691.2998;4693.2002;1157;unknown
2026.04.27 15:00;4693.3999;4694.6001;4682.7002;4683.3999;1740;unknown
2026.04.27 15:05;4683.5;4688.3999;4681.7998;4687.2998;830;unknown
