time,event,impact,category,source,detail
2000-01-02T21:31:45+00:00,Moon ingress to Sagittarius,medium,astrology,swisseph,Moon: Scorpio -> Sagittarius
2000-01-04T03:00:55+00:00,Mars ingress to Pisces,medium,astrology,swisseph,Mars: Aquarius -> Pisces
2000-01-05T10:23:48+00:00,Moon ingress to Capricorn,medium,astrology,swisseph,Moon: Sagittarius -> Capricorn
2000-01-07T22:52:44+00:00,Moon ingress to Aquarius,medium,astrology,swisseph,Moon: Capricorn -> Aquarius
2000-01-10T09:59:06+00:00,Moon ingress to Pisces,medium,astrology,swisseph,Moon: Aquarius -> Pisces
2000-01-12T18:48:21+00:00,Moon ingress to Aries,medium,astrology,swisseph,Moon: Pisces -> Aries
2000-01-15T00:37:52+00:00,Moon ingress to Taurus,medium,astrology,swisseph,Moon: Aries -> Taurus
2000-01-17T03:24:56+00:00,Moon ingress to Gemini,medium,astrology,swisseph,Moon: Taurus -> Gemini
2000-01-18T22:19:47+00:00,Mercury ingress to Aquarius,low,astrology,swisseph,Mercury: Capricorn -> Aquarius
2000-01-19T04:00:55+00:00,Moon ingress to Cancer,medium,astrology,swisseph,Moon: Gemini -> Cancer
2000-01-20T18:23:02+00:00,Sun ingress to Aquarius,high,astrology,swisseph,Sun: Capricorn -> Aquarius
2000-01-21T03:58:20+00:00,Moon ingress to Leo,medium,astrology,swisseph,Moon: Cancer -> Leo
2000-01-23T05:07:17+00:00,Moon ingress to Virgo,medium,astrology,swisseph,Moon: Leo -> Virgo
2000-01-24T19:52:26+00:00,Venus ingress to Capricorn,low,astrology,swisseph,Venus: Sagittarius -> Capricorn
2000-01-25T09:09:10+00:00,Moon ingress to Libra,medium,astrology,swisseph,Moon: Virgo -> Libra
2000-01-27T17:01:07+00:00,Moon ingress to Scorpio,medium,astrology,swisseph,Moon: Libra -> Scorpio
2000-01-30T04:17:27+00:00,Moon ingress to Sagittarius,medium,astrology,swisseph,Moon: Scorpio -> Sagittarius
2000-02-01T17:09:44+00:00,Moon ingress to Capricorn,medium,astrology,swisseph,Moon: Sagittarius -> Capricorn
2000-02-04T05:31:03+00:00,Moon ingress to Aquarius,medium,astrology,swisseph,Moon: Capricorn -> Aquarius
2000-02-05T08:08:33+00:00,Mercury ingress to Pisces,low,astrology,swisseph,Mercury: Aquarius -> Pisces
2000-02-06T16:01:42+00:00,Moon ingress to Pisces,medium,astrology,swisseph,Moon: Aquarius -> Pisces
2000-02-09T00:17:17+00:00,Moon ingress to Aries,medium,astrology,swisseph,Moon: Pisces -> Aries
2000-02-11T06:20:39+00:00,Moon ingress to Taurus,medium,astrology,swisseph,Moon: Aries -> Taurus
2000-02-12T01:04:00+00:00,Mars ingress to Aries,medium,astrology,swisseph,Mars: Pisces -> Aries
2000-02-13T10:22:42+00:00,Moon ingress to Gemini,medium,astrology,swisseph,Moon: Taurus -> Gemini
2000-02-14T21:40:05+00:00,Jupiter ingress to Taurus,medium,astrology,swisseph,Jupiter: Aries -> Taurus
2000-02-15T12:44:55+00:00,Moon ingress to Cancer,medium,astrology,swisseph,Moon: Gemini -> Cancer
2000-02-17T14:11:18+00:00,Moon ingress to Leo,medium,astrology,swisseph,Moon: Cancer -> Leo
2000-02-18T04:43:18+00:00,Venus ingress to Aquarius,low,astrology,swisseph,Venus: Capricorn -> Aquarius
2000-02-19T08:33:18+00:00,Sun ingress to Pisces,high,astrology,swisseph,Sun: Aquarius -> Pisces
2000-02-19T15:53:19+00:00,Moon ingress to Virgo,medium,astrology,swisseph,Moon: Leo -> Virgo
2000-02-21T19:21:19+00:00,Moon ingress to Libra,medium,astrology,swisseph,Moon: Virgo -> Libra
2000-02-24T01:57:46+00:00,Moon ingress to Scorpio,medium,astrology,swisseph,Moon: Libra -> Scorpio
2000-02-26T12:09:53+00:00,Moon ingress to Sagittarius,medium,astrology,swisseph,Moon: Scorpio -> Sagittarius
2000-02-29T00:45:07+00:00,Moon ingress to Capricorn,medium,astrology,swisseph,Moon: Sagittarius -> Capricorn
2000-03-02T13:14:16+00:00,Moon ingress to Aquarius,medium,astrology,swisseph,Moon: Capricorn -> Aquarius
2000-03-04T23:29:59+00:00,Moon ingress to Pisces,medium,astrology,swisseph,Moon: Aquarius -> Pisces
2000-03-07T06:54:10+00:00,Moon ingress to Aries,medium,astrology,swisseph,Moon: Pisces -> Aries
2000-03-09T12:00:48+00:00,Moon ingress to Taurus,medium,astrology,swisseph,Moon: Aries -> Taurus
2000-03-11T15:45:33+00:00,Moon ingress to Gemini,medium,astrology,swisseph,Moon: Taurus -> Gemini
2000-03-13T11:36:03+00:00,Venus ingress to Pisces,low,astrology,swisseph,Venus: Aquarius -> Pisces
2000-03-13T18:51:11+00:00,Moon ingress to Cancer,medium,astrology,swisseph,Moon: Gemini -> Cancer
2000-03-15T21:43:03+00:00,Moon ingress to Leo,medium,astrology,swisseph,Moon: Cancer -> Leo
2000-03-18T00:48:27+00:00,Moon ingress to Virgo,medium,astrology,swisseph,Moon: Leo -> Virgo
2000-03-20T04:56:53+00:00,Moon ingress to Libra,medium,astrology,swisseph,Moon: Virgo -> Libra
2000-03-20T07:35:16+00:00,Sun ingress to Aries,high,astrology,swisseph,Sun: Pisces -> Aries
2000-03-22T11:17:25+00:00,Moon ingress to Scorpio,medium,astrology,swisseph,Moon: Libra -> Scorpio
2000-03-23T01:25:20+00:00,Mars ingress to Taurus,medium,astrology,swisseph,Mars: Aries -> Taurus
2000-03-24T20:42:48+00:00,Moon ingress to Sagittarius,medium,astrology,swisseph,Moon: Scorpio -> Sagittarius
2000-03-27T08:50:41+00:00,Moon ingress to Capricorn,medium,astrology,swisseph,Moon: Sagittarius -> Capricorn
2000-03-29T21:34:19+00:00,Moon ingress to Aquarius,medium,astrology,swisseph,Moon: Capricorn -> Aquarius
2000-04-01T08:12:19+00:00,Moon ingress to Pisces,medium,astrology,swisseph,Moon: Aquarius -> Pisces
2000-04-03T15:21:50+00:00,Moon ingress to Aries,medium,astrology,swisseph,Moon: Pisces -> Aries
2000-04-05T19:28:56+00:00,Moon ingress to Taurus,medium,astrology,swisseph,Moon: Aries -> Taurus
2000-04-06T18:37:26+00:00,Venus ingress to Aries,low,astrology,swisseph,Venus: Pisces -> Aries
2000-04-07T21:58:14+00:00,Moon ingress to Gemini,medium,astrology,swisseph,Moon: Taurus -> Gemini
2000-04-10T00:15:48+00:00,Moon ingress to Cancer,medium,astrology,swisseph,Moon: Gemini -> Cancer
2000-04-12T03:15:53+00:00,Moon ingress to Leo,medium,astrology,swisseph,Moon: Cancer -> Leo
2000-04-13T00:17:15+00:00,Mercury ingress to Aries,low,astrology,swisseph,Mercury: Pisces -> Aries
2000-04-14T07:18:39+00:00,Moon ingress to Virgo,medium,astrology,swisseph,Moon: Leo -> Virgo
2000-04-16T12:35:35+00:00,Moon ingress to Libra,medium,astrology,swisseph,Moon: Virgo -> Libra
2000-04-18T19:35:22+00:00,Moon ingress to Scorpio,medium,astrology,swisseph,Moon: Libra -> Scorpio
2000-04-19T18:39:31+00:00,Sun ingress to Taurus,high,astrology,swisseph,Sun: Aries -> Taurus
2000-04-21T04:57:32+00:00,Moon ingress to Sagittarius,medium,astrology,swisseph,Moon: Scorpio -> Sagittarius
2000-04-23T16:47:05+00:00,Moon ingress to Capricorn,medium,astrology,swisseph,Moon: Sagittarius -> Capricorn
2000-04-26T05:41:46+00:00,Moon ingress to Aquarius,medium,astrology,swisseph,Moon: Capricorn -> Aquarius
2000-04-28T17:05:59+00:00,Moon ingress to Pisces,medium,astrology,swisseph,Moon: Aquarius -> Pisces
2000-04-30T03:53:17+00:00,Mercury ingress to Taurus,low,astrology,swisseph,Mercury: Aries -> Taurus
2000-05-01T00:54:32+00:00,Moon ingress to Aries,medium,astrology,swisseph,Moon: Pisces -> Aries
2000-05-01T02:48:55+00:00,Venus ingress to Taurus,low,astrology,swisseph,Venus: Aries -> Taurus
2000-05-03T04:53:54+00:00,Moon ingress to Taurus,medium,astrology,swisseph,Moon: Aries -> Taurus
2000-05-03T19:18:22+00:00,Mars ingress to Gemini,medium,astrology,swisseph,Mars: Taurus -> Gemini
2000-05-05T06:23:13+00:00,Moon ingress to Gemini,medium,astrology,swisseph,Moon: Taurus -> Gemini
2000-05-07T07:13:40+00:00,Moon ingress to Cancer,medium,astrology,swisseph,Moon: Gemini -> Cancer
2000-05-09T09:01:09+00:00,Moon ingress to Leo,medium,astrology,swisseph,Moon: Cancer -> Leo
2000-05-11T12:40:59+00:00,Moon ingress to Virgo,medium,astrology,swisseph,Moon: Leo -> Virgo
2000-05-13T18:27:17+00:00,Moon ingress to Libra,medium,astrology,swisseph,Moon: Virgo -> Libra
2000-05-14T07:10:23+00:00,Mercury ingress to Gemini,low,astrology,swisseph,Mercury: Taurus -> Gemini
2000-05-16T02:16:22+00:00,Moon ingress to Scorpio,medium,astrology,swisseph,Moon: Libra -> Scorpio
2000-05-18T12:09:15+00:00,Moon ingress to Sagittarius,medium,astrology,swisseph,Moon: Scorpio -> Sagittarius
2000-05-20T17:49:25+00:00,Sun ingress to Gemini,high,astrology,swisseph,Sun: Taurus -> Gemini
2000-05-21T00:01:01+00:00,Moon ingress to Capricorn,medium,astrology,swisseph,Moon: Sagittarius -> Capricorn
2000-05-23T13:00:16+00:00,Moon ingress to Aquarius,medium,astrology,swisseph,Moon: Capricorn -> Aquarius
2000-05-25T12:14:59+00:00,Venus ingress to Gemini,low,astrology,swisseph,Venus: Taurus -> Gemini
2000-05-26T01:07:24+00:00,Moon ingress to Pisces,medium,astrology,swisseph,Moon: Aquarius -> Pisces
2000-05-28T10:07:41+00:00,Moon ingress to Aries,medium,astrology,swisseph,Moon: Pisces -> Aries
2000-05-30T04:27:12+00:00,Mercury ingress to Cancer,low,astrology,swisseph,Mercury: Gemini -> Cancer
2000-05-30T15:02:05+00:00,Moon ingress to Taurus,medium,astrology,swisseph,Moon: Aries -> Taurus
2000-06-01T16:34:22+00:00,Moon ingress to Gemini,medium,astrology,swisseph,Moon: Taurus -> Gemini
2000-06-03T16:29:46+00:00,Moon ingress to Cancer,medium,astrology,swisseph,Moon: Gemini -> Cancer
2000-06-05T16:45:24+00:00,Moon ingress to Leo,medium,astrology,swisseph,Moon: Cancer -> Leo
2000-06-07T18:57:05+00:00,Moon ingress to Virgo,medium,astrology,swisseph,Moon: Leo -> Virgo
2000-06-09T23:58:31+00:00,Moon ingress to Libra,medium,astrology,swisseph,Moon: Virgo -> Libra
2000-06-12T07:54:53+00:00,Moon ingress to Scorpio,medium,astrology,swisseph,Moon: Libra -> Scorpio
2000-06-14T18:17:54+00:00,Moon ingress to Sagittarius,medium,astrology,swisseph,Moon: Scorpio -> Sagittarius
2000-06-16T12:29:31+00:00,Mars ingress to Cancer,medium,astrology,swisseph,Mars: Gemini -> Cancer
2000-06-17T06:26:27+00:00,Moon ingress to Capricorn,medium,astrology,swisseph,Moon: Sagittarius -> Capricorn
2000-06-18T22:14:44+00:00,Venus ingress to Cancer,low,astrology,swisseph,Venus: Gemini -> Cancer
2000-06-19T19:25:59+00:00,Moon ingress to Aquarius,medium,astrology,swisseph,Moon: Capricorn -> Aquarius
2000-06-21T01:47:42+00:00,Sun ingress to Cancer,high,astrology,swisseph,Sun: Gemini -> Cancer
2000-06-22T07:51:39+00:00,Moon ingress to Pisces,medium,astrology,swisseph,Moon: Aquarius -> Pisces
2000-06-24T17:55:26+00:00,Moon ingress to Aries,medium,astrology,swisseph,Moon: Pisces -> Aries
2000-06-27T00:18:35+00:00,Moon ingress to Taurus,medium,astrology,swisseph,Moon: Aries -> Taurus
2000-06-29T02:59:22+00:00,Moon ingress to Gemini,medium,astrology,swisseph,Moon: Taurus -> Gemini
2000-06-30T07:35:30+00:00,Jupiter ingress to Gemini,medium,astrology,swisseph,Jupiter: Taurus -> Gemini
2000-07-01T03:09:20+00:00,Moon ingress to Cancer,medium,astrology,swisseph,Moon: Gemini -> Cancer
2000-07-03T02:37:45+00:00,Moon ingress to Leo,medium,astrology,swisseph,Moon: Cancer -> Leo
2000-07-05T03:18:54+00:00,Moon ingress to Virgo,medium,astrology,swisseph,Moon: Leo -> Virgo
2000-07-07T06:46:41+00:00,Moon ingress to Libra,medium,astrology,swisseph,Moon: Virgo -> Libra
2000-07-09T13:48:15+00:00,Moon ingress to Scorpio,medium,astrology,swisseph,Moon: Libra -> Scorpio
2000-07-12T00:05:37+00:00,Moon ingress to Sagittarius,medium,astrology,swisseph,Moon: Scorpio -> Sagittarius
2000-07-13T08:02:05+00:00,Venus ingress to Leo,low,astrology,swisseph,Venus: Cancer -> Leo
2000-07-14T12:27:33+00:00,Moon ingress to Capricorn,medium,astrology,swisseph,Moon: Sagittarius -> Capricorn
2000-07-17T01:26:37+00:00,Moon ingress to Aquarius,medium,astrology,swisseph,Moon: Capricorn -> Aquarius
2000-07-19T13:44:02+00:00,Moon ingress to Pisces,medium,astrology,swisseph,Moon: Aquarius -> Pisces
2000-07-22T00:09:18+00:00,Moon ingress to Aries,medium,astrology,swisseph,Moon: Pisces -> Aries
2000-07-22T12:42:40+00:00,Sun ingress to Leo,high,astrology,swisseph,Sun: Cancer -> Leo
2000-07-24T07:43:36+00:00,Moon ingress to Taurus,medium,astrology,swisseph,Moon: Aries -> Taurus
2000-07-26T12:01:29+00:00,Moon ingress to Gemini,medium,astrology,swisseph,Moon: Taurus -> Gemini
2000-07-28T13:29:43+00:00,Moon ingress to Cancer,medium,astrology,swisseph,Moon: Gemini -> Cancer
2000-07-30T13:23:29+00:00,Moon ingress to Leo,medium,astrology,swisseph,Moon: Cancer -> Leo
2000-08-01T01:20:43+00:00,Mars ingress to Leo,medium,astrology,swisseph,Mars: Cancer -> Leo
2000-08-01T13:27:01+00:00,Moon ingress to Virgo,medium,astrology,swisseph,Moon: Leo -> Virgo
2000-08-03T15:31:14+00:00,Moon ingress to Libra,medium,astrology,swisseph,Moon: Virgo -> Libra
2000-08-05T21:04:13+00:00,Moon ingress to Scorpio,medium,astrology,swisseph,Moon: Libra -> Scorpio
2000-08-06T17:32:24+00:00,Venus ingress to Virgo,low,astrology,swisseph,Venus: Leo -> Virgo
2000-08-07T05:42:01+00:00,Mercury ingress to Leo,low,astrology,swisseph,Mercury: Cancer -> Leo
2000-08-08T06:30:10+00:00,Moon ingress to Sagittarius,medium,astrology,swisseph,Moon: Scorpio -> Sagittarius
2000-08-10T02:26:21+00:00,Saturn ingress to Gemini,high,astrology,swisseph,Saturn: Taurus -> Gemini
2000-08-10T18:43:39+00:00,Moon ingress to Capricorn,medium,astrology,swisseph,Moon: Sagittarius -> Capricorn
2000-08-13T07:42:46+00:00,Moon ingress to Aquarius,medium,astrology,swisseph,Moon: Capricorn -> Aquarius
2000-08-15T19:41:10+00:00,Moon ingress to Pisces,medium,astrology,swisseph,Moon: Aquarius -> Pisces
2000-08-18T05:43:47+00:00,Moon ingress to Aries,medium,astrology,swisseph,Moon: Pisces -> Aries
2000-08-20T13:30:47+00:00,Moon ingress to Taurus,medium,astrology,swisseph,Moon: Aries -> Taurus
2000-08-22T10:10:48+00:00,Mercury ingress to Virgo,low,astrology,swisseph,Mercury: Leo -> Virgo
2000-08-22T18:54:41+00:00,Moon ingress to Gemini,medium,astrology,swisseph,Moon: Taurus -> Gemini
2000-08-22T19:48:30+00:00,Sun ingress to Virgo,high,astrology,swisseph,Sun: Leo -> Virgo
2000-08-24T21:59:33+00:00,Moon ingress to Cancer,medium,astrology,swisseph,Moon: Gemini -> Cancer
2000-08-26T23:16:51+00:00,Moon ingress to Leo,medium,astrology,swisseph,Moon: Cancer -> Leo
2000-08-28T23:55:07+00:00,Moon ingress to Virgo,medium,astrology,swisseph,Moon: Leo -> Virgo
2000-08-31T01:32:53+00:00,Moon ingress to Libra,medium,astrology,swisseph,Moon: Virgo -> Libra
2000-08-31T03:35:24+00:00,Venus ingress to Libra,low,astrology,swisseph,Venus: Virgo -> Libra
2000-09-02T05:54:58+00:00,Moon ingress to Scorpio,medium,astrology,swisseph,Moon: Libra -> Scorpio
2000-09-04T14:08:13+00:00,Moon ingress to Sagittarius,medium,astrology,swisseph,Moon: Scorpio -> Sagittarius
2000-09-07T01:47:01+00:00,Moon ingress to Capricorn,medium,astrology,swisseph,Moon: Sagittarius -> Capricorn
2000-09-07T22:22:24+00:00,Mercury ingress to Libra,low,astrology,swisseph,Mercury: Virgo -> Libra
2000-09-09T14:44:26+00:00,Moon ingress to Aquarius,medium,astrology,swisseph,Moon: Capricorn -> Aquarius
2000-09-12T02:34:04+00:00,Moon ingress to Pisces,medium,astrology,swisseph,Moon: Aquarius -> Pisces
2000-09-14T12:00:13+00:00,Moon ingress to Aries,medium,astrology,swisseph,Moon: Pisces -> Aries
2000-09-16T19:05:14+00:00,Moon ingress to Taurus,medium,astrology,swisseph,Moon: Aries -> Taurus
2000-09-17T00:19:10+00:00,Mars ingress to Virgo,medium,astrology,swisseph,Mars: Leo -> Virgo
2000-09-19T00:22:00+00:00,Moon ingress to Gemini,medium,astrology,swisseph,Moon: Taurus -> Gemini
2000-09-21T04:15:35+00:00,Moon ingress to Cancer,medium,astrology,swisseph,Moon: Gemini -> Cancer
2000-09-22T17:27:35+00:00,Sun ingress to Libra,high,astrology,swisseph,Sun: Virgo -> Libra
2000-09-23T06:59:56+00:00,Moon ingress to Leo,medium,astrology,swisseph,Moon: Cancer -> Leo
2000-09-24T15:25:38+00:00,Venus ingress to Scorpio,low,astrology,swisseph,Venus: Libra -> Scorpio
2000-09-25T09:01:47+00:00,Moon ingress to Virgo,medium,astrology,swisseph,Moon: Leo -> Virgo
2000-09-27T11:21:42+00:00,Moon ingress to Libra,medium,astrology,swisseph,Moon: Virgo -> Libra
2000-09-28T13:27:39+00:00,Mercury ingress to Scorpio,low,astrology,swisseph,Mercury: Libra -> Scorpio
2000-09-29T15:29:29+00:00,Moon ingress to Scorpio,medium,astrology,swisseph,Moon: Libra -> Scorpio
2000-10-01T22:49:46+00:00,Moon ingress to Sagittarius,medium,astrology,swisseph,Moon: Scorpio -> Sagittarius
2000-10-04T09:42:20+00:00,Moon ingress to Capricorn,medium,astrology,swisseph,Moon: Sagittarius -> Capricorn
2000-10-06T22:33:16+00:00,Moon ingress to Aquarius,medium,astrology,swisseph,Moon: Capricorn -> Aquarius
2000-10-09T10:36:11+00:00,Moon ingress to Pisces,medium,astrology,swisseph,Moon: Aquarius -> Pisces
2000-10-11T19:51:10+00:00,Moon ingress to Aries,medium,astrology,swisseph,Moon: Pisces -> Aries
2000-10-14T02:06:01+00:00,Moon ingress to Taurus,medium,astrology,swisseph,Moon: Aries -> Taurus
2000-10-16T00:44:40+00:00,Saturn ingress to Taurus,high,astrology,swisseph,Saturn: Gemini -> Taurus
2000-10-16T06:18:48+00:00,Moon ingress to Gemini,medium,astrology,swisseph,Moon: Taurus -> Gemini
2000-10-18T09:36:54+00:00,Moon ingress to Cancer,medium,astrology,swisseph,Moon: Gemini -> Cancer
2000-10-19T06:18:13+00:00,Venus ingress to Sagittarius,low,astrology,swisseph,Venus: Scorpio -> Sagittarius
2000-10-20T12:42:06+00:00,Moon ingress to Leo,medium,astrology,swisseph,Moon: Cancer -> Leo
2000-10-22T15:52:22+00:00,Moon ingress to Virgo,medium,astrology,swisseph,Moon: Leo -> Virgo
2000-10-23T02:47:28+00:00,Sun ingress to Scorpio,high,astrology,swisseph,Sun: Libra -> Scorpio
2000-10-24T19:29:45+00:00,Moon ingress to Libra,medium,astrology,swisseph,Moon: Virgo -> Libra
2000-10-27T00:23:20+00:00,Moon ingress to Scorpio,medium,astrology,swisseph,Moon: Libra -> Scorpio
2000-10-29T07:40:18+00:00,Moon ingress to Sagittarius,medium,astrology,swisseph,Moon: Scorpio -> Sagittarius
2000-10-31T18:01:27+00:00,Moon ingress to Capricorn,medium,astrology,swisseph,Moon: Sagittarius -> Capricorn
2000-11-03T06:40:40+00:00,Moon ingress to Aquarius,medium,astrology,swisseph,Moon: Capricorn -> Aquarius
2000-11-04T02:00:12+00:00,Mars ingress to Libra,medium,astrology,swisseph,Mars: Virgo -> Libra
2000-11-05T19:12:34+00:00,Moon ingress to Pisces,medium,astrology,swisseph,Moon: Aquarius -> Pisces
2000-11-07T07:27:31+00:00,Mercury ingress to Libra,low,astrology,swisseph,Mercury: Scorpio -> Libra
2000-11-08T05:02:17+00:00,Moon ingress to Aries,medium,astrology,swisseph,Moon: Pisces -> Aries
2000-11-08T21:42:11+00:00,Mercury ingress to Scorpio,low,astrology,swisseph,Mercury: Libra -> Scorpio
2000-11-10T11:11:46+00:00,Moon ingress to Taurus,medium,astrology,swisseph,Moon: Aries -> Taurus
2000-11-12T14:27:17+00:00,Moon ingress to Gemini,medium,astrology,swisseph,Moon: Taurus -> Gemini
2000-11-13T02:14:23+00:00,Venus ingress to Capricorn,low,astrology,swisseph,Venus: Sagittarius -> Capricorn
2000-11-14T16:20:56+00:00,Moon ingress to Cancer,medium,astrology,swisseph,Moon: Gemini -> Cancer
2000-11-16T18:18:45+00:00,Moon ingress to Leo,medium,astrology,swisseph,Moon: Cancer -> Leo
2000-11-18T21:15:13+00:00,Moon ingress to Virgo,medium,astrology,swisseph,Moon: Leo -> Virgo
2000-11-21T01:34:51+00:00,Moon ingress to Libra,medium,astrology,swisseph,Moon: Virgo -> Libra
2000-11-22T00:19:21+00:00,Sun ingress to Sagittarius,high,astrology,swisseph,Sun: Scorpio -> Sagittarius
2000-11-23T07:32:49+00:00,Moon ingress to Scorpio,medium,astrology,swisseph,Moon: Libra -> Scorpio
2000-11-25T15:32:49+00:00,Moon ingress to Sagittarius,medium,astrology,swisseph,Moon: Scorpio -> Sagittarius
2000-11-28T01:57:09+00:00,Moon ingress to Capricorn,medium,astrology,swisseph,Moon: Sagittarius -> Capricorn
2000-11-30T14:26:26+00:00,Moon ingress to Aquarius,medium,astrology,swisseph,Moon: Capricorn -> Aquarius
2000-12-03T03:22:38+00:00,Moon ingress to Pisces,medium,astrology,swisseph,Moon: Aquarius -> Pisces
2000-12-03T20:25:59+00:00,Mercury ingress to Sagittarius,low,astrology,swisseph,Mercury: Scorpio -> Sagittarius
2000-12-05T14:17:20+00:00,Moon ingress to Aries,medium,astrology,swisseph,Moon: Pisces -> Aries
2000-12-07T21:26:33+00:00,Moon ingress to Taurus,medium,astrology,swisseph,Moon: Aries -> Taurus
2000-12-08T08:48:21+00:00,Venus ingress to Aquarius,low,astrology,swisseph,Venus: Capricorn -> Aquarius
2000-12-10T00:50:23+00:00,Moon ingress to Gemini,medium,astrology,swisseph,Moon: Taurus -> Gemini
2000-12-12T01:48:29+00:00,Moon ingress to Cancer,medium,astrology,swisseph,Moon: Gemini -> Cancer
2000-12-14T02:08:33+00:00,Moon ingress to Leo,medium,astrology,swisseph,Moon: Cancer -> Leo
2000-12-16T03:29:36+00:00,Moon ingress to Virgo,medium,astrology,swisseph,Moon: Leo -> Virgo
2000-12-18T07:00:50+00:00,Moon ingress to Libra,medium,astrology,swisseph,Moon: Virgo -> Libra
2000-12-20T13:11:42+00:00,Moon ingress to Scorpio,medium,astrology,swisseph,Moon: Libra -> Scorpio
2000-12-21T13:37:26+00:00,Sun ingress to Capricorn,high,astrology,swisseph,Sun: Sagittarius -> Capricorn
2000-12-22T21:57:05+00:00,Moon ingress to Sagittarius,medium,astrology,swisseph,Moon: Scorpio -> Sagittarius
2000-12-23T02:02:54+00:00,Mercury ingress to Capricorn,low,astrology,swisseph,Mercury: Sagittarius -> Capricorn
2000-12-23T14:37:20+00:00,Mars ingress to Scorpio,medium,astrology,swisseph,Mars: Libra -> Scorpio
2000-12-25T08:53:38+00:00,Moon ingress to Capricorn,medium,astrology,swisseph,Moon: Sagittarius -> Capricorn
2000-12-27T21:25:18+00:00,Moon ingress to Aquarius,medium,astrology,swisseph,Moon: Capricorn -> Aquarius
2000-12-30T10:27:01+00:00,Moon ingress to Pisces,medium,astrology,swisseph,Moon: Aquarius -> Pisces
2001-01-01T22:14:01+00:00,Moon ingress to Aries,medium,astrology,swisseph,Moon: Pisces -> Aries
2001-01-03T18:13:38+00:00,Venus ingress to Pisces,low,astrology,swisseph,Venus: Aquarius -> Pisces
2001-01-04T06:56:37+00:00,Moon ingress to Taurus,medium,astrology,swisseph,Moon: Aries -> Taurus
2001-01-06T11:43:47+00:00,Moon ingress to Gemini,medium,astrology,swisseph,Moon: Taurus -> Gemini
2001-01-08T13:08:42+00:00,Moon ingress to Cancer,medium,astrology,swisseph,Moon: Gemini -> Cancer
2001-01-10T12:43:58+00:00,Moon ingress to Leo,medium,astrology,swisseph,Moon: Cancer -> Leo
2001-01-10T13:25:44+00:00,Mercury ingress to Aquarius,low,astrology,swisseph,Mercury: Capricorn -> Aquarius
2001-01-12T12:25:35+00:00,Moon ingress to Virgo,medium,astrology,swisseph,Moon: Leo -> Virgo
2001-01-14T14:05:07+00:00,Moon ingress to Libra,medium,astrology,swisseph,Moon: Virgo -> Libra
2001-01-16T19:02:11+00:00,Moon ingress to Scorpio,medium,astrology,swisseph,Moon: Libra -> Scorpio
2001-01-19T03:35:30+00:00,Moon ingress to Sagittarius,medium,astrology,swisseph,Moon: Scorpio -> Sagittarius
2001-01-20T00:16:18+00:00,Sun ingress to Aquarius,high,astrology,swisseph,Sun: Capricorn -> Aquarius
2001-01-21T14:56:37+00:00,Moon ingress to Capricorn,medium,astrology,swisseph,Moon: Sagittarius -> Capricorn
2001-01-24T03:43:19+00:00,Moon ingress to Aquarius,medium,astrology,swisseph,Moon: Capricorn -> Aquarius
2001-01-26T16:38:34+00:00,Moon ingress to Pisces,medium,astrology,swisseph,Moon: Aquarius -> Pisces
2001-01-29T04:34:47+00:00,Moon ingress to Aries,medium,astrology,swisseph,Moon: Pisces -> Aries
2001-01-31T14:21:11+00:00,Moon ingress to Taurus,medium,astrology,swisseph,Moon: Aries -> Taurus
2001-02-01T07:12:52+00:00,Mercury ingress to Pisces,low,astrology,swisseph,Mercury: Aquarius -> Pisces
2001-02-02T19:13:55+00:00,Venus ingress to Aries,low,astrology,swisseph,Venus: Pisces -> Aries
2001-02-02T20:55:33+00:00,Moon ingress to Gemini,medium,astrology,swisseph,Moon: Taurus -> Gemini
2001-02-05T00:00:08+00:00,Moon ingress to Cancer,medium,astrology,swisseph,Moon: Gemini -> Cancer
2001-02-06T19:57:05+00:00,Mercury ingress to Aquarius,low,astrology,swisseph,Mercury: Pisces -> Aquarius
2001-02-07T00:20:52+00:00,Moon ingress to Leo,medium,astrology,swisseph,Moon: Cancer -> Leo
2001-02-08T23:35:08+00:00,Moon ingress to Virgo,medium,astrology,swisseph,Moon: Leo -> Virgo
2001-02-10T23:45:49+00:00,Moon ingress to Libra,medium,astrology,swisseph,Moon: Virgo -> Libra
2001-02-13T02:51:02+00:00,Moon ingress to Scorpio,medium,astrology,swisseph,Moon: Libra -> Scorpio
2001-02-14T20:05:46+00:00,Mars ingress to Sagittarius,medium,astrology,swisseph,Mars: Scorpio -> Sagittarius
2001-02-15T10:02:03+00:00,Moon ingress to Sagittarius,medium,astrology,swisseph,Moon: Scorpio -> Sagittarius
2001-02-17T20:58:40+00:00,Moon ingress to Capricorn,medium,astrology,swisseph,Moon: Sagittarius -> Capricorn
2001-02-18T14:27:16+00:00,Sun ingress to Pisces,high,astrology,swisseph,Sun: Aquarius -> Pisces
2001-02-20T09:53:24+00:00,Moon ingress to Aquarius,medium,astrology,swisseph,Moon: Capricorn -> Aquarius
2001-02-22T22:44:53+00:00,Moon ingress to Pisces,medium,astrology,swisseph,Moon: Aquarius -> Pisces
2001-02-25T10:19:41+00:00,Moon ingress to Aries,medium,astrology,swisseph,Moon: Pisces -> Aries
2001-02-27T20:05:31+00:00,Moon ingress to Taurus,medium,astrology,swisseph,Moon: Aries -> Taurus
2001-03-02T03:36:09+00:00,Moon ingress to Gemini,medium,astrology,swisseph,Moon: Taurus -> Gemini
2001-03-04T08:24:20+00:00,Moon ingress to Cancer,medium,astrology,swisseph,Moon: Gemini -> Cancer
2001-03-06T10:29:49+00:00,Moon ingress to Leo,medium,astrology,swisseph,Moon: Cancer -> Leo
2001-03-08T10:44:04+00:00,Moon ingress to Virgo,medium,astrology,swisseph,Moon: Leo -> Virgo
2001-03-10T10:47:08+00:00,Moon ingress to Libra,medium,astrology,swisseph,Moon: Virgo -> Libra
2001-03-12T12:42:27+00:00,Moon ingress to Scorpio,medium,astrology,swisseph,Moon: Libra -> Scorpio
2001-03-14T18:16:30+00:00,Moon ingress to Sagittarius,medium,astrology,swisseph,Moon: Scorpio -> Sagittarius
2001-03-17T04:01:50+00:00,Moon ingress to Capricorn,medium,astrology,swisseph,Moon: Sagittarius -> Capricorn
2001-03-17T06:04:58+00:00,Mercury ingress to Pisces,low,astrology,swisseph,Mercury: Aquarius -> Pisces
2001-03-19T16:36:06+00:00,Moon ingress to Aquarius,medium,astrology,swisseph,Moon: Capricorn -> Aquarius
2001-03-20T13:30:44+00:00,Sun ingress to Aries,high,astrology,swisseph,Sun: Pisces -> Aries
2001-03-22T05:28:00+00:00,Moon ingress to Pisces,medium,astrology,swisseph,Moon: Aquarius -> Pisces
2001-03-24T16:43:33+00:00,Moon ingress to Aries,medium,astrology,swisseph,Moon: Pisces -> Aries
2001-03-27T01:50:31+00:00,Moon ingress to Taurus,medium,astrology,swisseph,Moon: Aries -> Taurus
2001-03-29T09:00:51+00:00,Moon ingress to Gemini,medium,astrology,swisseph,Moon: Taurus -> Gemini
2001-03-31T14:23:01+00:00,Moon ingress to Cancer,medium,astrology,swisseph,Moon: Gemini -> Cancer
2001-04-02T17:53:48+00:00,Moon ingress to Leo,medium,astrology,swisseph,Moon: Cancer -> Leo
2001-04-04T19:46:26+00:00,Moon ingress to Virgo,medium,astrology,swisseph,Moon: Leo -> Virgo
2001-04-06T07:13:34+00:00,Mercury ingress to Aries,low,astrology,swisseph,Mercury: Pisces -> Aries
2001-04-06T20:56:50+00:00,Moon ingress to Libra,medium,astrology,swisseph,Moon: Virgo -> Libra
2001-04-08T23:01:17+00:00,Moon ingress to Scorpio,medium,astrology,swisseph,Moon: Libra -> Scorpio
2001-04-11T03:46:53+00:00,Moon ingress to Sagittarius,medium,astrology,swisseph,Moon: Scorpio -> Sagittarius
2001-04-13T12:20:44+00:00,Moon ingress to Capricorn,medium,astrology,swisseph,Moon: Sagittarius -> Capricorn
2001-04-16T00:10:55+00:00,Moon ingress to Aquarius,medium,astrology,swisseph,Moon: Capricorn -> Aquarius
2001-04-18T13:00:13+00:00,Moon ingress to Pisces,medium,astrology,swisseph,Moon: Aquarius -> Pisces
2001-04-20T00:35:53+00:00,Sun ingress to Taurus,high,astrology,swisseph,Sun: Aries -> Taurus
2001-04-20T21:59:46+00:00,Saturn ingress to Gemini,high,astrology,swisseph,Saturn: Taurus -> Gemini
2001-04-21T00:17:51+00:00,Moon ingress to Aries,medium,astrology,swisseph,Moon: Pisces -> Aries
2001-04-21T20:08:08+00:00,Mercury ingress to Taurus,low,astrology,swisseph,Mercury: Aries -> Taurus
2001-04-23T08:55:57+00:00,Moon ingress to Taurus,medium,astrology,swisseph,Moon: Aries -> Taurus
2001-04-25T15:11:09+00:00,Moon ingress to Gemini,medium,astrology,swisseph,Moon: Taurus -> Gemini
2001-04-27T19:49:23+00:00,Moon ingress to Cancer,medium,astrology,swisseph,Moon: Gemini -> Cancer
2001-04-29T23:24:43+00:00,Moon ingress to Leo,medium,astrology,swisseph,Moon: Cancer -> Leo
2001-05-02T02:15:58+00:00,Moon ingress to Virgo,medium,astrology,swisseph,Moon: Leo -> Virgo
2001-05-04T04:49:47+00:00,Moon ingress to Libra,medium,astrology,swisseph,Moon: Virgo -> Libra
2001-05-06T04:53:03+00:00,Mercury ingress to Gemini,low,astrology,swisseph,Mercury: Taurus -> Gemini
2001-05-06T08:00:29+00:00,Moon ingress to Scorpio,medium,astrology,swisseph,Moon: Libra -> Scorpio
2001-05-08T13:04:56+00:00,Moon ingress to Sagittarius,medium,astrology,swisseph,Moon: Scorpio -> Sagittarius
2001-05-10T21:09:46+00:00,Moon ingress to Capricorn,medium,astrology,swisseph,Moon: Sagittarius -> Capricorn
2001-05-13T08:19:47+00:00,Moon ingress to Aquarius,medium,astrology,swisseph,Moon: Capricorn -> Aquarius
2001-05-15T21:01:15+00:00,Moon ingress to Pisces,medium,astrology,swisseph,Moon: Aquarius -> Pisces
2001-05-18T08:41:17+00:00,Moon ingress to Aries,medium,astrology,swisseph,Moon: Pisces -> Aries
2001-05-20T17:29:25+00:00,Moon ingress to Taurus,medium,astrology,swisseph,Moon: Aries -> Taurus
2001-05-20T23:44:13+00:00,Sun ingress to Gemini,high,astrology,swisseph,Sun: Taurus -> Gemini
2001-05-22T23:11:54+00:00,Moon ingress to Gemini,medium,astrology,swisseph,Moon: Taurus -> Gemini
2001-05-25T02:42:25+00:00,Moon ingress to Cancer,medium,astrology,swisseph,Moon: Gemini -> Cancer
2001-05-27T05:11:40+00:00,Moon ingress to Leo,medium,astrology,swisseph,Moon: Cancer -> Leo
2001-05-29T07:37:48+00:00,Moon ingress to Virgo,medium,astrology,swisseph,Moon: Leo -> Virgo
2001-05-31T10:41:24+00:00,Moon ingress to Libra,medium,astrology,swisseph,Moon: Virgo -> Libra
2001-06-02T14:55:48+00:00,Moon ingress to Scorpio,medium,astrology,swisseph,Moon: Libra -> Scorpio
2001-06-04T20:57:48+00:00,Moon ingress to Sagittarius,medium,astrology,swisseph,Moon: Scorpio -> Sagittarius
2001-06-06T10:24:51+00:00,Venus ingress to Taurus,low,astrology,swisseph,Venus: Aries -> Taurus
2001-06-07T05:22:57+00:00,Moon ingress to Capricorn,medium,astrology,swisseph,Moon: Sagittarius -> Capricorn
2001-06-09T16:19:34+00:00,Moon ingress to Aquarius,medium,astrology,swisseph,Moon: Capricorn -> Aquarius
2001-06-12T04:53:26+00:00,Moon ingress to Pisces,medium,astrology,swisseph,Moon: Aquarius -> Pisces
2001-06-14T17:02:59+00:00,Moon ingress to Aries,medium,astrology,swisseph,Moon: Pisces -> Aries
2001-06-17T02:38:58+00:00,Moon ingress to Taurus,medium,astrology,swisseph,Moon: Aries -> Taurus
2001-06-19T08:42:08+00:00,Moon ingress to Gemini,medium,astrology,swisseph,Moon: Taurus -> Gemini
2001-06-21T07:37:44+00:00,Sun ingress to Cancer,high,astrology,swisseph,Sun: Gemini -> Cancer
2001-06-21T11:40:37+00:00,Moon ingress to Cancer,medium,astrology,swisseph,Moon: Gemini -> Cancer
2001-06-23T12:54:38+00:00,Moon ingress to Leo,medium,astrology,swisseph,Moon: Cancer -> Leo
2001-06-25T13:57:30+00:00,Moon ingress to Virgo,medium,astrology,swisseph,Moon: Leo -> Virgo
2001-06-27T16:10:36+00:00,Moon ingress to Libra,medium,astrology,swisseph,Moon: Virgo -> Libra
2001-06-29T20:28:25+00:00,Moon ingress to Scorpio,medium,astrology,swisseph,Moon: Libra -> Scorpio
2001-07-02T03:13:09+00:00,Moon ingress to Sagittarius,medium,astrology,swisseph,Moon: Scorpio -> Sagittarius
2001-07-04T12:21:28+00:00,Moon ingress to Capricorn,medium,astrology,swisseph,Moon: Sagittarius -> Capricorn
2001-07-05T16:43:48+00:00,Venus ingress to Gemini,low,astrology,swisseph,Venus: Taurus -> Gemini
2001-07-06T23:33:01+00:00,Moon ingress to Aquarius,medium,astrology,swisseph,Moon: Capricorn -> Aquarius
2001-07-09T12:05:00+00:00,Moon ingress to Pisces,medium,astrology,swisseph,Moon: Aquarius -> Pisces
2001-07-12T00:35:46+00:00,Moon ingress to Aries,medium,astrology,swisseph,Moon: Pisces -> Aries
2001-07-12T22:46:41+00:00,Mercury ingress to Cancer,low,astrology,swisseph,Mercury: Gemini -> Cancer
2001-07-13T00:02:30+00:00,Jupiter ingress to Cancer,medium,astrology,swisseph,Jupiter: Gemini -> Cancer
2001-07-14T11:12:58+00:00,Moon ingress to Taurus,medium,astrology,swisseph,Moon: Aries -> Taurus
2001-07-16T18:25:37+00:00,Moon ingress to Gemini,medium,astrology,swisseph,Moon: Taurus -> Gemini
2001-07-18T21:56:07+00:00,Moon ingress to Cancer,medium,astrology,swisseph,Moon: Gemini -> Cancer
2001-07-20T22:42:48+00:00,Moon ingress to Leo,medium,astrology,swisseph,Moon: Cancer -> Leo
2001-07-22T18:26:14+00:00,Sun ingress to Leo,high,astrology,swisseph,Sun: Cancer -> Leo
2001-07-22T22:28:36+00:00,Moon ingress to Virgo,medium,astrology,swisseph,Moon: Leo -> Virgo
2001-07-24T23:07:46+00:00,Moon ingress to Libra,medium,astrology,swisseph,Moon: Virgo -> Libra
2001-07-27T02:16:42+00:00,Moon ingress to Scorpio,medium,astrology,swisseph,Moon: Libra -> Scorpio
2001-07-29T08:44:15+00:00,Moon ingress to Sagittarius,medium,astrology,swisseph,Moon: Scorpio -> Sagittarius
2001-07-30T10:17:46+00:00,Mercury ingress to Leo,low,astrology,swisseph,Mercury: Cancer -> Leo
2001-07-31T18:15:59+00:00,Moon ingress to Capricorn,medium,astrology,swisseph,Moon: Sagittarius -> Capricorn
2001-08-01T12:17:58+00:00,Venus ingress to Cancer,low,astrology,swisseph,Venus: Gemini -> Cancer
2001-08-03T05:53:12+00:00,Moon ingress to Aquarius,medium,astrology,swisseph,Moon: Capricorn -> Aquarius
2001-08-05T18:30:06+00:00,Moon ingress to Pisces,medium,astrology,swisseph,Moon: Aquarius -> Pisces
2001-08-08T07:04:52+00:00,Moon ingress to Aries,medium,astrology,swisseph,Moon: Pisces -> Aries
2001-08-10T18:23:06+00:00,Moon ingress to Taurus,medium,astrology,swisseph,Moon: Aries -> Taurus
2001-08-13T02:58:37+00:00,Moon ingress to Gemini,medium,astrology,swisseph,Moon: Taurus -> Gemini
2001-08-14T05:03:43+00:00,Mercury ingress to Virgo,low,astrology,swisseph,Mercury: Leo -> Virgo
2001-08-15T07:54:49+00:00,Moon ingress to Cancer,medium,astrology,swisseph,Moon: Gemini -> Cancer
2001-08-17T09:25:17+00:00,Moon ingress to Leo,medium,astrology,swisseph,Moon: Cancer -> Leo
2001-08-19T08:52:38+00:00,Moon ingress to Virgo,medium,astrology,swisseph,Moon: Leo -> Virgo
2001-08-21T08:18:38+00:00,Moon ingress to Libra,medium,astrology,swisseph,Moon: Virgo -> Libra
2001-08-23T01:27:09+00:00,Sun ingress to Virgo,high,astrology,swisseph,Sun: Leo -> Virgo
2001-08-23T09:49:57+00:00,Moon ingress to Scorpio,medium,astrology,swisseph,Moon: Libra -> Scorpio
2001-08-25T14:59:06+00:00,Moon ingress to Sagittarius,medium,astrology,swisseph,Moon: Scorpio -> Sagittarius
2001-08-27T04:12:19+00:00,Venus ingress to Leo,low,astrology,swisseph,Venus: Cancer -> Leo
2001-08-28T00:01:46+00:00,Moon ingress to Capricorn,medium,astrology,swisseph,Moon: Sagittarius -> Capricorn
2001-08-30T11:47:31+00:00,Moon ingress to Aquarius,medium,astrology,swisseph,Moon: Capricorn -> Aquarius
2001-09-01T00:36:59+00:00,Mercury ingress to Libra,low,astrology,swisseph,Mercury: Virgo -> Libra
2001-09-02T00:32:07+00:00,Moon ingress to Pisces,medium,astrology,swisseph,Moon: Aquarius -> Pisces
2001-09-04T12:58:06+00:00,Moon ingress to Aries,medium,astrology,swisseph,Moon: Pisces -> Aries
2001-09-07T00:17:46+00:00,Moon ingress to Taurus,medium,astrology,swisseph,Moon: Aries -> Taurus
2001-09-08T17:50:36+00:00,Mars ingress to Capricorn,medium,astrology,swisseph,Mars: Sagittarius -> Capricorn
2001-09-09T09:40:51+00:00,Moon ingress to Gemini,medium,astrology,swisseph,Moon: Taurus -> Gemini
2001-09-11T16:09:19+00:00,Moon ingress to Cancer,medium,astrology,swisseph,Moon: Gemini -> Cancer
2001-09-13T19:15:54+00:00,Moon ingress to Leo,medium,astrology,swisseph,Moon: Cancer -> Leo
2001-09-15T19:39:26+00:00,Moon ingress to Virgo,medium,astrology,swisseph,Moon: Leo -> Virgo
2001-09-17T18:59:49+00:00,Moon ingress to Libra,medium,astrology,swisseph,Moon: Virgo -> Libra
2001-09-19T19:27:01+00:00,Moon ingress to Scorpio,medium,astrology,swisseph,Moon: Libra -> Scorpio
2001-09-21T02:09:15+00:00,Venus ingress to Virgo,low,astrology,swisseph,Venus: Leo -> Virgo
2001-09-21T23:02:21+00:00,Moon ingress to Sagittarius,medium,astrology,swisseph,Moon: Scorpio -> Sagittarius
2001-09-22T23:04:28+00:00,Sun ingress to Libra,high,astrology,swisseph,Sun: Virgo -> Libra
2001-09-24T06:48:13+00:00,Moon ingress to Capricorn,medium,astrology,swisseph,Moon: Sagittarius -> Capricorn
2001-09-26T18:04:44+00:00,Moon ingress to Aquarius,medium,astrology,swisseph,Moon: Capricorn -> Aquarius
2001-09-29T06:50:04+00:00,Moon ingress to Pisces,medium,astrology,swisseph,Moon: Aquarius -> Pisces
2001-10-01T19:07:34+00:00,Moon ingress to Aries,medium,astrology,swisseph,Moon: Pisces -> Aries
2001-10-04T06:01:01+00:00,Moon ingress to Taurus,medium,astrology,swisseph,Moon: Aries -> Taurus
2001-10-06T15:12:07+00:00,Moon ingress to Gemini,medium,astrology,swisseph,Moon: Taurus -> Gemini
2001-10-08T22:19:14+00:00,Moon ingress to Cancer,medium,astrology,swisseph,Moon: Gemini -> Cancer
2001-10-11T02:54:19+00:00,Moon ingress to Leo,medium,astrology,swisseph,Moon: Cancer -> Leo
2001-10-13T04:57:57+00:00,Moon ingress to Virgo,medium,astrology,swisseph,Moon: Leo -> Virgo
2001-10-15T05:26:12+00:00,Moon ingress to Libra,medium,astrology,swisseph,Moon: Virgo -> Libra
2001-10-15T11:42:10+00:00,Venus ingress to Libra,low,astrology,swisseph,Venus: Virgo -> Libra
2001-10-17T06:02:32+00:00,Moon ingress to Scorpio,medium,astrology,swisseph,Moon: Libra -> Scorpio
2001-10-19T08:46:49+00:00,Moon ingress to Sagittarius,medium,astrology,swisseph,Moon: Scorpio -> Sagittarius
2001-10-21T15:11:15+00:00,Moon ingress to Capricorn,medium,astrology,swisseph,Moon: Sagittarius -> Capricorn
2001-10-23T08:25:36+00:00,Sun ingress to Scorpio,high,astrology,swisseph,Sun: Libra -> Scorpio
2001-10-24T01:26:15+00:00,Moon ingress to Aquarius,medium,astrology,swisseph,Moon: Capricorn -> Aquarius
2001-10-26T13:55:39+00:00,Moon ingress to Pisces,medium,astrology,swisseph,Moon: Aquarius -> Pisces
2001-10-27T17:19:18+00:00,Mars ingress to Aquarius,medium,astrology,swisseph,Mars: Capricorn -> Aquarius
2001-10-29T02:14:56+00:00,Moon ingress to Aries,medium,astrology,swisseph,Moon: Pisces -> Aries
2001-10-31T12:47:39+00:00,Moon ingress to Taurus,medium,astrology,swisseph,Moon: Aries -> Taurus
2001-11-02T21:12:29+00:00,Moon ingress to Gemini,medium,astrology,swisseph,Moon: Taurus -> Gemini
2001-11-05T03:43:56+00:00,Moon ingress to Cancer,medium,astrology,swisseph,Moon: Gemini -> Cancer
2001-11-07T08:33:52+00:00,Moon ingress to Leo,medium,astrology,swisseph,Moon: Cancer -> Leo
2001-11-07T19:52:39+00:00,Mercury ingress to Scorpio,low,astrology,swisseph,Mercury: Libra -> Scorpio
2001-11-08T13:28:00+00:00,Venus ingress to Scorpio,low,astrology,swisseph,Venus: Libra -> Scorpio
2001-11-09T11:48:48+00:00,Moon ingress to Virgo,medium,astrology,swisseph,Moon: Leo -> Virgo
2001-11-11T13:52:46+00:00,Moon ingress to Libra,medium,astrology,swisseph,Moon: Virgo -> Libra
2001-11-13T15:44:27+00:00,Moon ingress to Scorpio,medium,astrology,swisseph,Moon: Libra -> Scorpio
2001-11-15T18:50:51+00:00,Moon ingress to Sagittarius,medium,astrology,swisseph,Moon: Scorpio -> Sagittarius
2001-11-18T00:39:36+00:00,Moon ingress to Capricorn,medium,astrology,swisseph,Moon: Sagittarius -> Capricorn
2001-11-20T09:54:51+00:00,Moon ingress to Aquarius,medium,astrology,swisseph,Moon: Capricorn -> Aquarius
2001-11-22T06:00:28+00:00,Sun ingress to Sagittarius,high,astrology,swisseph,Sun: Scorpio -> Sagittarius
2001-11-22T21:52:11+00:00,Moon ingress to Pisces,medium,astrology,swisseph,Moon: Aquarius -> Pisces
2001-11-25T10:21:12+00:00,Moon ingress to Aries,medium,astrology,swisseph,Moon: Pisces -> Aries
2001-11-26T18:23:29+00:00,Mercury ingress to Sagittarius,low,astrology,swisseph,Mercury: Scorpio -> Sagittarius
2001-11-27T21:05:44+00:00,Moon ingress to Taurus,medium,astrology,swisseph,Moon: Aries -> Taurus
2001-11-30T05:03:37+00:00,Moon ingress to Gemini,medium,astrology,swisseph,Moon: Taurus -> Gemini
2001-12-02T10:30:05+00:00,Moon ingress to Cancer,medium,astrology,swisseph,Moon: Gemini -> Cancer
2001-12-02T11:11:28+00:00,Venus ingress to Sagittarius,low,astrology,swisseph,Venus: Scorpio -> Sagittarius
2001-12-04T14:15:28+00:00,Moon ingress to Leo,medium,astrology,swisseph,Moon: Cancer -> Leo
2001-12-06T17:10:50+00:00,Moon ingress to Virgo,medium,astrology,swisseph,Moon: Leo -> Virgo
2001-12-08T19:56:45+00:00,Moon ingress to Libra,medium,astrology,swisseph,Moon: Virgo -> Libra
2001-12-08T21:52:21+00:00,Mars ingress to Pisces,medium,astrology,swisseph,Mars: Aquarius -> Pisces
2001-12-10T23:09:08+00:00,Moon ingress to Scorpio,medium,astrology,swisseph,Moon: Libra -> Scorpio
2001-12-13T03:29:49+00:00,Moon ingress to Sagittarius,medium,astrology,swisseph,Moon: Scorpio -> Sagittarius
2001-12-15T09:47:51+00:00,Moon ingress to Capricorn,medium,astrology,swisseph,Moon: Sagittarius -> Capricorn
2001-12-15T19:54:43+00:00,Mercury ingress to Capricorn,low,astrology,swisseph,Mercury: Sagittarius -> Capricorn
2001-12-17T18:42:49+00:00,Moon ingress to Aquarius,medium,astrology,swisseph,Moon: Capricorn -> Aquarius
2001-12-20T06:09:24+00:00,Moon ingress to Pisces,medium,astrology,swisseph,Moon: Aquarius -> Pisces
2001-12-21T19:21:29+00:00,Sun ingress to Capricorn,high,astrology,swisseph,Sun: Sagittarius -> Capricorn
2001-12-22T18:45:16+00:00,Moon ingress to Aries,medium,astrology,swisseph,Moon: Pisces -> Aries
2001-12-25T06:12:23+00:00,Moon ingress to Taurus,medium,astrology,swisseph,Moon: Aries -> Taurus
2001-12-26T07:25:01+00:00,Venus ingress to Capricorn,low,astrology,swisseph,Venus: Sagittarius -> Capricorn
2001-12-27T14:38:48+00:00,Moon ingress to Gemini,medium,astrology,swisseph,Moon: Taurus -> Gemini
2001-12-29T19:40:01+00:00,Moon ingress to Cancer,medium,astrology,swisseph,Moon: Gemini -> Cancer
2001-12-31T22:09:01+00:00,Moon ingress to Leo,medium,astrology,swisseph,Moon: Cancer -> Leo
2002-01-02T23:34:12+00:00,Moon ingress to Virgo,medium,astrology,swisseph,Moon: Leo -> Virgo
2002-01-03T21:37:56+00:00,Mercury ingress to Aquarius,low,astrology,swisseph,Mercury: Capricorn -> Aquarius
2002-01-05T01:23:29+00:00,Moon ingress to Libra,medium,astrology,swisseph,Moon: Virgo -> Libra
2002-01-07T04:41:02+00:00,Moon ingress to Scorpio,medium,astrology,swisseph,Moon: Libra -> Scorpio
2002-01-09T09:57:25+00:00,Moon ingress to Sagittarius,medium,astrology,swisseph,Moon: Scorpio -> Sagittarius
2002-01-11T17:18:05+00:00,Moon ingress to Capricorn,medium,astrology,swisseph,Moon: Sagittarius -> Capricorn
2002-01-14T02:41:16+00:00,Moon ingress to Aquarius,medium,astrology,swisseph,Moon: Capricorn -> Aquarius
2002-01-16T14:00:01+00:00,Moon ingress to Pisces,medium,astrology,swisseph,Moon: Aquarius -> Pisces
2002-01-18T22:53:24+00:00,Mars ingress to Aries,medium,astrology,swisseph,Mars: Pisces -> Aries
2002-01-19T02:34:49+00:00,Moon ingress to Aries,medium,astrology,swisseph,Moon: Pisces -> Aries
2002-01-19T03:42:01+00:00,Venus ingress to Aquarius,low,astrology,swisseph,Venus: Capricorn -> Aquarius
2002-01-20T06:02:01+00:00,Sun ingress to Aquarius,high,astrology,swisseph,Sun: Capricorn -> Aquarius
2002-01-21T14:47:03+00:00,Moon ingress to Taurus,medium,astrology,swisseph,Moon: Aries -> Taurus
2002-01-24T00:27:35+00:00,Moon ingress to Gemini,medium,astrology,swisseph,Moon: Taurus -> Gemini
2002-01-26T06:16:54+00:00,Moon ingress to Cancer,medium,astrology,swisseph,Moon: Gemini -> Cancer
2002-01-28T08:30:54+00:00,Moon ingress to Leo,medium,astrology,swisseph,Moon: Cancer -> Leo
2002-01-30T08:39:55+00:00,Moon ingress to Virgo,medium,astrology,swisseph,Moon: Leo -> Virgo
2002-02-01T08:44:13+00:00,Moon ingress to Libra,medium,astrology,swisseph,Moon: Virgo -> Libra
2002-02-03T10:35:03+00:00,Moon ingress to Scorpio,medium,astrology,swisseph,Moon: Libra -> Scorpio
2002-02-04T04:18:30+00:00,Mercury ingress to Capricorn,low,astrology,swisseph,Mercury: Aquarius -> Capricorn
2002-02-05T15:21:13+00:00,Moon ingress to Sagittarius,medium,astrology,swisseph,Moon: Scorpio -> Sagittarius
2002-02-07T23:08:24+00:00,Moon ingress to Capricorn,medium,astrology,swisseph,Moon: Sagittarius -> Capricorn
2002-02-10T09:14:42+00:00,Moon ingress to Aquarius,medium,astrology,swisseph,Moon: Capricorn -> Aquarius
2002-02-12T01:17:42+00:00,Venus ingress to Pisces,low,astrology,swisseph,Venus: Aquarius -> Pisces
2002-02-12T20:52:43+00:00,Moon ingress to Pisces,medium,astrology,swisseph,Moon: Aquarius -> Pisces
2002-02-13T17:20:07+00:00,Mercury ingress to Aquarius,low,astrology,swisseph,Mercury: Capricorn -> Aquarius
2002-02-15T09:25:33+00:00,Moon ingress to Aries,medium,astrology,swisseph,Moon: Pisces -> Aries
2002-02-17T21:57:49+00:00,Moon ingress to Taurus,medium,astrology,swisseph,Moon: Aries -> Taurus
2002-02-18T20:13:19+00:00,Sun ingress to Pisces,high,astrology,swisseph,Sun: Aquarius -> Pisces
2002-02-20T08:50:05+00:00,Moon ingress to Gemini,medium,astrology,swisseph,Moon: Taurus -> Gemini
2002-02-22T16:15:52+00:00,Moon ingress to Cancer,medium,astrology,swisseph,Moon: Gemini -> Cancer
2002-02-24T19:36:20+00:00,Moon ingress to Leo,medium,astrology,swisseph,Moon: Cancer -> Leo
2002-02-26T19:47:08+00:00,Moon ingress to Virgo,medium,astrology,swisseph,Moon: Leo -> Virgo
2002-02-28T18:46:45+00:00,Moon ingress to Libra,medium,astrology,swisseph,Moon: Virgo -> Libra
2002-03-01T15:04:48+00:00,Mars ingress to Taurus,medium,astrology,swisseph,Mars: Aries -> Taurus
2002-03-02T18:51:18+00:00,Moon ingress to Scorpio,medium,astrology,swisseph,Moon: Libra -> Scorpio
2002-03-04T21:54:41+00:00,Moon ingress to Sagittarius,medium,astrology,swisseph,Moon: Scorpio -> Sagittarius
2002-03-07T04:47:39+00:00,Moon ingress to Capricorn,medium,astrology,swisseph,Moon: Sagittarius -> Capricorn
2002-03-08T01:41:41+00:00,Venus ingress to Aries,low,astrology,swisseph,Venus: Pisces -> Aries
2002-03-09T14:56:20+00:00,Moon ingress to Aquarius,medium,astrology,swisseph,Moon: Capricorn -> Aquarius
2002-03-11T23:33:35+00:00,Mercury ingress to Pisces,low,astrology,swisseph,Mercury: Aquarius -> Pisces
2002-03-12T02:56:24+00:00,Moon ingress to Pisces,medium,astrology,swisseph,Moon: Aquarius -> Pisces
2002-03-14T15:34:05+00:00,Moon ingress to Aries,medium,astrology,swisseph,Moon: Pisces -> Aries
2002-03-17T04:00:58+00:00,Moon ingress to Taurus,medium,astrology,swisseph,Moon: Aries -> Taurus
2002-03-19T15:19:40+00:00,Moon ingress to Gemini,medium,astrology,swisseph,Moon: Taurus -> Gemini
2002-03-20T19:16:09+00:00,Sun ingress to Aries,high,astrology,swisseph,Sun: Pisces -> Aries
2002-03-22T00:06:13+00:00,Moon ingress to Cancer,medium,astrology,swisseph,Moon: Gemini -> Cancer
2002-03-24T05:12:36+00:00,Moon ingress to Leo,medium,astrology,swisseph,Moon: Cancer -> Leo
2002-03-26T06:43:40+00:00,Moon ingress to Virgo,medium,astrology,swisseph,Moon: Leo -> Virgo
2002-03-28T06:03:46+00:00,Moon ingress to Libra,medium,astrology,swisseph,Moon: Virgo -> Libra
2002-03-29T14:44:21+00:00,Mercury ingress to Aries,low,astrology,swisseph,Mercury: Pisces -> Aries
2002-03-30T05:21:15+00:00,Moon ingress to Scorpio,medium,astrology,swisseph,Moon: Libra -> Scorpio
2002-04-01T06:39:27+00:00,Venus ingress to Taurus,low,astrology,swisseph,Venus: Aries -> Taurus
2002-04-01T06:47:59+00:00,Moon ingress to Sagittarius,medium,astrology,swisseph,Moon: Scorpio -> Sagittarius
2002-04-03T11:58:21+00:00,Moon ingress to Capricorn,medium,astrology,swisseph,Moon: Sagittarius -> Capricorn
2002-04-05T21:06:38+00:00,Moon ingress to Aquarius,medium,astrology,swisseph,Moon: Capricorn -> Aquarius
2002-04-08T08:57:29+00:00,Moon ingress to Pisces,medium,astrology,swisseph,Moon: Aquarius -> Pisces
2002-04-10T21:40:30+00:00,Moon ingress to Aries,medium,astrology,swisseph,Moon: Pisces -> Aries
2002-04-13T09:55:14+00:00,Moon ingress to Taurus,medium,astrology,swisseph,Moon: Aries -> Taurus
2002-04-13T10:10:30+00:00,Mercury ingress to Taurus,low,astrology,swisseph,Mercury: Aries -> Taurus
2002-04-13T17:35:55+00:00,Mars ingress to Gemini,medium,astrology,swisseph,Mars: Taurus -> Gemini
2002-04-15T20:56:18+00:00,Moon ingress to Gemini,medium,astrology,swisseph,Moon: Taurus -> Gemini
2002-04-18T06:00:54+00:00,Moon ingress to Cancer,medium,astrology,swisseph,Moon: Gemini -> Cancer
2002-04-20T06:20:30+00:00,Sun ingress to Taurus,high,astrology,swisseph,Sun: Aries -> Taurus
2002-04-20T12:20:33+00:00,Moon ingress to Leo,medium,astrology,swisseph,Moon: Cancer -> Leo
2002-04-22T15:34:38+00:00,Moon ingress to Virgo,medium,astrology,swisseph,Moon: Leo -> Virgo
2002-04-24T16:21:55+00:00,Moon ingress to Libra,medium,astrology,swisseph,Moon: Virgo -> Libra
2002-04-25T17:56:36+00:00,Venus ingress to Gemini,low,astrology,swisseph,Venus: Taurus -> Gemini
2002-04-26T16:15:13+00:00,Moon ingress to Scorpio,medium,astrology,swisseph,Moon: Libra -> Scorpio
2002-04-28T17:12:33+00:00,Moon ingress to Sagittarius,medium,astrology,swisseph,Moon: Scorpio -> Sagittarius
2002-04-30T07:15:30+00:00,Mercury ingress to Gemini,low,astrology,swisseph,Mercury: Taurus -> Gemini
2002-04-30T21:02:31+00:00,Moon ingress to Capricorn,medium,astrology,swisseph,Moon: Sagittarius -> Capricorn
2002-05-03T04:43:24+00:00,Moon ingress to Aquarius,medium,astrology,swisseph,Moon: Capricorn -> Aquarius
2002-05-05T15:46:06+00:00,Moon ingress to Pisces,medium,astrology,swisseph,Moon: Aquarius -> Pisces
2002-05-08T04:22:10+00:00,Moon ingress to Aries,medium,astrology,swisseph,Moon: Pisces -> Aries
2002-05-10T16:32:02+00:00,Moon ingress to Taurus,medium,astrology,swisseph,Moon: Aries -> Taurus
2002-05-13T03:04:07+00:00,Moon ingress to Gemini,medium,astrology,swisseph,Moon: Taurus -> Gemini
2002-05-15T11:33:18+00:00,Moon ingress to Cancer,medium,astrology,swisseph,Moon: Gemini -> Cancer
2002-05-17T17:52:11+00:00,Moon ingress to Leo,medium,astrology,swisseph,Moon: Cancer -> Leo
2002-05-19T22:00:40+00:00,Moon ingress to Virgo,medium,astrology,swisseph,Moon: Leo -> Virgo
2002-05-20T13:27:04+00:00,Venus ingress to Cancer,low,astrology,swisseph,Venus: Gemini -> Cancer
2002-05-21T05:29:06+00:00,Sun ingress to Gemini,high,astrology,swisseph,Sun: Taurus -> Gemini
2002-05-22T00:18:39+00:00,Moon ingress to Libra,medium,astrology,swisseph,Moon: Virgo -> Libra
2002-05-24T01:38:11+00:00,Moon ingress to Scorpio,medium,astrology,swisseph,Moon: Libra -> Scorpio
2002-05-26T03:19:42+00:00,Moon ingress to Sagittarius,medium,astrology,swisseph,Moon: Scorpio -> Sagittarius
2002-05-28T06:54:15+00:00,Moon ingress to Capricorn,medium,astrology,swisseph,Moon: Sagittarius -> Capricorn
2002-05-28T11:42:40+00:00,Mars ingress to Cancer,medium,astrology,swisseph,Mars: Gemini -> Cancer
2002-05-30T13:34:45+00:00,Moon ingress to Aquarius,medium,astrology,swisseph,Moon: Capricorn -> Aquarius
2002-06-01T23:37:13+00:00,Moon ingress to Pisces,medium,astrology,swisseph,Moon: Aquarius -> Pisces
2002-06-04T11:51:23+00:00,Moon ingress to Aries,medium,astrology,swisseph,Moon: Pisces -> Aries
2002-06-07T00:06:34+00:00,Moon ingress to Taurus,medium,astrology,swisseph,Moon: Aries -> Taurus
2002-06-09T10:29:08+00:00,Moon ingress to Gemini,medium,astrology,swisseph,Moon: Taurus -> Gemini
2002-06-11T18:14:56+00:00,Moon ingress to Cancer,medium,astrology,swisseph,Moon: Gemini -> Cancer
2002-06-13T23:39:24+00:00,Moon ingress to Leo,medium,astrology,swisseph,Moon: Cancer -> Leo
2002-06-14T20:16:18+00:00,Venus ingress to Leo,low,astrology,swisseph,Venus: Cancer -> Leo
2002-06-16T03:23:24+00:00,Moon ingress to Virgo,medium,astrology,swisseph,Moon: Leo -> Virgo
2002-06-18T06:10:43+00:00,Moon ingress to Libra,medium,astrology,swisseph,Moon: Virgo -> Libra
2002-06-20T08:42:19+00:00,Moon ingress to Scorpio,medium,astrology,swisseph,Moon: Libra -> Scorpio
2002-06-21T13:24:24+00:00,Sun ingress to Cancer,high,astrology,swisseph,Sun: Gemini -> Cancer
2002-06-22T11:41:51+00:00,Moon ingress to Sagittarius,medium,astrology,swisseph,Moon: Scorpio -> Sagittarius
2002-06-24T16:01:20+00:00,Moon ingress to Capricorn,medium,astrology,swisseph,Moon: Sagittarius -> Capricorn
2002-06-26T22:35:58+00:00,Moon ingress to Aquarius,medium,astrology,swisseph,Moon: Capricorn -> Aquarius
2002-06-29T08:00:31+00:00,Moon ingress to Pisces,medium,astrology,swisseph,Moon: Aquarius -> Pisces
2002-07-01T19:49:21+00:00,Moon ingress to Aries,medium,astrology,swisseph,Moon: Pisces -> Aries
2002-07-04T08:16:04+00:00,Moon ingress to Taurus,medium,astrology,swisseph,Moon: Aries -> Taurus
2002-07-06T19:00:37+00:00,Moon ingress to Gemini,medium,astrology,swisseph,Moon: Taurus -> Gemini
2002-07-07T10:35:27+00:00,Mercury ingress to Cancer,low,astrology,swisseph,Mercury: Gemini -> Cancer
2002-07-09T02:36:28+00:00,Moon ingress to Cancer,medium,astrology,swisseph,Moon: Gemini -> Cancer
2002-07-10T21:08:35+00:00,Venus ingress to Virgo,low,astrology,swisseph,Venus: Leo -> Virgo
2002-07-11T07:07:43+00:00,Moon ingress to Leo,medium,astrology,swisseph,Moon: Cancer -> Leo
2002-07-13T09:40:35+00:00,Moon ingress to Virgo,medium,astrology,swisseph,Moon: Leo -> Virgo
2002-07-13T15:23:03+00:00,Mars ingress to Leo,medium,astrology,swisseph,Mars: Cancer -> Leo
2002-07-15T11:39:06+00:00,Moon ingress to Libra,medium,astrology,swisseph,Moon: Virgo -> Libra
2002-07-17T14:12:41+00:00,Moon ingress to Scorpio,medium,astrology,swisseph,Moon: Libra -> Scorpio
2002-07-19T18:01:56+00:00,Moon ingress to Sagittarius,medium,astrology,swisseph,Moon: Scorpio -> Sagittarius
2002-07-21T22:41:20+00:00,Mercury ingress to Leo,low,astrology,swisseph,Mercury: Cancer -> Leo
2002-07-21T23:25:36+00:00,Moon ingress to Capricorn,medium,astrology,swisseph,Moon: Sagittarius -> Capricorn
2002-07-23T00:14:51+00:00,Sun ingress to Leo,high,astrology,swisseph,Sun: Cancer -> Leo
2002-07-24T06:39:43+00:00,Moon ingress to Aquarius,medium,astrology,swisseph,Moon: Capricorn -> Aquarius
2002-07-26T16:04:24+00:00,Moon ingress to Pisces,medium,astrology,swisseph,Moon: Aquarius -> Pisces
2002-07-29T03:38:31+00:00,Moon ingress to Aries,medium,astrology,swisseph,Moon: Pisces -> Aries
2002-07-31T16:16:51+00:00,Moon ingress to Taurus,medium,astrology,swisseph,Moon: Aries -> Taurus
2002-08-01T17:20:13+00:00,Jupiter ingress to Leo,medium,astrology,swisseph,Jupiter: Cancer -> Leo
2002-08-03T03:46:31+00:00,Moon ingress to Gemini,medium,astrology,swisseph,Moon: Taurus -> Gemini
2002-08-05T12:01:46+00:00,Moon ingress to Cancer,medium,astrology,swisseph,Moon: Gemini -> Cancer
2002-08-06T09:50:58+00:00,Mercury ingress to Virgo,low,astrology,swisseph,Mercury: Leo -> Virgo
2002-08-07T09:08:45+00:00,Venus ingress to Libra,low,astrology,swisseph,Venus: Virgo -> Libra
2002-08-07T16:27:10+00:00,Moon ingress to Leo,medium,astrology,swisseph,Moon: Cancer -> Leo
2002-08-09T18:03:02+00:00,Moon ingress to Virgo,medium,astrology,swisseph,Moon: Leo -> Virgo
2002-08-11T18:37:55+00:00,Moon ingress to Libra,medium,astrology,swisseph,Moon: Virgo -> Libra
2002-08-13T20:00:33+00:00,Moon ingress to Scorpio,medium,astrology,swisseph,Moon: Libra -> Scorpio
2002-08-15T23:25:16+00:00,Moon ingress to Sagittarius,medium,astrology,swisseph,Moon: Scorpio -> Sagittarius
2002-08-18T05:15:18+00:00,Moon ingress to Capricorn,medium,astrology,swisseph,Moon: Sagittarius -> Capricorn
2002-08-20T13:16:29+00:00,Moon ingress to Aquarius,medium,astrology,swisseph,Moon: Capricorn -> Aquarius
2002-08-22T23:10:47+00:00,Moon ingress to Pisces,medium,astrology,swisseph,Moon: Aquarius -> Pisces
2002-08-23T07:16:59+00:00,Sun ingress to Virgo,high,astrology,swisseph,Sun: Leo -> Virgo
2002-08-25T10:47:31+00:00,Moon ingress to Aries,medium,astrology,swisseph,Moon: Pisces -> Aries
2002-08-26T21:09:56+00:00,Mercury ingress to Libra,low,astrology,swisseph,Mercury: Virgo -> Libra
2002-08-27T23:31:30+00:00,Moon ingress to Taurus,medium,astrology,swisseph,Moon: Aries -> Taurus
2002-08-29T14:37:34+00:00,Mars ingress to Virgo,medium,astrology,swisseph,Mars: Leo -> Virgo
2002-08-30T11:45:15+00:00,Moon ingress to Gemini,medium,astrology,swisseph,Moon: Taurus -> Gemini
2002-09-01T21:14:12+00:00,Moon ingress to Cancer,medium,astrology,swisseph,Moon: Gemini -> Cancer
2002-09-04T02:36:28+00:00,Moon ingress to Leo,medium,astrology,swisseph,Moon: Cancer -> Leo
2002-09-06T04:16:07+00:00,Moon ingress to Virgo,medium,astrology,swisseph,Moon: Leo -> Virgo
2002-09-08T03:04:36+00:00,Venus ingress to Scorpio,low,astrology,swisseph,Venus: Libra -> Scorpio
2002-09-08T03:56:44+00:00,Moon ingress to Libra,medium,astrology,swisseph,Moon: Virgo -> Libra
2002-09-10T03:48:17+00:00,Moon ingress to Scorpio,medium,astrology,swisseph,Moon: Libra -> Scorpio
2002-09-12T05:44:17+00:00,Moon ingress to Sagittarius,medium,astrology,swisseph,Moon: Scorpio -> Sagittarius
2002-09-14T10:47:29+00:00,Moon ingress to Capricorn,medium,astrology,swisseph,Moon: Sagittarius -> Capricorn
2002-09-16T18:54:19+00:00,Moon ingress to Aquarius,medium,astrology,swisseph,Moon: Capricorn -> Aquarius
2002-09-19T05:17:56+00:00,Moon ingress to Pisces,medium,astrology,swisseph,Moon: Aquarius -> Pisces
2002-09-21T17:10:55+00:00,Moon ingress to Aries,medium,astrology,swisseph,Moon: Pisces -> Aries
2002-09-23T04:55:23+00:00,Sun ingress to Libra,high,astrology,swisseph,Sun: Virgo -> Libra
2002-09-24T05:54:32+00:00,Moon ingress to Taurus,medium,astrology,swisseph,Moon: Aries -> Taurus
2002-09-26T18:26:25+00:00,Moon ingress to Gemini,medium,astrology,swisseph,Moon: Taurus -> Gemini
2002-09-29T05:01:26+00:00,Moon ingress to Cancer,medium,astrology,swisseph,Moon: Gemini -> Cancer
2002-10-01T11:58:14+00:00,Moon ingress to Leo,medium,astrology,swisseph,Moon: Cancer -> Leo
2002-10-02T09:25:49+00:00,Mercury ingress to Virgo,low,astrology,swisseph,Mercury: Libra -> Virgo
2002-10-03T14:52:11+00:00,Moon ingress to Virgo,medium,astrology,swisseph,Moon: Leo -> Virgo
2002-10-05T14:51:21+00:00,Moon ingress to Libra,medium,astrology,swisseph,Moon: Virgo -> Libra
2002-10-07T13:57:22+00:00,Moon ingress to Scorpio,medium,astrology,swisseph,Moon: Libra -> Scorpio
2002-10-09T14:20:51+00:00,Moon ingress to Sagittarius,medium,astrology,swisseph,Moon: Scorpio -> Sagittarius
2002-10-11T05:56:25+00:00,Mercury ingress to Libra,low,astrology,swisseph,Mercury: Virgo -> Libra
2002-10-11T17:44:53+00:00,Moon ingress to Capricorn,medium,astrology,swisseph,Moon: Sagittarius -> Capricorn
2002-10-14T00:51:12+00:00,Moon ingress to Aquarius,medium,astrology,swisseph,Moon: Capricorn -> Aquarius
2002-10-15T17:37:52+00:00,Mars ingress to Libra,medium,astrology,swisseph,Mars: Virgo -> Libra
2002-10-16T11:06:46+00:00,Moon ingress to Pisces,medium,astrology,swisseph,Moon: Aquarius -> Pisces
2002-10-18T23:13:27+00:00,Moon ingress to Aries,medium,astrology,swisseph,Moon: Pisces -> Aries
2002-10-21T11:56:35+00:00,Moon ingress to Taurus,medium,astrology,swisseph,Moon: Aries -> Taurus
2002-10-23T14:17:49+00:00,Sun ingress to Scorpio,high,astrology,swisseph,Sun: Libra -> Scorpio
2002-10-24T00:17:12+00:00,Moon ingress to Gemini,medium,astrology,swisseph,Moon: Taurus -> Gemini
2002-10-26T11:10:05+00:00,Moon ingress to Cancer,medium,astrology,swisseph,Moon: Gemini -> Cancer
2002-10-28T19:19:50+00:00,Moon ingress to Leo,medium,astrology,swisseph,Moon: Cancer -> Leo
2002-10-30T23:59:18+00:00,Moon ingress to Virgo,medium,astrology,swisseph,Moon: Leo -> Virgo
2002-10-31T22:42:54+00:00,Mercury ingress to Scorpio,low,astrology,swisseph,Mercury: Libra -> Scorpio
2002-11-02T01:28:13+00:00,Moon ingress to Libra,medium,astrology,swisseph,Moon: Virgo -> Libra
2002-11-04T01:10:08+00:00,Moon ingress to Scorpio,medium,astrology,swisseph,Moon: Libra -> Scorpio
2002-11-06T01:01:22+00:00,Moon ingress to Sagittarius,medium,astrology,swisseph,Moon: Scorpio -> Sagittarius
2002-11-08T02:58:43+00:00,Moon ingress to Capricorn,medium,astrology,swisseph,Moon: Sagittarius -> Capricorn
2002-11-10T08:26:40+00:00,Moon ingress to Aquarius,medium,astrology,swisseph,Moon: Capricorn -> Aquarius
2002-11-12T17:41:43+00:00,Moon ingress to Pisces,medium,astrology,swisseph,Moon: Aquarius -> Pisces
2002-11-15T05:37:39+00:00,Moon ingress to Aries,medium,astrology,swisseph,Moon: Pisces -> Aries
2002-11-17T18:23:27+00:00,Moon ingress to Taurus,medium,astrology,swisseph,Moon: Aries -> Taurus
2002-11-19T11:29:25+00:00,Mercury ingress to Sagittarius,low,astrology,swisseph,Mercury: Scorpio -> Sagittarius
2002-11-20T06:25:00+00:00,Moon ingress to Gemini,medium,astrology,swisseph,Moon: Taurus -> Gemini
2002-11-22T11:53:43+00:00,Sun ingress to Sagittarius,high,astrology,swisseph,Sun: Scorpio -> Sagittarius
2002-11-22T16:47:33+00:00,Moon ingress to Cancer,medium,astrology,swisseph,Moon: Gemini -> Cancer
2002-11-25T00:59:44+00:00,Moon ingress to Leo,medium,astrology,swisseph,Moon: Cancer -> Leo
2002-11-27T06:41:35+00:00,Moon ingress to Virgo,medium,astrology,swisseph,Moon: Leo -> Virgo
2002-11-29T09:54:21+00:00,Moon ingress to Libra,medium,astrology,swisseph,Moon: Virgo -> Libra
2002-12-01T11:15:14+00:00,Moon ingress to Scorpio,medium,astrology,swisseph,Moon: Libra -> Scorpio
2002-12-01T14:26:16+00:00,Mars ingress to Scorpio,medium,astrology,swisseph,Mars: Libra -> Scorpio
2002-12-03T11:57:54+00:00,Moon ingress to Sagittarius,medium,astrology,swisseph,Moon: Scorpio -> Sagittarius
2002-12-05T13:38:38+00:00,Moon ingress to Capricorn,medium,astrology,swisseph,Moon: Sagittarius -> Capricorn
2002-12-07T17:53:59+00:00,Moon ingress to Aquarius,medium,astrology,swisseph,Moon: Capricorn -> Aquarius
2002-12-08T20:20:46+00:00,Mercury ingress to Capricorn,low,astrology,swisseph,Mercury: Sagittarius -> Capricorn
2002-12-10T01:45:53+00:00,Moon ingress to Pisces,medium,astrology,swisseph,Moon: Aquarius -> Pisces
2002-12-12T12:58:07+00:00,Moon ingress to Aries,medium,astrology,swisseph,Moon: Pisces -> Aries
2002-12-15T01:43:15+00:00,Moon ingress to Taurus,medium,astrology,swisseph,Moon: Aries -> Taurus
2002-12-17T13:43:01+00:00,Moon ingress to Gemini,medium,astrology,swisseph,Moon: Taurus -> Gemini
2002-12-19T23:29:47+00:00,Moon ingress to Cancer,medium,astrology,swisseph,Moon: Gemini -> Cancer
2002-12-22T01:14:22+00:00,Sun ingress to Capricorn,high,astrology,swisseph,Sun: Sagittarius -> Capricorn
2002-12-22T06:48:24+00:00,Moon ingress to Leo,medium,astrology,swisseph,Moon: Cancer -> Leo
2002-12-24T12:05:02+00:00,Moon ingress to Virgo,medium,astrology,swisseph,Moon: Leo -> Virgo
2002-12-26T15:53:11+00:00,Moon ingress to Libra,medium,astrology,swisseph,Moon: Virgo -> Libra
2002-12-28T18:41:17+00:00,Moon ingress to Scorpio,medium,astrology,swisseph,Moon: Libra -> Scorpio
2002-12-30T21:01:07+00:00,Moon ingress to Sagittarius,medium,astrology,swisseph,Moon: Scorpio -> Sagittarius
2003-01-01T23:42:26+00:00,Moon ingress to Capricorn,medium,astrology,swisseph,Moon: Sagittarius -> Capricorn
2003-01-04T03:56:25+00:00,Moon ingress to Aquarius,medium,astrology,swisseph,Moon: Capricorn -> Aquarius
2003-01-06T10:56:46+00:00,Moon ingress to Pisces,medium,astrology,swisseph,Moon: Aquarius -> Pisces
2003-01-07T13:07:22+00:00,Venus ingress to Sagittarius,low,astrology,swisseph,Venus: Scorpio -> Sagittarius
2003-01-08T21:14:44+00:00,Moon ingress to Aries,medium,astrology,swisseph,Moon: Pisces -> Aries
2003-01-11T09:47:50+00:00,Moon ingress to Taurus,medium,astrology,swisseph,Moon: Aries -> Taurus
2003-01-13T22:07:35+00:00,Moon ingress to Gemini,medium,astrology,swisseph,Moon: Taurus -> Gemini
2003-01-16T07:55:51+00:00,Moon ingress to Cancer,medium,astrology,swisseph,Moon: Gemini -> Cancer
2003-01-17T04:22:26+00:00,Mars ingress to Sagittarius,medium,astrology,swisseph,Mars: Scorpio -> Sagittarius
2003-01-18T14:29:04+00:00,Moon ingress to Leo,medium,astrology,swisseph,Moon: Cancer -> Leo
2003-01-20T11:52:35+00:00,Sun ingress to Aquarius,high,astrology,swisseph,Sun: Capricorn -> Aquarius
2003-01-20T18:31:48+00:00,Moon ingress to Virgo,medium,astrology,swisseph,Moon: Leo -> Virgo
2003-01-22T21:22:39+00:00,Moon ingress to Libra,medium,astrology,swisseph,Moon: Virgo -> Libra
2003-01-25T00:08:36+00:00,Moon ingress to Scorpio,medium,astrology,swisseph,Moon: Libra -> Scorpio
2003-01-27T03:25:39+00:00,Moon ingress to Sagittarius,medium,astrology,swisseph,Moon: Scorpio -> Sagittarius
2003-01-29T07:29:39+00:00,Moon ingress to Capricorn,medium,astrology,swisseph,Moon: Sagittarius -> Capricorn
2003-01-31T12:44:08+00:00,Moon ingress to Aquarius,medium,astrology,swisseph,Moon: Capricorn -> Aquarius
2003-02-02T19:54:29+00:00,Moon ingress to Pisces,medium,astrology,swisseph,Moon: Aquarius -> Pisces
2003-02-04T13:26:45+00:00,Venus ingress to Capricorn,low,astrology,swisseph,Venus: Sagittarius -> Capricorn
2003-02-05T05:44:20+00:00,Moon ingress to Aries,medium,astrology,swisseph,Moon: Pisces -> Aries
2003-02-07T17:59:17+00:00,Moon ingress to Taurus,medium,astrology,swisseph,Moon: Aries -> Taurus
2003-02-10T06:45:15+00:00,Moon ingress to Gemini,medium,astrology,swisseph,Moon: Taurus -> Gemini
2003-02-12T17:18:56+00:00,Moon ingress to Cancer,medium,astrology,swisseph,Moon: Gemini -> Cancer
2003-02-13T01:00:11+00:00,Mercury ingress to Aquarius,low,astrology,swisseph,Mercury: Capricorn -> Aquarius
2003-02-15T00:04:24+00:00,Moon ingress to Leo,medium,astrology,swisseph,Moon: Cancer -> Leo
2003-02-17T03:22:29+00:00,Moon ingress to Virgo,medium,astrology,swisseph,Moon: Leo -> Virgo
2003-02-19T02:00:13+00:00,Sun ingress to Pisces,high,astrology,swisseph,Sun: Aquarius -> Pisces
2003-02-19T04:48:01+00:00,Moon ingress to Libra,medium,astrology,swisseph,Moon: Virgo -> Libra
2003-02-21T06:09:13+00:00,Moon ingress to Scorpio,medium,astrology,swisseph,Moon: Libra -> Scorpio
2003-02-23T08:45:47+00:00,Moon ingress to Sagittarius,medium,astrology,swisseph,Moon: Scorpio -> Sagittarius
2003-02-25T13:10:57+00:00,Moon ingress to Capricorn,medium,astrology,swisseph,Moon: Sagittarius -> Capricorn
2003-02-27T19:24:25+00:00,Moon ingress to Aquarius,medium,astrology,swisseph,Moon: Capricorn -> Aquarius
2003-03-02T03:25:51+00:00,Moon ingress to Pisces,medium,astrology,swisseph,Moon: Aquarius -> Pisces
2003-03-02T12:39:46+00:00,Venus ingress to Aquarius,low,astrology,swisseph,Venus: Capricorn -> Aquarius
2003-03-04T13:29:45+00:00,Moon ingress to Aries,medium,astrology,swisseph,Moon: Pisces -> Aries
2003-03-04T21:17:03+00:00,Mars ingress to Capricorn,medium,astrology,swisseph,Mars: Sagittarius -> Capricorn
2003-03-05T02:04:05+00:00,Mercury ingress to Pisces,low,astrology,swisseph,Mercury: Aquarius -> Pisces
2003-03-07T01:36:10+00:00,Moon ingress to Taurus,medium,astrology,swisseph,Moon: Aries -> Taurus
2003-03-09T14:37:33+00:00,Moon ingress to Gemini,medium,astrology,swisseph,Moon: Taurus -> Gemini
2003-03-10T20:52:11+00:00,Uranus ingress to Pisces,medium,astrology,swisseph,Uranus: Aquarius -> Pisces
2003-03-12T02:11:39+00:00,Moon ingress to Cancer,medium,astrology,swisseph,Moon: Gemini -> Cancer
2003-03-14T10:06:23+00:00,Moon ingress to Leo,medium,astrology,swisseph,Moon: Cancer -> Leo
2003-03-16T13:52:25+00:00,Moon ingress to Virgo,medium,astrology,swisseph,Moon: Leo -> Virgo
2003-03-18T14:43:03+00:00,Moon ingress to Libra,medium,astrology,swisseph,Moon: Virgo -> Libra
2003-03-20T14:37:53+00:00,Moon ingress to Scorpio,medium,astrology,swisseph,Moon: Libra -> Scorpio
2003-03-21T00:59:46+00:00,Sun ingress to Aries,high,astrology,swisseph,Sun: Pisces -> Aries
2003-03-21T12:15:44+00:00,Mercury ingress to Aries,low,astrology,swisseph,Mercury: Pisces -> Aries
2003-03-22T15:32:54+00:00,Moon ingress to Sagittarius,medium,astrology,swisseph,Moon: Scorpio -> Sagittarius
2003-03-24T18:48:00+00:00,Moon ingress to Capricorn,medium,astrology,swisseph,Moon: Sagittarius -> Capricorn
2003-03-27T00:50:42+00:00,Moon ingress to Aquarius,medium,astrology,swisseph,Moon: Capricorn -> Aquarius
2003-03-27T18:13:45+00:00,Venus ingress to Pisces,low,astrology,swisseph,Venus: Aquarius -> Pisces
2003-03-29T09:25:35+00:00,Moon ingress to Pisces,medium,astrology,swisseph,Moon: Aquarius -> Pisces
2003-03-31T20:04:29+00:00,Moon ingress to Aries,medium,astrology,swisseph,Moon: Pisces -> Aries
2003-04-03T08:20:18+00:00,Moon ingress to Taurus,medium,astrology,swisseph,Moon: Aries -> Taurus
2003-04-05T14:37:18+00:00,Mercury ingress to Taurus,low,astrology,swisseph,Mercury: Aries -> Taurus
2003-04-05T21:23:55+00:00,Moon ingress to Gemini,medium,astrology,swisseph,Moon: Taurus -> Gemini
2003-04-08T09:36:12+00:00,Moon ingress to Cancer,medium,astrology,swisseph,Moon: Gemini -> Cancer
2003-04-10T18:53:49+00:00,Moon ingress to Leo,medium,astrology,swisseph,Moon: Cancer -> Leo
2003-04-13T00:06:52+00:00,Moon ingress to Virgo,medium,astrology,swisseph,Moon: Leo -> Virgo
2003-04-15T01:41:44+00:00,Moon ingress to Libra,medium,astrology,swisseph,Moon: Virgo -> Libra
2003-04-17T01:15:54+00:00,Moon ingress to Scorpio,medium,astrology,swisseph,Moon: Libra -> Scorpio
2003-04-19T00:51:26+00:00,Moon ingress to Sagittarius,medium,astrology,swisseph,Moon: Scorpio -> Sagittarius
2003-04-20T12:02:47+00:00,Sun ingress to Taurus,high,astrology,swisseph,Sun: Aries -> Taurus
2003-04-21T02:20:15+00:00,Moon ingress to Capricorn,medium,astrology,swisseph,Moon: Sagittarius -> Capricorn
2003-04-21T16:17:58+00:00,Venus ingress to Aries,low,astrology,swisseph,Venus: Pisces -> Aries
2003-04-21T23:48:04+00:00,Mars ingress to Aquarius,medium,astrology,swisseph,Mars: Capricorn -> Aquarius
2003-04-23T06:57:52+00:00,Moon ingress to Aquarius,medium,astrology,swisseph,Moon: Capricorn -> Aquarius
2003-04-25T15:02:15+00:00,Moon ingress to Pisces,medium,astrology,swisseph,Moon: Aquarius -> Pisces
2003-04-28T01:54:24+00:00,Moon ingress to Aries,medium,astrology,swisseph,Moon: Pisces -> Aries
2003-04-30T14:26:26+00:00,Moon ingress to Taurus,medium,astrology,swisseph,Moon: Aries -> Taurus
2003-05-03T03:27:24+00:00,Moon ingress to Gemini,medium,astrology,swisseph,Moon: Taurus -> Gemini
2003-05-05T15:42:13+00:00,Moon ingress to Cancer,medium,astrology,swisseph,Moon: Gemini -> Cancer
2003-05-08T01:46:24+00:00,Moon ingress to Leo,medium,astrology,swisseph,Moon: Cancer -> Leo
2003-05-10T08:30:57+00:00,Moon ingress to Virgo,medium,astrology,swisseph,Moon: Leo -> Virgo
2003-05-12T11:42:19+00:00,Moon ingress to Libra,medium,astrology,swisseph,Moon: Virgo -> Libra
2003-05-14T12:13:36+00:00,Moon ingress to Scorpio,medium,astrology,swisseph,Moon: Libra -> Scorpio
2003-05-16T10:58:05+00:00,Venus ingress to Taurus,low,astrology,swisseph,Venus: Aries -> Taurus
2003-05-16T11:42:37+00:00,Moon ingress to Sagittarius,medium,astrology,swisseph,Moon: Scorpio -> Sagittarius
2003-05-18T12:03:20+00:00,Moon ingress to Capricorn,medium,astrology,swisseph,Moon: Sagittarius -> Capricorn
2003-05-20T15:00:49+00:00,Moon ingress to Aquarius,medium,astrology,swisseph,Moon: Capricorn -> Aquarius
2003-05-21T11:12:25+00:00,Sun ingress to Gemini,high,astrology,swisseph,Sun: Taurus -> Gemini
2003-05-22T21:41:07+00:00,Moon ingress to Pisces,medium,astrology,swisseph,Moon: Aquarius -> Pisces
2003-05-25T07:58:39+00:00,Moon ingress to Aries,medium,astrology,swisseph,Moon: Pisces -> Aries
2003-05-27T20:32:28+00:00,Moon ingress to Taurus,medium,astrology,swisseph,Moon: Aries -> Taurus
2003-05-30T09:31:36+00:00,Moon ingress to Gemini,medium,astrology,swisseph,Moon: Taurus -> Gemini
2003-06-01T21:27:24+00:00,Moon ingress to Cancer,medium,astrology,swisseph,Moon: Gemini -> Cancer
2003-06-04T01:28:12+00:00,Saturn ingress to Cancer,high,astrology,swisseph,Saturn: Gemini -> Cancer
2003-06-04T07:24:59+00:00,Moon ingress to Leo,medium,astrology,swisseph,Moon: Cancer -> Leo
2003-06-06T14:50:45+00:00,Moon ingress to Virgo,medium,astrology,swisseph,Moon: Leo -> Virgo
2003-06-08T19:29:57+00:00,Moon ingress to Libra,medium,astrology,swisseph,Moon: Virgo -> Libra
2003-06-10T03:31:56+00:00,Venus ingress to Gemini,low,astrology,swisseph,Venus: Taurus -> Gemini
2003-06-10T21:38:50+00:00,Moon ingress to Scorpio,medium,astrology,swisseph,Moon: Libra -> Scorpio
2003-06-12T22:12:24+00:00,Moon ingress to Sagittarius,medium,astrology,swisseph,Moon: Scorpio -> Sagittarius
2003-06-13T01:33:48+00:00,Mercury ingress to Gemini,low,astrology,swisseph,Mercury: Taurus -> Gemini
2003-06-14T22:38:20+00:00,Moon ingress to Capricorn,medium,astrology,swisseph,Moon: Sagittarius -> Capricorn
2003-06-17T00:41:25+00:00,Moon ingress to Aquarius,medium,astrology,swisseph,Moon: Capricorn -> Aquarius
2003-06-17T02:25:38+00:00,Mars ingress to Pisces,medium,astrology,swisseph,Mars: Aquarius -> Pisces
2003-06-19T05:56:40+00:00,Moon ingress to Pisces,medium,astrology,swisseph,Moon: Aquarius -> Pisces
2003-06-21T15:05:42+00:00,Moon ingress to Aries,medium,astrology,swisseph,Moon: Pisces -> Aries
2003-06-21T19:10:28+00:00,Sun ingress to Cancer,high,astrology,swisseph,Sun: Gemini -> Cancer
2003-06-24T03:15:12+00:00,Moon ingress to Taurus,medium,astrology,swisseph,Moon: Aries -> Taurus
2003-06-26T16:12:56+00:00,Moon ingress to Gemini,medium,astrology,swisseph,Moon: Taurus -> Gemini
2003-06-29T03:51:52+00:00,Moon ingress to Cancer,medium,astrology,swisseph,Moon: Gemini -> Cancer
2003-06-29T10:16:58+00:00,Mercury ingress to Cancer,low,astrology,swisseph,Mercury: Gemini -> Cancer
2003-07-01T13:12:58+00:00,Moon ingress to Leo,medium,astrology,swisseph,Moon: Cancer -> Leo
2003-07-03T20:15:55+00:00,Moon ingress to Virgo,medium,astrology,swisseph,Moon: Leo -> Virgo
2003-07-04T17:38:32+00:00,Venus ingress to Cancer,low,astrology,swisseph,Venus: Gemini -> Cancer
2003-07-06T01:20:11+00:00,Moon ingress to Libra,medium,astrology,swisseph,Moon: Virgo -> Libra
2003-07-08T04:43:26+00:00,Moon ingress to Scorpio,medium,astrology,swisseph,Moon: Libra -> Scorpio
2003-07-10T06:48:20+00:00,Moon ingress to Sagittarius,medium,astrology,swisseph,Moon: Scorpio -> Sagittarius
2003-07-12T08:20:51+00:00,Moon ingress to Capricorn,medium,astrology,swisseph,Moon: Sagittarius -> Capricorn
2003-07-13T12:09:35+00:00,Mercury ingress to Leo,low,astrology,swisseph,Mercury: Cancer -> Leo
2003-07-14T10:37:56+00:00,Moon ingress to Aquarius,medium,astrology,swisseph,Moon: Capricorn -> Aquarius
2003-07-16T15:13:33+00:00,Moon ingress to Pisces,medium,astrology,swisseph,Moon: Aquarius -> Pisces
2003-07-18T23:19:36+00:00,Moon ingress to Aries,medium,astrology,swisseph,Moon: Pisces -> Aries
2003-07-21T10:48:02+00:00,Moon ingress to Taurus,medium,astrology,swisseph,Moon: Aries -> Taurus
2003-07-23T06:04:08+00:00,Sun ingress to Leo,high,astrology,swisseph,Sun: Cancer -> Leo
2003-07-23T23:42:11+00:00,Moon ingress to Gemini,medium,astrology,swisseph,Moon: Taurus -> Gemini
2003-07-26T11:22:54+00:00,Moon ingress to Cancer,medium,astrology,swisseph,Moon: Gemini -> Cancer
2003-07-28T20:16:41+00:00,Moon ingress to Leo,medium,astrology,swisseph,Moon: Cancer -> Leo
2003-07-29T04:25:05+00:00,Venus ingress to Leo,low,astrology,swisseph,Venus: Cancer -> Leo
2003-07-30T14:05:20+00:00,Mercury ingress to Virgo,low,astrology,swisseph,Mercury: Leo -> Virgo
2003-07-31T02:26:54+00:00,Moon ingress to Virgo,medium,astrology,swisseph,Moon: Leo -> Virgo
2003-08-02T06:47:44+00:00,Moon ingress to Libra,medium,astrology,swisseph,Moon: Virgo -> Libra
2003-08-04T10:12:19+00:00,Moon ingress to Scorpio,medium,astrology,swisseph,Moon: Libra -> Scorpio
2003-08-06T13:10:44+00:00,Moon ingress to Sagittarius,medium,astrology,swisseph,Moon: Scorpio -> Sagittarius
2003-08-08T16:02:22+00:00,Moon ingress to Capricorn,medium,astrology,swisseph,Moon: Sagittarius -> Capricorn
2003-08-10T19:23:26+00:00,Moon ingress to Aquarius,medium,astrology,swisseph,Moon: Capricorn -> Aquarius
2003-08-13T00:18:41+00:00,Moon ingress to Pisces,medium,astrology,swisseph,Moon: Aquarius -> Pisces
2003-08-15T07:59:47+00:00,Moon ingress to Aries,medium,astrology,swisseph,Moon: Pisces -> Aries
2003-08-17T18:52:25+00:00,Moon ingress to Taurus,medium,astrology,swisseph,Moon: Aries -> Taurus
2003-08-20T07:40:47+00:00,Moon ingress to Gemini,medium,astrology,swisseph,Moon: Taurus -> Gemini
2003-08-22T11:35:31+00:00,Venus ingress to Virgo,low,astrology,swisseph,Venus: Leo -> Virgo
2003-08-22T19:44:24+00:00,Moon ingress to Cancer,medium,astrology,swisseph,Moon: Gemini -> Cancer
2003-08-23T13:08:10+00:00,Sun ingress to Virgo,high,astrology,swisseph,Sun: Leo -> Virgo
2003-08-25T04:48:24+00:00,Moon ingress to Leo,medium,astrology,swisseph,Moon: Cancer -> Leo
2003-08-27T09:26:06+00:00,Jupiter ingress to Virgo,medium,astrology,swisseph,Jupiter: Leo -> Virgo
2003-08-27T10:26:38+00:00,Moon ingress to Virgo,medium,astrology,swisseph,Moon: Leo -> Virgo
2003-08-29T13:41:10+00:00,Moon ingress to Libra,medium,astrology,swisseph,Moon: Virgo -> Libra
2003-08-31T15:59:58+00:00,Moon ingress to Scorpio,medium,astrology,swisseph,Moon: Libra -> Scorpio
2003-09-02T18:31:43+00:00,Moon ingress to Sagittarius,medium,astrology,swisseph,Moon: Scorpio -> Sagittarius
2003-09-04T21:51:11+00:00,Moon ingress to Capricorn,medium,astrology,swisseph,Moon: Sagittarius -> Capricorn
2003-09-07T02:14:36+00:00,Moon ingress to Aquarius,medium,astrology,swisseph,Moon: Capricorn -> Aquarius
2003-09-09T08:06:48+00:00,Moon ingress to Pisces,medium,astrology,swisseph,Moon: Aquarius -> Pisces
2003-09-11T16:08:59+00:00,Moon ingress to Aries,medium,astrology,swisseph,Moon: Pisces -> Aries
2003-09-14T02:49:47+00:00,Moon ingress to Taurus,medium,astrology,swisseph,Moon: Aries -> Taurus
2003-09-15T03:47:29+00:00,Uranus ingress to Aquarius,medium,astrology,swisseph,Uranus: Pisces -> Aquarius
2003-09-15T15:57:57+00:00,Venus ingress to Libra,low,astrology,swisseph,Venus: Virgo -> Libra
2003-09-16T15:31:54+00:00,Moon ingress to Gemini,medium,astrology,swisseph,Moon: Taurus -> Gemini
2003-09-19T04:07:22+00:00,Moon ingress to Cancer,medium,astrology,swisseph,Moon: Gemini -> Cancer
2003-09-21T14:02:36+00:00,Moon ingress to Leo,medium,astrology,swisseph,Moon: Cancer -> Leo
2003-09-23T10:46:50+00:00,Sun ingress to Libra,high,astrology,swisseph,Sun: Virgo -> Libra
2003-09-23T20:04:31+00:00,Moon ingress to Virgo,medium,astrology,swisseph,Moon: Leo -> Virgo
2003-09-25T22:48:54+00:00,Moon ingress to Libra,medium,astrology,swisseph,Moon: Virgo -> Libra
2003-09-27T23:52:03+00:00,Moon ingress to Scorpio,medium,astrology,swisseph,Moon: Libra -> Scorpio
2003-09-30T00:57:04+00:00,Moon ingress to Sagittarius,medium,astrology,swisseph,Moon: Scorpio -> Sagittarius
2003-10-02T03:21:19+00:00,Moon ingress to Capricorn,medium,astrology,swisseph,Moon: Sagittarius -> Capricorn
2003-10-04T07:45:11+00:00,Moon ingress to Aquarius,medium,astrology,swisseph,Moon: Capricorn -> Aquarius
2003-10-06T14:20:07+00:00,Moon ingress to Pisces,medium,astrology,swisseph,Moon: Aquarius -> Pisces
2003-10-07T01:28:07+00:00,Mercury ingress to Libra,low,astrology,swisseph,Mercury: Virgo -> Libra
2003-10-08T23:07:30+00:00,Moon ingress to Aries,medium,astrology,swisseph,Moon: Pisces -> Aries
2003-10-09T18:56:00+00:00,Venus ingress to Scorpio,low,astrology,swisseph,Venus: Libra -> Scorpio
2003-10-11T10:05:05+00:00,Moon ingress to Taurus,medium,astrology,swisseph,Moon: Aries -> Taurus
2003-10-13T22:44:39+00:00,Moon ingress to Gemini,medium,astrology,swisseph,Moon: Taurus -> Gemini
2003-10-16T11:40:43+00:00,Moon ingress to Cancer,medium,astrology,swisseph,Moon: Gemini -> Cancer
2003-10-18T22:41:18+00:00,Moon ingress to Leo,medium,astrology,swisseph,Moon: Cancer -> Leo
2003-10-21T06:01:20+00:00,Moon ingress to Virgo,medium,astrology,swisseph,Moon: Leo -> Virgo
2003-10-23T09:27:00+00:00,Moon ingress to Libra,medium,astrology,swisseph,Moon: Virgo -> Libra
2003-10-23T20:08:27+00:00,Sun ingress to Scorpio,high,astrology,swisseph,Sun: Libra -> Scorpio
2003-10-24T11:19:58+00:00,Mercury ingress to Scorpio,low,astrology,swisseph,Mercury: Libra -> Scorpio
2003-10-25T10:08:27+00:00,Moon ingress to Scorpio,medium,astrology,swisseph,Moon: Libra -> Scorpio
2003-10-27T09:54:52+00:00,Moon ingress to Sagittarius,medium,astrology,swisseph,Moon: Scorpio -> Sagittarius
2003-10-29T10:36:48+00:00,Moon ingress to Capricorn,medium,astrology,swisseph,Moon: Sagittarius -> Capricorn
2003-10-31T13:41:13+00:00,Moon ingress to Aquarius,medium,astrology,swisseph,Moon: Capricorn -> Aquarius
2003-11-02T19:52:04+00:00,Moon ingress to Pisces,medium,astrology,swisseph,Moon: Aquarius -> Pisces
2003-11-02T21:42:05+00:00,Venus ingress to Sagittarius,low,astrology,swisseph,Venus: Scorpio -> Sagittarius
2003-11-05T05:02:28+00:00,Moon ingress to Aries,medium,astrology,swisseph,Moon: Pisces -> Aries
2003-11-07T16:29:07+00:00,Moon ingress to Taurus,medium,astrology,swisseph,Moon: Aries -> Taurus
2003-11-10T05:14:24+00:00,Moon ingress to Gemini,medium,astrology,swisseph,Moon: Taurus -> Gemini
2003-11-12T07:19:09+00:00,Mercury ingress to Sagittarius,low,astrology,swisseph,Mercury: Scorpio -> Sagittarius
2003-11-12T18:10:01+00:00,Moon ingress to Cancer,medium,astrology,swisseph,Moon: Gemini -> Cancer
2003-11-15T05:48:13+00:00,Moon ingress to Leo,medium,astrology,swisseph,Moon: Cancer -> Leo
2003-11-17T14:36:20+00:00,Moon ingress to Virgo,medium,astrology,swisseph,Moon: Leo -> Virgo
2003-11-19T19:41:48+00:00,Moon ingress to Libra,medium,astrology,swisseph,Moon: Virgo -> Libra
2003-11-21T21:23:38+00:00,Moon ingress to Scorpio,medium,astrology,swisseph,Moon: Libra -> Scorpio
2003-11-22T17:43:22+00:00,Sun ingress to Sagittarius,high,astrology,swisseph,Sun: Scorpio -> Sagittarius
2003-11-23T21:02:35+00:00,Moon ingress to Sagittarius,medium,astrology,swisseph,Moon: Scorpio -> Sagittarius
2003-11-25T20:31:29+00:00,Moon ingress to Capricorn,medium,astrology,swisseph,Moon: Sagittarius -> Capricorn
2003-11-27T01:07:23+00:00,Venus ingress to Capricorn,low,astrology,swisseph,Venus: Sagittarius -> Capricorn
2003-11-27T21:47:56+00:00,Moon ingress to Aquarius,medium,astrology,swisseph,Moon: Capricorn -> Aquarius
2003-11-30T02:25:20+00:00,Moon ingress to Pisces,medium,astrology,swisseph,Moon: Aquarius -> Pisces
2003-12-02T10:55:52+00:00,Moon ingress to Aries,medium,astrology,swisseph,Moon: Pisces -> Aries
2003-12-02T21:33:56+00:00,Mercury ingress to Capricorn,low,astrology,swisseph,Mercury: Sagittarius -> Capricorn
2003-12-04T22:29:55+00:00,Moon ingress to Taurus,medium,astrology,swisseph,Moon: Aries -> Taurus
2003-12-07T11:26:16+00:00,Moon ingress to Gemini,medium,astrology,swisseph,Moon: Taurus -> Gemini
2003-12-10T00:10:50+00:00,Moon ingress to Cancer,medium,astrology,swisseph,Moon: Gemini -> Cancer
2003-12-12T11:40:23+00:00,Moon ingress to Leo,medium,astrology,swisseph,Moon: Cancer -> Leo
2003-12-14T21:06:44+00:00,Moon ingress to Virgo,medium,astrology,swisseph,Moon: Leo -> Virgo
2003-12-16T13:23:51+00:00,Mars ingress to Aries,medium,astrology,swisseph,Mars: Pisces -> Aries
2003-12-17T03:46:28+00:00,Moon ingress to Libra,medium,astrology,swisseph,Moon: Virgo -> Libra
2003-12-19T07:19:46+00:00,Moon ingress to Scorpio,medium,astrology,swisseph,Moon: Libra -> Scorpio
2003-12-21T06:32:25+00:00,Venus ingress to Aquarius,low,astrology,swisseph,Venus: Capricorn -> Aquarius
2003-12-21T08:15:45+00:00,Moon ingress to Sagittarius,medium,astrology,swisseph,Moon: Scorpio -> Sagittarius
2003-12-22T07:03:48+00:00,Sun ingress to Capricorn,high,astrology,swisseph,Sun: Sagittarius -> Capricorn
2003-12-23T07:55:13+00:00,Moon ingress to Capricorn,medium,astrology,swisseph,Moon: Sagittarius -> Capricorn
2003-12-25T08:13:01+00:00,Moon ingress to Aquarius,medium,astrology,swisseph,Moon: Capricorn -> Aquarius
2003-12-27T11:09:41+00:00,Moon ingress to Pisces,medium,astrology,swisseph,Moon: Aquarius -> Pisces
2003-12-29T18:08:23+00:00,Moon ingress to Aries,medium,astrology,swisseph,Moon: Pisces -> Aries
2003-12-30T09:14:03+00:00,Uranus ingress to Pisces,medium,astrology,swisseph,Uranus: Aquarius -> Pisces
2003-12-30T19:52:19+00:00,Mercury ingress to Sagittarius,low,astrology,swisseph,Mercury: Capricorn -> Sagittarius
2004-01-01T05:01:32+00:00,Moon ingress to Taurus,medium,astrology,swisseph,Moon: Aries -> Taurus
2004-01-03T17:58:21+00:00,Moon ingress to Gemini,medium,astrology,swisseph,Moon: Taurus -> Gemini
2004-01-06T06:38:33+00:00,Moon ingress to Cancer,medium,astrology,swisseph,Moon: Gemini -> Cancer
2004-01-08T17:38:05+00:00,Moon ingress to Leo,medium,astrology,swisseph,Moon: Cancer -> Leo
2004-01-11T02:37:27+00:00,Moon ingress to Virgo,medium,astrology,swisseph,Moon: Leo -> Virgo
2004-01-13T09:37:58+00:00,Moon ingress to Libra,medium,astrology,swisseph,Moon: Virgo -> Libra
2004-01-14T11:02:11+00:00,Mercury ingress to Capricorn,low,astrology,swisseph,Mercury: Sagittarius -> Capricorn
2004-01-14T17:15:48+00:00,Venus ingress to Pisces,low,astrology,swisseph,Venus: Aquarius -> Pisces
2004-01-15T14:32:34+00:00,Moon ingress to Scorpio,medium,astrology,swisseph,Moon: Libra -> Scorpio
2004-01-17T17:17:41+00:00,Moon ingress to Sagittarius,medium,astrology,swisseph,Moon: Scorpio -> Sagittarius
2004-01-19T18:24:06+00:00,Moon ingress to Capricorn,medium,astrology,swisseph,Moon: Sagittarius -> Capricorn
2004-01-20T17:42:22+00:00,Sun ingress to Aquarius,high,astrology,swisseph,Sun: Capricorn -> Aquarius
2004-01-21T19:10:31+00:00,Moon ingress to Aquarius,medium,astrology,swisseph,Moon: Capricorn -> Aquarius
2004-01-23T21:28:38+00:00,Moon ingress to Pisces,medium,astrology,swisseph,Moon: Aquarius -> Pisces
2004-01-26T03:05:40+00:00,Moon ingress to Aries,medium,astrology,swisseph,Moon: Pisces -> Aries
2004-01-28T12:46:03+00:00,Moon ingress to Taurus,medium,astrology,swisseph,Moon: Aries -> Taurus
2004-01-31T01:18:06+00:00,Moon ingress to Gemini,medium,astrology,swisseph,Moon: Taurus -> Gemini
2004-02-02T14:03:11+00:00,Moon ingress to Cancer,medium,astrology,swisseph,Moon: Gemini -> Cancer
2004-02-03T10:04:20+00:00,Mars ingress to Taurus,medium,astrology,swisseph,Mars: Aries -> Taurus
2004-02-05T00:49:52+00:00,Moon ingress to Leo,medium,astrology,swisseph,Moon: Cancer -> Leo
2004-02-07T04:19:57+00:00,Mercury ingress to Aquarius,low,astrology,swisseph,Mercury: Capricorn -> Aquarius
2004-02-07T09:02:43+00:00,Moon ingress to Virgo,medium,astrology,swisseph,Moon: Leo -> Virgo
2004-02-08T16:20:29+00:00,Venus ingress to Aries,low,astrology,swisseph,Venus: Pisces -> Aries
2004-02-09T15:12:30+00:00,Moon ingress to Libra,medium,astrology,swisseph,Moon: Virgo -> Libra
2004-02-11T19:57:32+00:00,Moon ingress to Scorpio,medium,astrology,swisseph,Moon: Libra -> Scorpio
2004-02-13T23:34:57+00:00,Moon ingress to Sagittarius,medium,astrology,swisseph,Moon: Scorpio -> Sagittarius
2004-02-16T02:13:49+00:00,Moon ingress to Capricorn,medium,astrology,swisseph,Moon: Sagittarius -> Capricorn
2004-02-18T04:27:06+00:00,Moon ingress to Aquarius,medium,astrology,swisseph,Moon: Capricorn -> Aquarius
2004-02-19T07:49:59+00:00,Sun ingress to Pisces,high,astrology,swisseph,Sun: Aquarius -> Pisces
2004-02-20T07:26:31+00:00,Moon ingress to Pisces,medium,astrology,swisseph,Moon: Aquarius -> Pisces
2004-02-22T12:44:57+00:00,Moon ingress to Aries,medium,astrology,swisseph,Moon: Pisces -> Aries
2004-02-24T21:30:03+00:00,Moon ingress to Taurus,medium,astrology,swisseph,Moon: Aries -> Taurus
2004-02-25T12:58:16+00:00,Mercury ingress to Pisces,low,astrology,swisseph,Mercury: Aquarius -> Pisces
2004-02-27T09:22:19+00:00,Moon ingress to Gemini,medium,astrology,swisseph,Moon: Taurus -> Gemini
2004-02-29T22:12:01+00:00,Moon ingress to Cancer,medium,astrology,swisseph,Moon: Gemini -> Cancer
2004-03-03T09:17:48+00:00,Moon ingress to Leo,medium,astrology,swisseph,Moon: Cancer -> Leo
2004-03-05T17:17:47+00:00,Moon ingress to Virgo,medium,astrology,swisseph,Moon: Leo -> Virgo
2004-03-05T18:12:13+00:00,Venus ingress to Taurus,low,astrology,swisseph,Venus: Aries -> Taurus
2004-03-07T22:30:41+00:00,Moon ingress to Libra,medium,astrology,swisseph,Moon: Virgo -> Libra
2004-03-10T02:02:53+00:00,Moon ingress to Scorpio,medium,astrology,swisseph,Moon: Libra -> Scorpio
2004-03-12T04:57:01+00:00,Moon ingress to Sagittarius,medium,astrology,swisseph,Moon: Scorpio -> Sagittarius
2004-03-12T09:44:19+00:00,Mercury ingress to Aries,low,astrology,swisseph,Mercury: Pisces -> Aries
2004-03-14T07:51:29+00:00,Moon ingress to Capricorn,medium,astrology,swisseph,Moon: Sagittarius -> Capricorn
2004-03-16T11:10:17+00:00,Moon ingress to Aquarius,medium,astrology,swisseph,Moon: Capricorn -> Aquarius
2004-03-18T15:25:46+00:00,Moon ingress to Pisces,medium,astrology,swisseph,Moon: Aquarius -> Pisces
2004-03-20T06:48:39+00:00,Sun ingress to Aries,high,astrology,swisseph,Sun: Pisces -> Aries
2004-03-20T21:28:40+00:00,Moon ingress to Aries,medium,astrology,swisseph,Moon: Pisces -> Aries
2004-03-21T07:39:25+00:00,Mars ingress to Gemini,medium,astrology,swisseph,Mars: Taurus -> Gemini
2004-03-23T06:09:31+00:00,Moon ingress to Taurus,medium,astrology,swisseph,Moon: Aries -> Taurus
2004-03-25T17:34:33+00:00,Moon ingress to Gemini,medium,astrology,swisseph,Moon: Taurus -> Gemini
2004-03-28T06:23:10+00:00,Moon ingress to Cancer,medium,astrology,swisseph,Moon: Gemini -> Cancer
2004-03-30T18:07:25+00:00,Moon ingress to Leo,medium,astrology,swisseph,Moon: Cancer -> Leo
2004-04-01T02:27:29+00:00,Mercury ingress to Taurus,low,astrology,swisseph,Mercury: Aries -> Taurus
2004-04-02T02:45:22+00:00,Moon ingress to Virgo,medium,astrology,swisseph,Moon: Leo -> Virgo
2004-04-03T14:56:58+00:00,Venus ingress to Gemini,low,astrology,swisseph,Venus: Taurus -> Gemini
2004-04-04T07:52:02+00:00,Moon ingress to Libra,medium,astrology,swisseph,Moon: Virgo -> Libra
2004-04-06T10:24:15+00:00,Moon ingress to Scorpio,medium,astrology,swisseph,Moon: Libra -> Scorpio
2004-04-08T11:50:22+00:00,Moon ingress to Sagittarius,medium,astrology,swisseph,Moon: Scorpio -> Sagittarius
2004-04-10T13:33:11+00:00,Moon ingress to Capricorn,medium,astrology,swisseph,Moon: Sagittarius -> Capricorn
2004-04-12T16:32:44+00:00,Moon ingress to Aquarius,medium,astrology,swisseph,Moon: Capricorn -> Aquarius
2004-04-13T01:22:51+00:00,Mercury ingress to Aries,low,astrology,swisseph,Mercury: Taurus -> Aries
2004-04-14T21:23:53+00:00,Moon ingress to Pisces,medium,astrology,swisseph,Moon: Aquarius -> Pisces
2004-04-17T04:24:21+00:00,Moon ingress to Aries,medium,astrology,swisseph,Moon: Pisces -> Aries
2004-04-19T13:42:33+00:00,Moon ingress to Taurus,medium,astrology,swisseph,Moon: Aries -> Taurus
2004-04-19T17:50:26+00:00,Sun ingress to Taurus,high,astrology,swisseph,Sun: Aries -> Taurus
2004-04-22T01:09:50+00:00,Moon ingress to Gemini,medium,astrology,swisseph,Moon: Taurus -> Gemini
2004-04-24T13:55:49+00:00,Moon ingress to Cancer,medium,astrology,swisseph,Moon: Gemini -> Cancer
2004-04-27T02:14:08+00:00,Moon ingress to Leo,medium,astrology,swisseph,Moon: Cancer -> Leo
2004-04-29T12:00:02+00:00,Moon ingress to Virgo,medium,astrology,swisseph,Moon: Leo -> Virgo
2004-05-01T18:02:39+00:00,Moon ingress to Libra,medium,astrology,swisseph,Moon: Virgo -> Libra
2004-05-03T20:38:34+00:00,Moon ingress to Scorpio,medium,astrology,swisseph,Moon: Libra -> Scorpio
2004-05-05T21:08:00+00:00,Moon ingress to Sagittarius,medium,astrology,swisseph,Moon: Scorpio -> Sagittarius
2004-05-07T08:45:32+00:00,Mars ingress to Cancer,medium,astrology,swisseph,Mars: Gemini -> Cancer
2004-05-07T21:16:33+00:00,Moon ingress to Capricorn,medium,astrology,swisseph,Moon: Sagittarius -> Capricorn
2004-05-09T22:46:12+00:00,Moon ingress to Aquarius,medium,astrology,swisseph,Moon: Capricorn -> Aquarius
2004-05-12T02:51:58+00:00,Moon ingress to Pisces,medium,astrology,swisseph,Moon: Aquarius -> Pisces
2004-05-14T10:02:18+00:00,Moon ingress to Aries,medium,astrology,swisseph,Moon: Pisces -> Aries
2004-05-16T06:54:24+00:00,Mercury ingress to Taurus,low,astrology,swisseph,Mercury: Aries -> Taurus
2004-05-16T19:56:55+00:00,Moon ingress to Taurus,medium,astrology,swisseph,Moon: Aries -> Taurus
2004-05-19T07:47:09+00:00,Moon ingress to Gemini,medium,astrology,swisseph,Moon: Taurus -> Gemini
2004-05-20T16:59:14+00:00,Sun ingress to Gemini,high,astrology,swisseph,Sun: Taurus -> Gemini
2004-05-21T20:34:46+00:00,Moon ingress to Cancer,medium,astrology,swisseph,Moon: Gemini -> Cancer
2004-05-24T09:07:21+00:00,Moon ingress to Leo,medium,astrology,swisseph,Moon: Cancer -> Leo
2004-05-26T19:51:55+00:00,Moon ingress to Virgo,medium,astrology,swisseph,Moon: Leo -> Virgo
2004-05-29T03:22:25+00:00,Moon ingress to Libra,medium,astrology,swisseph,Moon: Virgo -> Libra
2004-05-31T07:08:03+00:00,Moon ingress to Scorpio,medium,astrology,swisseph,Moon: Libra -> Scorpio
2004-06-02T07:52:05+00:00,Moon ingress to Sagittarius,medium,astrology,swisseph,Moon: Scorpio -> Sagittarius
2004-06-04T07:12:13+00:00,Moon ingress to Capricorn,medium,astrology,swisseph,Moon: Sagittarius -> Capricorn
2004-06-05T12:47:27+00:00,Mercury ingress to Gemini,low,astrology,swisseph,Mercury: Taurus -> Gemini
2004-06-06T07:09:33+00:00,Moon ingress to Aquarius,medium,astrology,swisseph,Moon: Capricorn -> Aquarius
2004-06-08T09:38:14+00:00,Moon ingress to Pisces,medium,astrology,swisseph,Moon: Aquarius -> Pisces
2004-06-10T15:49:12+00:00,Moon ingress to Aries,medium,astrology,swisseph,Moon: Pisces -> Aries
2004-06-13T01:36:39+00:00,Moon ingress to Taurus,medium,astrology,swisseph,Moon: Aries -> Taurus
2004-06-15T13:44:03+00:00,Moon ingress to Gemini,medium,astrology,swisseph,Moon: Taurus -> Gemini
2004-06-18T02:37:11+00:00,Moon ingress to Cancer,medium,astrology,swisseph,Moon: Gemini -> Cancer
2004-06-19T19:49:28+00:00,Mercury ingress to Cancer,low,astrology,swisseph,Mercury: Gemini -> Cancer
2004-06-20T15:04:48+00:00,Moon ingress to Leo,medium,astrology,swisseph,Moon: Cancer -> Leo
2004-06-21T00:56:53+00:00,Sun ingress to Cancer,high,astrology,swisseph,Sun: Gemini -> Cancer
2004-06-23T02:09:49+00:00,Moon ingress to Virgo,medium,astrology,swisseph,Moon: Leo -> Virgo
2004-06-23T20:50:29+00:00,Mars ingress to Leo,medium,astrology,swisseph,Mars: Cancer -> Leo
2004-06-25T10:49:52+00:00,Moon ingress to Libra,medium,astrology,swisseph,Moon: Virgo -> Libra
2004-06-27T16:12:42+00:00,Moon ingress to Scorpio,medium,astrology,swisseph,Moon: Libra -> Scorpio
2004-06-29T18:15:27+00:00,Moon ingress to Sagittarius,medium,astrology,swisseph,Moon: Scorpio -> Sagittarius
2004-07-01T18:01:11+00:00,Moon ingress to Capricorn,medium,astrology,swisseph,Moon: Sagittarius -> Capricorn
2004-07-03T17:21:38+00:00,Moon ingress to Aquarius,medium,astrology,swisseph,Moon: Capricorn -> Aquarius
2004-07-04T14:51:44+00:00,Mercury ingress to Leo,low,astrology,swisseph,Mercury: Cancer -> Leo
2004-07-05T18:26:06+00:00,Moon ingress to Pisces,medium,astrology,swisseph,Moon: Aquarius -> Pisces
2004-07-07T23:03:06+00:00,Moon ingress to Aries,medium,astrology,swisseph,Moon: Pisces -> Aries
2004-07-10T07:50:32+00:00,Moon ingress to Taurus,medium,astrology,swisseph,Moon: Aries -> Taurus
2004-07-12T19:44:37+00:00,Moon ingress to Gemini,medium,astrology,swisseph,Moon: Taurus -> Gemini
2004-07-15T08:40:26+00:00,Moon ingress to Cancer,medium,astrology,swisseph,Moon: Gemini -> Cancer
2004-07-17T20:56:04+00:00,Moon ingress to Leo,medium,astrology,swisseph,Moon: Cancer -> Leo
2004-07-20T07:43:52+00:00,Moon ingress to Virgo,medium,astrology,swisseph,Moon: Leo -> Virgo
2004-07-22T11:50:10+00:00,Sun ingress to Leo,high,astrology,swisseph,Sun: Cancer -> Leo
2004-07-22T16:38:38+00:00,Moon ingress to Libra,medium,astrology,swisseph,Moon: Virgo -> Libra
2004-07-24T23:08:14+00:00,Moon ingress to Scorpio,medium,astrology,swisseph,Moon: Libra -> Scorpio
2004-07-25T13:58:16+00:00,Mercury ingress to Virgo,low,astrology,swisseph,Mercury: Leo -> Virgo
2004-07-27T02:47:58+00:00,Moon ingress to Sagittarius,medium,astrology,swisseph,Moon: Scorpio -> Sagittarius
2004-07-29T03:57:26+00:00,Moon ingress to Capricorn,medium,astrology,swisseph,Moon: Sagittarius -> Capricorn
2004-07-31T03:54:04+00:00,Moon ingress to Aquarius,medium,astrology,swisseph,Moon: Capricorn -> Aquarius
2004-08-02T04:34:23+00:00,Moon ingress to Pisces,medium,astrology,swisseph,Moon: Aquarius -> Pisces
2004-08-04T07:59:21+00:00,Moon ingress to Aries,medium,astrology,swisseph,Moon: Pisces -> Aries
2004-08-06T15:25:41+00:00,Moon ingress to Taurus,medium,astrology,swisseph,Moon: Aries -> Taurus
2004-08-07T11:02:10+00:00,Venus ingress to Cancer,low,astrology,swisseph,Venus: Gemini -> Cancer
2004-08-09T02:32:50+00:00,Moon ingress to Gemini,medium,astrology,swisseph,Moon: Taurus -> Gemini
2004-08-10T10:14:15+00:00,Mars ingress to Virgo,medium,astrology,swisseph,Mars: Leo -> Virgo
2004-08-11T15:20:06+00:00,Moon ingress to Cancer,medium,astrology,swisseph,Moon: Gemini -> Cancer
2004-08-14T03:29:43+00:00,Moon ingress to Leo,medium,astrology,swisseph,Moon: Cancer -> Leo
2004-08-16T13:49:09+00:00,Moon ingress to Virgo,medium,astrology,swisseph,Moon: Leo -> Virgo
2004-08-18T22:09:11+00:00,Moon ingress to Libra,medium,astrology,swisseph,Moon: Virgo -> Libra
2004-08-21T04:36:41+00:00,Moon ingress to Scorpio,medium,astrology,swisseph,Moon: Libra -> Scorpio
2004-08-22T18:53:15+00:00,Sun ingress to Virgo,high,astrology,swisseph,Sun: Leo -> Virgo
2004-08-23T09:08:27+00:00,Moon ingress to Sagittarius,medium,astrology,swisseph,Moon: Scorpio -> Sagittarius
2004-08-25T01:33:08+00:00,Mercury ingress to Leo,low,astrology,swisseph,Mercury: Virgo -> Leo
2004-08-25T11:46:33+00:00,Moon ingress to Capricorn,medium,astrology,swisseph,Moon: Sagittarius -> Capricorn
2004-08-27T13:08:02+00:00,Moon ingress to Aquarius,medium,astrology,swisseph,Moon: Capricorn -> Aquarius
2004-08-29T14:33:07+00:00,Moon ingress to Pisces,medium,astrology,swisseph,Moon: Aquarius -> Pisces
2004-08-31T17:45:50+00:00,Moon ingress to Aries,medium,astrology,swisseph,Moon: Pisces -> Aries
2004-09-03T00:15:34+00:00,Moon ingress to Taurus,medium,astrology,swisseph,Moon: Aries -> Taurus
2004-09-05T10:24:25+00:00,Moon ingress to Gemini,medium,astrology,swisseph,Moon: Taurus -> Gemini
2004-09-06T22:15:38+00:00,Venus ingress to Leo,low,astrology,swisseph,Venus: Cancer -> Leo
2004-09-07T22:50:22+00:00,Moon ingress to Cancer,medium,astrology,swisseph,Moon: Gemini -> Cancer
2004-09-10T07:38:16+00:00,Mercury ingress to Virgo,low,astrology,swisseph,Mercury: Leo -> Virgo
2004-09-10T11:05:39+00:00,Moon ingress to Leo,medium,astrology,swisseph,Moon: Cancer -> Leo
2004-09-12T21:16:21+00:00,Moon ingress to Virgo,medium,astrology,swisseph,Moon: Leo -> Virgo
2004-09-15T04:53:34+00:00,Moon ingress to Libra,medium,astrology,swisseph,Moon: Virgo -> Libra
2004-09-17T10:25:11+00:00,Moon ingress to Scorpio,medium,astrology,swisseph,Moon: Libra -> Scorpio
2004-09-19T14:29:36+00:00,Moon ingress to Sagittarius,medium,astrology,swisseph,Moon: Scorpio -> Sagittarius
2004-09-21T17:35:22+00:00,Moon ingress to Capricorn,medium,astrology,swisseph,Moon: Sagittarius -> Capricorn
2004-09-22T16:29:50+00:00,Sun ingress to Libra,high,astrology,swisseph,Sun: Virgo -> Libra
2004-09-23T20:09:36+00:00,Moon ingress to Aquarius,medium,astrology,swisseph,Moon: Capricorn -> Aquarius
2004-09-25T03:23:28+00:00,Jupiter ingress to Libra,medium,astrology,swisseph,Jupiter: Virgo -> Libra
2004-09-25T22:55:22+00:00,Moon ingress to Pisces,medium,astrology,swisseph,Moon: Aquarius -> Pisces
2004-09-26T09:15:27+00:00,Mars ingress to Libra,medium,astrology,swisseph,Mars: Virgo -> Libra
2004-09-28T02:56:58+00:00,Moon ingress to Aries,medium,astrology,swisseph,Moon: Pisces -> Aries
2004-09-28T14:12:59+00:00,Mercury ingress to Libra,low,astrology,swisseph,Mercury: Virgo -> Libra
2004-09-30T09:23:49+00:00,Moon ingress to Taurus,medium,astrology,swisseph,Moon: Aries -> Taurus
2004-10-02T18:54:41+00:00,Moon ingress to Gemini,medium,astrology,swisseph,Moon: Taurus -> Gemini
2004-10-03T17:20:04+00:00,Venus ingress to Virgo,low,astrology,swisseph,Venus: Leo -> Virgo
2004-10-05T06:54:14+00:00,Moon ingress to Cancer,medium,astrology,swisseph,Moon: Gemini -> Cancer
2004-10-07T19:22:51+00:00,Moon ingress to Leo,medium,astrology,swisseph,Moon: Cancer -> Leo
2004-10-10T06:00:17+00:00,Moon ingress to Virgo,medium,astrology,swisseph,Moon: Leo -> Virgo
2004-10-12T13:32:01+00:00,Moon ingress to Libra,medium,astrology,swisseph,Moon: Virgo -> Libra
2004-10-14T18:10:23+00:00,Moon ingress to Scorpio,medium,astrology,swisseph,Moon: Libra -> Scorpio
2004-10-15T22:56:58+00:00,Mercury ingress to Scorpio,low,astrology,swisseph,Mercury: Libra -> Scorpio
2004-10-16T20:57:50+00:00,Moon ingress to Sagittarius,medium,astrology,swisseph,Moon: Scorpio -> Sagittarius
2004-10-18T23:06:44+00:00,Moon ingress to Capricorn,medium,astrology,swisseph,Moon: Sagittarius -> Capricorn
2004-10-21T01:37:34+00:00,Moon ingress to Aquarius,medium,astrology,swisseph,Moon: Capricorn -> Aquarius
2004-10-23T01:48:49+00:00,Sun ingress to Scorpio,high,astrology,swisseph,Sun: Libra -> Scorpio
2004-10-23T05:13:13+00:00,Moon ingress to Pisces,medium,astrology,swisseph,Moon: Aquarius -> Pisces
2004-10-25T10:24:24+00:00,Moon ingress to Aries,medium,astrology,swisseph,Moon: Pisces -> Aries
2004-10-27T17:37:25+00:00,Moon ingress to Taurus,medium,astrology,swisseph,Moon: Aries -> Taurus
2004-10-29T00:39:07+00:00,Venus ingress to Libra,low,astrology,swisseph,Venus: Virgo -> Libra
2004-10-30T03:10:54+00:00,Moon ingress to Gemini,medium,astrology,swisseph,Moon: Taurus -> Gemini
2004-11-01T14:53:05+00:00,Moon ingress to Cancer,medium,astrology,swisseph,Moon: Gemini -> Cancer
2004-11-04T03:31:44+00:00,Moon ingress to Leo,medium,astrology,swisseph,Moon: Cancer -> Leo
2004-11-04T14:39:56+00:00,Mercury ingress to Sagittarius,low,astrology,swisseph,Mercury: Scorpio -> Sagittarius
2004-11-06T15:00:03+00:00,Moon ingress to Virgo,medium,astrology,swisseph,Moon: Leo -> Virgo
2004-11-08T23:22:54+00:00,Moon ingress to Libra,medium,astrology,swisseph,Moon: Virgo -> Libra
2004-11-11T04:05:12+00:00,Moon ingress to Scorpio,medium,astrology,swisseph,Moon: Libra -> Scorpio
2004-11-11T05:10:35+00:00,Mars ingress to Scorpio,medium,astrology,swisseph,Mars: Libra -> Scorpio
2004-11-13T05:56:26+00:00,Moon ingress to Sagittarius,medium,astrology,swisseph,Moon: Scorpio -> Sagittarius
2004-11-15T06:32:45+00:00,Moon ingress to Capricorn,medium,astrology,swisseph,Moon: Sagittarius -> Capricorn
2004-11-17T07:38:38+00:00,Moon ingress to Aquarius,medium,astrology,swisseph,Moon: Capricorn -> Aquarius
2004-11-19T10:37:36+00:00,Moon ingress to Pisces,medium,astrology,swisseph,Moon: Aquarius -> Pisces
2004-11-21T16:11:04+00:00,Moon ingress to Aries,medium,astrology,swisseph,Moon: Pisces -> Aries
2004-11-21T23:21:41+00:00,Sun ingress to Sagittarius,high,astrology,swisseph,Sun: Scorpio -> Sagittarius
2004-11-22T13:31:25+00:00,Venus ingress to Scorpio,low,astrology,swisseph,Venus: Libra -> Scorpio
2004-11-24T00:15:45+00:00,Moon ingress to Taurus,medium,astrology,swisseph,Moon: Aries -> Taurus
2004-11-26T10:25:12+00:00,Moon ingress to Gemini,medium,astrology,swisseph,Moon: Taurus -> Gemini
2004-11-28T22:10:30+00:00,Moon ingress to Cancer,medium,astrology,swisseph,Moon: Gemini -> Cancer
2004-12-01T10:49:41+00:00,Moon ingress to Leo,medium,astrology,swisseph,Moon: Cancer -> Leo
2004-12-03T23:00:12+00:00,Moon ingress to Virgo,medium,astrology,swisseph,Moon: Leo -> Virgo
2004-12-06T08:46:21+00:00,Moon ingress to Libra,medium,astrology,swisseph,Moon: Virgo -> Libra
2004-12-08T14:43:33+00:00,Moon ingress to Scorpio,medium,astrology,swisseph,Moon: Libra -> Scorpio
2004-12-10T16:54:13+00:00,Moon ingress to Sagittarius,medium,astrology,swisseph,Moon: Scorpio -> Sagittarius
2004-12-12T16:41:38+00:00,Moon ingress to Capricorn,medium,astrology,swisseph,Moon: Sagittarius -> Capricorn
2004-12-14T16:09:48+00:00,Moon ingress to Aquarius,medium,astrology,swisseph,Moon: Capricorn -> Aquarius
2004-12-16T17:09:47+00:00,Venus ingress to Sagittarius,low,astrology,swisseph,Venus: Scorpio -> Sagittarius
2004-12-16T17:23:47+00:00,Moon ingress to Pisces,medium,astrology,swisseph,Moon: Aquarius -> Pisces
2004-12-18T21:52:00+00:00,Moon ingress to Aries,medium,astrology,swisseph,Moon: Pisces -> Aries
2004-12-21T05:52:12+00:00,Moon ingress to Taurus,medium,astrology,swisseph,Moon: Aries -> Taurus
2004-12-21T12:41:36+00:00,Sun ingress to Capricorn,high,astrology,swisseph,Sun: Sagittarius -> Capricorn
2004-12-23T16:32:10+00:00,Moon ingress to Gemini,medium,astrology,swisseph,Moon: Taurus -> Gemini
2004-12-25T16:03:59+00:00,Mars ingress to Sagittarius,medium,astrology,swisseph,Mars: Scorpio -> Sagittarius
2004-12-26T04:37:41+00:00,Moon ingress to Cancer,medium,astrology,swisseph,Moon: Gemini -> Cancer
2004-12-28T17:14:00+00:00,Moon ingress to Leo,medium,astrology,swisseph,Moon: Cancer -> Leo
2004-12-31T05:33:07+00:00,Moon ingress to Virgo,medium,astrology,swisseph,Moon: Leo -> Virgo
2005-01-02T16:19:27+00:00,Moon ingress to Libra,medium,astrology,swisseph,Moon: Virgo -> Libra
2005-01-04T23:59:34+00:00,Moon ingress to Scorpio,medium,astrology,swisseph,Moon: Libra -> Scorpio
2005-01-07T03:44:14+00:00,Moon ingress to Sagittarius,medium,astrology,swisseph,Moon: Scorpio -> Sagittarius
2005-01-09T04:10:40+00:00,Moon ingress to Capricorn,medium,astrology,swisseph,Moon: Sagittarius -> Capricorn
2005-01-09T16:55:44+00:00,Venus ingress to Capricorn,low,astrology,swisseph,Venus: Sagittarius -> Capricorn
2005-01-10T04:08:38+00:00,Mercury ingress to Capricorn,low,astrology,swisseph,Mercury: Sagittarius -> Capricorn
2005-01-11T03:06:53+00:00,Moon ingress to Aquarius,medium,astrology,swisseph,Moon: Capricorn -> Aquarius
2005-01-13T02:50:12+00:00,Moon ingress to Pisces,medium,astrology,swisseph,Moon: Aquarius -> Pisces
2005-01-15T05:26:47+00:00,Moon ingress to Aries,medium,astrology,swisseph,Moon: Pisces -> Aries
2005-01-17T12:06:10+00:00,Moon ingress to Taurus,medium,astrology,swisseph,Moon: Aries -> Taurus
2005-01-19T22:24:08+00:00,Moon ingress to Gemini,medium,astrology,swisseph,Moon: Taurus -> Gemini
2005-01-19T23:21:34+00:00,Sun ingress to Aquarius,high,astrology,swisseph,Sun: Capricorn -> Aquarius
2005-01-22T10:42:05+00:00,Moon ingress to Cancer,medium,astrology,swisseph,Moon: Gemini -> Cancer
2005-01-24T23:20:56+00:00,Moon ingress to Leo,medium,astrology,swisseph,Moon: Cancer -> Leo
2005-01-27T11:24:02+00:00,Moon ingress to Virgo,medium,astrology,swisseph,Moon: Leo -> Virgo
2005-01-29T22:12:39+00:00,Moon ingress to Libra,medium,astrology,swisseph,Moon: Virgo -> Libra
2005-01-30T05:36:48+00:00,Mercury ingress to Aquarius,low,astrology,swisseph,Mercury: Capricorn -> Aquarius
2005-02-01T06:51:11+00:00,Moon ingress to Scorpio,medium,astrology,swisseph,Moon: Libra -> Scorpio
2005-02-02T15:42:22+00:00,Venus ingress to Aquarius,low,astrology,swisseph,Venus: Capricorn -> Aquarius
2005-02-03T12:21:11+00:00,Moon ingress to Sagittarius,medium,astrology,swisseph,Moon: Scorpio -> Sagittarius
2005-02-05T14:32:05+00:00,Moon ingress to Capricorn,medium,astrology,swisseph,Moon: Sagittarius -> Capricorn
2005-02-06T18:31:34+00:00,Mars ingress to Capricorn,medium,astrology,swisseph,Mars: Sagittarius -> Capricorn
2005-02-07T14:26:20+00:00,Moon ingress to Aquarius,medium,astrology,swisseph,Moon: Capricorn -> Aquarius
2005-02-09T13:59:10+00:00,Moon ingress to Pisces,medium,astrology,swisseph,Moon: Aquarius -> Pisces
2005-02-11T15:21:19+00:00,Moon ingress to Aries,medium,astrology,swisseph,Moon: Pisces -> Aries
2005-02-13T20:17:34+00:00,Moon ingress to Taurus,medium,astrology,swisseph,Moon: Aries -> Taurus
2005-02-16T05:18:08+00:00,Moon ingress to Gemini,medium,astrology,swisseph,Moon: Taurus -> Gemini
2005-02-16T17:45:44+00:00,Mercury ingress to Pisces,low,astrology,swisseph,Mercury: Aquarius -> Pisces
2005-02-18T13:31:56+00:00,Sun ingress to Pisces,high,astrology,swisseph,Sun: Aquarius -> Pisces
2005-02-18T17:12:39+00:00,Moon ingress to Cancer,medium,astrology,swisseph,Moon: Gemini -> Cancer
2005-02-21T05:54:29+00:00,Moon ingress to Leo,medium,astrology,swisseph,Moon: Cancer -> Leo
2005-02-23T17:44:11+00:00,Moon ingress to Virgo,medium,astrology,swisseph,Moon: Leo -> Virgo
2005-02-26T03:58:40+00:00,Moon ingress to Libra,medium,astrology,swisseph,Moon: Virgo -> Libra
2005-02-26T15:07:07+00:00,Venus ingress to Pisces,low,astrology,swisseph,Venus: Aquarius -> Pisces
2005-02-28T12:20:32+00:00,Moon ingress to Scorpio,medium,astrology,swisseph,Moon: Libra -> Scorpio
2005-03-02T18:29:26+00:00,Moon ingress to Sagittarius,medium,astrology,swisseph,Moon: Scorpio -> Sagittarius
2005-03-04T22:11:34+00:00,Moon ingress to Capricorn,medium,astrology,swisseph,Moon: Sagittarius -> Capricorn
2005-03-05T01:33:52+00:00,Mercury ingress to Aries,low,astrology,swisseph,Mercury: Pisces -> Aries
2005-03-06T23:49:16+00:00,Moon ingress to Aquarius,medium,astrology,swisseph,Moon: Capricorn -> Aquarius
2005-03-09T00:32:25+00:00,Moon ingress to Pisces,medium,astrology,swisseph,Moon: Aquarius -> Pisces
2005-03-11T02:03:00+00:00,Moon ingress to Aries,medium,astrology,swisseph,Moon: Pisces -> Aries
2005-03-13T06:05:02+00:00,Moon ingress to Taurus,medium,astrology,swisseph,Moon: Aries -> Taurus
2005-03-15T13:44:09+00:00,Moon ingress to Gemini,medium,astrology,swisseph,Moon: Taurus -> Gemini
2005-03-18T00:43:49+00:00,Moon ingress to Cancer,medium,astrology,swisseph,Moon: Gemini -> Cancer
2005-03-20T12:33:25+00:00,Sun ingress to Aries,high,astrology,swisseph,Sun: Pisces -> Aries
2005-03-20T13:17:13+00:00,Moon ingress to Leo,medium,astrology,swisseph,Moon: Cancer -> Leo
2005-03-20T18:01:44+00:00,Mars ingress to Aquarius,medium,astrology,swisseph,Mars: Capricorn -> Aquarius
2005-03-22T16:24:53+00:00,Venus ingress to Aries,low,astrology,swisseph,Venus: Pisces -> Aries
2005-03-23T01:10:19+00:00,Moon ingress to Virgo,medium,astrology,swisseph,Moon: Leo -> Virgo
2005-03-25T10:59:46+00:00,Moon ingress to Libra,medium,astrology,swisseph,Moon: Virgo -> Libra
2005-03-27T18:28:59+00:00,Moon ingress to Scorpio,medium,astrology,swisseph,Moon: Libra -> Scorpio
2005-03-29T23:56:30+00:00,Moon ingress to Sagittarius,medium,astrology,swisseph,Moon: Scorpio -> Sagittarius
2005-04-01T03:47:56+00:00,Moon ingress to Capricorn,medium,astrology,swisseph,Moon: Sagittarius -> Capricorn
2005-04-03T06:31:07+00:00,Moon ingress to Aquarius,medium,astrology,swisseph,Moon: Capricorn -> Aquarius
2005-04-05T08:45:15+00:00,Moon ingress to Pisces,medium,astrology,swisseph,Moon: Aquarius -> Pisces
2005-04-07T11:27:51+00:00,Moon ingress to Aries,medium,astrology,swisseph,Moon: Pisces -> Aries
2005-04-09T15:49:42+00:00,Moon ingress to Taurus,medium,astrology,swisseph,Moon: Aries -> Taurus
2005-04-11T22:54:31+00:00,Moon ingress to Gemini,medium,astrology,swisseph,Moon: Taurus -> Gemini
2005-04-14T09:03:14+00:00,Moon ingress to Cancer,medium,astrology,swisseph,Moon: Gemini -> Cancer
2005-04-15T20:36:53+00:00,Venus ingress to Taurus,low,astrology,swisseph,Venus: Aries -> Taurus
2005-04-16T21:17:11+00:00,Moon ingress to Leo,medium,astrology,swisseph,Moon: Cancer -> Leo
2005-04-19T09:27:03+00:00,Moon ingress to Virgo,medium,astrology,swisseph,Moon: Leo -> Virgo
2005-04-19T23:37:14+00:00,Sun ingress to Taurus,high,astrology,swisseph,Sun: Aries -> Taurus
2005-04-21T19:27:05+00:00,Moon ingress to Libra,medium,astrology,swisseph,Moon: Virgo -> Libra
2005-04-24T02:25:11+00:00,Moon ingress to Scorpio,medium,astrology,swisseph,Moon: Libra -> Scorpio
2005-04-26T06:45:48+00:00,Moon ingress to Sagittarius,medium,astrology,swisseph,Moon: Scorpio -> Sagittarius
2005-04-28T09:32:34+00:00,Moon ingress to Capricorn,medium,astrology,swisseph,Moon: Sagittarius -> Capricorn
2005-04-30T11:53:42+00:00,Moon ingress to Aquarius,medium,astrology,swisseph,Moon: Capricorn -> Aquarius
2005-05-01T02:57:51+00:00,Mars ingress to Pisces,medium,astrology,swisseph,Mars: Aquarius -> Pisces
2005-05-02T14:42:44+00:00,Moon ingress to Pisces,medium,astrology,swisseph,Moon: Aquarius -> Pisces
2005-05-04T18:35:45+00:00,Moon ingress to Aries,medium,astrology,swisseph,Moon: Pisces -> Aries
2005-05-07T00:01:06+00:00,Moon ingress to Taurus,medium,astrology,swisseph,Moon: Aries -> Taurus
2005-05-09T07:28:36+00:00,Moon ingress to Gemini,medium,astrology,swisseph,Moon: Taurus -> Gemini
2005-05-10T04:14:18+00:00,Venus ingress to Gemini,low,astrology,swisseph,Venus: Taurus -> Gemini
2005-05-11T17:20:25+00:00,Moon ingress to Cancer,medium,astrology,swisseph,Moon: Gemini -> Cancer
2005-05-12T09:13:31+00:00,Mercury ingress to Taurus,low,astrology,swisseph,Mercury: Aries -> Taurus
2005-05-14T05:17:03+00:00,Moon ingress to Leo,medium,astrology,swisseph,Moon: Cancer -> Leo
2005-05-16T17:46:20+00:00,Moon ingress to Virgo,medium,astrology,swisseph,Moon: Leo -> Virgo
2005-05-19T04:29:54+00:00,Moon ingress to Libra,medium,astrology,swisseph,Moon: Virgo -> Libra
2005-05-20T22:47:24+00:00,Sun ingress to Gemini,high,astrology,swisseph,Sun: Taurus -> Gemini
2005-05-21T11:48:39+00:00,Moon ingress to Scorpio,medium,astrology,swisseph,Moon: Libra -> Scorpio
2005-05-23T15:38:04+00:00,Moon ingress to Sagittarius,medium,astrology,swisseph,Moon: Scorpio -> Sagittarius
2005-05-25T17:10:38+00:00,Moon ingress to Capricorn,medium,astrology,swisseph,Moon: Sagittarius -> Capricorn
2005-05-27T18:09:34+00:00,Moon ingress to Aquarius,medium,astrology,swisseph,Moon: Capricorn -> Aquarius
2005-05-28T10:44:02+00:00,Mercury ingress to Gemini,low,astrology,swisseph,Mercury: Taurus -> Gemini
2005-05-29T20:09:06+00:00,Moon ingress to Pisces,medium,astrology,swisseph,Moon: Aquarius -> Pisces
2005-06-01T00:07:33+00:00,Moon ingress to Aries,medium,astrology,swisseph,Moon: Pisces -> Aries
2005-06-03T06:19:41+00:00,Moon ingress to Taurus,medium,astrology,swisseph,Moon: Aries -> Taurus
2005-06-03T15:17:43+00:00,Venus ingress to Cancer,low,astrology,swisseph,Venus: Gemini -> Cancer
2005-06-05T14:35:36+00:00,Moon ingress to Gemini,medium,astrology,swisseph,Moon: Taurus -> Gemini
2005-06-08T00:46:19+00:00,Moon ingress to Cancer,medium,astrology,swisseph,Moon: Gemini -> Cancer
2005-06-10T12:39:27+00:00,Moon ingress to Leo,medium,astrology,swisseph,Moon: Cancer -> Leo
2005-06-11T07:02:41+00:00,Mercury ingress to Cancer,low,astrology,swisseph,Mercury: Gemini -> Cancer
2005-06-12T02:29:43+00:00,Mars ingress to Aries,medium,astrology,swisseph,Mars: Pisces -> Aries
2005-06-13T01:21:56+00:00,Moon ingress to Virgo,medium,astrology,swisseph,Moon: Leo -> Virgo
2005-06-15T12:58:43+00:00,Moon ingress to Libra,medium,astrology,swisseph,Moon: Virgo -> Libra
2005-06-17T21:23:31+00:00,Moon ingress to Scorpio,medium,astrology,swisseph,Moon: Libra -> Scorpio
2005-06-20T01:44:51+00:00,Moon ingress to Sagittarius,medium,astrology,swisseph,Moon: Scorpio -> Sagittarius
2005-06-21T06:46:08+00:00,Sun ingress to Cancer,high,astrology,swisseph,Sun: Gemini -> Cancer
2005-06-22T02:51:52+00:00,Moon ingress to Capricorn,medium,astrology,swisseph,Moon: Sagittarius -> Capricorn
2005-06-24T02:36:10+00:00,Moon ingress to Aquarius,medium,astrology,swisseph,Moon: Capricorn -> Aquarius
2005-06-26T03:02:45+00:00,Moon ingress to Pisces,medium,astrology,swisseph,Moon: Aquarius -> Pisces
2005-06-28T04:01:19+00:00,Mercury ingress to Leo,low,astrology,swisseph,Mercury: Cancer -> Leo
2005-06-28T05:51:08+00:00,Moon ingress to Aries,medium,astrology,swisseph,Moon: Pisces -> Aries
2005-06-28T05:53:08+00:00,Venus ingress to Leo,low,astrology,swisseph,Venus: Cancer -> Leo
2005-06-30T11:44:49+00:00,Moon ingress to Taurus,medium,astrology,swisseph,Moon: Aries -> Taurus
2005-07-02T20:25:43+00:00,Moon ingress to Gemini,medium,astrology,swisseph,Moon: Taurus -> Gemini
2005-07-05T07:07:22+00:00,Moon ingress to Cancer,medium,astrology,swisseph,Moon: Gemini -> Cancer
2005-07-07T19:10:57+00:00,Moon ingress to Leo,medium,astrology,swisseph,Moon: Cancer -> Leo
2005-07-10T07:57:13+00:00,Moon ingress to Virgo,medium,astrology,swisseph,Moon: Leo -> Virgo
2005-07-12T20:09:05+00:00,Moon ingress to Libra,medium,astrology,swisseph,Moon: Virgo -> Libra
2005-07-15T05:50:45+00:00,Moon ingress to Scorpio,medium,astrology,swisseph,Moon: Libra -> Scorpio
2005-07-16T12:30:08+00:00,Saturn ingress to Leo,high,astrology,swisseph,Saturn: Cancer -> Leo
2005-07-17T11:34:52+00:00,Moon ingress to Sagittarius,medium,astrology,swisseph,Moon: Scorpio -> Sagittarius
2005-07-19T13:26:06+00:00,Moon ingress to Capricorn,medium,astrology,swisseph,Moon: Sagittarius -> Capricorn
2005-07-21T12:54:56+00:00,Moon ingress to Aquarius,medium,astrology,swisseph,Moon: Capricorn -> Aquarius
2005-07-22T17:40:42+00:00,Sun ingress to Leo,high,astrology,swisseph,Sun: Cancer -> Leo
2005-07-23T01:01:02+00:00,Venus ingress to Virgo,low,astrology,swisseph,Venus: Leo -> Virgo
2005-07-23T12:11:28+00:00,Moon ingress to Pisces,medium,astrology,swisseph,Moon: Aquarius -> Pisces
2005-07-25T13:22:31+00:00,Moon ingress to Aries,medium,astrology,swisseph,Moon: Pisces -> Aries
2005-07-27T17:54:24+00:00,Moon ingress to Taurus,medium,astrology,swisseph,Moon: Aries -> Taurus
2005-07-28T05:12:06+00:00,Mars ingress to Taurus,medium,astrology,swisseph,Mars: Aries -> Taurus
2005-07-30T02:02:04+00:00,Moon ingress to Gemini,medium,astrology,swisseph,Moon: Taurus -> Gemini
2005-08-01T12:52:23+00:00,Moon ingress to Cancer,medium,astrology,swisseph,Moon: Gemini -> Cancer
2005-08-04T01:09:42+00:00,Moon ingress to Leo,medium,astrology,swisseph,Moon: Cancer -> Leo
2005-08-06T13:53:48+00:00,Moon ingress to Virgo,medium,astrology,swisseph,Moon: Leo -> Virgo
2005-08-09T02:08:27+00:00,Moon ingress to Libra,medium,astrology,swisseph,Moon: Virgo -> Libra
2005-08-11T12:34:40+00:00,Moon ingress to Scorpio,medium,astrology,swisseph,Moon: Libra -> Scorpio
2005-08-13T19:47:23+00:00,Moon ingress to Sagittarius,medium,astrology,swisseph,Moon: Scorpio -> Sagittarius
2005-08-15T23:12:48+00:00,Moon ingress to Capricorn,medium,astrology,swisseph,Moon: Sagittarius -> Capricorn
2005-08-17T03:04:44+00:00,Venus ingress to Libra,low,astrology,swisseph,Venus: Virgo -> Libra
2005-08-17T23:38:40+00:00,Moon ingress to Aquarius,medium,astrology,swisseph,Moon: Capricorn -> Aquarius
2005-08-19T22:52:14+00:00,Moon ingress to Pisces,medium,astrology,swisseph,Moon: Aquarius -> Pisces
2005-08-21T23:01:04+00:00,Moon ingress to Aries,medium,astrology,swisseph,Moon: Pisces -> Aries
2005-08-23T00:45:27+00:00,Sun ingress to Virgo,high,astrology,swisseph,Sun: Leo -> Virgo
2005-08-24T01:57:34+00:00,Moon ingress to Taurus,medium,astrology,swisseph,Moon: Aries -> Taurus
2005-08-26T08:42:32+00:00,Moon ingress to Gemini,medium,astrology,swisseph,Moon: Taurus -> Gemini
2005-08-28T18:56:55+00:00,Moon ingress to Cancer,medium,astrology,swisseph,Moon: Gemini -> Cancer
2005-08-31T07:14:15+00:00,Moon ingress to Leo,medium,astrology,swisseph,Moon: Cancer -> Leo
2005-09-02T19:56:10+00:00,Moon ingress to Virgo,medium,astrology,swisseph,Moon: Leo -> Virgo
2005-09-04T17:52:27+00:00,Mercury ingress to Virgo,low,astrology,swisseph,Mercury: Leo -> Virgo
2005-09-05T07:51:46+00:00,Moon ingress to Libra,medium,astrology,swisseph,Moon: Virgo -> Libra
2005-09-07T18:10:04+00:00,Moon ingress to Scorpio,medium,astrology,swisseph,Moon: Libra -> Scorpio
2005-09-10T02:02:46+00:00,Moon ingress to Sagittarius,medium,astrology,swisseph,Moon: Scorpio -> Sagittarius
2005-09-11T16:14:04+00:00,Venus ingress to Scorpio,low,astrology,swisseph,Venus: Libra -> Scorpio
2005-09-12T06:56:33+00:00,Moon ingress to Capricorn,medium,astrology,swisseph,Moon: Sagittarius -> Capricorn
2005-09-14T09:02:19+00:00,Moon ingress to Aquarius,medium,astrology,swisseph,Moon: Capricorn -> Aquarius
2005-09-16T09:24:20+00:00,Moon ingress to Pisces,medium,astrology,swisseph,Moon: Aquarius -> Pisces
2005-09-18T09:42:49+00:00,Moon ingress to Aries,medium,astrology,swisseph,Moon: Pisces -> Aries
2005-09-20T11:47:23+00:00,Moon ingress to Taurus,medium,astrology,swisseph,Moon: Aries -> Taurus
2005-09-20T16:39:43+00:00,Mercury ingress to Libra,low,astrology,swisseph,Mercury: Virgo -> Libra
2005-09-22T17:06:35+00:00,Moon ingress to Gemini,medium,astrology,swisseph,Moon: Taurus -> Gemini
2005-09-22T22:23:09+00:00,Sun ingress to Libra,high,astrology,swisseph,Sun: Virgo -> Libra
2005-09-25T02:10:24+00:00,Moon ingress to Cancer,medium,astrology,swisseph,Moon: Gemini -> Cancer
2005-09-27T14:02:38+00:00,Moon ingress to Leo,medium,astrology,swisseph,Moon: Cancer -> Leo
2005-09-30T02:44:14+00:00,Moon ingress to Virgo,medium,astrology,swisseph,Moon: Leo -> Virgo
2005-10-02T14:23:54+00:00,Moon ingress to Libra,medium,astrology,swisseph,Moon: Virgo -> Libra
2005-10-05T00:03:08+00:00,Moon ingress to Scorpio,medium,astrology,swisseph,Moon: Libra -> Scorpio
2005-10-07T07:27:55+00:00,Moon ingress to Sagittarius,medium,astrology,swisseph,Moon: Scorpio -> Sagittarius
2005-10-08T01:00:06+00:00,Venus ingress to Sagittarius,low,astrology,swisseph,Venus: Scorpio -> Sagittarius
2005-10-08T17:14:36+00:00,Mercury ingress to Scorpio,low,astrology,swisseph,Mercury: Libra -> Scorpio
2005-10-09T12:43:28+00:00,Moon ingress to Capricorn,medium,astrology,swisseph,Moon: Sagittarius -> Capricorn
2005-10-11T16:05:15+00:00,Moon ingress to Aquarius,medium,astrology,swisseph,Moon: Capricorn -> Aquarius
2005-10-13T18:05:13+00:00,Moon ingress to Pisces,medium,astrology,swisseph,Moon: Aquarius -> Pisces
2005-10-15T19:39:06+00:00,Moon ingress to Aries,medium,astrology,swisseph,Moon: Pisces -> Aries
2005-10-17T22:04:01+00:00,Moon ingress to Taurus,medium,astrology,swisseph,Moon: Aries -> Taurus
2005-10-20T02:44:10+00:00,Moon ingress to Gemini,medium,astrology,swisseph,Moon: Taurus -> Gemini
2005-10-22T10:40:54+00:00,Moon ingress to Cancer,medium,astrology,swisseph,Moon: Gemini -> Cancer
2005-10-23T07:42:19+00:00,Sun ingress to Scorpio,high,astrology,swisseph,Sun: Libra -> Scorpio
2005-10-24T21:48:31+00:00,Moon ingress to Leo,medium,astrology,swisseph,Moon: Cancer -> Leo
2005-10-26T02:51:56+00:00,Jupiter ingress to Scorpio,medium,astrology,swisseph,Jupiter: Libra -> Scorpio
2005-10-27T10:28:15+00:00,Moon ingress to Virgo,medium,astrology,swisseph,Moon: Leo -> Virgo
2005-10-29T22:15:04+00:00,Moon ingress to Libra,medium,astrology,swisseph,Moon: Virgo -> Libra
2005-10-30T09:02:02+00:00,Mercury ingress to Sagittarius,low,astrology,swisseph,Mercury: Scorpio -> Sagittarius
2005-11-01T07:28:56+00:00,Moon ingress to Scorpio,medium,astrology,swisseph,Moon: Libra -> Scorpio
2005-11-03T13:55:11+00:00,Moon ingress to Sagittarius,medium,astrology,swisseph,Moon: Scorpio -> Sagittarius
2005-11-05T08:10:31+00:00,Venus ingress to Capricorn,low,astrology,swisseph,Venus: Sagittarius -> Capricorn
2005-11-05T18:16:46+00:00,Moon ingress to Capricorn,medium,astrology,swisseph,Moon: Sagittarius -> Capricorn
2005-11-07T21:30:51+00:00,Moon ingress to Aquarius,medium,astrology,swisseph,Moon: Capricorn -> Aquarius
2005-11-10T00:22:29+00:00,Moon ingress to Pisces,medium,astrology,swisseph,Moon: Aquarius -> Pisces
2005-11-12T03:22:22+00:00,Moon ingress to Aries,medium,astrology,swisseph,Moon: Pisces -> Aries
2005-11-14T07:02:18+00:00,Moon ingress to Taurus,medium,astrology,swisseph,Moon: Aries -> Taurus
2005-11-16T12:09:54+00:00,Moon ingress to Gemini,medium,astrology,swisseph,Moon: Taurus -> Gemini
2005-11-18T19:42:26+00:00,Moon ingress to Cancer,medium,astrology,swisseph,Moon: Gemini -> Cancer
2005-11-21T06:09:43+00:00,Moon ingress to Leo,medium,astrology,swisseph,Moon: Cancer -> Leo
2005-11-22T05:14:58+00:00,Sun ingress to Sagittarius,high,astrology,swisseph,Sun: Scorpio -> Sagittarius
2005-11-23T18:41:26+00:00,Moon ingress to Virgo,medium,astrology,swisseph,Moon: Leo -> Virgo
2005-11-26T06:57:46+00:00,Moon ingress to Libra,medium,astrology,swisseph,Moon: Virgo -> Libra
2005-11-26T11:53:19+00:00,Mercury ingress to Scorpio,low,astrology,swisseph,Mercury: Sagittarius -> Scorpio
2005-11-28T16:32:53+00:00,Moon ingress to Scorpio,medium,astrology,swisseph,Moon: Libra -> Scorpio
2005-11-30T22:32:16+00:00,Moon ingress to Sagittarius,medium,astrology,swisseph,Moon: Scorpio -> Sagittarius
2005-12-03T01:41:59+00:00,Moon ingress to Capricorn,medium,astrology,swisseph,Moon: Sagittarius -> Capricorn
2005-12-05T03:36:00+00:00,Moon ingress to Aquarius,medium,astrology,swisseph,Moon: Capricorn -> Aquarius
2005-12-07T05:44:18+00:00,Moon ingress to Pisces,medium,astrology,swisseph,Moon: Aquarius -> Pisces
2005-12-09T09:01:56+00:00,Moon ingress to Aries,medium,astrology,swisseph,Moon: Pisces -> Aries
2005-12-11T13:45:45+00:00,Moon ingress to Taurus,medium,astrology,swisseph,Moon: Aries -> Taurus
2005-12-12T21:19:15+00:00,Mercury ingress to Sagittarius,low,astrology,swisseph,Mercury: Scorpio -> Sagittarius
2005-12-13T19:59:24+00:00,Moon ingress to Gemini,medium,astrology,swisseph,Moon: Taurus -> Gemini
2005-12-15T15:57:38+00:00,Venus ingress to Aquarius,low,astrology,swisseph,Venus: Capricorn -> Aquarius
2005-12-16T04:01:09+00:00,Moon ingress to Cancer,medium,astrology,swisseph,Moon: Gemini -> Cancer
2005-12-18T14:17:58+00:00,Moon ingress to Leo,medium,astrology,swisseph,Moon: Cancer -> Leo
2005-12-21T02:38:48+00:00,Moon ingress to Virgo,medium,astrology,swisseph,Moon: Leo -> Virgo
2005-12-21T18:34:57+00:00,Sun ingress to Capricorn,high,astrology,swisseph,Sun: Sagittarius -> Capricorn
2005-12-23T15:26:15+00:00,Moon ingress to Libra,medium,astrology,swisseph,Moon: Virgo -> Libra
2005-12-26T02:03:40+00:00,Moon ingress to Scorpio,medium,astrology,swisseph,Moon: Libra -> Scorpio
2005-12-28T08:43:34+00:00,Moon ingress to Sagittarius,medium,astrology,swisseph,Moon: Scorpio -> Sagittarius
2005-12-30T11:35:09+00:00,Moon ingress to Capricorn,medium,astrology,swisseph,Moon: Sagittarius -> Capricorn
2006-01-01T12:14:26+00:00,Moon ingress to Aquarius,medium,astrology,swisseph,Moon: Capricorn -> Aquarius
2006-01-01T20:17:31+00:00,Venus ingress to Capricorn,low,astrology,swisseph,Venus: Aquarius -> Capricorn
2006-01-03T12:43:31+00:00,Moon ingress to Pisces,medium,astrology,swisseph,Moon: Aquarius -> Pisces
2006-01-03T21:26:12+00:00,Mercury ingress to Capricorn,low,astrology,swisseph,Mercury: Sagittarius -> Capricorn
2006-01-05T14:44:13+00:00,Moon ingress to Aries,medium,astrology,swisseph,Moon: Pisces -> Aries
2006-01-07T19:09:05+00:00,Moon ingress to Taurus,medium,astrology,swisseph,Moon: Aries -> Taurus
2006-01-10T01:58:28+00:00,Moon ingress to Gemini,medium,astrology,swisseph,Moon: Taurus -> Gemini
2006-01-12T10:49:59+00:00,Moon ingress to Cancer,medium,astrology,swisseph,Moon: Gemini -> Cancer
2006-01-14T21:30:39+00:00,Moon ingress to Leo,medium,astrology,swisseph,Moon: Cancer -> Leo
2006-01-17T09:48:48+00:00,Moon ingress to Virgo,medium,astrology,swisseph,Moon: Leo -> Virgo
2006-01-19T22:48:51+00:00,Moon ingress to Libra,medium,astrology,swisseph,Moon: Virgo -> Libra
2006-01-20T05:15:18+00:00,Sun ingress to Aquarius,high,astrology,swisseph,Sun: Capricorn -> Aquarius
2006-01-22T10:28:30+00:00,Moon ingress to Scorpio,medium,astrology,swisseph,Moon: Libra -> Scorpio
2006-01-22T20:41:28+00:00,Mercury ingress to Aquarius,low,astrology,swisseph,Mercury: Capricorn -> Aquarius
2006-01-24T18:37:38+00:00,Moon ingress to Sagittarius,medium,astrology,swisseph,Moon: Scorpio -> Sagittarius
2006-01-26T22:31:05+00:00,Moon ingress to Capricorn,medium,astrology,swisseph,Moon: Sagittarius -> Capricorn
2006-01-28T23:09:21+00:00,Moon ingress to Aquarius,medium,astrology,swisseph,Moon: Capricorn -> Aquarius
2006-01-30T22:31:48+00:00,Moon ingress to Pisces,medium,astrology,swisseph,Moon: Aquarius -> Pisces
2006-02-01T22:45:53+00:00,Moon ingress to Aries,medium,astrology,swisseph,Moon: Pisces -> Aries
2006-02-04T01:31:06+00:00,Moon ingress to Taurus,medium,astrology,swisseph,Moon: Aries -> Taurus
2006-02-06T07:32:17+00:00,Moon ingress to Gemini,medium,astrology,swisseph,Moon: Taurus -> Gemini
2006-02-08T16:33:23+00:00,Moon ingress to Cancer,medium,astrology,swisseph,Moon: Gemini -> Cancer
2006-02-09T01:21:39+00:00,Mercury ingress to Pisces,low,astrology,swisseph,Mercury: Aquarius -> Pisces
2006-02-11T03:44:07+00:00,Moon ingress to Leo,medium,astrology,swisseph,Moon: Cancer -> Leo
2006-02-13T16:13:27+00:00,Moon ingress to Virgo,medium,astrology,swisseph,Moon: Leo -> Virgo
2006-02-16T05:08:53+00:00,Moon ingress to Libra,medium,astrology,swisseph,Moon: Virgo -> Libra
2006-02-17T22:43:50+00:00,Mars ingress to Gemini,medium,astrology,swisseph,Mars: Taurus -> Gemini
2006-02-18T17:11:18+00:00,Moon ingress to Scorpio,medium,astrology,swisseph,Moon: Libra -> Scorpio
2006-02-18T19:25:35+00:00,Sun ingress to Pisces,high,astrology,swisseph,Sun: Aquarius -> Pisces
2006-02-21T02:37:46+00:00,Moon ingress to Sagittarius,medium,astrology,swisseph,Moon: Scorpio -> Sagittarius
2006-02-23T08:16:03+00:00,Moon ingress to Capricorn,medium,astrology,swisseph,Moon: Sagittarius -> Capricorn
2006-02-25T10:14:28+00:00,Moon ingress to Aquarius,medium,astrology,swisseph,Moon: Capricorn -> Aquarius
2006-02-27T09:55:46+00:00,Moon ingress to Pisces,medium,astrology,swisseph,Moon: Aquarius -> Pisces
2006-03-01T09:18:32+00:00,Moon ingress to Aries,medium,astrology,swisseph,Moon: Pisces -> Aries
2006-03-03T10:22:08+00:00,Moon ingress to Taurus,medium,astrology,swisseph,Moon: Aries -> Taurus
2006-03-05T08:38:57+00:00,Venus ingress to Aquarius,low,astrology,swisseph,Venus: Capricorn -> Aquarius
2006-03-05T14:37:34+00:00,Moon ingress to Gemini,medium,astrology,swisseph,Moon: Taurus -> Gemini
2006-03-07T22:37:39+00:00,Moon ingress to Cancer,medium,astrology,swisseph,Moon: Gemini -> Cancer
2006-03-10T09:42:13+00:00,Moon ingress to Leo,medium,astrology,swisseph,Moon: Cancer -> Leo
2006-03-12T22:23:31+00:00,Moon ingress to Virgo,medium,astrology,swisseph,Moon: Leo -> Virgo
2006-03-15T11:12:31+00:00,Moon ingress to Libra,medium,astrology,swisseph,Moon: Virgo -> Libra
2006-03-17T22:58:58+00:00,Moon ingress to Scorpio,medium,astrology,swisseph,Moon: Libra -> Scorpio
2006-03-20T08:43:07+00:00,Moon ingress to Sagittarius,medium,astrology,swisseph,Moon: Scorpio -> Sagittarius
2006-03-20T18:25:34+00:00,Sun ingress to Aries,high,astrology,swisseph,Sun: Pisces -> Aries
2006-03-22T15:35:57+00:00,Moon ingress to Capricorn,medium,astrology,swisseph,Moon: Sagittarius -> Capricorn
2006-03-24T19:20:59+00:00,Moon ingress to Aquarius,medium,astrology,swisseph,Moon: Capricorn -> Aquarius
2006-03-26T20:32:41+00:00,Moon ingress to Pisces,medium,astrology,swisseph,Moon: Aquarius -> Pisces
2006-03-28T20:30:49+00:00,Moon ingress to Aries,medium,astrology,swisseph,Moon: Pisces -> Aries
2006-03-30T21:00:36+00:00,Moon ingress to Taurus,medium,astrology,swisseph,Moon: Aries -> Taurus
2006-04-01T23:49:12+00:00,Moon ingress to Gemini,medium,astrology,swisseph,Moon: Taurus -> Gemini
2006-04-04T06:14:41+00:00,Moon ingress to Cancer,medium,astrology,swisseph,Moon: Gemini -> Cancer
2006-04-06T01:20:40+00:00,Venus ingress to Pisces,low,astrology,swisseph,Venus: Aquarius -> Pisces
2006-04-06T16:25:02+00:00,Moon ingress to Leo,medium,astrology,swisseph,Moon: Cancer -> Leo
2006-04-09T04:58:28+00:00,Moon ingress to Virgo,medium,astrology,swisseph,Moon: Leo -> Virgo
2006-04-11T17:46:37+00:00,Moon ingress to Libra,medium,astrology,swisseph,Moon: Virgo -> Libra
2006-04-14T00:59:00+00:00,Mars ingress to Cancer,medium,astrology,swisseph,Mars: Gemini -> Cancer
2006-04-14T05:08:22+00:00,Moon ingress to Scorpio,medium,astrology,swisseph,Moon: Libra -> Scorpio
2006-04-16T12:19:48+00:00,Mercury ingress to Aries,low,astrology,swisseph,Mercury: Pisces -> Aries
2006-04-16T14:19:28+00:00,Moon ingress to Sagittarius,medium,astrology,swisseph,Moon: Scorpio -> Sagittarius
2006-04-18T21:13:07+00:00,Moon ingress to Capricorn,medium,astrology,swisseph,Moon: Sagittarius -> Capricorn
2006-04-20T05:26:04+00:00,Sun ingress to Taurus,high,astrology,swisseph,Sun: Aries -> Taurus
2006-04-21T01:55:48+00:00,Moon ingress to Aquarius,medium,astrology,swisseph,Moon: Capricorn -> Aquarius
2006-04-23T04:43:18+00:00,Moon ingress to Pisces,medium,astrology,swisseph,Moon: Aquarius -> Pisces
2006-04-25T06:11:54+00:00,Moon ingress to Aries,medium,astrology,swisseph,Moon: Pisces -> Aries
2006-04-27T07:26:46+00:00,Moon ingress to Taurus,medium,astrology,swisseph,Moon: Aries -> Taurus
2006-04-29T09:57:39+00:00,Moon ingress to Gemini,medium,astrology,swisseph,Moon: Taurus -> Gemini
2006-05-01T15:17:13+00:00,Moon ingress to Cancer,medium,astrology,swisseph,Moon: Gemini -> Cancer
2006-05-03T10:24:35+00:00,Venus ingress to Aries,low,astrology,swisseph,Venus: Pisces -> Aries
2006-05-04T00:17:48+00:00,Moon ingress to Leo,medium,astrology,swisseph,Moon: Cancer -> Leo
2006-05-05T08:28:01+00:00,Mercury ingress to Taurus,low,astrology,swisseph,Mercury: Aries -> Taurus
2006-05-06T12:20:01+00:00,Moon ingress to Virgo,medium,astrology,swisseph,Moon: Leo -> Virgo
2006-05-09T01:10:11+00:00,Moon ingress to Libra,medium,astrology,swisseph,Moon: Virgo -> Libra
2006-05-11T12:24:38+00:00,Moon ingress to Scorpio,medium,astrology,swisseph,Moon: Libra -> Scorpio
2006-05-13T20:56:18+00:00,Moon ingress to Sagittarius,medium,astrology,swisseph,Moon: Scorpio -> Sagittarius
2006-05-16T02:58:44+00:00,Moon ingress to Capricorn,medium,astrology,swisseph,Moon: Sagittarius -> Capricorn
2006-05-18T07:19:12+00:00,Moon ingress to Aquarius,medium,astrology,swisseph,Moon: Capricorn -> Aquarius
2006-05-19T20:51:56+00:00,Mercury ingress to Gemini,low,astrology,swisseph,Mercury: Taurus -> Gemini
2006-05-20T10:39:01+00:00,Moon ingress to Pisces,medium,astrology,swisseph,Moon: Aquarius -> Pisces
2006-05-21T04:31:33+00:00,Sun ingress to Gemini,high,astrology,swisseph,Sun: Taurus -> Gemini
2006-05-22T13:23:46+00:00,Moon ingress to Aries,medium,astrology,swisseph,Moon: Pisces -> Aries
2006-05-24T16:00:28+00:00,Moon ingress to Taurus,medium,astrology,swisseph,Moon: Aries -> Taurus
2006-05-26T19:19:04+00:00,Moon ingress to Gemini,medium,astrology,swisseph,Moon: Taurus -> Gemini
2006-05-29T00:33:32+00:00,Moon ingress to Cancer,medium,astrology,swisseph,Moon: Gemini -> Cancer
2006-05-29T12:41:12+00:00,Venus ingress to Taurus,low,astrology,swisseph,Venus: Aries -> Taurus
2006-05-31T08:51:32+00:00,Moon ingress to Leo,medium,astrology,swisseph,Moon: Cancer -> Leo
2006-06-02T20:17:20+00:00,Moon ingress to Virgo,medium,astrology,swisseph,Moon: Leo -> Virgo
2006-06-03T11:21:01+00:00,Mercury ingress to Cancer,low,astrology,swisseph,Mercury: Gemini -> Cancer
2006-06-03T18:43:01+00:00,Mars ingress to Leo,medium,astrology,swisseph,Mars: Cancer -> Leo
2006-06-05T09:08:25+00:00,Moon ingress to Libra,medium,astrology,swisseph,Moon: Virgo -> Libra
2006-06-07T20:41:02+00:00,Moon ingress to Scorpio,medium,astrology,swisseph,Moon: Libra -> Scorpio
2006-06-10T05:05:03+00:00,Moon ingress to Sagittarius,medium,astrology,swisseph,Moon: Scorpio -> Sagittarius
2006-06-12T10:19:02+00:00,Moon ingress to Capricorn,medium,astrology,swisseph,Moon: Sagittarius -> Capricorn
2006-06-14T13:32:11+00:00,Moon ingress to Aquarius,medium,astrology,swisseph,Moon: Capricorn -> Aquarius
2006-06-16T16:05:19+00:00,Moon ingress to Pisces,medium,astrology,swisseph,Moon: Aquarius -> Pisces
2006-06-18T18:53:52+00:00,Moon ingress to Aries,medium,astrology,swisseph,Moon: Pisces -> Aries
2006-06-20T22:22:44+00:00,Moon ingress to Taurus,medium,astrology,swisseph,Moon: Aries -> Taurus
2006-06-21T12:25:52+00:00,Sun ingress to Cancer,high,astrology,swisseph,Sun: Gemini -> Cancer
2006-06-23T02:49:02+00:00,Moon ingress to Gemini,medium,astrology,swisseph,Moon: Taurus -> Gemini
2006-06-24T00:31:06+00:00,Venus ingress to Gemini,low,astrology,swisseph,Venus: Taurus -> Gemini
2006-06-25T08:47:48+00:00,Moon ingress to Cancer,medium,astrology,swisseph,Moon: Gemini -> Cancer
2006-06-27T17:08:42+00:00,Moon ingress to Leo,medium,astrology,swisseph,Moon: Cancer -> Leo
2006-06-28T19:57:12+00:00,Mercury ingress to Leo,low,astrology,swisseph,Mercury: Cancer -> Leo
2006-06-30T04:14:47+00:00,Moon ingress to Virgo,medium,astrology,swisseph,Moon: Leo -> Virgo
2006-07-02T17:05:39+00:00,Moon ingress to Libra,medium,astrology,swisseph,Moon: Virgo -> Libra
2006-07-05T05:13:06+00:00,Moon ingress to Scorpio,medium,astrology,swisseph,Moon: Libra -> Scorpio
2006-07-07T14:13:30+00:00,Moon ingress to Sagittarius,medium,astrology,swisseph,Moon: Scorpio -> Sagittarius
2006-07-09T19:24:49+00:00,Moon ingress to Capricorn,medium,astrology,swisseph,Moon: Sagittarius -> Capricorn
2006-07-10T20:18:07+00:00,Mercury ingress to Cancer,low,astrology,swisseph,Mercury: Leo -> Cancer
2006-07-11T21:46:10+00:00,Moon ingress to Aquarius,medium,astrology,swisseph,Moon: Capricorn -> Aquarius
2006-07-13T22:59:29+00:00,Moon ingress to Pisces,medium,astrology,swisseph,Moon: Aquarius -> Pisces
2006-07-16T00:38:54+00:00,Moon ingress to Aries,medium,astrology,swisseph,Moon: Pisces -> Aries
2006-07-18T03:44:02+00:00,Moon ingress to Taurus,medium,astrology,swisseph,Moon: Aries -> Taurus
2006-07-19T02:41:12+00:00,Venus ingress to Cancer,low,astrology,swisseph,Venus: Gemini -> Cancer
2006-07-20T08:38:02+00:00,Moon ingress to Gemini,medium,astrology,swisseph,Moon: Taurus -> Gemini
2006-07-22T15:27:44+00:00,Moon ingress to Cancer,medium,astrology,swisseph,Moon: Gemini -> Cancer
2006-07-22T18:52:39+00:00,Mars ingress to Virgo,medium,astrology,swisseph,Mars: Leo -> Virgo
2006-07-22T23:17:43+00:00,Sun ingress to Leo,high,astrology,swisseph,Sun: Cancer -> Leo
2006-07-25T00:24:30+00:00,Moon ingress to Leo,medium,astrology,swisseph,Moon: Cancer -> Leo
2006-07-27T11:36:09+00:00,Moon ingress to Virgo,medium,astrology,swisseph,Moon: Leo -> Virgo
2006-07-30T00:27:14+00:00,Moon ingress to Libra,medium,astrology,swisseph,Moon: Virgo -> Libra
2006-08-01T13:07:52+00:00,Moon ingress to Scorpio,medium,astrology,swisseph,Moon: Libra -> Scorpio
2006-08-03T23:13:22+00:00,Moon ingress to Sagittarius,medium,astrology,swisseph,Moon: Scorpio -> Sagittarius
2006-08-06T05:19:28+00:00,Moon ingress to Capricorn,medium,astrology,swisseph,Moon: Sagittarius -> Capricorn
2006-08-08T07:47:24+00:00,Moon ingress to Aquarius,medium,astrology,swisseph,Moon: Capricorn -> Aquarius
2006-08-10T08:10:19+00:00,Moon ingress to Pisces,medium,astrology,swisseph,Moon: Aquarius -> Pisces
2006-08-11T04:09:26+00:00,Mercury ingress to Leo,low,astrology,swisseph,Mercury: Cancer -> Leo
2006-08-12T08:21:39+00:00,Moon ingress to Aries,medium,astrology,swisseph,Moon: Pisces -> Aries
2006-08-12T20:20:43+00:00,Venus ingress to Leo,low,astrology,swisseph,Venus: Cancer -> Leo
2006-08-14T09:59:39+00:00,Moon ingress to Taurus,medium,astrology,swisseph,Moon: Aries -> Taurus
2006-08-16T14:06:59+00:00,Moon ingress to Gemini,medium,astrology,swisseph,Moon: Taurus -> Gemini
2006-08-18T21:02:58+00:00,Moon ingress to Cancer,medium,astrology,swisseph,Moon: Gemini -> Cancer
2006-08-21T06:33:16+00:00,Moon ingress to Leo,medium,astrology,swisseph,Moon: Cancer -> Leo
2006-08-23T06:22:35+00:00,Sun ingress to Virgo,high,astrology,swisseph,Sun: Leo -> Virgo
2006-08-23T18:07:46+00:00,Moon ingress to Virgo,medium,astrology,swisseph,Moon: Leo -> Virgo
2006-08-26T07:01:22+00:00,Moon ingress to Libra,medium,astrology,swisseph,Moon: Virgo -> Libra
2006-08-27T19:30:31+00:00,Mercury ingress to Virgo,low,astrology,swisseph,Mercury: Leo -> Virgo
2006-08-28T19:56:08+00:00,Moon ingress to Scorpio,medium,astrology,swisseph,Moon: Libra -> Scorpio
2006-08-31T06:59:54+00:00,Moon ingress to Sagittarius,medium,astrology,swisseph,Moon: Scorpio -> Sagittarius
2006-09-02T14:34:29+00:00,Moon ingress to Capricorn,medium,astrology,swisseph,Moon: Sagittarius -> Capricorn
2006-09-04T18:14:41+00:00,Moon ingress to Aquarius,medium,astrology,swisseph,Moon: Capricorn -> Aquarius
2006-09-06T06:14:47+00:00,Venus ingress to Virgo,low,astrology,swisseph,Venus: Leo -> Virgo
2006-09-06T18:56:25+00:00,Moon ingress to Pisces,medium,astrology,swisseph,Moon: Aquarius -> Pisces
2006-09-08T04:18:20+00:00,Mars ingress to Libra,medium,astrology,swisseph,Mars: Virgo -> Libra
2006-09-08T18:22:59+00:00,Moon ingress to Aries,medium,astrology,swisseph,Moon: Pisces -> Aries
2006-09-10T18:29:53+00:00,Moon ingress to Taurus,medium,astrology,swisseph,Moon: Aries -> Taurus
2006-09-12T20:59:03+00:00,Moon ingress to Gemini,medium,astrology,swisseph,Moon: Taurus -> Gemini
2006-09-12T21:07:31+00:00,Mercury ingress to Libra,low,astrology,swisseph,Mercury: Virgo -> Libra
2006-09-15T02:53:32+00:00,Moon ingress to Cancer,medium,astrology,swisseph,Moon: Gemini -> Cancer
2006-09-17T12:15:05+00:00,Moon ingress to Leo,medium,astrology,swisseph,Moon: Cancer -> Leo
2006-09-20T00:06:52+00:00,Moon ingress to Virgo,medium,astrology,swisseph,Moon: Leo -> Virgo
2006-09-22T13:06:19+00:00,Moon ingress to Libra,medium,astrology,swisseph,Moon: Virgo -> Libra
2006-09-23T04:03:21+00:00,Sun ingress to Libra,high,astrology,swisseph,Sun: Virgo -> Libra
2006-09-25T01:54:13+00:00,Moon ingress to Scorpio,medium,astrology,swisseph,Moon: Libra -> Scorpio
2006-09-27T13:16:07+00:00,Moon ingress to Sagittarius,medium,astrology,swisseph,Moon: Scorpio -> Sagittarius
2006-09-29T22:01:10+00:00,Moon ingress to Capricorn,medium,astrology,swisseph,Moon: Sagittarius -> Capricorn
2006-09-30T10:01:47+00:00,Venus ingress to Libra,low,astrology,swisseph,Venus: Virgo -> Libra
2006-10-02T03:24:06+00:00,Moon ingress to Aquarius,medium,astrology,swisseph,Moon: Capricorn -> Aquarius
2006-10-02T04:38:04+00:00,Mercury ingress to Scorpio,low,astrology,swisseph,Mercury: Libra -> Scorpio
2006-10-04T05:32:51+00:00,Moon ingress to Pisces,medium,astrology,swisseph,Moon: Aquarius -> Pisces
2006-10-06T05:32:04+00:00,Moon ingress to Aries,medium,astrology,swisseph,Moon: Pisces -> Aries
2006-10-08T05:04:13+00:00,Moon ingress to Taurus,medium,astrology,swisseph,Moon: Aries -> Taurus
2006-10-10T06:06:09+00:00,Moon ingress to Gemini,medium,astrology,swisseph,Moon: Taurus -> Gemini
2006-10-12T10:21:06+00:00,Moon ingress to Cancer,medium,astrology,swisseph,Moon: Gemini -> Cancer
2006-10-14T18:38:02+00:00,Moon ingress to Leo,medium,astrology,swisseph,Moon: Cancer -> Leo
2006-10-17T06:15:37+00:00,Moon ingress to Virgo,medium,astrology,swisseph,Moon: Leo -> Virgo
2006-10-19T19:19:23+00:00,Moon ingress to Libra,medium,astrology,swisseph,Moon: Virgo -> Libra
2006-10-22T07:54:12+00:00,Moon ingress to Scorpio,medium,astrology,swisseph,Moon: Libra -> Scorpio
2006-10-23T13:26:27+00:00,Sun ingress to Scorpio,high,astrology,swisseph,Sun: Libra -> Scorpio
2006-10-23T16:37:56+00:00,Mars ingress to Scorpio,medium,astrology,swisseph,Mars: Libra -> Scorpio
2006-10-24T09:57:34+00:00,Venus ingress to Scorpio,low,astrology,swisseph,Venus: Libra -> Scorpio
2006-10-24T18:53:14+00:00,Moon ingress to Sagittarius,medium,astrology,swisseph,Moon: Scorpio -> Sagittarius
2006-10-27T03:47:06+00:00,Moon ingress to Capricorn,medium,astrology,swisseph,Moon: Sagittarius -> Capricorn
2006-10-29T10:16:41+00:00,Moon ingress to Aquarius,medium,astrology,swisseph,Moon: Capricorn -> Aquarius
2006-10-31T14:10:36+00:00,Moon ingress to Pisces,medium,astrology,swisseph,Moon: Aquarius -> Pisces
2006-11-02T15:46:14+00:00,Moon ingress to Aries,medium,astrology,swisseph,Moon: Pisces -> Aries
2006-11-04T16:04:53+00:00,Moon ingress to Taurus,medium,astrology,swisseph,Moon: Aries -> Taurus
2006-11-06T16:46:15+00:00,Moon ingress to Gemini,medium,astrology,swisseph,Moon: Taurus -> Gemini
2006-11-08T19:45:48+00:00,Moon ingress to Cancer,medium,astrology,swisseph,Moon: Gemini -> Cancer
2006-11-11T02:33:59+00:00,Moon ingress to Leo,medium,astrology,swisseph,Moon: Cancer -> Leo
2006-11-13T13:18:32+00:00,Moon ingress to Virgo,medium,astrology,swisseph,Moon: Leo -> Virgo
2006-11-16T02:14:20+00:00,Moon ingress to Libra,medium,astrology,swisseph,Moon: Virgo -> Libra
2006-11-17T08:02:09+00:00,Venus ingress to Sagittarius,low,astrology,swisseph,Venus: Scorpio -> Sagittarius
2006-11-18T14:46:33+00:00,Moon ingress to Scorpio,medium,astrology,swisseph,Moon: Libra -> Scorpio
2006-11-21T01:15:19+00:00,Moon ingress to Sagittarius,medium,astrology,swisseph,Moon: Scorpio -> Sagittarius
2006-11-22T11:01:45+00:00,Sun ingress to Sagittarius,high,astrology,swisseph,Sun: Scorpio -> Sagittarius
2006-11-23T09:25:15+00:00,Moon ingress to Capricorn,medium,astrology,swisseph,Moon: Sagittarius -> Capricorn
2006-11-24T04:43:18+00:00,Jupiter ingress to Sagittarius,medium,astrology,swisseph,Jupiter: Scorpio -> Sagittarius
2006-11-25T15:40:49+00:00,Moon ingress to Aquarius,medium,astrology,swisseph,Moon: Capricorn -> Aquarius
2006-11-27T20:20:38+00:00,Moon ingress to Pisces,medium,astrology,swisseph,Moon: Aquarius -> Pisces
2006-11-29T23:29:52+00:00,Moon ingress to Aries,medium,astrology,swisseph,Moon: Pisces -> Aries
2006-12-02T01:26:09+00:00,Moon ingress to Taurus,medium,astrology,swisseph,Moon: Aries -> Taurus
2006-12-04T03:05:18+00:00,Moon ingress to Gemini,medium,astrology,swisseph,Moon: Taurus -> Gemini
2006-12-06T04:58:18+00:00,Mars ingress to Sagittarius,medium,astrology,swisseph,Mars: Scorpio -> Sagittarius
2006-12-06T06:00:27+00:00,Moon ingress to Cancer,medium,astrology,swisseph,Moon: Gemini -> Cancer
2006-12-08T05:51:32+00:00,Mercury ingress to Sagittarius,low,astrology,swisseph,Mercury: Scorpio -> Sagittarius
2006-12-08T11:51:50+00:00,Moon ingress to Leo,medium,astrology,swisseph,Moon: Cancer -> Leo
2006-12-10T21:31:02+00:00,Moon ingress to Virgo,medium,astrology,swisseph,Moon: Leo -> Virgo
2006-12-11T05:33:11+00:00,Venus ingress to Capricorn,low,astrology,swisseph,Venus: Sagittarius -> Capricorn
2006-12-13T10:00:28+00:00,Moon ingress to Libra,medium,astrology,swisseph,Moon: Virgo -> Libra
2006-12-15T22:42:31+00:00,Moon ingress to Scorpio,medium,astrology,swisseph,Moon: Libra -> Scorpio
2006-12-18T09:10:20+00:00,Moon ingress to Sagittarius,medium,astrology,swisseph,Moon: Scorpio -> Sagittarius
2006-12-20T16:38:53+00:00,Moon ingress to Capricorn,medium,astrology,swisseph,Moon: Sagittarius -> Capricorn
2006-12-22T00:22:06+00:00,Sun ingress to Capricorn,high,astrology,swisseph,Sun: Sagittarius -> Capricorn
2006-12-22T21:48:51+00:00,Moon ingress to Aquarius,medium,astrology,swisseph,Moon: Capricorn -> Aquarius
2006-12-25T01:43:09+00:00,Moon ingress to Pisces,medium,astrology,swisseph,Moon: Aquarius -> Pisces
2006-12-27T05:03:53+00:00,Moon ingress to Aries,medium,astrology,swisseph,Moon: Pisces -> Aries
2006-12-27T20:54:37+00:00,Mercury ingress to Capricorn,low,astrology,swisseph,Mercury: Sagittarius -> Capricorn
2006-12-29T08:08:24+00:00,Moon ingress to Taurus,medium,astrology,swisseph,Moon: Aries -> Taurus
2006-12-31T11:15:55+00:00,Moon ingress to Gemini,medium,astrology,swisseph,Moon: Taurus -> Gemini
2007-01-02T15:13:41+00:00,Moon ingress to Cancer,medium,astrology,swisseph,Moon: Gemini -> Cancer
2007-01-04T03:31:13+00:00,Venus ingress to Aquarius,low,astrology,swisseph,Venus: Capricorn -> Aquarius
2007-01-04T21:14:13+00:00,Moon ingress to Leo,medium,astrology,swisseph,Moon: Cancer -> Leo
2007-01-07T06:18:14+00:00,Moon ingress to Virgo,medium,astrology,swisseph,Moon: Leo -> Virgo
2007-01-09T18:15:06+00:00,Moon ingress to Libra,medium,astrology,swisseph,Moon: Virgo -> Libra
2007-01-12T07:07:37+00:00,Moon ingress to Scorpio,medium,astrology,swisseph,Moon: Libra -> Scorpio
2007-01-14T18:11:09+00:00,Moon ingress to Sagittarius,medium,astrology,swisseph,Moon: Scorpio -> Sagittarius
2007-01-15T09:24:36+00:00,Mercury ingress to Aquarius,low,astrology,swisseph,Mercury: Capricorn -> Aquarius
2007-01-16T20:54:05+00:00,Mars ingress to Capricorn,medium,astrology,swisseph,Mars: Sagittarius -> Capricorn
2007-01-17T01:49:14+00:00,Moon ingress to Capricorn,medium,astrology,swisseph,Moon: Sagittarius -> Capricorn
2007-01-19T06:15:38+00:00,Moon ingress to Aquarius,medium,astrology,swisseph,Moon: Capricorn -> Aquarius
2007-01-20T11:00:50+00:00,Sun ingress to Aquarius,high,astrology,swisseph,Sun: Capricorn -> Aquarius
2007-01-21T08:48:11+00:00,Moon ingress to Pisces,medium,astrology,swisseph,Moon: Aquarius -> Pisces
2007-01-23T10:52:08+00:00,Moon ingress to Aries,medium,astrology,swisseph,Moon: Pisces -> Aries
2007-01-25T13:28:26+00:00,Moon ingress to Taurus,medium,astrology,swisseph,Moon: Aries -> Taurus
2007-01-27T17:09:43+00:00,Moon ingress to Gemini,medium,astrology,swisseph,Moon: Taurus -> Gemini
2007-01-28T03:32:10+00:00,Venus ingress to Pisces,low,astrology,swisseph,Venus: Aquarius -> Pisces
2007-01-29T22:16:20+00:00,Moon ingress to Cancer,medium,astrology,swisseph,Moon: Gemini -> Cancer
2007-02-01T05:14:34+00:00,Moon ingress to Leo,medium,astrology,swisseph,Moon: Cancer -> Leo
2007-02-02T09:19:56+00:00,Mercury ingress to Pisces,low,astrology,swisseph,Mercury: Aquarius -> Pisces
2007-02-03T14:33:48+00:00,Moon ingress to Virgo,medium,astrology,swisseph,Moon: Leo -> Virgo
2007-02-06T02:15:00+00:00,Moon ingress to Libra,medium,astrology,swisseph,Moon: Virgo -> Libra
2007-02-08T15:09:29+00:00,Moon ingress to Scorpio,medium,astrology,swisseph,Moon: Libra -> Scorpio
2007-02-11T03:01:02+00:00,Moon ingress to Sagittarius,medium,astrology,swisseph,Moon: Scorpio -> Sagittarius
2007-02-13T11:42:14+00:00,Moon ingress to Capricorn,medium,astrology,swisseph,Moon: Sagittarius -> Capricorn
2007-02-15T16:34:25+00:00,Moon ingress to Aquarius,medium,astrology,swisseph,Moon: Capricorn -> Aquarius
2007-02-17T18:29:56+00:00,Moon ingress to Pisces,medium,astrology,swisseph,Moon: Aquarius -> Pisces
2007-02-19T01:08:56+00:00,Sun ingress to Pisces,high,astrology,swisseph,Sun: Aquarius -> Pisces
2007-02-19T19:05:54+00:00,Moon ingress to Aries,medium,astrology,swisseph,Moon: Pisces -> Aries
2007-02-21T08:21:25+00:00,Venus ingress to Aries,low,astrology,swisseph,Venus: Pisces -> Aries
2007-02-21T20:03:11+00:00,Moon ingress to Taurus,medium,astrology,swisseph,Moon: Aries -> Taurus
2007-02-23T22:41:55+00:00,Moon ingress to Gemini,medium,astrology,swisseph,Moon: Taurus -> Gemini
2007-02-26T01:32:21+00:00,Mars ingress to Aquarius,medium,astrology,swisseph,Mars: Capricorn -> Aquarius
2007-02-26T03:47:38+00:00,Moon ingress to Cancer,medium,astrology,swisseph,Moon: Gemini -> Cancer
2007-02-27T03:00:30+00:00,Mercury ingress to Aquarius,low,astrology,swisseph,Mercury: Pisces -> Aquarius
2007-02-28T11:29:29+00:00,Moon ingress to Leo,medium,astrology,swisseph,Moon: Cancer -> Leo
2007-03-02T21:31:54+00:00,Moon ingress to Virgo,medium,astrology,swisseph,Moon: Leo -> Virgo
2007-03-05T09:24:57+00:00,Moon ingress to Libra,medium,astrology,swisseph,Moon: Virgo -> Libra
2007-03-07T22:16:33+00:00,Moon ingress to Scorpio,medium,astrology,swisseph,Moon: Libra -> Scorpio
2007-03-10T10:37:03+00:00,Moon ingress to Sagittarius,medium,astrology,swisseph,Moon: Scorpio -> Sagittarius
2007-03-12T20:34:35+00:00,Moon ingress to Capricorn,medium,astrology,swisseph,Moon: Sagittarius -> Capricorn
2007-03-15T02:51:50+00:00,Moon ingress to Aquarius,medium,astrology,swisseph,Moon: Capricorn -> Aquarius
2007-03-17T05:30:08+00:00,Moon ingress to Pisces,medium,astrology,swisseph,Moon: Aquarius -> Pisces
2007-03-17T22:00:29+00:00,Venus ingress to Taurus,low,astrology,swisseph,Venus: Aries -> Taurus
2007-03-18T09:34:39+00:00,Mercury ingress to Pisces,low,astrology,swisseph,Mercury: Aquarius -> Pisces
2007-03-19T05:41:35+00:00,Moon ingress to Aries,medium,astrology,swisseph,Moon: Pisces -> Aries
2007-03-21T00:07:25+00:00,Sun ingress to Aries,high,astrology,swisseph,Sun: Pisces -> Aries
2007-03-21T05:15:16+00:00,Moon ingress to Taurus,medium,astrology,swisseph,Moon: Aries -> Taurus
2007-03-23T06:06:23+00:00,Moon ingress to Gemini,medium,astrology,swisseph,Moon: Taurus -> Gemini
2007-03-25T09:48:45+00:00,Moon ingress to Cancer,medium,astrology,swisseph,Moon: Gemini -> Cancer
2007-03-27T17:04:20+00:00,Moon ingress to Leo,medium,astrology,swisseph,Moon: Cancer -> Leo
2007-03-30T03:26:48+00:00,Moon ingress to Virgo,medium,astrology,swisseph,Moon: Leo -> Virgo
2007-04-01T15:43:12+00:00,Moon ingress to Libra,medium,astrology,swisseph,Moon: Virgo -> Libra
2007-04-04T04:35:39+00:00,Moon ingress to Scorpio,medium,astrology,swisseph,Moon: Libra -> Scorpio
2007-04-06T08:49:25+00:00,Mars ingress to Pisces,medium,astrology,swisseph,Mars: Aquarius -> Pisces
2007-04-06T16:56:36+00:00,Moon ingress to Sagittarius,medium,astrology,swisseph,Moon: Scorpio -> Sagittarius
2007-04-09T03:36:06+00:00,Moon ingress to Capricorn,medium,astrology,swisseph,Moon: Sagittarius -> Capricorn
2007-04-10T23:07:04+00:00,Mercury ingress to Aries,low,astrology,swisseph,Mercury: Pisces -> Aries
2007-04-11T11:23:04+00:00,Moon ingress to Aquarius,medium,astrology,swisseph,Moon: Capricorn -> Aquarius
2007-04-12T02:14:50+00:00,Venus ingress to Gemini,low,astrology,swisseph,Venus: Taurus -> Gemini
2007-04-13T15:38:37+00:00,Moon ingress to Pisces,medium,astrology,swisseph,Moon: Aquarius -> Pisces
2007-04-15T16:46:35+00:00,Moon ingress to Aries,medium,astrology,swisseph,Moon: Pisces -> Aries
2007-04-17T16:10:54+00:00,Moon ingress to Taurus,medium,astrology,swisseph,Moon: Aries -> Taurus
2007-04-19T15:50:45+00:00,Moon ingress to Gemini,medium,astrology,swisseph,Moon: Taurus -> Gemini
2007-04-20T11:07:03+00:00,Sun ingress to Taurus,high,astrology,swisseph,Sun: Aries -> Taurus
2007-04-21T17:49:57+00:00,Moon ingress to Cancer,medium,astrology,swisseph,Moon: Gemini -> Cancer
2007-04-23T23:37:55+00:00,Moon ingress to Leo,medium,astrology,swisseph,Moon: Cancer -> Leo
2007-04-26T09:23:55+00:00,Moon ingress to Virgo,medium,astrology,swisseph,Moon: Leo -> Virgo
2007-04-27T07:16:02+00:00,Mercury ingress to Taurus,low,astrology,swisseph,Mercury: Aries -> Taurus
2007-04-28T21:44:39+00:00,Moon ingress to Libra,medium,astrology,swisseph,Moon: Virgo -> Libra
2007-05-01T10:41:03+00:00,Moon ingress to Scorpio,medium,astrology,swisseph,Moon: Libra -> Scorpio
2007-05-03T22:47:40+00:00,Moon ingress to Sagittarius,medium,astrology,swisseph,Moon: Scorpio -> Sagittarius
2007-05-06T09:21:04+00:00,Moon ingress to Capricorn,medium,astrology,swisseph,Moon: Sagittarius -> Capricorn
2007-05-08T07:27:59+00:00,Venus ingress to Cancer,low,astrology,swisseph,Venus: Gemini -> Cancer
2007-05-08T17:47:48+00:00,Moon ingress to Aquarius,medium,astrology,swisseph,Moon: Capricorn -> Aquarius
2007-05-10T23:31:31+00:00,Moon ingress to Pisces,medium,astrology,swisseph,Moon: Aquarius -> Pisces
2007-05-11T09:16:45+00:00,Mercury ingress to Gemini,low,astrology,swisseph,Mercury: Taurus -> Gemini
2007-05-13T02:18:40+00:00,Moon ingress to Aries,medium,astrology,swisseph,Moon: Pisces -> Aries
2007-05-15T02:48:22+00:00,Moon ingress to Taurus,medium,astrology,swisseph,Moon: Aries -> Taurus
2007-05-15T14:06:14+00:00,Mars ingress to Aries,medium,astrology,swisseph,Mars: Pisces -> Aries
2007-05-17T02:33:43+00:00,Moon ingress to Gemini,medium,astrology,swisseph,Moon: Taurus -> Gemini
2007-05-19T03:37:49+00:00,Moon ingress to Cancer,medium,astrology,swisseph,Moon: Gemini -> Cancer
2007-05-21T07:56:32+00:00,Moon ingress to Leo,medium,astrology,swisseph,Moon: Cancer -> Leo
2007-05-21T10:11:56+00:00,Sun ingress to Gemini,high,astrology,swisseph,Sun: Taurus -> Gemini
2007-05-23T16:26:09+00:00,Moon ingress to Virgo,medium,astrology,swisseph,Moon: Leo -> Virgo
2007-05-26T04:16:12+00:00,Moon ingress to Libra,medium,astrology,swisseph,Moon: Virgo -> Libra
2007-05-28T17:11:17+00:00,Moon ingress to Scorpio,medium,astrology,swisseph,Moon: Libra -> Scorpio
2007-05-29T00:55:47+00:00,Mercury ingress to Cancer,low,astrology,swisseph,Mercury: Gemini -> Cancer
2007-05-31T05:06:41+00:00,Moon ingress to Sagittarius,medium,astrology,swisseph,Moon: Scorpio -> Sagittarius
2007-06-02T15:09:15+00:00,Moon ingress to Capricorn,medium,astrology,swisseph,Moon: Sagittarius -> Capricorn
2007-06-04T23:15:10+00:00,Moon ingress to Aquarius,medium,astrology,swisseph,Moon: Capricorn -> Aquarius
2007-06-05T17:59:12+00:00,Venus ingress to Leo,low,astrology,swisseph,Venus: Cancer -> Leo
2007-06-07T05:24:01+00:00,Moon ingress to Pisces,medium,astrology,swisseph,Moon: Aquarius -> Pisces
2007-06-09T09:26:14+00:00,Moon ingress to Aries,medium,astrology,swisseph,Moon: Pisces -> Aries
2007-06-11T11:28:59+00:00,Moon ingress to Taurus,medium,astrology,swisseph,Moon: Aries -> Taurus
2007-06-13T12:23:39+00:00,Moon ingress to Gemini,medium,astrology,swisseph,Moon: Taurus -> Gemini
2007-06-15T13:45:05+00:00,Moon ingress to Cancer,medium,astrology,swisseph,Moon: Gemini -> Cancer
2007-06-17T17:24:53+00:00,Moon ingress to Leo,medium,astrology,swisseph,Moon: Cancer -> Leo
2007-06-20T00:45:36+00:00,Moon ingress to Virgo,medium,astrology,swisseph,Moon: Leo -> Virgo
2007-06-21T18:06:26+00:00,Sun ingress to Cancer,high,astrology,swisseph,Sun: Gemini -> Cancer
2007-06-22T11:43:29+00:00,Moon ingress to Libra,medium,astrology,swisseph,Moon: Virgo -> Libra
2007-06-24T21:26:41+00:00,Mars ingress to Taurus,medium,astrology,swisseph,Mars: Aries -> Taurus
2007-06-25T00:26:29+00:00,Moon ingress to Scorpio,medium,astrology,swisseph,Moon: Libra -> Scorpio
2007-06-27T12:23:34+00:00,Moon ingress to Sagittarius,medium,astrology,swisseph,Moon: Scorpio -> Sagittarius
2007-06-29T22:04:53+00:00,Moon ingress to Capricorn,medium,astrology,swisseph,Moon: Sagittarius -> Capricorn
2007-07-02T05:23:52+00:00,Moon ingress to Aquarius,medium,astrology,swisseph,Moon: Capricorn -> Aquarius
2007-07-04T10:52:01+00:00,Moon ingress to Pisces,medium,astrology,swisseph,Moon: Aquarius -> Pisces
2007-07-06T14:56:38+00:00,Moon ingress to Aries,medium,astrology,swisseph,Moon: Pisces -> Aries
2007-07-08T17:53:54+00:00,Moon ingress to Taurus,medium,astrology,swisseph,Moon: Aries -> Taurus
2007-07-10T20:09:46+00:00,Moon ingress to Gemini,medium,astrology,swisseph,Moon: Taurus -> Gemini
2007-07-12T22:39:21+00:00,Moon ingress to Cancer,medium,astrology,swisseph,Moon: Gemini -> Cancer
2007-07-14T18:23:28+00:00,Venus ingress to Virgo,low,astrology,swisseph,Venus: Leo -> Virgo
2007-07-15T02:43:23+00:00,Moon ingress to Leo,medium,astrology,swisseph,Moon: Cancer -> Leo
2007-07-17T09:39:16+00:00,Moon ingress to Virgo,medium,astrology,swisseph,Moon: Leo -> Virgo
2007-07-19T19:53:26+00:00,Moon ingress to Libra,medium,astrology,swisseph,Moon: Virgo -> Libra
2007-07-22T08:17:57+00:00,Moon ingress to Scorpio,medium,astrology,swisseph,Moon: Libra -> Scorpio
2007-07-23T05:00:10+00:00,Sun ingress to Leo,high,astrology,swisseph,Sun: Cancer -> Leo
2007-07-24T20:29:26+00:00,Moon ingress to Sagittarius,medium,astrology,swisseph,Moon: Scorpio -> Sagittarius
2007-07-27T06:21:19+00:00,Moon ingress to Capricorn,medium,astrology,swisseph,Moon: Sagittarius -> Capricorn
2007-07-29T13:13:37+00:00,Moon ingress to Aquarius,medium,astrology,swisseph,Moon: Capricorn -> Aquarius
2007-07-31T17:40:29+00:00,Moon ingress to Pisces,medium,astrology,swisseph,Moon: Aquarius -> Pisces
2007-08-02T20:42:50+00:00,Moon ingress to Aries,medium,astrology,swisseph,Moon: Pisces -> Aries
2007-08-04T17:14:54+00:00,Mercury ingress to Leo,low,astrology,swisseph,Mercury: Cancer -> Leo
2007-08-04T23:15:51+00:00,Moon ingress to Taurus,medium,astrology,swisseph,Moon: Aries -> Taurus
2007-08-07T02:01:21+00:00,Moon ingress to Gemini,medium,astrology,swisseph,Moon: Taurus -> Gemini
2007-08-07T06:01:12+00:00,Mars ingress to Gemini,medium,astrology,swisseph,Mars: Taurus -> Gemini
2007-08-09T01:09:58+00:00,Venus ingress to Leo,low,astrology,swisseph,Venus: Virgo -> Leo
2007-08-09T05:36:02+00:00,Moon ingress to Cancer,medium,astrology,swisseph,Moon: Gemini -> Cancer
2007-08-11T10:41:43+00:00,Moon ingress to Leo,medium,astrology,swisseph,Moon: Cancer -> Leo
2007-08-13T18:02:48+00:00,Moon ingress to Virgo,medium,astrology,swisseph,Moon: Leo -> Virgo
2007-08-16T04:03:52+00:00,Moon ingress to Libra,medium,astrology,swisseph,Moon: Virgo -> Libra
2007-08-18T16:13:12+00:00,Moon ingress to Scorpio,medium,astrology,swisseph,Moon: Libra -> Scorpio
2007-08-19T13:00:46+00:00,Mercury ingress to Virgo,low,astrology,swisseph,Mercury: Leo -> Virgo
2007-08-21T04:44:11+00:00,Moon ingress to Sagittarius,medium,astrology,swisseph,Moon: Scorpio -> Sagittarius
2007-08-23T12:07:58+00:00,Sun ingress to Virgo,high,astrology,swisseph,Sun: Leo -> Virgo
2007-08-23T15:19:45+00:00,Moon ingress to Capricorn,medium,astrology,swisseph,Moon: Sagittarius -> Capricorn
2007-08-25T22:35:02+00:00,Moon ingress to Aquarius,medium,astrology,swisseph,Moon: Capricorn -> Aquarius
2007-08-28T02:34:16+00:00,Moon ingress to Pisces,medium,astrology,swisseph,Moon: Aquarius -> Pisces
2007-08-30T04:24:36+00:00,Moon ingress to Aries,medium,astrology,swisseph,Moon: Pisces -> Aries
2007-09-01T05:35:25+00:00,Moon ingress to Taurus,medium,astrology,swisseph,Moon: Aries -> Taurus
2007-09-02T13:48:46+00:00,Saturn ingress to Virgo,high,astrology,swisseph,Saturn: Leo -> Virgo
2007-09-03T07:29:48+00:00,Moon ingress to Gemini,medium,astrology,swisseph,Moon: Taurus -> Gemini
2007-09-05T11:07:45+00:00,Moon ingress to Cancer,medium,astrology,swisseph,Moon: Gemini -> Cancer
2007-09-05T12:02:18+00:00,Mercury ingress to Libra,low,astrology,swisseph,Mercury: Virgo -> Libra
2007-09-07T16:59:13+00:00,Moon ingress to Leo,medium,astrology,swisseph,Moon: Cancer -> Leo
2007-09-10T01:09:53+00:00,Moon ingress to Virgo,medium,astrology,swisseph,Moon: Leo -> Virgo
2007-09-12T11:31:14+00:00,Moon ingress to Libra,medium,astrology,swisseph,Moon: Virgo -> Libra
2007-09-14T23:36:50+00:00,Moon ingress to Scorpio,medium,astrology,swisseph,Moon: Libra -> Scorpio
2007-09-17T12:20:46+00:00,Moon ingress to Sagittarius,medium,astrology,swisseph,Moon: Scorpio -> Sagittarius
2007-09-19T23:51:38+00:00,Moon ingress to Capricorn,medium,astrology,swisseph,Moon: Sagittarius -> Capricorn
2007-09-22T08:18:10+00:00,Moon ingress to Aquarius,medium,astrology,swisseph,Moon: Capricorn -> Aquarius
2007-09-23T09:51:14+00:00,Sun ingress to Libra,high,astrology,swisseph,Sun: Virgo -> Libra
2007-09-24T12:55:07+00:00,Moon ingress to Pisces,medium,astrology,swisseph,Moon: Aquarius -> Pisces
2007-09-26T14:22:29+00:00,Moon ingress to Aries,medium,astrology,swisseph,Moon: Pisces -> Aries
2007-09-27T17:17:31+00:00,Mercury ingress to Scorpio,low,astrology,swisseph,Mercury: Libra -> Scorpio
2007-09-28T14:16:46+00:00,Moon ingress to Taurus,medium,astrology,swisseph,Moon: Aries -> Taurus
2007-09-28T23:54:36+00:00,Mars ingress to Cancer,medium,astrology,swisseph,Mars: Gemini -> Cancer
2007-09-30T14:33:46+00:00,Moon ingress to Gemini,medium,astrology,swisseph,Moon: Taurus -> Gemini
2007-10-02T16:56:53+00:00,Moon ingress to Cancer,medium,astrology,swisseph,Moon: Gemini -> Cancer
2007-10-04T22:26:56+00:00,Moon ingress to Leo,medium,astrology,swisseph,Moon: Cancer -> Leo
2007-10-07T07:03:04+00:00,Moon ingress to Virgo,medium,astrology,swisseph,Moon: Leo -> Virgo
2007-10-08T06:52:57+00:00,Venus ingress to Virgo,low,astrology,swisseph,Venus: Leo -> Virgo
2007-10-09T17:57:30+00:00,Moon ingress to Libra,medium,astrology,swisseph,Moon: Virgo -> Libra
2007-10-12T06:13:21+00:00,Moon ingress to Scorpio,medium,astrology,swisseph,Moon: Libra -> Scorpio
2007-10-14T18:58:16+00:00,Moon ingress to Sagittarius,medium,astrology,swisseph,Moon: Scorpio -> Sagittarius
2007-10-17T07:03:06+00:00,Moon ingress to Capricorn,medium,astrology,swisseph,Moon: Sagittarius -> Capricorn
2007-10-19T16:51:45+00:00,Moon ingress to Aquarius,medium,astrology,swisseph,Moon: Capricorn -> Aquarius
2007-10-21T23:02:22+00:00,Moon ingress to Pisces,medium,astrology,swisseph,Moon: Aquarius -> Pisces
2007-10-23T19:15:22+00:00,Sun ingress to Scorpio,high,astrology,swisseph,Sun: Libra -> Scorpio
2007-10-24T01:24:03+00:00,Moon ingress to Aries,medium,astrology,swisseph,Moon: Pisces -> Aries
2007-10-24T03:36:28+00:00,Mercury ingress to Libra,low,astrology,swisseph,Mercury: Scorpio -> Libra
2007-10-26T01:06:54+00:00,Moon ingress to Taurus,medium,astrology,swisseph,Moon: Aries -> Taurus
2007-10-28T00:11:10+00:00,Moon ingress to Gemini,medium,astrology,swisseph,Moon: Taurus -> Gemini
2007-10-30T00:49:25+00:00,Moon ingress to Cancer,medium,astrology,swisseph,Moon: Gemini -> Cancer
2007-11-01T04:48:13+00:00,Moon ingress to Leo,medium,astrology,swisseph,Moon: Cancer -> Leo
2007-11-03T12:44:36+00:00,Moon ingress to Virgo,medium,astrology,swisseph,Moon: Leo -> Virgo
2007-11-05T23:47:07+00:00,Moon ingress to Libra,medium,astrology,swisseph,Moon: Virgo -> Libra
2007-11-08T12:18:08+00:00,Moon ingress to Scorpio,medium,astrology,swisseph,Moon: Libra -> Scorpio
2007-11-08T21:05:01+00:00,Venus ingress to Libra,low,astrology,swisseph,Venus: Virgo -> Libra
2007-11-11T00:58:46+00:00,Moon ingress to Sagittarius,medium,astrology,swisseph,Moon: Scorpio -> Sagittarius
2007-11-11T08:40:43+00:00,Mercury ingress to Scorpio,low,astrology,swisseph,Mercury: Libra -> Scorpio
2007-11-13T13:00:27+00:00,Moon ingress to Capricorn,medium,astrology,swisseph,Moon: Sagittarius -> Capricorn
2007-11-15T23:29:46+00:00,Moon ingress to Aquarius,medium,astrology,swisseph,Moon: Capricorn -> Aquarius
2007-11-18T07:14:29+00:00,Moon ingress to Pisces,medium,astrology,swisseph,Moon: Aquarius -> Pisces
2007-11-20T11:24:11+00:00,Moon ingress to Aries,medium,astrology,swisseph,Moon: Pisces -> Aries
2007-11-22T12:18:28+00:00,Moon ingress to Taurus,medium,astrology,swisseph,Moon: Aries -> Taurus
2007-11-22T16:49:53+00:00,Sun ingress to Sagittarius,high,astrology,swisseph,Sun: Scorpio -> Sagittarius
2007-11-24T11:29:02+00:00,Moon ingress to Gemini,medium,astrology,swisseph,Moon: Taurus -> Gemini
2007-11-26T11:06:51+00:00,Moon ingress to Cancer,medium,astrology,swisseph,Moon: Gemini -> Cancer
2007-11-28T13:23:21+00:00,Moon ingress to Leo,medium,astrology,swisseph,Moon: Cancer -> Leo
2007-11-30T19:44:13+00:00,Moon ingress to Virgo,medium,astrology,swisseph,Moon: Leo -> Virgo
2007-12-01T12:20:44+00:00,Mercury ingress to Sagittarius,low,astrology,swisseph,Mercury: Scorpio -> Sagittarius
2007-12-03T06:00:59+00:00,Moon ingress to Libra,medium,astrology,swisseph,Moon: Virgo -> Libra
2007-12-05T13:28:49+00:00,Venus ingress to Scorpio,low,astrology,swisseph,Venus: Libra -> Scorpio
2007-12-05T18:30:42+00:00,Moon ingress to Scorpio,medium,astrology,swisseph,Moon: Libra -> Scorpio
2007-12-08T07:11:02+00:00,Moon ingress to Sagittarius,medium,astrology,swisseph,Moon: Scorpio -> Sagittarius
2007-12-10T18:50:33+00:00,Moon ingress to Capricorn,medium,astrology,swisseph,Moon: Sagittarius -> Capricorn
2007-12-13T05:01:13+00:00,Moon ingress to Aquarius,medium,astrology,swisseph,Moon: Capricorn -> Aquarius
2007-12-15T13:14:59+00:00,Moon ingress to Pisces,medium,astrology,swisseph,Moon: Aquarius -> Pisces
2007-12-17T18:52:30+00:00,Moon ingress to Aries,medium,astrology,swisseph,Moon: Pisces -> Aries
2007-12-18T20:11:32+00:00,Jupiter ingress to Capricorn,medium,astrology,swisseph,Jupiter: Sagittarius -> Capricorn
2007-12-19T21:38:04+00:00,Moon ingress to Taurus,medium,astrology,swisseph,Moon: Aries -> Taurus
2007-12-20T14:42:40+00:00,Mercury ingress to Capricorn,low,astrology,swisseph,Mercury: Sagittarius -> Capricorn
2007-12-21T22:14:10+00:00,Moon ingress to Gemini,medium,astrology,swisseph,Moon: Taurus -> Gemini
2007-12-22T06:07:48+00:00,Sun ingress to Capricorn,high,astrology,swisseph,Sun: Sagittarius -> Capricorn
2007-12-23T22:18:01+00:00,Moon ingress to Cancer,medium,astrology,swisseph,Moon: Gemini -> Cancer
2007-12-25T23:51:57+00:00,Moon ingress to Leo,medium,astrology,swisseph,Moon: Cancer -> Leo
2007-12-28T04:43:55+00:00,Moon ingress to Virgo,medium,astrology,swisseph,Moon: Leo -> Virgo
2007-12-30T13:37:16+00:00,Moon ingress to Libra,medium,astrology,swisseph,Moon: Virgo -> Libra
2007-12-30T18:01:59+00:00,Venus ingress to Sagittarius,low,astrology,swisseph,Venus: Scorpio -> Sagittarius
2007-12-31T16:00:23+00:00,Mars ingress to Gemini,medium,astrology,swisseph,Mars: Cancer -> Gemini
2008-01-02T01:32:04+00:00,Moon ingress to Scorpio,medium,astrology,swisseph,Moon: Libra -> Scorpio
2008-01-04T14:13:22+00:00,Moon ingress to Sagittarius,medium,astrology,swisseph,Moon: Scorpio -> Sagittarius
2008-01-07T01:42:56+00:00,Moon ingress to Capricorn,medium,astrology,swisseph,Moon: Sagittarius -> Capricorn
2008-01-08T04:45:42+00:00,Mercury ingress to Aquarius,low,astrology,swisseph,Mercury: Capricorn -> Aquarius
2008-01-09T11:13:05+00:00,Moon ingress to Aquarius,medium,astrology,swisseph,Moon: Capricorn -> Aquarius
2008-01-11T18:44:08+00:00,Moon ingress to Pisces,medium,astrology,swisseph,Moon: Aquarius -> Pisces
2008-01-14T00:23:12+00:00,Moon ingress to Aries,medium,astrology,swisseph,Moon: Pisces -> Aries
2008-01-16T04:12:47+00:00,Moon ingress to Taurus,medium,astrology,swisseph,Moon: Aries -> Taurus
2008-01-18T06:29:49+00:00,Moon ingress to Gemini,medium,astrology,swisseph,Moon: Taurus -> Gemini
2008-01-20T08:04:46+00:00,Moon ingress to Cancer,medium,astrology,swisseph,Moon: Gemini -> Cancer
2008-01-20T16:43:32+00:00,Sun ingress to Aquarius,high,astrology,swisseph,Sun: Capricorn -> Aquarius
2008-01-22T10:20:00+00:00,Moon ingress to Leo,medium,astrology,swisseph,Moon: Cancer -> Leo
2008-01-24T08:05:59+00:00,Venus ingress to Capricorn,low,astrology,swisseph,Venus: Sagittarius -> Capricorn
2008-01-24T14:48:06+00:00,Moon ingress to Virgo,medium,astrology,swisseph,Moon: Leo -> Virgo
2008-01-26T02:40:12+00:00,Pluto ingress to Capricorn,high,astrology,swisseph,Pluto: Sagittarius -> Capricorn
2008-01-26T22:35:04+00:00,Moon ingress to Libra,medium,astrology,swisseph,Moon: Virgo -> Libra
2008-01-29T09:34:55+00:00,Moon ingress to Scorpio,medium,astrology,swisseph,Moon: Libra -> Scorpio
2008-01-31T22:08:05+00:00,Moon ingress to Sagittarius,medium,astrology,swisseph,Moon: Scorpio -> Sagittarius
2008-02-03T09:51:57+00:00,Moon ingress to Capricorn,medium,astrology,swisseph,Moon: Sagittarius -> Capricorn
2008-02-05T19:09:48+00:00,Moon ingress to Aquarius,medium,astrology,swisseph,Moon: Capricorn -> Aquarius
2008-02-08T01:46:02+00:00,Moon ingress to Pisces,medium,astrology,swisseph,Moon: Aquarius -> Pisces
2008-02-10T06:17:20+00:00,Moon ingress to Aries,medium,astrology,swisseph,Moon: Pisces -> Aries
2008-02-12T09:33:45+00:00,Moon ingress to Taurus,medium,astrology,swisseph,Moon: Aries -> Taurus
2008-02-14T12:19:22+00:00,Moon ingress to Gemini,medium,astrology,swisseph,Moon: Taurus -> Gemini
2008-02-16T15:11:50+00:00,Moon ingress to Cancer,medium,astrology,swisseph,Moon: Gemini -> Cancer
2008-02-17T16:22:10+00:00,Venus ingress to Aquarius,low,astrology,swisseph,Venus: Capricorn -> Aquarius
2008-02-18T18:51:23+00:00,Moon ingress to Leo,medium,astrology,swisseph,Moon: Cancer -> Leo
2008-02-19T06:49:33+00:00,Sun ingress to Pisces,high,astrology,swisseph,Sun: Aquarius -> Pisces
2008-02-21T00:06:20+00:00,Moon ingress to Virgo,medium,astrology,swisseph,Moon: Leo -> Virgo
2008-02-23T07:44:34+00:00,Moon ingress to Libra,medium,astrology,swisseph,Moon: Virgo -> Libra
2008-02-25T18:05:36+00:00,Moon ingress to Scorpio,medium,astrology,swisseph,Moon: Libra -> Scorpio
2008-02-28T06:22:13+00:00,Moon ingress to Sagittarius,medium,astrology,swisseph,Moon: Scorpio -> Sagittarius
2008-03-01T18:33:02+00:00,Moon ingress to Capricorn,medium,astrology,swisseph,Moon: Sagittarius -> Capricorn
2008-03-04T04:24:29+00:00,Moon ingress to Aquarius,medium,astrology,swisseph,Moon: Capricorn -> Aquarius
2008-03-04T10:01:20+00:00,Mars ingress to Cancer,medium,astrology,swisseph,Mars: Gemini -> Cancer
2008-03-06T10:52:49+00:00,Moon ingress to Pisces,medium,astrology,swisseph,Moon: Aquarius -> Pisces
2008-03-08T14:23:05+00:00,Moon ingress to Aries,medium,astrology,swisseph,Moon: Pisces -> Aries
2008-03-10T16:13:34+00:00,Moon ingress to Taurus,medium,astrology,swisseph,Moon: Aries -> Taurus
2008-03-12T17:54:15+00:00,Moon ingress to Gemini,medium,astrology,swisseph,Moon: Taurus -> Gemini
2008-03-12T22:51:05+00:00,Venus ingress to Pisces,low,astrology,swisseph,Venus: Aquarius -> Pisces
2008-03-14T20:37:33+00:00,Moon ingress to Cancer,medium,astrology,swisseph,Moon: Gemini -> Cancer
2008-03-14T22:45:59+00:00,Mercury ingress to Pisces,low,astrology,swisseph,Mercury: Aquarius -> Pisces
2008-03-17T01:03:39+00:00,Moon ingress to Leo,medium,astrology,swisseph,Moon: Cancer -> Leo
2008-03-19T07:25:04+00:00,Moon ingress to Virgo,medium,astrology,swisseph,Moon: Leo -> Virgo
2008-03-20T05:48:17+00:00,Sun ingress to Aries,high,astrology,swisseph,Sun: Pisces -> Aries
2008-03-21T15:44:58+00:00,Moon ingress to Libra,medium,astrology,swisseph,Moon: Virgo -> Libra
2008-03-24T02:06:19+00:00,Moon ingress to Scorpio,medium,astrology,swisseph,Moon: Libra -> Scorpio
2008-03-26T14:10:47+00:00,Moon ingress to Sagittarius,medium,astrology,swisseph,Moon: Scorpio -> Sagittarius
2008-03-29T02:42:56+00:00,Moon ingress to Capricorn,medium,astrology,swisseph,Moon: Sagittarius -> Capricorn
2008-03-31T13:34:03+00:00,Moon ingress to Aquarius,medium,astrology,swisseph,Moon: Capricorn -> Aquarius
2008-04-02T17:44:36+00:00,Mercury ingress to Aries,low,astrology,swisseph,Mercury: Pisces -> Aries
2008-04-02T20:55:07+00:00,Moon ingress to Pisces,medium,astrology,swisseph,Moon: Aquarius -> Pisces
2008-04-05T00:27:06+00:00,Moon ingress to Aries,medium,astrology,swisseph,Moon: Pisces -> Aries
2008-04-06T05:35:17+00:00,Venus ingress to Aries,low,astrology,swisseph,Venus: Pisces -> Aries
2008-04-07T01:19:37+00:00,Moon ingress to Taurus,medium,astrology,swisseph,Moon: Aries -> Taurus
2008-04-09T01:26:44+00:00,Moon ingress to Gemini,medium,astrology,swisseph,Moon: Taurus -> Gemini
2008-04-11T02:43:01+00:00,Moon ingress to Cancer,medium,astrology,swisseph,Moon: Gemini -> Cancer
2008-04-13T06:28:41+00:00,Moon ingress to Leo,medium,astrology,swisseph,Moon: Cancer -> Leo
2008-04-15T13:06:33+00:00,Moon ingress to Virgo,medium,astrology,swisseph,Moon: Leo -> Virgo
2008-04-17T21:06:58+00:00,Mercury ingress to Taurus,low,astrology,swisseph,Mercury: Aries -> Taurus
2008-04-17T22:10:03+00:00,Moon ingress to Libra,medium,astrology,swisseph,Moon: Virgo -> Libra
2008-04-19T16:51:07+00:00,Sun ingress to Taurus,high,astrology,swisseph,Sun: Aries -> Taurus
2008-04-20T09:00:15+00:00,Moon ingress to Scorpio,medium,astrology,swisseph,Moon: Libra -> Scorpio
2008-04-22T21:07:10+00:00,Moon ingress to Sagittarius,medium,astrology,swisseph,Moon: Scorpio -> Sagittarius
2008-04-25T09:46:40+00:00,Moon ingress to Capricorn,medium,astrology,swisseph,Moon: Sagittarius -> Capricorn
2008-04-27T21:27:10+00:00,Moon ingress to Aquarius,medium,astrology,swisseph,Moon: Capricorn -> Aquarius
2008-04-30T06:10:50+00:00,Moon ingress to Pisces,medium,astrology,swisseph,Moon: Aquarius -> Pisces
2008-04-30T13:34:12+00:00,Venus ingress to Taurus,low,astrology,swisseph,Venus: Aries -> Taurus
2008-05-02T10:50:59+00:00,Moon ingress to Aries,medium,astrology,swisseph,Moon: Pisces -> Aries
2008-05-02T20:00:06+00:00,Mercury ingress to Gemini,low,astrology,swisseph,Mercury: Taurus -> Gemini
2008-05-04T11:58:01+00:00,Moon ingress to Taurus,medium,astrology,swisseph,Moon: Aries -> Taurus
2008-05-06T11:17:21+00:00,Moon ingress to Gemini,medium,astrology,swisseph,Moon: Taurus -> Gemini
2008-05-08T11:01:48+00:00,Moon ingress to Cancer,medium,astrology,swisseph,Moon: Gemini -> Cancer
2008-05-09T20:19:52+00:00,Mars ingress to Leo,medium,astrology,swisseph,Mars: Cancer -> Leo
2008-05-10T13:09:58+00:00,Moon ingress to Leo,medium,astrology,swisseph,Moon: Cancer -> Leo
2008-05-12T18:48:10+00:00,Moon ingress to Virgo,medium,astrology,swisseph,Moon: Leo -> Virgo
2008-05-15T03:46:20+00:00,Moon ingress to Libra,medium,astrology,swisseph,Moon: Virgo -> Libra
2008-05-17T14:59:04+00:00,Moon ingress to Scorpio,medium,astrology,swisseph,Moon: Libra -> Scorpio
2008-05-20T03:18:30+00:00,Moon ingress to Sagittarius,medium,astrology,swisseph,Moon: Scorpio -> Sagittarius
2008-05-20T16:00:53+00:00,Sun ingress to Gemini,high,astrology,swisseph,Sun: Taurus -> Gemini
2008-05-22T15:55:23+00:00,Moon ingress to Capricorn,medium,astrology,swisseph,Moon: Sagittarius -> Capricorn
2008-05-24T22:51:58+00:00,Venus ingress to Gemini,low,astrology,swisseph,Venus: Taurus -> Gemini
2008-05-25T03:51:35+00:00,Moon ingress to Aquarius,medium,astrology,swisseph,Moon: Capricorn -> Aquarius
2008-05-27T13:38:22+00:00,Moon ingress to Pisces,medium,astrology,swisseph,Moon: Aquarius -> Pisces
2008-05-29T19:52:26+00:00,Moon ingress to Aries,medium,astrology,swisseph,Moon: Pisces -> Aries
2008-05-31T22:18:30+00:00,Moon ingress to Taurus,medium,astrology,swisseph,Moon: Aries -> Taurus
2008-06-02T22:05:53+00:00,Moon ingress to Gemini,medium,astrology,swisseph,Moon: Taurus -> Gemini
2008-06-04T21:15:54+00:00,Moon ingress to Cancer,medium,astrology,swisseph,Moon: Gemini -> Cancer
2008-06-06T21:59:59+00:00,Moon ingress to Leo,medium,astrology,swisseph,Moon: Cancer -> Leo
2008-06-09T02:01:09+00:00,Moon ingress to Virgo,medium,astrology,swisseph,Moon: Leo -> Virgo
2008-06-11T09:54:55+00:00,Moon ingress to Libra,medium,astrology,swisseph,Moon: Virgo -> Libra
2008-06-13T20:52:50+00:00,Moon ingress to Scorpio,medium,astrology,swisseph,Moon: Libra -> Scorpio
2008-06-14T05:09:08+00:00,Pluto ingress to Sagittarius,high,astrology,swisseph,Pluto: Capricorn -> Sagittarius
2008-06-16T09:19:29+00:00,Moon ingress to Sagittarius,medium,astrology,swisseph,Moon: Scorpio -> Sagittarius
2008-06-18T08:48:30+00:00,Venus ingress to Cancer,low,astrology,swisseph,Venus: Gemini -> Cancer
2008-06-18T21:51:36+00:00,Moon ingress to Capricorn,medium,astrology,swisseph,Moon: Sagittarius -> Capricorn
2008-06-20T23:59:22+00:00,Sun ingress to Cancer,high,astrology,swisseph,Sun: Gemini -> Cancer
2008-06-21T09:33:29+00:00,Moon ingress to Aquarius,medium,astrology,swisseph,Moon: Capricorn -> Aquarius
2008-06-23T19:32:19+00:00,Moon ingress to Pisces,medium,astrology,swisseph,Moon: Aquarius -> Pisces
2008-06-26T02:49:05+00:00,Moon ingress to Aries,medium,astrology,swisseph,Moon: Pisces -> Aries
2008-06-28T06:50:21+00:00,Moon ingress to Taurus,medium,astrology,swisseph,Moon: Aries -> Taurus
2008-06-30T08:03:04+00:00,Moon ingress to Gemini,medium,astrology,swisseph,Moon: Taurus -> Gemini
2008-07-01T16:21:17+00:00,Mars ingress to Virgo,medium,astrology,swisseph,Mars: Leo -> Virgo
2008-07-02T07:52:48+00:00,Moon ingress to Cancer,medium,astrology,swisseph,Moon: Gemini -> Cancer
2008-07-04T08:15:21+00:00,Moon ingress to Leo,medium,astrology,swisseph,Moon: Cancer -> Leo
2008-07-06T11:03:41+00:00,Moon ingress to Virgo,medium,astrology,swisseph,Moon: Leo -> Virgo
2008-07-08T17:31:12+00:00,Moon ingress to Libra,medium,astrology,swisseph,Moon: Virgo -> Libra
2008-07-10T20:16:51+00:00,Mercury ingress to Cancer,low,astrology,swisseph,Mercury: Gemini -> Cancer
2008-07-11T03:34:52+00:00,Moon ingress to Scorpio,medium,astrology,swisseph,Moon: Libra -> Scorpio
2008-07-12T18:38:53+00:00,Venus ingress to Leo,low,astrology,swisseph,Venus: Cancer -> Leo
2008-07-13T15:49:43+00:00,Moon ingress to Sagittarius,medium,astrology,swisseph,Moon: Scorpio -> Sagittarius
2008-07-16T04:19:55+00:00,Moon ingress to Capricorn,medium,astrology,swisseph,Moon: Sagittarius -> Capricorn
2008-07-18T15:40:01+00:00,Moon ingress to Aquarius,medium,astrology,swisseph,Moon: Capricorn -> Aquarius
2008-07-21T01:07:38+00:00,Moon ingress to Pisces,medium,astrology,swisseph,Moon: Aquarius -> Pisces
2008-07-22T10:54:48+00:00,Sun ingress to Leo,high,astrology,swisseph,Sun: Cancer -> Leo
2008-07-23T08:22:15+00:00,Moon ingress to Aries,medium,astrology,swisseph,Moon: Pisces -> Aries
2008-07-25T13:14:07+00:00,Moon ingress to Taurus,medium,astrology,swisseph,Moon: Aries -> Taurus
2008-07-26T11:48:21+00:00,Mercury ingress to Leo,low,astrology,swisseph,Mercury: Cancer -> Leo
2008-07-27T15:55:07+00:00,Moon ingress to Gemini,medium,astrology,swisseph,Moon: Taurus -> Gemini
2008-07-29T17:11:32+00:00,Moon ingress to Cancer,medium,astrology,swisseph,Moon: Gemini -> Cancer
2008-07-31T18:21:33+00:00,Moon ingress to Leo,medium,astrology,swisseph,Moon: Cancer -> Leo
2008-08-02T20:58:59+00:00,Moon ingress to Virgo,medium,astrology,swisseph,Moon: Leo -> Virgo
2008-08-05T02:27:52+00:00,Moon ingress to Libra,medium,astrology,swisseph,Moon: Virgo -> Libra
2008-08-06T04:19:42+00:00,Venus ingress to Virgo,low,astrology,swisseph,Venus: Leo -> Virgo
2008-08-07T11:26:14+00:00,Moon ingress to Scorpio,medium,astrology,swisseph,Moon: Libra -> Scorpio
2008-08-09T23:10:23+00:00,Moon ingress to Sagittarius,medium,astrology,swisseph,Moon: Scorpio -> Sagittarius
2008-08-10T10:50:46+00:00,Mercury ingress to Virgo,low,astrology,swisseph,Mercury: Leo -> Virgo
2008-08-12T11:41:54+00:00,Moon ingress to Capricorn,medium,astrology,swisseph,Moon: Sagittarius -> Capricorn
2008-08-14T22:56:00+00:00,Moon ingress to Aquarius,medium,astrology,swisseph,Moon: Capricorn -> Aquarius
2008-08-17T07:46:13+00:00,Moon ingress to Pisces,medium,astrology,swisseph,Moon: Aquarius -> Pisces
2008-08-19T10:03:15+00:00,Mars ingress to Libra,medium,astrology,swisseph,Mars: Virgo -> Libra
2008-08-19T14:09:53+00:00,Moon ingress to Aries,medium,astrology,swisseph,Moon: Pisces -> Aries
2008-08-21T18:37:46+00:00,Moon ingress to Taurus,medium,astrology,swisseph,Moon: Aries -> Taurus
2008-08-22T18:02:13+00:00,Sun ingress to Virgo,high,astrology,swisseph,Sun: Leo -> Virgo
2008-08-23T21:48:10+00:00,Moon ingress to Gemini,medium,astrology,swisseph,Moon: Taurus -> Gemini
2008-08-26T00:18:32+00:00,Moon ingress to Cancer,medium,astrology,swisseph,Moon: Gemini -> Cancer
2008-08-28T02:50:40+00:00,Moon ingress to Leo,medium,astrology,swisseph,Moon: Cancer -> Leo
2008-08-29T02:49:47+00:00,Mercury ingress to Libra,low,astrology,swisseph,Mercury: Virgo -> Libra
2008-08-30T06:18:11+00:00,Moon ingress to Virgo,medium,astrology,swisseph,Moon: Leo -> Virgo
2008-08-30T14:41:16+00:00,Venus ingress to Libra,low,astrology,swisseph,Venus: Virgo -> Libra
2008-09-01T11:44:25+00:00,Moon ingress to Libra,medium,astrology,swisseph,Moon: Virgo -> Libra
2008-09-03T20:01:46+00:00,Moon ingress to Scorpio,medium,astrology,swisseph,Moon: Libra -> Scorpio
2008-09-06T07:10:41+00:00,Moon ingress to Sagittarius,medium,astrology,swisseph,Moon: Scorpio -> Sagittarius
2008-09-08T19:44:43+00:00,Moon ingress to Capricorn,medium,astrology,swisseph,Moon: Sagittarius -> Capricorn
2008-09-11T07:19:39+00:00,Moon ingress to Aquarius,medium,astrology,swisseph,Moon: Capricorn -> Aquarius
2008-09-13T16:04:26+00:00,Moon ingress to Pisces,medium,astrology,swisseph,Moon: Aquarius -> Pisces
2008-09-15T21:38:59+00:00,Moon ingress to Aries,medium,astrology,swisseph,Moon: Pisces -> Aries
2008-09-18T00:56:34+00:00,Moon ingress to Taurus,medium,astrology,swisseph,Moon: Aries -> Taurus
2008-09-20T03:16:48+00:00,Moon ingress to Gemini,medium,astrology,swisseph,Moon: Taurus -> Gemini
2008-09-22T05:48:37+00:00,Moon ingress to Cancer,medium,astrology,swisseph,Moon: Gemini -> Cancer
2008-09-22T15:44:28+00:00,Sun ingress to Libra,high,astrology,swisseph,Sun: Virgo -> Libra
2008-09-24T02:59:01+00:00,Venus ingress to Scorpio,low,astrology,swisseph,Venus: Libra -> Scorpio
2008-09-24T09:13:27+00:00,Moon ingress to Leo,medium,astrology,swisseph,Moon: Cancer -> Leo
2008-09-26T13:51:58+00:00,Moon ingress to Virgo,medium,astrology,swisseph,Moon: Leo -> Virgo
2008-09-28T20:05:26+00:00,Moon ingress to Libra,medium,astrology,swisseph,Moon: Virgo -> Libra
2008-10-01T04:26:07+00:00,Moon ingress to Scorpio,medium,astrology,swisseph,Moon: Libra -> Scorpio
2008-10-03T15:14:13+00:00,Moon ingress to Sagittarius,medium,astrology,swisseph,Moon: Scorpio -> Sagittarius
2008-10-04T04:33:53+00:00,Mars ingress to Scorpio,medium,astrology,swisseph,Mars: Libra -> Scorpio
2008-10-06T03:48:26+00:00,Moon ingress to Capricorn,medium,astrology,swisseph,Moon: Sagittarius -> Capricorn
2008-10-08T16:02:54+00:00,Moon ingress to Aquarius,medium,astrology,swisseph,Moon: Capricorn -> Aquarius
2008-10-11T01:31:08+00:00,Moon ingress to Pisces,medium,astrology,swisseph,Moon: Aquarius -> Pisces
2008-10-13T07:06:55+00:00,Moon ingress to Aries,medium,astrology,swisseph,Moon: Pisces -> Aries
2008-10-15T09:30:57+00:00,Moon ingress to Taurus,medium,astrology,swisseph,Moon: Aries -> Taurus
2008-10-17T10:25:22+00:00,Moon ingress to Gemini,medium,astrology,swisseph,Moon: Taurus -> Gemini
2008-10-18T18:30:42+00:00,Venus ingress to Sagittarius,low,astrology,swisseph,Venus: Scorpio -> Sagittarius
2008-10-19T11:40:13+00:00,Moon ingress to Cancer,medium,astrology,swisseph,Moon: Gemini -> Cancer
2008-10-21T14:34:59+00:00,Moon ingress to Leo,medium,astrology,swisseph,Moon: Cancer -> Leo
2008-10-23T01:08:38+00:00,Sun ingress to Scorpio,high,astrology,swisseph,Sun: Libra -> Scorpio
2008-10-23T19:39:53+00:00,Moon ingress to Virgo,medium,astrology,swisseph,Moon: Leo -> Virgo
2008-10-26T02:47:32+00:00,Moon ingress to Libra,medium,astrology,swisseph,Moon: Virgo -> Libra
2008-10-28T11:47:17+00:00,Moon ingress to Scorpio,medium,astrology,swisseph,Moon: Libra -> Scorpio
2008-10-30T22:41:06+00:00,Moon ingress to Sagittarius,medium,astrology,swisseph,Moon: Scorpio -> Sagittarius
2008-11-02T11:13:14+00:00,Moon ingress to Capricorn,medium,astrology,swisseph,Moon: Sagittarius -> Capricorn
2008-11-04T15:59:51+00:00,Mercury ingress to Scorpio,low,astrology,swisseph,Mercury: Libra -> Scorpio
2008-11-05T00:01:28+00:00,Moon ingress to Aquarius,medium,astrology,swisseph,Moon: Capricorn -> Aquarius
2008-11-07T10:43:14+00:00,Moon ingress to Pisces,medium,astrology,swisseph,Moon: Aquarius -> Pisces
2008-11-09T17:26:04+00:00,Moon ingress to Aries,medium,astrology,swisseph,Moon: Pisces -> Aries
2008-11-11T20:05:25+00:00,Moon ingress to Taurus,medium,astrology,swisseph,Moon: Aries -> Taurus
2008-11-12T15:24:45+00:00,Venus ingress to Capricorn,low,astrology,swisseph,Venus: Sagittarius -> Capricorn
2008-11-13T20:11:20+00:00,Moon ingress to Gemini,medium,astrology,swisseph,Moon: Taurus -> Gemini
2008-11-15T19:52:12+00:00,Moon ingress to Cancer,medium,astrology,swisseph,Moon: Gemini -> Cancer
2008-11-16T08:26:30+00:00,Mars ingress to Sagittarius,medium,astrology,swisseph,Mars: Scorpio -> Sagittarius
2008-11-17T21:07:27+00:00,Moon ingress to Leo,medium,astrology,swisseph,Moon: Cancer -> Leo
2008-11-20T01:12:33+00:00,Moon ingress to Virgo,medium,astrology,swisseph,Moon: Leo -> Virgo
2008-11-21T22:44:20+00:00,Sun ingress to Sagittarius,high,astrology,swisseph,Sun: Scorpio -> Sagittarius
2008-11-22T08:19:48+00:00,Moon ingress to Libra,medium,astrology,swisseph,Moon: Virgo -> Libra
2008-11-23T07:08:51+00:00,Mercury ingress to Sagittarius,low,astrology,swisseph,Mercury: Scorpio -> Sagittarius
2008-11-24T17:54:05+00:00,Moon ingress to Scorpio,medium,astrology,swisseph,Moon: Libra -> Scorpio
2008-11-27T01:06:04+00:00,Pluto ingress to Capricorn,high,astrology,swisseph,Pluto: Sagittarius -> Capricorn
2008-11-27T05:13:50+00:00,Moon ingress to Sagittarius,medium,astrology,swisseph,Moon: Scorpio -> Sagittarius
2008-11-29T17:47:43+00:00,Moon ingress to Capricorn,medium,astrology,swisseph,Moon: Sagittarius -> Capricorn
2008-12-02T06:44:39+00:00,Moon ingress to Aquarius,medium,astrology,swisseph,Moon: Capricorn -> Aquarius
2008-12-04T18:23:06+00:00,Moon ingress to Pisces,medium,astrology,swisseph,Moon: Aquarius -> Pisces
2008-12-07T02:43:56+00:00,Moon ingress to Aries,medium,astrology,swisseph,Moon: Pisces -> Aries
2008-12-07T23:36:35+00:00,Venus ingress to Aquarius,low,astrology,swisseph,Venus: Capricorn -> Aquarius
2008-12-09T06:52:17+00:00,Moon ingress to Taurus,medium,astrology,swisseph,Moon: Aries -> Taurus
2008-12-11T07:33:24+00:00,Moon ingress to Gemini,medium,astrology,swisseph,Moon: Taurus -> Gemini
2008-12-12T10:12:35+00:00,Mercury ingress to Capricorn,low,astrology,swisseph,Mercury: Sagittarius -> Capricorn
2008-12-13T06:39:41+00:00,Moon ingress to Cancer,medium,astrology,swisseph,Moon: Gemini -> Cancer
2008-12-15T06:22:31+00:00,Moon ingress to Leo,medium,astrology,swisseph,Moon: Cancer -> Leo
2008-12-17T08:35:37+00:00,Moon ingress to Virgo,medium,astrology,swisseph,Moon: Leo -> Virgo
2008-12-19T14:22:43+00:00,Moon ingress to Libra,medium,astrology,swisseph,Moon: Virgo -> Libra
2008-12-21T12:03:45+00:00,Sun ingress to Capricorn,high,astrology,swisseph,Sun: Sagittarius -> Capricorn
2008-12-21T23:36:30+00:00,Moon ingress to Scorpio,medium,astrology,swisseph,Moon: Libra -> Scorpio
2008-12-24T11:12:51+00:00,Moon ingress to Sagittarius,medium,astrology,swisseph,Moon: Scorpio -> Sagittarius
2008-12-26T23:55:54+00:00,Moon ingress to Capricorn,medium,astrology,swisseph,Moon: Sagittarius -> Capricorn
2008-12-27T07:30:20+00:00,Mars ingress to Capricorn,medium,astrology,swisseph,Mars: Sagittarius -> Capricorn
2008-12-29T12:42:28+00:00,Moon ingress to Aquarius,medium,astrology,swisseph,Moon: Capricorn -> Aquarius
2009-01-01T00:27:03+00:00,Moon ingress to Pisces,medium,astrology,swisseph,Moon: Aquarius -> Pisces
2009-01-01T09:51:12+00:00,Mercury ingress to Aquarius,low,astrology,swisseph,Mercury: Capricorn -> Aquarius
2009-01-03T09:49:41+00:00,Moon ingress to Aries,medium,astrology,swisseph,Moon: Pisces -> Aries
2009-01-03T12:35:30+00:00,Venus ingress to Pisces,low,astrology,swisseph,Venus: Aquarius -> Pisces
2009-01-05T15:41:43+00:00,Jupiter ingress to Aquarius,medium,astrology,swisseph,Jupiter: Capricorn -> Aquarius
2009-01-05T15:45:44+00:00,Moon ingress to Taurus,medium,astrology,swisseph,Moon: Aries -> Taurus
2009-01-07T18:11:37+00:00,Moon ingress to Gemini,medium,astrology,swisseph,Moon: Taurus -> Gemini
2009-01-09T18:13:39+00:00,Moon ingress to Cancer,medium,astrology,swisseph,Moon: Gemini -> Cancer
2009-01-11T17:40:52+00:00,Moon ingress to Leo,medium,astrology,swisseph,Moon: Cancer -> Leo
2009-01-13T18:32:45+00:00,Moon ingress to Virgo,medium,astrology,swisseph,Moon: Leo -> Virgo
2009-01-15T22:30:00+00:00,Moon ingress to Libra,medium,astrology,swisseph,Moon: Virgo -> Libra
2009-01-18T06:20:19+00:00,Moon ingress to Scorpio,medium,astrology,swisseph,Moon: Libra -> Scorpio
2009-01-19T22:40:20+00:00,Sun ingress to Aquarius,high,astrology,swisseph,Sun: Capricorn -> Aquarius
2009-01-20T17:29:58+00:00,Moon ingress to Sagittarius,medium,astrology,swisseph,Moon: Scorpio -> Sagittarius
2009-01-21T05:36:15+00:00,Mercury ingress to Capricorn,low,astrology,swisseph,Mercury: Aquarius -> Capricorn
2009-01-23T06:18:09+00:00,Moon ingress to Capricorn,medium,astrology,swisseph,Moon: Sagittarius -> Capricorn
2009-01-25T18:56:27+00:00,Moon ingress to Aquarius,medium,astrology,swisseph,Moon: Capricorn -> Aquarius
2009-01-28T06:12:09+00:00,Moon ingress to Pisces,medium,astrology,swisseph,Moon: Aquarius -> Pisces
2009-01-30T15:24:44+00:00,Moon ingress to Aries,medium,astrology,swisseph,Moon: Pisces -> Aries
2009-02-01T22:08:30+00:00,Moon ingress to Taurus,medium,astrology,swisseph,Moon: Aries -> Taurus
2009-02-03T03:40:55+00:00,Venus ingress to Aries,low,astrology,swisseph,Venus: Pisces -> Aries
2009-02-04T02:14:27+00:00,Moon ingress to Gemini,medium,astrology,swisseph,Moon: Taurus -> Gemini
2009-02-04T15:55:09+00:00,Mars ingress to Aquarius,medium,astrology,swisseph,Mars: Capricorn -> Aquarius
2009-02-06T04:05:34+00:00,Moon ingress to Cancer,medium,astrology,swisseph,Moon: Gemini -> Cancer
2009-02-08T04:43:13+00:00,Moon ingress to Leo,medium,astrology,swisseph,Moon: Cancer -> Leo
2009-02-10T05:38:13+00:00,Moon ingress to Virgo,medium,astrology,swisseph,Moon: Leo -> Virgo
2009-02-12T08:32:40+00:00,Moon ingress to Libra,medium,astrology,swisseph,Moon: Virgo -> Libra
2009-02-14T14:50:33+00:00,Moon ingress to Scorpio,medium,astrology,swisseph,Moon: Libra -> Scorpio
2009-02-14T15:39:02+00:00,Mercury ingress to Aquarius,low,astrology,swisseph,Mercury: Capricorn -> Aquarius
2009-02-17T00:53:16+00:00,Moon ingress to Sagittarius,medium,astrology,swisseph,Moon: Scorpio -> Sagittarius
2009-02-18T12:46:07+00:00,Sun ingress to Pisces,high,astrology,swisseph,Sun: Aquarius -> Pisces
2009-02-19T13:25:16+00:00,Moon ingress to Capricorn,medium,astrology,swisseph,Moon: Sagittarius -> Capricorn
2009-02-22T02:06:12+00:00,Moon ingress to Aquarius,medium,astrology,swisseph,Moon: Capricorn -> Aquarius
2009-02-24T12:59:35+00:00,Moon ingress to Pisces,medium,astrology,swisseph,Moon: Aquarius -> Pisces
2009-02-26T21:23:47+00:00,Moon ingress to Aries,medium,astrology,swisseph,Moon: Pisces -> Aries
2009-03-01T03:33:16+00:00,Moon ingress to Taurus,medium,astrology,swisseph,Moon: Aries -> Taurus
2009-03-03T07:58:55+00:00,Moon ingress to Gemini,medium,astrology,swisseph,Moon: Taurus -> Gemini
2009-03-05T11:07:02+00:00,Moon ingress to Cancer,medium,astrology,swisseph,Moon: Gemini -> Cancer
2009-03-07T13:24:15+00:00,Moon ingress to Leo,medium,astrology,swisseph,Moon: Cancer -> Leo
2009-03-08T18:55:54+00:00,Mercury ingress to Pisces,low,astrology,swisseph,Mercury: Aquarius -> Pisces
2009-03-09T15:34:05+00:00,Moon ingress to Virgo,medium,astrology,swisseph,Moon: Leo -> Virgo
2009-03-11T18:45:51+00:00,Moon ingress to Libra,medium,astrology,swisseph,Moon: Virgo -> Libra
2009-03-14T00:22:26+00:00,Moon ingress to Scorpio,medium,astrology,swisseph,Moon: Libra -> Scorpio
2009-03-15T03:19:57+00:00,Mars ingress to Pisces,medium,astrology,swisseph,Mars: Aquarius -> Pisces
2009-03-16T09:21:25+00:00,Moon ingress to Sagittarius,medium,astrology,swisseph,Moon: Scorpio -> Sagittarius
2009-03-18T21:18:39+00:00,Moon ingress to Capricorn,medium,astrology,swisseph,Moon: Sagittarius -> Capricorn
2009-03-20T11:43:38+00:00,Sun ingress to Aries,high,astrology,swisseph,Sun: Pisces -> Aries
2009-03-21T10:06:30+00:00,Moon ingress to Aquarius,medium,astrology,swisseph,Moon: Capricorn -> Aquarius
2009-03-23T21:08:04+00:00,Moon ingress to Pisces,medium,astrology,swisseph,Moon: Aquarius -> Pisces
2009-03-25T19:55:16+00:00,Mercury ingress to Aries,low,astrology,swisseph,Mercury: Pisces -> Aries
2009-03-26T05:02:44+00:00,Moon ingress to Aries,medium,astrology,swisseph,Moon: Pisces -> Aries
2009-03-28T10:08:59+00:00,Moon ingress to Taurus,medium,astrology,swisseph,Moon: Aries -> Taurus
2009-03-30T13:35:44+00:00,Moon ingress to Gemini,medium,astrology,swisseph,Moon: Taurus -> Gemini
2009-04-01T16:30:15+00:00,Moon ingress to Cancer,medium,astrology,swisseph,Moon: Gemini -> Cancer
2009-04-03T19:32:26+00:00,Moon ingress to Leo,medium,astrology,swisseph,Moon: Cancer -> Leo
2009-04-05T23:01:21+00:00,Moon ingress to Virgo,medium,astrology,swisseph,Moon: Leo -> Virgo
2009-04-08T03:21:59+00:00,Moon ingress to Libra,medium,astrology,swisseph,Moon: Virgo -> Libra
2009-04-09T14:21:23+00:00,Mercury ingress to Taurus,low,astrology,swisseph,Mercury: Aries -> Taurus
2009-04-10T09:23:02+00:00,Moon ingress to Scorpio,medium,astrology,swisseph,Moon: Libra -> Scorpio
2009-04-11T12:46:33+00:00,Venus ingress to Pisces,low,astrology,swisseph,Venus: Aries -> Pisces
2009-04-12T18:00:34+00:00,Moon ingress to Sagittarius,medium,astrology,swisseph,Moon: Scorpio -> Sagittarius
2009-04-15T05:27:17+00:00,Moon ingress to Capricorn,medium,astrology,swisseph,Moon: Sagittarius -> Capricorn
2009-04-17T18:18:59+00:00,Moon ingress to Aquarius,medium,astrology,swisseph,Moon: Capricorn -> Aquarius
2009-04-19T22:44:24+00:00,Sun ingress to Taurus,high,astrology,swisseph,Sun: Aries -> Taurus
2009-04-20T05:55:02+00:00,Moon ingress to Pisces,medium,astrology,swisseph,Moon: Aquarius -> Pisces
2009-04-22T13:44:20+00:00,Mars ingress to Aries,medium,astrology,swisseph,Mars: Pisces -> Aries
2009-04-22T14:08:45+00:00,Moon ingress to Aries,medium,astrology,swisseph,Moon: Pisces -> Aries
2009-04-24T07:18:28+00:00,Venus ingress to Aries,low,astrology,swisseph,Venus: Pisces -> Aries
2009-04-24T18:46:09+00:00,Moon ingress to Taurus,medium,astrology,swisseph,Moon: Aries -> Taurus
2009-04-26T21:02:02+00:00,Moon ingress to Gemini,medium,astrology,swisseph,Moon: Taurus -> Gemini
2009-04-28T22:37:59+00:00,Moon ingress to Cancer,medium,astrology,swisseph,Moon: Gemini -> Cancer
2009-04-30T22:29:08+00:00,Mercury ingress to Gemini,low,astrology,swisseph,Mercury: Taurus -> Gemini
2009-05-01T00:55:45+00:00,Moon ingress to Leo,medium,astrology,swisseph,Moon: Cancer -> Leo
2009-05-03T04:36:44+00:00,Moon ingress to Virgo,medium,astrology,swisseph,Moon: Leo -> Virgo
2009-05-05T09:51:15+00:00,Moon ingress to Libra,medium,astrology,swisseph,Moon: Virgo -> Libra
2009-05-07T16:47:49+00:00,Moon ingress to Scorpio,medium,astrology,swisseph,Moon: Libra -> Scorpio
2009-05-10T01:49:11+00:00,Moon ingress to Sagittarius,medium,astrology,swisseph,Moon: Scorpio -> Sagittarius
2009-05-12T13:09:05+00:00,Moon ingress to Capricorn,medium,astrology,swisseph,Moon: Sagittarius -> Capricorn
2009-05-13T23:52:55+00:00,Mercury ingress to Taurus,low,astrology,swisseph,Mercury: Gemini -> Taurus
2009-05-15T02:01:16+00:00,Moon ingress to Aquarius,medium,astrology,swisseph,Moon: Capricorn -> Aquarius
2009-05-17T14:16:54+00:00,Moon ingress to Pisces,medium,astrology,swisseph,Moon: Aquarius -> Pisces
2009-05-19T23:30:09+00:00,Moon ingress to Aries,medium,astrology,swisseph,Moon: Pisces -> Aries
2009-05-20T21:51:09+00:00,Sun ingress to Gemini,high,astrology,swisseph,Sun: Taurus -> Gemini
2009-05-22T04:40:00+00:00,Moon ingress to Taurus,medium,astrology,swisseph,Moon: Aries -> Taurus
2009-05-24T06:33:45+00:00,Moon ingress to Gemini,medium,astrology,swisseph,Moon: Taurus -> Gemini
2009-05-26T06:57:48+00:00,Moon ingress to Cancer,medium,astrology,swisseph,Moon: Gemini -> Cancer
2009-05-28T07:44:23+00:00,Moon ingress to Leo,medium,astrology,swisseph,Moon: Cancer -> Leo
2009-05-30T10:17:28+00:00,Moon ingress to Virgo,medium,astrology,swisseph,Moon: Leo -> Virgo
2009-05-31T21:18:20+00:00,Mars ingress to Taurus,medium,astrology,swisseph,Mars: Aries -> Taurus
2009-06-01T15:16:48+00:00,Moon ingress to Libra,medium,astrology,swisseph,Moon: Virgo -> Libra
2009-06-03T22:43:33+00:00,Moon ingress to Scorpio,medium,astrology,swisseph,Moon: Libra -> Scorpio
2009-06-06T08:23:30+00:00,Moon ingress to Sagittarius,medium,astrology,swisseph,Moon: Scorpio -> Sagittarius
2009-06-06T09:06:57+00:00,Venus ingress to Taurus,low,astrology,swisseph,Venus: Aries -> Taurus
2009-06-08T19:59:31+00:00,Moon ingress to Capricorn,medium,astrology,swisseph,Moon: Sagittarius -> Capricorn
2009-06-11T08:52:28+00:00,Moon ingress to Aquarius,medium,astrology,swisseph,Moon: Capricorn -> Aquarius
2009-06-13T21:32:06+00:00,Moon ingress to Pisces,medium,astrology,swisseph,Moon: Aquarius -> Pisces
2009-06-14T02:47:19+00:00,Mercury ingress to Gemini,low,astrology,swisseph,Mercury: Taurus -> Gemini
2009-06-16T07:51:36+00:00,Moon ingress to Aries,medium,astrology,swisseph,Moon: Pisces -> Aries
2009-06-18T14:20:22+00:00,Moon ingress to Taurus,medium,astrology,swisseph,Moon: Aries -> Taurus
2009-06-20T17:00:09+00:00,Moon ingress to Gemini,medium,astrology,swisseph,Moon: Taurus -> Gemini
2009-06-21T05:45:30+00:00,Sun ingress to Cancer,high,astrology,swisseph,Sun: Gemini -> Cancer
2009-06-22T17:11:49+00:00,Moon ingress to Cancer,medium,astrology,swisseph,Moon: Gemini -> Cancer
2009-06-24T16:50:06+00:00,Moon ingress to Leo,medium,astrology,swisseph,Moon: Cancer -> Leo
2009-06-26T17:46:35+00:00,Moon ingress to Virgo,medium,astrology,swisseph,Moon: Leo -> Virgo
2009-06-28T21:24:25+00:00,Moon ingress to Libra,medium,astrology,swisseph,Moon: Virgo -> Libra
2009-07-01T04:18:32+00:00,Moon ingress to Scorpio,medium,astrology,swisseph,Moon: Libra -> Scorpio
2009-07-03T14:10:37+00:00,Moon ingress to Sagittarius,medium,astrology,swisseph,Moon: Scorpio -> Sagittarius
2009-07-03T19:19:35+00:00,Mercury ingress to Cancer,low,astrology,swisseph,Mercury: Gemini -> Cancer
2009-07-05T08:22:37+00:00,Venus ingress to Gemini,low,astrology,swisseph,Venus: Taurus -> Gemini
2009-07-06T02:07:25+00:00,Moon ingress to Capricorn,medium,astrology,swisseph,Moon: Sagittarius -> Capricorn
2009-07-08T15:03:20+00:00,Moon ingress to Aquarius,medium,astrology,swisseph,Moon: Capricorn -> Aquarius
2009-07-11T03:43:41+00:00,Moon ingress to Pisces,medium,astrology,swisseph,Moon: Aquarius -> Pisces
2009-07-12T02:55:57+00:00,Mars ingress to Gemini,medium,astrology,swisseph,Mars: Taurus -> Gemini
2009-07-13T14:39:45+00:00,Moon ingress to Aries,medium,astrology,swisseph,Moon: Pisces -> Aries
2009-07-15T22:29:48+00:00,Moon ingress to Taurus,medium,astrology,swisseph,Moon: Aries -> Taurus
2009-07-17T23:07:30+00:00,Mercury ingress to Leo,low,astrology,swisseph,Mercury: Cancer -> Leo
2009-07-18T02:41:22+00:00,Moon ingress to Gemini,medium,astrology,swisseph,Moon: Taurus -> Gemini
2009-07-20T03:51:01+00:00,Moon ingress to Cancer,medium,astrology,swisseph,Moon: Gemini -> Cancer
2009-07-22T03:27:31+00:00,Moon ingress to Leo,medium,astrology,swisseph,Moon: Cancer -> Leo
2009-07-22T16:35:42+00:00,Sun ingress to Leo,high,astrology,swisseph,Sun: Cancer -> Leo
2009-07-24T03:22:33+00:00,Moon ingress to Virgo,medium,astrology,swisseph,Moon: Leo -> Virgo
2009-07-26T05:25:30+00:00,Moon ingress to Libra,medium,astrology,swisseph,Moon: Virgo -> Libra
2009-07-28T10:55:46+00:00,Moon ingress to Scorpio,medium,astrology,swisseph,Moon: Libra -> Scorpio
2009-07-30T20:09:55+00:00,Moon ingress to Sagittarius,medium,astrology,swisseph,Moon: Scorpio -> Sagittarius
2009-08-01T01:27:46+00:00,Venus ingress to Cancer,low,astrology,swisseph,Venus: Gemini -> Cancer
2009-08-02T08:08:19+00:00,Moon ingress to Capricorn,medium,astrology,swisseph,Moon: Sagittarius -> Capricorn
2009-08-02T23:07:01+00:00,Mercury ingress to Virgo,low,astrology,swisseph,Mercury: Leo -> Virgo
2009-08-04T21:07:52+00:00,Moon ingress to Aquarius,medium,astrology,swisseph,Moon: Capricorn -> Aquarius
2009-08-07T09:34:24+00:00,Moon ingress to Pisces,medium,astrology,swisseph,Moon: Aquarius -> Pisces
2009-08-09T20:23:11+00:00,Moon ingress to Aries,medium,astrology,swisseph,Moon: Pisces -> Aries
2009-08-12T04:49:34+00:00,Moon ingress to Taurus,medium,astrology,swisseph,Moon: Aries -> Taurus
2009-08-14T10:25:29+00:00,Moon ingress to Gemini,medium,astrology,swisseph,Moon: Taurus -> Gemini
2009-08-16T13:12:54+00:00,Moon ingress to Cancer,medium,astrology,swisseph,Moon: Gemini -> Cancer
2009-08-18T13:56:33+00:00,Moon ingress to Leo,medium,astrology,swisseph,Moon: Cancer -> Leo
2009-08-20T14:00:23+00:00,Moon ingress to Virgo,medium,astrology,swisseph,Moon: Leo -> Virgo
2009-08-22T15:11:46+00:00,Moon ingress to Libra,medium,astrology,swisseph,Moon: Virgo -> Libra
2009-08-22T23:38:35+00:00,Sun ingress to Virgo,high,astrology,swisseph,Sun: Leo -> Virgo
2009-08-24T19:16:15+00:00,Moon ingress to Scorpio,medium,astrology,swisseph,Moon: Libra -> Scorpio
2009-08-25T17:15:29+00:00,Mars ingress to Cancer,medium,astrology,swisseph,Mars: Gemini -> Cancer
2009-08-25T20:18:01+00:00,Mercury ingress to Libra,low,astrology,swisseph,Mercury: Virgo -> Libra
2009-08-26T16:11:33+00:00,Venus ingress to Leo,low,astrology,swisseph,Venus: Cancer -> Leo
2009-08-27T03:16:13+00:00,Moon ingress to Sagittarius,medium,astrology,swisseph,Moon: Scorpio -> Sagittarius
2009-08-29T14:44:20+00:00,Moon ingress to Capricorn,medium,astrology,swisseph,Moon: Sagittarius -> Capricorn
2009-09-01T03:42:46+00:00,Moon ingress to Aquarius,medium,astrology,swisseph,Moon: Capricorn -> Aquarius
2009-09-03T15:57:59+00:00,Moon ingress to Pisces,medium,astrology,swisseph,Moon: Aquarius -> Pisces
2009-09-06T02:14:25+00:00,Moon ingress to Aries,medium,astrology,swisseph,Moon: Pisces -> Aries
2009-09-08T10:17:36+00:00,Moon ingress to Taurus,medium,astrology,swisseph,Moon: Aries -> Taurus
2009-09-10T16:16:41+00:00,Moon ingress to Gemini,medium,astrology,swisseph,Moon: Taurus -> Gemini
2009-09-12T20:19:33+00:00,Moon ingress to Cancer,medium,astrology,swisseph,Moon: Gemini -> Cancer
2009-09-14T22:39:18+00:00,Moon ingress to Leo,medium,astrology,swisseph,Moon: Cancer -> Leo
2009-09-16T23:55:54+00:00,Moon ingress to Virgo,medium,astrology,swisseph,Moon: Leo -> Virgo
2009-09-18T03:26:06+00:00,Mercury ingress to Virgo,low,astrology,swisseph,Mercury: Libra -> Virgo
2009-09-19T01:26:18+00:00,Moon ingress to Libra,medium,astrology,swisseph,Moon: Virgo -> Libra
2009-09-20T13:32:06+00:00,Venus ingress to Virgo,low,astrology,swisseph,Venus: Leo -> Virgo
2009-09-21T04:52:00+00:00,Moon ingress to Scorpio,medium,astrology,swisseph,Moon: Libra -> Scorpio
2009-09-22T21:18:35+00:00,Sun ingress to Libra,high,astrology,swisseph,Sun: Virgo -> Libra
2009-09-23T11:42:46+00:00,Moon ingress to Sagittarius,medium,astrology,swisseph,Moon: Scorpio -> Sagittarius
2009-09-25T22:18:42+00:00,Moon ingress to Capricorn,medium,astrology,swisseph,Moon: Sagittarius -> Capricorn
2009-09-28T11:06:37+00:00,Moon ingress to Aquarius,medium,astrology,swisseph,Moon: Capricorn -> Aquarius
2009-09-30T23:25:43+00:00,Moon ingress to Pisces,medium,astrology,swisseph,Moon: Aquarius -> Pisces
2009-10-03T09:20:29+00:00,Moon ingress to Aries,medium,astrology,swisseph,Moon: Pisces -> Aries
2009-10-05T16:33:12+00:00,Moon ingress to Taurus,medium,astrology,swisseph,Moon: Aries -> Taurus
2009-10-07T21:46:29+00:00,Moon ingress to Gemini,medium,astrology,swisseph,Moon: Taurus -> Gemini
2009-10-10T01:47:46+00:00,Moon ingress to Cancer,medium,astrology,swisseph,Moon: Gemini -> Cancer
2009-10-10T03:45:35+00:00,Mercury ingress to Libra,low,astrology,swisseph,Mercury: Virgo -> Libra
2009-10-12T05:02:30+00:00,Moon ingress to Leo,medium,astrology,swisseph,Moon: Cancer -> Leo
2009-10-14T07:45:13+00:00,Moon ingress to Virgo,medium,astrology,swisseph,Moon: Leo -> Virgo
2009-10-14T22:46:18+00:00,Venus ingress to Libra,low,astrology,swisseph,Venus: Virgo -> Libra
2009-10-16T10:29:23+00:00,Moon ingress to Libra,medium,astrology,swisseph,Moon: Virgo -> Libra
2009-10-16T15:32:11+00:00,Mars ingress to Leo,medium,astrology,swisseph,Mars: Cancer -> Leo
2009-10-18T14:22:37+00:00,Moon ingress to Scorpio,medium,astrology,swisseph,Moon: Libra -> Scorpio
2009-10-20T20:48:59+00:00,Moon ingress to Sagittarius,medium,astrology,swisseph,Moon: Scorpio -> Sagittarius
2009-10-23T06:39:07+00:00,Moon ingress to Capricorn,medium,astrology,swisseph,Moon: Sagittarius -> Capricorn
2009-10-23T06:43:28+00:00,Sun ingress to Scorpio,high,astrology,swisseph,Sun: Libra -> Scorpio
2009-10-25T19:07:41+00:00,Moon ingress to Aquarius,medium,astrology,swisseph,Moon: Capricorn -> Aquarius
2009-10-28T07:45:16+00:00,Moon ingress to Pisces,medium,astrology,swisseph,Moon: Aquarius -> Pisces
2009-10-28T10:08:38+00:00,Mercury ingress to Scorpio,low,astrology,swisseph,Mercury: Libra -> Scorpio
2009-10-29T17:08:55+00:00,Saturn ingress to Libra,high,astrology,swisseph,Saturn: Virgo -> Libra
2009-10-30T17:56:25+00:00,Moon ingress to Aries,medium,astrology,swisseph,Moon: Pisces -> Aries
2009-11-02T00:44:31+00:00,Moon ingress to Taurus,medium,astrology,swisseph,Moon: Aries -> Taurus
2009-11-04T04:52:40+00:00,Moon ingress to Gemini,medium,astrology,swisseph,Moon: Taurus -> Gemini
2009-11-06T07:42:28+00:00,Moon ingress to Cancer,medium,astrology,swisseph,Moon: Gemini -> Cancer
2009-11-08T00:23:15+00:00,Venus ingress to Scorpio,low,astrology,swisseph,Venus: Libra -> Scorpio
2009-11-08T10:22:49+00:00,Moon ingress to Leo,medium,astrology,swisseph,Moon: Cancer -> Leo
2009-11-10T13:30:21+00:00,Moon ingress to Virgo,medium,astrology,swisseph,Moon: Leo -> Virgo
2009-11-12T17:22:14+00:00,Moon ingress to Libra,medium,astrology,swisseph,Moon: Virgo -> Libra
2009-11-14T22:23:55+00:00,Moon ingress to Scorpio,medium,astrology,swisseph,Moon: Libra -> Scorpio
2009-11-16T00:28:02+00:00,Mercury ingress to Sagittarius,low,astrology,swisseph,Mercury: Scorpio -> Sagittarius
2009-11-17T05:21:49+00:00,Moon ingress to Sagittarius,medium,astrology,swisseph,Moon: Scorpio -> Sagittarius
2009-11-19T15:00:35+00:00,Moon ingress to Capricorn,medium,astrology,swisseph,Moon: Sagittarius -> Capricorn
2009-11-22T03:10:44+00:00,Moon ingress to Aquarius,medium,astrology,swisseph,Moon: Capricorn -> Aquarius
2009-11-22T04:22:34+00:00,Sun ingress to Sagittarius,high,astrology,swisseph,Sun: Scorpio -> Sagittarius
2009-11-24T16:07:26+00:00,Moon ingress to Pisces,medium,astrology,swisseph,Moon: Aquarius -> Pisces
2009-11-27T03:10:31+00:00,Moon ingress to Aries,medium,astrology,swisseph,Moon: Pisces -> Aries
2009-11-29T10:34:02+00:00,Moon ingress to Taurus,medium,astrology,swisseph,Moon: Aries -> Taurus
2009-12-01T14:23:26+00:00,Moon ingress to Gemini,medium,astrology,swisseph,Moon: Taurus -> Gemini
2009-12-01T22:03:36+00:00,Venus ingress to Sagittarius,low,astrology,swisseph,Venus: Scorpio -> Sagittarius
2009-12-03T16:00:32+00:00,Moon ingress to Cancer,medium,astrology,swisseph,Moon: Gemini -> Cancer
2009-12-05T17:06:41+00:00,Moon ingress to Leo,medium,astrology,swisseph,Moon: Cancer -> Leo
2009-12-05T17:24:15+00:00,Mercury ingress to Capricorn,low,astrology,swisseph,Mercury: Sagittarius -> Capricorn
2009-12-07T19:05:28+00:00,Moon ingress to Virgo,medium,astrology,swisseph,Moon: Leo -> Virgo
2009-12-09T22:47:02+00:00,Moon ingress to Libra,medium,astrology,swisseph,Moon: Virgo -> Libra
2009-12-12T04:31:25+00:00,Moon ingress to Scorpio,medium,astrology,swisseph,Moon: Libra -> Scorpio
2009-12-14T12:25:02+00:00,Moon ingress to Sagittarius,medium,astrology,swisseph,Moon: Scorpio -> Sagittarius
2009-12-16T22:31:46+00:00,Moon ingress to Capricorn,medium,astrology,swisseph,Moon: Sagittarius -> Capricorn
2009-12-19T10:38:37+00:00,Moon ingress to Aquarius,medium,astrology,swisseph,Moon: Capricorn -> Aquarius
2009-12-21T17:46:48+00:00,Sun ingress to Capricorn,high,astrology,swisseph,Sun: Sagittarius -> Capricorn
2009-12-21T23:42:04+00:00,Moon ingress to Pisces,medium,astrology,swisseph,Moon: Aquarius -> Pisces
2009-12-24T11:39:31+00:00,Moon ingress to Aries,medium,astrology,swisseph,Moon: Pisces -> Aries
2009-12-25T18:17:07+00:00,Venus ingress to Capricorn,low,astrology,swisseph,Venus: Sagittarius -> Capricorn
2009-12-26T20:26:05+00:00,Moon ingress to Taurus,medium,astrology,swisseph,Moon: Aries -> Taurus
2009-12-29T01:13:16+00:00,Moon ingress to Gemini,medium,astrology,swisseph,Moon: Taurus -> Gemini
2009-12-31T02:45:18+00:00,Moon ingress to Cancer,medium,astrology,swisseph,Moon: Gemini -> Cancer
2010-01-02T02:40:57+00:00,Moon ingress to Leo,medium,astrology,swisseph,Moon: Cancer -> Leo
2010-01-04T02:52:27+00:00,Moon ingress to Virgo,medium,astrology,swisseph,Moon: Leo -> Virgo
2010-01-06T04:58:02+00:00,Moon ingress to Libra,medium,astrology,swisseph,Moon: Virgo -> Libra
2010-01-08T10:00:07+00:00,Moon ingress to Scorpio,medium,astrology,swisseph,Moon: Libra -> Scorpio
2010-01-10T18:10:00+00:00,Moon ingress to Sagittarius,medium,astrology,swisseph,Moon: Scorpio -> Sagittarius
2010-01-13T04:53:46+00:00,Moon ingress to Capricorn,medium,astrology,swisseph,Moon: Sagittarius -> Capricorn
2010-01-15T17:16:45+00:00,Moon ingress to Aquarius,medium,astrology,swisseph,Moon: Capricorn -> Aquarius
2010-01-18T02:10:47+00:00,Jupiter ingress to Pisces,medium,astrology,swisseph,Jupiter: Aquarius -> Pisces
2010-01-18T06:17:01+00:00,Moon ingress to Pisces,medium,astrology,swisseph,Moon: Aquarius -> Pisces
2010-01-18T14:34:35+00:00,Venus ingress to Aquarius,low,astrology,swisseph,Venus: Capricorn -> Aquarius
2010-01-20T04:27:42+00:00,Sun ingress to Aquarius,high,astrology,swisseph,Sun: Capricorn -> Aquarius
2010-01-20T18:36:17+00:00,Moon ingress to Aries,medium,astrology,swisseph,Moon: Pisces -> Aries
2010-01-23T04:39:26+00:00,Moon ingress to Taurus,medium,astrology,swisseph,Moon: Aries -> Taurus
2010-01-25T11:11:19+00:00,Moon ingress to Gemini,medium,astrology,swisseph,Moon: Taurus -> Gemini
2010-01-27T14:01:23+00:00,Moon ingress to Cancer,medium,astrology,swisseph,Moon: Gemini -> Cancer
2010-01-29T14:10:00+00:00,Moon ingress to Leo,medium,astrology,swisseph,Moon: Cancer -> Leo
2010-01-31T13:22:56+00:00,Moon ingress to Virgo,medium,astrology,swisseph,Moon: Leo -> Virgo
2010-02-02T13:41:45+00:00,Moon ingress to Libra,medium,astrology,swisseph,Moon: Virgo -> Libra
2010-02-04T16:55:27+00:00,Moon ingress to Scorpio,medium,astrology,swisseph,Moon: Libra -> Scorpio
2010-02-07T00:03:31+00:00,Moon ingress to Sagittarius,medium,astrology,swisseph,Moon: Scorpio -> Sagittarius
2010-02-09T10:43:30+00:00,Moon ingress to Capricorn,medium,astrology,swisseph,Moon: Sagittarius -> Capricorn
2010-02-10T09:05:50+00:00,Mercury ingress to Aquarius,low,astrology,swisseph,Mercury: Capricorn -> Aquarius
2010-02-11T12:09:43+00:00,Venus ingress to Pisces,low,astrology,swisseph,Venus: Aquarius -> Pisces
2010-02-11T23:23:42+00:00,Moon ingress to Aquarius,medium,astrology,swisseph,Moon: Capricorn -> Aquarius
2010-02-14T12:22:51+00:00,Moon ingress to Pisces,medium,astrology,swisseph,Moon: Aquarius -> Pisces
2010-02-17T00:30:13+00:00,Moon ingress to Aries,medium,astrology,swisseph,Moon: Pisces -> Aries
2010-02-18T18:35:37+00:00,Sun ingress to Pisces,high,astrology,swisseph,Sun: Aquarius -> Pisces
2010-02-19T10:55:01+00:00,Moon ingress to Taurus,medium,astrology,swisseph,Moon: Aries -> Taurus
2010-02-21T18:46:56+00:00,Moon ingress to Gemini,medium,astrology,swisseph,Moon: Taurus -> Gemini
2010-02-23T23:28:40+00:00,Moon ingress to Cancer,medium,astrology,swisseph,Moon: Gemini -> Cancer
2010-02-26T01:08:18+00:00,Moon ingress to Leo,medium,astrology,swisseph,Moon: Cancer -> Leo
2010-02-28T00:52:19+00:00,Moon ingress to Virgo,medium,astrology,swisseph,Moon: Leo -> Virgo
2010-03-01T13:27:37+00:00,Mercury ingress to Pisces,low,astrology,swisseph,Mercury: Aquarius -> Pisces
2010-03-02T00:31:07+00:00,Moon ingress to Libra,medium,astrology,swisseph,Moon: Virgo -> Libra
2010-03-04T02:11:05+00:00,Moon ingress to Scorpio,medium,astrology,swisseph,Moon: Libra -> Scorpio
2010-03-06T07:35:51+00:00,Moon ingress to Sagittarius,medium,astrology,swisseph,Moon: Scorpio -> Sagittarius
2010-03-07T12:33:20+00:00,Venus ingress to Aries,low,astrology,swisseph,Venus: Pisces -> Aries
2010-03-08T17:13:07+00:00,Moon ingress to Capricorn,medium,astrology,swisseph,Moon: Sagittarius -> Capricorn
2010-03-11T05:42:16+00:00,Moon ingress to Aquarius,medium,astrology,swisseph,Moon: Capricorn -> Aquarius
2010-03-13T18:43:30+00:00,Moon ingress to Pisces,medium,astrology,swisseph,Moon: Aquarius -> Pisces
2010-03-16T06:31:53+00:00,Moon ingress to Aries,medium,astrology,swisseph,Moon: Pisces -> Aries
2010-03-17T16:11:40+00:00,Mercury ingress to Aries,low,astrology,swisseph,Mercury: Pisces -> Aries
2010-03-18T16:29:17+00:00,Moon ingress to Taurus,medium,astrology,swisseph,Moon: Aries -> Taurus
2010-03-20T17:32:13+00:00,Sun ingress to Aries,high,astrology,swisseph,Sun: Pisces -> Aries
2010-03-21T00:28:14+00:00,Moon ingress to Gemini,medium,astrology,swisseph,Moon: Taurus -> Gemini
2010-03-23T06:15:43+00:00,Moon ingress to Cancer,medium,astrology,swisseph,Moon: Gemini -> Cancer
2010-03-25T09:38:48+00:00,Moon ingress to Leo,medium,astrology,swisseph,Moon: Cancer -> Leo
2010-03-27T10:57:04+00:00,Moon ingress to Virgo,medium,astrology,swisseph,Moon: Leo -> Virgo
2010-03-29T11:21:07+00:00,Moon ingress to Libra,medium,astrology,swisseph,Moon: Virgo -> Libra
2010-03-31T12:40:51+00:00,Moon ingress to Scorpio,medium,astrology,swisseph,Moon: Libra -> Scorpio
2010-03-31T17:34:46+00:00,Venus ingress to Taurus,low,astrology,swisseph,Venus: Aries -> Taurus
2010-04-02T13:05:49+00:00,Mercury ingress to Taurus,low,astrology,swisseph,Mercury: Aries -> Taurus
2010-04-02T16:52:27+00:00,Moon ingress to Sagittarius,medium,astrology,swisseph,Moon: Scorpio -> Sagittarius
2010-04-05T01:06:40+00:00,Moon ingress to Capricorn,medium,astrology,swisseph,Moon: Sagittarius -> Capricorn
2010-04-07T12:50:47+00:00,Moon ingress to Aquarius,medium,astrology,swisseph,Moon: Capricorn -> Aquarius
2010-04-07T18:51:10+00:00,Saturn ingress to Virgo,high,astrology,swisseph,Saturn: Libra -> Virgo
2010-04-10T01:47:38+00:00,Moon ingress to Pisces,medium,astrology,swisseph,Moon: Aquarius -> Pisces
2010-04-12T13:30:54+00:00,Moon ingress to Aries,medium,astrology,swisseph,Moon: Pisces -> Aries
2010-04-14T22:54:41+00:00,Moon ingress to Taurus,medium,astrology,swisseph,Moon: Aries -> Taurus
2010-04-17T06:07:47+00:00,Moon ingress to Gemini,medium,astrology,swisseph,Moon: Taurus -> Gemini
2010-04-19T11:38:50+00:00,Moon ingress to Cancer,medium,astrology,swisseph,Moon: Gemini -> Cancer
2010-04-20T04:29:48+00:00,Sun ingress to Taurus,high,astrology,swisseph,Sun: Aries -> Taurus
2010-04-21T15:41:51+00:00,Moon ingress to Leo,medium,astrology,swisseph,Moon: Cancer -> Leo
2010-04-23T18:24:09+00:00,Moon ingress to Virgo,medium,astrology,swisseph,Moon: Leo -> Virgo
2010-04-25T05:05:11+00:00,Venus ingress to Gemini,low,astrology,swisseph,Venus: Taurus -> Gemini
2010-04-25T20:16:25+00:00,Moon ingress to Libra,medium,astrology,swisseph,Moon: Virgo -> Libra
2010-04-27T22:28:29+00:00,Moon ingress to Scorpio,medium,astrology,swisseph,Moon: Libra -> Scorpio
2010-04-30T02:35:43+00:00,Moon ingress to Sagittarius,medium,astrology,swisseph,Moon: Scorpio -> Sagittarius
2010-05-02T09:59:43+00:00,Moon ingress to Capricorn,medium,astrology,swisseph,Moon: Sagittarius -> Capricorn
2010-05-04T20:51:29+00:00,Moon ingress to Aquarius,medium,astrology,swisseph,Moon: Capricorn -> Aquarius
2010-05-07T09:33:47+00:00,Moon ingress to Pisces,medium,astrology,swisseph,Moon: Aquarius -> Pisces
2010-05-09T21:29:06+00:00,Moon ingress to Aries,medium,astrology,swisseph,Moon: Pisces -> Aries
2010-05-12T06:47:59+00:00,Moon ingress to Taurus,medium,astrology,swisseph,Moon: Aries -> Taurus
2010-05-14T13:17:45+00:00,Moon ingress to Gemini,medium,astrology,swisseph,Moon: Taurus -> Gemini
2010-05-16T17:45:29+00:00,Moon ingress to Cancer,medium,astrology,swisseph,Moon: Gemini -> Cancer
2010-05-18T21:06:14+00:00,Moon ingress to Leo,medium,astrology,swisseph,Moon: Cancer -> Leo
2010-05-20T01:04:48+00:00,Venus ingress to Cancer,low,astrology,swisseph,Venus: Gemini -> Cancer
2010-05-20T23:58:22+00:00,Moon ingress to Virgo,medium,astrology,swisseph,Moon: Leo -> Virgo
2010-05-21T03:33:54+00:00,Sun ingress to Gemini,high,astrology,swisseph,Sun: Taurus -> Gemini
2010-05-23T02:49:41+00:00,Moon ingress to Libra,medium,astrology,swisseph,Moon: Virgo -> Libra
2010-05-25T06:16:57+00:00,Moon ingress to Scorpio,medium,astrology,swisseph,Moon: Libra -> Scorpio
2010-05-27T11:15:23+00:00,Moon ingress to Sagittarius,medium,astrology,swisseph,Moon: Scorpio -> Sagittarius
2010-05-28T01:46:37+00:00,Uranus ingress to Aries,medium,astrology,swisseph,Uranus: Pisces -> Aries
2010-05-29T18:44:03+00:00,Moon ingress to Capricorn,medium,astrology,swisseph,Moon: Sagittarius -> Capricorn
2010-06-01T05:07:46+00:00,Moon ingress to Aquarius,medium,astrology,swisseph,Moon: Capricorn -> Aquarius
2010-06-03T17:33:30+00:00,Moon ingress to Pisces,medium,astrology,swisseph,Moon: Aquarius -> Pisces
2010-06-06T05:49:37+00:00,Moon ingress to Aries,medium,astrology,swisseph,Moon: Pisces -> Aries
2010-06-06T06:28:08+00:00,Jupiter ingress to Aries,medium,astrology,swisseph,Jupiter: Pisces -> Aries
2010-06-07T06:11:19+00:00,Mars ingress to Virgo,medium,astrology,swisseph,Mars: Leo -> Virgo
2010-06-08T15:40:47+00:00,Moon ingress to Taurus,medium,astrology,swisseph,Moon: Aries -> Taurus
2010-06-10T05:41:02+00:00,Mercury ingress to Gemini,low,astrology,swisseph,Mercury: Taurus -> Gemini
2010-06-10T22:10:42+00:00,Moon ingress to Gemini,medium,astrology,swisseph,Moon: Taurus -> Gemini
2010-06-13T01:50:14+00:00,Moon ingress to Cancer,medium,astrology,swisseph,Moon: Gemini -> Cancer
2010-06-14T08:49:50+00:00,Venus ingress to Leo,low,astrology,swisseph,Venus: Cancer -> Leo
2010-06-15T03:54:01+00:00,Moon ingress to Leo,medium,astrology,swisseph,Moon: Cancer -> Leo
2010-06-17T05:40:41+00:00,Moon ingress to Virgo,medium,astrology,swisseph,Moon: Leo -> Virgo
2010-06-19T08:13:02+00:00,Moon ingress to Libra,medium,astrology,swisseph,Moon: Virgo -> Libra
2010-06-21T11:28:25+00:00,Sun ingress to Cancer,high,astrology,swisseph,Sun: Gemini -> Cancer
2010-06-21T12:13:34+00:00,Moon ingress to Scorpio,medium,astrology,swisseph,Moon: Libra -> Scorpio
2010-06-23T18:09:57+00:00,Moon ingress to Sagittarius,medium,astrology,swisseph,Moon: Scorpio -> Sagittarius
2010-06-25T10:31:53+00:00,Mercury ingress to Cancer,low,astrology,swisseph,Mercury: Gemini -> Cancer
2010-06-26T02:21:14+00:00,Moon ingress to Capricorn,medium,astrology,swisseph,Moon: Sagittarius -> Capricorn
2010-06-28T12:51:53+00:00,Moon ingress to Aquarius,medium,astrology,swisseph,Moon: Capricorn -> Aquarius
2010-07-01T01:09:33+00:00,Moon ingress to Pisces,medium,astrology,swisseph,Moon: Aquarius -> Pisces
2010-07-03T13:43:59+00:00,Moon ingress to Aries,medium,astrology,swisseph,Moon: Pisces -> Aries
2010-07-06T00:28:59+00:00,Moon ingress to Taurus,medium,astrology,swisseph,Moon: Aries -> Taurus
2010-07-08T07:50:39+00:00,Moon ingress to Gemini,medium,astrology,swisseph,Moon: Taurus -> Gemini
2010-07-09T16:29:11+00:00,Mercury ingress to Leo,low,astrology,swisseph,Mercury: Cancer -> Leo
2010-07-10T11:31:33+00:00,Venus ingress to Virgo,low,astrology,swisseph,Venus: Leo -> Virgo
2010-07-10T11:38:02+00:00,Moon ingress to Cancer,medium,astrology,swisseph,Moon: Gemini -> Cancer
2010-07-12T12:53:25+00:00,Moon ingress to Leo,medium,astrology,swisseph,Moon: Cancer -> Leo
2010-07-14T13:14:53+00:00,Moon ingress to Virgo,medium,astrology,swisseph,Moon: Leo -> Virgo
2010-07-16T14:24:05+00:00,Moon ingress to Libra,medium,astrology,swisseph,Moon: Virgo -> Libra
2010-07-18T17:41:47+00:00,Moon ingress to Scorpio,medium,astrology,swisseph,Moon: Libra -> Scorpio
2010-07-20T23:48:23+00:00,Moon ingress to Sagittarius,medium,astrology,swisseph,Moon: Scorpio -> Sagittarius
2010-07-21T15:10:37+00:00,Saturn ingress to Libra,high,astrology,swisseph,Saturn: Virgo -> Libra
2010-07-22T22:21:13+00:00,Sun ingress to Leo,high,astrology,swisseph,Sun: Cancer -> Leo
2010-07-23T08:38:43+00:00,Moon ingress to Capricorn,medium,astrology,swisseph,Moon: Sagittarius -> Capricorn
2010-07-25T19:37:58+00:00,Moon ingress to Aquarius,medium,astrology,swisseph,Moon: Capricorn -> Aquarius
2010-07-27T21:42:43+00:00,Mercury ingress to Virgo,low,astrology,swisseph,Mercury: Leo -> Virgo
2010-07-28T07:59:40+00:00,Moon ingress to Pisces,medium,astrology,swisseph,Moon: Aquarius -> Pisces
2010-07-29T23:46:17+00:00,Mars ingress to Libra,medium,astrology,swisseph,Mars: Virgo -> Libra
2010-07-30T20:41:33+00:00,Moon ingress to Aries,medium,astrology,swisseph,Moon: Pisces -> Aries
2010-08-02T08:12:58+00:00,Moon ingress to Taurus,medium,astrology,swisseph,Moon: Aries -> Taurus
2010-08-04T16:54:12+00:00,Moon ingress to Gemini,medium,astrology,swisseph,Moon: Taurus -> Gemini
2010-08-06T21:49:57+00:00,Moon ingress to Cancer,medium,astrology,swisseph,Moon: Gemini -> Cancer
2010-08-07T03:47:29+00:00,Venus ingress to Libra,low,astrology,swisseph,Venus: Virgo -> Libra
2010-08-08T23:22:55+00:00,Moon ingress to Leo,medium,astrology,swisseph,Moon: Cancer -> Leo
2010-08-10T23:00:44+00:00,Moon ingress to Virgo,medium,astrology,swisseph,Moon: Leo -> Virgo
2010-08-12T22:42:33+00:00,Moon ingress to Libra,medium,astrology,swisseph,Moon: Virgo -> Libra
2010-08-14T03:33:18+00:00,Uranus ingress to Pisces,medium,astrology,swisseph,Uranus: Aries -> Pisces
2010-08-15T00:26:20+00:00,Moon ingress to Scorpio,medium,astrology,swisseph,Moon: Libra -> Scorpio
2010-08-17T05:33:49+00:00,Moon ingress to Sagittarius,medium,astrology,swisseph,Moon: Scorpio -> Sagittarius
2010-08-19T14:17:02+00:00,Moon ingress to Capricorn,medium,astrology,swisseph,Moon: Sagittarius -> Capricorn
2010-08-22T01:37:23+00:00,Moon ingress to Aquarius,medium,astrology,swisseph,Moon: Capricorn -> Aquarius
2010-08-23T05:26:57+00:00,Sun ingress to Virgo,high,astrology,swisseph,Sun: Leo -> Virgo
2010-08-24T14:10:46+00:00,Moon ingress to Pisces,medium,astrology,swisseph,Moon: Aquarius -> Pisces
2010-08-27T02:49:11+00:00,Moon ingress to Aries,medium,astrology,swisseph,Moon: Pisces -> Aries
2010-08-29T14:35:16+00:00,Moon ingress to Taurus,medium,astrology,swisseph,Moon: Aries -> Taurus
2010-09-01T00:19:09+00:00,Moon ingress to Gemini,medium,astrology,swisseph,Moon: Taurus -> Gemini
2010-09-03T06:50:27+00:00,Moon ingress to Cancer,medium,astrology,swisseph,Moon: Gemini -> Cancer
2010-09-05T09:45:08+00:00,Moon ingress to Leo,medium,astrology,swisseph,Moon: Cancer -> Leo
2010-09-07T09:52:41+00:00,Moon ingress to Virgo,medium,astrology,swisseph,Moon: Leo -> Virgo
2010-09-08T15:44:31+00:00,Venus ingress to Scorpio,low,astrology,swisseph,Venus: Libra -> Scorpio
2010-09-09T04:49:19+00:00,Jupiter ingress to Pisces,medium,astrology,swisseph,Jupiter: Aries -> Pisces
2010-09-09T09:00:40+00:00,Moon ingress to Libra,medium,astrology,swisseph,Moon: Virgo -> Libra
2010-09-11T09:20:58+00:00,Moon ingress to Scorpio,medium,astrology,swisseph,Moon: Libra -> Scorpio
2010-09-13T12:51:43+00:00,Moon ingress to Sagittarius,medium,astrology,swisseph,Moon: Scorpio -> Sagittarius
2010-09-14T22:37:44+00:00,Mars ingress to Scorpio,medium,astrology,swisseph,Mars: Libra -> Scorpio
2010-09-15T20:29:45+00:00,Moon ingress to Capricorn,medium,astrology,swisseph,Moon: Sagittarius -> Capricorn
2010-09-18T07:34:35+00:00,Moon ingress to Aquarius,medium,astrology,swisseph,Moon: Capricorn -> Aquarius
2010-09-20T20:14:51+00:00,Moon ingress to Pisces,medium,astrology,swisseph,Moon: Aquarius -> Pisces
2010-09-23T03:09:02+00:00,Sun ingress to Libra,high,astrology,swisseph,Sun: Virgo -> Libra
2010-09-23T08:47:10+00:00,Moon ingress to Aries,medium,astrology,swisseph,Moon: Pisces -> Aries
2010-09-25T20:16:38+00:00,Moon ingress to Taurus,medium,astrology,swisseph,Moon: Aries -> Taurus
2010-09-28T06:10:29+00:00,Moon ingress to Gemini,medium,astrology,swisseph,Moon: Taurus -> Gemini
2010-09-30T13:45:36+00:00,Moon ingress to Cancer,medium,astrology,swisseph,Moon: Gemini -> Cancer
2010-10-02T18:20:49+00:00,Moon ingress to Leo,medium,astrology,swisseph,Moon: Cancer -> Leo
2010-10-03T15:03:45+00:00,Mercury ingress to Libra,low,astrology,swisseph,Mercury: Virgo -> Libra
2010-10-04T19:59:50+00:00,Moon ingress to Virgo,medium,astrology,swisseph,Moon: Leo -> Virgo
2010-10-06T19:51:31+00:00,Moon ingress to Libra,medium,astrology,swisseph,Moon: Virgo -> Libra
2010-10-08T19:51:49+00:00,Moon ingress to Scorpio,medium,astrology,swisseph,Moon: Libra -> Scorpio
2010-10-10T22:08:42+00:00,Moon ingress to Sagittarius,medium,astrology,swisseph,Moon: Scorpio -> Sagittarius
2010-10-13T04:16:48+00:00,Moon ingress to Capricorn,medium,astrology,swisseph,Moon: Sagittarius -> Capricorn
2010-10-15T14:23:41+00:00,Moon ingress to Aquarius,medium,astrology,swisseph,Moon: Capricorn -> Aquarius
2010-10-18T02:51:38+00:00,Moon ingress to Pisces,medium,astrology,swisseph,Moon: Aquarius -> Pisces
2010-10-20T15:22:57+00:00,Moon ingress to Aries,medium,astrology,swisseph,Moon: Pisces -> Aries
2010-10-20T21:18:42+00:00,Mercury ingress to Scorpio,low,astrology,swisseph,Mercury: Libra -> Scorpio
2010-10-23T02:29:29+00:00,Moon ingress to Taurus,medium,astrology,swisseph,Moon: Aries -> Taurus
2010-10-23T12:35:04+00:00,Sun ingress to Scorpio,high,astrology,swisseph,Sun: Libra -> Scorpio
2010-10-25T11:47:25+00:00,Moon ingress to Gemini,medium,astrology,swisseph,Moon: Taurus -> Gemini
2010-10-27T19:14:20+00:00,Moon ingress to Cancer,medium,astrology,swisseph,Moon: Gemini -> Cancer
2010-10-28T06:47:31+00:00,Mars ingress to Sagittarius,medium,astrology,swisseph,Mars: Scorpio -> Sagittarius
2010-10-30T00:38:32+00:00,Moon ingress to Leo,medium,astrology,swisseph,Moon: Cancer -> Leo
2010-11-01T03:51:09+00:00,Moon ingress to Virgo,medium,astrology,swisseph,Moon: Leo -> Virgo
2010-11-03T05:18:40+00:00,Moon ingress to Libra,medium,astrology,swisseph,Moon: Virgo -> Libra
2010-11-05T06:15:31+00:00,Moon ingress to Scorpio,medium,astrology,swisseph,Moon: Libra -> Scorpio
2010-11-07T08:27:27+00:00,Moon ingress to Sagittarius,medium,astrology,swisseph,Moon: Scorpio -> Sagittarius
2010-11-08T03:05:33+00:00,Venus ingress to Libra,low,astrology,swisseph,Venus: Scorpio -> Libra
2010-11-08T23:43:08+00:00,Mercury ingress to Sagittarius,low,astrology,swisseph,Mercury: Scorpio -> Sagittarius
2010-11-09T13:36:28+00:00,Moon ingress to Capricorn,medium,astrology,swisseph,Moon: Sagittarius -> Capricorn
2010-11-11T22:31:43+00:00,Moon ingress to Aquarius,medium,astrology,swisseph,Moon: Capricorn -> Aquarius
2010-11-14T10:24:02+00:00,Moon ingress to Pisces,medium,astrology,swisseph,Moon: Aquarius -> Pisces
2010-11-16T22:58:35+00:00,Moon ingress to Aries,medium,astrology,swisseph,Moon: Pisces -> Aries
2010-11-19T10:04:15+00:00,Moon ingress to Taurus,medium,astrology,swisseph,Moon: Aries -> Taurus
2010-11-21T18:45:43+00:00,Moon ingress to Gemini,medium,astrology,swisseph,Moon: Taurus -> Gemini
2010-11-22T10:14:33+00:00,Sun ingress to Sagittarius,high,astrology,swisseph,Sun: Scorpio -> Sagittarius
2010-11-24T01:13:57+00:00,Moon ingress to Cancer,medium,astrology,swisseph,Moon: Gemini -> Cancer
2010-11-26T06:01:06+00:00,Moon ingress to Leo,medium,astrology,swisseph,Moon: Cancer -> Leo
2010-11-28T09:33:39+00:00,Moon ingress to Virgo,medium,astrology,swisseph,Moon: Leo -> Virgo
2010-11-30T00:33:14+00:00,Venus ingress to Scorpio,low,astrology,swisseph,Venus: Libra -> Scorpio
2010-11-30T12:15:15+00:00,Moon ingress to Libra,medium,astrology,swisseph,Moon: Virgo -> Libra
2010-12-01T00:10:27+00:00,Mercury ingress to Capricorn,low,astrology,swisseph,Mercury: Sagittarius -> Capricorn
2010-12-02T14:43:31+00:00,Moon ingress to Scorpio,medium,astrology,swisseph,Moon: Libra -> Scorpio
2010-12-04T17:59:06+00:00,Moon ingress to Sagittarius,medium,astrology,swisseph,Moon: Scorpio -> Sagittarius
2010-12-06T23:15:41+00:00,Moon ingress to Capricorn,medium,astrology,swisseph,Moon: Sagittarius -> Capricorn
2010-12-07T23:48:53+00:00,Mars ingress to Capricorn,medium,astrology,swisseph,Mars: Sagittarius -> Capricorn
2010-12-09T07:30:24+00:00,Moon ingress to Aquarius,medium,astrology,swisseph,Moon: Capricorn -> Aquarius
2010-12-11T18:40:33+00:00,Moon ingress to Pisces,medium,astrology,swisseph,Moon: Aquarius -> Pisces
2010-12-14T07:14:31+00:00,Moon ingress to Aries,medium,astrology,swisseph,Moon: Pisces -> Aries
2010-12-16T18:48:42+00:00,Moon ingress to Taurus,medium,astrology,swisseph,Moon: Aries -> Taurus
2010-12-18T14:53:28+00:00,Mercury ingress to Sagittarius,low,astrology,swisseph,Mercury: Capricorn -> Sagittarius
2010-12-19T03:37:20+00:00,Moon ingress to Gemini,medium,astrology,swisseph,Moon: Taurus -> Gemini
2010-12-21T09:22:02+00:00,Moon ingress to Cancer,medium,astrology,swisseph,Moon: Gemini -> Cancer
2010-12-21T23:38:27+00:00,Sun ingress to Capricorn,high,astrology,swisseph,Sun: Sagittarius -> Capricorn
2010-12-23T12:50:30+00:00,Moon ingress to Leo,medium,astrology,swisseph,Moon: Cancer -> Leo
2010-12-25T15:13:53+00:00,Moon ingress to Virgo,medium,astrology,swisseph,Moon: Leo -> Virgo
2010-12-27T17:37:41+00:00,Moon ingress to Libra,medium,astrology,swisseph,Moon: Virgo -> Libra
2010-12-29T20:49:27+00:00,Moon ingress to Scorpio,medium,astrology,swisseph,Moon: Libra -> Scorpio
2011-01-01T01:20:59+00:00,Moon ingress to Sagittarius,medium,astrology,swisseph,Moon: Scorpio -> Sagittarius
2011-01-03T07:38:35+00:00,Moon ingress to Capricorn,medium,astrology,swisseph,Moon: Sagittarius -> Capricorn
2011-01-05T16:07:32+00:00,Moon ingress to Aquarius,medium,astrology,swisseph,Moon: Capricorn -> Aquarius
2011-01-07T12:30:28+00:00,Venus ingress to Sagittarius,low,astrology,swisseph,Venus: Scorpio -> Sagittarius
2011-01-08T02:56:42+00:00,Moon ingress to Pisces,medium,astrology,swisseph,Moon: Aquarius -> Pisces
2011-01-10T15:23:35+00:00,Moon ingress to Aries,medium,astrology,swisseph,Moon: Pisces -> Aries
2011-01-13T03:36:51+00:00,Moon ingress to Taurus,medium,astrology,swisseph,Moon: Aries -> Taurus
2011-01-13T11:24:49+00:00,Mercury ingress to Capricorn,low,astrology,swisseph,Mercury: Sagittarius -> Capricorn
2011-01-15T13:22:45+00:00,Moon ingress to Gemini,medium,astrology,swisseph,Moon: Taurus -> Gemini
2011-01-15T22:41:23+00:00,Mars ingress to Aquarius,medium,astrology,swisseph,Mars: Capricorn -> Aquarius
2011-01-17T19:28:41+00:00,Moon ingress to Cancer,medium,astrology,swisseph,Moon: Gemini -> Cancer
2011-01-19T22:15:52+00:00,Moon ingress to Leo,medium,astrology,swisseph,Moon: Cancer -> Leo
2011-01-20T10:18:31+00:00,Sun ingress to Aquarius,high,astrology,swisseph,Sun: Capricorn -> Aquarius
2011-01-21T23:10:10+00:00,Moon ingress to Virgo,medium,astrology,swisseph,Moon: Leo -> Virgo
2011-01-22T17:11:33+00:00,Jupiter ingress to Aries,medium,astrology,swisseph,Jupiter: Pisces -> Aries
2011-01-23T23:58:46+00:00,Moon ingress to Libra,medium,astrology,swisseph,Moon: Virgo -> Libra
2011-01-26T02:15:25+00:00,Moon ingress to Scorpio,medium,astrology,swisseph,Moon: Libra -> Scorpio
2011-01-28T06:54:48+00:00,Moon ingress to Sagittarius,medium,astrology,swisseph,Moon: Scorpio -> Sagittarius
2011-01-30T14:03:57+00:00,Moon ingress to Capricorn,medium,astrology,swisseph,Moon: Sagittarius -> Capricorn
2011-02-01T23:21:13+00:00,Moon ingress to Aquarius,medium,astrology,swisseph,Moon: Capricorn -> Aquarius
2011-02-03T22:18:51+00:00,Mercury ingress to Aquarius,low,astrology,swisseph,Mercury: Capricorn -> Aquarius
2011-02-04T05:58:08+00:00,Venus ingress to Capricorn,low,astrology,swisseph,Venus: Sagittarius -> Capricorn
2011-02-04T10:23:51+00:00,Moon ingress to Pisces,medium,astrology,swisseph,Moon: Aquarius -> Pisces
2011-02-06T22:45:26+00:00,Moon ingress to Aries,medium,astrology,swisseph,Moon: Pisces -> Aries
2011-02-09T11:22:25+00:00,Moon ingress to Taurus,medium,astrology,swisseph,Moon: Aries -> Taurus
2011-02-11T22:20:29+00:00,Moon ingress to Gemini,medium,astrology,swisseph,Moon: Taurus -> Gemini
2011-02-14T05:48:29+00:00,Moon ingress to Cancer,medium,astrology,swisseph,Moon: Gemini -> Cancer
2011-02-16T09:14:06+00:00,Moon ingress to Leo,medium,astrology,swisseph,Moon: Cancer -> Leo
2011-02-18T09:38:52+00:00,Moon ingress to Virgo,medium,astrology,swisseph,Moon: Leo -> Virgo
2011-02-19T00:25:19+00:00,Sun ingress to Pisces,high,astrology,swisseph,Sun: Aquarius -> Pisces
2011-02-20T09:00:38+00:00,Moon ingress to Libra,medium,astrology,swisseph,Moon: Virgo -> Libra
2011-02-21T20:53:19+00:00,Mercury ingress to Pisces,low,astrology,swisseph,Mercury: Aquarius -> Pisces
2011-02-22T09:28:41+00:00,Moon ingress to Scorpio,medium,astrology,swisseph,Moon: Libra -> Scorpio
2011-02-23T01:05:50+00:00,Mars ingress to Pisces,medium,astrology,swisseph,Mars: Aquarius -> Pisces
2011-02-24T12:45:35+00:00,Moon ingress to Sagittarius,medium,astrology,swisseph,Moon: Scorpio -> Sagittarius
2011-02-26T19:31:36+00:00,Moon ingress to Capricorn,medium,astrology,swisseph,Moon: Sagittarius -> Capricorn
2011-03-01T05:14:17+00:00,Moon ingress to Aquarius,medium,astrology,swisseph,Moon: Capricorn -> Aquarius
2011-03-02T02:38:47+00:00,Venus ingress to Aquarius,low,astrology,swisseph,Venus: Capricorn -> Aquarius
2011-03-03T16:46:33+00:00,Moon ingress to Pisces,medium,astrology,swisseph,Moon: Aquarius -> Pisces
2011-03-06T05:13:42+00:00,Moon ingress to Aries,medium,astrology,swisseph,Moon: Pisces -> Aries
2011-03-08T17:51:56+00:00,Moon ingress to Taurus,medium,astrology,swisseph,Moon: Aries -> Taurus
2011-03-09T17:47:02+00:00,Mercury ingress to Aries,low,astrology,swisseph,Mercury: Pisces -> Aries
2011-03-11T05:31:04+00:00,Moon ingress to Gemini,medium,astrology,swisseph,Moon: Taurus -> Gemini
2011-03-12T00:51:02+00:00,Uranus ingress to Aries,medium,astrology,swisseph,Uranus: Pisces -> Aries
2011-03-13T14:29:27+00:00,Moon ingress to Cancer,medium,astrology,swisseph,Moon: Gemini -> Cancer
2011-03-15T19:32:57+00:00,Moon ingress to Leo,medium,astrology,swisseph,Moon: Cancer -> Leo
2011-03-17T20:53:01+00:00,Moon ingress to Virgo,medium,astrology,swisseph,Moon: Leo -> Virgo
2011-03-19T20:03:05+00:00,Moon ingress to Libra,medium,astrology,swisseph,Moon: Virgo -> Libra
2011-03-20T23:20:43+00:00,Sun ingress to Aries,high,astrology,swisseph,Sun: Pisces -> Aries
2011-03-21T19:16:36+00:00,Moon ingress to Scorpio,medium,astrology,swisseph,Moon: Libra -> Scorpio
2011-03-23T20:45:06+00:00,Moon ingress to Sagittarius,medium,astrology,swisseph,Moon: Scorpio -> Sagittarius
2011-03-26T01:57:15+00:00,Moon ingress to Capricorn,medium,astrology,swisseph,Moon: Sagittarius -> Capricorn
2011-03-27T06:52:36+00:00,Venus ingress to Pisces,low,astrology,swisseph,Venus: Aquarius -> Pisces
2011-03-28T10:59:38+00:00,Moon ingress to Aquarius,medium,astrology,swisseph,Moon: Capricorn -> Aquarius
2011-03-30T22:37:59+00:00,Moon ingress to Pisces,medium,astrology,swisseph,Moon: Aquarius -> Pisces
2011-04-02T04:51:05+00:00,Mars ingress to Aries,medium,astrology,swisseph,Mars: Pisces -> Aries
2011-04-02T11:15:41+00:00,Moon ingress to Aries,medium,astrology,swisseph,Moon: Pisces -> Aries
2011-04-04T13:54:16+00:00,Neptune ingress to Pisces,medium,astrology,swisseph,Neptune: Aquarius -> Pisces
2011-04-04T23:45:51+00:00,Moon ingress to Taurus,medium,astrology,swisseph,Moon: Aries -> Taurus
2011-04-07T11:21:31+00:00,Moon ingress to Gemini,medium,astrology,swisseph,Moon: Taurus -> Gemini
2011-04-09T21:01:39+00:00,Moon ingress to Cancer,medium,astrology,swisseph,Moon: Gemini -> Cancer
2011-04-12T03:37:02+00:00,Moon ingress to Leo,medium,astrology,swisseph,Moon: Cancer -> Leo
2011-04-14T06:40:20+00:00,Moon ingress to Virgo,medium,astrology,swisseph,Moon: Leo -> Virgo
2011-04-16T06:58:48+00:00,Moon ingress to Libra,medium,astrology,swisseph,Moon: Virgo -> Libra
2011-04-18T06:18:54+00:00,Moon ingress to Scorpio,medium,astrology,swisseph,Moon: Libra -> Scorpio
2011-04-20T06:49:32+00:00,Moon ingress to Sagittarius,medium,astrology,swisseph,Moon: Scorpio -> Sagittarius
2011-04-20T10:17:25+00:00,Sun ingress to Taurus,high,astrology,swisseph,Sun: Aries -> Taurus
2011-04-21T04:06:21+00:00,Venus ingress to Aries,low,astrology,swisseph,Venus: Pisces -> Aries
2011-04-22T10:24:17+00:00,Moon ingress to Capricorn,medium,astrology,swisseph,Moon: Sagittarius -> Capricorn
2011-04-24T17:58:46+00:00,Moon ingress to Aquarius,medium,astrology,swisseph,Moon: Capricorn -> Aquarius
2011-04-27T04:57:30+00:00,Moon ingress to Pisces,medium,astrology,swisseph,Moon: Aquarius -> Pisces
2011-04-29T17:33:19+00:00,Moon ingress to Aries,medium,astrology,swisseph,Moon: Pisces -> Aries
2011-05-02T05:58:22+00:00,Moon ingress to Taurus,medium,astrology,swisseph,Moon: Aries -> Taurus
2011-05-04T17:09:01+00:00,Moon ingress to Gemini,medium,astrology,swisseph,Moon: Taurus -> Gemini
2011-05-07T02:31:31+00:00,Moon ingress to Cancer,medium,astrology,swisseph,Moon: Gemini -> Cancer
2011-05-09T09:35:23+00:00,Moon ingress to Leo,medium,astrology,swisseph,Moon: Cancer -> Leo
2011-05-11T07:03:30+00:00,Mars ingress to Taurus,medium,astrology,swisseph,Mars: Aries -> Taurus
2011-05-11T13:58:50+00:00,Moon ingress to Virgo,medium,astrology,swisseph,Moon: Leo -> Virgo
2011-05-13T15:56:23+00:00,Moon ingress to Libra,medium,astrology,swisseph,Moon: Virgo -> Libra
2011-05-15T16:31:29+00:00,Moon ingress to Scorpio,medium,astrology,swisseph,Moon: Libra -> Scorpio
2011-05-15T22:12:08+00:00,Venus ingress to Taurus,low,astrology,swisseph,Venus: Aries -> Taurus
2011-05-15T23:18:19+00:00,Mercury ingress to Taurus,low,astrology,swisseph,Mercury: Aries -> Taurus
2011-05-17T17:22:26+00:00,Moon ingress to Sagittarius,medium,astrology,swisseph,Moon: Scorpio -> Sagittarius
2011-05-19T20:15:39+00:00,Moon ingress to Capricorn,medium,astrology,swisseph,Moon: Sagittarius -> Capricorn
2011-05-21T09:21:10+00:00,Sun ingress to Gemini,high,astrology,swisseph,Sun: Taurus -> Gemini
2011-05-22T02:31:30+00:00,Moon ingress to Aquarius,medium,astrology,swisseph,Moon: Capricorn -> Aquarius
2011-05-24T12:23:36+00:00,Moon ingress to Pisces,medium,astrology,swisseph,Moon: Aquarius -> Pisces
2011-05-27T00:36:19+00:00,Moon ingress to Aries,medium,astrology,swisseph,Moon: Pisces -> Aries
2011-05-29T13:01:50+00:00,Moon ingress to Taurus,medium,astrology,swisseph,Moon: Aries -> Taurus
2011-05-31T23:56:09+00:00,Moon ingress to Gemini,medium,astrology,swisseph,Moon: Taurus -> Gemini
2011-06-02T20:02:29+00:00,Mercury ingress to Gemini,low,astrology,swisseph,Mercury: Taurus -> Gemini
2011-06-03T08:36:21+00:00,Moon ingress to Cancer,medium,astrology,swisseph,Moon: Gemini -> Cancer
2011-06-04T13:56:15+00:00,Jupiter ingress to Taurus,medium,astrology,swisseph,Jupiter: Aries -> Taurus
2011-06-05T15:03:08+00:00,Moon ingress to Leo,medium,astrology,swisseph,Moon: Cancer -> Leo
2011-06-07T19:33:09+00:00,Moon ingress to Virgo,medium,astrology,swisseph,Moon: Leo -> Virgo
2011-06-09T14:23:20+00:00,Venus ingress to Gemini,low,astrology,swisseph,Venus: Taurus -> Gemini
2011-06-09T22:30:36+00:00,Moon ingress to Libra,medium,astrology,swisseph,Moon: Virgo -> Libra
2011-06-12T00:33:12+00:00,Moon ingress to Scorpio,medium,astrology,swisseph,Moon: Libra -> Scorpio
2011-06-14T02:38:15+00:00,Moon ingress to Sagittarius,medium,astrology,swisseph,Moon: Scorpio -> Sagittarius
2011-06-16T05:58:44+00:00,Moon ingress to Capricorn,medium,astrology,swisseph,Moon: Sagittarius -> Capricorn
2011-06-16T19:08:43+00:00,Mercury ingress to Cancer,low,astrology,swisseph,Mercury: Gemini -> Cancer
2011-06-18T11:47:13+00:00,Moon ingress to Aquarius,medium,astrology,swisseph,Moon: Capricorn -> Aquarius
2011-06-20T20:45:11+00:00,Moon ingress to Pisces,medium,astrology,swisseph,Moon: Aquarius -> Pisces
2011-06-21T02:49:57+00:00,Mars ingress to Gemini,medium,astrology,swisseph,Mars: Taurus -> Gemini
2011-06-21T17:16:30+00:00,Sun ingress to Cancer,high,astrology,swisseph,Sun: Gemini -> Cancer
2011-06-23T08:23:46+00:00,Moon ingress to Aries,medium,astrology,swisseph,Moon: Pisces -> Aries
2011-06-25T20:52:37+00:00,Moon ingress to Taurus,medium,astrology,swisseph,Moon: Aries -> Taurus
2011-06-28T07:55:57+00:00,Moon ingress to Gemini,medium,astrology,swisseph,Moon: Taurus -> Gemini
2011-06-30T16:12:50+00:00,Moon ingress to Cancer,medium,astrology,swisseph,Moon: Gemini -> Cancer
2011-07-02T05:37:43+00:00,Mercury ingress to Leo,low,astrology,swisseph,Mercury: Cancer -> Leo
2011-07-02T21:42:37+00:00,Moon ingress to Leo,medium,astrology,swisseph,Moon: Cancer -> Leo
2011-07-04T04:16:58+00:00,Venus ingress to Cancer,low,astrology,swisseph,Venus: Gemini -> Cancer
2011-07-05T01:15:12+00:00,Moon ingress to Virgo,medium,astrology,swisseph,Moon: Leo -> Virgo
2011-07-07T03:53:37+00:00,Moon ingress to Libra,medium,astrology,swisseph,Moon: Virgo -> Libra
2011-07-09T06:31:10+00:00,Moon ingress to Scorpio,medium,astrology,swisseph,Moon: Libra -> Scorpio
2011-07-11T09:46:39+00:00,Moon ingress to Sagittarius,medium,astrology,swisseph,Moon: Scorpio -> Sagittarius
2011-07-13T14:13:31+00:00,Moon ingress to Capricorn,medium,astrology,swisseph,Moon: Sagittarius -> Capricorn
2011-07-15T20:29:54+00:00,Moon ingress to Aquarius,medium,astrology,swisseph,Moon: Capricorn -> Aquarius
2011-07-18T05:12:38+00:00,Moon ingress to Pisces,medium,astrology,swisseph,Moon: Aquarius -> Pisces
2011-07-20T16:25:16+00:00,Moon ingress to Aries,medium,astrology,swisseph,Moon: Pisces -> Aries
2011-07-23T04:11:50+00:00,Sun ingress to Leo,high,astrology,swisseph,Sun: Cancer -> Leo
2011-07-23T04:57:55+00:00,Moon ingress to Taurus,medium,astrology,swisseph,Moon: Aries -> Taurus
2011-07-25T16:34:14+00:00,Moon ingress to Gemini,medium,astrology,swisseph,Moon: Taurus -> Gemini
2011-07-28T01:11:25+00:00,Moon ingress to Cancer,medium,astrology,swisseph,Moon: Gemini -> Cancer
2011-07-28T14:58:40+00:00,Venus ingress to Leo,low,astrology,swisseph,Venus: Cancer -> Leo
2011-07-28T17:58:39+00:00,Mercury ingress to Virgo,low,astrology,swisseph,Mercury: Leo -> Virgo
2011-07-30T06:15:46+00:00,Moon ingress to Leo,medium,astrology,swisseph,Moon: Cancer -> Leo
2011-08-01T08:41:30+00:00,Moon ingress to Virgo,medium,astrology,swisseph,Moon: Leo -> Virgo
2011-08-03T09:21:43+00:00,Mars ingress to Cancer,medium,astrology,swisseph,Mars: Gemini -> Cancer
2011-08-03T10:04:16+00:00,Moon ingress to Libra,medium,astrology,swisseph,Moon: Virgo -> Libra
2011-08-05T02:48:08+00:00,Neptune ingress to Aquarius,medium,astrology,swisseph,Neptune: Pisces -> Aquarius
2011-08-05T11:56:56+00:00,Moon ingress to Scorpio,medium,astrology,swisseph,Moon: Libra -> Scorpio
2011-08-07T15:20:45+00:00,Moon ingress to Sagittarius,medium,astrology,swisseph,Moon: Scorpio -> Sagittarius
2011-08-08T09:46:06+00:00,Mercury ingress to Leo,low,astrology,swisseph,Mercury: Virgo -> Leo
2011-08-09T20:37:32+00:00,Moon ingress to Capricorn,medium,astrology,swisseph,Moon: Sagittarius -> Capricorn
2011-08-12T03:47:28+00:00,Moon ingress to Aquarius,medium,astrology,swisseph,Moon: Capricorn -> Aquarius
2011-08-14T12:53:59+00:00,Moon ingress to Pisces,medium,astrology,swisseph,Moon: Aquarius -> Pisces
2011-08-17T00:01:24+00:00,Moon ingress to Aries,medium,astrology,swisseph,Moon: Pisces -> Aries
2011-08-19T12:36:13+00:00,Moon ingress to Taurus,medium,astrology,swisseph,Moon: Aries -> Taurus
2011-08-21T22:10:41+00:00,Venus ingress to Virgo,low,astrology,swisseph,Venus: Leo -> Virgo
2011-08-22T00:52:57+00:00,Moon ingress to Gemini,medium,astrology,swisseph,Moon: Taurus -> Gemini
2011-08-23T11:20:39+00:00,Sun ingress to Virgo,high,astrology,swisseph,Sun: Leo -> Virgo
2011-08-24T10:30:48+00:00,Moon ingress to Cancer,medium,astrology,swisseph,Moon: Gemini -> Cancer
2011-08-26T16:08:50+00:00,Moon ingress to Leo,medium,astrology,swisseph,Moon: Cancer -> Leo
2011-08-28T18:13:11+00:00,Moon ingress to Virgo,medium,astrology,swisseph,Moon: Leo -> Virgo
2011-08-30T18:25:13+00:00,Moon ingress to Libra,medium,astrology,swisseph,Moon: Virgo -> Libra
2011-09-01T18:47:54+00:00,Moon ingress to Scorpio,medium,astrology,swisseph,Moon: Libra -> Scorpio
2011-09-03T21:03:29+00:00,Moon ingress to Sagittarius,medium,astrology,swisseph,Moon: Scorpio -> Sagittarius
2011-09-06T02:03:24+00:00,Moon ingress to Capricorn,medium,astrology,swisseph,Moon: Sagittarius -> Capricorn
2011-09-08T09:42:10+00:00,Moon ingress to Aquarius,medium,astrology,swisseph,Moon: Capricorn -> Aquarius
2011-09-09T05:58:28+00:00,Mercury ingress to Virgo,low,astrology,swisseph,Mercury: Leo -> Virgo
2011-09-10T19:26:24+00:00,Moon ingress to Pisces,medium,astrology,swisseph,Moon: Aquarius -> Pisces
2011-09-13T06:49:21+00:00,Moon ingress to Aries,medium,astrology,swisseph,Moon: Pisces -> Aries
2011-09-15T02:39:59+00:00,Venus ingress to Libra,low,astrology,swisseph,Venus: Virgo -> Libra
2011-09-15T19:24:44+00:00,Moon ingress to Taurus,medium,astrology,swisseph,Moon: Aries -> Taurus
2011-09-18T08:06:09+00:00,Moon ingress to Gemini,medium,astrology,swisseph,Moon: Taurus -> Gemini
2011-09-19T01:50:55+00:00,Mars ingress to Leo,medium,astrology,swisseph,Mars: Cancer -> Leo
2011-09-20T18:53:27+00:00,Moon ingress to Cancer,medium,astrology,swisseph,Moon: Gemini -> Cancer
2011-09-23T01:55:17+00:00,Moon ingress to Leo,medium,astrology,swisseph,Moon: Cancer -> Leo
2011-09-23T09:04:38+00:00,Sun ingress to Libra,high,astrology,swisseph,Sun: Virgo -> Libra
2011-09-25T04:49:19+00:00,Moon ingress to Virgo,medium,astrology,swisseph,Moon: Leo -> Virgo
2011-09-25T21:08:39+00:00,Mercury ingress to Libra,low,astrology,swisseph,Mercury: Virgo -> Libra
2011-09-27T04:50:36+00:00,Moon ingress to Libra,medium,astrology,swisseph,Moon: Virgo -> Libra
2011-09-29T04:04:56+00:00,Moon ingress to Scorpio,medium,astrology,swisseph,Moon: Libra -> Scorpio
2011-10-01T04:41:34+00:00,Moon ingress to Sagittarius,medium,astrology,swisseph,Moon: Scorpio -> Sagittarius
2011-10-03T08:15:37+00:00,Moon ingress to Capricorn,medium,astrology,swisseph,Moon: Sagittarius -> Capricorn
2011-10-05T15:17:58+00:00,Moon ingress to Aquarius,medium,astrology,swisseph,Moon: Capricorn -> Aquarius
2011-10-08T01:13:10+00:00,Moon ingress to Pisces,medium,astrology,swisseph,Moon: Aquarius -> Pisces
2011-10-09T05:49:38+00:00,Venus ingress to Scorpio,low,astrology,swisseph,Venus: Libra -> Scorpio
2011-10-10T12:57:04+00:00,Moon ingress to Aries,medium,astrology,swisseph,Moon: Pisces -> Aries
2011-10-13T01:34:59+00:00,Moon ingress to Taurus,medium,astrology,swisseph,Moon: Aries -> Taurus
2011-10-13T10:51:35+00:00,Mercury ingress to Scorpio,low,astrology,swisseph,Mercury: Libra -> Scorpio
2011-10-15T14:14:54+00:00,Moon ingress to Gemini,medium,astrology,swisseph,Moon: Taurus -> Gemini
2011-10-18T01:37:49+00:00,Moon ingress to Cancer,medium,astrology,swisseph,Moon: Gemini -> Cancer
2011-10-20T10:05:40+00:00,Moon ingress to Leo,medium,astrology,swisseph,Moon: Cancer -> Leo
2011-10-22T14:40:32+00:00,Moon ingress to Virgo,medium,astrology,swisseph,Moon: Leo -> Virgo
2011-10-23T18:30:18+00:00,Sun ingress to Scorpio,high,astrology,swisseph,Sun: Libra -> Scorpio
2011-10-24T15:49:03+00:00,Moon ingress to Libra,medium,astrology,swisseph,Moon: Virgo -> Libra
2011-10-26T15:08:22+00:00,Moon ingress to Scorpio,medium,astrology,swisseph,Moon: Libra -> Scorpio
2011-10-28T14:45:05+00:00,Moon ingress to Sagittarius,medium,astrology,swisseph,Moon: Scorpio -> Sagittarius
2011-10-30T16:38:46+00:00,Moon ingress to Capricorn,medium,astrology,swisseph,Moon: Sagittarius -> Capricorn
2011-11-01T22:07:40+00:00,Moon ingress to Aquarius,medium,astrology,swisseph,Moon: Capricorn -> Aquarius
2011-11-02T08:51:23+00:00,Venus ingress to Sagittarius,low,astrology,swisseph,Venus: Scorpio -> Sagittarius
2011-11-02T16:54:14+00:00,Mercury ingress to Sagittarius,low,astrology,swisseph,Mercury: Scorpio -> Sagittarius
2011-11-04T07:17:45+00:00,Moon ingress to Pisces,medium,astrology,swisseph,Moon: Aquarius -> Pisces
2011-11-06T19:02:04+00:00,Moon ingress to Aries,medium,astrology,swisseph,Moon: Pisces -> Aries
2011-11-09T07:45:17+00:00,Moon ingress to Taurus,medium,astrology,swisseph,Moon: Aries -> Taurus
2011-11-11T04:15:04+00:00,Mars ingress to Virgo,medium,astrology,swisseph,Mars: Leo -> Virgo
2011-11-11T20:09:54+00:00,Moon ingress to Gemini,medium,astrology,swisseph,Moon: Taurus -> Gemini
2011-11-14T07:18:42+00:00,Moon ingress to Cancer,medium,astrology,swisseph,Moon: Gemini -> Cancer
2011-11-16T16:17:00+00:00,Moon ingress to Leo,medium,astrology,swisseph,Moon: Cancer -> Leo
2011-11-18T22:18:38+00:00,Moon ingress to Virgo,medium,astrology,swisseph,Moon: Leo -> Virgo
2011-11-21T01:16:10+00:00,Moon ingress to Libra,medium,astrology,swisseph,Moon: Virgo -> Libra
2011-11-22T16:07:50+00:00,Sun ingress to Sagittarius,high,astrology,swisseph,Sun: Scorpio -> Sagittarius
2011-11-23T01:58:10+00:00,Moon ingress to Scorpio,medium,astrology,swisseph,Moon: Libra -> Scorpio
2011-11-25T01:57:15+00:00,Moon ingress to Sagittarius,medium,astrology,swisseph,Moon: Scorpio -> Sagittarius
2011-11-26T12:36:08+00:00,Venus ingress to Capricorn,low,astrology,swisseph,Venus: Sagittarius -> Capricorn
2011-11-27T03:04:29+00:00,Moon ingress to Capricorn,medium,astrology,swisseph,Moon: Sagittarius -> Capricorn
2011-11-29T07:01:33+00:00,Moon ingress to Aquarius,medium,astrology,swisseph,Moon: Capricorn -> Aquarius
2011-12-01T14:45:16+00:00,Moon ingress to Pisces,medium,astrology,swisseph,Moon: Aquarius -> Pisces
2011-12-04T01:51:08+00:00,Moon ingress to Aries,medium,astrology,swisseph,Moon: Pisces -> Aries
2011-12-06T14:34:30+00:00,Moon ingress to Taurus,medium,astrology,swisseph,Moon: Aries -> Taurus
2011-12-09T02:52:20+00:00,Moon ingress to Gemini,medium,astrology,swisseph,Moon: Taurus -> Gemini
2011-12-11T13:25:47+00:00,Moon ingress to Cancer,medium,astrology,swisseph,Moon: Gemini -> Cancer
2011-12-13T21:47:58+00:00,Moon ingress to Leo,medium,astrology,swisseph,Moon: Cancer -> Leo
2011-12-16T03:58:27+00:00,Moon ingress to Virgo,medium,astrology,swisseph,Moon: Leo -> Virgo
2011-12-18T08:06:15+00:00,Moon ingress to Libra,medium,astrology,swisseph,Moon: Virgo -> Libra
2011-12-20T10:32:47+00:00,Moon ingress to Scorpio,medium,astrology,swisseph,Moon: Libra -> Scorpio
2011-12-20T18:26:05+00:00,Venus ingress to Aquarius,low,astrology,swisseph,Venus: Capricorn -> Aquarius
2011-12-22T05:30:02+00:00,Sun ingress to Capricorn,high,astrology,swisseph,Sun: Sagittarius -> Capricorn
2011-12-22T12:02:36+00:00,Moon ingress to Sagittarius,medium,astrology,swisseph,Moon: Scorpio -> Sagittarius
2011-12-24T13:46:54+00:00,Moon ingress to Capricorn,medium,astrology,swisseph,Moon: Sagittarius -> Capricorn
2011-12-26T17:14:13+00:00,Moon ingress to Aquarius,medium,astrology,swisseph,Moon: Capricorn -> Aquarius
2011-12-28T23:45:14+00:00,Moon ingress to Pisces,medium,astrology,swisseph,Moon: Aquarius -> Pisces
2011-12-31T09:48:14+00:00,Moon ingress to Aries,medium,astrology,swisseph,Moon: Pisces -> Aries
2012-01-02T22:15:54+00:00,Moon ingress to Taurus,medium,astrology,swisseph,Moon: Aries -> Taurus
2012-01-05T10:44:14+00:00,Moon ingress to Gemini,medium,astrology,swisseph,Moon: Taurus -> Gemini
2012-01-07T21:05:05+00:00,Moon ingress to Cancer,medium,astrology,swisseph,Moon: Gemini -> Cancer
2012-01-08T06:33:41+00:00,Mercury ingress to Capricorn,low,astrology,swisseph,Mercury: Sagittarius -> Capricorn
2012-01-10T04:35:03+00:00,Moon ingress to Leo,medium,astrology,swisseph,Moon: Cancer -> Leo
2012-01-12T09:44:05+00:00,Moon ingress to Virgo,medium,astrology,swisseph,Moon: Leo -> Virgo
2012-01-14T05:47:19+00:00,Venus ingress to Pisces,low,astrology,swisseph,Venus: Aquarius -> Pisces
2012-01-14T13:28:05+00:00,Moon ingress to Libra,medium,astrology,swisseph,Moon: Virgo -> Libra
2012-01-16T16:33:26+00:00,Moon ingress to Scorpio,medium,astrology,swisseph,Moon: Libra -> Scorpio
2012-01-18T19:28:43+00:00,Moon ingress to Sagittarius,medium,astrology,swisseph,Moon: Scorpio -> Sagittarius
2012-01-20T16:09:49+00:00,Sun ingress to Aquarius,high,astrology,swisseph,Sun: Capricorn -> Aquarius
2012-01-20T22:40:19+00:00,Moon ingress to Capricorn,medium,astrology,swisseph,Moon: Sagittarius -> Capricorn
2012-01-23T02:52:55+00:00,Moon ingress to Aquarius,medium,astrology,swisseph,Moon: Capricorn -> Aquarius
2012-01-25T09:11:01+00:00,Moon ingress to Pisces,medium,astrology,swisseph,Moon: Aquarius -> Pisces
2012-01-27T18:11:38+00:00,Mercury ingress to Aquarius,low,astrology,swisseph,Mercury: Capricorn -> Aquarius
2012-01-27T18:27:51+00:00,Moon ingress to Aries,medium,astrology,swisseph,Moon: Pisces -> Aries
2012-01-30T06:28:25+00:00,Moon ingress to Taurus,medium,astrology,swisseph,Moon: Aries -> Taurus
2012-02-01T19:14:28+00:00,Moon ingress to Gemini,medium,astrology,swisseph,Moon: Taurus -> Gemini
2012-02-03T19:06:37+00:00,Neptune ingress to Pisces,medium,astrology,swisseph,Neptune: Aquarius -> Pisces
2012-02-04T06:03:45+00:00,Moon ingress to Cancer,medium,astrology,swisseph,Moon: Gemini -> Cancer
2012-02-06T13:23:42+00:00,Moon ingress to Leo,medium,astrology,swisseph,Moon: Cancer -> Leo
2012-02-08T06:00:56+00:00,Venus ingress to Aries,low,astrology,swisseph,Venus: Pisces -> Aries
2012-02-08T17:32:23+00:00,Moon ingress to Virgo,medium,astrology,swisseph,Moon: Leo -> Virgo
2012-02-10T19:54:07+00:00,Moon ingress to Libra,medium,astrology,swisseph,Moon: Virgo -> Libra
2012-02-12T22:01:13+00:00,Moon ingress to Scorpio,medium,astrology,swisseph,Moon: Libra -> Scorpio
2012-02-14T01:37:51+00:00,Mercury ingress to Pisces,low,astrology,swisseph,Mercury: Aquarius -> Pisces
2012-02-15T00:56:18+00:00,Moon ingress to Sagittarius,medium,astrology,swisseph,Moon: Scorpio -> Sagittarius
2012-02-17T05:03:12+00:00,Moon ingress to Capricorn,medium,astrology,swisseph,Moon: Sagittarius -> Capricorn
2012-02-19T06:17:36+00:00,Sun ingress to Pisces,high,astrology,swisseph,Sun: Aquarius -> Pisces
2012-02-19T10:28:17+00:00,Moon ingress to Aquarius,medium,astrology,swisseph,Moon: Capricorn -> Aquarius
2012-02-21T17:31:10+00:00,Moon ingress to Pisces,medium,astrology,swisseph,Moon: Aquarius -> Pisces
2012-02-24T02:47:38+00:00,Moon ingress to Aries,medium,astrology,swisseph,Moon: Pisces -> Aries
2012-02-26T14:29:24+00:00,Moon ingress to Taurus,medium,astrology,swisseph,Moon: Aries -> Taurus
2012-02-29T03:26:51+00:00,Moon ingress to Gemini,medium,astrology,swisseph,Moon: Taurus -> Gemini
2012-03-02T11:40:39+00:00,Mercury ingress to Aries,low,astrology,swisseph,Mercury: Pisces -> Aries
2012-03-02T15:08:21+00:00,Moon ingress to Cancer,medium,astrology,swisseph,Moon: Gemini -> Cancer
2012-03-04T23:17:30+00:00,Moon ingress to Leo,medium,astrology,swisseph,Moon: Cancer -> Leo
2012-03-05T10:24:35+00:00,Venus ingress to Taurus,low,astrology,swisseph,Venus: Aries -> Taurus
2012-03-07T03:26:45+00:00,Moon ingress to Virgo,medium,astrology,swisseph,Moon: Leo -> Virgo
2012-03-09T04:50:22+00:00,Moon ingress to Libra,medium,astrology,swisseph,Moon: Virgo -> Libra
2012-03-11T05:23:58+00:00,Moon ingress to Scorpio,medium,astrology,swisseph,Moon: Libra -> Scorpio
2012-03-13T06:53:26+00:00,Moon ingress to Sagittarius,medium,astrology,swisseph,Moon: Scorpio -> Sagittarius
2012-03-15T10:23:49+00:00,Moon ingress to Capricorn,medium,astrology,swisseph,Moon: Sagittarius -> Capricorn
2012-03-17T16:11:24+00:00,Moon ingress to Aquarius,medium,astrology,swisseph,Moon: Capricorn -> Aquarius
2012-03-20T00:05:08+00:00,Moon ingress to Pisces,medium,astrology,swisseph,Moon: Aquarius -> Pisces
2012-03-20T05:14:26+00:00,Sun ingress to Aries,high,astrology,swisseph,Sun: Pisces -> Aries
2012-03-22T09:57:16+00:00,Moon ingress to Aries,medium,astrology,swisseph,Moon: Pisces -> Aries
2012-03-23T13:22:19+00:00,Mercury ingress to Pisces,low,astrology,swisseph,Mercury: Aries -> Pisces
2012-03-24T21:43:22+00:00,Moon ingress to Taurus,medium,astrology,swisseph,Moon: Aries -> Taurus
2012-03-27T10:43:11+00:00,Moon ingress to Gemini,medium,astrology,swisseph,Moon: Taurus -> Gemini
2012-03-29T23:07:10+00:00,Moon ingress to Cancer,medium,astrology,swisseph,Moon: Gemini -> Cancer
2012-04-01T08:35:27+00:00,Moon ingress to Leo,medium,astrology,swisseph,Moon: Cancer -> Leo
2012-04-03T13:52:57+00:00,Moon ingress to Virgo,medium,astrology,swisseph,Moon: Leo -> Virgo
2012-04-03T15:17:50+00:00,Venus ingress to Gemini,low,astrology,swisseph,Venus: Taurus -> Gemini
2012-04-05T15:32:11+00:00,Moon ingress to Libra,medium,astrology,swisseph,Moon: Virgo -> Libra
2012-04-07T15:17:29+00:00,Moon ingress to Scorpio,medium,astrology,swisseph,Moon: Libra -> Scorpio
2012-04-09T15:12:12+00:00,Moon ingress to Sagittarius,medium,astrology,swisseph,Moon: Scorpio -> Sagittarius
2012-04-11T17:01:37+00:00,Moon ingress to Capricorn,medium,astrology,swisseph,Moon: Sagittarius -> Capricorn
2012-04-13T21:47:40+00:00,Moon ingress to Aquarius,medium,astrology,swisseph,Moon: Capricorn -> Aquarius
2012-04-16T05:37:44+00:00,Moon ingress to Pisces,medium,astrology,swisseph,Moon: Aquarius -> Pisces
2012-04-16T22:42:06+00:00,Mercury ingress to Aries,low,astrology,swisseph,Mercury: Pisces -> Aries
2012-04-18T15:58:45+00:00,Moon ingress to Aries,medium,astrology,swisseph,Moon: Pisces -> Aries
2012-04-19T16:12:05+00:00,Sun ingress to Taurus,high,astrology,swisseph,Sun: Aries -> Taurus
2012-04-21T04:05:07+00:00,Moon ingress to Taurus,medium,astrology,swisseph,Moon: Aries -> Taurus
2012-04-23T17:05:11+00:00,Moon ingress to Gemini,medium,astrology,swisseph,Moon: Taurus -> Gemini
2012-04-26T05:42:05+00:00,Moon ingress to Cancer,medium,astrology,swisseph,Moon: Gemini -> Cancer
2012-04-28T16:10:22+00:00,Moon ingress to Leo,medium,astrology,swisseph,Moon: Cancer -> Leo
2012-04-30T23:02:19+00:00,Moon ingress to Virgo,medium,astrology,swisseph,Moon: Leo -> Virgo
2012-05-03T02:03:47+00:00,Moon ingress to Libra,medium,astrology,swisseph,Moon: Virgo -> Libra
2012-05-05T02:19:36+00:00,Moon ingress to Scorpio,medium,astrology,swisseph,Moon: Libra -> Scorpio
2012-05-07T01:38:59+00:00,Moon ingress to Sagittarius,medium,astrology,swisseph,Moon: Scorpio -> Sagittarius
2012-05-09T01:59:57+00:00,Moon ingress to Capricorn,medium,astrology,swisseph,Moon: Sagittarius -> Capricorn
2012-05-09T05:14:29+00:00,Mercury ingress to Taurus,low,astrology,swisseph,Mercury: Aries -> Taurus
2012-05-11T05:02:34+00:00,Moon ingress to Aquarius,medium,astrology,swisseph,Moon: Capricorn -> Aquarius
2012-05-13T11:41:43+00:00,Moon ingress to Pisces,medium,astrology,swisseph,Moon: Aquarius -> Pisces
2012-05-15T21:45:27+00:00,Moon ingress to Aries,medium,astrology,swisseph,Moon: Pisces -> Aries
2012-05-18T10:03:21+00:00,Moon ingress to Taurus,medium,astrology,swisseph,Moon: Aries -> Taurus
2012-05-20T15:15:32+00:00,Sun ingress to Gemini,high,astrology,swisseph,Sun: Taurus -> Gemini
2012-05-20T23:05:20+00:00,Moon ingress to Gemini,medium,astrology,swisseph,Moon: Taurus -> Gemini
2012-05-23T11:31:13+00:00,Moon ingress to Cancer,medium,astrology,swisseph,Moon: Gemini -> Cancer
2012-05-24T11:11:39+00:00,Mercury ingress to Gemini,low,astrology,swisseph,Mercury: Taurus -> Gemini
2012-05-25T22:11:22+00:00,Moon ingress to Leo,medium,astrology,swisseph,Moon: Cancer -> Leo
2012-05-28T06:06:11+00:00,Moon ingress to Virgo,medium,astrology,swisseph,Moon: Leo -> Virgo
2012-05-30T10:45:46+00:00,Moon ingress to Libra,medium,astrology,swisseph,Moon: Virgo -> Libra
2012-06-01T12:31:03+00:00,Moon ingress to Scorpio,medium,astrology,swisseph,Moon: Libra -> Scorpio
2012-06-03T12:32:24+00:00,Moon ingress to Sagittarius,medium,astrology,swisseph,Moon: Scorpio -> Sagittarius
2012-06-05T12:30:53+00:00,Moon ingress to Capricorn,medium,astrology,swisseph,Moon: Sagittarius -> Capricorn
2012-06-07T11:15:47+00:00,Mercury ingress to Cancer,low,astrology,swisseph,Mercury: Gemini -> Cancer
2012-06-07T14:16:37+00:00,Moon ingress to Aquarius,medium,astrology,swisseph,Moon: Capricorn -> Aquarius
2012-06-09T19:21:40+00:00,Moon ingress to Pisces,medium,astrology,swisseph,Moon: Aquarius -> Pisces
2012-06-11T17:22:07+00:00,Jupiter ingress to Gemini,medium,astrology,swisseph,Jupiter: Taurus -> Gemini
2012-06-12T04:21:03+00:00,Moon ingress to Aries,medium,astrology,swisseph,Moon: Pisces -> Aries
2012-06-14T16:21:37+00:00,Moon ingress to Taurus,medium,astrology,swisseph,Moon: Aries -> Taurus
2012-06-17T05:23:58+00:00,Moon ingress to Gemini,medium,astrology,swisseph,Moon: Taurus -> Gemini
2012-06-19T17:33:40+00:00,Moon ingress to Cancer,medium,astrology,swisseph,Moon: Gemini -> Cancer
2012-06-20T23:08:48+00:00,Sun ingress to Cancer,high,astrology,swisseph,Sun: Gemini -> Cancer
2012-06-22T03:47:07+00:00,Moon ingress to Leo,medium,astrology,swisseph,Moon: Cancer -> Leo
2012-06-24T11:42:26+00:00,Moon ingress to Virgo,medium,astrology,swisseph,Moon: Leo -> Virgo
2012-06-26T02:23:55+00:00,Mercury ingress to Leo,low,astrology,swisseph,Mercury: Cancer -> Leo
2012-06-26T17:15:13+00:00,Moon ingress to Libra,medium,astrology,swisseph,Moon: Virgo -> Libra
2012-06-28T20:32:21+00:00,Moon ingress to Scorpio,medium,astrology,swisseph,Moon: Libra -> Scorpio
2012-06-30T22:03:32+00:00,Moon ingress to Sagittarius,medium,astrology,swisseph,Moon: Scorpio -> Sagittarius
2012-07-02T22:50:56+00:00,Moon ingress to Capricorn,medium,astrology,swisseph,Moon: Sagittarius -> Capricorn
2012-07-03T12:31:32+00:00,Mars ingress to Libra,medium,astrology,swisseph,Mars: Virgo -> Libra
2012-07-05T00:25:41+00:00,Moon ingress to Aquarius,medium,astrology,swisseph,Moon: Capricorn -> Aquarius
2012-07-07T04:29:02+00:00,Moon ingress to Pisces,medium,astrology,swisseph,Moon: Aquarius -> Pisces
2012-07-09T12:13:42+00:00,Moon ingress to Aries,medium,astrology,swisseph,Moon: Pisces -> Aries
2012-07-11T23:30:25+00:00,Moon ingress to Taurus,medium,astrology,swisseph,Moon: Aries -> Taurus
2012-07-14T12:26:24+00:00,Moon ingress to Gemini,medium,astrology,swisseph,Moon: Taurus -> Gemini
2012-07-17T00:31:07+00:00,Moon ingress to Cancer,medium,astrology,swisseph,Moon: Gemini -> Cancer
2012-07-19T10:13:02+00:00,Moon ingress to Leo,medium,astrology,swisseph,Moon: Cancer -> Leo
2012-07-21T17:24:02+00:00,Moon ingress to Virgo,medium,astrology,swisseph,Moon: Leo -> Virgo
2012-07-22T10:00:52+00:00,Sun ingress to Leo,high,astrology,swisseph,Sun: Cancer -> Leo
2012-07-23T22:38:13+00:00,Moon ingress to Libra,medium,astrology,swisseph,Moon: Virgo -> Libra
2012-07-26T02:29:10+00:00,Moon ingress to Scorpio,medium,astrology,swisseph,Moon: Libra -> Scorpio
2012-07-28T05:17:47+00:00,Moon ingress to Sagittarius,medium,astrology,swisseph,Moon: Scorpio -> Sagittarius
2012-07-30T07:29:24+00:00,Moon ingress to Capricorn,medium,astrology,swisseph,Moon: Sagittarius -> Capricorn
2012-08-01T09:55:52+00:00,Moon ingress to Aquarius,medium,astrology,swisseph,Moon: Capricorn -> Aquarius
2012-08-03T13:57:59+00:00,Moon ingress to Pisces,medium,astrology,swisseph,Moon: Aquarius -> Pisces
2012-08-05T20:58:28+00:00,Moon ingress to Aries,medium,astrology,swisseph,Moon: Pisces -> Aries
2012-08-07T13:42:51+00:00,Venus ingress to Cancer,low,astrology,swisseph,Venus: Gemini -> Cancer
2012-08-08T07:27:55+00:00,Moon ingress to Taurus,medium,astrology,swisseph,Moon: Aries -> Taurus
2012-08-10T20:10:51+00:00,Moon ingress to Gemini,medium,astrology,swisseph,Moon: Taurus -> Gemini
2012-08-13T08:27:27+00:00,Moon ingress to Cancer,medium,astrology,swisseph,Moon: Gemini -> Cancer
2012-08-15T18:04:33+00:00,Moon ingress to Leo,medium,astrology,swisseph,Moon: Cancer -> Leo
2012-08-18T00:33:08+00:00,Moon ingress to Virgo,medium,astrology,swisseph,Moon: Leo -> Virgo
2012-08-20T04:45:21+00:00,Moon ingress to Libra,medium,astrology,swisseph,Moon: Virgo -> Libra
2012-08-22T07:53:45+00:00,Moon ingress to Scorpio,medium,astrology,swisseph,Moon: Libra -> Scorpio
2012-08-22T17:06:50+00:00,Sun ingress to Virgo,high,astrology,swisseph,Sun: Leo -> Virgo
2012-08-23T15:24:15+00:00,Mars ingress to Scorpio,medium,astrology,swisseph,Mars: Libra -> Scorpio
2012-08-24T10:50:03+00:00,Moon ingress to Sagittarius,medium,astrology,swisseph,Moon: Scorpio -> Sagittarius
2012-08-26T13:58:25+00:00,Moon ingress to Capricorn,medium,astrology,swisseph,Moon: Sagittarius -> Capricorn
2012-08-28T17:38:24+00:00,Moon ingress to Aquarius,medium,astrology,swisseph,Moon: Capricorn -> Aquarius
2012-08-30T22:30:55+00:00,Moon ingress to Pisces,medium,astrology,swisseph,Moon: Aquarius -> Pisces
2012-09-01T02:32:12+00:00,Mercury ingress to Virgo,low,astrology,swisseph,Mercury: Leo -> Virgo
2012-09-02T05:37:12+00:00,Moon ingress to Aries,medium,astrology,swisseph,Moon: Pisces -> Aries
2012-09-04T15:41:03+00:00,Moon ingress to Taurus,medium,astrology,swisseph,Moon: Aries -> Taurus
2012-09-06T14:47:47+00:00,Venus ingress to Leo,low,astrology,swisseph,Venus: Cancer -> Leo
2012-09-07T04:09:35+00:00,Moon ingress to Gemini,medium,astrology,swisseph,Moon: Taurus -> Gemini
2012-09-09T16:49:09+00:00,Moon ingress to Cancer,medium,astrology,swisseph,Moon: Gemini -> Cancer
2012-09-12T03:00:31+00:00,Moon ingress to Leo,medium,astrology,swisseph,Moon: Cancer -> Leo
2012-09-14T09:30:28+00:00,Moon ingress to Virgo,medium,astrology,swisseph,Moon: Leo -> Virgo
2012-09-16T12:55:05+00:00,Moon ingress to Libra,medium,astrology,swisseph,Moon: Virgo -> Libra
2012-09-16T23:22:04+00:00,Mercury ingress to Libra,low,astrology,swisseph,Mercury: Virgo -> Libra
2012-09-18T14:45:49+00:00,Moon ingress to Scorpio,medium,astrology,swisseph,Moon: Libra -> Scorpio
2012-09-20T16:34:00+00:00,Moon ingress to Sagittarius,medium,astrology,swisseph,Moon: Scorpio -> Sagittarius
2012-09-22T14:48:59+00:00,Sun ingress to Libra,high,astrology,swisseph,Sun: Virgo -> Libra
2012-09-22T19:20:25+00:00,Moon ingress to Capricorn,medium,astrology,swisseph,Moon: Sagittarius -> Capricorn
2012-09-24T23:32:26+00:00,Moon ingress to Aquarius,medium,astrology,swisseph,Moon: Capricorn -> Aquarius
2012-09-27T05:23:29+00:00,Moon ingress to Pisces,medium,astrology,swisseph,Moon: Aquarius -> Pisces
2012-09-29T13:13:55+00:00,Moon ingress to Aries,medium,astrology,swisseph,Moon: Pisces -> Aries
2012-10-01T23:26:07+00:00,Moon ingress to Taurus,medium,astrology,swisseph,Moon: Aries -> Taurus
2012-10-03T06:58:53+00:00,Venus ingress to Virgo,low,astrology,swisseph,Venus: Leo -> Virgo
2012-10-04T11:46:31+00:00,Moon ingress to Gemini,medium,astrology,swisseph,Moon: Taurus -> Gemini
2012-10-05T10:35:14+00:00,Mercury ingress to Scorpio,low,astrology,swisseph,Mercury: Libra -> Scorpio
2012-10-05T20:33:59+00:00,Saturn ingress to Scorpio,high,astrology,swisseph,Saturn: Libra -> Scorpio
2012-10-07T00:45:12+00:00,Moon ingress to Cancer,medium,astrology,swisseph,Moon: Gemini -> Cancer
2012-10-07T03:20:51+00:00,Mars ingress to Sagittarius,medium,astrology,swisseph,Mars: Scorpio -> Sagittarius
2012-10-09T11:54:58+00:00,Moon ingress to Leo,medium,astrology,swisseph,Moon: Cancer -> Leo
2012-10-11T19:23:28+00:00,Moon ingress to Virgo,medium,astrology,swisseph,Moon: Leo -> Virgo
2012-10-13T23:01:47+00:00,Moon ingress to Libra,medium,astrology,swisseph,Moon: Virgo -> Libra
2012-10-16T00:06:18+00:00,Moon ingress to Scorpio,medium,astrology,swisseph,Moon: Libra -> Scorpio
2012-10-18T00:25:45+00:00,Moon ingress to Sagittarius,medium,astrology,swisseph,Moon: Scorpio -> Sagittarius
2012-10-20T01:40:59+00:00,Moon ingress to Capricorn,medium,astrology,swisseph,Moon: Sagittarius -> Capricorn
2012-10-22T05:02:16+00:00,Moon ingress to Aquarius,medium,astrology,swisseph,Moon: Capricorn -> Aquarius
2012-10-23T00:13:34+00:00,Sun ingress to Scorpio,high,astrology,swisseph,Sun: Libra -> Scorpio
2012-10-24T10:59:57+00:00,Moon ingress to Pisces,medium,astrology,swisseph,Moon: Aquarius -> Pisces
2012-10-26T19:30:56+00:00,Moon ingress to Aries,medium,astrology,swisseph,Moon: Pisces -> Aries
2012-10-28T13:03:57+00:00,Venus ingress to Libra,low,astrology,swisseph,Venus: Virgo -> Libra
2012-10-29T06:15:15+00:00,Moon ingress to Taurus,medium,astrology,swisseph,Moon: Aries -> Taurus
2012-10-29T06:18:08+00:00,Mercury ingress to Sagittarius,low,astrology,swisseph,Mercury: Scorpio -> Sagittarius
2012-10-31T18:40:15+00:00,Moon ingress to Gemini,medium,astrology,swisseph,Moon: Taurus -> Gemini
2012-11-03T07:43:09+00:00,Moon ingress to Cancer,medium,astrology,swisseph,Moon: Gemini -> Cancer
2012-11-05T19:38:59+00:00,Moon ingress to Leo,medium,astrology,swisseph,Moon: Cancer -> Leo
2012-11-08T04:34:47+00:00,Moon ingress to Virgo,medium,astrology,swisseph,Moon: Leo -> Virgo
2012-11-10T09:35:00+00:00,Moon ingress to Libra,medium,astrology,swisseph,Moon: Virgo -> Libra
2012-11-12T11:10:11+00:00,Moon ingress to Scorpio,medium,astrology,swisseph,Moon: Libra -> Scorpio
2012-11-14T07:42:28+00:00,Mercury ingress to Scorpio,low,astrology,swisseph,Mercury: Sagittarius -> Scorpio
2012-11-14T10:51:59+00:00,Moon ingress to Sagittarius,medium,astrology,swisseph,Moon: Scorpio -> Sagittarius
2012-11-16T10:35:24+00:00,Moon ingress to Capricorn,medium,astrology,swisseph,Moon: Sagittarius -> Capricorn
2012-11-17T02:36:05+00:00,Mars ingress to Capricorn,medium,astrology,swisseph,Mars: Sagittarius -> Capricorn
2012-11-18T12:10:08+00:00,Moon ingress to Aquarius,medium,astrology,swisseph,Moon: Capricorn -> Aquarius
2012-11-20T16:54:58+00:00,Moon ingress to Pisces,medium,astrology,swisseph,Moon: Aquarius -> Pisces
2012-11-21T21:50:08+00:00,Sun ingress to Sagittarius,high,astrology,swisseph,Sun: Scorpio -> Sagittarius
2012-11-22T01:19:46+00:00,Venus ingress to Scorpio,low,astrology,swisseph,Venus: Libra -> Scorpio
2012-11-23T01:11:34+00:00,Moon ingress to Aries,medium,astrology,swisseph,Moon: Pisces -> Aries
2012-11-25T12:18:14+00:00,Moon ingress to Taurus,medium,astrology,swisseph,Moon: Aries -> Taurus
2012-11-28T00:58:16+00:00,Moon ingress to Gemini,medium,astrology,swisseph,Moon: Taurus -> Gemini
2012-11-30T13:54:48+00:00,Moon ingress to Cancer,medium,astrology,swisseph,Moon: Gemini -> Cancer
2012-12-03T01:56:59+00:00,Moon ingress to Leo,medium,astrology,swisseph,Moon: Cancer -> Leo
2012-12-05T11:51:25+00:00,Moon ingress to Virgo,medium,astrology,swisseph,Moon: Leo -> Virgo
2012-12-07T18:35:20+00:00,Moon ingress to Libra,medium,astrology,swisseph,Moon: Virgo -> Libra
2012-12-09T21:50:37+00:00,Moon ingress to Scorpio,medium,astrology,swisseph,Moon: Libra -> Scorpio
2012-12-11T01:39:47+00:00,Mercury ingress to Sagittarius,low,astrology,swisseph,Mercury: Scorpio -> Sagittarius
2012-12-11T22:21:36+00:00,Moon ingress to Sagittarius,medium,astrology,swisseph,Moon: Scorpio -> Sagittarius
2012-12-13T21:42:32+00:00,Moon ingress to Capricorn,medium,astrology,swisseph,Moon: Sagittarius -> Capricorn
2012-12-15T21:52:43+00:00,Moon ingress to Aquarius,medium,astrology,swisseph,Moon: Capricorn -> Aquarius
2012-12-16T04:38:07+00:00,Venus ingress to Sagittarius,low,astrology,swisseph,Venus: Scorpio -> Sagittarius
2012-12-18T00:48:22+00:00,Moon ingress to Pisces,medium,astrology,swisseph,Moon: Aquarius -> Pisces
2012-12-20T07:43:18+00:00,Moon ingress to Aries,medium,astrology,swisseph,Moon: Pisces -> Aries
2012-12-21T11:11:36+00:00,Sun ingress to Capricorn,high,astrology,swisseph,Sun: Sagittarius -> Capricorn
2012-12-22T18:25:04+00:00,Moon ingress to Taurus,medium,astrology,swisseph,Moon: Aries -> Taurus
2012-12-25T07:13:23+00:00,Moon ingress to Gemini,medium,astrology,swisseph,Moon: Taurus -> Gemini
2012-12-26T00:48:31+00:00,Mars ingress to Aquarius,medium,astrology,swisseph,Mars: Capricorn -> Aquarius
2012-12-27T20:06:23+00:00,Moon ingress to Cancer,medium,astrology,swisseph,Moon: Gemini -> Cancer
2012-12-30T07:45:15+00:00,Moon ingress to Leo,medium,astrology,swisseph,Moon: Cancer -> Leo
2012-12-31T14:02:41+00:00,Mercury ingress to Capricorn,low,astrology,swisseph,Mercury: Sagittarius -> Capricorn
2013-01-01T17:34:43+00:00,Moon ingress to Virgo,medium,astrology,swisseph,Moon: Leo -> Virgo
2013-01-04T01:10:38+00:00,Moon ingress to Libra,medium,astrology,swisseph,Moon: Virgo -> Libra
2013-01-06T06:08:54+00:00,Moon ingress to Scorpio,medium,astrology,swisseph,Moon: Libra -> Scorpio
2013-01-08T08:28:08+00:00,Moon ingress to Sagittarius,medium,astrology,swisseph,Moon: Scorpio -> Sagittarius
2013-01-09T04:10:47+00:00,Venus ingress to Capricorn,low,astrology,swisseph,Venus: Sagittarius -> Capricorn
2013-01-10T08:54:20+00:00,Moon ingress to Capricorn,medium,astrology,swisseph,Moon: Sagittarius -> Capricorn
2013-01-12T09:01:17+00:00,Moon ingress to Aquarius,medium,astrology,swisseph,Moon: Capricorn -> Aquarius
2013-01-14T10:49:12+00:00,Moon ingress to Pisces,medium,astrology,swisseph,Moon: Aquarius -> Pisces
2013-01-16T16:06:59+00:00,Moon ingress to Aries,medium,astrology,swisseph,Moon: Pisces -> Aries
2013-01-19T01:36:15+00:00,Moon ingress to Taurus,medium,astrology,swisseph,Moon: Aries -> Taurus
2013-01-19T07:25:16+00:00,Mercury ingress to Aquarius,low,astrology,swisseph,Mercury: Capricorn -> Aquarius
2013-01-19T21:51:43+00:00,Sun ingress to Aquarius,high,astrology,swisseph,Sun: Capricorn -> Aquarius
2013-01-21T14:04:22+00:00,Moon ingress to Gemini,medium,astrology,swisseph,Moon: Taurus -> Gemini
2013-01-24T02:59:57+00:00,Moon ingress to Cancer,medium,astrology,swisseph,Moon: Gemini -> Cancer
2013-01-26T14:20:15+00:00,Moon ingress to Leo,medium,astrology,swisseph,Moon: Cancer -> Leo
2013-01-28T23:27:11+00:00,Moon ingress to Virgo,medium,astrology,swisseph,Moon: Leo -> Virgo
2013-01-31T06:35:37+00:00,Moon ingress to Libra,medium,astrology,swisseph,Moon: Virgo -> Libra
2013-02-02T01:53:46+00:00,Mars ingress to Pisces,medium,astrology,swisseph,Mars: Aquarius -> Pisces
2013-02-02T02:46:36+00:00,Venus ingress to Aquarius,low,astrology,swisseph,Venus: Capricorn -> Aquarius
2013-02-02T12:01:31+00:00,Moon ingress to Scorpio,medium,astrology,swisseph,Moon: Libra -> Scorpio
2013-02-04T15:45:17+00:00,Moon ingress to Sagittarius,medium,astrology,swisseph,Moon: Scorpio -> Sagittarius
2013-02-05T14:55:25+00:00,Mercury ingress to Pisces,low,astrology,swisseph,Mercury: Aquarius -> Pisces
2013-02-06T17:54:54+00:00,Moon ingress to Capricorn,medium,astrology,swisseph,Moon: Sagittarius -> Capricorn
2013-02-08T19:16:30+00:00,Moon ingress to Aquarius,medium,astrology,swisseph,Moon: Capricorn -> Aquarius
2013-02-10T21:19:28+00:00,Moon ingress to Pisces,medium,astrology,swisseph,Moon: Aquarius -> Pisces
2013-02-13T01:51:15+00:00,Moon ingress to Aries,medium,astrology,swisseph,Moon: Pisces -> Aries
2013-02-15T10:07:45+00:00,Moon ingress to Taurus,medium,astrology,swisseph,Moon: Aries -> Taurus
2013-02-17T21:49:54+00:00,Moon ingress to Gemini,medium,astrology,swisseph,Moon: Taurus -> Gemini
2013-02-18T12:01:36+00:00,Sun ingress to Pisces,high,astrology,swisseph,Sun: Aquarius -> Pisces
2013-02-20T10:44:47+00:00,Moon ingress to Cancer,medium,astrology,swisseph,Moon: Gemini -> Cancer
2013-02-22T22:11:58+00:00,Moon ingress to Leo,medium,astrology,swisseph,Moon: Cancer -> Leo
2013-02-25T06:52:28+00:00,Moon ingress to Virgo,medium,astrology,swisseph,Moon: Leo -> Virgo
2013-02-26T02:02:52+00:00,Venus ingress to Pisces,low,astrology,swisseph,Venus: Aquarius -> Pisces
2013-02-27T13:01:42+00:00,Moon ingress to Libra,medium,astrology,swisseph,Moon: Virgo -> Libra
2013-03-01T17:33:24+00:00,Moon ingress to Scorpio,medium,astrology,swisseph,Moon: Libra -> Scorpio
2013-03-03T21:10:33+00:00,Moon ingress to Sagittarius,medium,astrology,swisseph,Moon: Scorpio -> Sagittarius
2013-03-06T00:13:33+00:00,Moon ingress to Capricorn,medium,astrology,swisseph,Moon: Sagittarius -> Capricorn
2013-03-08T03:01:30+00:00,Moon ingress to Aquarius,medium,astrology,swisseph,Moon: Capricorn -> Aquarius
2013-03-10T06:18:36+00:00,Moon ingress to Pisces,medium,astrology,swisseph,Moon: Aquarius -> Pisces
2013-03-12T06:25:52+00:00,Mars ingress to Aries,medium,astrology,swisseph,Mars: Pisces -> Aries
2013-03-12T11:17:05+00:00,Moon ingress to Aries,medium,astrology,swisseph,Moon: Pisces -> Aries
2013-03-14T19:08:12+00:00,Moon ingress to Taurus,medium,astrology,swisseph,Moon: Aries -> Taurus
2013-03-17T06:08:55+00:00,Moon ingress to Gemini,medium,astrology,swisseph,Moon: Taurus -> Gemini
2013-03-19T18:55:08+00:00,Moon ingress to Cancer,medium,astrology,swisseph,Moon: Gemini -> Cancer
2013-03-20T11:01:55+00:00,Sun ingress to Aries,high,astrology,swisseph,Sun: Pisces -> Aries
2013-03-22T03:15:09+00:00,Venus ingress to Aries,low,astrology,swisseph,Venus: Pisces -> Aries
2013-03-22T06:49:43+00:00,Moon ingress to Leo,medium,astrology,swisseph,Moon: Cancer -> Leo
2013-03-24T15:49:00+00:00,Moon ingress to Virgo,medium,astrology,swisseph,Moon: Leo -> Virgo
2013-03-26T21:31:35+00:00,Moon ingress to Libra,medium,astrology,swisseph,Moon: Virgo -> Libra
2013-03-29T00:53:30+00:00,Moon ingress to Scorpio,medium,astrology,swisseph,Moon: Libra -> Scorpio
2013-03-31T03:13:10+00:00,Moon ingress to Sagittarius,medium,astrology,swisseph,Moon: Scorpio -> Sagittarius
2013-04-02T05:35:16+00:00,Moon ingress to Capricorn,medium,astrology,swisseph,Moon: Sagittarius -> Capricorn
2013-04-04T08:41:24+00:00,Moon ingress to Aquarius,medium,astrology,swisseph,Moon: Capricorn -> Aquarius
2013-04-06T13:00:08+00:00,Moon ingress to Pisces,medium,astrology,swisseph,Moon: Aquarius -> Pisces
2013-04-08T19:02:15+00:00,Moon ingress to Aries,medium,astrology,swisseph,Moon: Pisces -> Aries
2013-04-11T03:21:49+00:00,Moon ingress to Taurus,medium,astrology,swisseph,Moon: Aries -> Taurus
2013-04-13T14:12:37+00:00,Moon ingress to Gemini,medium,astrology,swisseph,Moon: Taurus -> Gemini
2013-04-14T02:36:56+00:00,Mercury ingress to Aries,low,astrology,swisseph,Mercury: Pisces -> Aries
2013-04-15T07:24:45+00:00,Venus ingress to Taurus,low,astrology,swisseph,Venus: Aries -> Taurus
2013-04-16T02:49:15+00:00,Moon ingress to Cancer,medium,astrology,swisseph,Moon: Gemini -> Cancer
2013-04-18T15:13:24+00:00,Moon ingress to Leo,medium,astrology,swisseph,Moon: Cancer -> Leo
2013-04-19T22:03:18+00:00,Sun ingress to Taurus,high,astrology,swisseph,Sun: Aries -> Taurus
2013-04-20T11:48:17+00:00,Mars ingress to Taurus,medium,astrology,swisseph,Mars: Aries -> Taurus
2013-04-21T01:08:26+00:00,Moon ingress to Virgo,medium,astrology,swisseph,Moon: Leo -> Virgo
2013-04-23T07:24:39+00:00,Moon ingress to Libra,medium,astrology,swisseph,Moon: Virgo -> Libra
2013-04-25T10:25:19+00:00,Moon ingress to Scorpio,medium,astrology,swisseph,Moon: Libra -> Scorpio
2013-04-27T11:31:46+00:00,Moon ingress to Sagittarius,medium,astrology,swisseph,Moon: Scorpio -> Sagittarius
2013-04-29T12:21:11+00:00,Moon ingress to Capricorn,medium,astrology,swisseph,Moon: Sagittarius -> Capricorn
2013-05-01T14:19:30+00:00,Moon ingress to Aquarius,medium,astrology,swisseph,Moon: Capricorn -> Aquarius
2013-05-01T15:37:04+00:00,Mercury ingress to Taurus,low,astrology,swisseph,Mercury: Aries -> Taurus
2013-05-03T18:25:22+00:00,Moon ingress to Pisces,medium,astrology,swisseph,Moon: Aquarius -> Pisces
2013-05-06T01:03:12+00:00,Moon ingress to Aries,medium,astrology,swisseph,Moon: Pisces -> Aries
2013-05-08T10:09:04+00:00,Moon ingress to Taurus,medium,astrology,swisseph,Moon: Aries -> Taurus
2013-05-09T15:03:07+00:00,Venus ingress to Gemini,low,astrology,swisseph,Venus: Taurus -> Gemini
2013-05-10T21:20:59+00:00,Moon ingress to Gemini,medium,astrology,swisseph,Moon: Taurus -> Gemini
2013-05-13T09:56:38+00:00,Moon ingress to Cancer,medium,astrology,swisseph,Moon: Gemini -> Cancer
2013-05-15T20:41:13+00:00,Mercury ingress to Gemini,low,astrology,swisseph,Mercury: Taurus -> Gemini
2013-05-15T22:37:33+00:00,Moon ingress to Leo,medium,astrology,swisseph,Moon: Cancer -> Leo
2013-05-18T09:32:47+00:00,Moon ingress to Virgo,medium,astrology,swisseph,Moon: Leo -> Virgo
2013-05-20T17:07:03+00:00,Moon ingress to Libra,medium,astrology,swisseph,Moon: Virgo -> Libra
2013-05-20T21:09:32+00:00,Sun ingress to Gemini,high,astrology,swisseph,Sun: Taurus -> Gemini
2013-05-22T20:55:08+00:00,Moon ingress to Scorpio,medium,astrology,swisseph,Moon: Libra -> Scorpio
2013-05-24T21:49:01+00:00,Moon ingress to Sagittarius,medium,astrology,swisseph,Moon: Scorpio -> Sagittarius
2013-05-26T21:28:26+00:00,Moon ingress to Capricorn,medium,astrology,swisseph,Moon: Sagittarius -> Capricorn
2013-05-28T21:48:07+00:00,Moon ingress to Aquarius,medium,astrology,swisseph,Moon: Capricorn -> Aquarius
2013-05-31T00:29:57+00:00,Moon ingress to Pisces,medium,astrology,swisseph,Moon: Aquarius -> Pisces
2013-05-31T07:06:50+00:00,Mercury ingress to Cancer,low,astrology,swisseph,Mercury: Gemini -> Cancer
2013-05-31T10:38:51+00:00,Mars ingress to Gemini,medium,astrology,swisseph,Mars: Taurus -> Gemini
2013-06-02T06:33:22+00:00,Moon ingress to Aries,medium,astrology,swisseph,Moon: Pisces -> Aries
2013-06-03T02:12:41+00:00,Venus ingress to Cancer,low,astrology,swisseph,Venus: Gemini -> Cancer
2013-06-04T15:53:25+00:00,Moon ingress to Taurus,medium,astrology,swisseph,Moon: Aries -> Taurus
2013-06-07T03:31:53+00:00,Moon ingress to Gemini,medium,astrology,swisseph,Moon: Taurus -> Gemini
2013-06-09T16:15:39+00:00,Moon ingress to Cancer,medium,astrology,swisseph,Moon: Gemini -> Cancer
2013-06-12T04:57:40+00:00,Moon ingress to Leo,medium,astrology,swisseph,Moon: Cancer -> Leo
2013-06-14T16:25:41+00:00,Moon ingress to Virgo,medium,astrology,swisseph,Moon: Leo -> Virgo
2013-06-17T01:18:33+00:00,Moon ingress to Libra,medium,astrology,swisseph,Moon: Virgo -> Libra
2013-06-19T06:38:31+00:00,Moon ingress to Scorpio,medium,astrology,swisseph,Moon: Libra -> Scorpio
2013-06-21T05:03:58+00:00,Sun ingress to Cancer,high,astrology,swisseph,Sun: Gemini -> Cancer
2013-06-21T08:30:53+00:00,Moon ingress to Sagittarius,medium,astrology,swisseph,Moon: Scorpio -> Sagittarius
2013-06-23T08:08:23+00:00,Moon ingress to Capricorn,medium,astrology,swisseph,Moon: Sagittarius -> Capricorn
2013-06-25T07:26:29+00:00,Moon ingress to Aquarius,medium,astrology,swisseph,Moon: Capricorn -> Aquarius
2013-06-26T01:39:58+00:00,Jupiter ingress to Cancer,medium,astrology,swisseph,Jupiter: Gemini -> Cancer
2013-06-27T08:31:55+00:00,Moon ingress to Pisces,medium,astrology,swisseph,Moon: Aquarius -> Pisces
2013-06-27T17:03:19+00:00,Venus ingress to Leo,low,astrology,swisseph,Venus: Cancer -> Leo
2013-06-29T13:06:27+00:00,Moon ingress to Aries,medium,astrology,swisseph,Moon: Pisces -> Aries
2013-07-01T21:42:39+00:00,Moon ingress to Taurus,medium,astrology,swisseph,Moon: Aries -> Taurus
2013-07-04T09:21:31+00:00,Moon ingress to Gemini,medium,astrology,swisseph,Moon: Taurus -> Gemini
2013-07-06T22:13:34+00:00,Moon ingress to Cancer,medium,astrology,swisseph,Moon: Gemini -> Cancer
2013-07-09T10:48:02+00:00,Moon ingress to Leo,medium,astrology,swisseph,Moon: Cancer -> Leo
2013-07-11T22:11:44+00:00,Moon ingress to Virgo,medium,astrology,swisseph,Moon: Leo -> Virgo
2013-07-13T13:22:10+00:00,Mars ingress to Cancer,medium,astrology,swisseph,Mars: Gemini -> Cancer
2013-07-14T07:40:30+00:00,Moon ingress to Libra,medium,astrology,swisseph,Moon: Virgo -> Libra
2013-07-16T14:24:15+00:00,Moon ingress to Scorpio,medium,astrology,swisseph,Moon: Libra -> Scorpio
2013-07-18T17:54:13+00:00,Moon ingress to Sagittarius,medium,astrology,swisseph,Moon: Scorpio -> Sagittarius
2013-07-20T18:38:48+00:00,Moon ingress to Capricorn,medium,astrology,swisseph,Moon: Sagittarius -> Capricorn
2013-07-22T12:40:57+00:00,Venus ingress to Virgo,low,astrology,swisseph,Venus: Leo -> Virgo
2013-07-22T15:55:59+00:00,Sun ingress to Leo,high,astrology,swisseph,Sun: Cancer -> Leo
2013-07-22T18:06:46+00:00,Moon ingress to Aquarius,medium,astrology,swisseph,Moon: Capricorn -> Aquarius
2013-07-24T18:22:13+00:00,Moon ingress to Pisces,medium,astrology,swisseph,Moon: Aquarius -> Pisces
2013-07-26T21:28:57+00:00,Moon ingress to Aries,medium,astrology,swisseph,Moon: Pisces -> Aries
2013-07-29T04:42:48+00:00,Moon ingress to Taurus,medium,astrology,swisseph,Moon: Aries -> Taurus
2013-07-31T15:41:44+00:00,Moon ingress to Gemini,medium,astrology,swisseph,Moon: Taurus -> Gemini
2013-08-03T04:29:28+00:00,Moon ingress to Cancer,medium,astrology,swisseph,Moon: Gemini -> Cancer
2013-08-05T16:57:37+00:00,Moon ingress to Leo,medium,astrology,swisseph,Moon: Cancer -> Leo
2013-08-08T03:56:49+00:00,Moon ingress to Virgo,medium,astrology,swisseph,Moon: Leo -> Virgo
2013-08-08T12:12:49+00:00,Mercury ingress to Leo,low,astrology,swisseph,Mercury: Cancer -> Leo
2013-08-10T13:07:52+00:00,Moon ingress to Libra,medium,astrology,swisseph,Moon: Virgo -> Libra
2013-08-12T20:17:35+00:00,Moon ingress to Scorpio,medium,astrology,swisseph,Moon: Libra -> Scorpio
2013-08-15T01:04:20+00:00,Moon ingress to Sagittarius,medium,astrology,swisseph,Moon: Scorpio -> Sagittarius
2013-08-16T15:36:38+00:00,Venus ingress to Libra,low,astrology,swisseph,Venus: Virgo -> Libra
2013-08-17T03:25:13+00:00,Moon ingress to Capricorn,medium,astrology,swisseph,Moon: Sagittarius -> Capricorn
2013-08-19T04:06:33+00:00,Moon ingress to Aquarius,medium,astrology,swisseph,Moon: Capricorn -> Aquarius
2013-08-21T04:43:20+00:00,Moon ingress to Pisces,medium,astrology,swisseph,Moon: Aquarius -> Pisces
2013-08-22T23:01:42+00:00,Sun ingress to Virgo,high,astrology,swisseph,Sun: Leo -> Virgo
2013-08-23T07:12:51+00:00,Moon ingress to Aries,medium,astrology,swisseph,Moon: Pisces -> Aries
2013-08-23T22:36:30+00:00,Mercury ingress to Virgo,low,astrology,swisseph,Mercury: Leo -> Virgo
2013-08-25T13:13:04+00:00,Moon ingress to Taurus,medium,astrology,swisseph,Moon: Aries -> Taurus
2013-08-27T23:07:53+00:00,Moon ingress to Gemini,medium,astrology,swisseph,Moon: Taurus -> Gemini
2013-08-28T02:05:01+00:00,Mars ingress to Leo,medium,astrology,swisseph,Mars: Cancer -> Leo
2013-08-30T11:32:38+00:00,Moon ingress to Cancer,medium,astrology,swisseph,Moon: Gemini -> Cancer
2013-09-02T00:00:38+00:00,Moon ingress to Leo,medium,astrology,swisseph,Moon: Cancer -> Leo
2013-09-04T10:43:27+00:00,Moon ingress to Virgo,medium,astrology,swisseph,Moon: Leo -> Virgo
2013-09-06T19:12:28+00:00,Moon ingress to Libra,medium,astrology,swisseph,Moon: Virgo -> Libra
2013-09-09T01:44:01+00:00,Moon ingress to Scorpio,medium,astrology,swisseph,Moon: Libra -> Scorpio
2013-09-09T07:07:04+00:00,Mercury ingress to Libra,low,astrology,swisseph,Mercury: Virgo -> Libra
2013-09-11T06:15:34+00:00,Venus ingress to Scorpio,low,astrology,swisseph,Venus: Libra -> Scorpio
2013-09-11T06:35:30+00:00,Moon ingress to Sagittarius,medium,astrology,swisseph,Moon: Scorpio -> Sagittarius
2013-09-13T09:55:39+00:00,Moon ingress to Capricorn,medium,astrology,swisseph,Moon: Sagittarius -> Capricorn
2013-09-15T12:05:18+00:00,Moon ingress to Aquarius,medium,astrology,swisseph,Moon: Capricorn -> Aquarius
2013-09-17T13:57:58+00:00,Moon ingress to Pisces,medium,astrology,swisseph,Moon: Aquarius -> Pisces
2013-09-19T16:57:38+00:00,Moon ingress to Aries,medium,astrology,swisseph,Moon: Pisces -> Aries
2013-09-21T22:33:04+00:00,Moon ingress to Taurus,medium,astrology,swisseph,Moon: Aries -> Taurus
2013-09-22T20:44:08+00:00,Sun ingress to Libra,high,astrology,swisseph,Sun: Virgo -> Libra
2013-09-24T07:34:10+00:00,Moon ingress to Gemini,medium,astrology,swisseph,Moon: Taurus -> Gemini
2013-09-26T19:24:26+00:00,Moon ingress to Cancer,medium,astrology,swisseph,Moon: Gemini -> Cancer
2013-09-29T07:57:07+00:00,Moon ingress to Leo,medium,astrology,swisseph,Moon: Cancer -> Leo
2013-09-29T11:38:05+00:00,Mercury ingress to Scorpio,low,astrology,swisseph,Mercury: Libra -> Scorpio
2013-10-01T18:51:41+00:00,Moon ingress to Virgo,medium,astrology,swisseph,Moon: Leo -> Virgo
2013-10-04T02:59:27+00:00,Moon ingress to Libra,medium,astrology,swisseph,Moon: Virgo -> Libra
2013-10-06T08:32:37+00:00,Moon ingress to Scorpio,medium,astrology,swisseph,Moon: Libra -> Scorpio
2013-10-07T17:53:55+00:00,Venus ingress to Sagittarius,low,astrology,swisseph,Venus: Scorpio -> Sagittarius
2013-10-08T12:21:27+00:00,Moon ingress to Sagittarius,medium,astrology,swisseph,Moon: Scorpio -> Sagittarius
2013-10-10T15:17:07+00:00,Moon ingress to Capricorn,medium,astrology,swisseph,Moon: Sagittarius -> Capricorn
2013-10-12T17:59:49+00:00,Moon ingress to Aquarius,medium,astrology,swisseph,Moon: Capricorn -> Aquarius
2013-10-14T21:05:34+00:00,Moon ingress to Pisces,medium,astrology,swisseph,Moon: Aquarius -> Pisces
2013-10-15T11:04:52+00:00,Mars ingress to Virgo,medium,astrology,swisseph,Mars: Leo -> Virgo
2013-10-17T01:17:30+00:00,Moon ingress to Aries,medium,astrology,swisseph,Moon: Pisces -> Aries
2013-10-19T07:26:37+00:00,Moon ingress to Taurus,medium,astrology,swisseph,Moon: Aries -> Taurus
2013-10-21T16:13:59+00:00,Moon ingress to Gemini,medium,astrology,swisseph,Moon: Taurus -> Gemini
2013-10-23T06:09:50+00:00,Sun ingress to Scorpio,high,astrology,swisseph,Sun: Libra -> Scorpio
2013-10-24T03:35:42+00:00,Moon ingress to Cancer,medium,astrology,swisseph,Moon: Gemini -> Cancer
2013-10-26T16:11:29+00:00,Moon ingress to Leo,medium,astrology,swisseph,Moon: Cancer -> Leo
2013-10-29T03:44:34+00:00,Moon ingress to Virgo,medium,astrology,swisseph,Moon: Leo -> Virgo
2013-10-31T12:21:39+00:00,Moon ingress to Libra,medium,astrology,swisseph,Moon: Virgo -> Libra
2013-11-02T17:35:01+00:00,Moon ingress to Scorpio,medium,astrology,swisseph,Moon: Libra -> Scorpio
2013-11-04T20:14:08+00:00,Moon ingress to Sagittarius,medium,astrology,swisseph,Moon: Scorpio -> Sagittarius
2013-11-05T08:42:42+00:00,Venus ingress to Capricorn,low,astrology,swisseph,Venus: Sagittarius -> Capricorn
2013-11-06T21:43:50+00:00,Moon ingress to Capricorn,medium,astrology,swisseph,Moon: Sagittarius -> Capricorn
2013-11-08T23:29:38+00:00,Moon ingress to Aquarius,medium,astrology,swisseph,Moon: Capricorn -> Aquarius
2013-11-11T02:36:21+00:00,Moon ingress to Pisces,medium,astrology,swisseph,Moon: Aquarius -> Pisces
2013-11-13T07:39:09+00:00,Moon ingress to Aries,medium,astrology,swisseph,Moon: Pisces -> Aries
2013-11-15T14:49:05+00:00,Moon ingress to Taurus,medium,astrology,swisseph,Moon: Aries -> Taurus
2013-11-18T00:06:39+00:00,Moon ingress to Gemini,medium,astrology,swisseph,Moon: Taurus -> Gemini
2013-11-20T11:22:56+00:00,Moon ingress to Cancer,medium,astrology,swisseph,Moon: Gemini -> Cancer
2013-11-22T03:48:08+00:00,Sun ingress to Sagittarius,high,astrology,swisseph,Sun: Scorpio -> Sagittarius
2013-11-22T23:56:27+00:00,Moon ingress to Leo,medium,astrology,swisseph,Moon: Cancer -> Leo
2013-11-25T12:10:35+00:00,Moon ingress to Virgo,medium,astrology,swisseph,Moon: Leo -> Virgo
2013-11-27T21:59:32+00:00,Moon ingress to Libra,medium,astrology,swisseph,Moon: Virgo -> Libra
2013-11-30T04:02:51+00:00,Moon ingress to Scorpio,medium,astrology,swisseph,Moon: Libra -> Scorpio
2013-12-02T06:31:21+00:00,Moon ingress to Sagittarius,medium,astrology,swisseph,Moon: Scorpio -> Sagittarius
2013-12-04T06:49:25+00:00,Moon ingress to Capricorn,medium,astrology,swisseph,Moon: Sagittarius -> Capricorn
2013-12-05T02:42:16+00:00,Mercury ingress to Sagittarius,low,astrology,swisseph,Mercury: Scorpio -> Sagittarius
2013-12-06T06:53:21+00:00,Moon ingress to Aquarius,medium,astrology,swisseph,Moon: Capricorn -> Aquarius
2013-12-07T20:41:09+00:00,Mars ingress to Libra,medium,astrology,swisseph,Mars: Virgo -> Libra
2013-12-08T08:34:14+00:00,Moon ingress to Pisces,medium,astrology,swisseph,Moon: Aquarius -> Pisces
2013-12-10T13:05:29+00:00,Moon ingress to Aries,medium,astrology,swisseph,Moon: Pisces -> Aries
2013-12-12T20:40:09+00:00,Moon ingress to Taurus,medium,astrology,swisseph,Moon: Aries -> Taurus
2013-12-15T06:40:30+00:00,Moon ingress to Gemini,medium,astrology,swisseph,Moon: Taurus -> Gemini
2013-12-17T18:16:42+00:00,Moon ingress to Cancer,medium,astrology,swisseph,Moon: Gemini -> Cancer
2013-12-20T06:47:38+00:00,Moon ingress to Leo,medium,astrology,swisseph,Moon: Cancer -> Leo
2013-12-21T17:11:01+00:00,Sun ingress to Capricorn,high,astrology,swisseph,Sun: Sagittarius -> Capricorn
2013-12-22T19:18:52+00:00,Moon ingress to Virgo,medium,astrology,swisseph,Moon: Leo -> Virgo
2013-12-24T10:12:23+00:00,Mercury ingress to Capricorn,low,astrology,swisseph,Mercury: Sagittarius -> Capricorn
2013-12-25T06:16:58+00:00,Moon ingress to Libra,medium,astrology,swisseph,Moon: Virgo -> Libra
2013-12-27T13:57:52+00:00,Moon ingress to Scorpio,medium,astrology,swisseph,Moon: Libra -> Scorpio
2013-12-29T17:36:58+00:00,Moon ingress to Sagittarius,medium,astrology,swisseph,Moon: Scorpio -> Sagittarius
2013-12-31T18:01:05+00:00,Moon ingress to Capricorn,medium,astrology,swisseph,Moon: Sagittarius -> Capricorn
2014-01-02T17:02:59+00:00,Moon ingress to Aquarius,medium,astrology,swisseph,Moon: Capricorn -> Aquarius
2014-01-04T16:58:10+00:00,Moon ingress to Pisces,medium,astrology,swisseph,Moon: Aquarius -> Pisces
2014-01-06T19:45:19+00:00,Moon ingress to Aries,medium,astrology,swisseph,Moon: Pisces -> Aries
2014-01-09T02:23:44+00:00,Moon ingress to Taurus,medium,astrology,swisseph,Moon: Aries -> Taurus
2014-01-11T12:25:46+00:00,Moon ingress to Gemini,medium,astrology,swisseph,Moon: Taurus -> Gemini
2014-01-11T21:34:39+00:00,Mercury ingress to Aquarius,low,astrology,swisseph,Mercury: Capricorn -> Aquarius
2014-01-14T00:24:49+00:00,Moon ingress to Cancer,medium,astrology,swisseph,Moon: Gemini -> Cancer
2014-01-16T13:00:29+00:00,Moon ingress to Leo,medium,astrology,swisseph,Moon: Cancer -> Leo
2014-01-19T01:23:22+00:00,Moon ingress to Virgo,medium,astrology,swisseph,Moon: Leo -> Virgo
2014-01-20T03:51:14+00:00,Sun ingress to Aquarius,high,astrology,swisseph,Sun: Capricorn -> Aquarius
2014-01-21T12:43:19+00:00,Moon ingress to Libra,medium,astrology,swisseph,Moon: Virgo -> Libra
2014-01-23T21:43:29+00:00,Moon ingress to Scorpio,medium,astrology,swisseph,Moon: Libra -> Scorpio
2014-01-26T03:12:39+00:00,Moon ingress to Sagittarius,medium,astrology,swisseph,Moon: Scorpio -> Sagittarius
2014-01-28T05:04:15+00:00,Moon ingress to Capricorn,medium,astrology,swisseph,Moon: Sagittarius -> Capricorn
2014-01-30T04:32:59+00:00,Moon ingress to Aquarius,medium,astrology,swisseph,Moon: Capricorn -> Aquarius
2014-01-31T14:29:03+00:00,Mercury ingress to Pisces,low,astrology,swisseph,Mercury: Aquarius -> Pisces
2014-02-01T03:44:32+00:00,Moon ingress to Pisces,medium,astrology,swisseph,Moon: Aquarius -> Pisces
2014-02-03T04:54:34+00:00,Moon ingress to Aries,medium,astrology,swisseph,Moon: Pisces -> Aries
2014-02-05T09:46:31+00:00,Moon ingress to Taurus,medium,astrology,swisseph,Moon: Aries -> Taurus
2014-02-07T18:43:50+00:00,Moon ingress to Gemini,medium,astrology,swisseph,Moon: Taurus -> Gemini
2014-02-10T06:32:39+00:00,Moon ingress to Cancer,medium,astrology,swisseph,Moon: Gemini -> Cancer
2014-02-12T19:15:12+00:00,Moon ingress to Leo,medium,astrology,swisseph,Moon: Cancer -> Leo
2014-02-13T03:29:45+00:00,Mercury ingress to Aquarius,low,astrology,swisseph,Mercury: Pisces -> Aquarius
2014-02-15T07:25:33+00:00,Moon ingress to Virgo,medium,astrology,swisseph,Moon: Leo -> Virgo
2014-02-17T18:22:31+00:00,Moon ingress to Libra,medium,astrology,swisseph,Moon: Virgo -> Libra
2014-02-18T17:59:29+00:00,Sun ingress to Pisces,high,astrology,swisseph,Sun: Aquarius -> Pisces
2014-02-20T03:32:48+00:00,Moon ingress to Scorpio,medium,astrology,swisseph,Moon: Libra -> Scorpio
2014-02-22T10:11:35+00:00,Moon ingress to Sagittarius,medium,astrology,swisseph,Moon: Scorpio -> Sagittarius
2014-02-24T13:50:22+00:00,Moon ingress to Capricorn,medium,astrology,swisseph,Moon: Sagittarius -> Capricorn
2014-02-26T14:55:30+00:00,Moon ingress to Aquarius,medium,astrology,swisseph,Moon: Capricorn -> Aquarius
2014-02-28T14:52:31+00:00,Moon ingress to Pisces,medium,astrology,swisseph,Moon: Aquarius -> Pisces
2014-03-02T15:39:42+00:00,Moon ingress to Aries,medium,astrology,swisseph,Moon: Pisces -> Aries
2014-03-04T19:12:03+00:00,Moon ingress to Taurus,medium,astrology,swisseph,Moon: Aries -> Taurus
2014-03-05T21:03:17+00:00,Venus ingress to Aquarius,low,astrology,swisseph,Venus: Capricorn -> Aquarius
2014-03-07T02:37:20+00:00,Moon ingress to Gemini,medium,astrology,swisseph,Moon: Taurus -> Gemini
2014-03-09T13:33:01+00:00,Moon ingress to Cancer,medium,astrology,swisseph,Moon: Gemini -> Cancer
2014-03-12T02:08:33+00:00,Moon ingress to Leo,medium,astrology,swisseph,Moon: Cancer -> Leo
2014-03-14T14:17:24+00:00,Moon ingress to Virgo,medium,astrology,swisseph,Moon: Leo -> Virgo
2014-03-17T00:45:43+00:00,Moon ingress to Libra,medium,astrology,swisseph,Moon: Virgo -> Libra
2014-03-17T22:23:44+00:00,Mercury ingress to Pisces,low,astrology,swisseph,Mercury: Aquarius -> Pisces
2014-03-19T09:13:17+00:00,Moon ingress to Scorpio,medium,astrology,swisseph,Moon: Libra -> Scorpio
2014-03-20T16:57:06+00:00,Sun ingress to Aries,high,astrology,swisseph,Sun: Pisces -> Aries
2014-03-21T15:38:55+00:00,Moon ingress to Sagittarius,medium,astrology,swisseph,Moon: Scorpio -> Sagittarius
2014-03-23T20:02:59+00:00,Moon ingress to Capricorn,medium,astrology,swisseph,Moon: Sagittarius -> Capricorn
2014-03-25T22:38:52+00:00,Moon ingress to Aquarius,medium,astrology,swisseph,Moon: Capricorn -> Aquarius
2014-03-28T00:10:24+00:00,Moon ingress to Pisces,medium,astrology,swisseph,Moon: Aquarius -> Pisces
2014-03-30T01:53:36+00:00,Moon ingress to Aries,medium,astrology,swisseph,Moon: Pisces -> Aries
2014-04-01T05:20:07+00:00,Moon ingress to Taurus,medium,astrology,swisseph,Moon: Aries -> Taurus
2014-04-03T11:47:49+00:00,Moon ingress to Gemini,medium,astrology,swisseph,Moon: Taurus -> Gemini
2014-04-05T20:30:45+00:00,Venus ingress to Pisces,low,astrology,swisseph,Venus: Aquarius -> Pisces
2014-04-05T21:39:37+00:00,Moon ingress to Cancer,medium,astrology,swisseph,Moon: Gemini -> Cancer
2014-04-07T15:34:42+00:00,Mercury ingress to Aries,low,astrology,swisseph,Mercury: Pisces -> Aries
2014-04-08T09:50:09+00:00,Moon ingress to Leo,medium,astrology,swisseph,Moon: Cancer -> Leo
2014-04-10T22:07:32+00:00,Moon ingress to Virgo,medium,astrology,swisseph,Moon: Leo -> Virgo
2014-04-13T08:33:14+00:00,Moon ingress to Libra,medium,astrology,swisseph,Moon: Virgo -> Libra
2014-04-15T16:19:58+00:00,Moon ingress to Scorpio,medium,astrology,swisseph,Moon: Libra -> Scorpio
2014-04-17T21:43:43+00:00,Moon ingress to Sagittarius,medium,astrology,swisseph,Moon: Scorpio -> Sagittarius
2014-04-20T01:27:50+00:00,Moon ingress to Capricorn,medium,astrology,swisseph,Moon: Sagittarius -> Capricorn
2014-04-20T03:55:33+00:00,Sun ingress to Taurus,high,astrology,swisseph,Sun: Aries -> Taurus
2014-04-22T04:17:58+00:00,Moon ingress to Aquarius,medium,astrology,swisseph,Moon: Capricorn -> Aquarius
2014-04-23T09:16:01+00:00,Mercury ingress to Taurus,low,astrology,swisseph,Mercury: Aries -> Taurus
2014-04-24T06:55:04+00:00,Moon ingress to Pisces,medium,astrology,swisseph,Moon: Aquarius -> Pisces
2014-04-26T10:00:39+00:00,Moon ingress to Aries,medium,astrology,swisseph,Moon: Pisces -> Aries
2014-04-28T14:23:19+00:00,Moon ingress to Taurus,medium,astrology,swisseph,Moon: Aries -> Taurus
2014-04-30T20:55:36+00:00,Moon ingress to Gemini,medium,astrology,swisseph,Moon: Taurus -> Gemini
2014-05-03T01:21:13+00:00,Venus ingress to Aries,low,astrology,swisseph,Venus: Pisces -> Aries
2014-05-03T06:12:55+00:00,Moon ingress to Cancer,medium,astrology,swisseph,Moon: Gemini -> Cancer
2014-05-05T17:55:27+00:00,Moon ingress to Leo,medium,astrology,swisseph,Moon: Cancer -> Leo
2014-05-07T14:56:32+00:00,Mercury ingress to Gemini,low,astrology,swisseph,Mercury: Taurus -> Gemini
2014-05-08T06:23:57+00:00,Moon ingress to Virgo,medium,astrology,swisseph,Moon: Leo -> Virgo
2014-05-10T17:19:02+00:00,Moon ingress to Libra,medium,astrology,swisseph,Moon: Virgo -> Libra
2014-05-13T01:06:55+00:00,Moon ingress to Scorpio,medium,astrology,swisseph,Moon: Libra -> Scorpio
2014-05-15T05:43:34+00:00,Moon ingress to Sagittarius,medium,astrology,swisseph,Moon: Scorpio -> Sagittarius
2014-05-17T08:11:43+00:00,Moon ingress to Capricorn,medium,astrology,swisseph,Moon: Sagittarius -> Capricorn
2014-05-19T09:57:50+00:00,Moon ingress to Aquarius,medium,astrology,swisseph,Moon: Capricorn -> Aquarius
2014-05-21T02:59:04+00:00,Sun ingress to Gemini,high,astrology,swisseph,Sun: Taurus -> Gemini
2014-05-21T12:18:20+00:00,Moon ingress to Pisces,medium,astrology,swisseph,Moon: Aquarius -> Pisces
2014-05-23T16:01:19+00:00,Moon ingress to Aries,medium,astrology,swisseph,Moon: Pisces -> Aries
2014-05-25T21:27:31+00:00,Moon ingress to Taurus,medium,astrology,swisseph,Moon: Aries -> Taurus
2014-05-28T04:47:23+00:00,Moon ingress to Gemini,medium,astrology,swisseph,Moon: Taurus -> Gemini
2014-05-29T01:45:25+00:00,Venus ingress to Taurus,low,astrology,swisseph,Venus: Aries -> Taurus
2014-05-29T09:11:48+00:00,Mercury ingress to Cancer,low,astrology,swisseph,Mercury: Gemini -> Cancer
2014-05-30T14:13:19+00:00,Moon ingress to Cancer,medium,astrology,swisseph,Moon: Gemini -> Cancer
2014-06-02T01:42:59+00:00,Moon ingress to Leo,medium,astrology,swisseph,Moon: Cancer -> Leo
2014-06-04T14:19:50+00:00,Moon ingress to Virgo,medium,astrology,swisseph,Moon: Leo -> Virgo
2014-06-07T02:00:53+00:00,Moon ingress to Libra,medium,astrology,swisseph,Moon: Virgo -> Libra
2014-06-09T10:38:06+00:00,Moon ingress to Scorpio,medium,astrology,swisseph,Moon: Libra -> Scorpio
2014-06-11T15:23:04+00:00,Moon ingress to Sagittarius,medium,astrology,swisseph,Moon: Scorpio -> Sagittarius
2014-06-13T17:04:28+00:00,Moon ingress to Capricorn,medium,astrology,swisseph,Moon: Sagittarius -> Capricorn
2014-06-15T17:27:19+00:00,Moon ingress to Aquarius,medium,astrology,swisseph,Moon: Capricorn -> Aquarius
2014-06-17T10:04:28+00:00,Mercury ingress to Gemini,low,astrology,swisseph,Mercury: Cancer -> Gemini
2014-06-17T18:25:34+00:00,Moon ingress to Pisces,medium,astrology,swisseph,Moon: Aquarius -> Pisces
2014-06-19T21:25:42+00:00,Moon ingress to Aries,medium,astrology,swisseph,Moon: Pisces -> Aries
2014-06-21T10:51:14+00:00,Sun ingress to Cancer,high,astrology,swisseph,Sun: Gemini -> Cancer
2014-06-22T03:03:06+00:00,Moon ingress to Taurus,medium,astrology,swisseph,Moon: Aries -> Taurus
2014-06-23T12:33:27+00:00,Venus ingress to Gemini,low,astrology,swisseph,Venus: Taurus -> Gemini
2014-06-24T11:05:30+00:00,Moon ingress to Gemini,medium,astrology,swisseph,Moon: Taurus -> Gemini
2014-06-26T21:05:25+00:00,Moon ingress to Cancer,medium,astrology,swisseph,Moon: Gemini -> Cancer
2014-06-29T08:42:34+00:00,Moon ingress to Leo,medium,astrology,swisseph,Moon: Cancer -> Leo
2014-07-01T21:23:30+00:00,Moon ingress to Virgo,medium,astrology,swisseph,Moon: Leo -> Virgo
2014-07-04T09:42:54+00:00,Moon ingress to Libra,medium,astrology,swisseph,Moon: Virgo -> Libra
2014-07-06T19:33:26+00:00,Moon ingress to Scorpio,medium,astrology,swisseph,Moon: Libra -> Scorpio
2014-07-09T01:24:29+00:00,Moon ingress to Sagittarius,medium,astrology,swisseph,Moon: Scorpio -> Sagittarius
2014-07-11T03:24:23+00:00,Moon ingress to Capricorn,medium,astrology,swisseph,Moon: Sagittarius -> Capricorn
2014-07-13T03:06:38+00:00,Moon ingress to Aquarius,medium,astrology,swisseph,Moon: Capricorn -> Aquarius
2014-07-13T04:44:35+00:00,Mercury ingress to Cancer,low,astrology,swisseph,Mercury: Gemini -> Cancer
2014-07-15T02:40:19+00:00,Moon ingress to Pisces,medium,astrology,swisseph,Moon: Aquarius -> Pisces
2014-07-16T10:30:32+00:00,Jupiter ingress to Leo,medium,astrology,swisseph,Jupiter: Cancer -> Leo
2014-07-17T04:06:38+00:00,Moon ingress to Aries,medium,astrology,swisseph,Moon: Pisces -> Aries
2014-07-18T14:06:12+00:00,Venus ingress to Cancer,low,astrology,swisseph,Venus: Gemini -> Cancer
2014-07-19T08:42:27+00:00,Moon ingress to Taurus,medium,astrology,swisseph,Moon: Aries -> Taurus
2014-07-21T16:35:55+00:00,Moon ingress to Gemini,medium,astrology,swisseph,Moon: Taurus -> Gemini
2014-07-22T21:41:22+00:00,Sun ingress to Leo,high,astrology,swisseph,Sun: Cancer -> Leo
2014-07-24T02:59:18+00:00,Moon ingress to Cancer,medium,astrology,swisseph,Moon: Gemini -> Cancer
2014-07-26T02:24:48+00:00,Mars ingress to Scorpio,medium,astrology,swisseph,Mars: Libra -> Scorpio
2014-07-26T14:54:37+00:00,Moon ingress to Leo,medium,astrology,swisseph,Moon: Cancer -> Leo
2014-07-29T03:36:48+00:00,Moon ingress to Virgo,medium,astrology,swisseph,Moon: Leo -> Virgo
2014-07-31T16:09:09+00:00,Moon ingress to Libra,medium,astrology,swisseph,Moon: Virgo -> Libra
2014-07-31T22:45:39+00:00,Mercury ingress to Leo,low,astrology,swisseph,Mercury: Cancer -> Leo
2014-08-03T02:56:48+00:00,Moon ingress to Scorpio,medium,astrology,swisseph,Moon: Libra -> Scorpio
2014-08-05T10:18:40+00:00,Moon ingress to Sagittarius,medium,astrology,swisseph,Moon: Scorpio -> Sagittarius
2014-08-07T13:38:28+00:00,Moon ingress to Capricorn,medium,astrology,swisseph,Moon: Sagittarius -> Capricorn
2014-08-09T13:51:53+00:00,Moon ingress to Aquarius,medium,astrology,swisseph,Moon: Capricorn -> Aquarius
2014-08-11T12:55:04+00:00,Moon ingress to Pisces,medium,astrology,swisseph,Moon: Aquarius -> Pisces
2014-08-12T07:23:31+00:00,Venus ingress to Leo,low,astrology,swisseph,Venus: Cancer -> Leo
2014-08-13T13:00:05+00:00,Moon ingress to Aries,medium,astrology,swisseph,Moon: Pisces -> Aries
2014-08-15T15:57:43+00:00,Moon ingress to Taurus,medium,astrology,swisseph,Moon: Aries -> Taurus
2014-08-15T16:43:50+00:00,Mercury ingress to Virgo,low,astrology,swisseph,Mercury: Leo -> Virgo
2014-08-17T22:41:02+00:00,Moon ingress to Gemini,medium,astrology,swisseph,Moon: Taurus -> Gemini
2014-08-20T08:44:49+00:00,Moon ingress to Cancer,medium,astrology,swisseph,Moon: Gemini -> Cancer
2014-08-22T20:49:09+00:00,Moon ingress to Leo,medium,astrology,swisseph,Moon: Cancer -> Leo
2014-08-23T04:45:59+00:00,Sun ingress to Virgo,high,astrology,swisseph,Sun: Leo -> Virgo
2014-08-25T09:32:37+00:00,Moon ingress to Virgo,medium,astrology,swisseph,Moon: Leo -> Virgo
2014-08-27T21:54:07+00:00,Moon ingress to Libra,medium,astrology,swisseph,Moon: Virgo -> Libra
2014-08-30T08:52:49+00:00,Moon ingress to Scorpio,medium,astrology,swisseph,Moon: Libra -> Scorpio
2014-09-01T17:16:42+00:00,Moon ingress to Sagittarius,medium,astrology,swisseph,Moon: Scorpio -> Sagittarius
2014-09-02T05:37:43+00:00,Mercury ingress to Libra,low,astrology,swisseph,Mercury: Virgo -> Libra
2014-09-03T22:14:44+00:00,Moon ingress to Capricorn,medium,astrology,swisseph,Moon: Sagittarius -> Capricorn
2014-09-05T17:06:58+00:00,Venus ingress to Virgo,low,astrology,swisseph,Venus: Leo -> Virgo
2014-09-05T23:58:46+00:00,Moon ingress to Aquarius,medium,astrology,swisseph,Moon: Capricorn -> Aquarius
2014-09-07T23:46:38+00:00,Moon ingress to Pisces,medium,astrology,swisseph,Moon: Aquarius -> Pisces
2014-09-09T23:33:06+00:00,Moon ingress to Aries,medium,astrology,swisseph,Moon: Pisces -> Aries
2014-09-12T01:16:40+00:00,Moon ingress to Taurus,medium,astrology,swisseph,Moon: Aries -> Taurus
2014-09-13T21:56:58+00:00,Mars ingress to Sagittarius,medium,astrology,swisseph,Mars: Scorpio -> Sagittarius
2014-09-14T06:26:04+00:00,Moon ingress to Gemini,medium,astrology,swisseph,Moon: Taurus -> Gemini
2014-09-16T15:24:03+00:00,Moon ingress to Cancer,medium,astrology,swisseph,Moon: Gemini -> Cancer
2014-09-19T03:09:57+00:00,Moon ingress to Leo,medium,astrology,swisseph,Moon: Cancer -> Leo
2014-09-21T15:53:52+00:00,Moon ingress to Virgo,medium,astrology,swisseph,Moon: Leo -> Virgo
2014-09-23T02:29:05+00:00,Sun ingress to Libra,high,astrology,swisseph,Sun: Virgo -> Libra
2014-09-24T03:59:19+00:00,Moon ingress to Libra,medium,astrology,swisseph,Moon: Virgo -> Libra
2014-09-26T14:29:06+00:00,Moon ingress to Scorpio,medium,astrology,swisseph,Moon: Libra -> Scorpio
2014-09-27T22:39:15+00:00,Mercury ingress to Scorpio,low,astrology,swisseph,Mercury: Libra -> Scorpio
2014-09-28T22:50:12+00:00,Moon ingress to Sagittarius,medium,astrology,swisseph,Moon: Scorpio -> Sagittarius
2014-09-29T20:52:19+00:00,Venus ingress to Libra,low,astrology,swisseph,Venus: Virgo -> Libra
2014-10-01T04:40:42+00:00,Moon ingress to Capricorn,medium,astrology,swisseph,Moon: Sagittarius -> Capricorn
2014-10-03T07:59:55+00:00,Moon ingress to Aquarius,medium,astrology,swisseph,Moon: Capricorn -> Aquarius
2014-10-05T09:24:06+00:00,Moon ingress to Pisces,medium,astrology,swisseph,Moon: Aquarius -> Pisces
2014-10-07T10:06:47+00:00,Moon ingress to Aries,medium,astrology,swisseph,Moon: Pisces -> Aries
2014-10-09T11:43:56+00:00,Moon ingress to Taurus,medium,astrology,swisseph,Moon: Aries -> Taurus
2014-10-10T17:26:38+00:00,Mercury ingress to Libra,low,astrology,swisseph,Mercury: Scorpio -> Libra
2014-10-11T15:51:00+00:00,Moon ingress to Gemini,medium,astrology,swisseph,Moon: Taurus -> Gemini
2014-10-13T23:30:04+00:00,Moon ingress to Cancer,medium,astrology,swisseph,Moon: Gemini -> Cancer
2014-10-16T10:29:04+00:00,Moon ingress to Leo,medium,astrology,swisseph,Moon: Cancer -> Leo
2014-10-18T23:07:51+00:00,Moon ingress to Virgo,medium,astrology,swisseph,Moon: Leo -> Virgo
2014-10-21T11:11:40+00:00,Moon ingress to Libra,medium,astrology,swisseph,Moon: Virgo -> Libra
2014-10-23T11:57:03+00:00,Sun ingress to Scorpio,high,astrology,swisseph,Sun: Libra -> Scorpio
2014-10-23T20:52:12+00:00,Venus ingress to Scorpio,low,astrology,swisseph,Venus: Libra -> Scorpio
2014-10-23T21:09:37+00:00,Moon ingress to Scorpio,medium,astrology,swisseph,Moon: Libra -> Scorpio
2014-10-26T04:39:56+00:00,Moon ingress to Sagittarius,medium,astrology,swisseph,Moon: Scorpio -> Sagittarius
2014-10-26T10:42:44+00:00,Mars ingress to Capricorn,medium,astrology,swisseph,Mars: Sagittarius -> Capricorn
2014-10-28T10:03:21+00:00,Moon ingress to Capricorn,medium,astrology,swisseph,Moon: Sagittarius -> Capricorn
2014-10-30T13:51:54+00:00,Moon ingress to Aquarius,medium,astrology,swisseph,Moon: Capricorn -> Aquarius
2014-11-01T16:36:36+00:00,Moon ingress to Pisces,medium,astrology,swisseph,Moon: Aquarius -> Pisces
2014-11-03T18:53:13+00:00,Moon ingress to Aries,medium,astrology,swisseph,Moon: Pisces -> Aries
2014-11-05T21:32:59+00:00,Moon ingress to Taurus,medium,astrology,swisseph,Moon: Aries -> Taurus
2014-11-08T01:44:38+00:00,Moon ingress to Gemini,medium,astrology,swisseph,Moon: Taurus -> Gemini
2014-11-08T23:08:52+00:00,Mercury ingress to Scorpio,low,astrology,swisseph,Mercury: Libra -> Scorpio
2014-11-10T08:37:58+00:00,Moon ingress to Cancer,medium,astrology,swisseph,Moon: Gemini -> Cancer
2014-11-12T18:44:12+00:00,Moon ingress to Leo,medium,astrology,swisseph,Moon: Cancer -> Leo
2014-11-15T07:08:07+00:00,Moon ingress to Virgo,medium,astrology,swisseph,Moon: Leo -> Virgo
2014-11-16T19:03:30+00:00,Venus ingress to Sagittarius,low,astrology,swisseph,Venus: Scorpio -> Sagittarius
2014-11-17T19:29:52+00:00,Moon ingress to Libra,medium,astrology,swisseph,Moon: Virgo -> Libra
2014-11-20T05:30:53+00:00,Moon ingress to Scorpio,medium,astrology,swisseph,Moon: Libra -> Scorpio
2014-11-22T09:38:11+00:00,Sun ingress to Sagittarius,high,astrology,swisseph,Sun: Scorpio -> Sagittarius
2014-11-22T12:19:15+00:00,Moon ingress to Sagittarius,medium,astrology,swisseph,Moon: Scorpio -> Sagittarius
2014-11-24T16:31:23+00:00,Moon ingress to Capricorn,medium,astrology,swisseph,Moon: Sagittarius -> Capricorn
2014-11-26T19:22:49+00:00,Moon ingress to Aquarius,medium,astrology,swisseph,Moon: Capricorn -> Aquarius
2014-11-28T02:25:47+00:00,Mercury ingress to Sagittarius,low,astrology,swisseph,Mercury: Scorpio -> Sagittarius
2014-11-28T22:03:03+00:00,Moon ingress to Pisces,medium,astrology,swisseph,Moon: Aquarius -> Pisces
2014-12-01T01:13:49+00:00,Moon ingress to Aries,medium,astrology,swisseph,Moon: Pisces -> Aries
2014-12-03T05:14:50+00:00,Moon ingress to Taurus,medium,astrology,swisseph,Moon: Aries -> Taurus
2014-12-04T23:56:30+00:00,Mars ingress to Aquarius,medium,astrology,swisseph,Mars: Capricorn -> Aquarius
2014-12-05T10:28:11+00:00,Moon ingress to Gemini,medium,astrology,swisseph,Moon: Taurus -> Gemini
2014-12-07T17:34:13+00:00,Moon ingress to Cancer,medium,astrology,swisseph,Moon: Gemini -> Cancer
2014-12-10T03:14:04+00:00,Moon ingress to Leo,medium,astrology,swisseph,Moon: Cancer -> Leo
2014-12-10T16:41:56+00:00,Venus ingress to Capricorn,low,astrology,swisseph,Venus: Sagittarius -> Capricorn
2014-12-12T15:18:41+00:00,Moon ingress to Virgo,medium,astrology,swisseph,Moon: Leo -> Virgo
2014-12-15T04:04:35+00:00,Moon ingress to Libra,medium,astrology,swisseph,Moon: Virgo -> Libra
2014-12-17T03:52:56+00:00,Mercury ingress to Capricorn,low,astrology,swisseph,Mercury: Sagittarius -> Capricorn
2014-12-17T14:51:40+00:00,Moon ingress to Scorpio,medium,astrology,swisseph,Moon: Libra -> Scorpio
2014-12-19T21:55:05+00:00,Moon ingress to Sagittarius,medium,astrology,swisseph,Moon: Scorpio -> Sagittarius
2014-12-21T23:03:01+00:00,Sun ingress to Capricorn,high,astrology,swisseph,Sun: Sagittarius -> Capricorn
2014-12-22T01:25:02+00:00,Moon ingress to Capricorn,medium,astrology,swisseph,Moon: Sagittarius -> Capricorn
2014-12-23T16:33:57+00:00,Saturn ingress to Sagittarius,high,astrology,swisseph,Saturn: Scorpio -> Sagittarius
2014-12-24T02:52:04+00:00,Moon ingress to Aquarius,medium,astrology,swisseph,Moon: Capricorn -> Aquarius
2014-12-26T04:06:46+00:00,Moon ingress to Pisces,medium,astrology,swisseph,Moon: Aquarius -> Pisces
2014-12-28T06:35:08+00:00,Moon ingress to Aries,medium,astrology,swisseph,Moon: Pisces -> Aries
2014-12-30T10:55:57+00:00,Moon ingress to Taurus,medium,astrology,swisseph,Moon: Aries -> Taurus
2015-01-01T17:08:44+00:00,Moon ingress to Gemini,medium,astrology,swisseph,Moon: Taurus -> Gemini
2015-01-03T14:48:07+00:00,Venus ingress to Aquarius,low,astrology,swisseph,Venus: Capricorn -> Aquarius
2015-01-04T01:07:32+00:00,Moon ingress to Cancer,medium,astrology,swisseph,Moon: Gemini -> Cancer
2015-01-05T01:07:43+00:00,Mercury ingress to Aquarius,low,astrology,swisseph,Mercury: Capricorn -> Aquarius
2015-01-06T11:02:37+00:00,Moon ingress to Leo,medium,astrology,swisseph,Moon: Cancer -> Leo
2015-01-08T22:57:45+00:00,Moon ingress to Virgo,medium,astrology,swisseph,Moon: Leo -> Virgo
2015-01-11T11:56:32+00:00,Moon ingress to Libra,medium,astrology,swisseph,Moon: Virgo -> Libra
2015-01-12T10:20:10+00:00,Mars ingress to Pisces,medium,astrology,swisseph,Mars: Aquarius -> Pisces
2015-01-13T23:43:56+00:00,Moon ingress to Scorpio,medium,astrology,swisseph,Moon: Libra -> Scorpio
2015-01-16T08:00:49+00:00,Moon ingress to Sagittarius,medium,astrology,swisseph,Moon: Scorpio -> Sagittarius
2015-01-18T12:04:03+00:00,Moon ingress to Capricorn,medium,astrology,swisseph,Moon: Sagittarius -> Capricorn
2015-01-20T09:43:15+00:00,Sun ingress to Aquarius,high,astrology,swisseph,Sun: Capricorn -> Aquarius
2015-01-20T12:59:27+00:00,Moon ingress to Aquarius,medium,astrology,swisseph,Moon: Capricorn -> Aquarius
2015-01-22T12:47:45+00:00,Moon ingress to Pisces,medium,astrology,swisseph,Moon: Aquarius -> Pisces
2015-01-24T13:31:17+00:00,Moon ingress to Aries,medium,astrology,swisseph,Moon: Pisces -> Aries
2015-01-26T16:37:11+00:00,Moon ingress to Taurus,medium,astrology,swisseph,Moon: Aries -> Taurus
2015-01-27T14:59:35+00:00,Venus ingress to Pisces,low,astrology,swisseph,Venus: Aquarius -> Pisces
2015-01-28T22:35:59+00:00,Moon ingress to Gemini,medium,astrology,swisseph,Moon: Taurus -> Gemini
2015-01-31T07:08:36+00:00,Moon ingress to Cancer,medium,astrology,swisseph,Moon: Gemini -> Cancer
2015-02-02T17:40:50+00:00,Moon ingress to Leo,medium,astrology,swisseph,Moon: Cancer -> Leo
2015-02-05T05:45:51+00:00,Moon ingress to Virgo,medium,astrology,swisseph,Moon: Leo -> Virgo
2015-02-07T18:43:36+00:00,Moon ingress to Libra,medium,astrology,swisseph,Moon: Virgo -> Libra
2015-02-10T07:05:16+00:00,Moon ingress to Scorpio,medium,astrology,swisseph,Moon: Libra -> Scorpio
2015-02-12T16:46:29+00:00,Moon ingress to Sagittarius,medium,astrology,swisseph,Moon: Scorpio -> Sagittarius
2015-02-14T22:24:17+00:00,Moon ingress to Capricorn,medium,astrology,swisseph,Moon: Sagittarius -> Capricorn
2015-02-17T00:13:07+00:00,Moon ingress to Aquarius,medium,astrology,swisseph,Moon: Capricorn -> Aquarius
2015-02-18T23:47:25+00:00,Moon ingress to Pisces,medium,astrology,swisseph,Moon: Aquarius -> Pisces
2015-02-18T23:49:48+00:00,Sun ingress to Pisces,high,astrology,swisseph,Sun: Aquarius -> Pisces
2015-02-20T00:11:15+00:00,Mars ingress to Aries,medium,astrology,swisseph,Mars: Pisces -> Aries
2015-02-20T20:05:26+00:00,Venus ingress to Aries,low,astrology,swisseph,Venus: Pisces -> Aries
2015-02-20T23:12:59+00:00,Moon ingress to Aries,medium,astrology,swisseph,Moon: Pisces -> Aries
2015-02-23T00:28:09+00:00,Moon ingress to Taurus,medium,astrology,swisseph,Moon: Aries -> Taurus
2015-02-25T04:53:47+00:00,Moon ingress to Gemini,medium,astrology,swisseph,Moon: Taurus -> Gemini
2015-02-27T12:49:34+00:00,Moon ingress to Cancer,medium,astrology,swisseph,Moon: Gemini -> Cancer
2015-03-01T23:34:07+00:00,Moon ingress to Leo,medium,astrology,swisseph,Moon: Cancer -> Leo
2015-03-04T11:57:33+00:00,Moon ingress to Virgo,medium,astrology,swisseph,Moon: Leo -> Virgo
2015-03-07T00:52:03+00:00,Moon ingress to Libra,medium,astrology,swisseph,Moon: Virgo -> Libra
2015-03-09T13:09:47+00:00,Moon ingress to Scorpio,medium,astrology,swisseph,Moon: Libra -> Scorpio
2015-03-11T23:30:21+00:00,Moon ingress to Sagittarius,medium,astrology,swisseph,Moon: Scorpio -> Sagittarius
2015-03-13T03:52:00+00:00,Mercury ingress to Pisces,low,astrology,swisseph,Mercury: Aquarius -> Pisces
2015-03-14T06:39:43+00:00,Moon ingress to Capricorn,medium,astrology,swisseph,Moon: Sagittarius -> Capricorn
2015-03-16T10:13:45+00:00,Moon ingress to Aquarius,medium,astrology,swisseph,Moon: Capricorn -> Aquarius
2015-03-17T10:14:35+00:00,Venus ingress to Taurus,low,astrology,swisseph,Venus: Aries -> Taurus
2015-03-18T10:57:48+00:00,Moon ingress to Pisces,medium,astrology,swisseph,Moon: Aquarius -> Pisces
2015-03-20T10:27:58+00:00,Moon ingress to Aries,medium,astrology,swisseph,Moon: Pisces -> Aries
2015-03-20T22:45:08+00:00,Sun ingress to Aries,high,astrology,swisseph,Sun: Pisces -> Aries
2015-03-22T10:40:04+00:00,Moon ingress to Taurus,medium,astrology,swisseph,Moon: Aries -> Taurus
2015-03-24T13:22:26+00:00,Moon ingress to Gemini,medium,astrology,swisseph,Moon: Taurus -> Gemini
2015-03-26T19:45:19+00:00,Moon ingress to Cancer,medium,astrology,swisseph,Moon: Gemini -> Cancer
2015-03-29T05:47:50+00:00,Moon ingress to Leo,medium,astrology,swisseph,Moon: Cancer -> Leo
2015-03-31T01:43:34+00:00,Mercury ingress to Aries,low,astrology,swisseph,Mercury: Pisces -> Aries
2015-03-31T16:26:25+00:00,Mars ingress to Taurus,medium,astrology,swisseph,Mars: Aries -> Taurus
2015-03-31T18:12:07+00:00,Moon ingress to Virgo,medium,astrology,swisseph,Moon: Leo -> Virgo
2015-04-03T07:07:27+00:00,Moon ingress to Libra,medium,astrology,swisseph,Moon: Virgo -> Libra
2015-04-05T19:04:16+00:00,Moon ingress to Scorpio,medium,astrology,swisseph,Moon: Libra -> Scorpio
2015-04-08T05:08:13+00:00,Moon ingress to Sagittarius,medium,astrology,swisseph,Moon: Scorpio -> Sagittarius
2015-04-10T12:46:42+00:00,Moon ingress to Capricorn,medium,astrology,swisseph,Moon: Sagittarius -> Capricorn
2015-04-11T15:28:29+00:00,Venus ingress to Gemini,low,astrology,swisseph,Venus: Taurus -> Gemini
2015-04-12T17:43:51+00:00,Moon ingress to Aquarius,medium,astrology,swisseph,Moon: Capricorn -> Aquarius
2015-04-14T20:11:42+00:00,Moon ingress to Pisces,medium,astrology,swisseph,Moon: Aquarius -> Pisces
2015-04-14T22:51:27+00:00,Mercury ingress to Taurus,low,astrology,swisseph,Mercury: Aries -> Taurus
2015-04-16T20:59:50+00:00,Moon ingress to Aries,medium,astrology,swisseph,Moon: Pisces -> Aries
2015-04-18T21:31:14+00:00,Moon ingress to Taurus,medium,astrology,swisseph,Moon: Aries -> Taurus
2015-04-20T09:41:51+00:00,Sun ingress to Taurus,high,astrology,swisseph,Sun: Aries -> Taurus
2015-04-20T23:27:50+00:00,Moon ingress to Gemini,medium,astrology,swisseph,Moon: Taurus -> Gemini
2015-04-23T04:25:25+00:00,Moon ingress to Cancer,medium,astrology,swisseph,Moon: Gemini -> Cancer
2015-04-25T13:12:38+00:00,Moon ingress to Leo,medium,astrology,swisseph,Moon: Cancer -> Leo
2015-04-28T01:07:17+00:00,Moon ingress to Virgo,medium,astrology,swisseph,Moon: Leo -> Virgo
2015-04-30T14:02:53+00:00,Moon ingress to Libra,medium,astrology,swisseph,Moon: Virgo -> Libra
2015-05-01T01:59:59+00:00,Mercury ingress to Gemini,low,astrology,swisseph,Mercury: Taurus -> Gemini
2015-05-03T01:47:10+00:00,Moon ingress to Scorpio,medium,astrology,swisseph,Moon: Libra -> Scorpio
2015-05-05T11:12:38+00:00,Moon ingress to Sagittarius,medium,astrology,swisseph,Moon: Scorpio -> Sagittarius
2015-05-07T18:16:19+00:00,Moon ingress to Capricorn,medium,astrology,swisseph,Moon: Sagittarius -> Capricorn
2015-05-07T22:51:56+00:00,Venus ingress to Cancer,low,astrology,swisseph,Venus: Gemini -> Cancer
2015-05-09T23:22:00+00:00,Moon ingress to Aquarius,medium,astrology,swisseph,Moon: Capricorn -> Aquarius
2015-05-12T02:40:15+00:00,Mars ingress to Gemini,medium,astrology,swisseph,Mars: Taurus -> Gemini
2015-05-12T02:53:15+00:00,Moon ingress to Pisces,medium,astrology,swisseph,Moon: Aquarius -> Pisces
2015-05-14T05:13:26+00:00,Moon ingress to Aries,medium,astrology,swisseph,Moon: Pisces -> Aries
2015-05-16T07:02:12+00:00,Moon ingress to Taurus,medium,astrology,swisseph,Moon: Aries -> Taurus
2015-05-18T09:27:03+00:00,Moon ingress to Gemini,medium,astrology,swisseph,Moon: Taurus -> Gemini
2015-05-20T13:55:39+00:00,Moon ingress to Cancer,medium,astrology,swisseph,Moon: Gemini -> Cancer
2015-05-21T08:44:47+00:00,Sun ingress to Gemini,high,astrology,swisseph,Sun: Taurus -> Gemini
2015-05-22T21:42:07+00:00,Moon ingress to Leo,medium,astrology,swisseph,Moon: Cancer -> Leo
2015-05-25T08:51:36+00:00,Moon ingress to Virgo,medium,astrology,swisseph,Moon: Leo -> Virgo
2015-05-27T21:42:01+00:00,Moon ingress to Libra,medium,astrology,swisseph,Moon: Virgo -> Libra
2015-05-30T09:33:47+00:00,Moon ingress to Scorpio,medium,astrology,swisseph,Moon: Libra -> Scorpio
2015-06-01T18:39:15+00:00,Moon ingress to Sagittarius,medium,astrology,swisseph,Moon: Scorpio -> Sagittarius
2015-06-04T00:50:25+00:00,Moon ingress to Capricorn,medium,astrology,swisseph,Moon: Sagittarius -> Capricorn
2015-06-05T15:32:49+00:00,Venus ingress to Leo,low,astrology,swisseph,Venus: Cancer -> Leo
2015-06-06T05:01:50+00:00,Moon ingress to Aquarius,medium,astrology,swisseph,Moon: Capricorn -> Aquarius
2015-06-08T08:16:07+00:00,Moon ingress to Pisces,medium,astrology,swisseph,Moon: Aquarius -> Pisces
2015-06-10T11:13:45+00:00,Moon ingress to Aries,medium,astrology,swisseph,Moon: Pisces -> Aries
2015-06-12T14:16:05+00:00,Moon ingress to Taurus,medium,astrology,swisseph,Moon: Aries -> Taurus
2015-06-14T17:50:47+00:00,Moon ingress to Gemini,medium,astrology,swisseph,Moon: Taurus -> Gemini
2015-06-15T00:36:17+00:00,Saturn ingress to Scorpio,high,astrology,swisseph,Saturn: Sagittarius -> Scorpio
2015-06-16T22:50:50+00:00,Moon ingress to Cancer,medium,astrology,swisseph,Moon: Gemini -> Cancer
2015-06-19T06:22:32+00:00,Moon ingress to Leo,medium,astrology,swisseph,Moon: Cancer -> Leo
2015-06-21T16:37:55+00:00,Sun ingress to Cancer,high,astrology,swisseph,Sun: Gemini -> Cancer
2015-06-21T16:58:49+00:00,Moon ingress to Virgo,medium,astrology,swisseph,Moon: Leo -> Virgo
2015-06-24T05:40:42+00:00,Moon ingress to Libra,medium,astrology,swisseph,Moon: Virgo -> Libra
2015-06-24T13:32:55+00:00,Mars ingress to Cancer,medium,astrology,swisseph,Mars: Gemini -> Cancer
2015-06-26T17:56:39+00:00,Moon ingress to Scorpio,medium,astrology,swisseph,Moon: Libra -> Scorpio
2015-06-29T03:21:09+00:00,Moon ingress to Sagittarius,medium,astrology,swisseph,Moon: Scorpio -> Sagittarius
2015-07-01T09:11:01+00:00,Moon ingress to Capricorn,medium,astrology,swisseph,Moon: Sagittarius -> Capricorn
2015-07-03T12:20:49+00:00,Moon ingress to Aquarius,medium,astrology,swisseph,Moon: Capricorn -> Aquarius
2015-07-05T14:22:56+00:00,Moon ingress to Pisces,medium,astrology,swisseph,Moon: Aquarius -> Pisces
2015-07-07T16:37:27+00:00,Moon ingress to Aries,medium,astrology,swisseph,Moon: Pisces -> Aries
2015-07-08T18:51:35+00:00,Mercury ingress to Cancer,low,astrology,swisseph,Mercury: Gemini -> Cancer
2015-07-09T19:49:27+00:00,Moon ingress to Taurus,medium,astrology,swisseph,Moon: Aries -> Taurus
2015-07-12T00:16:11+00:00,Moon ingress to Gemini,medium,astrology,swisseph,Moon: Taurus -> Gemini
2015-07-14T06:14:02+00:00,Moon ingress to Cancer,medium,astrology,swisseph,Moon: Gemini -> Cancer
2015-07-16T14:14:56+00:00,Moon ingress to Leo,medium,astrology,swisseph,Moon: Cancer -> Leo
2015-07-18T22:38:24+00:00,Venus ingress to Virgo,low,astrology,swisseph,Venus: Leo -> Virgo
2015-07-19T00:46:45+00:00,Moon ingress to Virgo,medium,astrology,swisseph,Moon: Leo -> Virgo
2015-07-21T13:22:45+00:00,Moon ingress to Libra,medium,astrology,swisseph,Moon: Virgo -> Libra
2015-07-23T03:30:27+00:00,Sun ingress to Leo,high,astrology,swisseph,Sun: Cancer -> Leo
2015-07-23T12:14:20+00:00,Mercury ingress to Leo,low,astrology,swisseph,Mercury: Cancer -> Leo
2015-07-24T02:07:01+00:00,Moon ingress to Scorpio,medium,astrology,swisseph,Moon: Libra -> Scorpio
2015-07-26T12:24:24+00:00,Moon ingress to Sagittarius,medium,astrology,swisseph,Moon: Scorpio -> Sagittarius
2015-07-28T18:47:28+00:00,Moon ingress to Capricorn,medium,astrology,swisseph,Moon: Sagittarius -> Capricorn
2015-07-30T21:40:06+00:00,Moon ingress to Aquarius,medium,astrology,swisseph,Moon: Capricorn -> Aquarius
2015-07-31T15:27:01+00:00,Venus ingress to Leo,low,astrology,swisseph,Venus: Virgo -> Leo
2015-08-01T22:36:13+00:00,Moon ingress to Pisces,medium,astrology,swisseph,Moon: Aquarius -> Pisces
2015-08-03T23:23:59+00:00,Moon ingress to Aries,medium,astrology,swisseph,Moon: Pisces -> Aries
2015-08-06T01:29:21+00:00,Moon ingress to Taurus,medium,astrology,swisseph,Moon: Aries -> Taurus
2015-08-07T19:14:45+00:00,Mercury ingress to Virgo,low,astrology,swisseph,Mercury: Leo -> Virgo
2015-08-08T05:39:51+00:00,Moon ingress to Gemini,medium,astrology,swisseph,Moon: Taurus -> Gemini
2015-08-08T23:32:14+00:00,Mars ingress to Leo,medium,astrology,swisseph,Mars: Cancer -> Leo
2015-08-10T12:08:20+00:00,Moon ingress to Cancer,medium,astrology,swisseph,Moon: Gemini -> Cancer
2015-08-11T11:11:25+00:00,Jupiter ingress to Virgo,medium,astrology,swisseph,Jupiter: Leo -> Virgo
2015-08-12T20:52:10+00:00,Moon ingress to Leo,medium,astrology,swisseph,Moon: Cancer -> Leo
2015-08-15T07:45:32+00:00,Moon ingress to Virgo,medium,astrology,swisseph,Moon: Leo -> Virgo
2015-08-17T20:22:29+00:00,Moon ingress to Libra,medium,astrology,swisseph,Moon: Virgo -> Libra
2015-08-20T09:24:07+00:00,Moon ingress to Scorpio,medium,astrology,swisseph,Moon: Libra -> Scorpio
2015-08-22T20:41:03+00:00,Moon ingress to Sagittarius,medium,astrology,swisseph,Moon: Scorpio -> Sagittarius
2015-08-23T10:37:16+00:00,Sun ingress to Virgo,high,astrology,swisseph,Sun: Leo -> Virgo
2015-08-25T04:21:52+00:00,Moon ingress to Capricorn,medium,astrology,swisseph,Moon: Sagittarius -> Capricorn
2015-08-27T08:03:30+00:00,Moon ingress to Aquarius,medium,astrology,swisseph,Moon: Capricorn -> Aquarius
2015-08-27T15:44:28+00:00,Mercury ingress to Libra,low,astrology,swisseph,Mercury: Virgo -> Libra
2015-08-29T08:50:59+00:00,Moon ingress to Pisces,medium,astrology,swisseph,Moon: Aquarius -> Pisces
2015-08-31T08:32:54+00:00,Moon ingress to Aries,medium,astrology,swisseph,Moon: Pisces -> Aries
2015-09-02T09:01:42+00:00,Moon ingress to Taurus,medium,astrology,swisseph,Moon: Aries -> Taurus
2015-09-04T11:47:42+00:00,Moon ingress to Gemini,medium,astrology,swisseph,Moon: Taurus -> Gemini
2015-09-06T17:39:41+00:00,Moon ingress to Cancer,medium,astrology,swisseph,Moon: Gemini -> Cancer
2015-09-09T02:35:48+00:00,Moon ingress to Leo,medium,astrology,swisseph,Moon: Cancer -> Leo
2015-09-11T13:55:29+00:00,Moon ingress to Virgo,medium,astrology,swisseph,Moon: Leo -> Virgo
2015-09-14T02:40:59+00:00,Moon ingress to Libra,medium,astrology,swisseph,Moon: Virgo -> Libra
2015-09-16T15:42:43+00:00,Moon ingress to Scorpio,medium,astrology,swisseph,Moon: Libra -> Scorpio
2015-09-18T02:48:43+00:00,Saturn ingress to Sagittarius,high,astrology,swisseph,Saturn: Scorpio -> Sagittarius
2015-09-19T03:31:31+00:00,Moon ingress to Sagittarius,medium,astrology,swisseph,Moon: Scorpio -> Sagittarius
2015-09-21T12:32:40+00:00,Moon ingress to Capricorn,medium,astrology,swisseph,Moon: Sagittarius -> Capricorn
2015-09-23T08:20:33+00:00,Sun ingress to Libra,high,astrology,swisseph,Sun: Virgo -> Libra
2015-09-23T17:51:07+00:00,Moon ingress to Aquarius,medium,astrology,swisseph,Moon: Capricorn -> Aquarius
2015-09-25T02:17:42+00:00,Mars ingress to Virgo,medium,astrology,swisseph,Mars: Leo -> Virgo
2015-09-25T19:43:35+00:00,Moon ingress to Pisces,medium,astrology,swisseph,Moon: Aquarius -> Pisces
2015-09-27T19:28:44+00:00,Moon ingress to Aries,medium,astrology,swisseph,Moon: Pisces -> Aries
2015-09-29T18:56:56+00:00,Moon ingress to Taurus,medium,astrology,swisseph,Moon: Aries -> Taurus
2015-10-01T20:03:24+00:00,Moon ingress to Gemini,medium,astrology,swisseph,Moon: Taurus -> Gemini
2015-10-04T00:21:50+00:00,Moon ingress to Cancer,medium,astrology,swisseph,Moon: Gemini -> Cancer
2015-10-06T08:30:39+00:00,Moon ingress to Leo,medium,astrology,swisseph,Moon: Cancer -> Leo
2015-10-08T17:29:10+00:00,Venus ingress to Virgo,low,astrology,swisseph,Venus: Leo -> Virgo
2015-10-08T19:50:24+00:00,Moon ingress to Virgo,medium,astrology,swisseph,Moon: Leo -> Virgo
2015-10-11T08:45:27+00:00,Moon ingress to Libra,medium,astrology,swisseph,Moon: Virgo -> Libra
2015-10-13T21:38:15+00:00,Moon ingress to Scorpio,medium,astrology,swisseph,Moon: Libra -> Scorpio
2015-10-16T09:18:06+00:00,Moon ingress to Sagittarius,medium,astrology,swisseph,Moon: Scorpio -> Sagittarius
2015-10-18T18:52:08+00:00,Moon ingress to Capricorn,medium,astrology,swisseph,Moon: Sagittarius -> Capricorn
2015-10-21T01:37:38+00:00,Moon ingress to Aquarius,medium,astrology,swisseph,Moon: Capricorn -> Aquarius
2015-10-23T05:17:35+00:00,Moon ingress to Pisces,medium,astrology,swisseph,Moon: Aquarius -> Pisces
2015-10-23T17:46:44+00:00,Sun ingress to Scorpio,high,astrology,swisseph,Sun: Libra -> Scorpio
2015-10-25T06:21:37+00:00,Moon ingress to Aries,medium,astrology,swisseph,Moon: Pisces -> Aries
2015-10-27T06:07:19+00:00,Moon ingress to Taurus,medium,astrology,swisseph,Moon: Aries -> Taurus
2015-10-29T06:24:14+00:00,Moon ingress to Gemini,medium,astrology,swisseph,Moon: Taurus -> Gemini
2015-10-31T09:09:08+00:00,Moon ingress to Cancer,medium,astrology,swisseph,Moon: Gemini -> Cancer
2015-11-02T07:06:05+00:00,Mercury ingress to Scorpio,low,astrology,swisseph,Mercury: Libra -> Scorpio
2015-11-02T15:47:32+00:00,Moon ingress to Leo,medium,astrology,swisseph,Moon: Cancer -> Leo
2015-11-05T02:22:23+00:00,Moon ingress to Virgo,medium,astrology,swisseph,Moon: Leo -> Virgo
2015-11-07T15:14:06+00:00,Moon ingress to Libra,medium,astrology,swisseph,Moon: Virgo -> Libra
2015-11-08T15:30:52+00:00,Venus ingress to Libra,low,astrology,swisseph,Venus: Virgo -> Libra
2015-11-10T04:02:26+00:00,Moon ingress to Scorpio,medium,astrology,swisseph,Moon: Libra -> Scorpio
2015-11-12T15:13:56+00:00,Moon ingress to Sagittarius,medium,astrology,swisseph,Moon: Scorpio -> Sagittarius
2015-11-12T21:40:39+00:00,Mars ingress to Libra,medium,astrology,swisseph,Mars: Virgo -> Libra
2015-11-15T00:21:02+00:00,Moon ingress to Capricorn,medium,astrology,swisseph,Moon: Sagittarius -> Capricorn
2015-11-17T07:24:23+00:00,Moon ingress to Aquarius,medium,astrology,swisseph,Moon: Capricorn -> Aquarius
2015-11-19T12:21:30+00:00,Moon ingress to Pisces,medium,astrology,swisseph,Moon: Aquarius -> Pisces
2015-11-20T19:43:21+00:00,Mercury ingress to Sagittarius,low,astrology,swisseph,Mercury: Scorpio -> Sagittarius
2015-11-21T15:12:20+00:00,Moon ingress to Aries,medium,astrology,swisseph,Moon: Pisces -> Aries
2015-11-22T15:25:18+00:00,Sun ingress to Sagittarius,high,astrology,swisseph,Sun: Scorpio -> Sagittarius
2015-11-23T16:25:55+00:00,Moon ingress to Taurus,medium,astrology,swisseph,Moon: Aries -> Taurus
2015-11-25T17:15:12+00:00,Moon ingress to Gemini,medium,astrology,swisseph,Moon: Taurus -> Gemini
2015-11-27T19:26:35+00:00,Moon ingress to Cancer,medium,astrology,swisseph,Moon: Gemini -> Cancer
2015-11-30T00:47:05+00:00,Moon ingress to Leo,medium,astrology,swisseph,Moon: Cancer -> Leo
2015-12-02T10:09:05+00:00,Moon ingress to Virgo,medium,astrology,swisseph,Moon: Leo -> Virgo
2015-12-04T22:33:29+00:00,Moon ingress to Libra,medium,astrology,swisseph,Moon: Virgo -> Libra
2015-12-05T04:15:01+00:00,Venus ingress to Scorpio,low,astrology,swisseph,Venus: Libra -> Scorpio
2015-12-07T11:25:36+00:00,Moon ingress to Scorpio,medium,astrology,swisseph,Moon: Libra -> Scorpio
2015-12-09T22:25:04+00:00,Moon ingress to Sagittarius,medium,astrology,swisseph,Moon: Scorpio -> Sagittarius
2015-12-10T02:34:13+00:00,Mercury ingress to Capricorn,low,astrology,swisseph,Mercury: Sagittarius -> Capricorn
2015-12-12T06:46:29+00:00,Moon ingress to Capricorn,medium,astrology,swisseph,Moon: Sagittarius -> Capricorn
2015-12-14T12:58:42+00:00,Moon ingress to Aquarius,medium,astrology,swisseph,Moon: Capricorn -> Aquarius
2015-12-16T17:44:38+00:00,Moon ingress to Pisces,medium,astrology,swisseph,Moon: Aquarius -> Pisces
2015-12-18T21:26:23+00:00,Moon ingress to Aries,medium,astrology,swisseph,Moon: Pisces -> Aries
2015-12-21T00:12:43+00:00,Moon ingress to Taurus,medium,astrology,swisseph,Moon: Aries -> Taurus
2015-12-22T04:47:57+00:00,Sun ingress to Capricorn,high,astrology,swisseph,Sun: Sagittarius -> Capricorn
2015-12-23T02:30:52+00:00,Moon ingress to Gemini,medium,astrology,swisseph,Moon: Taurus -> Gemini
2015-12-25T05:26:29+00:00,Moon ingress to Cancer,medium,astrology,swisseph,Moon: Gemini -> Cancer
2015-12-27T10:30:59+00:00,Moon ingress to Leo,medium,astrology,swisseph,Moon: Cancer -> Leo
2015-12-29T18:58:11+00:00,Moon ingress to Virgo,medium,astrology,swisseph,Moon: Leo -> Virgo
2015-12-30T07:16:28+00:00,Venus ingress to Sagittarius,low,astrology,swisseph,Venus: Scorpio -> Sagittarius
2016-01-01T06:40:37+00:00,Moon ingress to Libra,medium,astrology,swisseph,Moon: Virgo -> Libra
2016-01-02T02:19:45+00:00,Mercury ingress to Aquarius,low,astrology,swisseph,Mercury: Capricorn -> Aquarius
2016-01-03T14:32:22+00:00,Mars ingress to Scorpio,medium,astrology,swisseph,Mars: Libra -> Scorpio
2016-01-03T19:35:54+00:00,Moon ingress to Scorpio,medium,astrology,swisseph,Moon: Libra -> Scorpio
2016-01-06T06:56:03+00:00,Moon ingress to Sagittarius,medium,astrology,swisseph,Moon: Scorpio -> Sagittarius
2016-01-08T15:06:53+00:00,Moon ingress to Capricorn,medium,astrology,swisseph,Moon: Sagittarius -> Capricorn
2016-01-08T19:36:27+00:00,Mercury ingress to Capricorn,low,astrology,swisseph,Mercury: Aquarius -> Capricorn
2016-01-10T20:22:34+00:00,Moon ingress to Aquarius,medium,astrology,swisseph,Moon: Capricorn -> Aquarius
2016-01-12T23:53:25+00:00,Moon ingress to Pisces,medium,astrology,swisseph,Moon: Aquarius -> Pisces
2016-01-15T02:48:20+00:00,Moon ingress to Aries,medium,astrology,swisseph,Moon: Pisces -> Aries
2016-01-17T05:48:06+00:00,Moon ingress to Taurus,medium,astrology,swisseph,Moon: Aries -> Taurus
2016-01-19T09:12:48+00:00,Moon ingress to Gemini,medium,astrology,swisseph,Moon: Taurus -> Gemini
2016-01-20T15:27:06+00:00,Sun ingress to Aquarius,high,astrology,swisseph,Sun: Capricorn -> Aquarius
2016-01-21T13:27:57+00:00,Moon ingress to Cancer,medium,astrology,swisseph,Moon: Gemini -> Cancer
2016-01-23T19:20:49+00:00,Moon ingress to Leo,medium,astrology,swisseph,Moon: Cancer -> Leo
2016-01-23T20:31:30+00:00,Venus ingress to Capricorn,low,astrology,swisseph,Venus: Sagittarius -> Capricorn
2016-01-26T03:45:44+00:00,Moon ingress to Virgo,medium,astrology,swisseph,Moon: Leo -> Virgo
2016-01-28T14:59:11+00:00,Moon ingress to Libra,medium,astrology,swisseph,Moon: Virgo -> Libra
2016-01-31T03:50:17+00:00,Moon ingress to Scorpio,medium,astrology,swisseph,Moon: Libra -> Scorpio
2016-02-02T15:49:43+00:00,Moon ingress to Sagittarius,medium,astrology,swisseph,Moon: Scorpio -> Sagittarius
2016-02-05T00:43:55+00:00,Moon ingress to Capricorn,medium,astrology,swisseph,Moon: Sagittarius -> Capricorn
2016-02-07T05:58:53+00:00,Moon ingress to Aquarius,medium,astrology,swisseph,Moon: Capricorn -> Aquarius
2016-02-09T08:31:23+00:00,Moon ingress to Pisces,medium,astrology,swisseph,Moon: Aquarius -> Pisces
2016-02-11T09:54:35+00:00,Moon ingress to Aries,medium,astrology,swisseph,Moon: Pisces -> Aries
2016-02-13T11:35:28+00:00,Moon ingress to Taurus,medium,astrology,swisseph,Moon: Aries -> Taurus
2016-02-13T22:42:40+00:00,Mercury ingress to Aquarius,low,astrology,swisseph,Mercury: Capricorn -> Aquarius
2016-02-15T14:34:31+00:00,Moon ingress to Gemini,medium,astrology,swisseph,Moon: Taurus -> Gemini
2016-02-17T04:16:58+00:00,Venus ingress to Aquarius,low,astrology,swisseph,Venus: Capricorn -> Aquarius
2016-02-17T19:23:39+00:00,Moon ingress to Cancer,medium,astrology,swisseph,Moon: Gemini -> Cancer
2016-02-19T05:33:44+00:00,Sun ingress to Pisces,high,astrology,swisseph,Sun: Aquarius -> Pisces
2016-02-20T02:17:21+00:00,Moon ingress to Leo,medium,astrology,swisseph,Moon: Cancer -> Leo
2016-02-22T11:24:21+00:00,Moon ingress to Virgo,medium,astrology,swisseph,Moon: Leo -> Virgo
2016-02-24T22:41:27+00:00,Moon ingress to Libra,medium,astrology,swisseph,Moon: Virgo -> Libra
2016-02-27T11:26:03+00:00,Moon ingress to Scorpio,medium,astrology,swisseph,Moon: Libra -> Scorpio
2016-02-29T23:55:56+00:00,Moon ingress to Sagittarius,medium,astrology,swisseph,Moon: Scorpio -> Sagittarius
2016-03-03T10:01:25+00:00,Moon ingress to Capricorn,medium,astrology,swisseph,Moon: Sagittarius -> Capricorn
2016-03-05T10:23:28+00:00,Mercury ingress to Pisces,low,astrology,swisseph,Mercury: Aquarius -> Pisces
2016-03-05T16:22:04+00:00,Moon ingress to Aquarius,medium,astrology,swisseph,Moon: Capricorn -> Aquarius
2016-03-06T02:28:34+00:00,Mars ingress to Sagittarius,medium,astrology,swisseph,Mars: Scorpio -> Sagittarius
2016-03-07T19:08:25+00:00,Moon ingress to Pisces,medium,astrology,swisseph,Moon: Aquarius -> Pisces
2016-03-09T19:39:55+00:00,Moon ingress to Aries,medium,astrology,swisseph,Moon: Pisces -> Aries
2016-03-11T19:43:40+00:00,Moon ingress to Taurus,medium,astrology,swisseph,Moon: Aries -> Taurus
2016-03-12T10:23:47+00:00,Venus ingress to Pisces,low,astrology,swisseph,Venus: Aquarius -> Pisces
2016-03-13T21:03:28+00:00,Moon ingress to Gemini,medium,astrology,swisseph,Moon: Taurus -> Gemini
2016-03-16T00:56:34+00:00,Moon ingress to Cancer,medium,astrology,swisseph,Moon: Gemini -> Cancer
2016-03-18T07:54:21+00:00,Moon ingress to Leo,medium,astrology,swisseph,Moon: Cancer -> Leo
2016-03-20T04:30:11+00:00,Sun ingress to Aries,high,astrology,swisseph,Sun: Pisces -> Aries
2016-03-20T17:39:09+00:00,Moon ingress to Virgo,medium,astrology,swisseph,Moon: Leo -> Virgo
2016-03-22T00:19:04+00:00,Mercury ingress to Aries,low,astrology,swisseph,Mercury: Pisces -> Aries
2016-03-23T05:23:15+00:00,Moon ingress to Libra,medium,astrology,swisseph,Moon: Virgo -> Libra
2016-03-25T18:08:53+00:00,Moon ingress to Scorpio,medium,astrology,swisseph,Moon: Libra -> Scorpio
2016-03-28T06:46:04+00:00,Moon ingress to Sagittarius,medium,astrology,swisseph,Moon: Scorpio -> Sagittarius
2016-03-30T17:44:41+00:00,Moon ingress to Capricorn,medium,astrology,swisseph,Moon: Sagittarius -> Capricorn
2016-04-02T01:37:02+00:00,Moon ingress to Aquarius,medium,astrology,swisseph,Moon: Capricorn -> Aquarius
2016-04-04T05:45:33+00:00,Moon ingress to Pisces,medium,astrology,swisseph,Moon: Aquarius -> Pisces
2016-04-05T16:50:28+00:00,Venus ingress to Aries,low,astrology,swisseph,Venus: Pisces -> Aries
2016-04-05T23:09:13+00:00,Mercury ingress to Taurus,low,astrology,swisseph,Mercury: Aries -> Taurus
2016-04-06T06:45:51+00:00,Moon ingress to Aries,medium,astrology,swisseph,Moon: Pisces -> Aries
2016-04-08T06:10:28+00:00,Moon ingress to Taurus,medium,astrology,swisseph,Moon: Aries -> Taurus
2016-04-10T05:58:34+00:00,Moon ingress to Gemini,medium,astrology,swisseph,Moon: Taurus -> Gemini
2016-04-12T08:06:31+00:00,Moon ingress to Cancer,medium,astrology,swisseph,Moon: Gemini -> Cancer
2016-04-14T13:52:57+00:00,Moon ingress to Leo,medium,astrology,swisseph,Moon: Cancer -> Leo
2016-04-16T23:22:37+00:00,Moon ingress to Virgo,medium,astrology,swisseph,Moon: Leo -> Virgo
2016-04-19T11:23:47+00:00,Moon ingress to Libra,medium,astrology,swisseph,Moon: Virgo -> Libra
2016-04-19T15:29:26+00:00,Sun ingress to Taurus,high,astrology,swisseph,Sun: Aries -> Taurus
2016-04-22T00:17:26+00:00,Moon ingress to Scorpio,medium,astrology,swisseph,Moon: Libra -> Scorpio
2016-04-24T12:46:11+00:00,Moon ingress to Sagittarius,medium,astrology,swisseph,Moon: Scorpio -> Sagittarius
2016-04-26T23:54:23+00:00,Moon ingress to Capricorn,medium,astrology,swisseph,Moon: Sagittarius -> Capricorn
2016-04-29T08:46:45+00:00,Moon ingress to Aquarius,medium,astrology,swisseph,Moon: Capricorn -> Aquarius
2016-04-30T00:35:35+00:00,Venus ingress to Taurus,low,astrology,swisseph,Venus: Aries -> Taurus
2016-05-01T14:33:26+00:00,Moon ingress to Pisces,medium,astrology,swisseph,Moon: Aquarius -> Pisces
2016-05-03T17:04:12+00:00,Moon ingress to Aries,medium,astrology,swisseph,Moon: Pisces -> Aries
2016-05-05T17:10:16+00:00,Moon ingress to Taurus,medium,astrology,swisseph,Moon: Aries -> Taurus
2016-05-07T16:34:31+00:00,Moon ingress to Gemini,medium,astrology,swisseph,Moon: Taurus -> Gemini
2016-05-09T17:23:39+00:00,Moon ingress to Cancer,medium,astrology,swisseph,Moon: Gemini -> Cancer
2016-05-11T21:31:55+00:00,Moon ingress to Leo,medium,astrology,swisseph,Moon: Cancer -> Leo
2016-05-14T05:51:34+00:00,Moon ingress to Virgo,medium,astrology,swisseph,Moon: Leo -> Virgo
2016-05-16T17:32:35+00:00,Moon ingress to Libra,medium,astrology,swisseph,Moon: Virgo -> Libra
2016-05-19T06:29:29+00:00,Moon ingress to Scorpio,medium,astrology,swisseph,Moon: Libra -> Scorpio
2016-05-20T14:36:29+00:00,Sun ingress to Gemini,high,astrology,swisseph,Sun: Taurus -> Gemini
2016-05-21T18:48:10+00:00,Moon ingress to Sagittarius,medium,astrology,swisseph,Moon: Scorpio -> Sagittarius
2016-05-24T05:33:47+00:00,Moon ingress to Capricorn,medium,astrology,swisseph,Moon: Sagittarius -> Capricorn
2016-05-24T09:44:31+00:00,Venus ingress to Gemini,low,astrology,swisseph,Venus: Taurus -> Gemini
2016-05-26T14:26:46+00:00,Moon ingress to Aquarius,medium,astrology,swisseph,Moon: Capricorn -> Aquarius
2016-05-27T13:51:14+00:00,Mars ingress to Scorpio,medium,astrology,swisseph,Mars: Sagittarius -> Scorpio
2016-05-28T21:05:52+00:00,Moon ingress to Pisces,medium,astrology,swisseph,Moon: Aquarius -> Pisces
2016-05-31T01:09:07+00:00,Moon ingress to Aries,medium,astrology,swisseph,Moon: Pisces -> Aries
2016-06-02T02:46:27+00:00,Moon ingress to Taurus,medium,astrology,swisseph,Moon: Aries -> Taurus
2016-06-04T03:01:21+00:00,Moon ingress to Gemini,medium,astrology,swisseph,Moon: Taurus -> Gemini
2016-06-06T03:41:22+00:00,Moon ingress to Cancer,medium,astrology,swisseph,Moon: Gemini -> Cancer
2016-06-08T06:47:06+00:00,Moon ingress to Leo,medium,astrology,swisseph,Moon: Cancer -> Leo
2016-06-10T13:45:32+00:00,Moon ingress to Virgo,medium,astrology,swisseph,Moon: Leo -> Virgo
2016-06-12T23:22:25+00:00,Mercury ingress to Gemini,low,astrology,swisseph,Mercury: Taurus -> Gemini
2016-06-13T00:33:06+00:00,Moon ingress to Libra,medium,astrology,swisseph,Moon: Virgo -> Libra
2016-06-15T13:18:05+00:00,Moon ingress to Scorpio,medium,astrology,swisseph,Moon: Libra -> Scorpio
2016-06-17T19:38:44+00:00,Venus ingress to Cancer,low,astrology,swisseph,Venus: Gemini -> Cancer
2016-06-18T01:34:04+00:00,Moon ingress to Sagittarius,medium,astrology,swisseph,Moon: Scorpio -> Sagittarius
2016-06-20T11:54:49+00:00,Moon ingress to Capricorn,medium,astrology,swisseph,Moon: Sagittarius -> Capricorn
2016-06-20T22:34:11+00:00,Sun ingress to Cancer,high,astrology,swisseph,Sun: Gemini -> Cancer
2016-06-22T20:08:23+00:00,Moon ingress to Aquarius,medium,astrology,swisseph,Moon: Capricorn -> Aquarius
2016-06-25T02:30:22+00:00,Moon ingress to Pisces,medium,astrology,swisseph,Moon: Aquarius -> Pisces
2016-06-27T07:07:45+00:00,Moon ingress to Aries,medium,astrology,swisseph,Moon: Pisces -> Aries
2016-06-29T10:03:14+00:00,Moon ingress to Taurus,medium,astrology,swisseph,Moon: Aries -> Taurus
2016-06-29T23:24:12+00:00,Mercury ingress to Cancer,low,astrology,swisseph,Mercury: Gemini -> Cancer
2016-07-01T11:44:21+00:00,Moon ingress to Gemini,medium,astrology,swisseph,Moon: Taurus -> Gemini
2016-07-03T13:19:54+00:00,Moon ingress to Cancer,medium,astrology,swisseph,Moon: Gemini -> Cancer
2016-07-05T16:28:01+00:00,Moon ingress to Leo,medium,astrology,swisseph,Moon: Cancer -> Leo
2016-07-07T22:40:54+00:00,Moon ingress to Virgo,medium,astrology,swisseph,Moon: Leo -> Virgo
2016-07-10T08:32:11+00:00,Moon ingress to Libra,medium,astrology,swisseph,Moon: Virgo -> Libra
2016-07-12T05:34:01+00:00,Venus ingress to Leo,low,astrology,swisseph,Venus: Cancer -> Leo
2016-07-12T20:52:14+00:00,Moon ingress to Scorpio,medium,astrology,swisseph,Moon: Libra -> Scorpio
2016-07-14T00:46:38+00:00,Mercury ingress to Leo,low,astrology,swisseph,Mercury: Cancer -> Leo
2016-07-15T09:14:02+00:00,Moon ingress to Sagittarius,medium,astrology,swisseph,Moon: Scorpio -> Sagittarius
2016-07-17T19:32:41+00:00,Moon ingress to Capricorn,medium,astrology,swisseph,Moon: Sagittarius -> Capricorn
2016-07-20T03:10:18+00:00,Moon ingress to Aquarius,medium,astrology,swisseph,Moon: Capricorn -> Aquarius
2016-07-22T08:35:16+00:00,Moon ingress to Pisces,medium,astrology,swisseph,Moon: Aquarius -> Pisces
2016-07-22T09:30:12+00:00,Sun ingress to Leo,high,astrology,swisseph,Sun: Cancer -> Leo
2016-07-24T12:32:45+00:00,Moon ingress to Aries,medium,astrology,swisseph,Moon: Pisces -> Aries
2016-07-26T15:37:26+00:00,Moon ingress to Taurus,medium,astrology,swisseph,Moon: Aries -> Taurus
2016-07-28T18:16:41+00:00,Moon ingress to Gemini,medium,astrology,swisseph,Moon: Taurus -> Gemini
2016-07-30T18:18:19+00:00,Mercury ingress to Virgo,low,astrology,swisseph,Mercury: Leo -> Virgo
2016-07-30T21:08:35+00:00,Moon ingress to Cancer,medium,astrology,swisseph,Moon: Gemini -> Cancer
2016-08-02T01:11:51+00:00,Moon ingress to Leo,medium,astrology,swisseph,Moon: Cancer -> Leo
2016-08-02T17:49:21+00:00,Mars ingress to Sagittarius,medium,astrology,swisseph,Mars: Scorpio -> Sagittarius
2016-08-04T07:33:48+00:00,Moon ingress to Virgo,medium,astrology,swisseph,Moon: Leo -> Virgo
2016-08-05T15:26:36+00:00,Venus ingress to Virgo,low,astrology,swisseph,Venus: Leo -> Virgo
2016-08-06T16:56:27+00:00,Moon ingress to Libra,medium,astrology,swisseph,Moon: Virgo -> Libra
2016-08-09T04:51:26+00:00,Moon ingress to Scorpio,medium,astrology,swisseph,Moon: Libra -> Scorpio
2016-08-11T17:23:57+00:00,Moon ingress to Sagittarius,medium,astrology,swisseph,Moon: Scorpio -> Sagittarius
2016-08-14T04:11:21+00:00,Moon ingress to Capricorn,medium,astrology,swisseph,Moon: Sagittarius -> Capricorn
2016-08-16T11:52:16+00:00,Moon ingress to Aquarius,medium,astrology,swisseph,Moon: Capricorn -> Aquarius
2016-08-18T16:34:07+00:00,Moon ingress to Pisces,medium,astrology,swisseph,Moon: Aquarius -> Pisces
2016-08-20T19:18:25+00:00,Moon ingress to Aries,medium,astrology,swisseph,Moon: Pisces -> Aries
2016-08-22T16:38:28+00:00,Sun ingress to Virgo,high,astrology,swisseph,Sun: Leo -> Virgo
2016-08-22T21:19:11+00:00,Moon ingress to Taurus,medium,astrology,swisseph,Moon: Aries -> Taurus
2016-08-24T23:39:43+00:00,Moon ingress to Gemini,medium,astrology,swisseph,Moon: Taurus -> Gemini
2016-08-27T03:06:08+00:00,Moon ingress to Cancer,medium,astrology,swisseph,Moon: Gemini -> Cancer
2016-08-29T08:11:25+00:00,Moon ingress to Leo,medium,astrology,swisseph,Moon: Cancer -> Leo
2016-08-30T02:06:32+00:00,Venus ingress to Libra,low,astrology,swisseph,Venus: Virgo -> Libra
2016-08-31T15:22:05+00:00,Moon ingress to Virgo,medium,astrology,swisseph,Moon: Leo -> Virgo
2016-09-03T00:55:22+00:00,Moon ingress to Libra,medium,astrology,swisseph,Moon: Virgo -> Libra
2016-09-05T12:38:20+00:00,Moon ingress to Scorpio,medium,astrology,swisseph,Moon: Libra -> Scorpio
2016-09-08T01:19:38+00:00,Moon ingress to Sagittarius,medium,astrology,swisseph,Moon: Scorpio -> Sagittarius
2016-09-09T11:18:25+00:00,Jupiter ingress to Libra,medium,astrology,swisseph,Jupiter: Virgo -> Libra
2016-09-10T12:54:38+00:00,Moon ingress to Capricorn,medium,astrology,swisseph,Moon: Sagittarius -> Capricorn
2016-09-12T21:28:32+00:00,Moon ingress to Aquarius,medium,astrology,swisseph,Moon: Capricorn -> Aquarius
2016-09-15T02:22:56+00:00,Moon ingress to Pisces,medium,astrology,swisseph,Moon: Aquarius -> Pisces
2016-09-17T04:22:14+00:00,Moon ingress to Aries,medium,astrology,swisseph,Moon: Pisces -> Aries
2016-09-19T04:58:03+00:00,Moon ingress to Taurus,medium,astrology,swisseph,Moon: Aries -> Taurus
2016-09-21T05:52:52+00:00,Moon ingress to Gemini,medium,astrology,swisseph,Moon: Taurus -> Gemini
2016-09-22T14:21:07+00:00,Sun ingress to Libra,high,astrology,swisseph,Sun: Virgo -> Libra
2016-09-23T08:33:06+00:00,Moon ingress to Cancer,medium,astrology,swisseph,Moon: Gemini -> Cancer
2016-09-23T14:50:37+00:00,Venus ingress to Scorpio,low,astrology,swisseph,Venus: Libra -> Scorpio
2016-09-25T13:48:05+00:00,Moon ingress to Leo,medium,astrology,swisseph,Moon: Cancer -> Leo
2016-09-27T08:06:43+00:00,Mars ingress to Capricorn,medium,astrology,swisseph,Mars: Sagittarius -> Capricorn
2016-09-27T21:42:44+00:00,Moon ingress to Virgo,medium,astrology,swisseph,Moon: Leo -> Virgo
2016-09-30T07:52:21+00:00,Moon ingress to Libra,medium,astrology,swisseph,Moon: Virgo -> Libra
2016-10-02T19:42:41+00:00,Moon ingress to Scorpio,medium,astrology,swisseph,Moon: Libra -> Scorpio
2016-10-05T08:26:05+00:00,Moon ingress to Sagittarius,medium,astrology,swisseph,Moon: Scorpio -> Sagittarius
2016-10-07T07:55:33+00:00,Mercury ingress to Libra,low,astrology,swisseph,Mercury: Virgo -> Libra
2016-10-07T20:39:48+00:00,Moon ingress to Capricorn,medium,astrology,swisseph,Moon: Sagittarius -> Capricorn
2016-10-10T06:32:56+00:00,Moon ingress to Aquarius,medium,astrology,swisseph,Moon: Capricorn -> Aquarius
2016-10-12T12:42:59+00:00,Moon ingress to Pisces,medium,astrology,swisseph,Moon: Aquarius -> Pisces
2016-10-14T15:08:07+00:00,Moon ingress to Aries,medium,astrology,swisseph,Moon: Pisces -> Aries
2016-10-16T15:04:19+00:00,Moon ingress to Taurus,medium,astrology,swisseph,Moon: Aries -> Taurus
2016-10-18T07:00:40+00:00,Venus ingress to Sagittarius,low,astrology,swisseph,Venus: Scorpio -> Sagittarius
2016-10-18T14:29:46+00:00,Moon ingress to Gemini,medium,astrology,swisseph,Moon: Taurus -> Gemini
2016-10-20T15:28:16+00:00,Moon ingress to Cancer,medium,astrology,swisseph,Moon: Gemini -> Cancer
2016-10-22T19:34:02+00:00,Moon ingress to Leo,medium,astrology,swisseph,Moon: Cancer -> Leo
2016-10-22T23:45:33+00:00,Sun ingress to Scorpio,high,astrology,swisseph,Sun: Libra -> Scorpio
2016-10-24T20:46:11+00:00,Mercury ingress to Scorpio,low,astrology,swisseph,Mercury: Libra -> Scorpio
2016-10-25T03:16:10+00:00,Moon ingress to Virgo,medium,astrology,swisseph,Moon: Leo -> Virgo
2016-10-27T13:50:41+00:00,Moon ingress to Libra,medium,astrology,swisseph,Moon: Virgo -> Libra
2016-10-30T02:00:47+00:00,Moon ingress to Scorpio,medium,astrology,swisseph,Moon: Libra -> Scorpio
2016-11-01T14:43:03+00:00,Moon ingress to Sagittarius,medium,astrology,swisseph,Moon: Scorpio -> Sagittarius
2016-11-04T03:05:09+00:00,Moon ingress to Capricorn,medium,astrology,swisseph,Moon: Sagittarius -> Capricorn
2016-11-06T13:55:11+00:00,Moon ingress to Aquarius,medium,astrology,swisseph,Moon: Capricorn -> Aquarius
2016-11-08T21:45:07+00:00,Moon ingress to Pisces,medium,astrology,swisseph,Moon: Aquarius -> Pisces
2016-11-09T05:51:24+00:00,Mars ingress to Aquarius,medium,astrology,swisseph,Mars: Capricorn -> Aquarius
2016-11-11T01:44:34+00:00,Moon ingress to Aries,medium,astrology,swisseph,Moon: Pisces -> Aries
2016-11-12T04:54:21+00:00,Venus ingress to Capricorn,low,astrology,swisseph,Venus: Sagittarius -> Capricorn
2016-11-12T14:39:32+00:00,Mercury ingress to Sagittarius,low,astrology,swisseph,Mercury: Scorpio -> Sagittarius
2016-11-13T02:23:38+00:00,Moon ingress to Taurus,medium,astrology,swisseph,Moon: Aries -> Taurus
2016-11-15T01:23:02+00:00,Moon ingress to Gemini,medium,astrology,swisseph,Moon: Taurus -> Gemini
2016-11-17T00:56:58+00:00,Moon ingress to Cancer,medium,astrology,swisseph,Moon: Gemini -> Cancer
2016-11-19T03:14:23+00:00,Moon ingress to Leo,medium,astrology,swisseph,Moon: Cancer -> Leo
2016-11-21T09:34:01+00:00,Moon ingress to Virgo,medium,astrology,swisseph,Moon: Leo -> Virgo
2016-11-21T21:22:23+00:00,Sun ingress to Sagittarius,high,astrology,swisseph,Sun: Scorpio -> Sagittarius
2016-11-23T19:41:58+00:00,Moon ingress to Libra,medium,astrology,swisseph,Moon: Virgo -> Libra
2016-11-26T08:01:26+00:00,Moon ingress to Scorpio,medium,astrology,swisseph,Moon: Libra -> Scorpio
2016-11-28T20:45:47+00:00,Moon ingress to Sagittarius,medium,astrology,swisseph,Moon: Scorpio -> Sagittarius
2016-12-01T08:52:15+00:00,Moon ingress to Capricorn,medium,astrology,swisseph,Moon: Sagittarius -> Capricorn
2016-12-02T21:17:52+00:00,Mercury ingress to Capricorn,low,astrology,swisseph,Mercury: Sagittarius -> Capricorn
2016-12-03T19:43:56+00:00,Moon ingress to Aquarius,medium,astrology,swisseph,Moon: Capricorn -> Aquarius
2016-12-06T04:30:55+00:00,Moon ingress to Pisces,medium,astrology,swisseph,Moon: Aquarius -> Pisces
2016-12-07T14:51:04+00:00,Venus ingress to Aquarius,low,astrology,swisseph,Venus: Capricorn -> Aquarius
2016-12-08T10:15:31+00:00,Moon ingress to Aries,medium,astrology,swisseph,Moon: Pisces -> Aries
2016-12-10T12:40:47+00:00,Moon ingress to Taurus,medium,astrology,swisseph,Moon: Aries -> Taurus
2016-12-12T12:41:20+00:00,Moon ingress to Gemini,medium,astrology,swisseph,Moon: Taurus -> Gemini
2016-12-14T12:08:34+00:00,Moon ingress to Cancer,medium,astrology,swisseph,Moon: Gemini -> Cancer
2016-12-16T13:14:48+00:00,Moon ingress to Leo,medium,astrology,swisseph,Moon: Cancer -> Leo
2016-12-18T17:51:49+00:00,Moon ingress to Virgo,medium,astrology,swisseph,Moon: Leo -> Virgo
2016-12-19T09:22:52+00:00,Mars ingress to Pisces,medium,astrology,swisseph,Mars: Aquarius -> Pisces
2016-12-21T02:39:30+00:00,Moon ingress to Libra,medium,astrology,swisseph,Moon: Virgo -> Libra
2016-12-21T10:44:10+00:00,Sun ingress to Capricorn,high,astrology,swisseph,Sun: Sagittarius -> Capricorn
2016-12-23T14:32:21+00:00,Moon ingress to Scorpio,medium,astrology,swisseph,Moon: Libra -> Scorpio
2016-12-26T03:18:44+00:00,Moon ingress to Sagittarius,medium,astrology,swisseph,Moon: Scorpio -> Sagittarius
2016-12-28T15:11:56+00:00,Moon ingress to Capricorn,medium,astrology,swisseph,Moon: Sagittarius -> Capricorn
2016-12-31T01:28:42+00:00,Moon ingress to Aquarius,medium,astrology,swisseph,Moon: Capricorn -> Aquarius
2017-01-02T09:57:04+00:00,Moon ingress to Pisces,medium,astrology,swisseph,Moon: Aquarius -> Pisces
2017-01-03T07:46:33+00:00,Venus ingress to Pisces,low,astrology,swisseph,Venus: Aquarius -> Pisces
2017-01-04T14:16:56+00:00,Mercury ingress to Sagittarius,low,astrology,swisseph,Mercury: Capricorn -> Sagittarius
2017-01-04T16:19:36+00:00,Moon ingress to Aries,medium,astrology,swisseph,Moon: Pisces -> Aries
2017-01-06T20:17:57+00:00,Moon ingress to Taurus,medium,astrology,swisseph,Moon: Aries -> Taurus
2017-01-08T22:06:09+00:00,Moon ingress to Gemini,medium,astrology,swisseph,Moon: Taurus -> Gemini
2017-01-10T22:48:41+00:00,Moon ingress to Cancer,medium,astrology,swisseph,Moon: Gemini -> Cancer
2017-01-12T14:03:18+00:00,Mercury ingress to Capricorn,low,astrology,swisseph,Mercury: Sagittarius -> Capricorn
2017-01-13T00:07:41+00:00,Moon ingress to Leo,medium,astrology,swisseph,Moon: Cancer -> Leo
2017-01-15T03:52:15+00:00,Moon ingress to Virgo,medium,astrology,swisseph,Moon: Leo -> Virgo
2017-01-17T11:16:00+00:00,Moon ingress to Libra,medium,astrology,swisseph,Moon: Virgo -> Libra
2017-01-19T21:23:37+00:00,Sun ingress to Aquarius,high,astrology,swisseph,Sun: Capricorn -> Aquarius
2017-01-19T22:09:11+00:00,Moon ingress to Scorpio,medium,astrology,swisseph,Moon: Libra -> Scorpio
2017-01-22T10:45:01+00:00,Moon ingress to Sagittarius,medium,astrology,swisseph,Moon: Scorpio -> Sagittarius
2017-01-24T22:43:14+00:00,Moon ingress to Capricorn,medium,astrology,swisseph,Moon: Sagittarius -> Capricorn
2017-01-27T08:36:35+00:00,Moon ingress to Aquarius,medium,astrology,swisseph,Moon: Capricorn -> Aquarius
2017-01-28T05:38:55+00:00,Mars ingress to Aries,medium,astrology,swisseph,Mars: Pisces -> Aries
2017-01-29T16:10:22+00:00,Moon ingress to Pisces,medium,astrology,swisseph,Moon: Aquarius -> Pisces
2017-01-31T21:46:28+00:00,Moon ingress to Aries,medium,astrology,swisseph,Moon: Pisces -> Aries
2017-02-03T01:49:59+00:00,Moon ingress to Taurus,medium,astrology,swisseph,Moon: Aries -> Taurus
2017-02-03T15:51:05+00:00,Venus ingress to Aries,low,astrology,swisseph,Venus: Pisces -> Aries
2017-02-05T04:44:04+00:00,Moon ingress to Gemini,medium,astrology,swisseph,Moon: Taurus -> Gemini
2017-02-07T07:02:37+00:00,Moon ingress to Cancer,medium,astrology,swisseph,Moon: Gemini -> Cancer
2017-02-07T09:35:15+00:00,Mercury ingress to Aquarius,low,astrology,swisseph,Mercury: Capricorn -> Aquarius
2017-02-09T09:40:59+00:00,Moon ingress to Leo,medium,astrology,swisseph,Moon: Cancer -> Leo
2017-02-11T13:51:39+00:00,Moon ingress to Virgo,medium,astrology,swisseph,Moon: Leo -> Virgo
2017-02-13T20:42:43+00:00,Moon ingress to Libra,medium,astrology,swisseph,Moon: Virgo -> Libra
2017-02-16T06:40:49+00:00,Moon ingress to Scorpio,medium,astrology,swisseph,Moon: Libra -> Scorpio
2017-02-18T11:31:20+00:00,Sun ingress to Pisces,high,astrology,swisseph,Sun: Aquarius -> Pisces
2017-02-18T18:52:11+00:00,Moon ingress to Sagittarius,medium,astrology,swisseph,Moon: Scorpio -> Sagittarius
2017-02-21T07:07:45+00:00,Moon ingress to Capricorn,medium,astrology,swisseph,Moon: Sagittarius -> Capricorn
2017-02-23T17:17:19+00:00,Moon ingress to Aquarius,medium,astrology,swisseph,Moon: Capricorn -> Aquarius
2017-02-25T23:07:21+00:00,Mercury ingress to Pisces,low,astrology,swisseph,Mercury: Aquarius -> Pisces
2017-02-26T00:24:22+00:00,Moon ingress to Pisces,medium,astrology,swisseph,Moon: Aquarius -> Pisces
2017-02-28T04:51:39+00:00,Moon ingress to Aries,medium,astrology,swisseph,Moon: Pisces -> Aries
2017-03-02T07:42:32+00:00,Moon ingress to Taurus,medium,astrology,swisseph,Moon: Aries -> Taurus
2017-03-04T10:05:22+00:00,Moon ingress to Gemini,medium,astrology,swisseph,Moon: Taurus -> Gemini
2017-03-06T12:54:08+00:00,Moon ingress to Cancer,medium,astrology,swisseph,Moon: Gemini -> Cancer
2017-03-08T16:45:22+00:00,Moon ingress to Leo,medium,astrology,swisseph,Moon: Cancer -> Leo
2017-03-10T00:33:38+00:00,Mars ingress to Taurus,medium,astrology,swisseph,Mars: Aries -> Taurus
2017-03-10T22:07:08+00:00,Moon ingress to Virgo,medium,astrology,swisseph,Moon: Leo -> Virgo
2017-03-13T05:28:08+00:00,Moon ingress to Libra,medium,astrology,swisseph,Moon: Virgo -> Libra
2017-03-13T21:07:11+00:00,Mercury ingress to Aries,low,astrology,swisseph,Mercury: Pisces -> Aries
2017-03-15T15:10:36+00:00,Moon ingress to Scorpio,medium,astrology,swisseph,Moon: Libra -> Scorpio
2017-03-18T02:59:41+00:00,Moon ingress to Sagittarius,medium,astrology,swisseph,Moon: Scorpio -> Sagittarius
2017-03-20T10:28:39+00:00,Sun ingress to Aries,high,astrology,swisseph,Sun: Pisces -> Aries
2017-03-20T15:30:52+00:00,Moon ingress to Capricorn,medium,astrology,swisseph,Moon: Sagittarius -> Capricorn
2017-03-23T02:28:22+00:00,Moon ingress to Aquarius,medium,astrology,swisseph,Moon: Capricorn -> Aquarius
2017-03-25T10:06:23+00:00,Moon ingress to Pisces,medium,astrology,swisseph,Moon: Aquarius -> Pisces
2017-03-27T14:10:41+00:00,Moon ingress to Aries,medium,astrology,swisseph,Moon: Pisces -> Aries
2017-03-29T15:47:44+00:00,Moon ingress to Taurus,medium,astrology,swisseph,Moon: Aries -> Taurus
2017-03-31T16:40:16+00:00,Moon ingress to Gemini,medium,astrology,swisseph,Moon: Taurus -> Gemini
2017-03-31T17:30:31+00:00,Mercury ingress to Taurus,low,astrology,swisseph,Mercury: Aries -> Taurus
2017-04-02T18:26:53+00:00,Moon ingress to Cancer,medium,astrology,swisseph,Moon: Gemini -> Cancer
2017-04-03T00:25:09+00:00,Venus ingress to Pisces,low,astrology,swisseph,Venus: Aries -> Pisces
2017-04-04T22:13:17+00:00,Moon ingress to Leo,medium,astrology,swisseph,Moon: Cancer -> Leo
2017-04-07T04:19:35+00:00,Moon ingress to Virgo,medium,astrology,swisseph,Moon: Leo -> Virgo
2017-04-09T12:34:13+00:00,Moon ingress to Libra,medium,astrology,swisseph,Moon: Virgo -> Libra
2017-04-11T22:41:34+00:00,Moon ingress to Scorpio,medium,astrology,swisseph,Moon: Libra -> Scorpio
2017-04-14T10:26:42+00:00,Moon ingress to Sagittarius,medium,astrology,swisseph,Moon: Scorpio -> Sagittarius
2017-04-16T23:04:27+00:00,Moon ingress to Capricorn,medium,astrology,swisseph,Moon: Sagittarius -> Capricorn
2017-04-19T10:51:40+00:00,Moon ingress to Aquarius,medium,astrology,swisseph,Moon: Capricorn -> Aquarius
2017-04-19T21:27:01+00:00,Sun ingress to Taurus,high,astrology,swisseph,Sun: Aries -> Taurus
2017-04-20T17:37:04+00:00,Mercury ingress to Aries,low,astrology,swisseph,Mercury: Taurus -> Aries
2017-04-21T10:31:54+00:00,Mars ingress to Gemini,medium,astrology,swisseph,Mars: Taurus -> Gemini
2017-04-21T19:42:34+00:00,Moon ingress to Pisces,medium,astrology,swisseph,Moon: Aquarius -> Pisces
2017-04-24T00:32:29+00:00,Moon ingress to Aries,medium,astrology,swisseph,Moon: Pisces -> Aries
2017-04-26T01:56:13+00:00,Moon ingress to Taurus,medium,astrology,swisseph,Moon: Aries -> Taurus
2017-04-28T01:38:58+00:00,Moon ingress to Gemini,medium,astrology,swisseph,Moon: Taurus -> Gemini
2017-04-28T13:13:19+00:00,Venus ingress to Aries,low,astrology,swisseph,Venus: Pisces -> Aries
2017-04-30T01:47:58+00:00,Moon ingress to Cancer,medium,astrology,swisseph,Moon: Gemini -> Cancer
2017-05-02T04:11:53+00:00,Moon ingress to Leo,medium,astrology,swisseph,Moon: Cancer -> Leo
2017-05-04T09:46:31+00:00,Moon ingress to Virgo,medium,astrology,swisseph,Moon: Leo -> Virgo
2017-05-06T18:20:04+00:00,Moon ingress to Libra,medium,astrology,swisseph,Moon: Virgo -> Libra
2017-05-09T05:00:30+00:00,Moon ingress to Scorpio,medium,astrology,swisseph,Moon: Libra -> Scorpio
2017-05-11T16:59:24+00:00,Moon ingress to Sagittarius,medium,astrology,swisseph,Moon: Scorpio -> Sagittarius
2017-05-14T05:37:24+00:00,Moon ingress to Capricorn,medium,astrology,swisseph,Moon: Sagittarius -> Capricorn
2017-05-16T04:06:52+00:00,Mercury ingress to Taurus,low,astrology,swisseph,Mercury: Aries -> Taurus
2017-05-16T17:49:48+00:00,Moon ingress to Aquarius,medium,astrology,swisseph,Moon: Capricorn -> Aquarius
2017-05-19T03:51:53+00:00,Moon ingress to Pisces,medium,astrology,swisseph,Moon: Aquarius -> Pisces
2017-05-20T20:30:56+00:00,Sun ingress to Gemini,high,astrology,swisseph,Sun: Taurus -> Gemini
2017-05-21T10:10:31+00:00,Moon ingress to Aries,medium,astrology,swisseph,Moon: Pisces -> Aries
2017-05-23T12:32:46+00:00,Moon ingress to Taurus,medium,astrology,swisseph,Moon: Aries -> Taurus
2017-05-25T12:15:18+00:00,Moon ingress to Gemini,medium,astrology,swisseph,Moon: Taurus -> Gemini
2017-05-27T11:24:29+00:00,Moon ingress to Cancer,medium,astrology,swisseph,Moon: Gemini -> Cancer
2017-05-29T12:11:59+00:00,Moon ingress to Leo,medium,astrology,swisseph,Moon: Cancer -> Leo
2017-05-31T16:15:48+00:00,Moon ingress to Virgo,medium,astrology,swisseph,Moon: Leo -> Virgo
2017-06-03T00:03:38+00:00,Moon ingress to Libra,medium,astrology,swisseph,Moon: Virgo -> Libra
2017-06-04T16:15:57+00:00,Mars ingress to Cancer,medium,astrology,swisseph,Mars: Gemini -> Cancer
2017-06-05T10:45:54+00:00,Moon ingress to Scorpio,medium,astrology,swisseph,Moon: Libra -> Scorpio
2017-06-06T07:26:31+00:00,Venus ingress to Taurus,low,astrology,swisseph,Venus: Aries -> Taurus
2017-06-06T22:15:05+00:00,Mercury ingress to Gemini,low,astrology,swisseph,Mercury: Taurus -> Gemini
2017-06-07T22:59:16+00:00,Moon ingress to Sagittarius,medium,astrology,swisseph,Moon: Scorpio -> Sagittarius
2017-06-10T11:36:13+00:00,Moon ingress to Capricorn,medium,astrology,swisseph,Moon: Sagittarius -> Capricorn
2017-06-12T23:44:35+00:00,Moon ingress to Aquarius,medium,astrology,swisseph,Moon: Capricorn -> Aquarius
2017-06-15T10:17:26+00:00,Moon ingress to Pisces,medium,astrology,swisseph,Moon: Aquarius -> Pisces
2017-06-17T17:54:44+00:00,Moon ingress to Aries,medium,astrology,swisseph,Moon: Pisces -> Aries
2017-06-19T21:52:51+00:00,Moon ingress to Taurus,medium,astrology,swisseph,Moon: Aries -> Taurus
2017-06-21T04:24:10+00:00,Sun ingress to Cancer,high,astrology,swisseph,Sun: Gemini -> Cancer
2017-06-21T09:57:29+00:00,Mercury ingress to Cancer,low,astrology,swisseph,Mercury: Gemini -> Cancer
2017-06-21T22:44:13+00:00,Moon ingress to Gemini,medium,astrology,swisseph,Moon: Taurus -> Gemini
2017-06-23T22:06:39+00:00,Moon ingress to Cancer,medium,astrology,swisseph,Moon: Gemini -> Cancer
2017-06-25T22:06:24+00:00,Moon ingress to Leo,medium,astrology,swisseph,Moon: Cancer -> Leo
2017-06-28T00:41:14+00:00,Moon ingress to Virgo,medium,astrology,swisseph,Moon: Leo -> Virgo
2017-06-30T07:02:00+00:00,Moon ingress to Libra,medium,astrology,swisseph,Moon: Virgo -> Libra
2017-07-02T16:59:07+00:00,Moon ingress to Scorpio,medium,astrology,swisseph,Moon: Libra -> Scorpio
2017-07-05T00:11:29+00:00,Venus ingress to Gemini,low,astrology,swisseph,Venus: Taurus -> Gemini
2017-07-05T05:07:54+00:00,Moon ingress to Sagittarius,medium,astrology,swisseph,Moon: Scorpio -> Sagittarius
2017-07-06T00:19:40+00:00,Mercury ingress to Leo,low,astrology,swisseph,Mercury: Cancer -> Leo
2017-07-07T17:44:33+00:00,Moon ingress to Capricorn,medium,astrology,swisseph,Moon: Sagittarius -> Capricorn
2017-07-10T05:34:46+00:00,Moon ingress to Aquarius,medium,astrology,swisseph,Moon: Capricorn -> Aquarius
2017-07-12T15:51:20+00:00,Moon ingress to Pisces,medium,astrology,swisseph,Moon: Aquarius -> Pisces
2017-07-14T23:52:08+00:00,Moon ingress to Aries,medium,astrology,swisseph,Moon: Pisces -> Aries
2017-07-17T05:04:12+00:00,Moon ingress to Taurus,medium,astrology,swisseph,Moon: Aries -> Taurus
2017-07-19T07:31:22+00:00,Moon ingress to Gemini,medium,astrology,swisseph,Moon: Taurus -> Gemini
2017-07-20T12:19:33+00:00,Mars ingress to Leo,medium,astrology,swisseph,Mars: Cancer -> Leo
2017-07-21T08:09:25+00:00,Moon ingress to Cancer,medium,astrology,swisseph,Moon: Gemini -> Cancer
2017-07-22T15:15:22+00:00,Sun ingress to Leo,high,astrology,swisseph,Sun: Cancer -> Leo
2017-07-23T08:33:32+00:00,Moon ingress to Leo,medium,astrology,swisseph,Moon: Cancer -> Leo
2017-07-25T10:32:21+00:00,Moon ingress to Virgo,medium,astrology,swisseph,Moon: Leo -> Virgo
2017-07-25T23:41:04+00:00,Mercury ingress to Virgo,low,astrology,swisseph,Mercury: Leo -> Virgo
2017-07-27T15:36:55+00:00,Moon ingress to Libra,medium,astrology,swisseph,Moon: Virgo -> Libra
2017-07-30T00:22:57+00:00,Moon ingress to Scorpio,medium,astrology,swisseph,Moon: Libra -> Scorpio
2017-07-31T14:53:48+00:00,Venus ingress to Cancer,low,astrology,swisseph,Venus: Gemini -> Cancer
2017-08-01T12:01:16+00:00,Moon ingress to Sagittarius,medium,astrology,swisseph,Moon: Scorpio -> Sagittarius
2017-08-04T00:36:32+00:00,Moon ingress to Capricorn,medium,astrology,swisseph,Moon: Sagittarius -> Capricorn
2017-08-06T12:15:30+00:00,Moon ingress to Aquarius,medium,astrology,swisseph,Moon: Capricorn -> Aquarius
2017-08-08T21:55:50+00:00,Moon ingress to Pisces,medium,astrology,swisseph,Moon: Aquarius -> Pisces
2017-08-11T05:21:52+00:00,Moon ingress to Aries,medium,astrology,swisseph,Moon: Pisces -> Aries
2017-08-13T10:39:40+00:00,Moon ingress to Taurus,medium,astrology,swisseph,Moon: Aries -> Taurus
2017-08-15T14:06:01+00:00,Moon ingress to Gemini,medium,astrology,swisseph,Moon: Taurus -> Gemini
2017-08-17T16:12:59+00:00,Moon ingress to Cancer,medium,astrology,swisseph,Moon: Gemini -> Cancer
2017-08-19T17:54:36+00:00,Moon ingress to Leo,medium,astrology,swisseph,Moon: Cancer -> Leo
2017-08-21T20:24:57+00:00,Moon ingress to Virgo,medium,astrology,swisseph,Moon: Leo -> Virgo
2017-08-22T22:20:14+00:00,Sun ingress to Virgo,high,astrology,swisseph,Sun: Leo -> Virgo
2017-08-24T01:04:30+00:00,Moon ingress to Libra,medium,astrology,swisseph,Moon: Virgo -> Libra
2017-08-26T04:29:39+00:00,Venus ingress to Leo,low,astrology,swisseph,Venus: Cancer -> Leo
2017-08-26T08:52:49+00:00,Moon ingress to Scorpio,medium,astrology,swisseph,Moon: Libra -> Scorpio
2017-08-28T19:47:31+00:00,Moon ingress to Sagittarius,medium,astrology,swisseph,Moon: Scorpio -> Sagittarius
2017-08-31T08:18:23+00:00,Moon ingress to Capricorn,medium,astrology,swisseph,Moon: Sagittarius -> Capricorn
2017-08-31T15:27:33+00:00,Mercury ingress to Leo,low,astrology,swisseph,Mercury: Virgo -> Leo
2017-09-02T20:06:20+00:00,Moon ingress to Aquarius,medium,astrology,swisseph,Moon: Capricorn -> Aquarius
2017-09-05T05:28:17+00:00,Moon ingress to Pisces,medium,astrology,swisseph,Moon: Aquarius -> Pisces
2017-09-05T09:34:44+00:00,Mars ingress to Virgo,medium,astrology,swisseph,Mars: Leo -> Virgo
2017-09-07T12:01:20+00:00,Moon ingress to Aries,medium,astrology,swisseph,Moon: Pisces -> Aries
2017-09-09T16:22:33+00:00,Moon ingress to Taurus,medium,astrology,swisseph,Moon: Aries -> Taurus
2017-09-10T02:52:01+00:00,Mercury ingress to Virgo,low,astrology,swisseph,Mercury: Leo -> Virgo
2017-09-11T19:29:18+00:00,Moon ingress to Gemini,medium,astrology,swisseph,Moon: Taurus -> Gemini
2017-09-13T22:12:19+00:00,Moon ingress to Cancer,medium,astrology,swisseph,Moon: Gemini -> Cancer
2017-09-16T01:08:46+00:00,Moon ingress to Leo,medium,astrology,swisseph,Moon: Cancer -> Leo
2017-09-18T04:52:18+00:00,Moon ingress to Virgo,medium,astrology,swisseph,Moon: Leo -> Virgo
2017-09-20T01:15:18+00:00,Venus ingress to Virgo,low,astrology,swisseph,Venus: Leo -> Virgo
2017-09-20T10:06:00+00:00,Moon ingress to Libra,medium,astrology,swisseph,Moon: Virgo -> Libra
2017-09-22T17:39:57+00:00,Moon ingress to Scorpio,medium,astrology,swisseph,Moon: Libra -> Scorpio
2017-09-22T20:01:48+00:00,Sun ingress to Libra,high,astrology,swisseph,Sun: Virgo -> Libra
2017-09-25T04:00:50+00:00,Moon ingress to Sagittarius,medium,astrology,swisseph,Moon: Scorpio -> Sagittarius
2017-09-27T16:24:02+00:00,Moon ingress to Capricorn,medium,astrology,swisseph,Moon: Sagittarius -> Capricorn
2017-09-30T00:42:07+00:00,Mercury ingress to Libra,low,astrology,swisseph,Mercury: Virgo -> Libra
2017-09-30T04:40:11+00:00,Moon ingress to Aquarius,medium,astrology,swisseph,Moon: Capricorn -> Aquarius
2017-10-02T14:26:16+00:00,Moon ingress to Pisces,medium,astrology,swisseph,Moon: Aquarius -> Pisces
2017-10-04T20:39:35+00:00,Moon ingress to Aries,medium,astrology,swisseph,Moon: Pisces -> Aries
2017-10-06T23:55:53+00:00,Moon ingress to Taurus,medium,astrology,swisseph,Moon: Aries -> Taurus
2017-10-09T01:44:26+00:00,Moon ingress to Gemini,medium,astrology,swisseph,Moon: Taurus -> Gemini
2017-10-10T13:20:08+00:00,Jupiter ingress to Scorpio,medium,astrology,swisseph,Jupiter: Libra -> Scorpio
2017-10-11T03:38:17+00:00,Moon ingress to Cancer,medium,astrology,swisseph,Moon: Gemini -> Cancer
2017-10-13T06:41:21+00:00,Moon ingress to Leo,medium,astrology,swisseph,Moon: Cancer -> Leo
2017-10-14T10:11:11+00:00,Venus ingress to Libra,low,astrology,swisseph,Venus: Virgo -> Libra
2017-10-15T11:18:48+00:00,Moon ingress to Virgo,medium,astrology,swisseph,Moon: Leo -> Virgo
2017-10-17T07:58:30+00:00,Mercury ingress to Scorpio,low,astrology,swisseph,Mercury: Libra -> Scorpio
2017-10-17T17:34:54+00:00,Moon ingress to Libra,medium,astrology,swisseph,Moon: Virgo -> Libra
2017-10-20T01:40:50+00:00,Moon ingress to Scorpio,medium,astrology,swisseph,Moon: Libra -> Scorpio
2017-10-22T11:56:40+00:00,Moon ingress to Sagittarius,medium,astrology,swisseph,Moon: Scorpio -> Sagittarius
2017-10-22T18:28:58+00:00,Mars ingress to Libra,medium,astrology,swisseph,Mars: Virgo -> Libra
2017-10-23T05:26:41+00:00,Sun ingress to Scorpio,high,astrology,swisseph,Sun: Libra -> Scorpio
2017-10-25T00:12:07+00:00,Moon ingress to Capricorn,medium,astrology,swisseph,Moon: Sagittarius -> Capricorn
2017-10-27T12:58:40+00:00,Moon ingress to Aquarius,medium,astrology,swisseph,Moon: Capricorn -> Aquarius
2017-10-29T23:46:18+00:00,Moon ingress to Pisces,medium,astrology,swisseph,Moon: Aquarius -> Pisces
2017-11-01T06:42:36+00:00,Moon ingress to Aries,medium,astrology,swisseph,Moon: Pisces -> Aries
2017-11-03T09:46:07+00:00,Moon ingress to Taurus,medium,astrology,swisseph,Moon: Aries -> Taurus
2017-11-05T10:26:03+00:00,Moon ingress to Gemini,medium,astrology,swisseph,Moon: Taurus -> Gemini
2017-11-05T19:18:42+00:00,Mercury ingress to Sagittarius,low,astrology,swisseph,Mercury: Scorpio -> Sagittarius
2017-11-07T10:44:26+00:00,Moon ingress to Cancer,medium,astrology,swisseph,Moon: Gemini -> Cancer
2017-11-07T11:38:29+00:00,Venus ingress to Scorpio,low,astrology,swisseph,Venus: Libra -> Scorpio
2017-11-09T12:29:06+00:00,Moon ingress to Leo,medium,astrology,swisseph,Moon: Cancer -> Leo
2017-11-11T16:41:19+00:00,Moon ingress to Virgo,medium,astrology,swisseph,Moon: Leo -> Virgo
2017-11-13T23:26:20+00:00,Moon ingress to Libra,medium,astrology,swisseph,Moon: Virgo -> Libra
2017-11-16T08:18:42+00:00,Moon ingress to Scorpio,medium,astrology,swisseph,Moon: Libra -> Scorpio
2017-11-18T18:58:59+00:00,Moon ingress to Sagittarius,medium,astrology,swisseph,Moon: Scorpio -> Sagittarius
2017-11-21T07:14:02+00:00,Moon ingress to Capricorn,medium,astrology,swisseph,Moon: Sagittarius -> Capricorn
2017-11-22T03:04:38+00:00,Sun ingress to Sagittarius,high,astrology,swisseph,Sun: Scorpio -> Sagittarius
2017-11-23T20:14:15+00:00,Moon ingress to Aquarius,medium,astrology,swisseph,Moon: Capricorn -> Aquarius
2017-11-26T08:03:54+00:00,Moon ingress to Pisces,medium,astrology,swisseph,Moon: Aquarius -> Pisces
2017-11-28T16:30:13+00:00,Moon ingress to Aries,medium,astrology,swisseph,Moon: Pisces -> Aries
2017-11-30T20:38:11+00:00,Moon ingress to Taurus,medium,astrology,swisseph,Moon: Aries -> Taurus
2017-12-01T09:14:02+00:00,Venus ingress to Sagittarius,low,astrology,swisseph,Venus: Scorpio -> Sagittarius
2017-12-02T21:20:54+00:00,Moon ingress to Gemini,medium,astrology,swisseph,Moon: Taurus -> Gemini
2017-12-04T20:36:44+00:00,Moon ingress to Cancer,medium,astrology,swisseph,Moon: Gemini -> Cancer
2017-12-06T20:37:13+00:00,Moon ingress to Leo,medium,astrology,swisseph,Moon: Cancer -> Leo
2017-12-08T23:08:31+00:00,Moon ingress to Virgo,medium,astrology,swisseph,Moon: Leo -> Virgo
2017-12-09T08:59:15+00:00,Mars ingress to Scorpio,medium,astrology,swisseph,Mars: Libra -> Scorpio
2017-12-11T05:00:55+00:00,Moon ingress to Libra,medium,astrology,swisseph,Moon: Virgo -> Libra
2017-12-13T13:58:37+00:00,Moon ingress to Scorpio,medium,astrology,swisseph,Moon: Libra -> Scorpio
2017-12-16T01:07:06+00:00,Moon ingress to Sagittarius,medium,astrology,swisseph,Moon: Scorpio -> Sagittarius
2017-12-18T13:33:22+00:00,Moon ingress to Capricorn,medium,astrology,swisseph,Moon: Sagittarius -> Capricorn
2017-12-20T04:49:08+00:00,Saturn ingress to Capricorn,high,astrology,swisseph,Saturn: Sagittarius -> Capricorn
2017-12-21T02:29:17+00:00,Moon ingress to Aquarius,medium,astrology,swisseph,Moon: Capricorn -> Aquarius
2017-12-21T16:27:57+00:00,Sun ingress to Capricorn,high,astrology,swisseph,Sun: Sagittarius -> Capricorn
2017-12-23T14:41:43+00:00,Moon ingress to Pisces,medium,astrology,swisseph,Moon: Aquarius -> Pisces
2017-12-25T05:25:59+00:00,Venus ingress to Capricorn,low,astrology,swisseph,Venus: Sagittarius -> Capricorn
2017-12-26T00:26:46+00:00,Moon ingress to Aries,medium,astrology,swisseph,Moon: Pisces -> Aries
2017-12-28T06:23:11+00:00,Moon ingress to Taurus,medium,astrology,swisseph,Moon: Aries -> Taurus
2017-12-30T08:30:47+00:00,Moon ingress to Gemini,medium,astrology,swisseph,Moon: Taurus -> Gemini
2018-01-01T08:10:06+00:00,Moon ingress to Cancer,medium,astrology,swisseph,Moon: Gemini -> Cancer
2018-01-03T07:22:27+00:00,Moon ingress to Leo,medium,astrology,swisseph,Moon: Cancer -> Leo
2018-01-05T08:12:02+00:00,Moon ingress to Virgo,medium,astrology,swisseph,Moon: Leo -> Virgo
2018-01-07T12:14:30+00:00,Moon ingress to Libra,medium,astrology,swisseph,Moon: Virgo -> Libra
2018-01-09T20:05:20+00:00,Moon ingress to Scorpio,medium,astrology,swisseph,Moon: Libra -> Scorpio
2018-01-11T05:09:02+00:00,Mercury ingress to Capricorn,low,astrology,swisseph,Mercury: Sagittarius -> Capricorn
2018-01-12T07:04:14+00:00,Moon ingress to Sagittarius,medium,astrology,swisseph,Moon: Scorpio -> Sagittarius
2018-01-14T19:42:16+00:00,Moon ingress to Capricorn,medium,astrology,swisseph,Moon: Sagittarius -> Capricorn
2018-01-17T08:31:51+00:00,Moon ingress to Aquarius,medium,astrology,swisseph,Moon: Capricorn -> Aquarius
2018-01-18T01:43:35+00:00,Venus ingress to Aquarius,low,astrology,swisseph,Venus: Capricorn -> Aquarius
2018-01-19T20:26:23+00:00,Moon ingress to Pisces,medium,astrology,swisseph,Moon: Aquarius -> Pisces
2018-01-20T03:09:01+00:00,Sun ingress to Aquarius,high,astrology,swisseph,Sun: Capricorn -> Aquarius
2018-01-22T06:27:00+00:00,Moon ingress to Aries,medium,astrology,swisseph,Moon: Pisces -> Aries
2018-01-24T13:39:28+00:00,Moon ingress to Taurus,medium,astrology,swisseph,Moon: Aries -> Taurus
2018-01-26T12:56:18+00:00,Mars ingress to Sagittarius,medium,astrology,swisseph,Mars: Scorpio -> Sagittarius
2018-01-26T17:39:37+00:00,Moon ingress to Gemini,medium,astrology,swisseph,Moon: Taurus -> Gemini
2018-01-28T18:57:26+00:00,Moon ingress to Cancer,medium,astrology,swisseph,Moon: Gemini -> Cancer
2018-01-30T18:52:48+00:00,Moon ingress to Leo,medium,astrology,swisseph,Moon: Cancer -> Leo
2018-01-31T13:39:05+00:00,Mercury ingress to Aquarius,low,astrology,swisseph,Mercury: Capricorn -> Aquarius
2018-02-01T19:12:53+00:00,Moon ingress to Virgo,medium,astrology,swisseph,Moon: Leo -> Virgo
2018-02-03T21:47:06+00:00,Moon ingress to Libra,medium,astrology,swisseph,Moon: Virgo -> Libra
2018-02-06T03:56:24+00:00,Moon ingress to Scorpio,medium,astrology,swisseph,Moon: Libra -> Scorpio
2018-02-08T13:53:27+00:00,Moon ingress to Sagittarius,medium,astrology,swisseph,Moon: Scorpio -> Sagittarius
2018-02-10T23:19:31+00:00,Venus ingress to Pisces,low,astrology,swisseph,Venus: Aquarius -> Pisces
2018-02-11T02:20:56+00:00,Moon ingress to Capricorn,medium,astrology,swisseph,Moon: Sagittarius -> Capricorn
2018-02-13T15:11:25+00:00,Moon ingress to Aquarius,medium,astrology,swisseph,Moon: Capricorn -> Aquarius
2018-02-16T02:41:34+00:00,Moon ingress to Pisces,medium,astrology,swisseph,Moon: Aquarius -> Pisces
2018-02-18T04:28:02+00:00,Mercury ingress to Pisces,low,astrology,swisseph,Mercury: Aquarius -> Pisces
2018-02-18T12:04:35+00:00,Moon ingress to Aries,medium,astrology,swisseph,Moon: Pisces -> Aries
2018-02-18T17:18:01+00:00,Sun ingress to Pisces,high,astrology,swisseph,Sun: Aquarius -> Pisces
2018-02-20T19:11:38+00:00,Moon ingress to Taurus,medium,astrology,swisseph,Moon: Aries -> Taurus
2018-02-23T00:07:25+00:00,Moon ingress to Gemini,medium,astrology,swisseph,Moon: Taurus -> Gemini
2018-02-25T03:05:59+00:00,Moon ingress to Cancer,medium,astrology,swisseph,Moon: Gemini -> Cancer
2018-02-27T04:41:43+00:00,Moon ingress to Leo,medium,astrology,swisseph,Moon: Cancer -> Leo
2018-03-01T05:57:26+00:00,Moon ingress to Virgo,medium,astrology,swisseph,Moon: Leo -> Virgo
2018-03-03T08:20:23+00:00,Moon ingress to Libra,medium,astrology,swisseph,Moon: Virgo -> Libra
2018-03-05T13:22:54+00:00,Moon ingress to Scorpio,medium,astrology,swisseph,Moon: Libra -> Scorpio
2018-03-06T07:34:21+00:00,Mercury ingress to Aries,low,astrology,swisseph,Mercury: Pisces -> Aries
2018-03-06T23:45:26+00:00,Venus ingress to Aries,low,astrology,swisseph,Venus: Pisces -> Aries
2018-03-07T22:02:48+00:00,Moon ingress to Sagittarius,medium,astrology,swisseph,Moon: Scorpio -> Sagittarius
2018-03-10T09:51:59+00:00,Moon ingress to Capricorn,medium,astrology,swisseph,Moon: Sagittarius -> Capricorn
2018-03-12T22:44:26+00:00,Moon ingress to Aquarius,medium,astrology,swisseph,Moon: Capricorn -> Aquarius
2018-03-15T10:11:57+00:00,Moon ingress to Pisces,medium,astrology,swisseph,Moon: Aquarius -> Pisces
2018-03-17T16:40:17+00:00,Mars ingress to Capricorn,medium,astrology,swisseph,Mars: Sagittarius -> Capricorn
2018-03-17T18:56:51+00:00,Moon ingress to Aries,medium,astrology,swisseph,Moon: Pisces -> Aries
2018-03-20T01:06:39+00:00,Moon ingress to Taurus,medium,astrology,swisseph,Moon: Aries -> Taurus
2018-03-20T16:15:27+00:00,Sun ingress to Aries,high,astrology,swisseph,Sun: Pisces -> Aries
2018-03-22T05:29:48+00:00,Moon ingress to Gemini,medium,astrology,swisseph,Moon: Taurus -> Gemini
2018-03-24T08:52:45+00:00,Moon ingress to Cancer,medium,astrology,swisseph,Moon: Gemini -> Cancer
2018-03-26T11:44:37+00:00,Moon ingress to Leo,medium,astrology,swisseph,Moon: Cancer -> Leo
2018-03-28T14:30:09+00:00,Moon ingress to Virgo,medium,astrology,swisseph,Moon: Leo -> Virgo
2018-03-30T17:51:55+00:00,Moon ingress to Libra,medium,astrology,swisseph,Moon: Virgo -> Libra
2018-03-31T04:53:39+00:00,Venus ingress to Taurus,low,astrology,swisseph,Venus: Aries -> Taurus
2018-04-01T22:57:20+00:00,Moon ingress to Scorpio,medium,astrology,swisseph,Moon: Libra -> Scorpio
2018-04-04T06:54:54+00:00,Moon ingress to Sagittarius,medium,astrology,swisseph,Moon: Scorpio -> Sagittarius
2018-04-06T18:01:12+00:00,Moon ingress to Capricorn,medium,astrology,swisseph,Moon: Sagittarius -> Capricorn
2018-04-09T06:50:05+00:00,Moon ingress to Aquarius,medium,astrology,swisseph,Moon: Capricorn -> Aquarius
2018-04-11T18:39:51+00:00,Moon ingress to Pisces,medium,astrology,swisseph,Moon: Aquarius -> Pisces
2018-04-14T03:25:32+00:00,Moon ingress to Aries,medium,astrology,swisseph,Moon: Pisces -> Aries
2018-04-16T08:51:00+00:00,Moon ingress to Taurus,medium,astrology,swisseph,Moon: Aries -> Taurus
2018-04-18T12:02:12+00:00,Moon ingress to Gemini,medium,astrology,swisseph,Moon: Taurus -> Gemini
2018-04-20T03:12:33+00:00,Sun ingress to Taurus,high,astrology,swisseph,Sun: Aries -> Taurus
2018-04-20T14:26:23+00:00,Moon ingress to Cancer,medium,astrology,swisseph,Moon: Gemini -> Cancer
2018-04-22T17:08:56+00:00,Moon ingress to Leo,medium,astrology,swisseph,Moon: Cancer -> Leo
2018-04-24T16:39:52+00:00,Venus ingress to Gemini,low,astrology,swisseph,Venus: Taurus -> Gemini
2018-04-24T20:40:05+00:00,Moon ingress to Virgo,medium,astrology,swisseph,Moon: Leo -> Virgo
2018-04-27T01:12:39+00:00,Moon ingress to Libra,medium,astrology,swisseph,Moon: Virgo -> Libra
2018-04-29T07:11:21+00:00,Moon ingress to Scorpio,medium,astrology,swisseph,Moon: Libra -> Scorpio
2018-05-01T15:19:29+00:00,Moon ingress to Sagittarius,medium,astrology,swisseph,Moon: Scorpio -> Sagittarius
2018-05-04T02:06:03+00:00,Moon ingress to Capricorn,medium,astrology,swisseph,Moon: Sagittarius -> Capricorn
2018-05-06T14:48:21+00:00,Moon ingress to Aquarius,medium,astrology,swisseph,Moon: Capricorn -> Aquarius
2018-05-09T03:10:39+00:00,Moon ingress to Pisces,medium,astrology,swisseph,Moon: Aquarius -> Pisces
2018-05-11T12:40:15+00:00,Moon ingress to Aries,medium,astrology,swisseph,Moon: Pisces -> Aries
2018-05-13T12:40:08+00:00,Mercury ingress to Taurus,low,astrology,swisseph,Mercury: Aries -> Taurus
2018-05-13T18:15:13+00:00,Moon ingress to Taurus,medium,astrology,swisseph,Moon: Aries -> Taurus
2018-05-15T15:17:38+00:00,Uranus ingress to Taurus,medium,astrology,swisseph,Uranus: Aries -> Taurus
2018-05-15T20:43:12+00:00,Moon ingress to Gemini,medium,astrology,swisseph,Moon: Taurus -> Gemini
2018-05-16T04:54:59+00:00,Mars ingress to Aquarius,medium,astrology,swisseph,Mars: Capricorn -> Aquarius
2018-05-17T21:47:16+00:00,Moon ingress to Cancer,medium,astrology,swisseph,Moon: Gemini -> Cancer
2018-05-19T13:10:33+00:00,Venus ingress to Cancer,low,astrology,swisseph,Venus: Gemini -> Cancer
2018-05-19T23:10:31+00:00,Moon ingress to Leo,medium,astrology,swisseph,Moon: Cancer -> Leo
2018-05-21T02:14:36+00:00,Sun ingress to Gemini,high,astrology,swisseph,Sun: Taurus -> Gemini
2018-05-22T02:02:49+00:00,Moon ingress to Virgo,medium,astrology,swisseph,Moon: Leo -> Virgo
2018-05-24T06:51:45+00:00,Moon ingress to Libra,medium,astrology,swisseph,Moon: Virgo -> Libra
2018-05-26T13:39:25+00:00,Moon ingress to Scorpio,medium,astrology,swisseph,Moon: Libra -> Scorpio
2018-05-28T22:28:59+00:00,Moon ingress to Sagittarius,medium,astrology,swisseph,Moon: Scorpio -> Sagittarius
2018-05-29T23:48:57+00:00,Mercury ingress to Gemini,low,astrology,swisseph,Mercury: Taurus -> Gemini
2018-05-31T09:26:27+00:00,Moon ingress to Capricorn,medium,astrology,swisseph,Moon: Sagittarius -> Capricorn
2018-06-02T22:06:17+00:00,Moon ingress to Aquarius,medium,astrology,swisseph,Moon: Capricorn -> Aquarius
2018-06-05T10:53:25+00:00,Moon ingress to Pisces,medium,astrology,swisseph,Moon: Aquarius -> Pisces
2018-06-07T21:25:36+00:00,Moon ingress to Aries,medium,astrology,swisseph,Moon: Pisces -> Aries
2018-06-10T04:03:43+00:00,Moon ingress to Taurus,medium,astrology,swisseph,Moon: Aries -> Taurus
2018-06-12T06:52:47+00:00,Moon ingress to Gemini,medium,astrology,swisseph,Moon: Taurus -> Gemini
2018-06-12T19:59:36+00:00,Mercury ingress to Cancer,low,astrology,swisseph,Mercury: Gemini -> Cancer
2018-06-13T21:54:03+00:00,Venus ingress to Leo,low,astrology,swisseph,Venus: Cancer -> Leo
2018-06-14T07:19:44+00:00,Moon ingress to Cancer,medium,astrology,swisseph,Moon: Gemini -> Cancer
2018-06-16T07:20:32+00:00,Moon ingress to Leo,medium,astrology,swisseph,Moon: Cancer -> Leo
2018-06-18T08:40:25+00:00,Moon ingress to Virgo,medium,astrology,swisseph,Moon: Leo -> Virgo
2018-06-20T12:29:19+00:00,Moon ingress to Libra,medium,astrology,swisseph,Moon: Virgo -> Libra
2018-06-21T10:07:17+00:00,Sun ingress to Cancer,high,astrology,swisseph,Sun: Gemini -> Cancer
2018-06-22T19:10:34+00:00,Moon ingress to Scorpio,medium,astrology,swisseph,Moon: Libra -> Scorpio
2018-06-25T04:29:06+00:00,Moon ingress to Sagittarius,medium,astrology,swisseph,Moon: Scorpio -> Sagittarius
2018-06-27T15:52:18+00:00,Moon ingress to Capricorn,medium,astrology,swisseph,Moon: Sagittarius -> Capricorn
2018-06-29T05:16:19+00:00,Mercury ingress to Leo,low,astrology,swisseph,Mercury: Cancer -> Leo
2018-06-30T04:36:36+00:00,Moon ingress to Aquarius,medium,astrology,swisseph,Moon: Capricorn -> Aquarius
2018-07-02T17:31:02+00:00,Moon ingress to Pisces,medium,astrology,swisseph,Moon: Aquarius -> Pisces
2018-07-05T04:49:36+00:00,Moon ingress to Aries,medium,astrology,swisseph,Moon: Pisces -> Aries
2018-07-07T12:50:48+00:00,Moon ingress to Taurus,medium,astrology,swisseph,Moon: Aries -> Taurus
2018-07-09T16:58:20+00:00,Moon ingress to Gemini,medium,astrology,swisseph,Moon: Taurus -> Gemini
2018-07-10T02:31:54+00:00,Venus ingress to Virgo,low,astrology,swisseph,Venus: Leo -> Virgo
2018-07-11T17:58:32+00:00,Moon ingress to Cancer,medium,astrology,swisseph,Moon: Gemini -> Cancer
2018-07-13T17:30:51+00:00,Moon ingress to Leo,medium,astrology,swisseph,Moon: Cancer -> Leo
2018-07-15T17:30:41+00:00,Moon ingress to Virgo,medium,astrology,swisseph,Moon: Leo -> Virgo
2018-07-17T19:42:07+00:00,Moon ingress to Libra,medium,astrology,swisseph,Moon: Virgo -> Libra
2018-07-20T01:12:59+00:00,Moon ingress to Scorpio,medium,astrology,swisseph,Moon: Libra -> Scorpio
2018-07-22T10:12:08+00:00,Moon ingress to Sagittarius,medium,astrology,swisseph,Moon: Scorpio -> Sagittarius
2018-07-22T21:00:21+00:00,Sun ingress to Leo,high,astrology,swisseph,Sun: Cancer -> Leo
2018-07-24T21:48:33+00:00,Moon ingress to Capricorn,medium,astrology,swisseph,Moon: Sagittarius -> Capricorn
2018-07-27T10:40:51+00:00,Moon ingress to Aquarius,medium,astrology,swisseph,Moon: Capricorn -> Aquarius
2018-07-29T23:27:48+00:00,Moon ingress to Pisces,medium,astrology,swisseph,Moon: Aquarius -> Pisces
2018-08-01T10:54:22+00:00,Moon ingress to Aries,medium,astrology,swisseph,Moon: Pisces -> Aries
2018-08-03T19:50:51+00:00,Moon ingress to Taurus,medium,astrology,swisseph,Moon: Aries -> Taurus
2018-08-06T01:31:38+00:00,Moon ingress to Gemini,medium,astrology,swisseph,Moon: Taurus -> Gemini
2018-08-06T23:27:27+00:00,Venus ingress to Libra,low,astrology,swisseph,Venus: Virgo -> Libra
2018-08-08T04:00:51+00:00,Moon ingress to Cancer,medium,astrology,swisseph,Moon: Gemini -> Cancer
2018-08-10T04:17:35+00:00,Moon ingress to Leo,medium,astrology,swisseph,Moon: Cancer -> Leo
2018-08-12T03:58:53+00:00,Moon ingress to Virgo,medium,astrology,swisseph,Moon: Leo -> Virgo
2018-08-13T02:13:58+00:00,Mars ingress to Capricorn,medium,astrology,swisseph,Mars: Aquarius -> Capricorn
2018-08-14T04:57:03+00:00,Moon ingress to Libra,medium,astrology,swisseph,Moon: Virgo -> Libra
2018-08-16T08:54:09+00:00,Moon ingress to Scorpio,medium,astrology,swisseph,Moon: Libra -> Scorpio
2018-08-18T16:44:55+00:00,Moon ingress to Sagittarius,medium,astrology,swisseph,Moon: Scorpio -> Sagittarius
2018-08-21T04:00:26+00:00,Moon ingress to Capricorn,medium,astrology,swisseph,Moon: Sagittarius -> Capricorn
2018-08-23T04:08:34+00:00,Sun ingress to Virgo,high,astrology,swisseph,Sun: Leo -> Virgo
2018-08-23T16:55:31+00:00,Moon ingress to Aquarius,medium,astrology,swisseph,Moon: Capricorn -> Aquarius
2018-08-26T05:32:22+00:00,Moon ingress to Pisces,medium,astrology,swisseph,Moon: Aquarius -> Pisces
2018-08-28T16:35:13+00:00,Moon ingress to Aries,medium,astrology,swisseph,Moon: Pisces -> Aries
2018-08-31T01:30:12+00:00,Moon ingress to Taurus,medium,astrology,swisseph,Moon: Aries -> Taurus
2018-09-02T08:01:32+00:00,Moon ingress to Gemini,medium,astrology,swisseph,Moon: Taurus -> Gemini
2018-09-04T12:03:30+00:00,Moon ingress to Cancer,medium,astrology,swisseph,Moon: Gemini -> Cancer
2018-09-06T02:38:39+00:00,Mercury ingress to Virgo,low,astrology,swisseph,Mercury: Leo -> Virgo
2018-09-06T13:54:07+00:00,Moon ingress to Leo,medium,astrology,swisseph,Moon: Cancer -> Leo
2018-09-08T14:29:07+00:00,Moon ingress to Virgo,medium,astrology,swisseph,Moon: Leo -> Virgo
2018-09-09T09:25:15+00:00,Venus ingress to Scorpio,low,astrology,swisseph,Venus: Libra -> Scorpio
2018-09-10T15:19:50+00:00,Moon ingress to Libra,medium,astrology,swisseph,Moon: Virgo -> Libra
2018-09-11T00:55:25+00:00,Mars ingress to Aquarius,medium,astrology,swisseph,Mars: Capricorn -> Aquarius
2018-09-12T18:15:02+00:00,Moon ingress to Scorpio,medium,astrology,swisseph,Moon: Libra -> Scorpio
2018-09-15T00:44:59+00:00,Moon ingress to Sagittarius,medium,astrology,swisseph,Moon: Scorpio -> Sagittarius
2018-09-17T11:07:23+00:00,Moon ingress to Capricorn,medium,astrology,swisseph,Moon: Sagittarius -> Capricorn
2018-09-19T23:51:37+00:00,Moon ingress to Aquarius,medium,astrology,swisseph,Moon: Capricorn -> Aquarius
2018-09-22T03:39:21+00:00,Mercury ingress to Libra,low,astrology,swisseph,Mercury: Virgo -> Libra
2018-09-22T12:26:52+00:00,Moon ingress to Pisces,medium,astrology,swisseph,Moon: Aquarius -> Pisces
2018-09-23T01:54:05+00:00,Sun ingress to Libra,high,astrology,swisseph,Sun: Virgo -> Libra
2018-09-24T23:03:34+00:00,Moon ingress to Aries,medium,astrology,swisseph,Moon: Pisces -> Aries
2018-09-27T07:15:34+00:00,Moon ingress to Taurus,medium,astrology,swisseph,Moon: Aries -> Taurus
2018-09-29T13:25:53+00:00,Moon ingress to Gemini,medium,astrology,swisseph,Moon: Taurus -> Gemini
2018-10-01T18:00:23+00:00,Moon ingress to Cancer,medium,astrology,swisseph,Moon: Gemini -> Cancer
2018-10-03T21:12:07+00:00,Moon ingress to Leo,medium,astrology,swisseph,Moon: Cancer -> Leo
2018-10-05T23:19:08+00:00,Moon ingress to Virgo,medium,astrology,swisseph,Moon: Leo -> Virgo
2018-10-08T01:10:04+00:00,Moon ingress to Libra,medium,astrology,swisseph,Moon: Virgo -> Libra
2018-10-10T00:40:08+00:00,Mercury ingress to Scorpio,low,astrology,swisseph,Mercury: Libra -> Scorpio
2018-10-10T04:09:19+00:00,Moon ingress to Scorpio,medium,astrology,swisseph,Moon: Libra -> Scorpio
2018-10-12T09:52:52+00:00,Moon ingress to Sagittarius,medium,astrology,swisseph,Moon: Scorpio -> Sagittarius
2018-10-14T19:16:49+00:00,Moon ingress to Capricorn,medium,astrology,swisseph,Moon: Sagittarius -> Capricorn
2018-10-17T07:35:49+00:00,Moon ingress to Aquarius,medium,astrology,swisseph,Moon: Capricorn -> Aquarius
2018-10-19T20:20:22+00:00,Moon ingress to Pisces,medium,astrology,swisseph,Moon: Aquarius -> Pisces
2018-10-22T06:58:14+00:00,Moon ingress to Aries,medium,astrology,swisseph,Moon: Pisces -> Aries
2018-10-23T11:22:22+00:00,Sun ingress to Scorpio,high,astrology,swisseph,Sun: Libra -> Scorpio
2018-10-24T14:33:13+00:00,Moon ingress to Taurus,medium,astrology,swisseph,Moon: Aries -> Taurus
2018-10-26T19:40:45+00:00,Moon ingress to Gemini,medium,astrology,swisseph,Moon: Taurus -> Gemini
2018-10-28T23:27:04+00:00,Moon ingress to Cancer,medium,astrology,swisseph,Moon: Gemini -> Cancer
2018-10-31T02:41:56+00:00,Moon ingress to Leo,medium,astrology,swisseph,Moon: Cancer -> Leo
2018-10-31T04:38:15+00:00,Mercury ingress to Sagittarius,low,astrology,swisseph,Mercury: Scorpio -> Sagittarius
2018-10-31T19:41:43+00:00,Venus ingress to Libra,low,astrology,swisseph,Venus: Scorpio -> Libra
2018-11-02T05:47:35+00:00,Moon ingress to Virgo,medium,astrology,swisseph,Moon: Leo -> Virgo
2018-11-04T09:00:54+00:00,Moon ingress to Libra,medium,astrology,swisseph,Moon: Virgo -> Libra
2018-11-06T13:02:16+00:00,Moon ingress to Scorpio,medium,astrology,swisseph,Moon: Libra -> Scorpio
2018-11-06T18:57:38+00:00,Uranus ingress to Aries,medium,astrology,swisseph,Uranus: Taurus -> Aries
2018-11-08T12:38:31+00:00,Jupiter ingress to Sagittarius,medium,astrology,swisseph,Jupiter: Scorpio -> Sagittarius
2018-11-08T18:59:23+00:00,Moon ingress to Sagittarius,medium,astrology,swisseph,Moon: Scorpio -> Sagittarius
2018-11-11T03:54:32+00:00,Moon ingress to Capricorn,medium,astrology,swisseph,Moon: Sagittarius -> Capricorn
2018-11-13T15:45:12+00:00,Moon ingress to Aquarius,medium,astrology,swisseph,Moon: Capricorn -> Aquarius
2018-11-15T22:20:54+00:00,Mars ingress to Pisces,medium,astrology,swisseph,Mars: Aquarius -> Pisces
2018-11-16T04:41:22+00:00,Moon ingress to Pisces,medium,astrology,swisseph,Moon: Aquarius -> Pisces
2018-11-18T15:55:48+00:00,Moon ingress to Aries,medium,astrology,swisseph,Moon: Pisces -> Aries
2018-11-20T23:42:46+00:00,Moon ingress to Taurus,medium,astrology,swisseph,Moon: Aries -> Taurus
2018-11-22T09:01:28+00:00,Sun ingress to Sagittarius,high,astrology,swisseph,Sun: Scorpio -> Sagittarius
2018-11-23T04:10:23+00:00,Moon ingress to Gemini,medium,astrology,swisseph,Moon: Taurus -> Gemini
2018-11-25T06:37:42+00:00,Moon ingress to Cancer,medium,astrology,swisseph,Moon: Gemini -> Cancer
2018-11-27T08:35:00+00:00,Moon ingress to Leo,medium,astrology,swisseph,Moon: Cancer -> Leo
2018-11-29T11:07:40+00:00,Moon ingress to Virgo,medium,astrology,swisseph,Moon: Leo -> Virgo
2018-12-01T11:12:01+00:00,Mercury ingress to Scorpio,low,astrology,swisseph,Mercury: Sagittarius -> Scorpio
2018-12-01T14:48:39+00:00,Moon ingress to Libra,medium,astrology,swisseph,Moon: Virgo -> Libra
2018-12-02T17:01:39+00:00,Venus ingress to Scorpio,low,astrology,swisseph,Venus: Libra -> Scorpio
2018-12-03T19:54:45+00:00,Moon ingress to Scorpio,medium,astrology,swisseph,Moon: Libra -> Scorpio
2018-12-06T02:48:48+00:00,Moon ingress to Sagittarius,medium,astrology,swisseph,Moon: Scorpio -> Sagittarius
2018-12-08T12:01:26+00:00,Moon ingress to Capricorn,medium,astrology,swisseph,Moon: Sagittarius -> Capricorn
2018-12-10T23:39:27+00:00,Moon ingress to Aquarius,medium,astrology,swisseph,Moon: Capricorn -> Aquarius
2018-12-12T23:42:38+00:00,Mercury ingress to Sagittarius,low,astrology,swisseph,Mercury: Scorpio -> Sagittarius
2018-12-13T12:39:38+00:00,Moon ingress to Pisces,medium,astrology,swisseph,Moon: Aquarius -> Pisces
2018-12-16T00:44:03+00:00,Moon ingress to Aries,medium,astrology,swisseph,Moon: Pisces -> Aries
2018-12-18T09:37:12+00:00,Moon ingress to Taurus,medium,astrology,swisseph,Moon: Aries -> Taurus
2018-12-20T14:34:25+00:00,Moon ingress to Gemini,medium,astrology,swisseph,Moon: Taurus -> Gemini
2018-12-21T22:22:43+00:00,Sun ingress to Capricorn,high,astrology,swisseph,Sun: Sagittarius -> Capricorn
2018-12-22T16:28:03+00:00,Moon ingress to Cancer,medium,astrology,swisseph,Moon: Gemini -> Cancer
2018-12-24T16:58:30+00:00,Moon ingress to Leo,medium,astrology,swisseph,Moon: Cancer -> Leo
2018-12-26T17:49:43+00:00,Moon ingress to Virgo,medium,astrology,swisseph,Moon: Leo -> Virgo
2018-12-28T20:22:54+00:00,Moon ingress to Libra,medium,astrology,swisseph,Moon: Virgo -> Libra
2018-12-31T01:23:00+00:00,Moon ingress to Scorpio,medium,astrology,swisseph,Moon: Libra -> Scorpio
2019-01-01T02:19:55+00:00,Mars ingress to Aries,medium,astrology,swisseph,Mars: Pisces -> Aries
2019-01-02T08:58:24+00:00,Moon ingress to Sagittarius,medium,astrology,swisseph,Moon: Scorpio -> Sagittarius
2019-01-04T18:54:44+00:00,Moon ingress to Capricorn,medium,astrology,swisseph,Moon: Sagittarius -> Capricorn
2019-01-05T03:39:48+00:00,Mercury ingress to Capricorn,low,astrology,swisseph,Mercury: Sagittarius -> Capricorn
2019-01-07T06:45:55+00:00,Moon ingress to Aquarius,medium,astrology,swisseph,Moon: Capricorn -> Aquarius
2019-01-07T11:17:59+00:00,Venus ingress to Sagittarius,low,astrology,swisseph,Venus: Scorpio -> Sagittarius
2019-01-09T19:43:37+00:00,Moon ingress to Pisces,medium,astrology,swisseph,Moon: Aquarius -> Pisces
2019-01-12T08:17:49+00:00,Moon ingress to Aries,medium,astrology,swisseph,Moon: Pisces -> Aries
2019-01-14T18:31:12+00:00,Moon ingress to Taurus,medium,astrology,swisseph,Moon: Aries -> Taurus
2019-01-17T01:00:16+00:00,Moon ingress to Gemini,medium,astrology,swisseph,Moon: Taurus -> Gemini
2019-01-19T03:43:49+00:00,Moon ingress to Cancer,medium,astrology,swisseph,Moon: Gemini -> Cancer
2019-01-20T08:59:32+00:00,Sun ingress to Aquarius,high,astrology,swisseph,Sun: Capricorn -> Aquarius
2019-01-21T03:54:28+00:00,Moon ingress to Leo,medium,astrology,swisseph,Moon: Cancer -> Leo
2019-01-23T03:22:06+00:00,Moon ingress to Virgo,medium,astrology,swisseph,Moon: Leo -> Virgo
2019-01-24T05:49:20+00:00,Mercury ingress to Aquarius,low,astrology,swisseph,Mercury: Capricorn -> Aquarius
2019-01-25T04:02:24+00:00,Moon ingress to Libra,medium,astrology,swisseph,Moon: Virgo -> Libra
2019-01-27T07:30:39+00:00,Moon ingress to Scorpio,medium,astrology,swisseph,Moon: Libra -> Scorpio
2019-01-29T14:32:43+00:00,Moon ingress to Sagittarius,medium,astrology,swisseph,Moon: Scorpio -> Sagittarius
2019-02-01T00:47:06+00:00,Moon ingress to Capricorn,medium,astrology,swisseph,Moon: Sagittarius -> Capricorn
2019-02-03T13:03:06+00:00,Moon ingress to Aquarius,medium,astrology,swisseph,Moon: Capricorn -> Aquarius
2019-02-03T22:29:15+00:00,Venus ingress to Capricorn,low,astrology,swisseph,Venus: Sagittarius -> Capricorn
2019-02-06T02:01:54+00:00,Moon ingress to Pisces,medium,astrology,swisseph,Moon: Aquarius -> Pisces
2019-02-08T14:34:05+00:00,Moon ingress to Aries,medium,astrology,swisseph,Moon: Pisces -> Aries
2019-02-10T10:50:35+00:00,Mercury ingress to Pisces,low,astrology,swisseph,Mercury: Aquarius -> Pisces
2019-02-11T01:28:21+00:00,Moon ingress to Taurus,medium,astrology,swisseph,Moon: Aries -> Taurus
2019-02-13T09:31:52+00:00,Moon ingress to Gemini,medium,astrology,swisseph,Moon: Taurus -> Gemini
2019-02-14T10:51:10+00:00,Mars ingress to Taurus,medium,astrology,swisseph,Mars: Aries -> Taurus
2019-02-15T14:02:42+00:00,Moon ingress to Cancer,medium,astrology,swisseph,Moon: Gemini -> Cancer
2019-02-17T15:20:58+00:00,Moon ingress to Leo,medium,astrology,swisseph,Moon: Cancer -> Leo
2019-02-18T23:03:57+00:00,Sun ingress to Pisces,high,astrology,swisseph,Sun: Aquarius -> Pisces
2019-02-19T14:46:55+00:00,Moon ingress to Virgo,medium,astrology,swisseph,Moon: Leo -> Virgo
2019-02-21T14:17:11+00:00,Moon ingress to Libra,medium,astrology,swisseph,Moon: Virgo -> Libra
2019-02-23T15:56:05+00:00,Moon ingress to Scorpio,medium,astrology,swisseph,Moon: Libra -> Scorpio
2019-02-25T21:19:29+00:00,Moon ingress to Sagittarius,medium,astrology,swisseph,Moon: Scorpio -> Sagittarius
2019-02-28T06:48:06+00:00,Moon ingress to Capricorn,medium,astrology,swisseph,Moon: Sagittarius -> Capricorn
2019-03-01T16:45:21+00:00,Venus ingress to Aquarius,low,astrology,swisseph,Venus: Capricorn -> Aquarius
2019-03-02T19:06:11+00:00,Moon ingress to Aquarius,medium,astrology,swisseph,Moon: Capricorn -> Aquarius
2019-03-05T08:10:44+00:00,Moon ingress to Pisces,medium,astrology,swisseph,Moon: Aquarius -> Pisces
2019-03-06T08:27:59+00:00,Uranus ingress to Taurus,medium,astrology,swisseph,Uranus: Aries -> Taurus
2019-03-07T20:27:28+00:00,Moon ingress to Aries,medium,astrology,swisseph,Moon: Pisces -> Aries
2019-03-10T07:09:48+00:00,Moon ingress to Taurus,medium,astrology,swisseph,Moon: Aries -> Taurus
2019-03-12T15:47:59+00:00,Moon ingress to Gemini,medium,astrology,swisseph,Moon: Taurus -> Gemini
2019-03-14T21:49:08+00:00,Moon ingress to Cancer,medium,astrology,swisseph,Moon: Gemini -> Cancer
2019-03-17T00:56:39+00:00,Moon ingress to Leo,medium,astrology,swisseph,Moon: Cancer -> Leo
2019-03-19T01:41:19+00:00,Moon ingress to Virgo,medium,astrology,swisseph,Moon: Leo -> Virgo
2019-03-20T21:58:27+00:00,Sun ingress to Aries,high,astrology,swisseph,Sun: Pisces -> Aries
2019-03-21T01:27:59+00:00,Moon ingress to Libra,medium,astrology,swisseph,Moon: Virgo -> Libra
2019-03-23T02:16:14+00:00,Moon ingress to Scorpio,medium,astrology,swisseph,Moon: Libra -> Scorpio
2019-03-25T06:06:05+00:00,Moon ingress to Sagittarius,medium,astrology,swisseph,Moon: Scorpio -> Sagittarius
2019-03-26T19:43:16+00:00,Venus ingress to Pisces,low,astrology,swisseph,Venus: Aquarius -> Pisces
2019-03-27T14:07:26+00:00,Moon ingress to Capricorn,medium,astrology,swisseph,Moon: Sagittarius -> Capricorn
2019-03-30T01:45:48+00:00,Moon ingress to Aquarius,medium,astrology,swisseph,Moon: Capricorn -> Aquarius
2019-03-31T06:12:07+00:00,Mars ingress to Gemini,medium,astrology,swisseph,Mars: Taurus -> Gemini
2019-04-01T14:48:04+00:00,Moon ingress to Pisces,medium,astrology,swisseph,Moon: Aquarius -> Pisces
2019-04-04T02:56:22+00:00,Moon ingress to Aries,medium,astrology,swisseph,Moon: Pisces -> Aries
2019-04-06T13:06:16+00:00,Moon ingress to Taurus,medium,astrology,swisseph,Moon: Aries -> Taurus
2019-04-08T21:15:06+00:00,Moon ingress to Gemini,medium,astrology,swisseph,Moon: Taurus -> Gemini
2019-04-11T03:31:13+00:00,Moon ingress to Cancer,medium,astrology,swisseph,Moon: Gemini -> Cancer
2019-04-13T07:50:08+00:00,Moon ingress to Leo,medium,astrology,swisseph,Moon: Cancer -> Leo
2019-04-15T10:13:48+00:00,Moon ingress to Virgo,medium,astrology,swisseph,Moon: Leo -> Virgo
2019-04-17T06:00:38+00:00,Mercury ingress to Aries,low,astrology,swisseph,Mercury: Pisces -> Aries
2019-04-17T11:22:04+00:00,Moon ingress to Libra,medium,astrology,swisseph,Moon: Virgo -> Libra
2019-04-19T12:40:29+00:00,Moon ingress to Scorpio,medium,astrology,swisseph,Moon: Libra -> Scorpio
2019-04-20T08:55:17+00:00,Sun ingress to Taurus,high,astrology,swisseph,Sun: Aries -> Taurus
2019-04-20T16:10:32+00:00,Venus ingress to Aries,low,astrology,swisseph,Venus: Pisces -> Aries
2019-04-21T15:59:12+00:00,Moon ingress to Sagittarius,medium,astrology,swisseph,Moon: Scorpio -> Sagittarius
2019-04-23T22:50:03+00:00,Moon ingress to Capricorn,medium,astrology,swisseph,Moon: Sagittarius -> Capricorn
2019-04-26T09:27:19+00:00,Moon ingress to Aquarius,medium,astrology,swisseph,Moon: Capricorn -> Aquarius
2019-04-28T22:11:23+00:00,Moon ingress to Pisces,medium,astrology,swisseph,Moon: Aquarius -> Pisces
2019-05-01T10:23:51+00:00,Moon ingress to Aries,medium,astrology,swisseph,Moon: Pisces -> Aries
2019-05-03T20:18:01+00:00,Moon ingress to Taurus,medium,astrology,swisseph,Moon: Aries -> Taurus
2019-05-06T03:39:59+00:00,Moon ingress to Gemini,medium,astrology,swisseph,Moon: Taurus -> Gemini
2019-05-06T18:25:08+00:00,Mercury ingress to Taurus,low,astrology,swisseph,Mercury: Aries -> Taurus
2019-05-08T09:06:25+00:00,Moon ingress to Cancer,medium,astrology,swisseph,Moon: Gemini -> Cancer
2019-05-10T13:13:48+00:00,Moon ingress to Leo,medium,astrology,swisseph,Moon: Cancer -> Leo
2019-05-12T16:21:47+00:00,Moon ingress to Virgo,medium,astrology,swisseph,Moon: Leo -> Virgo
2019-05-14T18:50:40+00:00,Moon ingress to Libra,medium,astrology,swisseph,Moon: Virgo -> Libra
2019-05-15T09:45:51+00:00,Venus ingress to Taurus,low,astrology,swisseph,Venus: Aries -> Taurus
2019-05-16T03:09:18+00:00,Mars ingress to Cancer,medium,astrology,swisseph,Mars: Gemini -> Cancer
2019-05-16T21:25:40+00:00,Moon ingress to Scorpio,medium,astrology,swisseph,Moon: Libra -> Scorpio
2019-05-19T01:21:02+00:00,Moon ingress to Sagittarius,medium,astrology,swisseph,Moon: Scorpio -> Sagittarius
2019-05-21T07:56:10+00:00,Moon ingress to Capricorn,medium,astrology,swisseph,Moon: Sagittarius -> Capricorn
2019-05-21T07:59:08+00:00,Sun ingress to Gemini,high,astrology,swisseph,Sun: Taurus -> Gemini
2019-05-21T10:51:45+00:00,Mercury ingress to Gemini,low,astrology,swisseph,Mercury: Taurus -> Gemini
2019-05-23T17:49:12+00:00,Moon ingress to Aquarius,medium,astrology,swisseph,Moon: Capricorn -> Aquarius
2019-05-26T06:07:30+00:00,Moon ingress to Pisces,medium,astrology,swisseph,Moon: Aquarius -> Pisces
2019-05-28T18:31:40+00:00,Moon ingress to Aries,medium,astrology,swisseph,Moon: Pisces -> Aries
2019-05-31T04:42:57+00:00,Moon ingress to Taurus,medium,astrology,swisseph,Moon: Aries -> Taurus
2019-06-02T11:47:51+00:00,Moon ingress to Gemini,medium,astrology,swisseph,Moon: Taurus -> Gemini
2019-06-04T16:16:59+00:00,Moon ingress to Cancer,medium,astrology,swisseph,Moon: Gemini -> Cancer
2019-06-04T20:04:31+00:00,Mercury ingress to Cancer,low,astrology,swisseph,Mercury: Gemini -> Cancer
2019-06-06T19:15:41+00:00,Moon ingress to Leo,medium,astrology,swisseph,Moon: Cancer -> Leo
2019-06-08T21:44:59+00:00,Moon ingress to Virgo,medium,astrology,swisseph,Moon: Leo -> Virgo
2019-06-09T01:36:56+00:00,Venus ingress to Gemini,low,astrology,swisseph,Venus: Taurus -> Gemini
2019-06-11T00:29:01+00:00,Moon ingress to Libra,medium,astrology,swisseph,Moon: Virgo -> Libra
2019-06-13T04:02:27+00:00,Moon ingress to Scorpio,medium,astrology,swisseph,Moon: Libra -> Scorpio
2019-06-15T09:03:02+00:00,Moon ingress to Sagittarius,medium,astrology,swisseph,Moon: Scorpio -> Sagittarius
2019-06-17T16:13:14+00:00,Moon ingress to Capricorn,medium,astrology,swisseph,Moon: Sagittarius -> Capricorn
2019-06-20T02:00:32+00:00,Moon ingress to Aquarius,medium,astrology,swisseph,Moon: Capricorn -> Aquarius
2019-06-21T15:54:15+00:00,Sun ingress to Cancer,high,astrology,swisseph,Sun: Gemini -> Cancer
2019-06-22T14:01:24+00:00,Moon ingress to Pisces,medium,astrology,swisseph,Moon: Aquarius -> Pisces
2019-06-25T02:37:41+00:00,Moon ingress to Aries,medium,astrology,swisseph,Moon: Pisces -> Aries
2019-06-27T00:19:25+00:00,Mercury ingress to Leo,low,astrology,swisseph,Mercury: Cancer -> Leo
2019-06-27T13:31:45+00:00,Moon ingress to Taurus,medium,astrology,swisseph,Moon: Aries -> Taurus
2019-06-29T21:08:52+00:00,Moon ingress to Gemini,medium,astrology,swisseph,Moon: Taurus -> Gemini
2019-07-01T23:19:22+00:00,Mars ingress to Leo,medium,astrology,swisseph,Mars: Cancer -> Leo
2019-07-02T01:23:41+00:00,Moon ingress to Cancer,medium,astrology,swisseph,Moon: Gemini -> Cancer
2019-07-03T15:18:04+00:00,Venus ingress to Cancer,low,astrology,swisseph,Venus: Gemini -> Cancer
2019-07-04T03:19:18+00:00,Moon ingress to Leo,medium,astrology,swisseph,Moon: Cancer -> Leo
2019-07-06T04:25:10+00:00,Moon ingress to Virgo,medium,astrology,swisseph,Moon: Leo -> Virgo
2019-07-08T06:06:52+00:00,Moon ingress to Libra,medium,astrology,swisseph,Moon: Virgo -> Libra
2019-07-10T09:28:34+00:00,Moon ingress to Scorpio,medium,astrology,swisseph,Moon: Libra -> Scorpio
2019-07-12T15:04:59+00:00,Moon ingress to Sagittarius,medium,astrology,swisseph,Moon: Scorpio -> Sagittarius
2019-07-14T23:04:41+00:00,Moon ingress to Capricorn,medium,astrology,swisseph,Moon: Sagittarius -> Capricorn
2019-07-17T09:18:37+00:00,Moon ingress to Aquarius,medium,astrology,swisseph,Moon: Capricorn -> Aquarius
2019-07-19T07:06:14+00:00,Mercury ingress to Cancer,low,astrology,swisseph,Mercury: Leo -> Cancer
2019-07-19T21:18:59+00:00,Moon ingress to Pisces,medium,astrology,swisseph,Moon: Aquarius -> Pisces
2019-07-22T10:02:11+00:00,Moon ingress to Aries,medium,astrology,swisseph,Moon: Pisces -> Aries
2019-07-23T02:50:22+00:00,Sun ingress to Leo,high,astrology,swisseph,Sun: Cancer -> Leo
2019-07-24T21:42:12+00:00,Moon ingress to Taurus,medium,astrology,swisseph,Moon: Aries -> Taurus
2019-07-27T06:28:58+00:00,Moon ingress to Gemini,medium,astrology,swisseph,Moon: Taurus -> Gemini
2019-07-28T01:53:49+00:00,Venus ingress to Leo,low,astrology,swisseph,Venus: Cancer -> Leo
2019-07-29T11:30:46+00:00,Moon ingress to Cancer,medium,astrology,swisseph,Moon: Gemini -> Cancer
2019-07-31T13:18:11+00:00,Moon ingress to Leo,medium,astrology,swisseph,Moon: Cancer -> Leo
2019-08-02T13:20:23+00:00,Moon ingress to Virgo,medium,astrology,swisseph,Moon: Leo -> Virgo
2019-08-04T13:29:42+00:00,Moon ingress to Libra,medium,astrology,swisseph,Moon: Virgo -> Libra
2019-08-06T15:31:23+00:00,Moon ingress to Scorpio,medium,astrology,swisseph,Moon: Libra -> Scorpio
2019-08-08T20:34:36+00:00,Moon ingress to Sagittarius,medium,astrology,swisseph,Moon: Scorpio -> Sagittarius
2019-08-11T04:50:00+00:00,Moon ingress to Capricorn,medium,astrology,swisseph,Moon: Sagittarius -> Capricorn
2019-08-11T19:45:35+00:00,Mercury ingress to Leo,low,astrology,swisseph,Mercury: Cancer -> Leo
2019-08-13T15:35:27+00:00,Moon ingress to Aquarius,medium,astrology,swisseph,Moon: Capricorn -> Aquarius
2019-08-16T03:49:23+00:00,Moon ingress to Pisces,medium,astrology,swisseph,Moon: Aquarius -> Pisces
2019-08-18T05:18:15+00:00,Mars ingress to Virgo,medium,astrology,swisseph,Mars: Leo -> Virgo
2019-08-18T16:32:41+00:00,Moon ingress to Aries,medium,astrology,swisseph,Moon: Pisces -> Aries
2019-08-21T04:36:58+00:00,Moon ingress to Taurus,medium,astrology,swisseph,Moon: Aries -> Taurus
2019-08-21T09:06:22+00:00,Venus ingress to Virgo,low,astrology,swisseph,Venus: Leo -> Virgo
2019-08-23T10:01:59+00:00,Sun ingress to Virgo,high,astrology,swisseph,Sun: Leo -> Virgo
2019-08-23T14:33:54+00:00,Moon ingress to Gemini,medium,astrology,swisseph,Moon: Taurus -> Gemini
2019-08-25T21:05:15+00:00,Moon ingress to Cancer,medium,astrology,swisseph,Moon: Gemini -> Cancer
2019-08-27T23:53:25+00:00,Moon ingress to Leo,medium,astrology,swisseph,Moon: Cancer -> Leo
2019-08-29T07:47:46+00:00,Mercury ingress to Virgo,low,astrology,swisseph,Mercury: Leo -> Virgo
2019-08-29T23:57:16+00:00,Moon ingress to Virgo,medium,astrology,swisseph,Moon: Leo -> Virgo
2019-08-31T23:08:05+00:00,Moon ingress to Libra,medium,astrology,swisseph,Moon: Virgo -> Libra
2019-09-02T23:34:51+00:00,Moon ingress to Scorpio,medium,astrology,swisseph,Moon: Libra -> Scorpio
2019-09-05T03:08:04+00:00,Moon ingress to Sagittarius,medium,astrology,swisseph,Moon: Scorpio -> Sagittarius
2019-09-07T10:37:08+00:00,Moon ingress to Capricorn,medium,astrology,swisseph,Moon: Sagittarius -> Capricorn
2019-09-09T21:23:41+00:00,Moon ingress to Aquarius,medium,astrology,swisseph,Moon: Capricorn -> Aquarius
2019-09-12T09:51:36+00:00,Moon ingress to Pisces,medium,astrology,swisseph,Moon: Aquarius -> Pisces
2019-09-14T07:14:24+00:00,Mercury ingress to Libra,low,astrology,swisseph,Mercury: Virgo -> Libra
2019-09-14T13:43:03+00:00,Venus ingress to Libra,low,astrology,swisseph,Venus: Virgo -> Libra
2019-09-14T22:32:28+00:00,Moon ingress to Aries,medium,astrology,swisseph,Moon: Pisces -> Aries
2019-09-17T10:30:53+00:00,Moon ingress to Taurus,medium,astrology,swisseph,Moon: Aries -> Taurus
2019-09-19T20:57:38+00:00,Moon ingress to Gemini,medium,astrology,swisseph,Moon: Taurus -> Gemini
2019-09-22T04:49:58+00:00,Moon ingress to Cancer,medium,astrology,swisseph,Moon: Gemini -> Cancer
2019-09-23T07:50:10+00:00,Sun ingress to Libra,high,astrology,swisseph,Sun: Virgo -> Libra
2019-09-24T09:19:21+00:00,Moon ingress to Leo,medium,astrology,swisseph,Moon: Cancer -> Leo
2019-09-26T10:36:48+00:00,Moon ingress to Virgo,medium,astrology,swisseph,Moon: Leo -> Virgo
2019-09-28T10:02:53+00:00,Moon ingress to Libra,medium,astrology,swisseph,Moon: Virgo -> Libra
2019-09-30T09:41:44+00:00,Moon ingress to Scorpio,medium,astrology,swisseph,Moon: Libra -> Scorpio
2019-10-02T11:44:18+00:00,Moon ingress to Sagittarius,medium,astrology,swisseph,Moon: Scorpio -> Sagittarius
2019-10-03T08:14:15+00:00,Mercury ingress to Scorpio,low,astrology,swisseph,Mercury: Libra -> Scorpio
2019-10-04T04:21:59+00:00,Mars ingress to Libra,medium,astrology,swisseph,Mars: Virgo -> Libra
2019-10-04T17:43:13+00:00,Moon ingress to Capricorn,medium,astrology,swisseph,Moon: Sagittarius -> Capricorn
2019-10-07T03:42:04+00:00,Moon ingress to Aquarius,medium,astrology,swisseph,Moon: Capricorn -> Aquarius
2019-10-08T17:05:55+00:00,Venus ingress to Scorpio,low,astrology,swisseph,Venus: Libra -> Scorpio
2019-10-09T16:05:11+00:00,Moon ingress to Pisces,medium,astrology,swisseph,Moon: Aquarius -> Pisces
2019-10-12T04:45:43+00:00,Moon ingress to Aries,medium,astrology,swisseph,Moon: Pisces -> Aries
2019-10-14T16:23:48+00:00,Moon ingress to Taurus,medium,astrology,swisseph,Moon: Aries -> Taurus
2019-10-17T02:30:02+00:00,Moon ingress to Gemini,medium,astrology,swisseph,Moon: Taurus -> Gemini
2019-10-19T10:42:43+00:00,Moon ingress to Cancer,medium,astrology,swisseph,Moon: Gemini -> Cancer
2019-10-21T16:28:31+00:00,Moon ingress to Leo,medium,astrology,swisseph,Moon: Cancer -> Leo
2019-10-23T17:19:43+00:00,Sun ingress to Scorpio,high,astrology,swisseph,Sun: Libra -> Scorpio
2019-10-23T19:29:31+00:00,Moon ingress to Virgo,medium,astrology,swisseph,Moon: Leo -> Virgo
2019-10-25T20:19:48+00:00,Moon ingress to Libra,medium,astrology,swisseph,Moon: Virgo -> Libra
2019-10-27T20:29:22+00:00,Moon ingress to Scorpio,medium,astrology,swisseph,Moon: Libra -> Scorpio
2019-10-29T21:58:25+00:00,Moon ingress to Sagittarius,medium,astrology,swisseph,Moon: Scorpio -> Sagittarius
2019-11-01T02:38:12+00:00,Moon ingress to Capricorn,medium,astrology,swisseph,Moon: Sagittarius -> Capricorn
2019-11-01T20:24:38+00:00,Venus ingress to Sagittarius,low,astrology,swisseph,Venus: Scorpio -> Sagittarius
2019-11-03T11:19:20+00:00,Moon ingress to Aquarius,medium,astrology,swisseph,Moon: Capricorn -> Aquarius
2019-11-05T23:08:02+00:00,Moon ingress to Pisces,medium,astrology,swisseph,Moon: Aquarius -> Pisces
2019-11-08T11:48:41+00:00,Moon ingress to Aries,medium,astrology,swisseph,Moon: Pisces -> Aries
2019-11-10T23:17:51+00:00,Moon ingress to Taurus,medium,astrology,swisseph,Moon: Aries -> Taurus
2019-11-13T08:45:39+00:00,Moon ingress to Gemini,medium,astrology,swisseph,Moon: Taurus -> Gemini
2019-11-15T16:15:03+00:00,Moon ingress to Cancer,medium,astrology,swisseph,Moon: Gemini -> Cancer
2019-11-17T21:57:02+00:00,Moon ingress to Leo,medium,astrology,swisseph,Moon: Cancer -> Leo
2019-11-19T07:40:15+00:00,Mars ingress to Scorpio,medium,astrology,swisseph,Mars: Libra -> Scorpio
2019-11-20T01:54:21+00:00,Moon ingress to Virgo,medium,astrology,swisseph,Moon: Leo -> Virgo
2019-11-22T04:19:34+00:00,Moon ingress to Libra,medium,astrology,swisseph,Moon: Virgo -> Libra
2019-11-22T14:58:55+00:00,Sun ingress to Sagittarius,high,astrology,swisseph,Sun: Scorpio -> Sagittarius
2019-11-24T05:58:13+00:00,Moon ingress to Scorpio,medium,astrology,swisseph,Moon: Libra -> Scorpio
2019-11-26T00:28:26+00:00,Venus ingress to Capricorn,low,astrology,swisseph,Venus: Sagittarius -> Capricorn
2019-11-26T08:10:59+00:00,Moon ingress to Sagittarius,medium,astrology,swisseph,Moon: Scorpio -> Sagittarius
2019-11-28T12:32:34+00:00,Moon ingress to Capricorn,medium,astrology,swisseph,Moon: Sagittarius -> Capricorn
2019-11-30T20:13:18+00:00,Moon ingress to Aquarius,medium,astrology,swisseph,Moon: Capricorn -> Aquarius
2019-12-02T18:20:23+00:00,Jupiter ingress to Capricorn,medium,astrology,swisseph,Jupiter: Sagittarius -> Capricorn
2019-12-03T07:10:33+00:00,Moon ingress to Pisces,medium,astrology,swisseph,Moon: Aquarius -> Pisces
2019-12-05T19:44:27+00:00,Moon ingress to Aries,medium,astrology,swisseph,Moon: Pisces -> Aries
2019-12-08T07:29:16+00:00,Moon ingress to Taurus,medium,astrology,swisseph,Moon: Aries -> Taurus
2019-12-09T09:41:34+00:00,Mercury ingress to Sagittarius,low,astrology,swisseph,Mercury: Scorpio -> Sagittarius
2019-12-10T16:46:56+00:00,Moon ingress to Gemini,medium,astrology,swisseph,Moon: Taurus -> Gemini
2019-12-12T23:23:05+00:00,Moon ingress to Cancer,medium,astrology,swisseph,Moon: Gemini -> Cancer
2019-12-15T03:56:04+00:00,Moon ingress to Leo,medium,astrology,swisseph,Moon: Cancer -> Leo
2019-12-17T07:15:51+00:00,Moon ingress to Virgo,medium,astrology,swisseph,Moon: Leo -> Virgo
2019-12-19T10:04:25+00:00,Moon ingress to Libra,medium,astrology,swisseph,Moon: Virgo -> Libra
2019-12-20T06:41:30+00:00,Venus ingress to Aquarius,low,astrology,swisseph,Venus: Capricorn -> Aquarius
2019-12-21T12:57:15+00:00,Moon ingress to Scorpio,medium,astrology,swisseph,Moon: Libra -> Scorpio
2019-12-22T04:19:25+00:00,Sun ingress to Capricorn,high,astrology,swisseph,Sun: Sagittarius -> Capricorn
2019-12-23T16:34:11+00:00,Moon ingress to Sagittarius,medium,astrology,swisseph,Moon: Scorpio -> Sagittarius
2019-12-25T21:45:10+00:00,Moon ingress to Capricorn,medium,astrology,swisseph,Moon: Sagittarius -> Capricorn
2019-12-28T05:20:33+00:00,Moon ingress to Aquarius,medium,astrology,swisseph,Moon: Capricorn -> Aquarius
2019-12-29T04:54:49+00:00,Mercury ingress to Capricorn,low,astrology,swisseph,Mercury: Sagittarius -> Capricorn
2019-12-30T15:41:25+00:00,Moon ingress to Pisces,medium,astrology,swisseph,Moon: Aquarius -> Pisces
2020-01-02T04:00:27+00:00,Moon ingress to Aries,medium,astrology,swisseph,Moon: Pisces -> Aries
2020-01-03T09:37:29+00:00,Mars ingress to Sagittarius,medium,astrology,swisseph,Mars: Scorpio -> Sagittarius
2020-01-04T16:15:06+00:00,Moon ingress to Taurus,medium,astrology,swisseph,Moon: Aries -> Taurus
2020-01-07T02:10:53+00:00,Moon ingress to Gemini,medium,astrology,swisseph,Moon: Taurus -> Gemini
2020-01-09T08:43:15+00:00,Moon ingress to Cancer,medium,astrology,swisseph,Moon: Gemini -> Cancer
2020-01-11T12:16:07+00:00,Moon ingress to Leo,medium,astrology,swisseph,Moon: Cancer -> Leo
2020-01-13T14:06:22+00:00,Moon ingress to Virgo,medium,astrology,swisseph,Moon: Leo -> Virgo
2020-01-13T18:38:59+00:00,Venus ingress to Pisces,low,astrology,swisseph,Venus: Aquarius -> Pisces
2020-01-15T15:43:14+00:00,Moon ingress to Libra,medium,astrology,swisseph,Moon: Virgo -> Libra
2020-01-16T18:30:50+00:00,Mercury ingress to Aquarius,low,astrology,swisseph,Mercury: Capricorn -> Aquarius
2020-01-17T18:20:21+00:00,Moon ingress to Scorpio,medium,astrology,swisseph,Moon: Libra -> Scorpio
2020-01-19T22:40:55+00:00,Moon ingress to Sagittarius,medium,astrology,swisseph,Moon: Scorpio -> Sagittarius
2020-01-20T14:54:40+00:00,Sun ingress to Aquarius,high,astrology,swisseph,Sun: Capricorn -> Aquarius
2020-01-22T04:59:55+00:00,Moon ingress to Capricorn,medium,astrology,swisseph,Moon: Sagittarius -> Capricorn
2020-01-24T13:20:27+00:00,Moon ingress to Aquarius,medium,astrology,swisseph,Moon: Capricorn -> Aquarius
2020-01-26T23:43:38+00:00,Moon ingress to Pisces,medium,astrology,swisseph,Moon: Aquarius -> Pisces
2020-01-29T11:50:33+00:00,Moon ingress to Aries,medium,astrology,swisseph,Moon: Pisces -> Aries
2020-02-01T00:27:49+00:00,Moon ingress to Taurus,medium,astrology,swisseph,Moon: Aries -> Taurus
2020-02-03T11:28:59+00:00,Moon ingress to Gemini,medium,astrology,swisseph,Moon: Taurus -> Gemini
2020-02-03T11:37:24+00:00,Mercury ingress to Pisces,low,astrology,swisseph,Mercury: Aquarius -> Pisces
2020-02-05T19:02:55+00:00,Moon ingress to Cancer,medium,astrology,swisseph,Moon: Gemini -> Cancer
2020-02-07T20:02:25+00:00,Venus ingress to Aries,low,astrology,swisseph,Venus: Pisces -> Aries
2020-02-07T22:44:45+00:00,Moon ingress to Leo,medium,astrology,swisseph,Moon: Cancer -> Leo
2020-02-09T23:38:49+00:00,Moon ingress to Virgo,medium,astrology,swisseph,Moon: Leo -> Virgo
2020-02-11T23:37:14+00:00,Moon ingress to Libra,medium,astrology,swisseph,Moon: Virgo -> Libra
2020-02-14T00:37:21+00:00,Moon ingress to Scorpio,medium,astrology,swisseph,Moon: Libra -> Scorpio
2020-02-16T04:06:48+00:00,Moon ingress to Sagittarius,medium,astrology,swisseph,Moon: Scorpio -> Sagittarius
2020-02-16T11:33:01+00:00,Mars ingress to Capricorn,medium,astrology,swisseph,Mars: Sagittarius -> Capricorn
2020-02-18T10:36:37+00:00,Moon ingress to Capricorn,medium,astrology,swisseph,Moon: Sagittarius -> Capricorn
2020-02-19T04:56:59+00:00,Sun ingress to Pisces,high,astrology,swisseph,Sun: Aquarius -> Pisces
2020-02-20T19:41:48+00:00,Moon ingress to Aquarius,medium,astrology,swisseph,Moon: Capricorn -> Aquarius
2020-02-23T06:37:14+00:00,Moon ingress to Pisces,medium,astrology,swisseph,Moon: Aquarius -> Pisces
2020-02-25T18:47:11+00:00,Moon ingress to Aries,medium,astrology,swisseph,Moon: Pisces -> Aries
2020-02-28T07:29:39+00:00,Moon ingress to Taurus,medium,astrology,swisseph,Moon: Aries -> Taurus
2020-03-01T19:20:47+00:00,Moon ingress to Gemini,medium,astrology,swisseph,Moon: Taurus -> Gemini
2020-03-04T04:25:07+00:00,Moon ingress to Cancer,medium,astrology,swisseph,Moon: Gemini -> Cancer
2020-03-04T11:07:35+00:00,Mercury ingress to Aquarius,low,astrology,swisseph,Mercury: Pisces -> Aquarius
2020-03-05T03:07:12+00:00,Venus ingress to Taurus,low,astrology,swisseph,Venus: Aries -> Taurus
2020-03-06T09:27:37+00:00,Moon ingress to Leo,medium,astrology,swisseph,Moon: Cancer -> Leo
2020-03-08T10:47:14+00:00,Moon ingress to Virgo,medium,astrology,swisseph,Moon: Leo -> Virgo
2020-03-10T10:02:56+00:00,Moon ingress to Libra,medium,astrology,swisseph,Moon: Virgo -> Libra
2020-03-12T09:28:12+00:00,Moon ingress to Scorpio,medium,astrology,swisseph,Moon: Libra -> Scorpio
2020-03-14T11:09:15+00:00,Moon ingress to Sagittarius,medium,astrology,swisseph,Moon: Scorpio -> Sagittarius
2020-03-16T07:42:30+00:00,Mercury ingress to Pisces,low,astrology,swisseph,Mercury: Aquarius -> Pisces
2020-03-16T16:25:18+00:00,Moon ingress to Capricorn,medium,astrology,swisseph,Moon: Sagittarius -> Capricorn
2020-03-19T01:16:03+00:00,Moon ingress to Aquarius,medium,astrology,swisseph,Moon: Capricorn -> Aquarius
2020-03-20T03:49:37+00:00,Sun ingress to Aries,high,astrology,swisseph,Sun: Pisces -> Aries
2020-03-21T12:33:18+00:00,Moon ingress to Pisces,medium,astrology,swisseph,Moon: Aquarius -> Pisces
2020-03-22T03:58:43+00:00,Saturn ingress to Aquarius,high,astrology,swisseph,Saturn: Capricorn -> Aquarius
2020-03-24T00:58:08+00:00,Moon ingress to Aries,medium,astrology,swisseph,Moon: Pisces -> Aries
2020-03-26T13:36:40+00:00,Moon ingress to Taurus,medium,astrology,swisseph,Moon: Aries -> Taurus
2020-03-29T01:38:07+00:00,Moon ingress to Gemini,medium,astrology,swisseph,Moon: Taurus -> Gemini
2020-03-30T19:43:09+00:00,Mars ingress to Aquarius,medium,astrology,swisseph,Mars: Capricorn -> Aquarius
2020-03-31T11:43:12+00:00,Moon ingress to Cancer,medium,astrology,swisseph,Moon: Gemini -> Cancer
2020-04-02T18:26:16+00:00,Moon ingress to Leo,medium,astrology,swisseph,Moon: Cancer -> Leo
2020-04-03T17:10:35+00:00,Venus ingress to Gemini,low,astrology,swisseph,Venus: Taurus -> Gemini
2020-04-04T21:18:21+00:00,Moon ingress to Virgo,medium,astrology,swisseph,Moon: Leo -> Virgo
2020-04-06T21:16:13+00:00,Moon ingress to Libra,medium,astrology,swisseph,Moon: Virgo -> Libra
2020-04-08T20:16:48+00:00,Moon ingress to Scorpio,medium,astrology,swisseph,Moon: Libra -> Scorpio
2020-04-10T20:35:11+00:00,Moon ingress to Sagittarius,medium,astrology,swisseph,Moon: Scorpio -> Sagittarius
2020-04-11T04:48:11+00:00,Mercury ingress to Aries,low,astrology,swisseph,Mercury: Pisces -> Aries
2020-04-13T00:05:19+00:00,Moon ingress to Capricorn,medium,astrology,swisseph,Moon: Sagittarius -> Capricorn
2020-04-15T07:37:07+00:00,Moon ingress to Aquarius,medium,astrology,swisseph,Moon: Capricorn -> Aquarius
2020-04-17T18:29:27+00:00,Moon ingress to Pisces,medium,astrology,swisseph,Moon: Aquarius -> Pisces
2020-04-19T14:45:29+00:00,Sun ingress to Taurus,high,astrology,swisseph,Sun: Aries -> Taurus
2020-04-20T07:00:19+00:00,Moon ingress to Aries,medium,astrology,swisseph,Moon: Pisces -> Aries
2020-04-22T19:35:58+00:00,Moon ingress to Taurus,medium,astrology,swisseph,Moon: Aries -> Taurus
2020-04-25T07:19:56+00:00,Moon ingress to Gemini,medium,astrology,swisseph,Moon: Taurus -> Gemini
2020-04-27T17:27:50+00:00,Moon ingress to Cancer,medium,astrology,swisseph,Moon: Gemini -> Cancer
2020-04-27T19:53:02+00:00,Mercury ingress to Taurus,low,astrology,swisseph,Mercury: Aries -> Taurus
2020-04-30T01:06:09+00:00,Moon ingress to Leo,medium,astrology,swisseph,Moon: Cancer -> Leo
2020-05-02T05:35:15+00:00,Moon ingress to Virgo,medium,astrology,swisseph,Moon: Leo -> Virgo
2020-05-04T07:09:21+00:00,Moon ingress to Libra,medium,astrology,swisseph,Moon: Virgo -> Libra
2020-05-06T07:04:45+00:00,Moon ingress to Scorpio,medium,astrology,swisseph,Moon: Libra -> Scorpio
2020-05-08T07:15:14+00:00,Moon ingress to Sagittarius,medium,astrology,swisseph,Moon: Scorpio -> Sagittarius
2020-05-10T09:38:31+00:00,Moon ingress to Capricorn,medium,astrology,swisseph,Moon: Sagittarius -> Capricorn
2020-05-11T21:57:46+00:00,Mercury ingress to Gemini,low,astrology,swisseph,Mercury: Taurus -> Gemini
2020-05-12T15:38:31+00:00,Moon ingress to Aquarius,medium,astrology,swisseph,Moon: Capricorn -> Aquarius
2020-05-13T04:17:10+00:00,Mars ingress to Pisces,medium,astrology,swisseph,Mars: Aquarius -> Pisces
2020-05-15T01:24:20+00:00,Moon ingress to Pisces,medium,astrology,swisseph,Moon: Aquarius -> Pisces
2020-05-17T13:35:40+00:00,Moon ingress to Aries,medium,astrology,swisseph,Moon: Pisces -> Aries
2020-05-20T02:10:29+00:00,Moon ingress to Taurus,medium,astrology,swisseph,Moon: Aries -> Taurus
2020-05-20T13:49:18+00:00,Sun ingress to Gemini,high,astrology,swisseph,Sun: Taurus -> Gemini
2020-05-22T13:35:48+00:00,Moon ingress to Gemini,medium,astrology,swisseph,Moon: Taurus -> Gemini
2020-05-24T23:08:50+00:00,Moon ingress to Cancer,medium,astrology,swisseph,Moon: Gemini -> Cancer
2020-05-27T06:33:06+00:00,Moon ingress to Leo,medium,astrology,swisseph,Moon: Cancer -> Leo
2020-05-28T18:09:20+00:00,Mercury ingress to Cancer,low,astrology,swisseph,Mercury: Gemini -> Cancer
2020-05-29T11:40:11+00:00,Moon ingress to Virgo,medium,astrology,swisseph,Moon: Leo -> Virgo
2020-05-31T14:37:45+00:00,Moon ingress to Libra,medium,astrology,swisseph,Moon: Virgo -> Libra
2020-06-02T16:05:33+00:00,Moon ingress to Scorpio,medium,astrology,swisseph,Moon: Libra -> Scorpio
2020-06-04T17:16:54+00:00,Moon ingress to Sagittarius,medium,astrology,swisseph,Moon: Scorpio -> Sagittarius
2020-06-06T19:44:14+00:00,Moon ingress to Capricorn,medium,astrology,swisseph,Moon: Sagittarius -> Capricorn
2020-06-09T00:54:04+00:00,Moon ingress to Aquarius,medium,astrology,swisseph,Moon: Capricorn -> Aquarius
2020-06-11T09:31:32+00:00,Moon ingress to Pisces,medium,astrology,swisseph,Moon: Aquarius -> Pisces
2020-06-13T21:02:59+00:00,Moon ingress to Aries,medium,astrology,swisseph,Moon: Pisces -> Aries
2020-06-16T09:35:29+00:00,Moon ingress to Taurus,medium,astrology,swisseph,Moon: Aries -> Taurus
2020-06-18T20:59:57+00:00,Moon ingress to Gemini,medium,astrology,swisseph,Moon: Taurus -> Gemini
2020-06-20T21:43:41+00:00,Sun ingress to Cancer,high,astrology,swisseph,Sun: Gemini -> Cancer
2020-06-21T06:01:44+00:00,Moon ingress to Cancer,medium,astrology,swisseph,Moon: Gemini -> Cancer
2020-06-23T12:33:19+00:00,Moon ingress to Leo,medium,astrology,swisseph,Moon: Cancer -> Leo
2020-06-25T17:04:49+00:00,Moon ingress to Virgo,medium,astrology,swisseph,Moon: Leo -> Virgo
2020-06-27T20:16:21+00:00,Moon ingress to Libra,medium,astrology,swisseph,Moon: Virgo -> Libra
2020-06-28T01:45:07+00:00,Mars ingress to Aries,medium,astrology,swisseph,Mars: Pisces -> Aries
2020-06-29T22:47:35+00:00,Moon ingress to Scorpio,medium,astrology,swisseph,Moon: Libra -> Scorpio
2020-07-01T23:36:44+00:00,Saturn ingress to Capricorn,high,astrology,swisseph,Saturn: Aquarius -> Capricorn
2020-07-02T01:20:56+00:00,Moon ingress to Sagittarius,medium,astrology,swisseph,Moon: Scorpio -> Sagittarius
2020-07-04T04:47:59+00:00,Moon ingress to Capricorn,medium,astrology,swisseph,Moon: Sagittarius -> Capricorn
2020-07-06T10:08:18+00:00,Moon ingress to Aquarius,medium,astrology,swisseph,Moon: Capricorn -> Aquarius
2020-07-08T18:12:29+00:00,Moon ingress to Pisces,medium,astrology,swisseph,Moon: Aquarius -> Pisces
2020-07-11T05:05:58+00:00,Moon ingress to Aries,medium,astrology,swisseph,Moon: Pisces -> Aries
2020-07-13T17:33:53+00:00,Moon ingress to Taurus,medium,astrology,swisseph,Moon: Aries -> Taurus
2020-07-16T05:19:06+00:00,Moon ingress to Gemini,medium,astrology,swisseph,Moon: Taurus -> Gemini
2020-07-18T14:24:07+00:00,Moon ingress to Cancer,medium,astrology,swisseph,Moon: Gemini -> Cancer
2020-07-20T20:16:12+00:00,Moon ingress to Leo,medium,astrology,swisseph,Moon: Cancer -> Leo
2020-07-22T08:36:53+00:00,Sun ingress to Leo,high,astrology,swisseph,Sun: Cancer -> Leo
2020-07-22T23:39:53+00:00,Moon ingress to Virgo,medium,astrology,swisseph,Moon: Leo -> Virgo
2020-07-25T01:53:36+00:00,Moon ingress to Libra,medium,astrology,swisseph,Moon: Virgo -> Libra
2020-07-27T04:11:52+00:00,Moon ingress to Scorpio,medium,astrology,swisseph,Moon: Libra -> Scorpio
2020-07-29T07:24:45+00:00,Moon ingress to Sagittarius,medium,astrology,swisseph,Moon: Scorpio -> Sagittarius
2020-07-31T11:58:11+00:00,Moon ingress to Capricorn,medium,astrology,swisseph,Moon: Sagittarius -> Capricorn
2020-08-02T18:10:54+00:00,Moon ingress to Aquarius,medium,astrology,swisseph,Moon: Capricorn -> Aquarius
2020-08-05T02:27:33+00:00,Moon ingress to Pisces,medium,astrology,swisseph,Moon: Aquarius -> Pisces
2020-08-05T03:31:59+00:00,Mercury ingress to Leo,low,astrology,swisseph,Mercury: Cancer -> Leo
2020-08-07T13:04:33+00:00,Moon ingress to Aries,medium,astrology,swisseph,Moon: Pisces -> Aries
2020-08-07T15:21:12+00:00,Venus ingress to Cancer,low,astrology,swisseph,Venus: Gemini -> Cancer
2020-08-10T01:27:57+00:00,Moon ingress to Taurus,medium,astrology,swisseph,Moon: Aries -> Taurus
2020-08-12T13:45:51+00:00,Moon ingress to Gemini,medium,astrology,swisseph,Moon: Taurus -> Gemini
2020-08-14T23:35:25+00:00,Moon ingress to Cancer,medium,astrology,swisseph,Moon: Gemini -> Cancer
2020-08-17T05:38:22+00:00,Moon ingress to Leo,medium,astrology,swisseph,Moon: Cancer -> Leo
2020-08-19T08:20:19+00:00,Moon ingress to Virgo,medium,astrology,swisseph,Moon: Leo -> Virgo
2020-08-20T01:29:47+00:00,Mercury ingress to Virgo,low,astrology,swisseph,Mercury: Leo -> Virgo
2020-08-21T09:15:44+00:00,Moon ingress to Libra,medium,astrology,swisseph,Moon: Virgo -> Libra
2020-08-22T15:44:55+00:00,Sun ingress to Virgo,high,astrology,swisseph,Sun: Leo -> Virgo
2020-08-23T10:15:53+00:00,Moon ingress to Scorpio,medium,astrology,swisseph,Moon: Libra -> Scorpio
2020-08-25T12:49:00+00:00,Moon ingress to Sagittarius,medium,astrology,swisseph,Moon: Scorpio -> Sagittarius
2020-08-27T17:36:44+00:00,Moon ingress to Capricorn,medium,astrology,swisseph,Moon: Sagittarius -> Capricorn
2020-08-30T00:37:03+00:00,Moon ingress to Aquarius,medium,astrology,swisseph,Moon: Capricorn -> Aquarius
2020-09-01T09:34:18+00:00,Moon ingress to Pisces,medium,astrology,swisseph,Moon: Aquarius -> Pisces
2020-09-03T20:21:56+00:00,Moon ingress to Aries,medium,astrology,swisseph,Moon: Pisces -> Aries
2020-09-05T19:46:14+00:00,Mercury ingress to Libra,low,astrology,swisseph,Mercury: Virgo -> Libra
2020-09-06T07:21:37+00:00,Venus ingress to Leo,low,astrology,swisseph,Venus: Cancer -> Leo
2020-09-06T08:43:24+00:00,Moon ingress to Taurus,medium,astrology,swisseph,Moon: Aries -> Taurus
2020-09-08T21:27:31+00:00,Moon ingress to Gemini,medium,astrology,swisseph,Moon: Taurus -> Gemini
2020-09-11T08:22:39+00:00,Moon ingress to Cancer,medium,astrology,swisseph,Moon: Gemini -> Cancer
2020-09-13T15:32:21+00:00,Moon ingress to Leo,medium,astrology,swisseph,Moon: Cancer -> Leo
2020-09-15T18:37:17+00:00,Moon ingress to Virgo,medium,astrology,swisseph,Moon: Leo -> Virgo
2020-09-17T18:55:47+00:00,Moon ingress to Libra,medium,astrology,swisseph,Moon: Virgo -> Libra
2020-09-19T18:32:50+00:00,Moon ingress to Scorpio,medium,astrology,swisseph,Moon: Libra -> Scorpio
2020-09-21T19:31:35+00:00,Moon ingress to Sagittarius,medium,astrology,swisseph,Moon: Scorpio -> Sagittarius
2020-09-22T13:30:39+00:00,Sun ingress to Libra,high,astrology,swisseph,Sun: Virgo -> Libra
2020-09-23T23:16:14+00:00,Moon ingress to Capricorn,medium,astrology,swisseph,Moon: Sagittarius -> Capricorn
2020-09-26T06:07:56+00:00,Moon ingress to Aquarius,medium,astrology,swisseph,Moon: Capricorn -> Aquarius
2020-09-27T07:40:39+00:00,Mercury ingress to Scorpio,low,astrology,swisseph,Mercury: Libra -> Scorpio
2020-09-28T15:33:45+00:00,Moon ingress to Pisces,medium,astrology,swisseph,Moon: Aquarius -> Pisces
2020-10-01T02:47:06+00:00,Moon ingress to Aries,medium,astrology,swisseph,Moon: Pisces -> Aries
2020-10-02T20:47:51+00:00,Venus ingress to Virgo,low,astrology,swisseph,Venus: Leo -> Virgo
2020-10-03T15:12:26+00:00,Moon ingress to Taurus,medium,astrology,swisseph,Moon: Aries -> Taurus
2020-10-06T04:02:38+00:00,Moon ingress to Gemini,medium,astrology,swisseph,Moon: Taurus -> Gemini
2020-10-08T15:45:26+00:00,Moon ingress to Cancer,medium,astrology,swisseph,Moon: Gemini -> Cancer
2020-10-11T00:24:22+00:00,Moon ingress to Leo,medium,astrology,swisseph,Moon: Cancer -> Leo
2020-10-13T04:55:46+00:00,Moon ingress to Virgo,medium,astrology,swisseph,Moon: Leo -> Virgo
2020-10-15T05:53:47+00:00,Moon ingress to Libra,medium,astrology,swisseph,Moon: Virgo -> Libra
2020-10-17T05:05:26+00:00,Moon ingress to Scorpio,medium,astrology,swisseph,Moon: Libra -> Scorpio
2020-10-19T04:42:45+00:00,Moon ingress to Sagittarius,medium,astrology,swisseph,Moon: Scorpio -> Sagittarius
2020-10-21T06:43:34+00:00,Moon ingress to Capricorn,medium,astrology,swisseph,Moon: Sagittarius -> Capricorn
2020-10-22T22:59:33+00:00,Sun ingress to Scorpio,high,astrology,swisseph,Sun: Libra -> Scorpio
2020-10-23T12:16:43+00:00,Moon ingress to Aquarius,medium,astrology,swisseph,Moon: Capricorn -> Aquarius
2020-10-25T21:18:19+00:00,Moon ingress to Pisces,medium,astrology,swisseph,Moon: Aquarius -> Pisces
2020-10-28T01:33:21+00:00,Mercury ingress to Libra,low,astrology,swisseph,Mercury: Scorpio -> Libra
2020-10-28T01:41:05+00:00,Venus ingress to Libra,low,astrology,swisseph,Venus: Virgo -> Libra
2020-10-28T08:44:38+00:00,Moon ingress to Aries,medium,astrology,swisseph,Moon: Pisces -> Aries
2020-10-30T21:18:53+00:00,Moon ingress to Taurus,medium,astrology,swisseph,Moon: Aries -> Taurus
2020-11-02T09:59:36+00:00,Moon ingress to Gemini,medium,astrology,swisseph,Moon: Taurus -> Gemini
2020-11-04T21:45:23+00:00,Moon ingress to Cancer,medium,astrology,swisseph,Moon: Gemini -> Cancer
2020-11-07T07:18:17+00:00,Moon ingress to Leo,medium,astrology,swisseph,Moon: Cancer -> Leo
2020-11-09T13:29:49+00:00,Moon ingress to Virgo,medium,astrology,swisseph,Moon: Leo -> Virgo
2020-11-10T21:55:29+00:00,Mercury ingress to Scorpio,low,astrology,swisseph,Mercury: Libra -> Scorpio
2020-11-11T16:09:22+00:00,Moon ingress to Libra,medium,astrology,swisseph,Moon: Virgo -> Libra
2020-11-13T16:18:47+00:00,Moon ingress to Scorpio,medium,astrology,swisseph,Moon: Libra -> Scorpio
2020-11-15T15:46:46+00:00,Moon ingress to Sagittarius,medium,astrology,swisseph,Moon: Scorpio -> Sagittarius
2020-11-17T16:34:38+00:00,Moon ingress to Capricorn,medium,astrology,swisseph,Moon: Sagittarius -> Capricorn
2020-11-19T20:24:50+00:00,Moon ingress to Aquarius,medium,astrology,swisseph,Moon: Capricorn -> Aquarius
2020-11-21T13:21:45+00:00,Venus ingress to Scorpio,low,astrology,swisseph,Venus: Libra -> Scorpio
2020-11-21T20:39:46+00:00,Sun ingress to Sagittarius,high,astrology,swisseph,Sun: Scorpio -> Sagittarius
2020-11-22T04:05:46+00:00,Moon ingress to Pisces,medium,astrology,swisseph,Moon: Aquarius -> Pisces
2020-11-24T15:04:42+00:00,Moon ingress to Aries,medium,astrology,swisseph,Moon: Pisces -> Aries
2020-11-27T03:43:07+00:00,Moon ingress to Taurus,medium,astrology,swisseph,Moon: Aries -> Taurus
2020-11-29T16:16:03+00:00,Moon ingress to Gemini,medium,astrology,swisseph,Moon: Taurus -> Gemini
2020-12-01T19:51:07+00:00,Mercury ingress to Sagittarius,low,astrology,swisseph,Mercury: Scorpio -> Sagittarius
2020-12-02T03:32:57+00:00,Moon ingress to Cancer,medium,astrology,swisseph,Moon: Gemini -> Cancer
2020-12-04T12:52:39+00:00,Moon ingress to Leo,medium,astrology,swisseph,Moon: Cancer -> Leo
2020-12-06T19:46:19+00:00,Moon ingress to Virgo,medium,astrology,swisseph,Moon: Leo -> Virgo
2020-12-09T00:01:19+00:00,Moon ingress to Libra,medium,astrology,swisseph,Moon: Virgo -> Libra
2020-12-11T01:58:32+00:00,Moon ingress to Scorpio,medium,astrology,swisseph,Moon: Libra -> Scorpio
2020-12-13T02:39:13+00:00,Moon ingress to Sagittarius,medium,astrology,swisseph,Moon: Scorpio -> Sagittarius
2020-12-15T03:34:47+00:00,Moon ingress to Capricorn,medium,astrology,swisseph,Moon: Sagittarius -> Capricorn
2020-12-15T16:21:19+00:00,Venus ingress to Sagittarius,low,astrology,swisseph,Venus: Scorpio -> Sagittarius
2020-12-17T05:03:44+00:00,Saturn ingress to Aquarius,high,astrology,swisseph,Saturn: Capricorn -> Aquarius
2020-12-17T06:27:00+00:00,Moon ingress to Aquarius,medium,astrology,swisseph,Moon: Capricorn -> Aquarius
2020-12-19T12:38:53+00:00,Moon ingress to Pisces,medium,astrology,swisseph,Moon: Aquarius -> Pisces
2020-12-19T13:07:08+00:00,Jupiter ingress to Aquarius,medium,astrology,swisseph,Jupiter: Capricorn -> Aquarius
2020-12-20T23:07:20+00:00,Mercury ingress to Capricorn,low,astrology,swisseph,Mercury: Sagittarius -> Capricorn
2020-12-21T10:02:20+00:00,Sun ingress to Capricorn,high,astrology,swisseph,Sun: Sagittarius -> Capricorn
2020-12-21T22:32:17+00:00,Moon ingress to Aries,medium,astrology,swisseph,Moon: Pisces -> Aries
2020-12-24T10:55:27+00:00,Moon ingress to Taurus,medium,astrology,swisseph,Moon: Aries -> Taurus
2020-12-26T23:32:36+00:00,Moon ingress to Gemini,medium,astrology,swisseph,Moon: Taurus -> Gemini
2020-12-29T10:28:22+00:00,Moon ingress to Cancer,medium,astrology,swisseph,Moon: Gemini -> Cancer
2020-12-31T18:58:03+00:00,Moon ingress to Leo,medium,astrology,swisseph,Moon: Cancer -> Leo
2021-01-03T01:12:41+00:00,Moon ingress to Virgo,medium,astrology,swisseph,Moon: Leo -> Virgo
2021-01-05T05:41:58+00:00,Moon ingress to Libra,medium,astrology,swisseph,Moon: Virgo -> Libra
2021-01-06T22:27:02+00:00,Mars ingress to Taurus,medium,astrology,swisseph,Mars: Aries -> Taurus
2021-01-07T08:53:27+00:00,Moon ingress to Scorpio,medium,astrology,swisseph,Moon: Libra -> Scorpio
2021-01-08T11:59:39+00:00,Mercury ingress to Aquarius,low,astrology,swisseph,Mercury: Capricorn -> Aquarius
2021-01-08T15:41:02+00:00,Venus ingress to Capricorn,low,astrology,swisseph,Venus: Sagittarius -> Capricorn
2021-01-09T11:15:07+00:00,Moon ingress to Sagittarius,medium,astrology,swisseph,Moon: Scorpio -> Sagittarius
2021-01-11T13:29:49+00:00,Moon ingress to Capricorn,medium,astrology,swisseph,Moon: Sagittarius -> Capricorn
2021-01-13T16:43:53+00:00,Moon ingress to Aquarius,medium,astrology,swisseph,Moon: Capricorn -> Aquarius
2021-01-15T22:17:05+00:00,Moon ingress to Pisces,medium,astrology,swisseph,Moon: Aquarius -> Pisces
2021-01-18T07:07:16+00:00,Moon ingress to Aries,medium,astrology,swisseph,Moon: Pisces -> Aries
2021-01-19T20:39:51+00:00,Sun ingress to Aquarius,high,astrology,swisseph,Sun: Capricorn -> Aquarius
2021-01-20T18:56:05+00:00,Moon ingress to Taurus,medium,astrology,swisseph,Moon: Aries -> Taurus
2021-01-23T07:43:05+00:00,Moon ingress to Gemini,medium,astrology,swisseph,Moon: Taurus -> Gemini
2021-01-25T18:51:40+00:00,Moon ingress to Cancer,medium,astrology,swisseph,Moon: Gemini -> Cancer
2021-01-28T02:54:07+00:00,Moon ingress to Leo,medium,astrology,swisseph,Moon: Cancer -> Leo
2021-01-30T08:02:30+00:00,Moon ingress to Virgo,medium,astrology,swisseph,Moon: Leo -> Virgo
2021-02-01T11:25:13+00:00,Moon ingress to Libra,medium,astrology,swisseph,Moon: Virgo -> Libra
2021-02-01T14:05:22+00:00,Venus ingress to Aquarius,low,astrology,swisseph,Venus: Capricorn -> Aquarius
2021-02-03T14:14:28+00:00,Moon ingress to Scorpio,medium,astrology,swisseph,Moon: Libra -> Scorpio
2021-02-05T17:16:25+00:00,Moon ingress to Sagittarius,medium,astrology,swisseph,Moon: Scorpio -> Sagittarius
2021-02-07T20:51:45+00:00,Moon ingress to Capricorn,medium,astrology,swisseph,Moon: Sagittarius -> Capricorn
2021-02-10T01:20:18+00:00,Moon ingress to Aquarius,medium,astrology,swisseph,Moon: Capricorn -> Aquarius
2021-02-12T07:23:14+00:00,Moon ingress to Pisces,medium,astrology,swisseph,Moon: Aquarius -> Pisces
2021-02-14T15:54:00+00:00,Moon ingress to Aries,medium,astrology,swisseph,Moon: Pisces -> Aries
2021-02-17T03:11:40+00:00,Moon ingress to Taurus,medium,astrology,swisseph,Moon: Aries -> Taurus
2021-02-18T10:43:57+00:00,Sun ingress to Pisces,high,astrology,swisseph,Sun: Aquarius -> Pisces
2021-02-19T16:03:34+00:00,Moon ingress to Gemini,medium,astrology,swisseph,Moon: Taurus -> Gemini
2021-02-22T03:52:45+00:00,Moon ingress to Cancer,medium,astrology,swisseph,Moon: Gemini -> Cancer
2021-02-24T12:22:45+00:00,Moon ingress to Leo,medium,astrology,swisseph,Moon: Cancer -> Leo
2021-02-25T13:11:29+00:00,Venus ingress to Pisces,low,astrology,swisseph,Venus: Aquarius -> Pisces
2021-02-26T17:07:12+00:00,Moon ingress to Virgo,medium,astrology,swisseph,Moon: Leo -> Virgo
2021-02-28T19:16:54+00:00,Moon ingress to Libra,medium,astrology,swisseph,Moon: Virgo -> Libra
2021-03-02T20:38:14+00:00,Moon ingress to Scorpio,medium,astrology,swisseph,Moon: Libra -> Scorpio
2021-03-04T03:29:32+00:00,Mars ingress to Gemini,medium,astrology,swisseph,Mars: Taurus -> Gemini
2021-03-04T22:42:46+00:00,Moon ingress to Sagittarius,medium,astrology,swisseph,Moon: Scorpio -> Sagittarius
2021-03-07T02:20:18+00:00,Moon ingress to Capricorn,medium,astrology,swisseph,Moon: Sagittarius -> Capricorn
2021-03-09T07:40:52+00:00,Moon ingress to Aquarius,medium,astrology,swisseph,Moon: Capricorn -> Aquarius
2021-03-11T14:43:58+00:00,Moon ingress to Pisces,medium,astrology,swisseph,Moon: Aquarius -> Pisces
2021-03-13T23:43:57+00:00,Moon ingress to Aries,medium,astrology,swisseph,Moon: Pisces -> Aries
2021-03-15T22:26:29+00:00,Mercury ingress to Pisces,low,astrology,swisseph,Mercury: Aquarius -> Pisces
2021-03-16T10:56:19+00:00,Moon ingress to Taurus,medium,astrology,swisseph,Moon: Aries -> Taurus
2021-03-18T23:47:05+00:00,Moon ingress to Gemini,medium,astrology,swisseph,Moon: Taurus -> Gemini
2021-03-20T09:37:28+00:00,Sun ingress to Aries,high,astrology,swisseph,Sun: Pisces -> Aries
2021-03-21T12:17:36+00:00,Moon ingress to Cancer,medium,astrology,swisseph,Moon: Gemini -> Cancer
2021-03-21T14:16:14+00:00,Venus ingress to Aries,low,astrology,swisseph,Venus: Pisces -> Aries
2021-03-23T21:56:11+00:00,Moon ingress to Leo,medium,astrology,swisseph,Moon: Cancer -> Leo
2021-03-26T03:25:28+00:00,Moon ingress to Virgo,medium,astrology,swisseph,Moon: Leo -> Virgo
2021-03-28T05:22:16+00:00,Moon ingress to Libra,medium,astrology,swisseph,Moon: Virgo -> Libra
2021-03-30T05:33:19+00:00,Moon ingress to Scorpio,medium,astrology,swisseph,Moon: Libra -> Scorpio
2021-04-01T05:58:38+00:00,Moon ingress to Sagittarius,medium,astrology,swisseph,Moon: Scorpio -> Sagittarius
2021-04-03T08:12:57+00:00,Moon ingress to Capricorn,medium,astrology,swisseph,Moon: Sagittarius -> Capricorn
2021-04-04T03:41:14+00:00,Mercury ingress to Aries,low,astrology,swisseph,Mercury: Pisces -> Aries
2021-04-05T13:03:33+00:00,Moon ingress to Aquarius,medium,astrology,swisseph,Moon: Capricorn -> Aquarius
2021-04-07T20:30:22+00:00,Moon ingress to Pisces,medium,astrology,swisseph,Moon: Aquarius -> Pisces
2021-04-10T06:11:06+00:00,Moon ingress to Aries,medium,astrology,swisseph,Moon: Pisces -> Aries
2021-04-12T17:43:50+00:00,Moon ingress to Taurus,medium,astrology,swisseph,Moon: Aries -> Taurus
2021-04-14T18:21:57+00:00,Venus ingress to Taurus,low,astrology,swisseph,Venus: Aries -> Taurus
2021-04-15T06:34:59+00:00,Moon ingress to Gemini,medium,astrology,swisseph,Moon: Taurus -> Gemini
2021-04-17T19:25:20+00:00,Moon ingress to Cancer,medium,astrology,swisseph,Moon: Gemini -> Cancer
2021-04-19T10:29:12+00:00,Mercury ingress to Taurus,low,astrology,swisseph,Mercury: Aries -> Taurus
2021-04-19T20:33:24+00:00,Sun ingress to Taurus,high,astrology,swisseph,Sun: Aries -> Taurus
2021-04-20T06:10:33+00:00,Moon ingress to Leo,medium,astrology,swisseph,Moon: Cancer -> Leo
2021-04-22T13:08:13+00:00,Moon ingress to Virgo,medium,astrology,swisseph,Moon: Leo -> Virgo
2021-04-23T11:48:54+00:00,Mars ingress to Cancer,medium,astrology,swisseph,Mars: Gemini -> Cancer
2021-04-24T16:05:52+00:00,Moon ingress to Libra,medium,astrology,swisseph,Moon: Virgo -> Libra
2021-04-26T16:18:20+00:00,Moon ingress to Scorpio,medium,astrology,swisseph,Moon: Libra -> Scorpio
2021-04-28T15:42:22+00:00,Moon ingress to Sagittarius,medium,astrology,swisseph,Moon: Scorpio -> Sagittarius
2021-04-30T16:16:05+00:00,Moon ingress to Capricorn,medium,astrology,swisseph,Moon: Sagittarius -> Capricorn
2021-05-02T19:30:52+00:00,Moon ingress to Aquarius,medium,astrology,swisseph,Moon: Capricorn -> Aquarius
2021-05-04T02:49:02+00:00,Mercury ingress to Gemini,low,astrology,swisseph,Mercury: Taurus -> Gemini
2021-05-05T02:08:32+00:00,Moon ingress to Pisces,medium,astrology,swisseph,Moon: Aquarius -> Pisces
2021-05-07T11:52:27+00:00,Moon ingress to Aries,medium,astrology,swisseph,Moon: Pisces -> Aries
2021-05-09T02:01:15+00:00,Venus ingress to Gemini,low,astrology,swisseph,Venus: Taurus -> Gemini
2021-05-09T23:46:24+00:00,Moon ingress to Taurus,medium,astrology,swisseph,Moon: Aries -> Taurus
2021-05-12T12:42:57+00:00,Moon ingress to Gemini,medium,astrology,swisseph,Moon: Taurus -> Gemini
2021-05-13T22:36:31+00:00,Jupiter ingress to Pisces,medium,astrology,swisseph,Jupiter: Aquarius -> Pisces
2021-05-15T01:30:25+00:00,Moon ingress to Cancer,medium,astrology,swisseph,Moon: Gemini -> Cancer
2021-05-17T12:43:56+00:00,Moon ingress to Leo,medium,astrology,swisseph,Moon: Cancer -> Leo
2021-05-19T20:59:19+00:00,Moon ingress to Virgo,medium,astrology,swisseph,Moon: Leo -> Virgo
2021-05-20T19:37:08+00:00,Sun ingress to Gemini,high,astrology,swisseph,Sun: Taurus -> Gemini
2021-05-22T01:35:22+00:00,Moon ingress to Libra,medium,astrology,swisseph,Moon: Virgo -> Libra
2021-05-24T03:00:27+00:00,Moon ingress to Scorpio,medium,astrology,swisseph,Moon: Libra -> Scorpio
2021-05-26T02:39:20+00:00,Moon ingress to Sagittarius,medium,astrology,swisseph,Moon: Scorpio -> Sagittarius
2021-05-28T02:23:25+00:00,Moon ingress to Capricorn,medium,astrology,swisseph,Moon: Sagittarius -> Capricorn
2021-05-30T04:04:18+00:00,Moon ingress to Aquarius,medium,astrology,swisseph,Moon: Capricorn -> Aquarius
2021-06-01T09:07:20+00:00,Moon ingress to Pisces,medium,astrology,swisseph,Moon: Aquarius -> Pisces
2021-06-02T13:18:35+00:00,Venus ingress to Cancer,low,astrology,swisseph,Venus: Gemini -> Cancer
2021-06-03T17:58:36+00:00,Moon ingress to Aries,medium,astrology,swisseph,Moon: Pisces -> Aries
2021-06-06T05:46:19+00:00,Moon ingress to Taurus,medium,astrology,swisseph,Moon: Aries -> Taurus
2021-06-08T18:47:30+00:00,Moon ingress to Gemini,medium,astrology,swisseph,Moon: Taurus -> Gemini
2021-06-11T07:22:30+00:00,Moon ingress to Cancer,medium,astrology,swisseph,Moon: Gemini -> Cancer
2021-06-11T13:33:44+00:00,Mars ingress to Leo,medium,astrology,swisseph,Mars: Cancer -> Leo
2021-06-13T18:22:26+00:00,Moon ingress to Leo,medium,astrology,swisseph,Moon: Cancer -> Leo
2021-06-16T03:01:59+00:00,Moon ingress to Virgo,medium,astrology,swisseph,Moon: Leo -> Virgo
2021-06-18T08:53:37+00:00,Moon ingress to Libra,medium,astrology,swisseph,Moon: Virgo -> Libra
2021-06-20T11:57:52+00:00,Moon ingress to Scorpio,medium,astrology,swisseph,Moon: Libra -> Scorpio
2021-06-21T03:32:10+00:00,Sun ingress to Cancer,high,astrology,swisseph,Sun: Gemini -> Cancer
2021-06-22T12:55:27+00:00,Moon ingress to Sagittarius,medium,astrology,swisseph,Moon: Scorpio -> Sagittarius
2021-06-24T13:04:50+00:00,Moon ingress to Capricorn,medium,astrology,swisseph,Moon: Sagittarius -> Capricorn
2021-06-26T14:08:27+00:00,Moon ingress to Aquarius,medium,astrology,swisseph,Moon: Capricorn -> Aquarius
2021-06-27T04:26:53+00:00,Venus ingress to Leo,low,astrology,swisseph,Venus: Cancer -> Leo
2021-06-28T17:50:43+00:00,Moon ingress to Pisces,medium,astrology,swisseph,Moon: Aquarius -> Pisces
2021-07-01T01:21:11+00:00,Moon ingress to Aries,medium,astrology,swisseph,Moon: Pisces -> Aries
2021-07-03T12:27:42+00:00,Moon ingress to Taurus,medium,astrology,swisseph,Moon: Aries -> Taurus
2021-07-06T01:23:40+00:00,Moon ingress to Gemini,medium,astrology,swisseph,Moon: Taurus -> Gemini
2021-07-08T13:50:52+00:00,Moon ingress to Cancer,medium,astrology,swisseph,Moon: Gemini -> Cancer
2021-07-11T00:20:34+00:00,Moon ingress to Leo,medium,astrology,swisseph,Moon: Cancer -> Leo
2021-07-11T20:35:14+00:00,Mercury ingress to Cancer,low,astrology,swisseph,Mercury: Gemini -> Cancer
2021-07-13T08:30:28+00:00,Moon ingress to Virgo,medium,astrology,swisseph,Moon: Leo -> Virgo
2021-07-15T14:31:30+00:00,Moon ingress to Libra,medium,astrology,swisseph,Moon: Virgo -> Libra
2021-07-17T18:38:17+00:00,Moon ingress to Scorpio,medium,astrology,swisseph,Moon: Libra -> Scorpio
2021-07-19T21:07:43+00:00,Moon ingress to Sagittarius,medium,astrology,swisseph,Moon: Scorpio -> Sagittarius
2021-07-21T22:36:19+00:00,Moon ingress to Capricorn,medium,astrology,swisseph,Moon: Sagittarius -> Capricorn
2021-07-22T00:36:40+00:00,Venus ingress to Virgo,low,astrology,swisseph,Venus: Leo -> Virgo
2021-07-22T14:26:25+00:00,Sun ingress to Leo,high,astrology,swisseph,Sun: Cancer -> Leo
2021-07-24T00:12:25+00:00,Moon ingress to Aquarius,medium,astrology,swisseph,Moon: Capricorn -> Aquarius
2021-07-26T03:29:44+00:00,Moon ingress to Pisces,medium,astrology,swisseph,Moon: Aquarius -> Pisces
2021-07-28T01:11:34+00:00,Mercury ingress to Leo,low,astrology,swisseph,Mercury: Cancer -> Leo
2021-07-28T09:57:37+00:00,Moon ingress to Aries,medium,astrology,swisseph,Moon: Pisces -> Aries
2021-07-28T12:42:03+00:00,Jupiter ingress to Aquarius,medium,astrology,swisseph,Jupiter: Pisces -> Aquarius
2021-07-29T20:32:31+00:00,Mars ingress to Virgo,medium,astrology,swisseph,Mars: Leo -> Virgo
2021-07-30T20:08:02+00:00,Moon ingress to Taurus,medium,astrology,swisseph,Moon: Aries -> Taurus
2021-08-02T08:46:15+00:00,Moon ingress to Gemini,medium,astrology,swisseph,Moon: Taurus -> Gemini
2021-08-04T21:17:02+00:00,Moon ingress to Cancer,medium,astrology,swisseph,Moon: Gemini -> Cancer
2021-08-07T07:31:24+00:00,Moon ingress to Leo,medium,astrology,swisseph,Moon: Cancer -> Leo
2021-08-09T14:55:40+00:00,Moon ingress to Virgo,medium,astrology,swisseph,Moon: Leo -> Virgo
2021-08-11T20:07:44+00:00,Moon ingress to Libra,medium,astrology,swisseph,Moon: Virgo -> Libra
2021-08-11T21:56:45+00:00,Mercury ingress to Virgo,low,astrology,swisseph,Mercury: Leo -> Virgo
2021-08-14T00:01:15+00:00,Moon ingress to Scorpio,medium,astrology,swisseph,Moon: Libra -> Scorpio
2021-08-16T03:11:37+00:00,Moon ingress to Sagittarius,medium,astrology,swisseph,Moon: Scorpio -> Sagittarius
2021-08-16T04:26:37+00:00,Venus ingress to Libra,low,astrology,swisseph,Venus: Virgo -> Libra
2021-08-18T05:57:53+00:00,Moon ingress to Capricorn,medium,astrology,swisseph,Moon: Sagittarius -> Capricorn
2021-08-20T08:48:47+00:00,Moon ingress to Aquarius,medium,astrology,swisseph,Moon: Capricorn -> Aquarius
2021-08-22T12:42:29+00:00,Moon ingress to Pisces,medium,astrology,swisseph,Moon: Aquarius -> Pisces
2021-08-22T21:34:58+00:00,Sun ingress to Virgo,high,astrology,swisseph,Sun: Leo -> Virgo
2021-08-24T18:56:51+00:00,Moon ingress to Aries,medium,astrology,swisseph,Moon: Pisces -> Aries
2021-08-27T04:26:37+00:00,Moon ingress to Taurus,medium,astrology,swisseph,Moon: Aries -> Taurus
2021-08-29T16:41:45+00:00,Moon ingress to Gemini,medium,astrology,swisseph,Moon: Taurus -> Gemini
2021-08-30T05:09:58+00:00,Mercury ingress to Libra,low,astrology,swisseph,Mercury: Virgo -> Libra
2021-09-01T05:25:49+00:00,Moon ingress to Cancer,medium,astrology,swisseph,Moon: Gemini -> Cancer
2021-09-03T15:58:10+00:00,Moon ingress to Leo,medium,astrology,swisseph,Moon: Cancer -> Leo
2021-09-05T23:05:34+00:00,Moon ingress to Virgo,medium,astrology,swisseph,Moon: Leo -> Virgo
2021-09-08T03:20:28+00:00,Moon ingress to Libra,medium,astrology,swisseph,Moon: Virgo -> Libra
2021-09-10T06:04:42+00:00,Moon ingress to Scorpio,medium,astrology,swisseph,Moon: Libra -> Scorpio
2021-09-10T20:39:04+00:00,Venus ingress to Scorpio,low,astrology,swisseph,Venus: Libra -> Scorpio
2021-09-12T08:34:25+00:00,Moon ingress to Sagittarius,medium,astrology,swisseph,Moon: Scorpio -> Sagittarius
2021-09-14T11:34:05+00:00,Moon ingress to Capricorn,medium,astrology,swisseph,Moon: Sagittarius -> Capricorn
2021-09-15T00:13:54+00:00,Mars ingress to Libra,medium,astrology,swisseph,Mars: Virgo -> Libra
2021-09-16T15:23:01+00:00,Moon ingress to Aquarius,medium,astrology,swisseph,Moon: Capricorn -> Aquarius
2021-09-18T20:22:23+00:00,Moon ingress to Pisces,medium,astrology,swisseph,Moon: Aquarius -> Pisces
2021-09-21T03:12:46+00:00,Moon ingress to Aries,medium,astrology,swisseph,Moon: Pisces -> Aries
2021-09-22T19:21:04+00:00,Sun ingress to Libra,high,astrology,swisseph,Sun: Virgo -> Libra
2021-09-23T12:38:01+00:00,Moon ingress to Taurus,medium,astrology,swisseph,Moon: Aries -> Taurus
2021-09-26T00:36:23+00:00,Moon ingress to Gemini,medium,astrology,swisseph,Moon: Taurus -> Gemini
2021-09-28T13:34:17+00:00,Moon ingress to Cancer,medium,astrology,swisseph,Moon: Gemini -> Cancer
2021-10-01T00:53:31+00:00,Moon ingress to Leo,medium,astrology,swisseph,Moon: Cancer -> Leo
2021-10-03T08:37:37+00:00,Moon ingress to Virgo,medium,astrology,swisseph,Moon: Leo -> Virgo
2021-10-05T12:41:02+00:00,Moon ingress to Libra,medium,astrology,swisseph,Moon: Virgo -> Libra
2021-10-07T11:20:58+00:00,Venus ingress to Sagittarius,low,astrology,swisseph,Venus: Scorpio -> Sagittarius
2021-10-07T14:21:59+00:00,Moon ingress to Scorpio,medium,astrology,swisseph,Moon: Libra -> Scorpio
2021-10-09T15:24:06+00:00,Moon ingress to Sagittarius,medium,astrology,swisseph,Moon: Scorpio -> Sagittarius
2021-10-11T17:14:56+00:00,Moon ingress to Capricorn,medium,astrology,swisseph,Moon: Sagittarius -> Capricorn
2021-10-13T20:47:17+00:00,Moon ingress to Aquarius,medium,astrology,swisseph,Moon: Capricorn -> Aquarius
2021-10-16T02:21:40+00:00,Moon ingress to Pisces,medium,astrology,swisseph,Moon: Aquarius -> Pisces
2021-10-18T10:03:59+00:00,Moon ingress to Aries,medium,astrology,swisseph,Moon: Pisces -> Aries
2021-10-20T19:58:59+00:00,Moon ingress to Taurus,medium,astrology,swisseph,Moon: Aries -> Taurus
2021-10-23T04:51:09+00:00,Sun ingress to Scorpio,high,astrology,swisseph,Sun: Libra -> Scorpio
2021-10-23T07:57:12+00:00,Moon ingress to Gemini,medium,astrology,swisseph,Moon: Taurus -> Gemini
2021-10-25T21:00:08+00:00,Moon ingress to Cancer,medium,astrology,swisseph,Moon: Gemini -> Cancer
2021-10-28T09:07:16+00:00,Moon ingress to Leo,medium,astrology,swisseph,Moon: Cancer -> Leo
2021-10-30T14:21:05+00:00,Mars ingress to Scorpio,medium,astrology,swisseph,Mars: Libra -> Scorpio
2021-10-30T18:09:25+00:00,Moon ingress to Virgo,medium,astrology,swisseph,Moon: Leo -> Virgo
2021-11-01T23:11:01+00:00,Moon ingress to Libra,medium,astrology,swisseph,Moon: Virgo -> Libra
2021-11-04T00:52:31+00:00,Moon ingress to Scorpio,medium,astrology,swisseph,Moon: Libra -> Scorpio
2021-11-05T10:43:56+00:00,Venus ingress to Capricorn,low,astrology,swisseph,Venus: Sagittarius -> Capricorn
2021-11-05T22:34:46+00:00,Mercury ingress to Scorpio,low,astrology,swisseph,Mercury: Libra -> Scorpio
2021-11-06T00:52:24+00:00,Moon ingress to Sagittarius,medium,astrology,swisseph,Moon: Scorpio -> Sagittarius
2021-11-08T01:03:20+00:00,Moon ingress to Capricorn,medium,astrology,swisseph,Moon: Sagittarius -> Capricorn
2021-11-10T03:03:05+00:00,Moon ingress to Aquarius,medium,astrology,swisseph,Moon: Capricorn -> Aquarius
2021-11-12T07:53:33+00:00,Moon ingress to Pisces,medium,astrology,swisseph,Moon: Aquarius -> Pisces
2021-11-14T15:48:07+00:00,Moon ingress to Aries,medium,astrology,swisseph,Moon: Pisces -> Aries
2021-11-17T02:17:47+00:00,Moon ingress to Taurus,medium,astrology,swisseph,Moon: Aries -> Taurus
2021-11-19T14:32:46+00:00,Moon ingress to Gemini,medium,astrology,swisseph,Moon: Taurus -> Gemini
2021-11-22T02:33:44+00:00,Sun ingress to Sagittarius,high,astrology,swisseph,Sun: Scorpio -> Sagittarius
2021-11-22T03:32:55+00:00,Moon ingress to Cancer,medium,astrology,swisseph,Moon: Gemini -> Cancer
2021-11-24T15:36:24+00:00,Mercury ingress to Sagittarius,low,astrology,swisseph,Mercury: Scorpio -> Sagittarius
2021-11-24T15:58:31+00:00,Moon ingress to Leo,medium,astrology,swisseph,Moon: Cancer -> Leo
2021-11-27T02:11:44+00:00,Moon ingress to Virgo,medium,astrology,swisseph,Moon: Leo -> Virgo
2021-11-29T08:54:50+00:00,Moon ingress to Libra,medium,astrology,swisseph,Moon: Virgo -> Libra
2021-12-01T11:55:25+00:00,Moon ingress to Scorpio,medium,astrology,swisseph,Moon: Libra -> Scorpio
2021-12-03T12:12:43+00:00,Moon ingress to Sagittarius,medium,astrology,swisseph,Moon: Scorpio -> Sagittarius
2021-12-05T11:30:42+00:00,Moon ingress to Capricorn,medium,astrology,swisseph,Moon: Sagittarius -> Capricorn
2021-12-07T11:48:30+00:00,Moon ingress to Aquarius,medium,astrology,swisseph,Moon: Capricorn -> Aquarius
2021-12-09T14:53:13+00:00,Moon ingress to Pisces,medium,astrology,swisseph,Moon: Aquarius -> Pisces
2021-12-11T21:45:59+00:00,Moon ingress to Aries,medium,astrology,swisseph,Moon: Pisces -> Aries
2021-12-13T09:52:57+00:00,Mars ingress to Sagittarius,medium,astrology,swisseph,Mars: Scorpio -> Sagittarius
2021-12-13T17:52:03+00:00,Mercury ingress to Capricorn,low,astrology,swisseph,Mercury: Sagittarius -> Capricorn
2021-12-14T08:10:44+00:00,Moon ingress to Taurus,medium,astrology,swisseph,Moon: Aries -> Taurus
2021-12-16T20:42:40+00:00,Moon ingress to Gemini,medium,astrology,swisseph,Moon: Taurus -> Gemini
2021-12-19T09:41:45+00:00,Moon ingress to Cancer,medium,astrology,swisseph,Moon: Gemini -> Cancer
2021-12-21T15:59:19+00:00,Sun ingress to Capricorn,high,astrology,swisseph,Sun: Sagittarius -> Capricorn
2021-12-21T21:53:36+00:00,Moon ingress to Leo,medium,astrology,swisseph,Moon: Cancer -> Leo
2021-12-24T08:24:20+00:00,Moon ingress to Virgo,medium,astrology,swisseph,Moon: Leo -> Virgo
2021-12-26T16:23:56+00:00,Moon ingress to Libra,medium,astrology,swisseph,Moon: Virgo -> Libra
2021-12-28T21:16:19+00:00,Moon ingress to Scorpio,medium,astrology,swisseph,Moon: Libra -> Scorpio
2021-12-29T04:09:48+00:00,Jupiter ingress to Pisces,medium,astrology,swisseph,Jupiter: Aquarius -> Pisces
2021-12-30T23:08:16+00:00,Moon ingress to Sagittarius,medium,astrology,swisseph,Moon: Scorpio -> Sagittarius
2022-01-01T23:02:13+00:00,Moon ingress to Capricorn,medium,astrology,swisseph,Moon: Sagittarius -> Capricorn
2022-01-02T07:09:39+00:00,Mercury ingress to Aquarius,low,astrology,swisseph,Mercury: Capricorn -> Aquarius
2022-01-03T22:43:48+00:00,Moon ingress to Aquarius,medium,astrology,swisseph,Moon: Capricorn -> Aquarius
2022-01-06T00:16:35+00:00,Moon ingress to Pisces,medium,astrology,swisseph,Moon: Aquarius -> Pisces
2022-01-08T05:25:51+00:00,Moon ingress to Aries,medium,astrology,swisseph,Moon: Pisces -> Aries
2022-01-10T14:46:56+00:00,Moon ingress to Taurus,medium,astrology,swisseph,Moon: Aries -> Taurus
2022-01-13T03:08:06+00:00,Moon ingress to Gemini,medium,astrology,swisseph,Moon: Taurus -> Gemini
2022-01-15T16:10:40+00:00,Moon ingress to Cancer,medium,astrology,swisseph,Moon: Gemini -> Cancer
2022-01-18T04:03:02+00:00,Moon ingress to Leo,medium,astrology,swisseph,Moon: Cancer -> Leo
2022-01-20T02:39:06+00:00,Sun ingress to Aquarius,high,astrology,swisseph,Sun: Capricorn -> Aquarius
2022-01-20T14:02:07+00:00,Moon ingress to Virgo,medium,astrology,swisseph,Moon: Leo -> Virgo
2022-01-22T22:02:33+00:00,Moon ingress to Libra,medium,astrology,swisseph,Moon: Virgo -> Libra
2022-01-24T12:52:48+00:00,Mars ingress to Capricorn,medium,astrology,swisseph,Mars: Sagittarius -> Capricorn
2022-01-25T03:57:04+00:00,Moon ingress to Scorpio,medium,astrology,swisseph,Moon: Libra -> Scorpio
2022-01-26T03:04:44+00:00,Mercury ingress to Capricorn,low,astrology,swisseph,Mercury: Aquarius -> Capricorn
2022-01-27T07:34:29+00:00,Moon ingress to Sagittarius,medium,astrology,swisseph,Moon: Scorpio -> Sagittarius
2022-01-29T09:08:58+00:00,Moon ingress to Capricorn,medium,astrology,swisseph,Moon: Sagittarius -> Capricorn
2022-01-31T09:42:34+00:00,Moon ingress to Aquarius,medium,astrology,swisseph,Moon: Capricorn -> Aquarius
2022-02-02T10:59:29+00:00,Moon ingress to Pisces,medium,astrology,swisseph,Moon: Aquarius -> Pisces
2022-02-04T14:56:26+00:00,Moon ingress to Aries,medium,astrology,swisseph,Moon: Pisces -> Aries
2022-02-06T22:52:21+00:00,Moon ingress to Taurus,medium,astrology,swisseph,Moon: Aries -> Taurus
2022-02-09T10:26:42+00:00,Moon ingress to Gemini,medium,astrology,swisseph,Moon: Taurus -> Gemini
2022-02-11T23:26:38+00:00,Moon ingress to Cancer,medium,astrology,swisseph,Moon: Gemini -> Cancer
2022-02-14T11:17:13+00:00,Moon ingress to Leo,medium,astrology,swisseph,Moon: Cancer -> Leo
2022-02-14T21:53:35+00:00,Mercury ingress to Aquarius,low,astrology,swisseph,Mercury: Capricorn -> Aquarius
2022-02-16T20:42:32+00:00,Moon ingress to Virgo,medium,astrology,swisseph,Moon: Leo -> Virgo
2022-02-18T16:43:01+00:00,Sun ingress to Pisces,high,astrology,swisseph,Sun: Aquarius -> Pisces
2022-02-19T03:50:58+00:00,Moon ingress to Libra,medium,astrology,swisseph,Moon: Virgo -> Libra
2022-02-21T09:19:07+00:00,Moon ingress to Scorpio,medium,astrology,swisseph,Moon: Libra -> Scorpio
2022-02-23T13:28:58+00:00,Moon ingress to Sagittarius,medium,astrology,swisseph,Moon: Scorpio -> Sagittarius
2022-02-25T16:27:20+00:00,Moon ingress to Capricorn,medium,astrology,swisseph,Moon: Sagittarius -> Capricorn
2022-02-27T18:35:35+00:00,Moon ingress to Aquarius,medium,astrology,swisseph,Moon: Capricorn -> Aquarius
2022-03-01T20:53:25+00:00,Moon ingress to Pisces,medium,astrology,swisseph,Moon: Aquarius -> Pisces
2022-03-04T00:52:27+00:00,Moon ingress to Aries,medium,astrology,swisseph,Moon: Pisces -> Aries
2022-03-06T06:22:47+00:00,Mars ingress to Aquarius,medium,astrology,swisseph,Mars: Capricorn -> Aquarius
2022-03-06T06:29:47+00:00,Venus ingress to Aquarius,low,astrology,swisseph,Venus: Capricorn -> Aquarius
2022-03-06T07:59:50+00:00,Moon ingress to Taurus,medium,astrology,swisseph,Moon: Aries -> Taurus
2022-03-08T18:39:35+00:00,Moon ingress to Gemini,medium,astrology,swisseph,Moon: Taurus -> Gemini
2022-03-10T01:32:17+00:00,Mercury ingress to Pisces,low,astrology,swisseph,Mercury: Aquarius -> Pisces
2022-03-11T07:24:18+00:00,Moon ingress to Cancer,medium,astrology,swisseph,Moon: Gemini -> Cancer
2022-03-13T19:31:37+00:00,Moon ingress to Leo,medium,astrology,swisseph,Moon: Cancer -> Leo
2022-03-16T04:58:39+00:00,Moon ingress to Virgo,medium,astrology,swisseph,Moon: Leo -> Virgo
2022-03-18T11:25:54+00:00,Moon ingress to Libra,medium,astrology,swisseph,Moon: Virgo -> Libra
2022-03-20T15:33:25+00:00,Sun ingress to Aries,high,astrology,swisseph,Sun: Pisces -> Aries
2022-03-20T15:44:33+00:00,Moon ingress to Scorpio,medium,astrology,swisseph,Moon: Libra -> Scorpio
2022-03-22T18:58:56+00:00,Moon ingress to Sagittarius,medium,astrology,swisseph,Moon: Scorpio -> Sagittarius
2022-03-24T21:53:51+00:00,Moon ingress to Capricorn,medium,astrology,swisseph,Moon: Sagittarius -> Capricorn
2022-03-27T00:55:15+00:00,Moon ingress to Aquarius,medium,astrology,swisseph,Moon: Capricorn -> Aquarius
2022-03-27T07:44:31+00:00,Mercury ingress to Aries,low,astrology,swisseph,Mercury: Pisces -> Aries
2022-03-29T04:31:33+00:00,Moon ingress to Pisces,medium,astrology,swisseph,Moon: Aquarius -> Pisces
2022-03-31T09:30:22+00:00,Moon ingress to Aries,medium,astrology,swisseph,Moon: Pisces -> Aries
2022-04-02T16:50:14+00:00,Moon ingress to Taurus,medium,astrology,swisseph,Moon: Aries -> Taurus
2022-04-05T03:04:07+00:00,Moon ingress to Gemini,medium,astrology,swisseph,Moon: Taurus -> Gemini
2022-04-05T15:17:40+00:00,Venus ingress to Pisces,low,astrology,swisseph,Venus: Aquarius -> Pisces
2022-04-07T15:30:13+00:00,Moon ingress to Cancer,medium,astrology,swisseph,Moon: Gemini -> Cancer
2022-04-10T03:59:41+00:00,Moon ingress to Leo,medium,astrology,swisseph,Moon: Cancer -> Leo
2022-04-11T02:09:28+00:00,Mercury ingress to Taurus,low,astrology,swisseph,Mercury: Aries -> Taurus
2022-04-12T14:07:25+00:00,Moon ingress to Virgo,medium,astrology,swisseph,Moon: Leo -> Virgo
2022-04-14T20:45:48+00:00,Moon ingress to Libra,medium,astrology,swisseph,Moon: Virgo -> Libra
2022-04-15T03:05:41+00:00,Mars ingress to Pisces,medium,astrology,swisseph,Mars: Aquarius -> Pisces
2022-04-17T00:22:37+00:00,Moon ingress to Scorpio,medium,astrology,swisseph,Moon: Libra -> Scorpio
2022-04-19T02:16:26+00:00,Moon ingress to Sagittarius,medium,astrology,swisseph,Moon: Scorpio -> Sagittarius
2022-04-20T02:24:17+00:00,Sun ingress to Taurus,high,astrology,swisseph,Sun: Aries -> Taurus
2022-04-21T03:52:08+00:00,Moon ingress to Capricorn,medium,astrology,swisseph,Moon: Sagittarius -> Capricorn
2022-04-23T06:17:03+00:00,Moon ingress to Aquarius,medium,astrology,swisseph,Moon: Capricorn -> Aquarius
2022-04-25T10:14:35+00:00,Moon ingress to Pisces,medium,astrology,swisseph,Moon: Aquarius -> Pisces
2022-04-27T16:09:49+00:00,Moon ingress to Aries,medium,astrology,swisseph,Moon: Pisces -> Aries
2022-04-29T22:23:06+00:00,Mercury ingress to Gemini,low,astrology,swisseph,Mercury: Taurus -> Gemini
2022-04-30T00:18:53+00:00,Moon ingress to Taurus,medium,astrology,swisseph,Moon: Aries -> Taurus
2022-05-02T10:46:33+00:00,Moon ingress to Gemini,medium,astrology,swisseph,Moon: Taurus -> Gemini
2022-05-02T16:10:25+00:00,Venus ingress to Aries,low,astrology,swisseph,Venus: Pisces -> Aries
2022-05-04T23:05:08+00:00,Moon ingress to Cancer,medium,astrology,swisseph,Moon: Gemini -> Cancer
2022-05-07T11:49:44+00:00,Moon ingress to Leo,medium,astrology,swisseph,Moon: Cancer -> Leo
2022-05-09T22:53:19+00:00,Moon ingress to Virgo,medium,astrology,swisseph,Moon: Leo -> Virgo
2022-05-10T23:21:53+00:00,Jupiter ingress to Aries,medium,astrology,swisseph,Jupiter: Pisces -> Aries
2022-05-12T06:34:20+00:00,Moon ingress to Libra,medium,astrology,swisseph,Moon: Virgo -> Libra
2022-05-14T10:33:50+00:00,Moon ingress to Scorpio,medium,astrology,swisseph,Moon: Libra -> Scorpio
2022-05-16T11:50:20+00:00,Moon ingress to Sagittarius,medium,astrology,swisseph,Moon: Scorpio -> Sagittarius
2022-05-18T12:01:54+00:00,Moon ingress to Capricorn,medium,astrology,swisseph,Moon: Sagittarius -> Capricorn
2022-05-20T12:52:48+00:00,Moon ingress to Aquarius,medium,astrology,swisseph,Moon: Capricorn -> Aquarius
2022-05-21T01:22:35+00:00,Sun ingress to Gemini,high,astrology,swisseph,Sun: Taurus -> Gemini
2022-05-22T15:49:25+00:00,Moon ingress to Pisces,medium,astrology,swisseph,Moon: Aquarius -> Pisces
2022-05-23T01:15:05+00:00,Mercury ingress to Taurus,low,astrology,swisseph,Mercury: Gemini -> Taurus
2022-05-24T21:39:26+00:00,Moon ingress to Aries,medium,astrology,swisseph,Moon: Pisces -> Aries
2022-05-24T23:17:23+00:00,Mars ingress to Aries,medium,astrology,swisseph,Mars: Pisces -> Aries
2022-05-27T06:22:26+00:00,Moon ingress to Taurus,medium,astrology,swisseph,Moon: Aries -> Taurus
2022-05-28T14:46:03+00:00,Venus ingress to Taurus,low,astrology,swisseph,Venus: Aries -> Taurus
2022-05-29T17:22:33+00:00,Moon ingress to Gemini,medium,astrology,swisseph,Moon: Taurus -> Gemini
2022-06-01T05:48:58+00:00,Moon ingress to Cancer,medium,astrology,swisseph,Moon: Gemini -> Cancer
2022-06-03T18:37:59+00:00,Moon ingress to Leo,medium,astrology,swisseph,Moon: Cancer -> Leo
2022-06-06T06:21:48+00:00,Moon ingress to Virgo,medium,astrology,swisseph,Moon: Leo -> Virgo
2022-06-08T15:22:37+00:00,Moon ingress to Libra,medium,astrology,swisseph,Moon: Virgo -> Libra
2022-06-10T20:41:00+00:00,Moon ingress to Scorpio,medium,astrology,swisseph,Moon: Libra -> Scorpio
2022-06-12T22:31:25+00:00,Moon ingress to Sagittarius,medium,astrology,swisseph,Moon: Scorpio -> Sagittarius
2022-06-13T15:26:43+00:00,Mercury ingress to Gemini,low,astrology,swisseph,Mercury: Taurus -> Gemini
2022-06-14T22:13:59+00:00,Moon ingress to Capricorn,medium,astrology,swisseph,Moon: Sagittarius -> Capricorn
2022-06-16T21:44:02+00:00,Moon ingress to Aquarius,medium,astrology,swisseph,Moon: Capricorn -> Aquarius
2022-06-18T23:01:15+00:00,Moon ingress to Pisces,medium,astrology,swisseph,Moon: Aquarius -> Pisces
2022-06-21T03:37:00+00:00,Moon ingress to Aries,medium,astrology,swisseph,Moon: Pisces -> Aries
2022-06-21T09:13:51+00:00,Sun ingress to Cancer,high,astrology,swisseph,Sun: Gemini -> Cancer
2022-06-23T00:34:22+00:00,Venus ingress to Gemini,low,astrology,swisseph,Venus: Taurus -> Gemini
2022-06-23T11:57:50+00:00,Moon ingress to Taurus,medium,astrology,swisseph,Moon: Aries -> Taurus
2022-06-25T23:13:14+00:00,Moon ingress to Gemini,medium,astrology,swisseph,Moon: Taurus -> Gemini
2022-06-28T11:53:23+00:00,Moon ingress to Cancer,medium,astrology,swisseph,Moon: Gemini -> Cancer
2022-07-01T00:39:33+00:00,Moon ingress to Leo,medium,astrology,swisseph,Moon: Cancer -> Leo
2022-07-03T12:31:17+00:00,Moon ingress to Virgo,medium,astrology,swisseph,Moon: Leo -> Virgo
2022-07-05T06:04:00+00:00,Mars ingress to Taurus,medium,astrology,swisseph,Mars: Aries -> Taurus
2022-07-05T06:25:02+00:00,Mercury ingress to Cancer,low,astrology,swisseph,Mercury: Gemini -> Cancer
2022-07-05T22:24:44+00:00,Moon ingress to Libra,medium,astrology,swisseph,Moon: Virgo -> Libra
2022-07-08T05:15:00+00:00,Moon ingress to Scorpio,medium,astrology,swisseph,Moon: Libra -> Scorpio
2022-07-10T08:34:13+00:00,Moon ingress to Sagittarius,medium,astrology,swisseph,Moon: Scorpio -> Sagittarius
2022-07-12T09:01:08+00:00,Moon ingress to Capricorn,medium,astrology,swisseph,Moon: Sagittarius -> Capricorn
2022-07-14T08:13:18+00:00,Moon ingress to Aquarius,medium,astrology,swisseph,Moon: Capricorn -> Aquarius
2022-07-16T08:18:02+00:00,Moon ingress to Pisces,medium,astrology,swisseph,Moon: Aquarius -> Pisces
2022-07-18T01:32:12+00:00,Venus ingress to Cancer,low,astrology,swisseph,Venus: Gemini -> Cancer
2022-07-18T11:17:23+00:00,Moon ingress to Aries,medium,astrology,swisseph,Moon: Pisces -> Aries
2022-07-19T12:34:52+00:00,Mercury ingress to Leo,low,astrology,swisseph,Mercury: Cancer -> Leo
2022-07-20T18:22:40+00:00,Moon ingress to Taurus,medium,astrology,swisseph,Moon: Aries -> Taurus
2022-07-22T20:06:59+00:00,Sun ingress to Leo,high,astrology,swisseph,Sun: Cancer -> Leo
2022-07-23T05:10:41+00:00,Moon ingress to Gemini,medium,astrology,swisseph,Moon: Taurus -> Gemini
2022-07-25T17:53:45+00:00,Moon ingress to Cancer,medium,astrology,swisseph,Moon: Gemini -> Cancer
2022-07-28T06:35:59+00:00,Moon ingress to Leo,medium,astrology,swisseph,Moon: Cancer -> Leo
2022-07-30T18:10:35+00:00,Moon ingress to Virgo,medium,astrology,swisseph,Moon: Leo -> Virgo
2022-08-02T04:05:28+00:00,Moon ingress to Libra,medium,astrology,swisseph,Moon: Virgo -> Libra
2022-08-04T06:57:49+00:00,Mercury ingress to Virgo,low,astrology,swisseph,Mercury: Leo -> Virgo
2022-08-04T11:46:50+00:00,Moon ingress to Scorpio,medium,astrology,swisseph,Moon: Libra -> Scorpio
2022-08-06T16:38:36+00:00,Moon ingress to Sagittarius,medium,astrology,swisseph,Moon: Scorpio -> Sagittarius
2022-08-08T18:38:46+00:00,Moon ingress to Capricorn,medium,astrology,swisseph,Moon: Sagittarius -> Capricorn
2022-08-10T18:44:56+00:00,Moon ingress to Aquarius,medium,astrology,swisseph,Moon: Capricorn -> Aquarius
2022-08-11T18:30:07+00:00,Venus ingress to Leo,low,astrology,swisseph,Venus: Cancer -> Leo
2022-08-12T18:44:17+00:00,Moon ingress to Pisces,medium,astrology,swisseph,Moon: Aquarius -> Pisces
2022-08-14T20:42:44+00:00,Moon ingress to Aries,medium,astrology,swisseph,Moon: Pisces -> Aries
2022-08-17T02:22:15+00:00,Moon ingress to Taurus,medium,astrology,swisseph,Moon: Aries -> Taurus
2022-08-19T12:06:11+00:00,Moon ingress to Gemini,medium,astrology,swisseph,Moon: Taurus -> Gemini
2022-08-20T07:56:21+00:00,Mars ingress to Gemini,medium,astrology,swisseph,Mars: Taurus -> Gemini
2022-08-22T00:29:04+00:00,Moon ingress to Cancer,medium,astrology,swisseph,Moon: Gemini -> Cancer
2022-08-23T03:16:09+00:00,Sun ingress to Virgo,high,astrology,swisseph,Sun: Leo -> Virgo
2022-08-24T13:09:11+00:00,Moon ingress to Leo,medium,astrology,swisseph,Moon: Cancer -> Leo
2022-08-26T01:02:42+00:00,Mercury ingress to Libra,low,astrology,swisseph,Mercury: Virgo -> Libra
2022-08-27T00:24:42+00:00,Moon ingress to Virgo,medium,astrology,swisseph,Moon: Leo -> Virgo
2022-08-29T09:44:50+00:00,Moon ingress to Libra,medium,astrology,swisseph,Moon: Virgo -> Libra
2022-08-31T17:11:08+00:00,Moon ingress to Scorpio,medium,astrology,swisseph,Moon: Libra -> Scorpio
2022-09-02T22:39:25+00:00,Moon ingress to Sagittarius,medium,astrology,swisseph,Moon: Scorpio -> Sagittarius
2022-09-05T02:02:32+00:00,Moon ingress to Capricorn,medium,astrology,swisseph,Moon: Sagittarius -> Capricorn
2022-09-05T04:05:05+00:00,Venus ingress to Virgo,low,astrology,swisseph,Venus: Leo -> Virgo
2022-09-07T03:41:13+00:00,Moon ingress to Aquarius,medium,astrology,swisseph,Moon: Capricorn -> Aquarius
2022-09-09T04:42:16+00:00,Moon ingress to Pisces,medium,astrology,swisseph,Moon: Aquarius -> Pisces
2022-09-11T06:47:04+00:00,Moon ingress to Aries,medium,astrology,swisseph,Moon: Pisces -> Aries
2022-09-13T11:39:12+00:00,Moon ingress to Taurus,medium,astrology,swisseph,Moon: Aries -> Taurus
2022-09-15T20:16:03+00:00,Moon ingress to Gemini,medium,astrology,swisseph,Moon: Taurus -> Gemini
2022-09-18T07:59:14+00:00,Moon ingress to Cancer,medium,astrology,swisseph,Moon: Gemini -> Cancer
2022-09-20T20:37:41+00:00,Moon ingress to Leo,medium,astrology,swisseph,Moon: Cancer -> Leo
2022-09-23T01:03:42+00:00,Sun ingress to Libra,high,astrology,swisseph,Sun: Virgo -> Libra
2022-09-23T07:53:23+00:00,Moon ingress to Virgo,medium,astrology,swisseph,Moon: Leo -> Virgo
2022-09-23T12:04:25+00:00,Mercury ingress to Virgo,low,astrology,swisseph,Mercury: Libra -> Virgo
2022-09-25T16:42:45+00:00,Moon ingress to Libra,medium,astrology,swisseph,Moon: Virgo -> Libra
2022-09-27T23:14:35+00:00,Moon ingress to Scorpio,medium,astrology,swisseph,Moon: Libra -> Scorpio
2022-09-29T07:49:09+00:00,Venus ingress to Libra,low,astrology,swisseph,Venus: Virgo -> Libra
2022-09-30T04:03:22+00:00,Moon ingress to Sagittarius,medium,astrology,swisseph,Moon: Scorpio -> Sagittarius
2022-10-02T07:37:38+00:00,Moon ingress to Capricorn,medium,astrology,swisseph,Moon: Sagittarius -> Capricorn
2022-10-04T10:20:22+00:00,Moon ingress to Aquarius,medium,astrology,swisseph,Moon: Capricorn -> Aquarius
2022-10-06T12:46:58+00:00,Moon ingress to Pisces,medium,astrology,swisseph,Moon: Aquarius -> Pisces
2022-10-08T15:56:36+00:00,Moon ingress to Aries,medium,astrology,swisseph,Moon: Pisces -> Aries
2022-10-10T21:03:37+00:00,Moon ingress to Taurus,medium,astrology,swisseph,Moon: Aries -> Taurus
2022-10-10T23:50:47+00:00,Mercury ingress to Libra,low,astrology,swisseph,Mercury: Virgo -> Libra
2022-10-13T05:07:52+00:00,Moon ingress to Gemini,medium,astrology,swisseph,Moon: Taurus -> Gemini
2022-10-15T16:10:49+00:00,Moon ingress to Cancer,medium,astrology,swisseph,Moon: Gemini -> Cancer
2022-10-18T04:44:35+00:00,Moon ingress to Leo,medium,astrology,swisseph,Moon: Cancer -> Leo
2022-10-20T16:25:27+00:00,Moon ingress to Virgo,medium,astrology,swisseph,Moon: Leo -> Virgo
2022-10-23T01:24:02+00:00,Moon ingress to Libra,medium,astrology,swisseph,Moon: Virgo -> Libra
2022-10-23T07:51:56+00:00,Venus ingress to Scorpio,low,astrology,swisseph,Venus: Libra -> Scorpio
2022-10-23T10:35:43+00:00,Sun ingress to Scorpio,high,astrology,swisseph,Sun: Libra -> Scorpio
2022-10-25T07:18:31+00:00,Moon ingress to Scorpio,medium,astrology,swisseph,Moon: Libra -> Scorpio
2022-10-27T10:54:32+00:00,Moon ingress to Sagittarius,medium,astrology,swisseph,Moon: Scorpio -> Sagittarius
2022-10-28T05:10:24+00:00,Jupiter ingress to Pisces,medium,astrology,swisseph,Jupiter: Aries -> Pisces
2022-10-29T13:21:20+00:00,Moon ingress to Capricorn,medium,astrology,swisseph,Moon: Sagittarius -> Capricorn
2022-10-29T19:22:11+00:00,Mercury ingress to Scorpio,low,astrology,swisseph,Mercury: Libra -> Scorpio
2022-10-31T15:42:42+00:00,Moon ingress to Aquarius,medium,astrology,swisseph,Moon: Capricorn -> Aquarius
2022-11-02T18:46:22+00:00,Moon ingress to Pisces,medium,astrology,swisseph,Moon: Aquarius -> Pisces
2022-11-04T23:06:57+00:00,Moon ingress to Aries,medium,astrology,swisseph,Moon: Pisces -> Aries
2022-11-07T05:14:39+00:00,Moon ingress to Taurus,medium,astrology,swisseph,Moon: Aries -> Taurus
2022-11-09T13:36:56+00:00,Moon ingress to Gemini,medium,astrology,swisseph,Moon: Taurus -> Gemini
2022-11-12T00:22:17+00:00,Moon ingress to Cancer,medium,astrology,swisseph,Moon: Gemini -> Cancer
2022-11-14T12:47:45+00:00,Moon ingress to Leo,medium,astrology,swisseph,Moon: Cancer -> Leo
2022-11-16T06:08:33+00:00,Venus ingress to Sagittarius,low,astrology,swisseph,Venus: Scorpio -> Sagittarius
2022-11-17T01:03:32+00:00,Moon ingress to Virgo,medium,astrology,swisseph,Moon: Leo -> Virgo
2022-11-17T08:41:51+00:00,Mercury ingress to Sagittarius,low,astrology,swisseph,Mercury: Scorpio -> Sagittarius
2022-11-19T10:57:36+00:00,Moon ingress to Libra,medium,astrology,swisseph,Moon: Virgo -> Libra
2022-11-21T17:15:52+00:00,Moon ingress to Scorpio,medium,astrology,swisseph,Moon: Libra -> Scorpio
2022-11-22T08:20:30+00:00,Sun ingress to Sagittarius,high,astrology,swisseph,Sun: Scorpio -> Sagittarius
2022-11-23T20:15:38+00:00,Moon ingress to Sagittarius,medium,astrology,swisseph,Moon: Scorpio -> Sagittarius
2022-11-25T21:18:09+00:00,Moon ingress to Capricorn,medium,astrology,swisseph,Moon: Sagittarius -> Capricorn
2022-11-27T22:06:57+00:00,Moon ingress to Aquarius,medium,astrology,swisseph,Moon: Capricorn -> Aquarius
2022-11-30T00:15:06+00:00,Moon ingress to Pisces,medium,astrology,swisseph,Moon: Aquarius -> Pisces
2022-12-02T04:40:56+00:00,Moon ingress to Aries,medium,astrology,swisseph,Moon: Pisces -> Aries
2022-12-04T11:37:55+00:00,Moon ingress to Taurus,medium,astrology,swisseph,Moon: Aries -> Taurus
2022-12-06T20:48:35+00:00,Moon ingress to Gemini,medium,astrology,swisseph,Moon: Taurus -> Gemini
2022-12-06T22:08:09+00:00,Mercury ingress to Capricorn,low,astrology,swisseph,Mercury: Sagittarius -> Capricorn
2022-12-09T07:48:46+00:00,Moon ingress to Cancer,medium,astrology,swisseph,Moon: Gemini -> Cancer
2022-12-10T03:54:09+00:00,Venus ingress to Capricorn,low,astrology,swisseph,Venus: Sagittarius -> Capricorn
2022-12-11T20:08:43+00:00,Moon ingress to Leo,medium,astrology,swisseph,Moon: Cancer -> Leo
2022-12-14T08:45:22+00:00,Moon ingress to Virgo,medium,astrology,swisseph,Moon: Leo -> Virgo
2022-12-16T19:49:08+00:00,Moon ingress to Libra,medium,astrology,swisseph,Moon: Virgo -> Libra
2022-12-19T03:30:35+00:00,Moon ingress to Scorpio,medium,astrology,swisseph,Moon: Libra -> Scorpio
2022-12-20T14:31:58+00:00,Jupiter ingress to Aries,medium,astrology,swisseph,Jupiter: Pisces -> Aries
2022-12-21T07:12:35+00:00,Moon ingress to Sagittarius,medium,astrology,swisseph,Moon: Scorpio -> Sagittarius
2022-12-21T21:48:13+00:00,Sun ingress to Capricorn,high,astrology,swisseph,Sun: Sagittarius -> Capricorn
2022-12-23T07:49:25+00:00,Moon ingress to Capricorn,medium,astrology,swisseph,Moon: Sagittarius -> Capricorn
2022-12-25T07:13:43+00:00,Moon ingress to Aquarius,medium,astrology,swisseph,Moon: Capricorn -> Aquarius
2022-12-27T07:33:46+00:00,Moon ingress to Pisces,medium,astrology,swisseph,Moon: Aquarius -> Pisces
2022-12-29T10:36:02+00:00,Moon ingress to Aries,medium,astrology,swisseph,Moon: Pisces -> Aries
2022-12-31T17:08:21+00:00,Moon ingress to Taurus,medium,astrology,swisseph,Moon: Aries -> Taurus
2023-01-03T02:09:31+00:00,Venus ingress to Aquarius,low,astrology,swisseph,Venus: Capricorn -> Aquarius
2023-01-03T02:44:08+00:00,Moon ingress to Gemini,medium,astrology,swisseph,Moon: Taurus -> Gemini
2023-01-05T14:14:45+00:00,Moon ingress to Cancer,medium,astrology,swisseph,Moon: Gemini -> Cancer
2023-01-08T02:40:01+00:00,Moon ingress to Leo,medium,astrology,swisseph,Moon: Cancer -> Leo
2023-01-10T15:15:12+00:00,Moon ingress to Virgo,medium,astrology,swisseph,Moon: Leo -> Virgo
2023-01-13T02:56:30+00:00,Moon ingress to Libra,medium,astrology,swisseph,Moon: Virgo -> Libra
2023-01-15T12:08:19+00:00,Moon ingress to Scorpio,medium,astrology,swisseph,Moon: Libra -> Scorpio
2023-01-17T17:32:58+00:00,Moon ingress to Sagittarius,medium,astrology,swisseph,Moon: Scorpio -> Sagittarius
2023-01-19T19:11:28+00:00,Moon ingress to Capricorn,medium,astrology,swisseph,Moon: Sagittarius -> Capricorn
2023-01-20T08:29:33+00:00,Sun ingress to Aquarius,high,astrology,swisseph,Sun: Capricorn -> Aquarius
2023-01-21T18:28:43+00:00,Moon ingress to Aquarius,medium,astrology,swisseph,Moon: Capricorn -> Aquarius
2023-01-23T17:35:46+00:00,Moon ingress to Pisces,medium,astrology,swisseph,Moon: Aquarius -> Pisces
2023-01-25T18:47:53+00:00,Moon ingress to Aries,medium,astrology,swisseph,Moon: Pisces -> Aries
2023-01-27T02:32:46+00:00,Venus ingress to Pisces,low,astrology,swisseph,Venus: Aquarius -> Pisces
2023-01-27T23:42:23+00:00,Moon ingress to Taurus,medium,astrology,swisseph,Moon: Aries -> Taurus
2023-01-30T08:34:40+00:00,Moon ingress to Gemini,medium,astrology,swisseph,Moon: Taurus -> Gemini
2023-02-01T20:11:21+00:00,Moon ingress to Cancer,medium,astrology,swisseph,Moon: Gemini -> Cancer
2023-02-04T08:48:26+00:00,Moon ingress to Leo,medium,astrology,swisseph,Moon: Cancer -> Leo
2023-02-06T21:14:09+00:00,Moon ingress to Virgo,medium,astrology,swisseph,Moon: Leo -> Virgo
2023-02-09T08:46:33+00:00,Moon ingress to Libra,medium,astrology,swisseph,Moon: Virgo -> Libra
2023-02-11T11:22:17+00:00,Mercury ingress to Aquarius,low,astrology,swisseph,Mercury: Capricorn -> Aquarius
2023-02-11T18:34:27+00:00,Moon ingress to Scorpio,medium,astrology,swisseph,Moon: Libra -> Scorpio
2023-02-14T01:31:08+00:00,Moon ingress to Sagittarius,medium,astrology,swisseph,Moon: Scorpio -> Sagittarius
2023-02-16T04:59:41+00:00,Moon ingress to Capricorn,medium,astrology,swisseph,Moon: Sagittarius -> Capricorn
2023-02-18T05:34:39+00:00,Moon ingress to Aquarius,medium,astrology,swisseph,Moon: Capricorn -> Aquarius
2023-02-18T22:34:18+00:00,Sun ingress to Pisces,high,astrology,swisseph,Sun: Aquarius -> Pisces
2023-02-20T04:56:00+00:00,Moon ingress to Pisces,medium,astrology,swisseph,Moon: Aquarius -> Pisces
2023-02-20T07:55:35+00:00,Venus ingress to Aries,low,astrology,swisseph,Venus: Pisces -> Aries
2023-02-22T05:13:51+00:00,Moon ingress to Aries,medium,astrology,swisseph,Moon: Pisces -> Aries
2023-02-24T08:29:04+00:00,Moon ingress to Taurus,medium,astrology,swisseph,Moon: Aries -> Taurus
2023-02-26T15:47:36+00:00,Moon ingress to Gemini,medium,astrology,swisseph,Moon: Taurus -> Gemini
2023-03-01T02:40:09+00:00,Moon ingress to Cancer,medium,astrology,swisseph,Moon: Gemini -> Cancer
2023-03-02T22:51:59+00:00,Mercury ingress to Pisces,low,astrology,swisseph,Mercury: Aquarius -> Pisces
2023-03-03T15:15:43+00:00,Moon ingress to Leo,medium,astrology,swisseph,Moon: Cancer -> Leo
2023-03-06T03:38:31+00:00,Moon ingress to Virgo,medium,astrology,swisseph,Moon: Leo -> Virgo
2023-03-07T13:35:09+00:00,Saturn ingress to Pisces,high,astrology,swisseph,Saturn: Aquarius -> Pisces
2023-03-08T14:43:58+00:00,Moon ingress to Libra,medium,astrology,swisseph,Moon: Virgo -> Libra
2023-03-11T00:05:41+00:00,Moon ingress to Scorpio,medium,astrology,swisseph,Moon: Libra -> Scorpio
2023-03-13T07:20:43+00:00,Moon ingress to Sagittarius,medium,astrology,swisseph,Moon: Scorpio -> Sagittarius
2023-03-15T12:05:39+00:00,Moon ingress to Capricorn,medium,astrology,swisseph,Moon: Sagittarius -> Capricorn
2023-03-16T22:34:09+00:00,Venus ingress to Taurus,low,astrology,swisseph,Venus: Aries -> Taurus
2023-03-17T14:24:57+00:00,Moon ingress to Aquarius,medium,astrology,swisseph,Moon: Capricorn -> Aquarius
2023-03-19T04:24:05+00:00,Mercury ingress to Aries,low,astrology,swisseph,Mercury: Pisces -> Aries
2023-03-19T15:12:00+00:00,Moon ingress to Pisces,medium,astrology,swisseph,Moon: Aquarius -> Pisces
2023-03-20T21:24:26+00:00,Sun ingress to Aries,high,astrology,swisseph,Sun: Pisces -> Aries
2023-03-21T16:01:17+00:00,Moon ingress to Aries,medium,astrology,swisseph,Moon: Pisces -> Aries
2023-03-23T12:26:27+00:00,Pluto ingress to Aquarius,high,astrology,swisseph,Pluto: Capricorn -> Aquarius
2023-03-23T18:41:54+00:00,Moon ingress to Taurus,medium,astrology,swisseph,Moon: Aries -> Taurus
2023-03-25T11:45:22+00:00,Mars ingress to Cancer,medium,astrology,swisseph,Mars: Gemini -> Cancer
2023-03-26T00:41:30+00:00,Moon ingress to Gemini,medium,astrology,swisseph,Moon: Taurus -> Gemini
2023-03-28T10:22:01+00:00,Moon ingress to Cancer,medium,astrology,swisseph,Moon: Gemini -> Cancer
2023-03-30T22:31:13+00:00,Moon ingress to Leo,medium,astrology,swisseph,Moon: Cancer -> Leo
2023-04-02T10:57:19+00:00,Moon ingress to Virgo,medium,astrology,swisseph,Moon: Leo -> Virgo
2023-04-03T16:22:12+00:00,Mercury ingress to Taurus,low,astrology,swisseph,Mercury: Aries -> Taurus
2023-04-04T21:51:04+00:00,Moon ingress to Libra,medium,astrology,swisseph,Moon: Virgo -> Libra
2023-04-07T06:29:16+00:00,Moon ingress to Scorpio,medium,astrology,swisseph,Moon: Libra -> Scorpio
2023-04-09T12:56:36+00:00,Moon ingress to Sagittarius,medium,astrology,swisseph,Moon: Scorpio -> Sagittarius
2023-04-11T04:47:11+00:00,Venus ingress to Gemini,low,astrology,swisseph,Venus: Taurus -> Gemini
2023-04-11T17:33:06+00:00,Moon ingress to Capricorn,medium,astrology,swisseph,Moon: Sagittarius -> Capricorn
2023-04-13T20:42:07+00:00,Moon ingress to Aquarius,medium,astrology,swisseph,Moon: Capricorn -> Aquarius
2023-04-15T22:56:45+00:00,Moon ingress to Pisces,medium,astrology,swisseph,Moon: Aquarius -> Pisces
2023-04-18T01:09:14+00:00,Moon ingress to Aries,medium,astrology,swisseph,Moon: Pisces -> Aries
2023-04-20T04:29:39+00:00,Moon ingress to Taurus,medium,astrology,swisseph,Moon: Aries -> Taurus
2023-04-20T08:13:38+00:00,Sun ingress to Taurus,high,astrology,swisseph,Sun: Aries -> Taurus
2023-04-22T10:10:56+00:00,Moon ingress to Gemini,medium,astrology,swisseph,Moon: Taurus -> Gemini
2023-04-24T18:58:27+00:00,Moon ingress to Cancer,medium,astrology,swisseph,Moon: Gemini -> Cancer
2023-04-27T06:29:47+00:00,Moon ingress to Leo,medium,astrology,swisseph,Moon: Cancer -> Leo
2023-04-29T18:59:11+00:00,Moon ingress to Virgo,medium,astrology,swisseph,Moon: Leo -> Virgo
2023-05-02T06:09:00+00:00,Moon ingress to Libra,medium,astrology,swisseph,Moon: Virgo -> Libra
2023-05-04T14:32:18+00:00,Moon ingress to Scorpio,medium,astrology,swisseph,Moon: Libra -> Scorpio
2023-05-06T20:03:51+00:00,Moon ingress to Sagittarius,medium,astrology,swisseph,Moon: Scorpio -> Sagittarius
2023-05-07T14:24:39+00:00,Venus ingress to Cancer,low,astrology,swisseph,Venus: Gemini -> Cancer
2023-05-08T23:32:54+00:00,Moon ingress to Capricorn,medium,astrology,swisseph,Moon: Sagittarius -> Capricorn
2023-05-11T02:05:21+00:00,Moon ingress to Aquarius,medium,astrology,swisseph,Moon: Capricorn -> Aquarius
2023-05-13T04:38:59+00:00,Moon ingress to Pisces,medium,astrology,swisseph,Moon: Aquarius -> Pisces
2023-05-15T07:55:39+00:00,Moon ingress to Aries,medium,astrology,swisseph,Moon: Pisces -> Aries
2023-05-16T17:20:05+00:00,Jupiter ingress to Taurus,medium,astrology,swisseph,Jupiter: Aries -> Taurus
2023-05-17T12:27:31+00:00,Moon ingress to Taurus,medium,astrology,swisseph,Moon: Aries -> Taurus
2023-05-19T18:47:45+00:00,Moon ingress to Gemini,medium,astrology,swisseph,Moon: Taurus -> Gemini
2023-05-20T15:31:28+00:00,Mars ingress to Leo,medium,astrology,swisseph,Mars: Cancer -> Leo
2023-05-21T07:09:12+00:00,Sun ingress to Gemini,high,astrology,swisseph,Sun: Taurus -> Gemini
2023-05-22T03:28:32+00:00,Moon ingress to Cancer,medium,astrology,swisseph,Moon: Gemini -> Cancer
2023-05-24T14:34:45+00:00,Moon ingress to Leo,medium,astrology,swisseph,Moon: Cancer -> Leo
2023-05-27T03:05:05+00:00,Moon ingress to Virgo,medium,astrology,swisseph,Moon: Leo -> Virgo
2023-05-29T14:50:39+00:00,Moon ingress to Libra,medium,astrology,swisseph,Moon: Virgo -> Libra
2023-05-31T23:45:05+00:00,Moon ingress to Scorpio,medium,astrology,swisseph,Moon: Libra -> Scorpio
2023-06-03T05:03:25+00:00,Moon ingress to Sagittarius,medium,astrology,swisseph,Moon: Scorpio -> Sagittarius
2023-06-05T07:30:55+00:00,Moon ingress to Capricorn,medium,astrology,swisseph,Moon: Sagittarius -> Capricorn
2023-06-05T13:46:29+00:00,Venus ingress to Leo,low,astrology,swisseph,Venus: Cancer -> Leo
2023-06-07T08:41:33+00:00,Moon ingress to Aquarius,medium,astrology,swisseph,Moon: Capricorn -> Aquarius
2023-06-09T10:14:02+00:00,Moon ingress to Pisces,medium,astrology,swisseph,Moon: Aquarius -> Pisces
2023-06-11T09:31:47+00:00,Pluto ingress to Capricorn,high,astrology,swisseph,Pluto: Aquarius -> Capricorn
2023-06-11T10:26:38+00:00,Mercury ingress to Gemini,low,astrology,swisseph,Mercury: Taurus -> Gemini
2023-06-11T13:20:24+00:00,Moon ingress to Aries,medium,astrology,swisseph,Moon: Pisces -> Aries
2023-06-13T18:31:12+00:00,Moon ingress to Taurus,medium,astrology,swisseph,Moon: Aries -> Taurus
2023-06-16T01:45:36+00:00,Moon ingress to Gemini,medium,astrology,swisseph,Moon: Taurus -> Gemini
2023-06-18T10:57:39+00:00,Moon ingress to Cancer,medium,astrology,swisseph,Moon: Gemini -> Cancer
2023-06-20T22:04:11+00:00,Moon ingress to Leo,medium,astrology,swisseph,Moon: Cancer -> Leo
2023-06-21T14:57:51+00:00,Sun ingress to Cancer,high,astrology,swisseph,Sun: Gemini -> Cancer
2023-06-23T10:35:05+00:00,Moon ingress to Virgo,medium,astrology,swisseph,Moon: Leo -> Virgo
2023-06-25T22:57:10+00:00,Moon ingress to Libra,medium,astrology,swisseph,Moon: Virgo -> Libra
2023-06-27T00:23:45+00:00,Mercury ingress to Cancer,low,astrology,swisseph,Mercury: Gemini -> Cancer
2023-06-28T08:55:28+00:00,Moon ingress to Scorpio,medium,astrology,swisseph,Moon: Libra -> Scorpio
2023-06-30T14:59:26+00:00,Moon ingress to Sagittarius,medium,astrology,swisseph,Moon: Scorpio -> Sagittarius
2023-07-02T17:20:07+00:00,Moon ingress to Capricorn,medium,astrology,swisseph,Moon: Sagittarius -> Capricorn
2023-07-04T17:29:59+00:00,Moon ingress to Aquarius,medium,astrology,swisseph,Moon: Capricorn -> Aquarius
2023-07-06T17:32:29+00:00,Moon ingress to Pisces,medium,astrology,swisseph,Moon: Aquarius -> Pisces
2023-07-08T19:18:59+00:00,Moon ingress to Aries,medium,astrology,swisseph,Moon: Pisces -> Aries
2023-07-10T11:40:11+00:00,Mars ingress to Virgo,medium,astrology,swisseph,Mars: Leo -> Virgo
2023-07-10T23:55:27+00:00,Moon ingress to Taurus,medium,astrology,swisseph,Moon: Aries -> Taurus
2023-07-11T04:11:06+00:00,Mercury ingress to Leo,low,astrology,swisseph,Mercury: Cancer -> Leo
2023-07-13T07:25:58+00:00,Moon ingress to Gemini,medium,astrology,swisseph,Moon: Taurus -> Gemini
2023-07-15T17:13:26+00:00,Moon ingress to Cancer,medium,astrology,swisseph,Moon: Gemini -> Cancer
2023-07-18T04:39:30+00:00,Moon ingress to Leo,medium,astrology,swisseph,Moon: Cancer -> Leo
2023-07-20T17:12:40+00:00,Moon ingress to Virgo,medium,astrology,swisseph,Moon: Leo -> Virgo
2023-07-23T01:50:28+00:00,Sun ingress to Leo,high,astrology,swisseph,Sun: Cancer -> Leo
2023-07-23T05:54:13+00:00,Moon ingress to Libra,medium,astrology,swisseph,Moon: Virgo -> Libra
2023-07-25T16:55:22+00:00,Moon ingress to Scorpio,medium,astrology,swisseph,Moon: Libra -> Scorpio
2023-07-28T00:23:59+00:00,Moon ingress to Sagittarius,medium,astrology,swisseph,Moon: Scorpio -> Sagittarius
2023-07-28T21:31:14+00:00,Mercury ingress to Virgo,low,astrology,swisseph,Mercury: Leo -> Virgo
2023-07-30T03:44:09+00:00,Moon ingress to Capricorn,medium,astrology,swisseph,Moon: Sagittarius -> Capricorn
2023-08-01T03:57:47+00:00,Moon ingress to Aquarius,medium,astrology,swisseph,Moon: Capricorn -> Aquarius
2023-08-03T03:05:28+00:00,Moon ingress to Pisces,medium,astrology,swisseph,Moon: Aquarius -> Pisces
2023-08-05T03:19:18+00:00,Moon ingress to Aries,medium,astrology,swisseph,Moon: Pisces -> Aries
2023-08-07T06:24:28+00:00,Moon ingress to Taurus,medium,astrology,swisseph,Moon: Aries -> Taurus
2023-08-09T13:05:01+00:00,Moon ingress to Gemini,medium,astrology,swisseph,Moon: Taurus -> Gemini
2023-08-11T22:52:03+00:00,Moon ingress to Cancer,medium,astrology,swisseph,Moon: Gemini -> Cancer
2023-08-14T10:36:15+00:00,Moon ingress to Leo,medium,astrology,swisseph,Moon: Cancer -> Leo
2023-08-16T23:14:16+00:00,Moon ingress to Virgo,medium,astrology,swisseph,Moon: Leo -> Virgo
2023-08-19T11:53:23+00:00,Moon ingress to Libra,medium,astrology,swisseph,Moon: Virgo -> Libra
2023-08-21T23:22:11+00:00,Moon ingress to Scorpio,medium,astrology,swisseph,Moon: Libra -> Scorpio
2023-08-23T09:01:19+00:00,Sun ingress to Virgo,high,astrology,swisseph,Sun: Leo -> Virgo
2023-08-24T08:07:23+00:00,Moon ingress to Sagittarius,medium,astrology,swisseph,Moon: Scorpio -> Sagittarius
2023-08-26T13:05:16+00:00,Moon ingress to Capricorn,medium,astrology,swisseph,Moon: Sagittarius -> Capricorn
2023-08-27T13:20:00+00:00,Mars ingress to Libra,medium,astrology,swisseph,Mars: Virgo -> Libra
2023-08-28T14:31:40+00:00,Moon ingress to Aquarius,medium,astrology,swisseph,Moon: Capricorn -> Aquarius
2023-08-30T13:56:27+00:00,Moon ingress to Pisces,medium,astrology,swisseph,Moon: Aquarius -> Pisces
2023-09-01T13:24:49+00:00,Moon ingress to Aries,medium,astrology,swisseph,Moon: Pisces -> Aries
2023-09-03T14:59:44+00:00,Moon ingress to Taurus,medium,astrology,swisseph,Moon: Aries -> Taurus
2023-09-05T20:06:37+00:00,Moon ingress to Gemini,medium,astrology,swisseph,Moon: Taurus -> Gemini
2023-09-08T04:59:44+00:00,Moon ingress to Cancer,medium,astrology,swisseph,Moon: Gemini -> Cancer
2023-09-10T16:36:07+00:00,Moon ingress to Leo,medium,astrology,swisseph,Moon: Cancer -> Leo
2023-09-13T05:18:04+00:00,Moon ingress to Virgo,medium,astrology,swisseph,Moon: Leo -> Virgo
2023-09-15T17:44:32+00:00,Moon ingress to Libra,medium,astrology,swisseph,Moon: Virgo -> Libra
2023-09-18T04:58:12+00:00,Moon ingress to Scorpio,medium,astrology,swisseph,Moon: Libra -> Scorpio
2023-09-20T14:05:58+00:00,Moon ingress to Sagittarius,medium,astrology,swisseph,Moon: Scorpio -> Sagittarius
2023-09-22T20:20:19+00:00,Moon ingress to Capricorn,medium,astrology,swisseph,Moon: Sagittarius -> Capricorn
2023-09-23T06:49:59+00:00,Sun ingress to Libra,high,astrology,swisseph,Sun: Virgo -> Libra
2023-09-24T23:29:28+00:00,Moon ingress to Aquarius,medium,astrology,swisseph,Moon: Capricorn -> Aquarius
2023-09-27T00:18:08+00:00,Moon ingress to Pisces,medium,astrology,swisseph,Moon: Aquarius -> Pisces
2023-09-29T00:17:16+00:00,Moon ingress to Aries,medium,astrology,swisseph,Moon: Pisces -> Aries
2023-10-01T01:18:03+00:00,Moon ingress to Taurus,medium,astrology,swisseph,Moon: Aries -> Taurus
2023-10-03T05:03:09+00:00,Moon ingress to Gemini,medium,astrology,swisseph,Moon: Taurus -> Gemini
2023-10-05T00:08:36+00:00,Mercury ingress to Libra,low,astrology,swisseph,Mercury: Virgo -> Libra
2023-10-05T12:31:49+00:00,Moon ingress to Cancer,medium,astrology,swisseph,Moon: Gemini -> Cancer
2023-10-07T23:24:29+00:00,Moon ingress to Leo,medium,astrology,swisseph,Moon: Cancer -> Leo
2023-10-09T01:10:42+00:00,Venus ingress to Virgo,low,astrology,swisseph,Venus: Leo -> Virgo
2023-10-10T12:01:47+00:00,Moon ingress to Virgo,medium,astrology,swisseph,Moon: Leo -> Virgo
2023-10-12T04:04:02+00:00,Mars ingress to Scorpio,medium,astrology,swisseph,Mars: Libra -> Scorpio
2023-10-13T00:22:08+00:00,Moon ingress to Libra,medium,astrology,swisseph,Moon: Virgo -> Libra
2023-10-15T11:04:05+00:00,Moon ingress to Scorpio,medium,astrology,swisseph,Moon: Libra -> Scorpio
2023-10-17T19:36:25+00:00,Moon ingress to Sagittarius,medium,astrology,swisseph,Moon: Scorpio -> Sagittarius
2023-10-20T01:54:43+00:00,Moon ingress to Capricorn,medium,astrology,swisseph,Moon: Sagittarius -> Capricorn
2023-10-22T06:06:07+00:00,Moon ingress to Aquarius,medium,astrology,swisseph,Moon: Capricorn -> Aquarius
2023-10-22T06:48:48+00:00,Mercury ingress to Scorpio,low,astrology,swisseph,Mercury: Libra -> Scorpio
2023-10-23T16:20:51+00:00,Sun ingress to Scorpio,high,astrology,swisseph,Sun: Libra -> Scorpio
2023-10-24T08:32:52+00:00,Moon ingress to Pisces,medium,astrology,swisseph,Moon: Aquarius -> Pisces
2023-10-26T10:01:33+00:00,Moon ingress to Aries,medium,astrology,swisseph,Moon: Pisces -> Aries
2023-10-28T11:44:12+00:00,Moon ingress to Taurus,medium,astrology,swisseph,Moon: Aries -> Taurus
2023-10-30T15:07:45+00:00,Moon ingress to Gemini,medium,astrology,swisseph,Moon: Taurus -> Gemini
2023-11-01T21:30:21+00:00,Moon ingress to Cancer,medium,astrology,swisseph,Moon: Gemini -> Cancer
2023-11-04T07:21:00+00:00,Moon ingress to Leo,medium,astrology,swisseph,Moon: Cancer -> Leo
2023-11-06T19:39:06+00:00,Moon ingress to Virgo,medium,astrology,swisseph,Moon: Leo -> Virgo
2023-11-08T09:30:29+00:00,Venus ingress to Libra,low,astrology,swisseph,Venus: Virgo -> Libra
2023-11-09T08:07:55+00:00,Moon ingress to Libra,medium,astrology,swisseph,Moon: Virgo -> Libra
2023-11-10T06:24:59+00:00,Mercury ingress to Sagittarius,low,astrology,swisseph,Mercury: Scorpio -> Sagittarius
2023-11-11T18:39:14+00:00,Moon ingress to Scorpio,medium,astrology,swisseph,Moon: Libra -> Scorpio
2023-11-14T02:22:53+00:00,Moon ingress to Sagittarius,medium,astrology,swisseph,Moon: Scorpio -> Sagittarius
2023-11-16T07:41:29+00:00,Moon ingress to Capricorn,medium,astrology,swisseph,Moon: Sagittarius -> Capricorn
2023-11-18T11:27:30+00:00,Moon ingress to Aquarius,medium,astrology,swisseph,Moon: Capricorn -> Aquarius
2023-11-20T14:29:03+00:00,Moon ingress to Pisces,medium,astrology,swisseph,Moon: Aquarius -> Pisces
2023-11-22T14:02:43+00:00,Sun ingress to Sagittarius,high,astrology,swisseph,Sun: Scorpio -> Sagittarius
2023-11-22T17:19:29+00:00,Moon ingress to Aries,medium,astrology,swisseph,Moon: Pisces -> Aries
2023-11-24T10:15:01+00:00,Mars ingress to Sagittarius,medium,astrology,swisseph,Mars: Scorpio -> Sagittarius
2023-11-24T20:28:35+00:00,Moon ingress to Taurus,medium,astrology,swisseph,Moon: Aries -> Taurus
2023-11-27T00:39:56+00:00,Moon ingress to Gemini,medium,astrology,swisseph,Moon: Taurus -> Gemini
2023-11-29T06:53:39+00:00,Moon ingress to Cancer,medium,astrology,swisseph,Moon: Gemini -> Cancer
2023-12-01T14:31:31+00:00,Mercury ingress to Capricorn,low,astrology,swisseph,Mercury: Sagittarius -> Capricorn
2023-12-01T16:00:30+00:00,Moon ingress to Leo,medium,astrology,swisseph,Moon: Cancer -> Leo
2023-12-04T03:50:15+00:00,Moon ingress to Virgo,medium,astrology,swisseph,Moon: Leo -> Virgo
2023-12-04T18:50:45+00:00,Venus ingress to Scorpio,low,astrology,swisseph,Venus: Libra -> Scorpio
2023-12-06T16:34:36+00:00,Moon ingress to Libra,medium,astrology,swisseph,Moon: Virgo -> Libra
2023-12-09T03:34:49+00:00,Moon ingress to Scorpio,medium,astrology,swisseph,Moon: Libra -> Scorpio
2023-12-11T11:10:57+00:00,Moon ingress to Sagittarius,medium,astrology,swisseph,Moon: Scorpio -> Sagittarius
2023-12-13T15:31:26+00:00,Moon ingress to Capricorn,medium,astrology,swisseph,Moon: Sagittarius -> Capricorn
2023-12-15T17:55:55+00:00,Moon ingress to Aquarius,medium,astrology,swisseph,Moon: Capricorn -> Aquarius
2023-12-17T19:58:16+00:00,Moon ingress to Pisces,medium,astrology,swisseph,Moon: Aquarius -> Pisces
2023-12-19T22:46:41+00:00,Moon ingress to Aries,medium,astrology,swisseph,Moon: Pisces -> Aries
2023-12-22T02:50:05+00:00,Moon ingress to Taurus,medium,astrology,swisseph,Moon: Aries -> Taurus
2023-12-22T03:27:23+00:00,Sun ingress to Capricorn,high,astrology,swisseph,Sun: Sagittarius -> Capricorn
2023-12-23T06:17:27+00:00,Mercury ingress to Sagittarius,low,astrology,swisseph,Mercury: Capricorn -> Sagittarius
2023-12-24T08:14:44+00:00,Moon ingress to Gemini,medium,astrology,swisseph,Moon: Taurus -> Gemini
2023-12-26T15:15:11+00:00,Moon ingress to Cancer,medium,astrology,swisseph,Moon: Gemini -> Cancer
2023-12-29T00:23:06+00:00,Moon ingress to Leo,medium,astrology,swisseph,Moon: Cancer -> Leo
2023-12-29T20:23:40+00:00,Venus ingress to Sagittarius,low,astrology,swisseph,Venus: Scorpio -> Sagittarius
2023-12-31T11:53:17+00:00,Moon ingress to Virgo,medium,astrology,swisseph,Moon: Leo -> Virgo
2024-01-03T00:46:50+00:00,Moon ingress to Libra,medium,astrology,swisseph,Moon: Virgo -> Libra
2024-01-04T14:58:05+00:00,Mars ingress to Capricorn,medium,astrology,swisseph,Mars: Sagittarius -> Capricorn
2024-01-05T12:39:28+00:00,Moon ingress to Scorpio,medium,astrology,swisseph,Moon: Libra -> Scorpio
2024-01-07T21:08:26+00:00,Moon ingress to Sagittarius,medium,astrology,swisseph,Moon: Scorpio -> Sagittarius
2024-01-10T01:33:20+00:00,Moon ingress to Capricorn,medium,astrology,swisseph,Moon: Sagittarius -> Capricorn
2024-01-12T03:01:20+00:00,Moon ingress to Aquarius,medium,astrology,swisseph,Moon: Capricorn -> Aquarius
2024-01-14T02:49:28+00:00,Mercury ingress to Capricorn,low,astrology,swisseph,Mercury: Sagittarius -> Capricorn
2024-01-14T03:29:02+00:00,Moon ingress to Pisces,medium,astrology,swisseph,Moon: Aquarius -> Pisces
2024-01-16T04:48:32+00:00,Moon ingress to Aries,medium,astrology,swisseph,Moon: Pisces -> Aries
2024-01-18T08:11:56+00:00,Moon ingress to Taurus,medium,astrology,swisseph,Moon: Aries -> Taurus
2024-01-20T13:57:55+00:00,Moon ingress to Gemini,medium,astrology,swisseph,Moon: Taurus -> Gemini
2024-01-20T14:07:21+00:00,Sun ingress to Aquarius,high,astrology,swisseph,Sun: Capricorn -> Aquarius
2024-01-21T00:58:23+00:00,Pluto ingress to Aquarius,high,astrology,swisseph,Pluto: Capricorn -> Aquarius
2024-01-22T21:50:51+00:00,Moon ingress to Cancer,medium,astrology,swisseph,Moon: Gemini -> Cancer
2024-01-23T08:50:14+00:00,Venus ingress to Capricorn,low,astrology,swisseph,Venus: Sagittarius -> Capricorn
2024-01-25T07:36:39+00:00,Moon ingress to Leo,medium,astrology,swisseph,Moon: Cancer -> Leo
2024-01-27T19:11:16+00:00,Moon ingress to Virgo,medium,astrology,swisseph,Moon: Leo -> Virgo
2024-01-30T08:04:12+00:00,Moon ingress to Libra,medium,astrology,swisseph,Moon: Virgo -> Libra
2024-02-01T20:36:54+00:00,Moon ingress to Scorpio,medium,astrology,swisseph,Moon: Libra -> Scorpio
2024-02-04T06:28:02+00:00,Moon ingress to Sagittarius,medium,astrology,swisseph,Moon: Scorpio -> Sagittarius
2024-02-05T05:10:03+00:00,Mercury ingress to Aquarius,low,astrology,swisseph,Mercury: Capricorn -> Aquarius
2024-02-06T12:08:37+00:00,Moon ingress to Capricorn,medium,astrology,swisseph,Moon: Sagittarius -> Capricorn
2024-02-08T13:59:23+00:00,Moon ingress to Aquarius,medium,astrology,swisseph,Moon: Capricorn -> Aquarius
2024-02-10T13:42:25+00:00,Moon ingress to Pisces,medium,astrology,swisseph,Moon: Aquarius -> Pisces
2024-02-12T13:25:48+00:00,Moon ingress to Aries,medium,astrology,swisseph,Moon: Pisces -> Aries
2024-02-13T06:05:06+00:00,Mars ingress to Aquarius,medium,astrology,swisseph,Mars: Capricorn -> Aquarius
2024-02-14T15:02:15+00:00,Moon ingress to Taurus,medium,astrology,swisseph,Moon: Aries -> Taurus
2024-02-16T16:05:12+00:00,Venus ingress to Aquarius,low,astrology,swisseph,Venus: Capricorn -> Aquarius
2024-02-16T19:39:26+00:00,Moon ingress to Gemini,medium,astrology,swisseph,Moon: Taurus -> Gemini
2024-02-19T03:24:49+00:00,Moon ingress to Cancer,medium,astrology,swisseph,Moon: Gemini -> Cancer
2024-02-19T04:13:11+00:00,Sun ingress to Pisces,high,astrology,swisseph,Sun: Aquarius -> Pisces
2024-02-21T13:40:26+00:00,Moon ingress to Leo,medium,astrology,swisseph,Moon: Cancer -> Leo
2024-02-23T07:28:53+00:00,Mercury ingress to Pisces,low,astrology,swisseph,Mercury: Aquarius -> Pisces
2024-02-24T01:37:34+00:00,Moon ingress to Virgo,medium,astrology,swisseph,Moon: Leo -> Virgo
2024-02-26T14:29:23+00:00,Moon ingress to Libra,medium,astrology,swisseph,Moon: Virgo -> Libra
2024-02-29T03:09:07+00:00,Moon ingress to Scorpio,medium,astrology,swisseph,Moon: Libra -> Scorpio
2024-03-02T13:56:10+00:00,Moon ingress to Sagittarius,medium,astrology,swisseph,Moon: Scorpio -> Sagittarius
2024-03-04T21:15:04+00:00,Moon ingress to Capricorn,medium,astrology,swisseph,Moon: Sagittarius -> Capricorn
2024-03-07T00:38:26+00:00,Moon ingress to Aquarius,medium,astrology,swisseph,Moon: Capricorn -> Aquarius
2024-03-09T01:03:24+00:00,Moon ingress to Pisces,medium,astrology,swisseph,Moon: Aquarius -> Pisces
2024-03-10T04:02:56+00:00,Mercury ingress to Aries,low,astrology,swisseph,Mercury: Pisces -> Aries
2024-03-11T00:19:16+00:00,Moon ingress to Aries,medium,astrology,swisseph,Moon: Pisces -> Aries
2024-03-11T21:50:29+00:00,Venus ingress to Pisces,low,astrology,swisseph,Venus: Aquarius -> Pisces
2024-03-13T00:28:17+00:00,Moon ingress to Taurus,medium,astrology,swisseph,Moon: Aries -> Taurus
2024-03-15T03:15:38+00:00,Moon ingress to Gemini,medium,astrology,swisseph,Moon: Taurus -> Gemini
2024-03-17T09:40:27+00:00,Moon ingress to Cancer,medium,astrology,swisseph,Moon: Gemini -> Cancer
2024-03-19T19:32:43+00:00,Moon ingress to Leo,medium,astrology,swisseph,Moon: Cancer -> Leo
2024-03-20T03:06:24+00:00,Sun ingress to Aries,high,astrology,swisseph,Sun: Pisces -> Aries
2024-03-22T07:41:42+00:00,Moon ingress to Virgo,medium,astrology,swisseph,Moon: Leo -> Virgo
2024-03-22T23:47:18+00:00,Mars ingress to Pisces,medium,astrology,swisseph,Mars: Aquarius -> Pisces
2024-03-24T20:37:30+00:00,Moon ingress to Libra,medium,astrology,swisseph,Moon: Virgo -> Libra
2024-03-27T09:02:44+00:00,Moon ingress to Scorpio,medium,astrology,swisseph,Moon: Libra -> Scorpio
2024-03-29T19:51:43+00:00,Moon ingress to Sagittarius,medium,astrology,swisseph,Moon: Scorpio -> Sagittarius
2024-04-01T04:05:12+00:00,Moon ingress to Capricorn,medium,astrology,swisseph,Moon: Sagittarius -> Capricorn
2024-04-03T09:07:47+00:00,Moon ingress to Aquarius,medium,astrology,swisseph,Moon: Capricorn -> Aquarius
2024-04-05T04:00:10+00:00,Venus ingress to Aries,low,astrology,swisseph,Venus: Pisces -> Aries
2024-04-05T11:12:40+00:00,Moon ingress to Pisces,medium,astrology,swisseph,Moon: Aquarius -> Pisces
2024-04-07T11:24:49+00:00,Moon ingress to Aries,medium,astrology,swisseph,Moon: Pisces -> Aries
2024-04-09T11:23:19+00:00,Moon ingress to Taurus,medium,astrology,swisseph,Moon: Aries -> Taurus
2024-04-11T12:58:27+00:00,Moon ingress to Gemini,medium,astrology,swisseph,Moon: Taurus -> Gemini
2024-04-13T17:44:53+00:00,Moon ingress to Cancer,medium,astrology,swisseph,Moon: Gemini -> Cancer
2024-04-16T02:23:59+00:00,Moon ingress to Leo,medium,astrology,swisseph,Moon: Cancer -> Leo
2024-04-18T14:10:27+00:00,Moon ingress to Virgo,medium,astrology,swisseph,Moon: Leo -> Virgo
2024-04-19T13:59:45+00:00,Sun ingress to Taurus,high,astrology,swisseph,Sun: Aries -> Taurus
2024-04-21T03:08:18+00:00,Moon ingress to Libra,medium,astrology,swisseph,Moon: Virgo -> Libra
2024-04-23T15:19:50+00:00,Moon ingress to Scorpio,medium,astrology,swisseph,Moon: Libra -> Scorpio
2024-04-26T01:37:01+00:00,Moon ingress to Sagittarius,medium,astrology,swisseph,Moon: Scorpio -> Sagittarius
2024-04-28T09:37:29+00:00,Moon ingress to Capricorn,medium,astrology,swisseph,Moon: Sagittarius -> Capricorn
2024-04-29T11:31:20+00:00,Venus ingress to Taurus,low,astrology,swisseph,Venus: Aries -> Taurus
2024-04-30T15:19:33+00:00,Moon ingress to Aquarius,medium,astrology,swisseph,Moon: Capricorn -> Aquarius
2024-04-30T15:32:50+00:00,Mars ingress to Aries,medium,astrology,swisseph,Mars: Pisces -> Aries
2024-05-02T18:51:41+00:00,Moon ingress to Pisces,medium,astrology,swisseph,Moon: Aquarius -> Pisces
2024-05-04T20:40:41+00:00,Moon ingress to Aries,medium,astrology,swisseph,Moon: Pisces -> Aries
2024-05-06T21:42:13+00:00,Moon ingress to Taurus,medium,astrology,swisseph,Moon: Aries -> Taurus
2024-05-08T23:20:29+00:00,Moon ingress to Gemini,medium,astrology,swisseph,Moon: Taurus -> Gemini
2024-05-11T03:13:02+00:00,Moon ingress to Cancer,medium,astrology,swisseph,Moon: Gemini -> Cancer
2024-05-13T10:36:07+00:00,Moon ingress to Leo,medium,astrology,swisseph,Moon: Cancer -> Leo
2024-05-15T17:05:10+00:00,Mercury ingress to Taurus,low,astrology,swisseph,Mercury: Aries -> Taurus
2024-05-15T21:32:47+00:00,Moon ingress to Virgo,medium,astrology,swisseph,Moon: Leo -> Virgo
2024-05-18T10:22:38+00:00,Moon ingress to Libra,medium,astrology,swisseph,Moon: Virgo -> Libra
2024-05-20T12:59:30+00:00,Sun ingress to Gemini,high,astrology,swisseph,Sun: Taurus -> Gemini
2024-05-20T22:34:12+00:00,Moon ingress to Scorpio,medium,astrology,swisseph,Moon: Libra -> Scorpio
2024-05-23T08:24:12+00:00,Moon ingress to Sagittarius,medium,astrology,swisseph,Moon: Scorpio -> Sagittarius
2024-05-23T20:30:14+00:00,Venus ingress to Gemini,low,astrology,swisseph,Venus: Taurus -> Gemini
2024-05-25T15:35:49+00:00,Moon ingress to Capricorn,medium,astrology,swisseph,Moon: Sagittarius -> Capricorn
2024-05-25T23:14:36+00:00,Jupiter ingress to Gemini,medium,astrology,swisseph,Jupiter: Taurus -> Gemini
2024-05-27T20:44:36+00:00,Moon ingress to Aquarius,medium,astrology,swisseph,Moon: Capricorn -> Aquarius
2024-05-30T00:32:43+00:00,Moon ingress to Pisces,medium,astrology,swisseph,Moon: Aquarius -> Pisces
2024-06-01T03:28:16+00:00,Moon ingress to Aries,medium,astrology,swisseph,Moon: Pisces -> Aries
2024-06-03T05:55:18+00:00,Moon ingress to Taurus,medium,astrology,swisseph,Moon: Aries -> Taurus
2024-06-03T07:36:38+00:00,Mercury ingress to Gemini,low,astrology,swisseph,Mercury: Taurus -> Gemini
2024-06-05T08:36:06+00:00,Moon ingress to Gemini,medium,astrology,swisseph,Moon: Taurus -> Gemini
2024-06-07T12:40:55+00:00,Moon ingress to Cancer,medium,astrology,swisseph,Moon: Gemini -> Cancer
2024-06-09T04:34:51+00:00,Mars ingress to Taurus,medium,astrology,swisseph,Mars: Aries -> Taurus
2024-06-09T19:28:49+00:00,Moon ingress to Leo,medium,astrology,swisseph,Moon: Cancer -> Leo
2024-06-12T05:38:42+00:00,Moon ingress to Virgo,medium,astrology,swisseph,Moon: Leo -> Virgo
2024-06-14T18:12:13+00:00,Moon ingress to Libra,medium,astrology,swisseph,Moon: Virgo -> Libra
2024-06-17T06:20:14+00:00,Venus ingress to Cancer,low,astrology,swisseph,Venus: Gemini -> Cancer
2024-06-17T06:37:52+00:00,Moon ingress to Scorpio,medium,astrology,swisseph,Moon: Libra -> Scorpio
2024-06-17T09:06:57+00:00,Mercury ingress to Cancer,low,astrology,swisseph,Mercury: Gemini -> Cancer
2024-06-19T16:31:41+00:00,Moon ingress to Sagittarius,medium,astrology,swisseph,Moon: Scorpio -> Sagittarius
2024-06-20T20:51:00+00:00,Sun ingress to Cancer,high,astrology,swisseph,Sun: Gemini -> Cancer
2024-06-21T23:08:31+00:00,Moon ingress to Capricorn,medium,astrology,swisseph,Moon: Sagittarius -> Capricorn
2024-06-24T03:14:20+00:00,Moon ingress to Aquarius,medium,astrology,swisseph,Moon: Capricorn -> Aquarius
2024-06-26T06:07:32+00:00,Moon ingress to Pisces,medium,astrology,swisseph,Moon: Aquarius -> Pisces
2024-06-28T08:51:54+00:00,Moon ingress to Aries,medium,astrology,swisseph,Moon: Pisces -> Aries
2024-06-30T12:00:18+00:00,Moon ingress to Taurus,medium,astrology,swisseph,Moon: Aries -> Taurus
2024-07-02T12:50:04+00:00,Mercury ingress to Leo,low,astrology,swisseph,Mercury: Cancer -> Leo
2024-07-02T15:50:05+00:00,Moon ingress to Gemini,medium,astrology,swisseph,Moon: Taurus -> Gemini
2024-07-04T20:51:22+00:00,Moon ingress to Cancer,medium,astrology,swisseph,Moon: Gemini -> Cancer
2024-07-07T03:55:45+00:00,Moon ingress to Leo,medium,astrology,swisseph,Moon: Cancer -> Leo
2024-07-09T13:47:30+00:00,Moon ingress to Virgo,medium,astrology,swisseph,Moon: Leo -> Virgo
2024-07-11T16:18:49+00:00,Venus ingress to Leo,low,astrology,swisseph,Venus: Cancer -> Leo
2024-07-12T02:06:25+00:00,Moon ingress to Libra,medium,astrology,swisseph,Moon: Virgo -> Libra
2024-07-14T14:52:37+00:00,Moon ingress to Scorpio,medium,astrology,swisseph,Moon: Libra -> Scorpio
2024-07-17T01:24:45+00:00,Moon ingress to Sagittarius,medium,astrology,swisseph,Moon: Scorpio -> Sagittarius
2024-07-19T08:13:40+00:00,Moon ingress to Capricorn,medium,astrology,swisseph,Moon: Sagittarius -> Capricorn
2024-07-20T20:43:06+00:00,Mars ingress to Gemini,medium,astrology,swisseph,Mars: Taurus -> Gemini
2024-07-21T11:43:01+00:00,Moon ingress to Aquarius,medium,astrology,swisseph,Moon: Capricorn -> Aquarius
2024-07-22T07:44:26+00:00,Sun ingress to Leo,high,astrology,swisseph,Sun: Cancer -> Leo
2024-07-23T13:22:58+00:00,Moon ingress to Pisces,medium,astrology,swisseph,Moon: Aquarius -> Pisces
2024-07-25T14:52:18+00:00,Moon ingress to Aries,medium,astrology,swisseph,Moon: Pisces -> Aries
2024-07-25T22:41:49+00:00,Mercury ingress to Virgo,low,astrology,swisseph,Mercury: Leo -> Virgo
2024-07-27T17:22:30+00:00,Moon ingress to Taurus,medium,astrology,swisseph,Moon: Aries -> Taurus
2024-07-29T21:27:40+00:00,Moon ingress to Gemini,medium,astrology,swisseph,Moon: Taurus -> Gemini
2024-08-01T03:19:07+00:00,Moon ingress to Cancer,medium,astrology,swisseph,Moon: Gemini -> Cancer
2024-08-03T11:09:33+00:00,Moon ingress to Leo,medium,astrology,swisseph,Moon: Cancer -> Leo
2024-08-05T02:22:53+00:00,Venus ingress to Virgo,low,astrology,swisseph,Venus: Leo -> Virgo
2024-08-05T21:16:44+00:00,Moon ingress to Virgo,medium,astrology,swisseph,Moon: Leo -> Virgo
2024-08-08T09:31:23+00:00,Moon ingress to Libra,medium,astrology,swisseph,Moon: Virgo -> Libra
2024-08-10T22:33:46+00:00,Moon ingress to Scorpio,medium,astrology,swisseph,Moon: Libra -> Scorpio
2024-08-13T10:00:38+00:00,Moon ingress to Sagittarius,medium,astrology,swisseph,Moon: Scorpio -> Sagittarius
2024-08-15T00:15:32+00:00,Mercury ingress to Leo,low,astrology,swisseph,Mercury: Virgo -> Leo
2024-08-15T17:51:11+00:00,Moon ingress to Capricorn,medium,astrology,swisseph,Moon: Sagittarius -> Capricorn
2024-08-17T21:44:37+00:00,Moon ingress to Aquarius,medium,astrology,swisseph,Moon: Capricorn -> Aquarius
2024-08-19T22:51:32+00:00,Moon ingress to Pisces,medium,astrology,swisseph,Moon: Aquarius -> Pisces
2024-08-21T23:01:36+00:00,Moon ingress to Aries,medium,astrology,swisseph,Moon: Pisces -> Aries
2024-08-22T14:55:02+00:00,Sun ingress to Virgo,high,astrology,swisseph,Sun: Leo -> Virgo
2024-08-24T00:00:20+00:00,Moon ingress to Taurus,medium,astrology,swisseph,Moon: Aries -> Taurus
2024-08-26T03:03:54+00:00,Moon ingress to Gemini,medium,astrology,swisseph,Moon: Taurus -> Gemini
2024-08-28T08:47:26+00:00,Moon ingress to Cancer,medium,astrology,swisseph,Moon: Gemini -> Cancer
2024-08-29T13:22:43+00:00,Venus ingress to Libra,low,astrology,swisseph,Venus: Virgo -> Libra
2024-08-30T17:09:19+00:00,Moon ingress to Leo,medium,astrology,swisseph,Moon: Cancer -> Leo
2024-09-01T23:51:31+00:00,Pluto ingress to Capricorn,high,astrology,swisseph,Pluto: Aquarius -> Capricorn
2024-09-02T03:48:24+00:00,Moon ingress to Virgo,medium,astrology,swisseph,Moon: Leo -> Virgo
2024-09-04T16:11:41+00:00,Moon ingress to Libra,medium,astrology,swisseph,Moon: Virgo -> Libra
2024-09-04T19:46:11+00:00,Mars ingress to Cancer,medium,astrology,swisseph,Mars: Gemini -> Cancer
2024-09-07T05:18:27+00:00,Moon ingress to Scorpio,medium,astrology,swisseph,Moon: Libra -> Scorpio
2024-09-09T06:50:07+00:00,Mercury ingress to Virgo,low,astrology,swisseph,Mercury: Leo -> Virgo
2024-09-09T17:25:34+00:00,Moon ingress to Sagittarius,medium,astrology,swisseph,Moon: Scorpio -> Sagittarius
2024-09-12T02:37:34+00:00,Moon ingress to Capricorn,medium,astrology,swisseph,Moon: Sagittarius -> Capricorn
2024-09-14T07:53:24+00:00,Moon ingress to Aquarius,medium,astrology,swisseph,Moon: Capricorn -> Aquarius
2024-09-16T09:38:59+00:00,Moon ingress to Pisces,medium,astrology,swisseph,Moon: Aquarius -> Pisces
2024-09-18T09:23:58+00:00,Moon ingress to Aries,medium,astrology,swisseph,Moon: Pisces -> Aries
2024-09-20T09:02:32+00:00,Moon ingress to Taurus,medium,astrology,swisseph,Moon: Aries -> Taurus
2024-09-22T10:24:18+00:00,Moon ingress to Gemini,medium,astrology,swisseph,Moon: Taurus -> Gemini
2024-09-22T12:43:39+00:00,Sun ingress to Libra,high,astrology,swisseph,Sun: Virgo -> Libra
2024-09-23T02:36:10+00:00,Venus ingress to Scorpio,low,astrology,swisseph,Venus: Libra -> Scorpio
2024-09-24T14:50:03+00:00,Moon ingress to Cancer,medium,astrology,swisseph,Moon: Gemini -> Cancer
2024-09-26T08:08:45+00:00,Mercury ingress to Libra,low,astrology,swisseph,Mercury: Virgo -> Libra
2024-09-26T22:47:16+00:00,Moon ingress to Leo,medium,astrology,swisseph,Moon: Cancer -> Leo
2024-09-29T09:41:33+00:00,Moon ingress to Virgo,medium,astrology,swisseph,Moon: Leo -> Virgo
2024-10-01T22:19:37+00:00,Moon ingress to Libra,medium,astrology,swisseph,Moon: Virgo -> Libra
2024-10-04T11:22:21+00:00,Moon ingress to Scorpio,medium,astrology,swisseph,Moon: Libra -> Scorpio
2024-10-06T23:34:12+00:00,Moon ingress to Sagittarius,medium,astrology,swisseph,Moon: Scorpio -> Sagittarius
2024-10-09T09:38:16+00:00,Moon ingress to Capricorn,medium,astrology,swisseph,Moon: Sagittarius -> Capricorn
2024-10-11T16:31:07+00:00,Moon ingress to Aquarius,medium,astrology,swisseph,Moon: Capricorn -> Aquarius
2024-10-13T19:23:24+00:00,Mercury ingress to Scorpio,low,astrology,swisseph,Mercury: Libra -> Scorpio
2024-10-13T19:55:10+00:00,Moon ingress to Pisces,medium,astrology,swisseph,Moon: Aquarius -> Pisces
2024-10-15T20:34:11+00:00,Moon ingress to Aries,medium,astrology,swisseph,Moon: Pisces -> Aries
2024-10-17T19:28:21+00:00,Venus ingress to Sagittarius,low,astrology,swisseph,Venus: Scorpio -> Sagittarius
2024-10-17T19:59:46+00:00,Moon ingress to Taurus,medium,astrology,swisseph,Moon: Aries -> Taurus
2024-10-19T20:07:06+00:00,Moon ingress to Gemini,medium,astrology,swisseph,Moon: Taurus -> Gemini
2024-10-21T22:49:41+00:00,Moon ingress to Cancer,medium,astrology,swisseph,Moon: Gemini -> Cancer
2024-10-22T22:14:44+00:00,Sun ingress to Scorpio,high,astrology,swisseph,Sun: Libra -> Scorpio
2024-10-24T05:23:59+00:00,Moon ingress to Leo,medium,astrology,swisseph,Moon: Cancer -> Leo
2024-10-26T15:47:24+00:00,Moon ingress to Virgo,medium,astrology,swisseph,Moon: Leo -> Virgo
2024-10-29T04:29:41+00:00,Moon ingress to Libra,medium,astrology,swisseph,Moon: Virgo -> Libra
2024-10-31T17:29:18+00:00,Moon ingress to Scorpio,medium,astrology,swisseph,Moon: Libra -> Scorpio
2024-11-02T19:17:39+00:00,Mercury ingress to Sagittarius,low,astrology,swisseph,Mercury: Scorpio -> Sagittarius
2024-11-03T05:19:25+00:00,Moon ingress to Sagittarius,medium,astrology,swisseph,Moon: Scorpio -> Sagittarius
2024-11-04T04:09:52+00:00,Mars ingress to Leo,medium,astrology,swisseph,Mars: Cancer -> Leo
2024-11-05T15:17:19+00:00,Moon ingress to Capricorn,medium,astrology,swisseph,Moon: Sagittarius -> Capricorn
2024-11-07T22:57:37+00:00,Moon ingress to Aquarius,medium,astrology,swisseph,Moon: Capricorn -> Aquarius
2024-11-10T03:59:54+00:00,Moon ingress to Pisces,medium,astrology,swisseph,Moon: Aquarius -> Pisces
2024-11-11T18:25:46+00:00,Venus ingress to Capricorn,low,astrology,swisseph,Venus: Sagittarius -> Capricorn
2024-11-12T06:25:35+00:00,Moon ingress to Aries,medium,astrology,swisseph,Moon: Pisces -> Aries
2024-11-14T06:59:01+00:00,Moon ingress to Taurus,medium,astrology,swisseph,Moon: Aries -> Taurus
2024-11-16T07:08:44+00:00,Moon ingress to Gemini,medium,astrology,swisseph,Moon: Taurus -> Gemini
2024-11-18T08:49:52+00:00,Moon ingress to Cancer,medium,astrology,swisseph,Moon: Gemini -> Cancer
2024-11-19T20:45:51+00:00,Pluto ingress to Aquarius,high,astrology,swisseph,Pluto: Capricorn -> Aquarius
2024-11-20T13:50:53+00:00,Moon ingress to Leo,medium,astrology,swisseph,Moon: Cancer -> Leo
2024-11-21T19:56:29+00:00,Sun ingress to Sagittarius,high,astrology,swisseph,Sun: Scorpio -> Sagittarius
2024-11-22T23:00:54+00:00,Moon ingress to Virgo,medium,astrology,swisseph,Moon: Leo -> Virgo
2024-11-25T11:19:45+00:00,Moon ingress to Libra,medium,astrology,swisseph,Moon: Virgo -> Libra
2024-11-28T00:20:36+00:00,Moon ingress to Scorpio,medium,astrology,swisseph,Moon: Libra -> Scorpio
2024-11-30T11:52:55+00:00,Moon ingress to Sagittarius,medium,astrology,swisseph,Moon: Scorpio -> Sagittarius
2024-12-02T21:09:01+00:00,Moon ingress to Capricorn,medium,astrology,swisseph,Moon: Sagittarius -> Capricorn
2024-12-05T04:21:04+00:00,Moon ingress to Aquarius,medium,astrology,swisseph,Moon: Capricorn -> Aquarius
2024-12-07T06:13:20+00:00,Venus ingress to Aquarius,low,astrology,swisseph,Venus: Capricorn -> Aquarius
2024-12-07T09:48:57+00:00,Moon ingress to Pisces,medium,astrology,swisseph,Moon: Aquarius -> Pisces
2024-12-09T13:37:40+00:00,Moon ingress to Aries,medium,astrology,swisseph,Moon: Pisces -> Aries
2024-12-11T15:54:59+00:00,Moon ingress to Taurus,medium,astrology,swisseph,Moon: Aries -> Taurus
2024-12-13T17:21:43+00:00,Moon ingress to Gemini,medium,astrology,swisseph,Moon: Taurus -> Gemini
2024-12-15T19:21:15+00:00,Moon ingress to Cancer,medium,astrology,swisseph,Moon: Gemini -> Cancer
2024-12-17T23:39:09+00:00,Moon ingress to Leo,medium,astrology,swisseph,Moon: Cancer -> Leo
2024-12-20T07:36:54+00:00,Moon ingress to Virgo,medium,astrology,swisseph,Moon: Leo -> Virgo
2024-12-21T09:20:34+00:00,Sun ingress to Capricorn,high,astrology,swisseph,Sun: Sagittarius -> Capricorn
2024-12-22T19:07:36+00:00,Moon ingress to Libra,medium,astrology,swisseph,Moon: Virgo -> Libra
2024-12-25T08:06:16+00:00,Moon ingress to Scorpio,medium,astrology,swisseph,Moon: Libra -> Scorpio
2024-12-27T19:46:27+00:00,Moon ingress to Sagittarius,medium,astrology,swisseph,Moon: Scorpio -> Sagittarius
2024-12-30T04:37:18+00:00,Moon ingress to Capricorn,medium,astrology,swisseph,Moon: Sagittarius -> Capricorn
2025-01-01T10:49:43+00:00,Moon ingress to Aquarius,medium,astrology,swisseph,Moon: Capricorn -> Aquarius
2025-01-03T03:24:05+00:00,Venus ingress to Pisces,low,astrology,swisseph,Venus: Aquarius -> Pisces
2025-01-03T15:21:11+00:00,Moon ingress to Pisces,medium,astrology,swisseph,Moon: Aquarius -> Pisces
2025-01-05T19:00:54+00:00,Moon ingress to Aries,medium,astrology,swisseph,Moon: Pisces -> Aries
2025-01-06T10:43:53+00:00,Mars ingress to Cancer,medium,astrology,swisseph,Mars: Leo -> Cancer
2025-01-07T22:11:14+00:00,Moon ingress to Taurus,medium,astrology,swisseph,Moon: Aries -> Taurus
2025-01-08T10:29:57+00:00,Mercury ingress to Capricorn,low,astrology,swisseph,Mercury: Sagittarius -> Capricorn
2025-01-10T01:06:39+00:00,Moon ingress to Gemini,medium,astrology,swisseph,Moon: Taurus -> Gemini
2025-01-12T04:24:04+00:00,Moon ingress to Cancer,medium,astrology,swisseph,Moon: Gemini -> Cancer
2025-01-14T09:12:05+00:00,Moon ingress to Leo,medium,astrology,swisseph,Moon: Cancer -> Leo
2025-01-16T16:45:46+00:00,Moon ingress to Virgo,medium,astrology,swisseph,Moon: Leo -> Virgo
2025-01-19T03:32:59+00:00,Moon ingress to Libra,medium,astrology,swisseph,Moon: Virgo -> Libra
2025-01-19T20:00:08+00:00,Sun ingress to Aquarius,high,astrology,swisseph,Sun: Capricorn -> Aquarius
2025-01-21T16:20:11+00:00,Moon ingress to Scorpio,medium,astrology,swisseph,Moon: Libra -> Scorpio
2025-01-24T04:28:46+00:00,Moon ingress to Sagittarius,medium,astrology,swisseph,Moon: Scorpio -> Sagittarius
2025-01-26T13:42:37+00:00,Moon ingress to Capricorn,medium,astrology,swisseph,Moon: Sagittarius -> Capricorn
2025-01-28T02:52:42+00:00,Mercury ingress to Aquarius,low,astrology,swisseph,Mercury: Capricorn -> Aquarius
2025-01-28T19:31:30+00:00,Moon ingress to Aquarius,medium,astrology,swisseph,Moon: Capricorn -> Aquarius
2025-01-30T22:52:26+00:00,Moon ingress to Pisces,medium,astrology,swisseph,Moon: Aquarius -> Pisces
2025-02-02T01:09:54+00:00,Moon ingress to Aries,medium,astrology,swisseph,Moon: Pisces -> Aries
2025-02-04T03:33:21+00:00,Moon ingress to Taurus,medium,astrology,swisseph,Moon: Aries -> Taurus
2025-02-04T07:56:59+00:00,Venus ingress to Aries,low,astrology,swisseph,Venus: Pisces -> Aries
2025-02-06T06:43:42+00:00,Moon ingress to Gemini,medium,astrology,swisseph,Moon: Taurus -> Gemini
2025-02-08T11:04:14+00:00,Moon ingress to Cancer,medium,astrology,swisseph,Moon: Gemini -> Cancer
2025-02-10T17:00:35+00:00,Moon ingress to Leo,medium,astrology,swisseph,Moon: Cancer -> Leo
2025-02-13T01:07:10+00:00,Moon ingress to Virgo,medium,astrology,swisseph,Moon: Leo -> Virgo
2025-02-14T12:06:23+00:00,Mercury ingress to Pisces,low,astrology,swisseph,Mercury: Aquarius -> Pisces
2025-02-15T11:44:57+00:00,Moon ingress to Libra,medium,astrology,swisseph,Moon: Virgo -> Libra
2025-02-18T00:18:48+00:00,Moon ingress to Scorpio,medium,astrology,swisseph,Moon: Libra -> Scorpio
2025-02-18T10:06:35+00:00,Sun ingress to Pisces,high,astrology,swisseph,Sun: Aquarius -> Pisces
2025-02-20T12:54:40+00:00,Moon ingress to Sagittarius,medium,astrology,swisseph,Moon: Scorpio -> Sagittarius
2025-02-22T23:08:38+00:00,Moon ingress to Capricorn,medium,astrology,swisseph,Moon: Sagittarius -> Capricorn
2025-02-25T05:39:47+00:00,Moon ingress to Aquarius,medium,astrology,swisseph,Moon: Capricorn -> Aquarius
2025-02-27T08:46:31+00:00,Moon ingress to Pisces,medium,astrology,swisseph,Moon: Aquarius -> Pisces
2025-03-01T09:51:53+00:00,Moon ingress to Aries,medium,astrology,swisseph,Moon: Pisces -> Aries
2025-03-03T09:03:40+00:00,Mercury ingress to Aries,low,astrology,swisseph,Mercury: Pisces -> Aries
2025-03-03T10:36:42+00:00,Moon ingress to Taurus,medium,astrology,swisseph,Moon: Aries -> Taurus
2025-03-05T12:29:18+00:00,Moon ingress to Gemini,medium,astrology,swisseph,Moon: Taurus -> Gemini
2025-03-07T16:28:47+00:00,Moon ingress to Cancer,medium,astrology,swisseph,Moon: Gemini -> Cancer
2025-03-09T22:58:55+00:00,Moon ingress to Leo,medium,astrology,swisseph,Moon: Cancer -> Leo
2025-03-12T07:55:39+00:00,Moon ingress to Virgo,medium,astrology,swisseph,Moon: Leo -> Virgo
2025-03-14T18:58:52+00:00,Moon ingress to Libra,medium,astrology,swisseph,Moon: Virgo -> Libra
2025-03-17T07:30:27+00:00,Moon ingress to Scorpio,medium,astrology,swisseph,Moon: Libra -> Scorpio
2025-03-19T20:16:58+00:00,Moon ingress to Sagittarius,medium,astrology,swisseph,Moon: Scorpio -> Sagittarius
2025-03-20T09:01:29+00:00,Sun ingress to Aries,high,astrology,swisseph,Sun: Pisces -> Aries
2025-03-22T07:28:40+00:00,Moon ingress to Capricorn,medium,astrology,swisseph,Moon: Sagittarius -> Capricorn
2025-03-24T15:24:40+00:00,Moon ingress to Aquarius,medium,astrology,swisseph,Moon: Capricorn -> Aquarius
2025-03-26T19:31:35+00:00,Moon ingress to Pisces,medium,astrology,swisseph,Moon: Aquarius -> Pisces
2025-03-27T08:40:28+00:00,Venus ingress to Pisces,low,astrology,swisseph,Venus: Aries -> Pisces
2025-03-28T20:36:03+00:00,Moon ingress to Aries,medium,astrology,swisseph,Moon: Pisces -> Aries
2025-03-30T02:17:59+00:00,Mercury ingress to Pisces,low,astrology,swisseph,Mercury: Aries -> Pisces
2025-03-30T12:01:31+00:00,Neptune ingress to Aries,medium,astrology,swisseph,Neptune: Pisces -> Aries
2025-03-30T20:15:45+00:00,Moon ingress to Taurus,medium,astrology,swisseph,Moon: Aries -> Taurus
2025-04-01T20:25:36+00:00,Moon ingress to Gemini,medium,astrology,swisseph,Moon: Taurus -> Gemini
2025-04-03T22:50:01+00:00,Moon ingress to Cancer,medium,astrology,swisseph,Moon: Gemini -> Cancer
2025-04-06T04:34:10+00:00,Moon ingress to Leo,medium,astrology,swisseph,Moon: Cancer -> Leo
2025-04-08T13:39:54+00:00,Moon ingress to Virgo,medium,astrology,swisseph,Moon: Leo -> Virgo
2025-04-11T01:11:48+00:00,Moon ingress to Libra,medium,astrology,swisseph,Moon: Virgo -> Libra
2025-04-13T13:54:03+00:00,Moon ingress to Scorpio,medium,astrology,swisseph,Moon: Libra -> Scorpio
2025-04-16T02:37:16+00:00,Moon ingress to Sagittarius,medium,astrology,swisseph,Moon: Scorpio -> Sagittarius
2025-04-16T06:25:09+00:00,Mercury ingress to Aries,low,astrology,swisseph,Mercury: Pisces -> Aries
2025-04-18T04:20:52+00:00,Mars ingress to Leo,medium,astrology,swisseph,Mars: Cancer -> Leo
2025-04-18T14:12:04+00:00,Moon ingress to Capricorn,medium,astrology,swisseph,Moon: Sagittarius -> Capricorn
2025-04-19T19:56:01+00:00,Sun ingress to Taurus,high,astrology,swisseph,Sun: Aries -> Taurus
2025-04-20T23:21:37+00:00,Moon ingress to Aquarius,medium,astrology,swisseph,Moon: Capricorn -> Aquarius
2025-04-23T05:06:39+00:00,Moon ingress to Pisces,medium,astrology,swisseph,Moon: Aquarius -> Pisces
2025-04-25T07:24:01+00:00,Moon ingress to Aries,medium,astrology,swisseph,Moon: Pisces -> Aries
2025-04-27T07:16:50+00:00,Moon ingress to Taurus,medium,astrology,swisseph,Moon: Aries -> Taurus
2025-04-29T06:34:27+00:00,Moon ingress to Gemini,medium,astrology,swisseph,Moon: Taurus -> Gemini
2025-04-30T17:15:59+00:00,Venus ingress to Aries,low,astrology,swisseph,Venus: Pisces -> Aries
2025-05-01T07:22:37+00:00,Moon ingress to Cancer,medium,astrology,swisseph,Moon: Gemini -> Cancer
2025-05-03T11:29:13+00:00,Moon ingress to Leo,medium,astrology,swisseph,Moon: Cancer -> Leo
2025-05-05T19:39:42+00:00,Moon ingress to Virgo,medium,astrology,swisseph,Moon: Leo -> Virgo
2025-05-08T07:06:19+00:00,Moon ingress to Libra,medium,astrology,swisseph,Moon: Virgo -> Libra
2025-05-10T12:15:11+00:00,Mercury ingress to Taurus,low,astrology,swisseph,Mercury: Aries -> Taurus
2025-05-10T19:58:17+00:00,Moon ingress to Scorpio,medium,astrology,swisseph,Moon: Libra -> Scorpio
2025-05-13T08:34:42+00:00,Moon ingress to Sagittarius,medium,astrology,swisseph,Moon: Scorpio -> Sagittarius
2025-05-15T19:57:40+00:00,Moon ingress to Capricorn,medium,astrology,swisseph,Moon: Sagittarius -> Capricorn
2025-05-18T05:29:21+00:00,Moon ingress to Aquarius,medium,astrology,swisseph,Moon: Capricorn -> Aquarius
2025-05-20T12:28:28+00:00,Moon ingress to Pisces,medium,astrology,swisseph,Moon: Aquarius -> Pisces
2025-05-20T18:54:38+00:00,Sun ingress to Gemini,high,astrology,swisseph,Sun: Taurus -> Gemini
2025-05-22T16:25:39+00:00,Moon ingress to Aries,medium,astrology,swisseph,Moon: Pisces -> Aries
2025-05-24T17:38:02+00:00,Moon ingress to Taurus,medium,astrology,swisseph,Moon: Aries -> Taurus
2025-05-25T03:35:08+00:00,Saturn ingress to Aries,high,astrology,swisseph,Saturn: Pisces -> Aries
2025-05-26T00:59:21+00:00,Mercury ingress to Gemini,low,astrology,swisseph,Mercury: Taurus -> Gemini
2025-05-26T17:21:29+00:00,Moon ingress to Gemini,medium,astrology,swisseph,Moon: Taurus -> Gemini
2025-05-28T17:32:42+00:00,Moon ingress to Cancer,medium,astrology,swisseph,Moon: Gemini -> Cancer
2025-05-30T20:16:35+00:00,Moon ingress to Leo,medium,astrology,swisseph,Moon: Cancer -> Leo
2025-06-02T03:00:05+00:00,Moon ingress to Virgo,medium,astrology,swisseph,Moon: Leo -> Virgo
2025-06-04T13:38:16+00:00,Moon ingress to Libra,medium,astrology,swisseph,Moon: Virgo -> Libra
2025-06-06T04:42:41+00:00,Venus ingress to Taurus,low,astrology,swisseph,Venus: Aries -> Taurus
2025-06-07T02:22:43+00:00,Moon ingress to Scorpio,medium,astrology,swisseph,Moon: Libra -> Scorpio
2025-06-08T22:58:12+00:00,Mercury ingress to Cancer,low,astrology,swisseph,Mercury: Gemini -> Cancer
2025-06-09T14:55:36+00:00,Moon ingress to Sagittarius,medium,astrology,swisseph,Moon: Scorpio -> Sagittarius
2025-06-09T21:01:44+00:00,Jupiter ingress to Cancer,medium,astrology,swisseph,Jupiter: Gemini -> Cancer
2025-06-12T01:54:49+00:00,Moon ingress to Capricorn,medium,astrology,swisseph,Moon: Sagittarius -> Capricorn
2025-06-14T11:00:08+00:00,Moon ingress to Aquarius,medium,astrology,swisseph,Moon: Capricorn -> Aquarius
2025-06-16T18:08:36+00:00,Moon ingress to Pisces,medium,astrology,swisseph,Moon: Aquarius -> Pisces
2025-06-17T08:35:33+00:00,Mars ingress to Virgo,medium,astrology,swisseph,Mars: Leo -> Virgo
2025-06-18T23:07:55+00:00,Moon ingress to Aries,medium,astrology,swisseph,Moon: Pisces -> Aries
2025-06-21T01:52:46+00:00,Moon ingress to Taurus,medium,astrology,swisseph,Moon: Aries -> Taurus
2025-06-21T02:42:16+00:00,Sun ingress to Cancer,high,astrology,swisseph,Sun: Gemini -> Cancer
2025-06-23T02:57:11+00:00,Moon ingress to Gemini,medium,astrology,swisseph,Moon: Taurus -> Gemini
2025-06-25T03:44:00+00:00,Moon ingress to Cancer,medium,astrology,swisseph,Moon: Gemini -> Cancer
2025-06-26T19:09:05+00:00,Mercury ingress to Leo,low,astrology,swisseph,Mercury: Cancer -> Leo
2025-06-27T06:05:20+00:00,Moon ingress to Leo,medium,astrology,swisseph,Moon: Cancer -> Leo
2025-06-29T11:43:33+00:00,Moon ingress to Virgo,medium,astrology,swisseph,Moon: Leo -> Virgo
2025-07-01T21:16:22+00:00,Moon ingress to Libra,medium,astrology,swisseph,Moon: Virgo -> Libra
2025-07-04T09:32:58+00:00,Moon ingress to Scorpio,medium,astrology,swisseph,Moon: Libra -> Scorpio
2025-07-04T15:30:49+00:00,Venus ingress to Gemini,low,astrology,swisseph,Venus: Taurus -> Gemini
2025-07-06T22:06:12+00:00,Moon ingress to Sagittarius,medium,astrology,swisseph,Moon: Scorpio -> Sagittarius
2025-07-07T07:46:35+00:00,Uranus ingress to Gemini,medium,astrology,swisseph,Uranus: Taurus -> Gemini
2025-07-09T08:54:46+00:00,Moon ingress to Capricorn,medium,astrology,swisseph,Moon: Sagittarius -> Capricorn
2025-07-11T17:21:15+00:00,Moon ingress to Aquarius,medium,astrology,swisseph,Moon: Capricorn -> Aquarius
2025-07-13T23:44:49+00:00,Moon ingress to Pisces,medium,astrology,swisseph,Moon: Aquarius -> Pisces
2025-07-16T04:32:20+00:00,Moon ingress to Aries,medium,astrology,swisseph,Moon: Pisces -> Aries
2025-07-18T07:58:41+00:00,Moon ingress to Taurus,medium,astrology,swisseph,Moon: Aries -> Taurus
2025-07-20T10:21:46+00:00,Moon ingress to Gemini,medium,astrology,swisseph,Moon: Taurus -> Gemini
2025-07-22T12:26:14+00:00,Moon ingress to Cancer,medium,astrology,swisseph,Moon: Gemini -> Cancer
2025-07-22T13:29:28+00:00,Sun ingress to Leo,high,astrology,swisseph,Sun: Cancer -> Leo
2025-07-24T15:28:26+00:00,Moon ingress to Leo,medium,astrology,swisseph,Moon: Cancer -> Leo
2025-07-26T20:55:27+00:00,Moon ingress to Virgo,medium,astrology,swisseph,Moon: Leo -> Virgo
2025-07-29T05:43:04+00:00,Moon ingress to Libra,medium,astrology,swisseph,Moon: Virgo -> Libra
2025-07-31T03:57:09+00:00,Venus ingress to Cancer,low,astrology,swisseph,Venus: Gemini -> Cancer
2025-07-31T17:25:03+00:00,Moon ingress to Scorpio,medium,astrology,swisseph,Moon: Libra -> Scorpio
2025-08-03T06:00:32+00:00,Moon ingress to Sagittarius,medium,astrology,swisseph,Moon: Scorpio -> Sagittarius
2025-08-05T17:04:08+00:00,Moon ingress to Capricorn,medium,astrology,swisseph,Moon: Sagittarius -> Capricorn
2025-08-06T23:23:21+00:00,Mars ingress to Libra,medium,astrology,swisseph,Mars: Virgo -> Libra
2025-08-08T01:18:02+00:00,Moon ingress to Aquarius,medium,astrology,swisseph,Moon: Capricorn -> Aquarius
2025-08-10T06:50:14+00:00,Moon ingress to Pisces,medium,astrology,swisseph,Moon: Aquarius -> Pisces
2025-08-12T10:32:59+00:00,Moon ingress to Aries,medium,astrology,swisseph,Moon: Pisces -> Aries
2025-08-14T13:21:57+00:00,Moon ingress to Taurus,medium,astrology,swisseph,Moon: Aries -> Taurus
2025-08-16T16:00:34+00:00,Moon ingress to Gemini,medium,astrology,swisseph,Moon: Taurus -> Gemini
2025-08-18T19:05:08+00:00,Moon ingress to Cancer,medium,astrology,swisseph,Moon: Gemini -> Cancer
2025-08-20T23:16:40+00:00,Moon ingress to Leo,medium,astrology,swisseph,Moon: Cancer -> Leo
2025-08-22T20:33:52+00:00,Sun ingress to Virgo,high,astrology,swisseph,Sun: Leo -> Virgo
2025-08-23T05:24:07+00:00,Moon ingress to Virgo,medium,astrology,swisseph,Moon: Leo -> Virgo
2025-08-25T14:08:11+00:00,Moon ingress to Libra,medium,astrology,swisseph,Moon: Virgo -> Libra
2025-08-25T16:27:08+00:00,Venus ingress to Leo,low,astrology,swisseph,Venus: Cancer -> Leo
2025-08-28T01:27:13+00:00,Moon ingress to Scorpio,medium,astrology,swisseph,Moon: Libra -> Scorpio
2025-08-30T14:04:29+00:00,Moon ingress to Sagittarius,medium,astrology,swisseph,Moon: Scorpio -> Sagittarius
2025-09-01T08:06:11+00:00,Saturn ingress to Pisces,high,astrology,swisseph,Saturn: Aries -> Pisces
2025-09-02T01:44:38+00:00,Moon ingress to Capricorn,medium,astrology,swisseph,Moon: Sagittarius -> Capricorn
2025-09-02T13:23:05+00:00,Mercury ingress to Virgo,low,astrology,swisseph,Mercury: Leo -> Virgo
2025-09-04T10:31:58+00:00,Moon ingress to Aquarius,medium,astrology,swisseph,Moon: Capricorn -> Aquarius
2025-09-06T15:54:16+00:00,Moon ingress to Pisces,medium,astrology,swisseph,Moon: Aquarius -> Pisces
2025-09-08T18:37:10+00:00,Moon ingress to Aries,medium,astrology,swisseph,Moon: Pisces -> Aries
2025-09-10T20:03:22+00:00,Moon ingress to Taurus,medium,astrology,swisseph,Moon: Aries -> Taurus
2025-09-12T21:38:22+00:00,Moon ingress to Gemini,medium,astrology,swisseph,Moon: Taurus -> Gemini
2025-09-15T00:30:14+00:00,Moon ingress to Cancer,medium,astrology,swisseph,Moon: Gemini -> Cancer
2025-09-17T05:19:53+00:00,Moon ingress to Leo,medium,astrology,swisseph,Moon: Cancer -> Leo
2025-09-18T10:05:52+00:00,Mercury ingress to Libra,low,astrology,swisseph,Mercury: Virgo -> Libra
2025-09-19T12:23:08+00:00,Moon ingress to Virgo,medium,astrology,swisseph,Moon: Leo -> Virgo
2025-09-19T12:39:10+00:00,Venus ingress to Virgo,low,astrology,swisseph,Venus: Leo -> Virgo
2025-09-21T21:40:49+00:00,Moon ingress to Libra,medium,astrology,swisseph,Moon: Virgo -> Libra
2025-09-22T07:54:31+00:00,Mars ingress to Scorpio,medium,astrology,swisseph,Mars: Libra -> Scorpio
2025-09-22T18:19:20+00:00,Sun ingress to Libra,high,astrology,swisseph,Sun: Virgo -> Libra
2025-09-24T09:00:22+00:00,Moon ingress to Scorpio,medium,astrology,swisseph,Moon: Libra -> Scorpio
2025-09-26T21:37:05+00:00,Moon ingress to Sagittarius,medium,astrology,swisseph,Moon: Scorpio -> Sagittarius
2025-09-29T09:54:59+00:00,Moon ingress to Capricorn,medium,astrology,swisseph,Moon: Sagittarius -> Capricorn
2025-10-01T19:51:37+00:00,Moon ingress to Aquarius,medium,astrology,swisseph,Moon: Capricorn -> Aquarius
2025-10-04T02:07:05+00:00,Moon ingress to Pisces,medium,astrology,swisseph,Moon: Aquarius -> Pisces
2025-10-06T04:47:58+00:00,Moon ingress to Aries,medium,astrology,swisseph,Moon: Pisces -> Aries
2025-10-06T16:40:46+00:00,Mercury ingress to Scorpio,low,astrology,swisseph,Mercury: Libra -> Scorpio
2025-10-08T05:12:27+00:00,Moon ingress to Taurus,medium,astrology,swisseph,Moon: Aries -> Taurus
2025-10-10T05:11:59+00:00,Moon ingress to Gemini,medium,astrology,swisseph,Moon: Taurus -> Gemini
2025-10-12T06:37:06+00:00,Moon ingress to Cancer,medium,astrology,swisseph,Moon: Gemini -> Cancer
2025-10-13T21:18:46+00:00,Venus ingress to Libra,low,astrology,swisseph,Venus: Virgo -> Libra
2025-10-14T10:47:09+00:00,Moon ingress to Leo,medium,astrology,swisseph,Moon: Cancer -> Leo
2025-10-16T18:05:38+00:00,Moon ingress to Virgo,medium,astrology,swisseph,Moon: Leo -> Virgo
2025-10-19T04:01:31+00:00,Moon ingress to Libra,medium,astrology,swisseph,Moon: Virgo -> Libra
2025-10-21T15:42:13+00:00,Moon ingress to Scorpio,medium,astrology,swisseph,Moon: Libra -> Scorpio
2025-10-22T09:44:28+00:00,Neptune ingress to Pisces,medium,astrology,swisseph,Neptune: Aries -> Pisces
2025-10-23T03:50:55+00:00,Sun ingress to Scorpio,high,astrology,swisseph,Sun: Libra -> Scorpio
2025-10-24T04:18:54+00:00,Moon ingress to Sagittarius,medium,astrology,swisseph,Moon: Scorpio -> Sagittarius
2025-10-26T16:53:15+00:00,Moon ingress to Capricorn,medium,astrology,swisseph,Moon: Sagittarius -> Capricorn
2025-10-29T03:55:18+00:00,Moon ingress to Aquarius,medium,astrology,swisseph,Moon: Capricorn -> Aquarius
2025-10-29T11:02:04+00:00,Mercury ingress to Sagittarius,low,astrology,swisseph,Mercury: Scorpio -> Sagittarius
2025-10-31T11:45:59+00:00,Moon ingress to Pisces,medium,astrology,swisseph,Moon: Aquarius -> Pisces
2025-11-02T15:39:27+00:00,Moon ingress to Aries,medium,astrology,swisseph,Moon: Pisces -> Aries
2025-11-04T13:01:13+00:00,Mars ingress to Sagittarius,medium,astrology,swisseph,Mars: Scorpio -> Sagittarius
2025-11-04T16:15:44+00:00,Moon ingress to Taurus,medium,astrology,swisseph,Moon: Aries -> Taurus
2025-11-06T15:20:31+00:00,Moon ingress to Gemini,medium,astrology,swisseph,Moon: Taurus -> Gemini
2025-11-06T22:39:31+00:00,Venus ingress to Scorpio,low,astrology,swisseph,Venus: Libra -> Scorpio
2025-11-08T02:20:01+00:00,Uranus ingress to Taurus,medium,astrology,swisseph,Uranus: Gemini -> Taurus
2025-11-08T15:05:59+00:00,Moon ingress to Cancer,medium,astrology,swisseph,Moon: Gemini -> Cancer
2025-11-10T17:33:31+00:00,Moon ingress to Leo,medium,astrology,swisseph,Moon: Cancer -> Leo
2025-11-12T23:51:50+00:00,Moon ingress to Virgo,medium,astrology,swisseph,Moon: Leo -> Virgo
2025-11-15T09:43:44+00:00,Moon ingress to Libra,medium,astrology,swisseph,Moon: Virgo -> Libra
2025-11-17T21:44:23+00:00,Moon ingress to Scorpio,medium,astrology,swisseph,Moon: Libra -> Scorpio
2025-11-19T03:20:18+00:00,Mercury ingress to Scorpio,low,astrology,swisseph,Mercury: Sagittarius -> Scorpio
2025-11-20T10:25:58+00:00,Moon ingress to Sagittarius,medium,astrology,swisseph,Moon: Scorpio -> Sagittarius
2025-11-22T01:35:35+00:00,Sun ingress to Sagittarius,high,astrology,swisseph,Sun: Scorpio -> Sagittarius
2025-11-22T22:52:38+00:00,Moon ingress to Capricorn,medium,astrology,swisseph,Moon: Sagittarius -> Capricorn
2025-11-25T10:15:36+00:00,Moon ingress to Aquarius,medium,astrology,swisseph,Moon: Capricorn -> Aquarius
2025-11-27T19:23:44+00:00,Moon ingress to Pisces,medium,astrology,swisseph,Moon: Aquarius -> Pisces
2025-11-30T01:07:00+00:00,Moon ingress to Aries,medium,astrology,swisseph,Moon: Pisces -> Aries
2025-11-30T20:13:37+00:00,Venus ingress to Sagittarius,low,astrology,swisseph,Venus: Scorpio -> Sagittarius
2025-12-02T03:12:49+00:00,Moon ingress to Taurus,medium,astrology,swisseph,Moon: Aries -> Taurus
2025-12-04T02:48:08+00:00,Moon ingress to Gemini,medium,astrology,swisseph,Moon: Taurus -> Gemini
2025-12-06T01:54:17+00:00,Moon ingress to Cancer,medium,astrology,swisseph,Moon: Gemini -> Cancer
2025-12-08T02:48:07+00:00,Moon ingress to Leo,medium,astrology,swisseph,Moon: Cancer -> Leo
2025-12-10T07:20:07+00:00,Moon ingress to Virgo,medium,astrology,swisseph,Moon: Leo -> Virgo
2025-12-11T22:39:43+00:00,Mercury ingress to Sagittarius,low,astrology,swisseph,Mercury: Scorpio -> Sagittarius
2025-12-12T16:04:05+00:00,Moon ingress to Libra,medium,astrology,swisseph,Moon: Virgo -> Libra
2025-12-15T03:51:14+00:00,Moon ingress to Scorpio,medium,astrology,swisseph,Moon: Libra -> Scorpio
2025-12-15T07:33:49+00:00,Mars ingress to Capricorn,medium,astrology,swisseph,Mars: Sagittarius -> Capricorn
2025-12-17T16:38:35+00:00,Moon ingress to Sagittarius,medium,astrology,swisseph,Moon: Scorpio -> Sagittarius
2025-12-20T04:52:34+00:00,Moon ingress to Capricorn,medium,astrology,swisseph,Moon: Sagittarius -> Capricorn
2025-12-21T15:03:05+00:00,Sun ingress to Capricorn,high,astrology,swisseph,Sun: Sagittarius -> Capricorn
2025-12-22T15:51:51+00:00,Moon ingress to Aquarius,medium,astrology,swisseph,Moon: Capricorn -> Aquarius
2025-12-24T16:25:57+00:00,Venus ingress to Capricorn,low,astrology,swisseph,Venus: Sagittarius -> Capricorn
2025-12-25T01:08:50+00:00,Moon ingress to Pisces,medium,astrology,swisseph,Moon: Aquarius -> Pisces
2025-12-27T08:01:48+00:00,Moon ingress to Aries,medium,astrology,swisseph,Moon: Pisces -> Aries
2025-12-29T11:57:20+00:00,Moon ingress to Taurus,medium,astrology,swisseph,Moon: Aries -> Taurus
2025-12-31T13:13:06+00:00,Moon ingress to Gemini,medium,astrology,swisseph,Moon: Taurus -> Gemini
2026-01-01T21:10:42+00:00,Mercury ingress to Capricorn,low,astrology,swisseph,Mercury: Sagittarius -> Capricorn
2026-01-02T13:09:00+00:00,Moon ingress to Cancer,medium,astrology,swisseph,Moon: Gemini -> Cancer
2026-01-04T13:43:26+00:00,Moon ingress to Leo,medium,astrology,swisseph,Moon: Cancer -> Leo
2026-01-06T16:56:47+00:00,Moon ingress to Virgo,medium,astrology,swisseph,Moon: Leo -> Virgo
2026-01-09T00:05:48+00:00,Moon ingress to Libra,medium,astrology,swisseph,Moon: Virgo -> Libra
2026-01-11T10:55:19+00:00,Moon ingress to Scorpio,medium,astrology,swisseph,Moon: Libra -> Scorpio
2026-01-13T23:33:48+00:00,Moon ingress to Sagittarius,medium,astrology,swisseph,Moon: Scorpio -> Sagittarius
2026-01-16T11:47:09+00:00,Moon ingress to Capricorn,medium,astrology,swisseph,Moon: Sagittarius -> Capricorn
2026-01-17T12:43:24+00:00,Venus ingress to Aquarius,low,astrology,swisseph,Venus: Capricorn -> Aquarius
2026-01-18T22:17:59+00:00,Moon ingress to Aquarius,medium,astrology,swisseph,Moon: Capricorn -> Aquarius
2026-01-20T01:44:56+00:00,Sun ingress to Aquarius,high,astrology,swisseph,Sun: Capricorn -> Aquarius
2026-01-20T16:41:11+00:00,Mercury ingress to Aquarius,low,astrology,swisseph,Mercury: Capricorn -> Aquarius
2026-01-21T06:49:39+00:00,Moon ingress to Pisces,medium,astrology,swisseph,Moon: Aquarius -> Pisces
2026-01-23T09:16:45+00:00,Mars ingress to Aquarius,medium,astrology,swisseph,Mars: Capricorn -> Aquarius
2026-01-23T13:25:41+00:00,Moon ingress to Aries,medium,astrology,swisseph,Moon: Pisces -> Aries
2026-01-25T18:05:19+00:00,Moon ingress to Taurus,medium,astrology,swisseph,Moon: Aries -> Taurus
2026-01-26T17:40:04+00:00,Neptune ingress to Aries,medium,astrology,swisseph,Neptune: Pisces -> Aries
2026-01-27T20:55:01+00:00,Moon ingress to Gemini,medium,astrology,swisseph,Moon: Taurus -> Gemini
2026-01-29T22:31:42+00:00,Moon ingress to Cancer,medium,astrology,swisseph,Moon: Gemini -> Cancer
2026-02-01T00:08:57+00:00,Moon ingress to Leo,medium,astrology,swisseph,Moon: Cancer -> Leo
2026-02-03T03:21:13+00:00,Moon ingress to Virgo,medium,astrology,swisseph,Moon: Leo -> Virgo
2026-02-05T09:32:33+00:00,Moon ingress to Libra,medium,astrology,swisseph,Moon: Virgo -> Libra
2026-02-06T22:48:04+00:00,Mercury ingress to Pisces,low,astrology,swisseph,Mercury: Aquarius -> Pisces
2026-02-07T19:13:07+00:00,Moon ingress to Scorpio,medium,astrology,swisseph,Moon: Libra -> Scorpio
2026-02-10T07:21:51+00:00,Moon ingress to Sagittarius,medium,astrology,swisseph,Moon: Scorpio -> Sagittarius
2026-02-10T10:18:38+00:00,Venus ingress to Pisces,low,astrology,swisseph,Venus: Aquarius -> Pisces
2026-02-12T19:44:22+00:00,Moon ingress to Capricorn,medium,astrology,swisseph,Moon: Sagittarius -> Capricorn
2026-02-14T00:11:34+00:00,Saturn ingress to Aries,high,astrology,swisseph,Saturn: Pisces -> Aries
2026-02-15T06:16:38+00:00,Moon ingress to Aquarius,medium,astrology,swisseph,Moon: Capricorn -> Aquarius
2026-02-17T14:09:07+00:00,Moon ingress to Pisces,medium,astrology,swisseph,Moon: Aquarius -> Pisces
2026-02-18T15:51:56+00:00,Sun ingress to Pisces,high,astrology,swisseph,Sun: Aquarius -> Pisces
2026-02-19T19:39:06+00:00,Moon ingress to Aries,medium,astrology,swisseph,Moon: Pisces -> Aries
2026-02-21T23:30:56+00:00,Moon ingress to Taurus,medium,astrology,swisseph,Moon: Aries -> Taurus
2026-02-24T02:28:54+00:00,Moon ingress to Gemini,medium,astrology,swisseph,Moon: Taurus -> Gemini
2026-02-26T05:11:06+00:00,Moon ingress to Cancer,medium,astrology,swisseph,Moon: Gemini -> Cancer
2026-02-28T08:16:42+00:00,Moon ingress to Leo,medium,astrology,swisseph,Moon: Cancer -> Leo
2026-03-02T12:33:43+00:00,Moon ingress to Virgo,medium,astrology,swisseph,Moon: Leo -> Virgo
2026-03-02T14:15:51+00:00,Mars ingress to Pisces,medium,astrology,swisseph,Mars: Aquarius -> Pisces
2026-03-04T18:55:47+00:00,Moon ingress to Libra,medium,astrology,swisseph,Moon: Virgo -> Libra
2026-03-06T10:45:45+00:00,Venus ingress to Aries,low,astrology,swisseph,Venus: Pisces -> Aries
2026-03-07T04:01:27+00:00,Moon ingress to Scorpio,medium,astrology,swisseph,Moon: Libra -> Scorpio
2026-03-09T15:36:30+00:00,Moon ingress to Sagittarius,medium,astrology,swisseph,Moon: Scorpio -> Sagittarius
2026-03-12T04:07:08+00:00,Moon ingress to Capricorn,medium,astrology,swisseph,Moon: Sagittarius -> Capricorn
2026-03-14T15:13:31+00:00,Moon ingress to Aquarius,medium,astrology,swisseph,Moon: Capricorn -> Aquarius
2026-03-16T23:15:38+00:00,Moon ingress to Pisces,medium,astrology,swisseph,Moon: Aquarius -> Pisces
2026-03-19T04:02:59+00:00,Moon ingress to Aries,medium,astrology,swisseph,Moon: Pisces -> Aries
2026-03-20T14:45:58+00:00,Sun ingress to Aries,high,astrology,swisseph,Sun: Pisces -> Aries
2026-03-21T06:35:08+00:00,Moon ingress to Taurus,medium,astrology,swisseph,Moon: Aries -> Taurus
2026-03-23T08:18:40+00:00,Moon ingress to Gemini,medium,astrology,swisseph,Moon: Taurus -> Gemini
2026-03-25T10:32:57+00:00,Moon ingress to Cancer,medium,astrology,swisseph,Moon: Gemini -> Cancer
2026-03-27T14:10:11+00:00,Moon ingress to Leo,medium,astrology,swisseph,Moon: Cancer -> Leo
2026-03-29T19:33:19+00:00,Moon ingress to Virgo,medium,astrology,swisseph,Moon: Leo -> Virgo
2026-03-30T16:00:52+00:00,Venus ingress to Taurus,low,astrology,swisseph,Venus: Aries -> Taurus
2026-04-01T02:50:47+00:00,Moon ingress to Libra,medium,astrology,swisseph,Moon: Virgo -> Libra
2026-04-03T12:10:54+00:00,Moon ingress to Scorpio,medium,astrology,swisseph,Moon: Libra -> Scorpio
2026-04-05T23:31:31+00:00,Moon ingress to Sagittarius,medium,astrology,swisseph,Moon: Scorpio -> Sagittarius
2026-04-08T12:04:17+00:00,Moon ingress to Capricorn,medium,astrology,swisseph,Moon: Sagittarius -> Capricorn
2026-04-09T19:36:11+00:00,Mars ingress to Aries,medium,astrology,swisseph,Mars: Pisces -> Aries
2026-04-10T23:55:32+00:00,Moon ingress to Aquarius,medium,astrology,swisseph,Moon: Capricorn -> Aquarius
2026-04-13T08:55:34+00:00,Moon ingress to Pisces,medium,astrology,swisseph,Moon: Aquarius -> Pisces
2026-04-15T03:21:30+00:00,Mercury ingress to Aries,low,astrology,swisseph,Mercury: Pisces -> Aries
2026-04-15T14:03:56+00:00,Moon ingress to Aries,medium,astrology,swisseph,Moon: Pisces -> Aries
2026-04-17T15:57:47+00:00,Moon ingress to Taurus,medium,astrology,swisseph,Moon: Aries -> Taurus
2026-04-19T16:17:38+00:00,Moon ingress to Gemini,medium,astrology,swisseph,Moon: Taurus -> Gemini
2026-04-20T01:39:07+00:00,Sun ingress to Taurus,high,astrology,swisseph,Sun: Aries -> Taurus
2026-04-21T17:00:16+00:00,Moon ingress to Cancer,medium,astrology,swisseph,Moon: Gemini -> Cancer
2026-04-23T19:40:43+00:00,Moon ingress to Leo,medium,astrology,swisseph,Moon: Cancer -> Leo
2026-04-24T04:03:25+00:00,Venus ingress to Gemini,low,astrology,swisseph,Venus: Taurus -> Gemini
2026-04-26T00:51:19+00:00,Uranus ingress to Gemini,medium,astrology,swisseph,Uranus: Taurus -> Gemini
2026-04-26T01:04:26+00:00,Moon ingress to Virgo,medium,astrology,swisseph,Moon: Leo -> Virgo
2026-04-28T09:02:45+00:00,Moon ingress to Libra,medium,astrology,swisseph,Moon: Virgo -> Libra
2026-04-30T19:01:51+00:00,Moon ingress to Scorpio,medium,astrology,swisseph,Moon: Libra -> Scorpio
2026-05-03T02:56:56+00:00,Mercury ingress to Taurus,low,astrology,swisseph,Mercury: Aries -> Taurus
2026-05-03T06:33:29+00:00,Moon ingress to Sagittarius,medium,astrology,swisseph,Moon: Scorpio -> Sagittarius
2026-05-05T19:06:07+00:00,Moon ingress to Capricorn,medium,astrology,swisseph,Moon: Sagittarius -> Capricorn
2026-05-08T07:27:25+00:00,Moon ingress to Aquarius,medium,astrology,swisseph,Moon: Capricorn -> Aquarius
2026-05-10T17:39:24+00:00,Moon ingress to Pisces,medium,astrology,swisseph,Moon: Aquarius -> Pisces
2026-05-13T00:03:40+00:00,Moon ingress to Aries,medium,astrology,swisseph,Moon: Pisces -> Aries
2026-05-15T02:31:08+00:00,Moon ingress to Taurus,medium,astrology,swisseph,Moon: Aries -> Taurus
2026-05-17T02:23:01+00:00,Moon ingress to Gemini,medium,astrology,swisseph,Moon: Taurus -> Gemini
2026-05-17T10:26:24+00:00,Mercury ingress to Gemini,low,astrology,swisseph,Mercury: Taurus -> Gemini
2026-05-18T22:25:29+00:00,Mars ingress to Taurus,medium,astrology,swisseph,Mars: Aries -> Taurus
2026-05-19T01:05:17+00:00,Venus ingress to Cancer,low,astrology,swisseph,Venus: Gemini -> Cancer
2026-05-19T01:46:06+00:00,Moon ingress to Cancer,medium,astrology,swisseph,Moon: Gemini -> Cancer
2026-05-21T00:36:44+00:00,Sun ingress to Gemini,high,astrology,swisseph,Sun: Taurus -> Gemini
2026-05-21T02:47:39+00:00,Moon ingress to Leo,medium,astrology,swisseph,Moon: Cancer -> Leo
2026-05-23T06:57:01+00:00,Moon ingress to Virgo,medium,astrology,swisseph,Moon: Leo -> Virgo
2026-05-25T14:34:09+00:00,Moon ingress to Libra,medium,astrology,swisseph,Moon: Virgo -> Libra
2026-05-28T00:52:33+00:00,Moon ingress to Scorpio,medium,astrology,swisseph,Moon: Libra -> Scorpio
2026-05-30T12:44:48+00:00,Moon ingress to Sagittarius,medium,astrology,swisseph,Moon: Scorpio -> Sagittarius
2026-06-01T11:55:43+00:00,Mercury ingress to Cancer,low,astrology,swisseph,Mercury: Gemini -> Cancer
2026-06-02T01:19:15+00:00,Moon ingress to Capricorn,medium,astrology,swisseph,Moon: Sagittarius -> Capricorn
2026-06-04T13:45:37+00:00,Moon ingress to Aquarius,medium,astrology,swisseph,Moon: Capricorn -> Aquarius
2026-06-07T00:42:46+00:00,Moon ingress to Pisces,medium,astrology,swisseph,Moon: Aquarius -> Pisces
2026-06-09T08:33:21+00:00,Moon ingress to Aries,medium,astrology,swisseph,Moon: Pisces -> Aries
2026-06-11T12:28:08+00:00,Moon ingress to Taurus,medium,astrology,swisseph,Moon: Aries -> Taurus
2026-06-13T10:46:48+00:00,Venus ingress to Leo,low,astrology,swisseph,Venus: Cancer -> Leo
2026-06-13T13:06:02+00:00,Moon ingress to Gemini,medium,astrology,swisseph,Moon: Taurus -> Gemini
2026-06-15T12:14:15+00:00,Moon ingress to Cancer,medium,astrology,swisseph,Moon: Gemini -> Cancer
2026-06-17T12:05:07+00:00,Moon ingress to Leo,medium,astrology,swisseph,Moon: Cancer -> Leo
2026-06-19T14:36:54+00:00,Moon ingress to Virgo,medium,astrology,swisseph,Moon: Leo -> Virgo
2026-06-21T08:24:31+00:00,Sun ingress to Cancer,high,astrology,swisseph,Sun: Gemini -> Cancer
2026-06-21T20:54:55+00:00,Moon ingress to Libra,medium,astrology,swisseph,Moon: Virgo -> Libra
2026-06-24T06:43:17+00:00,Moon ingress to Scorpio,medium,astrology,swisseph,Moon: Libra -> Scorpio
2026-06-26T18:40:56+00:00,Moon ingress to Sagittarius,medium,astrology,swisseph,Moon: Scorpio -> Sagittarius
2026-06-28T19:29:14+00:00,Mars ingress to Gemini,medium,astrology,swisseph,Mars: Taurus -> Gemini
2026-06-29T07:18:36+00:00,Moon ingress to Capricorn,medium,astrology,swisseph,Moon: Sagittarius -> Capricorn
2026-06-30T05:52:13+00:00,Jupiter ingress to Leo,medium,astrology,swisseph,Jupiter: Cancer -> Leo
2026-07-01T19:32:51+00:00,Moon ingress to Aquarius,medium,astrology,swisseph,Moon: Capricorn -> Aquarius
2026-07-04T06:30:11+00:00,Moon ingress to Pisces,medium,astrology,swisseph,Moon: Aquarius -> Pisces
2026-07-06T15:07:05+00:00,Moon ingress to Aries,medium,astrology,swisseph,Moon: Pisces -> Aries
2026-07-08T20:30:44+00:00,Moon ingress to Taurus,medium,astrology,swisseph,Moon: Aries -> Taurus
2026-07-09T17:22:07+00:00,Venus ingress to Virgo,low,astrology,swisseph,Venus: Leo -> Virgo
2026-07-10T22:41:37+00:00,Moon ingress to Gemini,medium,astrology,swisseph,Moon: Taurus -> Gemini
2026-07-12T22:46:30+00:00,Moon ingress to Cancer,medium,astrology,swisseph,Moon: Gemini -> Cancer
2026-07-14T22:35:13+00:00,Moon ingress to Leo,medium,astrology,swisseph,Moon: Cancer -> Leo
2026-07-17T00:07:08+00:00,Moon ingress to Virgo,medium,astrology,swisseph,Moon: Leo -> Virgo
2026-07-19T04:56:34+00:00,Moon ingress to Libra,medium,astrology,swisseph,Moon: Virgo -> Libra
2026-07-21T13:34:33+00:00,Moon ingress to Scorpio,medium,astrology,swisseph,Moon: Libra -> Scorpio
2026-07-22T19:13:05+00:00,Sun ingress to Leo,high,astrology,swisseph,Sun: Cancer -> Leo
2026-07-24T01:06:59+00:00,Moon ingress to Sagittarius,medium,astrology,swisseph,Moon: Scorpio -> Sagittarius
2026-07-26T13:44:17+00:00,Moon ingress to Capricorn,medium,astrology,swisseph,Moon: Sagittarius -> Capricorn
2026-07-29T01:46:10+00:00,Moon ingress to Aquarius,medium,astrology,swisseph,Moon: Capricorn -> Aquarius
2026-07-31T12:13:52+00:00,Moon ingress to Pisces,medium,astrology,swisseph,Moon: Aquarius -> Pisces
2026-08-02T20:36:47+00:00,Moon ingress to Aries,medium,astrology,swisseph,Moon: Pisces -> Aries
2026-08-05T02:35:25+00:00,Moon ingress to Taurus,medium,astrology,swisseph,Moon: Aries -> Taurus
2026-08-06T19:12:45+00:00,Venus ingress to Libra,low,astrology,swisseph,Venus: Virgo -> Libra
2026-08-07T06:07:47+00:00,Moon ingress to Gemini,medium,astrology,swisseph,Moon: Taurus -> Gemini
2026-08-09T07:45:40+00:00,Moon ingress to Cancer,medium,astrology,swisseph,Moon: Gemini -> Cancer
2026-08-09T16:28:23+00:00,Mercury ingress to Leo,low,astrology,swisseph,Mercury: Cancer -> Leo
2026-08-11T08:30:30+00:00,Mars ingress to Cancer,medium,astrology,swisseph,Mars: Gemini -> Cancer
2026-08-11T08:38:09+00:00,Moon ingress to Leo,medium,astrology,swisseph,Moon: Cancer -> Leo
2026-08-13T10:18:08+00:00,Moon ingress to Virgo,medium,astrology,swisseph,Moon: Leo -> Virgo
2026-08-15T14:19:43+00:00,Moon ingress to Libra,medium,astrology,swisseph,Moon: Virgo -> Libra
2026-08-17T21:46:03+00:00,Moon ingress to Scorpio,medium,astrology,swisseph,Moon: Libra -> Scorpio
2026-08-20T08:30:08+00:00,Moon ingress to Sagittarius,medium,astrology,swisseph,Moon: Scorpio -> Sagittarius
2026-08-22T20:59:06+00:00,Moon ingress to Capricorn,medium,astrology,swisseph,Moon: Sagittarius -> Capricorn
2026-08-23T02:18:49+00:00,Sun ingress to Virgo,high,astrology,swisseph,Sun: Leo -> Virgo
2026-08-25T09:01:41+00:00,Moon ingress to Aquarius,medium,astrology,swisseph,Moon: Capricorn -> Aquarius
2026-08-25T11:04:14+00:00,Mercury ingress to Virgo,low,astrology,swisseph,Mercury: Leo -> Virgo
2026-08-27T19:03:45+00:00,Moon ingress to Pisces,medium,astrology,swisseph,Moon: Aquarius -> Pisces
2026-08-30T02:37:48+00:00,Moon ingress to Aries,medium,astrology,swisseph,Moon: Pisces -> Aries
2026-09-01T08:01:18+00:00,Moon ingress to Taurus,medium,astrology,swisseph,Moon: Aries -> Taurus
2026-09-03T11:47:16+00:00,Moon ingress to Gemini,medium,astrology,swisseph,Moon: Taurus -> Gemini
2026-09-05T14:30:25+00:00,Moon ingress to Cancer,medium,astrology,swisseph,Moon: Gemini -> Cancer
2026-09-07T16:49:27+00:00,Moon ingress to Leo,medium,astrology,swisseph,Moon: Cancer -> Leo
2026-09-09T19:35:04+00:00,Moon ingress to Virgo,medium,astrology,swisseph,Moon: Leo -> Virgo
2026-09-10T08:06:48+00:00,Venus ingress to Scorpio,low,astrology,swisseph,Venus: Libra -> Scorpio
2026-09-10T16:20:38+00:00,Mercury ingress to Libra,low,astrology,swisseph,Mercury: Virgo -> Libra
2026-09-11T23:51:43+00:00,Moon ingress to Libra,medium,astrology,swisseph,Moon: Virgo -> Libra
2026-09-14T06:43:52+00:00,Moon ingress to Scorpio,medium,astrology,swisseph,Moon: Libra -> Scorpio
2026-09-16T16:41:15+00:00,Moon ingress to Sagittarius,medium,astrology,swisseph,Moon: Scorpio -> Sagittarius
2026-09-19T04:54:52+00:00,Moon ingress to Capricorn,medium,astrology,swisseph,Moon: Sagittarius -> Capricorn
2026-09-21T17:14:25+00:00,Moon ingress to Aquarius,medium,astrology,swisseph,Moon: Capricorn -> Aquarius
2026-09-23T00:05:13+00:00,Sun ingress to Libra,high,astrology,swisseph,Sun: Virgo -> Libra
2026-09-24T03:23:38+00:00,Moon ingress to Pisces,medium,astrology,swisseph,Moon: Aquarius -> Pisces
2026-09-26T10:23:06+00:00,Moon ingress to Aries,medium,astrology,swisseph,Moon: Pisces -> Aries
2026-09-28T02:48:52+00:00,Mars ingress to Leo,medium,astrology,swisseph,Mars: Cancer -> Leo
2026-09-28T14:40:02+00:00,Moon ingress to Taurus,medium,astrology,swisseph,Moon: Aries -> Taurus
2026-09-30T11:44:24+00:00,Mercury ingress to Scorpio,low,astrology,swisseph,Mercury: Libra -> Scorpio
2026-09-30T17:26:03+00:00,Moon ingress to Gemini,medium,astrology,swisseph,Moon: Taurus -> Gemini
2026-10-02T19:54:06+00:00,Moon ingress to Cancer,medium,astrology,swisseph,Moon: Gemini -> Cancer
2026-10-04T22:54:11+00:00,Moon ingress to Leo,medium,astrology,swisseph,Moon: Cancer -> Leo
2026-10-07T02:52:36+00:00,Moon ingress to Virgo,medium,astrology,swisseph,Moon: Leo -> Virgo
2026-10-09T08:10:34+00:00,Moon ingress to Libra,medium,astrology,swisseph,Moon: Virgo -> Libra
2026-10-11T15:21:17+00:00,Moon ingress to Scorpio,medium,astrology,swisseph,Moon: Libra -> Scorpio
2026-10-14T00:59:26+00:00,Moon ingress to Sagittarius,medium,astrology,swisseph,Moon: Scorpio -> Sagittarius
2026-10-16T12:57:02+00:00,Moon ingress to Capricorn,medium,astrology,swisseph,Moon: Sagittarius -> Capricorn
2026-10-19T01:39:56+00:00,Moon ingress to Aquarius,medium,astrology,swisseph,Moon: Capricorn -> Aquarius
2026-10-21T12:35:10+00:00,Moon ingress to Pisces,medium,astrology,swisseph,Moon: Aquarius -> Pisces
2026-10-23T09:37:57+00:00,Sun ingress to Scorpio,high,astrology,swisseph,Sun: Libra -> Scorpio
2026-10-23T19:53:32+00:00,Moon ingress to Aries,medium,astrology,swisseph,Moon: Pisces -> Aries
2026-10-25T09:09:48+00:00,Venus ingress to Libra,low,astrology,swisseph,Venus: Scorpio -> Libra
2026-10-25T23:34:40+00:00,Moon ingress to Taurus,medium,astrology,swisseph,Moon: Aries -> Taurus
2026-10-28T01:01:52+00:00,Moon ingress to Gemini,medium,astrology,swisseph,Moon: Taurus -> Gemini
2026-10-30T02:05:34+00:00,Moon ingress to Cancer,medium,astrology,swisseph,Moon: Gemini -> Cancer
2026-11-01T04:18:13+00:00,Moon ingress to Leo,medium,astrology,swisseph,Moon: Cancer -> Leo
2026-11-03T08:27:45+00:00,Moon ingress to Virgo,medium,astrology,swisseph,Moon: Leo -> Virgo
2026-11-05T14:38:18+00:00,Moon ingress to Libra,medium,astrology,swisseph,Moon: Virgo -> Libra
2026-11-07T22:39:57+00:00,Moon ingress to Scorpio,medium,astrology,swisseph,Moon: Libra -> Scorpio
2026-11-10T08:35:46+00:00,Moon ingress to Sagittarius,medium,astrology,swisseph,Moon: Scorpio -> Sagittarius
2026-11-12T20:27:17+00:00,Moon ingress to Capricorn,medium,astrology,swisseph,Moon: Sagittarius -> Capricorn
2026-11-15T09:24:15+00:00,Moon ingress to Aquarius,medium,astrology,swisseph,Moon: Capricorn -> Aquarius
2026-11-17T21:19:25+00:00,Moon ingress to Pisces,medium,astrology,swisseph,Moon: Aquarius -> Pisces
2026-11-20T05:52:12+00:00,Moon ingress to Aries,medium,astrology,swisseph,Moon: Pisces -> Aries
2026-11-22T07:23:21+00:00,Sun ingress to Sagittarius,high,astrology,swisseph,Sun: Scorpio -> Sagittarius
2026-11-22T10:09:42+00:00,Moon ingress to Taurus,medium,astrology,swisseph,Moon: Aries -> Taurus
2026-11-24T11:09:39+00:00,Moon ingress to Gemini,medium,astrology,swisseph,Moon: Taurus -> Gemini
2026-11-25T23:37:04+00:00,Mars ingress to Virgo,medium,astrology,swisseph,Mars: Leo -> Virgo
2026-11-26T10:51:09+00:00,Moon ingress to Cancer,medium,astrology,swisseph,Moon: Gemini -> Cancer
2026-11-28T11:20:35+00:00,Moon ingress to Leo,medium,astrology,swisseph,Moon: Cancer -> Leo
2026-11-30T14:12:38+00:00,Moon ingress to Virgo,medium,astrology,swisseph,Moon: Leo -> Virgo
2026-12-02T20:03:54+00:00,Moon ingress to Libra,medium,astrology,swisseph,Moon: Virgo -> Libra
2026-12-04T08:12:43+00:00,Venus ingress to Scorpio,low,astrology,swisseph,Venus: Libra -> Scorpio
2026-12-05T04:35:04+00:00,Moon ingress to Scorpio,medium,astrology,swisseph,Moon: Libra -> Scorpio
2026-12-06T08:33:20+00:00,Mercury ingress to Sagittarius,low,astrology,swisseph,Mercury: Scorpio -> Sagittarius
2026-12-07T15:06:34+00:00,Moon ingress to Sagittarius,medium,astrology,swisseph,Moon: Scorpio -> Sagittarius
2026-12-10T03:08:40+00:00,Moon ingress to Capricorn,medium,astrology,swisseph,Moon: Sagittarius -> Capricorn
2026-12-12T16:05:38+00:00,Moon ingress to Aquarius,medium,astrology,swisseph,Moon: Capricorn -> Aquarius
2026-12-15T04:35:38+00:00,Moon ingress to Pisces,medium,astrology,swisseph,Moon: Aquarius -> Pisces
2026-12-17T14:34:21+00:00,Moon ingress to Aries,medium,astrology,swisseph,Moon: Pisces -> Aries
2026-12-19T20:29:41+00:00,Moon ingress to Taurus,medium,astrology,swisseph,Moon: Aries -> Taurus
2026-12-21T20:50:15+00:00,Sun ingress to Capricorn,high,astrology,swisseph,Sun: Sagittarius -> Capricorn
2026-12-21T22:27:06+00:00,Moon ingress to Gemini,medium,astrology,swisseph,Moon: Taurus -> Gemini
2026-12-23T21:58:24+00:00,Moon ingress to Cancer,medium,astrology,swisseph,Moon: Gemini -> Cancer
2026-12-25T18:22:29+00:00,Mercury ingress to Capricorn,low,astrology,swisseph,Mercury: Sagittarius -> Capricorn
2026-12-25T21:12:17+00:00,Moon ingress to Leo,medium,astrology,swisseph,Moon: Cancer -> Leo
2026-12-27T22:12:51+00:00,Moon ingress to Virgo,medium,astrology,swisseph,Moon: Leo -> Virgo
2026-12-30T02:26:41+00:00,Moon ingress to Libra,medium,astrology,swisseph,Moon: Virgo -> Libra
