time,event,impact,category,source,detail
2000-01-02T00:00:00+00:00,Gann Square-of-9 (1²=1 days from Jan 1),low,time_cycle,gann_rules,Rule5: 'Square of time' — 1²=1 calendar days from 2000-01-01; reversal zone in Gann Square-of-9 methodology
2000-01-05T00:00:00+00:00,Gann Square-of-9 (2²=4 days from Jan 1),low,time_cycle,gann_rules,Rule5: 'Square of time' — 2²=4 calendar days from 2000-01-01; reversal zone in Gann Square-of-9 methodology
2000-01-10T00:00:00+00:00,Gann Square-of-9 (3²=9 days from Jan 1),low,time_cycle,gann_rules,Rule5: 'Square of time' — 3²=9 calendar days from 2000-01-01; reversal zone in Gann Square-of-9 methodology
2000-01-12T04:58:34+00:00,Saturn Station Direct,medium,planetary_station,swisseph,Rule3: 'Nodes=pressure points' — Saturn turns direct at 40.29° (Taurus); cycle resumption node
2000-01-17T00:00:00+00:00,Gann Square-of-9 (4²=16 days from Jan 1),low,time_cycle,gann_rules,Rule5: 'Square of time' — 4²=16 calendar days from 2000-01-01; reversal zone in Gann Square-of-9 methodology
2000-01-26T00:00:00+00:00,Gann Square-of-9 (5²=25 days from Jan 1),low,time_cycle,gann_rules,Rule5: 'Square of time' — 5²=25 calendar days from 2000-01-01; reversal zone in Gann Square-of-9 methodology
2000-02-06T00:00:00+00:00,Gann Square-of-9 (6²=36 days from Jan 1),low,time_cycle,gann_rules,Rule5: 'Square of time' — 6²=36 calendar days from 2000-01-01; reversal zone in Gann Square-of-9 methodology
2000-02-19T00:00:00+00:00,Gann Square-of-9 (7²=49 days from Jan 1),low,time_cycle,gann_rules,Rule5: 'Square of time' — 7²=49 calendar days from 2000-01-01; reversal zone in Gann Square-of-9 methodology
2000-02-21T12:46:28+00:00,Mercury Station Retrograde,high,planetary_station,swisseph,Rule1: 'Time hits node=MOVE' — Mercury turns retrograde at 347.18° (Pisces); cycle inversion node
2000-03-05T00:00:00+00:00,Gann Square-of-9 (8²=64 days from Jan 1),low,time_cycle,gann_rules,Rule5: 'Square of time' — 8²=64 calendar days from 2000-01-01; reversal zone in Gann Square-of-9 methodology
2000-03-14T20:39:24+00:00,Mercury Station Direct,medium,planetary_station,swisseph,Rule3: 'Nodes=pressure points' — Mercury turns direct at 332.78° (Pisces); cycle resumption node
2000-03-22T00:00:00+00:00,Gann Square-of-9 (9²=81 days from Jan 1),medium,time_cycle,gann_rules,Rule5: 'Square of time' — 9²=81 calendar days from 2000-01-01; reversal zone in Gann Square-of-9 methodology
2000-03-27T07:35:16+00:00,Gann 7-Day Cycle from Spring Equinox,low,time_cycle,gann_rules,Rule3: 'Nodes=pressure points' — 7-day cycle completes from Spring Equinox (2000-03-20); Weekly rhythm node
2000-04-03T07:35:16+00:00,Gann 14-Day Cycle from Spring Equinox,low,time_cycle,gann_rules,Rule3: 'Nodes=pressure points' — 14-day cycle completes from Spring Equinox (2000-03-20); 2-week minor node
2000-04-10T00:00:00+00:00,Gann Square-of-9 (10²=100 days from Jan 1),medium,time_cycle,gann_rules,Rule5: 'Square of time' — 10²=100 calendar days from 2000-01-01; reversal zone in Gann Square-of-9 methodology
2000-04-10T07:35:16+00:00,Gann 21-Day Cycle from Spring Equinox,low,time_cycle,gann_rules,Rule3: 'Nodes=pressure points' — 21-day cycle completes from Spring Equinox (2000-03-20); 3-week minor node
2000-04-19T07:35:16+00:00,Gann 30-Day Cycle from Spring Equinox,medium,time_cycle,gann_rules,Rule3: 'Nodes=pressure points' — 30-day cycle completes from Spring Equinox (2000-03-20); Monthly node — 1/12 annual cycle
2000-05-01T00:00:00+00:00,Gann Square-of-9 (11²=121 days from Jan 1),medium,time_cycle,gann_rules,Rule5: 'Square of time' — 11²=121 calendar days from 2000-01-01; reversal zone in Gann Square-of-9 methodology
2000-05-04T07:35:16+00:00,Gann 45-Day Cycle from Spring Equinox,medium,time_cycle,gann_rules,Rule3: 'Nodes=pressure points' — 45-day cycle completes from Spring Equinox (2000-03-20); 1/8 annual cycle — first seasonal octave
2000-05-17T10:30:18+00:00,Venus–Jupiter conjunction,medium,synodic_cycle,swisseph,"Rule4: 'Cycle within cycle' — Venus conjunction Jupiter: Venus 50.1°, Jupiter 50.1°; synodic cycle completion node"
2000-05-19T07:35:16+00:00,Gann 60-Day Cycle from Spring Equinox,medium,time_cycle,gann_rules,Rule3: 'Nodes=pressure points' — 60-day cycle completes from Spring Equinox (2000-03-20); 2-month node — 1/6 annual cycle
2000-05-24T00:00:00+00:00,Gann Square-of-9 (12²=144 days from Jan 1),high,time_cycle,gann_rules,Rule5: 'Square of time' — 12²=144 calendar days from 2000-01-01; reversal zone in Gann Square-of-9 methodology
2000-05-28T16:05:13+00:00,Jupiter–Saturn conjunction,high,synodic_cycle,swisseph,"Rule4: 'Cycle within cycle' — Jupiter conjunction Saturn: Jupiter 52.7°, Saturn 52.7°; synodic cycle completion node"
2000-06-18T00:00:00+00:00,Gann Square-of-9 (13²=169 days from Jan 1),low,time_cycle,gann_rules,Rule5: 'Square of time' — 13²=169 calendar days from 2000-01-01; reversal zone in Gann Square-of-9 methodology
2000-06-18T07:35:16+00:00,Gann 90-Day Cycle from Spring Equinox,high,time_cycle,gann_rules,Rule3: 'Nodes=pressure points' — 90-day cycle completes from Spring Equinox (2000-03-20); Quarter-year node — seasonal turn zone
2000-06-23T08:32:00+00:00,Mercury Station Retrograde,high,planetary_station,swisseph,Rule1: 'Time hits node=MOVE' — Mercury turns retrograde at 109.96° (Cancer); cycle inversion node
2000-06-28T01:47:42+00:00,Gann 7-Day Cycle from Summer Solstice,low,time_cycle,gann_rules,Rule3: 'Nodes=pressure points' — 7-day cycle completes from Summer Solstice (2000-06-21); Weekly rhythm node
2000-07-05T01:47:42+00:00,Gann 14-Day Cycle from Summer Solstice,low,time_cycle,gann_rules,Rule3: 'Nodes=pressure points' — 14-day cycle completes from Summer Solstice (2000-06-21); 2-week minor node
2000-07-12T01:47:42+00:00,Gann 21-Day Cycle from Summer Solstice,low,time_cycle,gann_rules,Rule3: 'Nodes=pressure points' — 21-day cycle completes from Summer Solstice (2000-06-21); 3-week minor node
2000-07-15T00:00:00+00:00,Gann Square-of-9 (14²=196 days from Jan 1),medium,time_cycle,gann_rules,Rule5: 'Square of time' — 14²=196 calendar days from 2000-01-01; reversal zone in Gann Square-of-9 methodology
2000-07-17T12:00:00+00:00,Gann Pressure Point (3 cycles align),medium,pressure_point,gann_rules,"Rule1:'Time hits node=MOVE' | Rule3:'Nodes=pressure points' | Rule4:'Cycle within cycle' | 3 confluences from [planetary_station, time_cycle] | cycles: Gann Square-of-9 (14²=196 days from Jan 1); Gann 120-Day Cycle from Spring Equinox; Mercury Station Direct"
2000-07-17T13:20:23+00:00,Mercury Station Direct,medium,planetary_station,swisseph,Rule3: 'Nodes=pressure points' — Mercury turns direct at 100.39° (Cancer); cycle resumption node
2000-07-18T07:35:16+00:00,Gann 120-Day Cycle from Spring Equinox,medium,time_cycle,gann_rules,Rule3: 'Nodes=pressure points' — 120-day cycle completes from Spring Equinox (2000-03-20); 1/3 annual cycle node
2000-07-21T01:47:42+00:00,Gann 30-Day Cycle from Summer Solstice,medium,time_cycle,gann_rules,Rule3: 'Nodes=pressure points' — 30-day cycle completes from Summer Solstice (2000-06-21); Monthly node — 1/12 annual cycle
2000-08-05T01:47:42+00:00,Gann 45-Day Cycle from Summer Solstice,medium,time_cycle,gann_rules,Rule3: 'Nodes=pressure points' — 45-day cycle completes from Summer Solstice (2000-06-21); 1/8 annual cycle — first seasonal octave
2000-08-11T07:35:16+00:00,Gann 144-Day Cycle from Spring Equinox,high,time_cycle,gann_rules,Rule3: 'Nodes=pressure points' — 144-day cycle completes from Spring Equinox (2000-03-20); Gann sacred number — inner 144° cycle
2000-08-13T00:00:00+00:00,Gann Square-of-9 (15²=225 days from Jan 1),high,time_cycle,gann_rules,Rule5: 'Square of time' — 15²=225 calendar days from 2000-01-01; reversal zone in Gann Square-of-9 methodology
2000-08-20T01:47:42+00:00,Gann 60-Day Cycle from Summer Solstice,medium,time_cycle,gann_rules,Rule3: 'Nodes=pressure points' — 60-day cycle completes from Summer Solstice (2000-06-21); 2-month node — 1/6 annual cycle
2000-09-12T11:34:06+00:00,Saturn Station Retrograde,high,planetary_station,swisseph,Rule1: 'Time hits node=MOVE' — Saturn turns retrograde at 60.98° (Gemini); cycle inversion node
2000-09-13T00:00:00+00:00,Gann Square-of-9 (16²=256 days from Jan 1),low,time_cycle,gann_rules,Rule5: 'Square of time' — 16²=256 calendar days from 2000-01-01; reversal zone in Gann Square-of-9 methodology
2000-09-16T07:35:16+00:00,Gann 180-Day Cycle from Spring Equinox,high,time_cycle,gann_rules,Rule3: 'Nodes=pressure points' — 180-day cycle completes from Spring Equinox (2000-03-20); Half-year reversal node — cycle midpoint
2000-09-19T01:47:42+00:00,Gann 90-Day Cycle from Summer Solstice,high,time_cycle,gann_rules,Rule3: 'Nodes=pressure points' — 90-day cycle completes from Summer Solstice (2000-06-21); Quarter-year node — seasonal turn zone
2000-09-29T12:52:01+00:00,Jupiter Station Retrograde,high,planetary_station,swisseph,Rule1: 'Time hits node=MOVE' — Jupiter turns retrograde at 71.23° (Gemini); cycle inversion node
2000-09-29T17:27:35+00:00,Gann 7-Day Cycle from Autumn Equinox,low,time_cycle,gann_rules,Rule3: 'Nodes=pressure points' — 7-day cycle completes from Autumn Equinox (2000-09-22); Weekly rhythm node
2000-10-06T17:27:35+00:00,Gann 14-Day Cycle from Autumn Equinox,low,time_cycle,gann_rules,Rule3: 'Nodes=pressure points' — 14-day cycle completes from Autumn Equinox (2000-09-22); 2-week minor node
2000-10-13T17:27:35+00:00,Gann 21-Day Cycle from Autumn Equinox,low,time_cycle,gann_rules,Rule3: 'Nodes=pressure points' — 21-day cycle completes from Autumn Equinox (2000-09-22); 3-week minor node
2000-10-16T00:00:00+00:00,Gann Square-of-9 (17²=289 days from Jan 1),high,time_cycle,gann_rules,Rule5: 'Square of time' — 17²=289 calendar days from 2000-01-01; reversal zone in Gann Square-of-9 methodology
2000-10-16T07:35:16+00:00,Gann 210-Day Cycle from Spring Equinox,low,time_cycle,gann_rules,Rule3: 'Nodes=pressure points' — 210-day cycle completes from Spring Equinox (2000-03-20); 7-month node
2000-10-18T12:00:00+00:00,Gann Pressure Point (4 cycles align),medium,pressure_point,gann_rules,"Rule1:'Time hits node=MOVE' | Rule3:'Nodes=pressure points' | Rule4:'Cycle within cycle' | 4 confluences from [planetary_station, time_cycle] | cycles: Gann 120-Day Cycle from Summer Solstice; Gann Square-of-9 (17²=289 days from Jan 1); Mercury Station Retrograde; Gann 210-Day Cycle from Spring Equinox"
2000-10-18T13:41:05+00:00,Mercury Station Retrograde,high,planetary_station,swisseph,Rule1: 'Time hits node=MOVE' — Mercury turns retrograde at 225.80° (Scorpio); cycle inversion node
2000-10-19T01:47:42+00:00,Gann 120-Day Cycle from Summer Solstice,medium,time_cycle,gann_rules,Rule3: 'Nodes=pressure points' — 120-day cycle completes from Summer Solstice (2000-06-21); 1/3 annual cycle node
2000-10-22T17:27:35+00:00,Gann 30-Day Cycle from Autumn Equinox,medium,time_cycle,gann_rules,Rule3: 'Nodes=pressure points' — 30-day cycle completes from Autumn Equinox (2000-09-22); Monthly node — 1/12 annual cycle
2000-10-27T11:17:05+00:00,Venus–Jupiter opposition,medium,synodic_cycle,swisseph,"Rule4: 'Cycle within cycle' — Venus opposition Jupiter: Venus 250.0°, Jupiter 70.0°; synodic cycle completion node"
2000-11-06T17:27:35+00:00,Gann 45-Day Cycle from Autumn Equinox,medium,time_cycle,gann_rules,Rule3: 'Nodes=pressure points' — 45-day cycle completes from Autumn Equinox (2000-09-22); 1/8 annual cycle — first seasonal octave
2000-11-08T02:28:07+00:00,Mercury Station Direct,medium,planetary_station,swisseph,Rule3: 'Nodes=pressure points' — Mercury turns direct at 209.94° (Libra); cycle resumption node
2000-11-12T01:47:42+00:00,Gann 144-Day Cycle from Summer Solstice,high,time_cycle,gann_rules,Rule3: 'Nodes=pressure points' — 144-day cycle completes from Summer Solstice (2000-06-21); Gann sacred number — inner 144° cycle
2000-11-20T00:00:00+00:00,Gann Square-of-9 (18²=324 days from Jan 1),low,time_cycle,gann_rules,Rule5: 'Square of time' — 18²=324 calendar days from 2000-01-01; reversal zone in Gann Square-of-9 methodology
2000-11-21T17:27:35+00:00,Gann 60-Day Cycle from Autumn Equinox,medium,time_cycle,gann_rules,Rule3: 'Nodes=pressure points' — 60-day cycle completes from Autumn Equinox (2000-09-22); 2-month node — 1/6 annual cycle
2000-12-15T07:35:16+00:00,Gann 270-Day Cycle from Spring Equinox,high,time_cycle,gann_rules,Rule3: 'Nodes=pressure points' — 270-day cycle completes from Spring Equinox (2000-03-20); 3/4 annual node — final seasonal turn
2000-12-18T01:47:42+00:00,Gann 180-Day Cycle from Summer Solstice,high,time_cycle,gann_rules,Rule3: 'Nodes=pressure points' — 180-day cycle completes from Summer Solstice (2000-06-21); Half-year reversal node — cycle midpoint
2000-12-21T17:27:35+00:00,Gann 90-Day Cycle from Autumn Equinox,high,time_cycle,gann_rules,Rule3: 'Nodes=pressure points' — 90-day cycle completes from Autumn Equinox (2000-09-22); Quarter-year node — seasonal turn zone
2000-12-27T00:00:00+00:00,Gann Square-of-9 (19²=361 days from Jan 1),high,time_cycle,gann_rules,Rule5: 'Square of time' — 19²=361 calendar days from 2000-01-01; reversal zone in Gann Square-of-9 methodology
2000-12-28T13:37:26+00:00,Gann 7-Day Cycle from Winter Solstice,low,time_cycle,gann_rules,Rule3: 'Nodes=pressure points' — 7-day cycle completes from Winter Solstice (2000-12-21); Weekly rhythm node
2001-01-02T00:00:00+00:00,Gann Square-of-9 (1²=1 days from Jan 1),low,time_cycle,gann_rules,Rule5: 'Square of time' — 1²=1 calendar days from 2001-01-01; reversal zone in Gann Square-of-9 methodology
2001-01-04T13:37:26+00:00,Gann 14-Day Cycle from Winter Solstice,low,time_cycle,gann_rules,Rule3: 'Nodes=pressure points' — 14-day cycle completes from Winter Solstice (2000-12-21); 2-week minor node
2001-01-05T00:00:00+00:00,Gann Square-of-9 (2²=4 days from Jan 1),low,time_cycle,gann_rules,Rule5: 'Square of time' — 2²=4 calendar days from 2001-01-01; reversal zone in Gann Square-of-9 methodology
2001-01-10T00:00:00+00:00,Gann Square-of-9 (3²=9 days from Jan 1),low,time_cycle,gann_rules,Rule5: 'Square of time' — 3²=9 calendar days from 2001-01-01; reversal zone in Gann Square-of-9 methodology
2001-01-11T13:37:26+00:00,Gann 21-Day Cycle from Winter Solstice,low,time_cycle,gann_rules,Rule3: 'Nodes=pressure points' — 21-day cycle completes from Winter Solstice (2000-12-21); 3-week minor node
2001-01-17T00:00:00+00:00,Gann Square-of-9 (4²=16 days from Jan 1),low,time_cycle,gann_rules,Rule5: 'Square of time' — 4²=16 calendar days from 2001-01-01; reversal zone in Gann Square-of-9 methodology
2001-01-17T01:47:42+00:00,Gann 210-Day Cycle from Summer Solstice,low,time_cycle,gann_rules,Rule3: 'Nodes=pressure points' — 210-day cycle completes from Summer Solstice (2000-06-21); 7-month node
2001-01-20T13:37:26+00:00,Gann 30-Day Cycle from Winter Solstice,medium,time_cycle,gann_rules,Rule3: 'Nodes=pressure points' — 30-day cycle completes from Winter Solstice (2000-12-21); Monthly node — 1/12 annual cycle
2001-01-20T17:27:35+00:00,Gann 120-Day Cycle from Autumn Equinox,medium,time_cycle,gann_rules,Rule3: 'Nodes=pressure points' — 120-day cycle completes from Autumn Equinox (2000-09-22); 1/3 annual cycle node
2001-01-25T00:24:22+00:00,Saturn Station Direct,medium,planetary_station,swisseph,Rule3: 'Nodes=pressure points' — Saturn turns direct at 54.06° (Taurus); cycle resumption node
2001-01-25T08:37:57+00:00,Jupiter Station Direct,medium,planetary_station,swisseph,Rule3: 'Nodes=pressure points' — Jupiter turns direct at 61.19° (Gemini); cycle resumption node
2001-01-25T12:00:00+00:00,Gann Pressure Point (3 cycles align),medium,pressure_point,gann_rules,"Rule1:'Time hits node=MOVE' | Rule3:'Nodes=pressure points' | Rule4:'Cycle within cycle' | 3 confluences from [planetary_station, time_cycle] | cycles: Jupiter Station Direct; Saturn Station Direct; Gann Square-of-9 (5²=25 days from Jan 1)"
2001-01-26T00:00:00+00:00,Gann Square-of-9 (5²=25 days from Jan 1),low,time_cycle,gann_rules,Rule5: 'Square of time' — 5²=25 calendar days from 2001-01-01; reversal zone in Gann Square-of-9 methodology
2001-01-29T07:35:16+00:00,Gann 315-Day Cycle from Spring Equinox,medium,time_cycle,gann_rules,Rule3: 'Nodes=pressure points' — 315-day cycle completes from Spring Equinox (2000-03-20); 7/8 annual node
2001-02-04T00:00:00+00:00,Gann Square-of-9 (20²=400 days from Jan 1),low,time_cycle,gann_rules,Rule5: 'Square of time' — 20²=400 calendar days from 2000-01-01; reversal zone in Gann Square-of-9 methodology
2001-02-04T01:58:11+00:00,Mercury Station Retrograde,high,planetary_station,swisseph,Rule1: 'Time hits node=MOVE' — Mercury turns retrograde at 330.69° (Pisces); cycle inversion node
2001-02-04T12:00:00+00:00,Gann Pressure Point (4 cycles align),medium,pressure_point,gann_rules,"Rule1:'Time hits node=MOVE' | Rule3:'Nodes=pressure points' | Rule4:'Cycle within cycle' | 4 confluences from [planetary_station, time_cycle] | cycles: Mercury Station Retrograde; Gann Square-of-9 (20²=400 days from Jan 1); Gann 45-Day Cycle from Winter Solstice; Gann Square-of-9 (6²=36 days from Jan 1)"
2001-02-04T13:37:26+00:00,Gann 45-Day Cycle from Winter Solstice,medium,time_cycle,gann_rules,Rule3: 'Nodes=pressure points' — 45-day cycle completes from Winter Solstice (2000-12-21); 1/8 annual cycle — first seasonal octave
2001-02-06T00:00:00+00:00,Gann Square-of-9 (6²=36 days from Jan 1),low,time_cycle,gann_rules,Rule5: 'Square of time' — 6²=36 calendar days from 2001-01-01; reversal zone in Gann Square-of-9 methodology
2001-02-13T17:27:35+00:00,Gann 144-Day Cycle from Autumn Equinox,high,time_cycle,gann_rules,Rule3: 'Nodes=pressure points' — 144-day cycle completes from Autumn Equinox (2000-09-22); Gann sacred number — inner 144° cycle
2001-02-19T00:00:00+00:00,Gann Square-of-9 (7²=49 days from Jan 1),low,time_cycle,gann_rules,Rule5: 'Square of time' — 7²=49 calendar days from 2001-01-01; reversal zone in Gann Square-of-9 methodology
2001-02-19T13:37:26+00:00,Gann 60-Day Cycle from Winter Solstice,medium,time_cycle,gann_rules,Rule3: 'Nodes=pressure points' — 60-day cycle completes from Winter Solstice (2000-12-21); 2-month node — 1/6 annual cycle
2001-02-25T15:41:23+00:00,Mercury Station Direct,medium,planetary_station,swisseph,Rule3: 'Nodes=pressure points' — Mercury turns direct at 315.41° (Aquarius); cycle resumption node
2001-03-06T00:00:00+00:00,Gann Square-of-9 (8²=64 days from Jan 1),low,time_cycle,gann_rules,Rule5: 'Square of time' — 8²=64 calendar days from 2001-01-01; reversal zone in Gann Square-of-9 methodology
2001-03-09T01:06:35+00:00,Venus Station Retrograde,high,planetary_station,swisseph,Rule1: 'Time hits node=MOVE' — Venus turns retrograde at 17.73° (Aries); cycle inversion node
2001-03-15T07:35:16+00:00,Gann 360-Day Cycle from Spring Equinox,high,time_cycle,gann_rules,Rule3: 'Nodes=pressure points' — 360-day cycle completes from Spring Equinox (2000-03-20); Annual cycle completion — full revolution
2001-03-18T01:47:42+00:00,Gann 270-Day Cycle from Summer Solstice,high,time_cycle,gann_rules,Rule3: 'Nodes=pressure points' — 270-day cycle completes from Summer Solstice (2000-06-21); 3/4 annual node — final seasonal turn
2001-03-21T13:37:26+00:00,Gann 90-Day Cycle from Winter Solstice,high,time_cycle,gann_rules,Rule3: 'Nodes=pressure points' — 90-day cycle completes from Winter Solstice (2000-12-21); Quarter-year node — seasonal turn zone
2001-03-21T17:27:35+00:00,Gann 180-Day Cycle from Autumn Equinox,high,time_cycle,gann_rules,Rule3: 'Nodes=pressure points' — 180-day cycle completes from Autumn Equinox (2000-09-22); Half-year reversal node — cycle midpoint
2001-03-23T00:00:00+00:00,Gann Square-of-9 (9²=81 days from Jan 1),medium,time_cycle,gann_rules,Rule5: 'Square of time' — 9²=81 calendar days from 2001-01-01; reversal zone in Gann Square-of-9 methodology
2001-03-27T13:30:44+00:00,Gann 7-Day Cycle from Spring Equinox,low,time_cycle,gann_rules,Rule3: 'Nodes=pressure points' — 7-day cycle completes from Spring Equinox (2001-03-20); Weekly rhythm node
2001-04-03T13:30:44+00:00,Gann 14-Day Cycle from Spring Equinox,low,time_cycle,gann_rules,Rule3: 'Nodes=pressure points' — 14-day cycle completes from Spring Equinox (2001-03-20); 2-week minor node
2001-04-10T13:30:44+00:00,Gann 21-Day Cycle from Spring Equinox,low,time_cycle,gann_rules,Rule3: 'Nodes=pressure points' — 21-day cycle completes from Spring Equinox (2001-03-20); 3-week minor node
2001-04-11T00:00:00+00:00,Gann Square-of-9 (10²=100 days from Jan 1),medium,time_cycle,gann_rules,Rule5: 'Square of time' — 10²=100 calendar days from 2001-01-01; reversal zone in Gann Square-of-9 methodology
2001-04-19T12:00:00+00:00,Gann Pressure Point (4 cycles align),medium,pressure_point,gann_rules,"Rule1:'Time hits node=MOVE' | Rule3:'Nodes=pressure points' | Rule4:'Cycle within cycle' | 4 confluences from [planetary_station, time_cycle] | cycles: Gann 30-Day Cycle from Spring Equinox; Gann 120-Day Cycle from Winter Solstice; Venus Station Direct; Gann 210-Day Cycle from Autumn Equinox"
2001-04-19T13:30:44+00:00,Gann 30-Day Cycle from Spring Equinox,medium,time_cycle,gann_rules,Rule3: 'Nodes=pressure points' — 30-day cycle completes from Spring Equinox (2001-03-20); Monthly node — 1/12 annual cycle
2001-04-20T04:34:08+00:00,Venus Station Direct,medium,planetary_station,swisseph,Rule3: 'Nodes=pressure points' — Venus turns direct at 1.46° (Aries); cycle resumption node
2001-04-20T13:37:26+00:00,Gann 120-Day Cycle from Winter Solstice,medium,time_cycle,gann_rules,Rule3: 'Nodes=pressure points' — 120-day cycle completes from Winter Solstice (2000-12-21); 1/3 annual cycle node
2001-04-20T17:27:35+00:00,Gann 210-Day Cycle from Autumn Equinox,low,time_cycle,gann_rules,Rule3: 'Nodes=pressure points' — 210-day cycle completes from Autumn Equinox (2000-09-22); 7-month node
2001-05-02T00:00:00+00:00,Gann Square-of-9 (11²=121 days from Jan 1),medium,time_cycle,gann_rules,Rule5: 'Square of time' — 11²=121 calendar days from 2001-01-01; reversal zone in Gann Square-of-9 methodology
2001-05-02T01:47:42+00:00,Gann 315-Day Cycle from Summer Solstice,medium,time_cycle,gann_rules,Rule3: 'Nodes=pressure points' — 315-day cycle completes from Summer Solstice (2000-06-21); 7/8 annual node
2001-05-04T13:30:44+00:00,Gann 45-Day Cycle from Spring Equinox,medium,time_cycle,gann_rules,Rule3: 'Nodes=pressure points' — 45-day cycle completes from Spring Equinox (2001-03-20); 1/8 annual cycle — first seasonal octave
2001-05-11T16:08:16+00:00,Mars Station Retrograde,high,planetary_station,swisseph,Rule1: 'Time hits node=MOVE' — Mars turns retrograde at 269.05° (Sagittarius); cycle inversion node
2001-05-14T13:37:26+00:00,Gann 144-Day Cycle from Winter Solstice,high,time_cycle,gann_rules,Rule3: 'Nodes=pressure points' — 144-day cycle completes from Winter Solstice (2000-12-21); Gann sacred number — inner 144° cycle
2001-05-19T13:30:44+00:00,Gann 60-Day Cycle from Spring Equinox,medium,time_cycle,gann_rules,Rule3: 'Nodes=pressure points' — 60-day cycle completes from Spring Equinox (2001-03-20); 2-month node — 1/6 annual cycle
2001-05-25T00:00:00+00:00,Gann Square-of-9 (12²=144 days from Jan 1),high,time_cycle,gann_rules,Rule5: 'Square of time' — 12²=144 calendar days from 2001-01-01; reversal zone in Gann Square-of-9 methodology
2001-06-04T05:21:54+00:00,Mercury Station Retrograde,high,planetary_station,swisseph,Rule1: 'Time hits node=MOVE' — Mercury turns retrograde at 89.96° (Gemini); cycle inversion node
2001-06-12T17:01:45+00:00,Jupiter–Mars opposition,medium,synodic_cycle,swisseph,"Rule4: 'Cycle within cycle' — Jupiter opposition Mars: Jupiter 83.1°, Mars 263.1°; synodic cycle completion node"
2001-06-16T01:47:42+00:00,Gann 360-Day Cycle from Summer Solstice,high,time_cycle,gann_rules,Rule3: 'Nodes=pressure points' — 360-day cycle completes from Summer Solstice (2000-06-21); Annual cycle completion — full revolution
2001-06-18T13:30:44+00:00,Gann 90-Day Cycle from Spring Equinox,high,time_cycle,gann_rules,Rule3: 'Nodes=pressure points' — 90-day cycle completes from Spring Equinox (2001-03-20); Quarter-year node — seasonal turn zone
2001-06-19T00:00:00+00:00,Gann Square-of-9 (13²=169 days from Jan 1),low,time_cycle,gann_rules,Rule5: 'Square of time' — 13²=169 calendar days from 2001-01-01; reversal zone in Gann Square-of-9 methodology
2001-06-19T13:37:26+00:00,Gann 180-Day Cycle from Winter Solstice,high,time_cycle,gann_rules,Rule3: 'Nodes=pressure points' — 180-day cycle completes from Winter Solstice (2000-12-21); Half-year reversal node — cycle midpoint
2001-06-19T17:27:35+00:00,Gann 270-Day Cycle from Autumn Equinox,high,time_cycle,gann_rules,Rule3: 'Nodes=pressure points' — 270-day cycle completes from Autumn Equinox (2000-09-22); 3/4 annual node — final seasonal turn
2001-06-28T05:49:06+00:00,Mercury Station Direct,medium,planetary_station,swisseph,Rule3: 'Nodes=pressure points' — Mercury turns direct at 81.27° (Gemini); cycle resumption node
2001-06-28T07:37:44+00:00,Gann 7-Day Cycle from Summer Solstice,low,time_cycle,gann_rules,Rule3: 'Nodes=pressure points' — 7-day cycle completes from Summer Solstice (2001-06-21); Weekly rhythm node
2001-07-05T07:37:44+00:00,Gann 14-Day Cycle from Summer Solstice,low,time_cycle,gann_rules,Rule3: 'Nodes=pressure points' — 14-day cycle completes from Summer Solstice (2001-06-21); 2-week minor node
2001-07-12T07:37:44+00:00,Gann 21-Day Cycle from Summer Solstice,low,time_cycle,gann_rules,Rule3: 'Nodes=pressure points' — 21-day cycle completes from Summer Solstice (2001-06-21); 3-week minor node
2001-07-16T00:00:00+00:00,Gann Square-of-9 (14²=196 days from Jan 1),medium,time_cycle,gann_rules,Rule5: 'Square of time' — 14²=196 calendar days from 2001-01-01; reversal zone in Gann Square-of-9 methodology
2001-07-18T12:00:00+00:00,Gann Pressure Point (4 cycles align),medium,pressure_point,gann_rules,"Rule1:'Time hits node=MOVE' | Rule3:'Nodes=pressure points' | Rule4:'Cycle within cycle' | 4 confluences from [planetary_station, time_cycle] | cycles: Gann Square-of-9 (14²=196 days from Jan 1); Gann 120-Day Cycle from Spring Equinox; Mars Station Direct; Gann 210-Day Cycle from Winter Solstice"
2001-07-18T13:30:44+00:00,Gann 120-Day Cycle from Spring Equinox,medium,time_cycle,gann_rules,Rule3: 'Nodes=pressure points' — 120-day cycle completes from Spring Equinox (2001-03-20); 1/3 annual cycle node
2001-07-19T13:37:26+00:00,Gann 210-Day Cycle from Winter Solstice,low,time_cycle,gann_rules,Rule3: 'Nodes=pressure points' — 210-day cycle completes from Winter Solstice (2000-12-21); 7-month node
2001-07-19T22:45:26+00:00,Mars Station Direct,medium,planetary_station,swisseph,Rule3: 'Nodes=pressure points' — Mars turns direct at 255.11° (Sagittarius); cycle resumption node
2001-07-21T07:37:44+00:00,Gann 30-Day Cycle from Summer Solstice,medium,time_cycle,gann_rules,Rule3: 'Nodes=pressure points' — 30-day cycle completes from Summer Solstice (2001-06-21); Monthly node — 1/12 annual cycle
2001-08-03T12:00:00+00:00,Gann Pressure Point (4 cycles align),high,pressure_point,gann_rules,"Rule1:'Time hits node=MOVE' | Rule3:'Nodes=pressure points' | Rule4:'Cycle within cycle' | 4 confluences from [synodic_cycle, time_cycle] | cycles: Venus–Jupiter conjunction; Saturn–Pluto opposition; Gann 45-Day Cycle from Summer Solstice; Gann 315-Day Cycle from Autumn Equinox"
2001-08-03T17:27:35+00:00,Gann 315-Day Cycle from Autumn Equinox,medium,time_cycle,gann_rules,Rule3: 'Nodes=pressure points' — 315-day cycle completes from Autumn Equinox (2000-09-22); 7/8 annual node
2001-08-05T07:37:44+00:00,Gann 45-Day Cycle from Summer Solstice,medium,time_cycle,gann_rules,Rule3: 'Nodes=pressure points' — 45-day cycle completes from Summer Solstice (2001-06-21); 1/8 annual cycle — first seasonal octave
2001-08-05T17:20:49+00:00,Saturn–Pluto opposition,high,synodic_cycle,swisseph,"Rule4: 'Cycle within cycle' — Saturn opposition Pluto: Saturn 72.6°, Pluto 252.6°; synodic cycle completion node"
2001-08-05T22:50:00+00:00,Venus–Jupiter conjunction,medium,synodic_cycle,swisseph,"Rule4: 'Cycle within cycle' — Venus conjunction Jupiter: Venus 95.1°, Jupiter 95.1°; synodic cycle completion node"
2001-08-11T13:30:44+00:00,Gann 144-Day Cycle from Spring Equinox,high,time_cycle,gann_rules,Rule3: 'Nodes=pressure points' — 144-day cycle completes from Spring Equinox (2001-03-20); Gann sacred number — inner 144° cycle
2001-08-14T00:00:00+00:00,Gann Square-of-9 (15²=225 days from Jan 1),high,time_cycle,gann_rules,Rule5: 'Square of time' — 15²=225 calendar days from 2001-01-01; reversal zone in Gann Square-of-9 methodology
2001-08-20T07:37:44+00:00,Gann 60-Day Cycle from Summer Solstice,medium,time_cycle,gann_rules,Rule3: 'Nodes=pressure points' — 60-day cycle completes from Summer Solstice (2001-06-21); 2-month node — 1/6 annual cycle
2001-09-14T00:00:00+00:00,Gann Square-of-9 (16²=256 days from Jan 1),low,time_cycle,gann_rules,Rule5: 'Square of time' — 16²=256 calendar days from 2001-01-01; reversal zone in Gann Square-of-9 methodology
2001-09-16T13:30:44+00:00,Gann 180-Day Cycle from Spring Equinox,high,time_cycle,gann_rules,Rule3: 'Nodes=pressure points' — 180-day cycle completes from Spring Equinox (2001-03-20); Half-year reversal node — cycle midpoint
2001-09-17T13:37:26+00:00,Gann 270-Day Cycle from Winter Solstice,high,time_cycle,gann_rules,Rule3: 'Nodes=pressure points' — 270-day cycle completes from Winter Solstice (2000-12-21); 3/4 annual node — final seasonal turn
2001-09-17T17:27:35+00:00,Gann 360-Day Cycle from Autumn Equinox,high,time_cycle,gann_rules,Rule3: 'Nodes=pressure points' — 360-day cycle completes from Autumn Equinox (2000-09-22); Annual cycle completion — full revolution
2001-09-19T07:37:44+00:00,Gann 90-Day Cycle from Summer Solstice,high,time_cycle,gann_rules,Rule3: 'Nodes=pressure points' — 90-day cycle completes from Summer Solstice (2001-06-21); Quarter-year node — seasonal turn zone
2001-09-27T00:04:06+00:00,Saturn Station Retrograde,high,planetary_station,swisseph,Rule1: 'Time hits node=MOVE' — Saturn turns retrograde at 74.97° (Gemini); cycle inversion node
2001-09-29T12:00:00+00:00,Gann Pressure Point (3 cycles align),medium,pressure_point,gann_rules,"Rule1:'Time hits node=MOVE' | Rule3:'Nodes=pressure points' | Rule4:'Cycle within cycle' | 3 confluences from [planetary_station, time_cycle] | cycles: Gann 7-Day Cycle from Autumn Equinox; Saturn Station Retrograde; Mercury Station Retrograde"
2001-09-29T23:04:28+00:00,Gann 7-Day Cycle from Autumn Equinox,low,time_cycle,gann_rules,Rule3: 'Nodes=pressure points' — 7-day cycle completes from Autumn Equinox (2001-09-22); Weekly rhythm node
2001-10-01T19:23:22+00:00,Mercury Station Retrograde,high,planetary_station,swisseph,Rule1: 'Time hits node=MOVE' — Mercury turns retrograde at 209.69° (Libra); cycle inversion node
2001-10-06T23:04:28+00:00,Gann 14-Day Cycle from Autumn Equinox,low,time_cycle,gann_rules,Rule3: 'Nodes=pressure points' — 14-day cycle completes from Autumn Equinox (2001-09-22); 2-week minor node
2001-10-13T23:04:28+00:00,Gann 21-Day Cycle from Autumn Equinox,low,time_cycle,gann_rules,Rule3: 'Nodes=pressure points' — 21-day cycle completes from Autumn Equinox (2001-09-22); 3-week minor node
2001-10-16T13:30:44+00:00,Gann 210-Day Cycle from Spring Equinox,low,time_cycle,gann_rules,Rule3: 'Nodes=pressure points' — 210-day cycle completes from Spring Equinox (2001-03-20); 7-month node
2001-10-17T00:00:00+00:00,Gann Square-of-9 (17²=289 days from Jan 1),high,time_cycle,gann_rules,Rule5: 'Square of time' — 17²=289 calendar days from 2001-01-01; reversal zone in Gann Square-of-9 methodology
2001-10-19T07:37:44+00:00,Gann 120-Day Cycle from Summer Solstice,medium,time_cycle,gann_rules,Rule3: 'Nodes=pressure points' — 120-day cycle completes from Summer Solstice (2001-06-21); 1/3 annual cycle node
2001-10-22T23:04:28+00:00,Gann 30-Day Cycle from Autumn Equinox,medium,time_cycle,gann_rules,Rule3: 'Nodes=pressure points' — 30-day cycle completes from Autumn Equinox (2001-09-22); Monthly node — 1/12 annual cycle
2001-10-23T00:22:58+00:00,Mercury Station Direct,medium,planetary_station,swisseph,Rule3: 'Nodes=pressure points' — Mercury turns direct at 194.20° (Libra); cycle resumption node
2001-11-01T13:37:26+00:00,Gann 315-Day Cycle from Winter Solstice,medium,time_cycle,gann_rules,Rule3: 'Nodes=pressure points' — 315-day cycle completes from Winter Solstice (2000-12-21); 7/8 annual node
2001-11-02T15:34:46+00:00,Jupiter Station Retrograde,high,planetary_station,swisseph,Rule1: 'Time hits node=MOVE' — Jupiter turns retrograde at 105.69° (Cancer); cycle inversion node
2001-11-06T23:04:28+00:00,Gann 45-Day Cycle from Autumn Equinox,medium,time_cycle,gann_rules,Rule3: 'Nodes=pressure points' — 45-day cycle completes from Autumn Equinox (2001-09-22); 1/8 annual cycle — first seasonal octave
2001-11-12T07:37:44+00:00,Gann 144-Day Cycle from Summer Solstice,high,time_cycle,gann_rules,Rule3: 'Nodes=pressure points' — 144-day cycle completes from Summer Solstice (2001-06-21); Gann sacred number — inner 144° cycle
2001-11-21T00:00:00+00:00,Gann Square-of-9 (18²=324 days from Jan 1),low,time_cycle,gann_rules,Rule5: 'Square of time' — 18²=324 calendar days from 2001-01-01; reversal zone in Gann Square-of-9 methodology
2001-11-21T23:04:28+00:00,Gann 60-Day Cycle from Autumn Equinox,medium,time_cycle,gann_rules,Rule3: 'Nodes=pressure points' — 60-day cycle completes from Autumn Equinox (2001-09-22); 2-month node — 1/6 annual cycle
2001-12-15T13:30:44+00:00,Gann 270-Day Cycle from Spring Equinox,high,time_cycle,gann_rules,Rule3: 'Nodes=pressure points' — 270-day cycle completes from Spring Equinox (2001-03-20); 3/4 annual node — final seasonal turn
2001-12-16T13:37:26+00:00,Gann 360-Day Cycle from Winter Solstice,high,time_cycle,gann_rules,Rule3: 'Nodes=pressure points' — 360-day cycle completes from Winter Solstice (2000-12-21); Annual cycle completion — full revolution
2001-12-18T07:37:44+00:00,Gann 180-Day Cycle from Summer Solstice,high,time_cycle,gann_rules,Rule3: 'Nodes=pressure points' — 180-day cycle completes from Summer Solstice (2001-06-21); Half-year reversal node — cycle midpoint
2001-12-21T23:04:28+00:00,Gann 90-Day Cycle from Autumn Equinox,high,time_cycle,gann_rules,Rule3: 'Nodes=pressure points' — 90-day cycle completes from Autumn Equinox (2001-09-22); Quarter-year node — seasonal turn zone
2001-12-28T00:00:00+00:00,Gann Square-of-9 (19²=361 days from Jan 1),high,time_cycle,gann_rules,Rule5: 'Square of time' — 19²=361 calendar days from 2001-01-01; reversal zone in Gann Square-of-9 methodology
2001-12-28T19:21:29+00:00,Gann 7-Day Cycle from Winter Solstice,low,time_cycle,gann_rules,Rule3: 'Nodes=pressure points' — 7-day cycle completes from Winter Solstice (2001-12-21); Weekly rhythm node
2002-01-02T00:00:00+00:00,Gann Square-of-9 (1²=1 days from Jan 1),low,time_cycle,gann_rules,Rule5: 'Square of time' — 1²=1 calendar days from 2002-01-01; reversal zone in Gann Square-of-9 methodology
2002-01-03T12:00:00+00:00,Gann Pressure Point (4 cycles align),high,pressure_point,gann_rules,"Rule1:'Time hits node=MOVE' | Rule3:'Nodes=pressure points' | Rule4:'Cycle within cycle' | 4 confluences from [synodic_cycle, time_cycle] | cycles: Gann Square-of-9 (1²=1 days from Jan 1); Venus–Jupiter opposition; Gann 14-Day Cycle from Winter Solstice; Gann Square-of-9 (2²=4 days from Jan 1)"
2002-01-03T12:22:03+00:00,Venus–Jupiter opposition,medium,synodic_cycle,swisseph,"Rule4: 'Cycle within cycle' — Venus opposition Jupiter: Venus 280.3°, Jupiter 100.3°; synodic cycle completion node"
2002-01-04T19:21:29+00:00,Gann 14-Day Cycle from Winter Solstice,low,time_cycle,gann_rules,Rule3: 'Nodes=pressure points' — 14-day cycle completes from Winter Solstice (2001-12-21); 2-week minor node
2002-01-05T00:00:00+00:00,Gann Square-of-9 (2²=4 days from Jan 1),low,time_cycle,gann_rules,Rule5: 'Square of time' — 2²=4 calendar days from 2002-01-01; reversal zone in Gann Square-of-9 methodology
2002-01-10T00:00:00+00:00,Gann Square-of-9 (3²=9 days from Jan 1),low,time_cycle,gann_rules,Rule5: 'Square of time' — 3²=9 calendar days from 2002-01-01; reversal zone in Gann Square-of-9 methodology
2002-01-11T19:21:29+00:00,Gann 21-Day Cycle from Winter Solstice,low,time_cycle,gann_rules,Rule3: 'Nodes=pressure points' — 21-day cycle completes from Winter Solstice (2001-12-21); 3-week minor node
2002-01-17T00:00:00+00:00,Gann Square-of-9 (4²=16 days from Jan 1),low,time_cycle,gann_rules,Rule5: 'Square of time' — 4²=16 calendar days from 2002-01-01; reversal zone in Gann Square-of-9 methodology
2002-01-17T07:37:44+00:00,Gann 210-Day Cycle from Summer Solstice,low,time_cycle,gann_rules,Rule3: 'Nodes=pressure points' — 210-day cycle completes from Summer Solstice (2001-06-21); 7-month node
2002-01-18T12:00:00+00:00,Gann Pressure Point (5 cycles align),high,pressure_point,gann_rules,"Rule1:'Time hits node=MOVE' | Rule3:'Nodes=pressure points' | Rule4:'Cycle within cycle' | 5 confluences from [planetary_station, time_cycle] | cycles: Gann Square-of-9 (4²=16 days from Jan 1); Gann 210-Day Cycle from Summer Solstice; Mercury Station Retrograde; Gann 30-Day Cycle from Winter Solstice; Gann 120-Day Cycle from Autumn Equinox"
2002-01-18T20:50:00+00:00,Mercury Station Retrograde,high,planetary_station,swisseph,Rule1: 'Time hits node=MOVE' — Mercury turns retrograde at 314.48° (Aquarius); cycle inversion node
2002-01-20T19:21:29+00:00,Gann 30-Day Cycle from Winter Solstice,medium,time_cycle,gann_rules,Rule3: 'Nodes=pressure points' — 30-day cycle completes from Winter Solstice (2001-12-21); Monthly node — 1/12 annual cycle
2002-01-20T23:04:28+00:00,Gann 120-Day Cycle from Autumn Equinox,medium,time_cycle,gann_rules,Rule3: 'Nodes=pressure points' — 120-day cycle completes from Autumn Equinox (2001-09-22); 1/3 annual cycle node
2002-01-26T00:00:00+00:00,Gann Square-of-9 (5²=25 days from Jan 1),low,time_cycle,gann_rules,Rule5: 'Square of time' — 5²=25 calendar days from 2002-01-01; reversal zone in Gann Square-of-9 methodology
2002-01-29T13:30:44+00:00,Gann 315-Day Cycle from Spring Equinox,medium,time_cycle,gann_rules,Rule3: 'Nodes=pressure points' — 315-day cycle completes from Spring Equinox (2001-03-20); 7/8 annual node
2002-02-04T19:21:29+00:00,Gann 45-Day Cycle from Winter Solstice,medium,time_cycle,gann_rules,Rule3: 'Nodes=pressure points' — 45-day cycle completes from Winter Solstice (2001-12-21); 1/8 annual cycle — first seasonal octave
2002-02-05T00:00:00+00:00,Gann Square-of-9 (20²=400 days from Jan 1),low,time_cycle,gann_rules,Rule5: 'Square of time' — 20²=400 calendar days from 2001-01-01; reversal zone in Gann Square-of-9 methodology
2002-02-06T00:00:00+00:00,Gann Square-of-9 (6²=36 days from Jan 1),low,time_cycle,gann_rules,Rule5: 'Square of time' — 6²=36 calendar days from 2002-01-01; reversal zone in Gann Square-of-9 methodology
2002-02-06T12:00:00+00:00,Gann Pressure Point (5 cycles align),high,pressure_point,gann_rules,"Rule1:'Time hits node=MOVE' | Rule3:'Nodes=pressure points' | Rule4:'Cycle within cycle' | 5 confluences from [planetary_station, time_cycle] | cycles: Saturn Station Direct; Mercury Station Direct; Gann Square-of-9 (6²=36 days from Jan 1); Gann Square-of-9 (20²=400 days from Jan 1); Gann 45-Day Cycle from Winter Solstice"
2002-02-08T01:31:44+00:00,Saturn Station Direct,medium,planetary_station,swisseph,Rule3: 'Nodes=pressure points' — Saturn turns direct at 68.03° (Gemini); cycle resumption node
2002-02-08T17:27:49+00:00,Mercury Station Direct,medium,planetary_station,swisseph,Rule3: 'Nodes=pressure points' — Mercury turns direct at 298.63° (Capricorn); cycle resumption node
2002-02-13T23:04:28+00:00,Gann 144-Day Cycle from Autumn Equinox,high,time_cycle,gann_rules,Rule3: 'Nodes=pressure points' — 144-day cycle completes from Autumn Equinox (2001-09-22); Gann sacred number — inner 144° cycle
2002-02-19T00:00:00+00:00,Gann Square-of-9 (7²=49 days from Jan 1),low,time_cycle,gann_rules,Rule5: 'Square of time' — 7²=49 calendar days from 2002-01-01; reversal zone in Gann Square-of-9 methodology
2002-02-19T19:21:29+00:00,Gann 60-Day Cycle from Winter Solstice,medium,time_cycle,gann_rules,Rule3: 'Nodes=pressure points' — 60-day cycle completes from Winter Solstice (2001-12-21); 2-month node — 1/6 annual cycle
2002-03-01T15:14:54+00:00,Jupiter Station Direct,medium,planetary_station,swisseph,Rule3: 'Nodes=pressure points' — Jupiter turns direct at 95.62° (Cancer); cycle resumption node
2002-03-06T00:00:00+00:00,Gann Square-of-9 (8²=64 days from Jan 1),low,time_cycle,gann_rules,Rule5: 'Square of time' — 8²=64 calendar days from 2002-01-01; reversal zone in Gann Square-of-9 methodology
2002-03-15T13:30:44+00:00,Gann 360-Day Cycle from Spring Equinox,high,time_cycle,gann_rules,Rule3: 'Nodes=pressure points' — 360-day cycle completes from Spring Equinox (2001-03-20); Annual cycle completion — full revolution
2002-03-18T07:37:44+00:00,Gann 270-Day Cycle from Summer Solstice,high,time_cycle,gann_rules,Rule3: 'Nodes=pressure points' — 270-day cycle completes from Summer Solstice (2001-06-21); 3/4 annual node — final seasonal turn
2002-03-21T19:21:29+00:00,Gann 90-Day Cycle from Winter Solstice,high,time_cycle,gann_rules,Rule3: 'Nodes=pressure points' — 90-day cycle completes from Winter Solstice (2001-12-21); Quarter-year node — seasonal turn zone
2002-03-21T23:04:28+00:00,Gann 180-Day Cycle from Autumn Equinox,high,time_cycle,gann_rules,Rule3: 'Nodes=pressure points' — 180-day cycle completes from Autumn Equinox (2001-09-22); Half-year reversal node — cycle midpoint
2002-03-23T00:00:00+00:00,Gann Square-of-9 (9²=81 days from Jan 1),medium,time_cycle,gann_rules,Rule5: 'Square of time' — 9²=81 calendar days from 2002-01-01; reversal zone in Gann Square-of-9 methodology
2002-03-27T19:16:09+00:00,Gann 7-Day Cycle from Spring Equinox,low,time_cycle,gann_rules,Rule3: 'Nodes=pressure points' — 7-day cycle completes from Spring Equinox (2002-03-20); Weekly rhythm node
2002-04-03T19:16:09+00:00,Gann 14-Day Cycle from Spring Equinox,low,time_cycle,gann_rules,Rule3: 'Nodes=pressure points' — 14-day cycle completes from Spring Equinox (2002-03-20); 2-week minor node
2002-04-10T19:16:09+00:00,Gann 21-Day Cycle from Spring Equinox,low,time_cycle,gann_rules,Rule3: 'Nodes=pressure points' — 21-day cycle completes from Spring Equinox (2002-03-20); 3-week minor node
2002-04-11T00:00:00+00:00,Gann Square-of-9 (10²=100 days from Jan 1),medium,time_cycle,gann_rules,Rule5: 'Square of time' — 10²=100 calendar days from 2002-01-01; reversal zone in Gann Square-of-9 methodology
2002-04-19T19:16:09+00:00,Gann 30-Day Cycle from Spring Equinox,medium,time_cycle,gann_rules,Rule3: 'Nodes=pressure points' — 30-day cycle completes from Spring Equinox (2002-03-20); Monthly node — 1/12 annual cycle
2002-04-20T19:21:29+00:00,Gann 120-Day Cycle from Winter Solstice,medium,time_cycle,gann_rules,Rule3: 'Nodes=pressure points' — 120-day cycle completes from Winter Solstice (2001-12-21); 1/3 annual cycle node
2002-04-20T23:04:28+00:00,Gann 210-Day Cycle from Autumn Equinox,low,time_cycle,gann_rules,Rule3: 'Nodes=pressure points' — 210-day cycle completes from Autumn Equinox (2001-09-22); 7-month node
2002-05-02T00:00:00+00:00,Gann Square-of-9 (11²=121 days from Jan 1),medium,time_cycle,gann_rules,Rule5: 'Square of time' — 11²=121 calendar days from 2002-01-01; reversal zone in Gann Square-of-9 methodology
2002-05-02T07:37:44+00:00,Gann 315-Day Cycle from Summer Solstice,medium,time_cycle,gann_rules,Rule3: 'Nodes=pressure points' — 315-day cycle completes from Summer Solstice (2001-06-21); 7/8 annual node
2002-05-04T19:16:09+00:00,Gann 45-Day Cycle from Spring Equinox,medium,time_cycle,gann_rules,Rule3: 'Nodes=pressure points' — 45-day cycle completes from Spring Equinox (2002-03-20); 1/8 annual cycle — first seasonal octave
2002-05-14T19:21:29+00:00,Gann 144-Day Cycle from Winter Solstice,high,time_cycle,gann_rules,Rule3: 'Nodes=pressure points' — 144-day cycle completes from Winter Solstice (2001-12-21); Gann sacred number — inner 144° cycle
2002-05-15T18:50:00+00:00,Mercury Station Retrograde,high,planetary_station,swisseph,Rule1: 'Time hits node=MOVE' — Mercury turns retrograde at 69.99° (Gemini); cycle inversion node
2002-05-19T19:16:09+00:00,Gann 60-Day Cycle from Spring Equinox,medium,time_cycle,gann_rules,Rule3: 'Nodes=pressure points' — 60-day cycle completes from Spring Equinox (2002-03-20); 2-month node — 1/6 annual cycle
2002-05-25T00:00:00+00:00,Gann Square-of-9 (12²=144 days from Jan 1),high,time_cycle,gann_rules,Rule5: 'Square of time' — 12²=144 calendar days from 2002-01-01; reversal zone in Gann Square-of-9 methodology
2002-05-26T02:45:19+00:00,Saturn–Pluto opposition,high,synodic_cycle,swisseph,"Rule4: 'Cycle within cycle' — Saturn opposition Pluto: Saturn 76.6°, Pluto 256.6°; synodic cycle completion node"
2002-06-03T23:11:32+00:00,Venus–Jupiter conjunction,medium,synodic_cycle,swisseph,"Rule4: 'Cycle within cycle' — Venus conjunction Jupiter: Venus 107.2°, Jupiter 107.2°; synodic cycle completion node"
2002-06-08T15:11:29+00:00,Mercury Station Direct,medium,planetary_station,swisseph,Rule3: 'Nodes=pressure points' — Mercury turns direct at 61.35° (Gemini); cycle resumption node
2002-06-16T07:37:44+00:00,Gann 360-Day Cycle from Summer Solstice,high,time_cycle,gann_rules,Rule3: 'Nodes=pressure points' — 360-day cycle completes from Summer Solstice (2001-06-21); Annual cycle completion — full revolution
2002-06-18T19:16:09+00:00,Gann 90-Day Cycle from Spring Equinox,high,time_cycle,gann_rules,Rule3: 'Nodes=pressure points' — 90-day cycle completes from Spring Equinox (2002-03-20); Quarter-year node — seasonal turn zone
2002-06-19T00:00:00+00:00,Gann Square-of-9 (13²=169 days from Jan 1),low,time_cycle,gann_rules,Rule5: 'Square of time' — 13²=169 calendar days from 2002-01-01; reversal zone in Gann Square-of-9 methodology
2002-06-19T19:21:29+00:00,Gann 180-Day Cycle from Winter Solstice,high,time_cycle,gann_rules,Rule3: 'Nodes=pressure points' — 180-day cycle completes from Winter Solstice (2001-12-21); Half-year reversal node — cycle midpoint
2002-06-19T23:04:28+00:00,Gann 270-Day Cycle from Autumn Equinox,high,time_cycle,gann_rules,Rule3: 'Nodes=pressure points' — 270-day cycle completes from Autumn Equinox (2001-09-22); 3/4 annual node — final seasonal turn
2002-06-28T13:24:24+00:00,Gann 7-Day Cycle from Summer Solstice,low,time_cycle,gann_rules,Rule3: 'Nodes=pressure points' — 7-day cycle completes from Summer Solstice (2002-06-21); Weekly rhythm node
2002-07-05T13:24:24+00:00,Gann 14-Day Cycle from Summer Solstice,low,time_cycle,gann_rules,Rule3: 'Nodes=pressure points' — 14-day cycle completes from Summer Solstice (2002-06-21); 2-week minor node
2002-07-12T13:24:24+00:00,Gann 21-Day Cycle from Summer Solstice,low,time_cycle,gann_rules,Rule3: 'Nodes=pressure points' — 21-day cycle completes from Summer Solstice (2002-06-21); 3-week minor node
2002-07-16T00:00:00+00:00,Gann Square-of-9 (14²=196 days from Jan 1),medium,time_cycle,gann_rules,Rule5: 'Square of time' — 14²=196 calendar days from 2002-01-01; reversal zone in Gann Square-of-9 methodology
2002-07-18T19:16:09+00:00,Gann 120-Day Cycle from Spring Equinox,medium,time_cycle,gann_rules,Rule3: 'Nodes=pressure points' — 120-day cycle completes from Spring Equinox (2002-03-20); 1/3 annual cycle node
2002-07-19T19:21:29+00:00,Gann 210-Day Cycle from Winter Solstice,low,time_cycle,gann_rules,Rule3: 'Nodes=pressure points' — 210-day cycle completes from Winter Solstice (2001-12-21); 7-month node
2002-07-21T13:24:24+00:00,Gann 30-Day Cycle from Summer Solstice,medium,time_cycle,gann_rules,Rule3: 'Nodes=pressure points' — 30-day cycle completes from Summer Solstice (2002-06-21); Monthly node — 1/12 annual cycle
2002-08-03T23:04:28+00:00,Gann 315-Day Cycle from Autumn Equinox,medium,time_cycle,gann_rules,Rule3: 'Nodes=pressure points' — 315-day cycle completes from Autumn Equinox (2001-09-22); 7/8 annual node
2002-08-05T13:24:24+00:00,Gann 45-Day Cycle from Summer Solstice,medium,time_cycle,gann_rules,Rule3: 'Nodes=pressure points' — 45-day cycle completes from Summer Solstice (2002-06-21); 1/8 annual cycle — first seasonal octave
2002-08-11T19:16:09+00:00,Gann 144-Day Cycle from Spring Equinox,high,time_cycle,gann_rules,Rule3: 'Nodes=pressure points' — 144-day cycle completes from Spring Equinox (2002-03-20); Gann sacred number — inner 144° cycle
2002-08-14T00:00:00+00:00,Gann Square-of-9 (15²=225 days from Jan 1),high,time_cycle,gann_rules,Rule5: 'Square of time' — 15²=225 calendar days from 2002-01-01; reversal zone in Gann Square-of-9 methodology
2002-08-20T13:24:24+00:00,Gann 60-Day Cycle from Summer Solstice,medium,time_cycle,gann_rules,Rule3: 'Nodes=pressure points' — 60-day cycle completes from Summer Solstice (2002-06-21); 2-month node — 1/6 annual cycle
2002-09-14T00:00:00+00:00,Gann Square-of-9 (16²=256 days from Jan 1),low,time_cycle,gann_rules,Rule5: 'Square of time' — 16²=256 calendar days from 2002-01-01; reversal zone in Gann Square-of-9 methodology
2002-09-14T19:38:33+00:00,Mercury Station Retrograde,high,planetary_station,swisseph,Rule1: 'Time hits node=MOVE' — Mercury turns retrograde at 193.24° (Libra); cycle inversion node
2002-09-16T12:00:00+00:00,Gann Pressure Point (5 cycles align),high,pressure_point,gann_rules,"Rule1:'Time hits node=MOVE' | Rule3:'Nodes=pressure points' | Rule4:'Cycle within cycle' | 5 confluences from [planetary_station, time_cycle] | cycles: Gann 360-Day Cycle from Autumn Equinox; Gann Square-of-9 (16²=256 days from Jan 1); Mercury Station Retrograde; Gann 270-Day Cycle from Winter Solstice; Gann 180-Day Cycle from Spring Equinox"
2002-09-16T19:16:09+00:00,Gann 180-Day Cycle from Spring Equinox,high,time_cycle,gann_rules,Rule3: 'Nodes=pressure points' — 180-day cycle completes from Spring Equinox (2002-03-20); Half-year reversal node — cycle midpoint
2002-09-17T19:21:29+00:00,Gann 270-Day Cycle from Winter Solstice,high,time_cycle,gann_rules,Rule3: 'Nodes=pressure points' — 270-day cycle completes from Winter Solstice (2001-12-21); 3/4 annual node — final seasonal turn
2002-09-17T23:04:28+00:00,Gann 360-Day Cycle from Autumn Equinox,high,time_cycle,gann_rules,Rule3: 'Nodes=pressure points' — 360-day cycle completes from Autumn Equinox (2001-09-22); Annual cycle completion — full revolution
2002-09-19T13:24:24+00:00,Gann 90-Day Cycle from Summer Solstice,high,time_cycle,gann_rules,Rule3: 'Nodes=pressure points' — 90-day cycle completes from Summer Solstice (2002-06-21); Quarter-year node — seasonal turn zone
2002-09-30T04:55:23+00:00,Gann 7-Day Cycle from Autumn Equinox,low,time_cycle,gann_rules,Rule3: 'Nodes=pressure points' — 7-day cycle completes from Autumn Equinox (2002-09-23); Weekly rhythm node
2002-10-06T19:25:50+00:00,Mercury Station Direct,medium,planetary_station,swisseph,Rule3: 'Nodes=pressure points' — Mercury turns direct at 178.32° (Virgo); cycle resumption node
2002-10-07T04:55:23+00:00,Gann 14-Day Cycle from Autumn Equinox,low,time_cycle,gann_rules,Rule3: 'Nodes=pressure points' — 14-day cycle completes from Autumn Equinox (2002-09-23); 2-week minor node
2002-10-10T18:35:11+00:00,Venus Station Retrograde,high,planetary_station,swisseph,Rule1: 'Time hits node=MOVE' — Venus turns retrograde at 225.61° (Scorpio); cycle inversion node
2002-10-11T13:01:23+00:00,Saturn Station Retrograde,high,planetary_station,swisseph,Rule1: 'Time hits node=MOVE' — Saturn turns retrograde at 89.09° (Gemini); cycle inversion node
2002-10-14T04:55:23+00:00,Gann 21-Day Cycle from Autumn Equinox,low,time_cycle,gann_rules,Rule3: 'Nodes=pressure points' — 21-day cycle completes from Autumn Equinox (2002-09-23); 3-week minor node
2002-10-16T19:16:09+00:00,Gann 210-Day Cycle from Spring Equinox,low,time_cycle,gann_rules,Rule3: 'Nodes=pressure points' — 210-day cycle completes from Spring Equinox (2002-03-20); 7-month node
2002-10-17T00:00:00+00:00,Gann Square-of-9 (17²=289 days from Jan 1),high,time_cycle,gann_rules,Rule5: 'Square of time' — 17²=289 calendar days from 2002-01-01; reversal zone in Gann Square-of-9 methodology
2002-10-19T13:24:24+00:00,Gann 120-Day Cycle from Summer Solstice,medium,time_cycle,gann_rules,Rule3: 'Nodes=pressure points' — 120-day cycle completes from Summer Solstice (2002-06-21); 1/3 annual cycle node
2002-10-23T04:55:23+00:00,Gann 30-Day Cycle from Autumn Equinox,medium,time_cycle,gann_rules,Rule3: 'Nodes=pressure points' — 30-day cycle completes from Autumn Equinox (2002-09-23); Monthly node — 1/12 annual cycle
2002-11-01T19:21:29+00:00,Gann 315-Day Cycle from Winter Solstice,medium,time_cycle,gann_rules,Rule3: 'Nodes=pressure points' — 315-day cycle completes from Winter Solstice (2001-12-21); 7/8 annual node
2002-11-07T04:55:23+00:00,Gann 45-Day Cycle from Autumn Equinox,medium,time_cycle,gann_rules,Rule3: 'Nodes=pressure points' — 45-day cycle completes from Autumn Equinox (2002-09-23); 1/8 annual cycle — first seasonal octave
2002-11-12T13:24:24+00:00,Gann 144-Day Cycle from Summer Solstice,high,time_cycle,gann_rules,Rule3: 'Nodes=pressure points' — 144-day cycle completes from Summer Solstice (2002-06-21); Gann sacred number — inner 144° cycle
2002-11-21T00:00:00+00:00,Gann Square-of-9 (18²=324 days from Jan 1),low,time_cycle,gann_rules,Rule5: 'Square of time' — 18²=324 calendar days from 2002-01-01; reversal zone in Gann Square-of-9 methodology
2002-11-21T07:12:39+00:00,Venus Station Direct,medium,planetary_station,swisseph,Rule3: 'Nodes=pressure points' — Venus turns direct at 210.05° (Scorpio); cycle resumption node
2002-11-21T12:00:00+00:00,Gann Pressure Point (3 cycles align),medium,pressure_point,gann_rules,"Rule1:'Time hits node=MOVE' | Rule3:'Nodes=pressure points' | Rule4:'Cycle within cycle' | 3 confluences from [planetary_station, time_cycle] | cycles: Gann 60-Day Cycle from Autumn Equinox; Venus Station Direct; Gann Square-of-9 (18²=324 days from Jan 1)"
2002-11-22T04:55:23+00:00,Gann 60-Day Cycle from Autumn Equinox,medium,time_cycle,gann_rules,Rule3: 'Nodes=pressure points' — 60-day cycle completes from Autumn Equinox (2002-09-23); 2-month node — 1/6 annual cycle
2002-12-04T12:21:37+00:00,Jupiter Station Retrograde,high,planetary_station,swisseph,Rule1: 'Time hits node=MOVE' — Jupiter turns retrograde at 138.10° (Leo); cycle inversion node
2002-12-15T19:16:09+00:00,Gann 270-Day Cycle from Spring Equinox,high,time_cycle,gann_rules,Rule3: 'Nodes=pressure points' — 270-day cycle completes from Spring Equinox (2002-03-20); 3/4 annual node — final seasonal turn
2002-12-16T19:21:29+00:00,Gann 360-Day Cycle from Winter Solstice,high,time_cycle,gann_rules,Rule3: 'Nodes=pressure points' — 360-day cycle completes from Winter Solstice (2001-12-21); Annual cycle completion — full revolution
2002-12-18T13:24:24+00:00,Gann 180-Day Cycle from Summer Solstice,high,time_cycle,gann_rules,Rule3: 'Nodes=pressure points' — 180-day cycle completes from Summer Solstice (2002-06-21); Half-year reversal node — cycle midpoint
2002-12-22T04:55:23+00:00,Gann 90-Day Cycle from Autumn Equinox,high,time_cycle,gann_rules,Rule3: 'Nodes=pressure points' — 90-day cycle completes from Autumn Equinox (2002-09-23); Quarter-year node — seasonal turn zone
2002-12-28T00:00:00+00:00,Gann Square-of-9 (19²=361 days from Jan 1),high,time_cycle,gann_rules,Rule5: 'Square of time' — 19²=361 calendar days from 2002-01-01; reversal zone in Gann Square-of-9 methodology
2002-12-29T01:14:22+00:00,Gann 7-Day Cycle from Winter Solstice,low,time_cycle,gann_rules,Rule3: 'Nodes=pressure points' — 7-day cycle completes from Winter Solstice (2002-12-22); Weekly rhythm node
2003-01-02T00:00:00+00:00,Gann Square-of-9 (1²=1 days from Jan 1),low,time_cycle,gann_rules,Rule5: 'Square of time' — 1²=1 calendar days from 2003-01-01; reversal zone in Gann Square-of-9 methodology
2003-01-02T18:19:20+00:00,Mercury Station Retrograde,high,planetary_station,swisseph,Rule1: 'Time hits node=MOVE' — Mercury turns retrograde at 298.46° (Capricorn); cycle inversion node
2003-01-05T00:00:00+00:00,Gann Square-of-9 (2²=4 days from Jan 1),low,time_cycle,gann_rules,Rule5: 'Square of time' — 2²=4 calendar days from 2003-01-01; reversal zone in Gann Square-of-9 methodology
2003-01-05T01:14:22+00:00,Gann 14-Day Cycle from Winter Solstice,low,time_cycle,gann_rules,Rule3: 'Nodes=pressure points' — 14-day cycle completes from Winter Solstice (2002-12-22); 2-week minor node
2003-01-10T00:00:00+00:00,Gann Square-of-9 (3²=9 days from Jan 1),low,time_cycle,gann_rules,Rule5: 'Square of time' — 3²=9 calendar days from 2003-01-01; reversal zone in Gann Square-of-9 methodology
2003-01-12T01:14:22+00:00,Gann 21-Day Cycle from Winter Solstice,low,time_cycle,gann_rules,Rule3: 'Nodes=pressure points' — 21-day cycle completes from Winter Solstice (2002-12-22); 3-week minor node
2003-01-17T00:00:00+00:00,Gann Square-of-9 (4²=16 days from Jan 1),low,time_cycle,gann_rules,Rule5: 'Square of time' — 4²=16 calendar days from 2003-01-01; reversal zone in Gann Square-of-9 methodology
2003-01-17T13:24:24+00:00,Gann 210-Day Cycle from Summer Solstice,low,time_cycle,gann_rules,Rule3: 'Nodes=pressure points' — 210-day cycle completes from Summer Solstice (2002-06-21); 7-month node
2003-01-21T01:14:22+00:00,Gann 30-Day Cycle from Winter Solstice,medium,time_cycle,gann_rules,Rule3: 'Nodes=pressure points' — 30-day cycle completes from Winter Solstice (2002-12-22); Monthly node — 1/12 annual cycle
2003-01-21T04:55:23+00:00,Gann 120-Day Cycle from Autumn Equinox,medium,time_cycle,gann_rules,Rule3: 'Nodes=pressure points' — 120-day cycle completes from Autumn Equinox (2002-09-23); 1/3 annual cycle node
2003-01-21T12:00:00+00:00,Gann Pressure Point (3 cycles align),medium,pressure_point,gann_rules,"Rule1:'Time hits node=MOVE' | Rule3:'Nodes=pressure points' | Rule4:'Cycle within cycle' | 3 confluences from [planetary_station, time_cycle] | cycles: Gann 30-Day Cycle from Winter Solstice; Mercury Station Direct; Gann 120-Day Cycle from Autumn Equinox"
2003-01-23T01:08:12+00:00,Mercury Station Direct,medium,planetary_station,swisseph,Rule3: 'Nodes=pressure points' — Mercury turns direct at 282.30° (Capricorn); cycle resumption node
2003-01-26T00:00:00+00:00,Gann Square-of-9 (5²=25 days from Jan 1),low,time_cycle,gann_rules,Rule5: 'Square of time' — 5²=25 calendar days from 2003-01-01; reversal zone in Gann Square-of-9 methodology
2003-01-29T19:16:09+00:00,Gann 315-Day Cycle from Spring Equinox,medium,time_cycle,gann_rules,Rule3: 'Nodes=pressure points' — 315-day cycle completes from Spring Equinox (2002-03-20); 7/8 annual node
2003-02-05T00:00:00+00:00,Gann Square-of-9 (20²=400 days from Jan 1),low,time_cycle,gann_rules,Rule5: 'Square of time' — 20²=400 calendar days from 2002-01-01; reversal zone in Gann Square-of-9 methodology
2003-02-05T01:14:22+00:00,Gann 45-Day Cycle from Winter Solstice,medium,time_cycle,gann_rules,Rule3: 'Nodes=pressure points' — 45-day cycle completes from Winter Solstice (2002-12-22); 1/8 annual cycle — first seasonal octave
2003-02-06T00:00:00+00:00,Gann Square-of-9 (6²=36 days from Jan 1),low,time_cycle,gann_rules,Rule5: 'Square of time' — 6²=36 calendar days from 2003-01-01; reversal zone in Gann Square-of-9 methodology
2003-02-14T04:55:23+00:00,Gann 144-Day Cycle from Autumn Equinox,high,time_cycle,gann_rules,Rule3: 'Nodes=pressure points' — 144-day cycle completes from Autumn Equinox (2002-09-23); Gann sacred number — inner 144° cycle
2003-02-19T00:00:00+00:00,Gann Square-of-9 (7²=49 days from Jan 1),low,time_cycle,gann_rules,Rule5: 'Square of time' — 7²=49 calendar days from 2003-01-01; reversal zone in Gann Square-of-9 methodology
2003-02-20T01:14:22+00:00,Gann 60-Day Cycle from Winter Solstice,medium,time_cycle,gann_rules,Rule3: 'Nodes=pressure points' — 60-day cycle completes from Winter Solstice (2002-12-22); 2-month node — 1/6 annual cycle
2003-02-20T12:00:00+00:00,Gann Pressure Point (3 cycles align),medium,pressure_point,gann_rules,"Rule1:'Time hits node=MOVE' | Rule3:'Nodes=pressure points' | Rule4:'Cycle within cycle' | 3 confluences from [planetary_station, time_cycle] | cycles: Gann 60-Day Cycle from Winter Solstice; Saturn Station Direct; Gann Square-of-9 (7²=49 days from Jan 1)"
2003-02-22T07:40:23+00:00,Saturn Station Direct,medium,planetary_station,swisseph,Rule3: 'Nodes=pressure points' — Saturn turns direct at 82.14° (Gemini); cycle resumption node
2003-03-06T00:00:00+00:00,Gann Square-of-9 (8²=64 days from Jan 1),low,time_cycle,gann_rules,Rule5: 'Square of time' — 8²=64 calendar days from 2003-01-01; reversal zone in Gann Square-of-9 methodology
2003-03-10T04:17:38+00:00,Venus–Jupiter opposition,medium,synodic_cycle,swisseph,"Rule4: 'Cycle within cycle' — Venus opposition Jupiter: Venus 309.0°, Jupiter 129.0°; synodic cycle completion node"
2003-03-15T19:16:09+00:00,Gann 360-Day Cycle from Spring Equinox,high,time_cycle,gann_rules,Rule3: 'Nodes=pressure points' — 360-day cycle completes from Spring Equinox (2002-03-20); Annual cycle completion — full revolution
2003-03-18T13:24:24+00:00,Gann 270-Day Cycle from Summer Solstice,high,time_cycle,gann_rules,Rule3: 'Nodes=pressure points' — 270-day cycle completes from Summer Solstice (2002-06-21); 3/4 annual node — final seasonal turn
2003-03-22T01:14:22+00:00,Gann 90-Day Cycle from Winter Solstice,high,time_cycle,gann_rules,Rule3: 'Nodes=pressure points' — 90-day cycle completes from Winter Solstice (2002-12-22); Quarter-year node — seasonal turn zone
2003-03-22T04:55:23+00:00,Gann 180-Day Cycle from Autumn Equinox,high,time_cycle,gann_rules,Rule3: 'Nodes=pressure points' — 180-day cycle completes from Autumn Equinox (2002-09-23); Half-year reversal node — cycle midpoint
2003-03-23T00:00:00+00:00,Gann Square-of-9 (9²=81 days from Jan 1),medium,time_cycle,gann_rules,Rule5: 'Square of time' — 9²=81 calendar days from 2003-01-01; reversal zone in Gann Square-of-9 methodology
2003-03-28T00:59:46+00:00,Gann 7-Day Cycle from Spring Equinox,low,time_cycle,gann_rules,Rule3: 'Nodes=pressure points' — 7-day cycle completes from Spring Equinox (2003-03-21); Weekly rhythm node
2003-04-04T00:59:46+00:00,Gann 14-Day Cycle from Spring Equinox,low,time_cycle,gann_rules,Rule3: 'Nodes=pressure points' — 14-day cycle completes from Spring Equinox (2003-03-21); 2-week minor node
2003-04-04T03:03:50+00:00,Jupiter Station Direct,medium,planetary_station,swisseph,Rule3: 'Nodes=pressure points' — Jupiter turns direct at 128.06° (Leo); cycle resumption node
2003-04-11T00:00:00+00:00,Gann Square-of-9 (10²=100 days from Jan 1),medium,time_cycle,gann_rules,Rule5: 'Square of time' — 10²=100 calendar days from 2003-01-01; reversal zone in Gann Square-of-9 methodology
2003-04-11T00:59:46+00:00,Gann 21-Day Cycle from Spring Equinox,low,time_cycle,gann_rules,Rule3: 'Nodes=pressure points' — 21-day cycle completes from Spring Equinox (2003-03-21); 3-week minor node
2003-04-20T00:59:46+00:00,Gann 30-Day Cycle from Spring Equinox,medium,time_cycle,gann_rules,Rule3: 'Nodes=pressure points' — 30-day cycle completes from Spring Equinox (2003-03-21); Monthly node — 1/12 annual cycle
2003-04-21T01:14:22+00:00,Gann 120-Day Cycle from Winter Solstice,medium,time_cycle,gann_rules,Rule3: 'Nodes=pressure points' — 120-day cycle completes from Winter Solstice (2002-12-22); 1/3 annual cycle node
2003-04-21T04:55:23+00:00,Gann 210-Day Cycle from Autumn Equinox,low,time_cycle,gann_rules,Rule3: 'Nodes=pressure points' — 210-day cycle completes from Autumn Equinox (2002-09-23); 7-month node
2003-04-26T11:58:58+00:00,Mercury Station Retrograde,high,planetary_station,swisseph,Rule1: 'Time hits node=MOVE' — Mercury turns retrograde at 50.55° (Taurus); cycle inversion node
2003-05-02T00:00:00+00:00,Gann Square-of-9 (11²=121 days from Jan 1),medium,time_cycle,gann_rules,Rule5: 'Square of time' — 11²=121 calendar days from 2003-01-01; reversal zone in Gann Square-of-9 methodology
2003-05-02T13:24:24+00:00,Gann 315-Day Cycle from Summer Solstice,medium,time_cycle,gann_rules,Rule3: 'Nodes=pressure points' — 315-day cycle completes from Summer Solstice (2002-06-21); 7/8 annual node
2003-05-05T00:59:46+00:00,Gann 45-Day Cycle from Spring Equinox,medium,time_cycle,gann_rules,Rule3: 'Nodes=pressure points' — 45-day cycle completes from Spring Equinox (2003-03-21); 1/8 annual cycle — first seasonal octave
2003-05-15T01:14:22+00:00,Gann 144-Day Cycle from Winter Solstice,high,time_cycle,gann_rules,Rule3: 'Nodes=pressure points' — 144-day cycle completes from Winter Solstice (2002-12-22); Gann sacred number — inner 144° cycle
2003-05-20T00:59:46+00:00,Gann 60-Day Cycle from Spring Equinox,medium,time_cycle,gann_rules,Rule3: 'Nodes=pressure points' — 60-day cycle completes from Spring Equinox (2003-03-21); 2-month node — 1/6 annual cycle
2003-05-20T07:32:39+00:00,Mercury Station Direct,medium,planetary_station,swisseph,Rule3: 'Nodes=pressure points' — Mercury turns direct at 41.12° (Taurus); cycle resumption node
2003-05-25T00:00:00+00:00,Gann Square-of-9 (12²=144 days from Jan 1),high,time_cycle,gann_rules,Rule5: 'Square of time' — 12²=144 calendar days from 2003-01-01; reversal zone in Gann Square-of-9 methodology
2003-06-16T13:24:24+00:00,Gann 360-Day Cycle from Summer Solstice,high,time_cycle,gann_rules,Rule3: 'Nodes=pressure points' — 360-day cycle completes from Summer Solstice (2002-06-21); Annual cycle completion — full revolution
2003-06-19T00:00:00+00:00,Gann Square-of-9 (13²=169 days from Jan 1),low,time_cycle,gann_rules,Rule5: 'Square of time' — 13²=169 calendar days from 2003-01-01; reversal zone in Gann Square-of-9 methodology
2003-06-19T00:59:46+00:00,Gann 90-Day Cycle from Spring Equinox,high,time_cycle,gann_rules,Rule3: 'Nodes=pressure points' — 90-day cycle completes from Spring Equinox (2003-03-21); Quarter-year node — seasonal turn zone
2003-06-20T01:14:22+00:00,Gann 180-Day Cycle from Winter Solstice,high,time_cycle,gann_rules,Rule3: 'Nodes=pressure points' — 180-day cycle completes from Winter Solstice (2002-12-22); Half-year reversal node — cycle midpoint
2003-06-20T04:55:23+00:00,Gann 270-Day Cycle from Autumn Equinox,high,time_cycle,gann_rules,Rule3: 'Nodes=pressure points' — 270-day cycle completes from Autumn Equinox (2002-09-23); 3/4 annual node — final seasonal turn
2003-06-28T19:10:28+00:00,Gann 7-Day Cycle from Summer Solstice,low,time_cycle,gann_rules,Rule3: 'Nodes=pressure points' — 7-day cycle completes from Summer Solstice (2003-06-21); Weekly rhythm node
2003-07-05T19:10:28+00:00,Gann 14-Day Cycle from Summer Solstice,low,time_cycle,gann_rules,Rule3: 'Nodes=pressure points' — 14-day cycle completes from Summer Solstice (2003-06-21); 2-week minor node
2003-07-12T19:10:28+00:00,Gann 21-Day Cycle from Summer Solstice,low,time_cycle,gann_rules,Rule3: 'Nodes=pressure points' — 21-day cycle completes from Summer Solstice (2003-06-21); 3-week minor node
2003-07-16T00:00:00+00:00,Gann Square-of-9 (14²=196 days from Jan 1),medium,time_cycle,gann_rules,Rule5: 'Square of time' — 14²=196 calendar days from 2003-01-01; reversal zone in Gann Square-of-9 methodology
2003-07-19T00:59:46+00:00,Gann 120-Day Cycle from Spring Equinox,medium,time_cycle,gann_rules,Rule3: 'Nodes=pressure points' — 120-day cycle completes from Spring Equinox (2003-03-21); 1/3 annual cycle node
2003-07-20T01:14:22+00:00,Gann 210-Day Cycle from Winter Solstice,low,time_cycle,gann_rules,Rule3: 'Nodes=pressure points' — 210-day cycle completes from Winter Solstice (2002-12-22); 7-month node
2003-07-21T19:10:28+00:00,Gann 30-Day Cycle from Summer Solstice,medium,time_cycle,gann_rules,Rule3: 'Nodes=pressure points' — 30-day cycle completes from Summer Solstice (2003-06-21); Monthly node — 1/12 annual cycle
2003-07-29T07:36:56+00:00,Mars Station Retrograde,high,planetary_station,swisseph,Rule1: 'Time hits node=MOVE' — Mars turns retrograde at 340.13° (Pisces); cycle inversion node
2003-08-04T04:55:23+00:00,Gann 315-Day Cycle from Autumn Equinox,medium,time_cycle,gann_rules,Rule3: 'Nodes=pressure points' — 315-day cycle completes from Autumn Equinox (2002-09-23); 7/8 annual node
2003-08-05T19:10:28+00:00,Gann 45-Day Cycle from Summer Solstice,medium,time_cycle,gann_rules,Rule3: 'Nodes=pressure points' — 45-day cycle completes from Summer Solstice (2003-06-21); 1/8 annual cycle — first seasonal octave
2003-08-12T00:59:46+00:00,Gann 144-Day Cycle from Spring Equinox,high,time_cycle,gann_rules,Rule3: 'Nodes=pressure points' — 144-day cycle completes from Spring Equinox (2003-03-21); Gann sacred number — inner 144° cycle
2003-08-14T00:00:00+00:00,Gann Square-of-9 (15²=225 days from Jan 1),high,time_cycle,gann_rules,Rule5: 'Square of time' — 15²=225 calendar days from 2003-01-01; reversal zone in Gann Square-of-9 methodology
2003-08-20T19:10:28+00:00,Gann 60-Day Cycle from Summer Solstice,medium,time_cycle,gann_rules,Rule3: 'Nodes=pressure points' — 60-day cycle completes from Summer Solstice (2003-06-21); 2-month node — 1/6 annual cycle
2003-08-21T10:23:14+00:00,Venus–Jupiter conjunction,medium,synodic_cycle,swisseph,"Rule4: 'Cycle within cycle' — Venus conjunction Jupiter: Venus 148.7°, Jupiter 148.7°; synodic cycle completion node"
2003-08-28T13:41:27+00:00,Mercury Station Retrograde,high,planetary_station,swisseph,Rule1: 'Time hits node=MOVE' — Mercury turns retrograde at 176.32° (Virgo); cycle inversion node
2003-08-30T04:37:15+00:00,Jupiter–Uranus opposition,high,synodic_cycle,swisseph,"Rule4: 'Cycle within cycle' — Jupiter opposition Uranus: Jupiter 150.6°, Uranus 330.6°; synodic cycle completion node"
2003-09-07T19:59:53+00:00,Jupiter–Mars opposition,medium,synodic_cycle,swisseph,"Rule4: 'Cycle within cycle' — Jupiter opposition Mars: Jupiter 152.5°, Mars 332.5°; synodic cycle completion node"
2003-09-14T00:00:00+00:00,Gann Square-of-9 (16²=256 days from Jan 1),low,time_cycle,gann_rules,Rule5: 'Square of time' — 16²=256 calendar days from 2003-01-01; reversal zone in Gann Square-of-9 methodology
2003-09-17T00:59:46+00:00,Gann 180-Day Cycle from Spring Equinox,high,time_cycle,gann_rules,Rule3: 'Nodes=pressure points' — 180-day cycle completes from Spring Equinox (2003-03-21); Half-year reversal node — cycle midpoint
2003-09-18T01:14:22+00:00,Gann 270-Day Cycle from Winter Solstice,high,time_cycle,gann_rules,Rule3: 'Nodes=pressure points' — 270-day cycle completes from Winter Solstice (2002-12-22); 3/4 annual node — final seasonal turn
2003-09-18T04:55:23+00:00,Gann 360-Day Cycle from Autumn Equinox,high,time_cycle,gann_rules,Rule3: 'Nodes=pressure points' — 360-day cycle completes from Autumn Equinox (2002-09-23); Annual cycle completion — full revolution
2003-09-18T12:00:00+00:00,Gann Pressure Point (5 cycles align),high,pressure_point,gann_rules,"Rule1:'Time hits node=MOVE' | Rule3:'Nodes=pressure points' | Rule4:'Cycle within cycle' | 5 confluences from [planetary_station, time_cycle] | cycles: Gann 90-Day Cycle from Summer Solstice; Gann 360-Day Cycle from Autumn Equinox; Gann 270-Day Cycle from Winter Solstice; Gann 180-Day Cycle from Spring Equinox; Mercury Station Direct"
2003-09-19T19:10:28+00:00,Gann 90-Day Cycle from Summer Solstice,high,time_cycle,gann_rules,Rule3: 'Nodes=pressure points' — 90-day cycle completes from Summer Solstice (2003-06-21); Quarter-year node — seasonal turn zone
2003-09-20T08:52:19+00:00,Mercury Station Direct,medium,planetary_station,swisseph,Rule3: 'Nodes=pressure points' — Mercury turns direct at 162.20° (Virgo); cycle resumption node
2003-09-27T07:52:15+00:00,Mars Station Direct,medium,planetary_station,swisseph,Rule3: 'Nodes=pressure points' — Mars turns direct at 330.12° (Pisces); cycle resumption node
2003-09-30T10:46:50+00:00,Gann 7-Day Cycle from Autumn Equinox,low,time_cycle,gann_rules,Rule3: 'Nodes=pressure points' — 7-day cycle completes from Autumn Equinox (2003-09-23); Weekly rhythm node
2003-10-07T10:46:50+00:00,Gann 14-Day Cycle from Autumn Equinox,low,time_cycle,gann_rules,Rule3: 'Nodes=pressure points' — 14-day cycle completes from Autumn Equinox (2003-09-23); 2-week minor node
2003-10-14T10:46:50+00:00,Gann 21-Day Cycle from Autumn Equinox,low,time_cycle,gann_rules,Rule3: 'Nodes=pressure points' — 21-day cycle completes from Autumn Equinox (2003-09-23); 3-week minor node
2003-10-17T00:00:00+00:00,Gann Square-of-9 (17²=289 days from Jan 1),high,time_cycle,gann_rules,Rule5: 'Square of time' — 17²=289 calendar days from 2003-01-01; reversal zone in Gann Square-of-9 methodology
2003-10-17T00:59:46+00:00,Gann 210-Day Cycle from Spring Equinox,low,time_cycle,gann_rules,Rule3: 'Nodes=pressure points' — 210-day cycle completes from Spring Equinox (2003-03-21); 7-month node
2003-10-19T19:10:28+00:00,Gann 120-Day Cycle from Summer Solstice,medium,time_cycle,gann_rules,Rule3: 'Nodes=pressure points' — 120-day cycle completes from Summer Solstice (2003-06-21); 1/3 annual cycle node
2003-10-23T10:46:50+00:00,Gann 30-Day Cycle from Autumn Equinox,medium,time_cycle,gann_rules,Rule3: 'Nodes=pressure points' — 30-day cycle completes from Autumn Equinox (2003-09-23); Monthly node — 1/12 annual cycle
2003-10-25T23:42:31+00:00,Saturn Station Retrograde,high,planetary_station,swisseph,Rule1: 'Time hits node=MOVE' — Saturn turns retrograde at 103.24° (Cancer); cycle inversion node
2003-11-02T01:14:22+00:00,Gann 315-Day Cycle from Winter Solstice,medium,time_cycle,gann_rules,Rule3: 'Nodes=pressure points' — 315-day cycle completes from Winter Solstice (2002-12-22); 7/8 annual node
2003-11-07T10:46:50+00:00,Gann 45-Day Cycle from Autumn Equinox,medium,time_cycle,gann_rules,Rule3: 'Nodes=pressure points' — 45-day cycle completes from Autumn Equinox (2003-09-23); 1/8 annual cycle — first seasonal octave
2003-11-12T19:10:28+00:00,Gann 144-Day Cycle from Summer Solstice,high,time_cycle,gann_rules,Rule3: 'Nodes=pressure points' — 144-day cycle completes from Summer Solstice (2003-06-21); Gann sacred number — inner 144° cycle
2003-11-21T00:00:00+00:00,Gann Square-of-9 (18²=324 days from Jan 1),low,time_cycle,gann_rules,Rule5: 'Square of time' — 18²=324 calendar days from 2003-01-01; reversal zone in Gann Square-of-9 methodology
2003-11-22T10:46:50+00:00,Gann 60-Day Cycle from Autumn Equinox,medium,time_cycle,gann_rules,Rule3: 'Nodes=pressure points' — 60-day cycle completes from Autumn Equinox (2003-09-23); 2-month node — 1/6 annual cycle
2003-12-16T00:59:46+00:00,Gann 270-Day Cycle from Spring Equinox,high,time_cycle,gann_rules,Rule3: 'Nodes=pressure points' — 270-day cycle completes from Spring Equinox (2003-03-21); 3/4 annual node — final seasonal turn
2003-12-16T12:00:00+00:00,Gann Pressure Point (4 cycles align),medium,pressure_point,gann_rules,"Rule1:'Time hits node=MOVE' | Rule3:'Nodes=pressure points' | Rule4:'Cycle within cycle' | 4 confluences from [planetary_station, time_cycle] | cycles: Gann 180-Day Cycle from Summer Solstice; Mercury Station Retrograde; Gann 360-Day Cycle from Winter Solstice; Gann 270-Day Cycle from Spring Equinox"
2003-12-17T01:14:22+00:00,Gann 360-Day Cycle from Winter Solstice,high,time_cycle,gann_rules,Rule3: 'Nodes=pressure points' — 360-day cycle completes from Winter Solstice (2002-12-22); Annual cycle completion — full revolution
2003-12-17T16:01:02+00:00,Mercury Station Retrograde,high,planetary_station,swisseph,Rule1: 'Time hits node=MOVE' — Mercury turns retrograde at 282.56° (Capricorn); cycle inversion node
2003-12-18T19:10:28+00:00,Gann 180-Day Cycle from Summer Solstice,high,time_cycle,gann_rules,Rule3: 'Nodes=pressure points' — 180-day cycle completes from Summer Solstice (2003-06-21); Half-year reversal node — cycle midpoint
2003-12-22T10:46:50+00:00,Gann 90-Day Cycle from Autumn Equinox,high,time_cycle,gann_rules,Rule3: 'Nodes=pressure points' — 90-day cycle completes from Autumn Equinox (2003-09-23); Quarter-year node — seasonal turn zone
2003-12-28T00:00:00+00:00,Gann Square-of-9 (19²=361 days from Jan 1),high,time_cycle,gann_rules,Rule5: 'Square of time' — 19²=361 calendar days from 2003-01-01; reversal zone in Gann Square-of-9 methodology
2003-12-29T07:03:48+00:00,Gann 7-Day Cycle from Winter Solstice,low,time_cycle,gann_rules,Rule3: 'Nodes=pressure points' — 7-day cycle completes from Winter Solstice (2003-12-22); Weekly rhythm node
2004-01-02T00:00:00+00:00,Gann Square-of-9 (1²=1 days from Jan 1),low,time_cycle,gann_rules,Rule5: 'Square of time' — 1²=1 calendar days from 2004-01-01; reversal zone in Gann Square-of-9 methodology
2004-01-03T12:00:00+00:00,Gann Pressure Point (4 cycles align),medium,pressure_point,gann_rules,"Rule1:'Time hits node=MOVE' | Rule3:'Nodes=pressure points' | Rule4:'Cycle within cycle' | 4 confluences from [planetary_station, time_cycle] | cycles: Gann Square-of-9 (1²=1 days from Jan 1); Gann 14-Day Cycle from Winter Solstice; Gann Square-of-9 (2²=4 days from Jan 1); Jupiter Station Retrograde"
2004-01-03T23:57:37+00:00,Jupiter Station Retrograde,high,planetary_station,swisseph,Rule1: 'Time hits node=MOVE' — Jupiter turns retrograde at 168.90° (Virgo); cycle inversion node
2004-01-05T00:00:00+00:00,Gann Square-of-9 (2²=4 days from Jan 1),low,time_cycle,gann_rules,Rule5: 'Square of time' — 2²=4 calendar days from 2004-01-01; reversal zone in Gann Square-of-9 methodology
2004-01-05T07:03:48+00:00,Gann 14-Day Cycle from Winter Solstice,low,time_cycle,gann_rules,Rule3: 'Nodes=pressure points' — 14-day cycle completes from Winter Solstice (2003-12-22); 2-week minor node
2004-01-06T13:44:00+00:00,Mercury Station Direct,medium,planetary_station,swisseph,Rule3: 'Nodes=pressure points' — Mercury turns direct at 266.27° (Sagittarius); cycle resumption node
2004-01-10T00:00:00+00:00,Gann Square-of-9 (3²=9 days from Jan 1),low,time_cycle,gann_rules,Rule5: 'Square of time' — 3²=9 calendar days from 2004-01-01; reversal zone in Gann Square-of-9 methodology
2004-01-12T07:03:48+00:00,Gann 21-Day Cycle from Winter Solstice,low,time_cycle,gann_rules,Rule3: 'Nodes=pressure points' — 21-day cycle completes from Winter Solstice (2003-12-22); 3-week minor node
2004-01-17T00:00:00+00:00,Gann Square-of-9 (4²=16 days from Jan 1),low,time_cycle,gann_rules,Rule5: 'Square of time' — 4²=16 calendar days from 2004-01-01; reversal zone in Gann Square-of-9 methodology
2004-01-17T19:10:28+00:00,Gann 210-Day Cycle from Summer Solstice,low,time_cycle,gann_rules,Rule3: 'Nodes=pressure points' — 210-day cycle completes from Summer Solstice (2003-06-21); 7-month node
2004-01-21T07:03:48+00:00,Gann 30-Day Cycle from Winter Solstice,medium,time_cycle,gann_rules,Rule3: 'Nodes=pressure points' — 30-day cycle completes from Winter Solstice (2003-12-22); Monthly node — 1/12 annual cycle
2004-01-21T10:46:50+00:00,Gann 120-Day Cycle from Autumn Equinox,medium,time_cycle,gann_rules,Rule3: 'Nodes=pressure points' — 120-day cycle completes from Autumn Equinox (2003-09-23); 1/3 annual cycle node
2004-01-26T00:00:00+00:00,Gann Square-of-9 (5²=25 days from Jan 1),low,time_cycle,gann_rules,Rule5: 'Square of time' — 5²=25 calendar days from 2004-01-01; reversal zone in Gann Square-of-9 methodology
2004-01-29T12:00:47+00:00,Venus–Jupiter opposition,medium,synodic_cycle,swisseph,"Rule4: 'Cycle within cycle' — Venus opposition Jupiter: Venus 347.9°, Jupiter 167.9°; synodic cycle completion node"
2004-01-30T00:59:46+00:00,Gann 315-Day Cycle from Spring Equinox,medium,time_cycle,gann_rules,Rule3: 'Nodes=pressure points' — 315-day cycle completes from Spring Equinox (2003-03-21); 7/8 annual node
2004-02-05T00:00:00+00:00,Gann Square-of-9 (20²=400 days from Jan 1),low,time_cycle,gann_rules,Rule5: 'Square of time' — 20²=400 calendar days from 2003-01-01; reversal zone in Gann Square-of-9 methodology
2004-02-05T07:03:48+00:00,Gann 45-Day Cycle from Winter Solstice,medium,time_cycle,gann_rules,Rule3: 'Nodes=pressure points' — 45-day cycle completes from Winter Solstice (2003-12-22); 1/8 annual cycle — first seasonal octave
2004-02-06T00:00:00+00:00,Gann Square-of-9 (6²=36 days from Jan 1),low,time_cycle,gann_rules,Rule5: 'Square of time' — 6²=36 calendar days from 2004-01-01; reversal zone in Gann Square-of-9 methodology
2004-02-14T10:46:50+00:00,Gann 144-Day Cycle from Autumn Equinox,high,time_cycle,gann_rules,Rule3: 'Nodes=pressure points' — 144-day cycle completes from Autumn Equinox (2003-09-23); Gann sacred number — inner 144° cycle
2004-02-19T00:00:00+00:00,Gann Square-of-9 (7²=49 days from Jan 1),low,time_cycle,gann_rules,Rule5: 'Square of time' — 7²=49 calendar days from 2004-01-01; reversal zone in Gann Square-of-9 methodology
2004-02-20T07:03:48+00:00,Gann 60-Day Cycle from Winter Solstice,medium,time_cycle,gann_rules,Rule3: 'Nodes=pressure points' — 60-day cycle completes from Winter Solstice (2003-12-22); 2-month node — 1/6 annual cycle
2004-03-05T00:00:00+00:00,Gann Square-of-9 (8²=64 days from Jan 1),low,time_cycle,gann_rules,Rule5: 'Square of time' — 8²=64 calendar days from 2004-01-01; reversal zone in Gann Square-of-9 methodology
2004-03-07T16:51:21+00:00,Saturn Station Direct,medium,planetary_station,swisseph,Rule3: 'Nodes=pressure points' — Saturn turns direct at 96.29° (Cancer); cycle resumption node
2004-03-15T00:59:46+00:00,Gann 360-Day Cycle from Spring Equinox,high,time_cycle,gann_rules,Rule3: 'Nodes=pressure points' — 360-day cycle completes from Spring Equinox (2003-03-21); Annual cycle completion — full revolution
2004-03-17T19:10:28+00:00,Gann 270-Day Cycle from Summer Solstice,high,time_cycle,gann_rules,Rule3: 'Nodes=pressure points' — 270-day cycle completes from Summer Solstice (2003-06-21); 3/4 annual node — final seasonal turn
2004-03-21T07:03:48+00:00,Gann 90-Day Cycle from Winter Solstice,high,time_cycle,gann_rules,Rule3: 'Nodes=pressure points' — 90-day cycle completes from Winter Solstice (2003-12-22); Quarter-year node — seasonal turn zone
2004-03-21T10:46:50+00:00,Gann 180-Day Cycle from Autumn Equinox,high,time_cycle,gann_rules,Rule3: 'Nodes=pressure points' — 180-day cycle completes from Autumn Equinox (2003-09-23); Half-year reversal node — cycle midpoint
2004-03-22T00:00:00+00:00,Gann Square-of-9 (9²=81 days from Jan 1),medium,time_cycle,gann_rules,Rule5: 'Square of time' — 9²=81 calendar days from 2004-01-01; reversal zone in Gann Square-of-9 methodology
2004-03-27T06:48:39+00:00,Gann 7-Day Cycle from Spring Equinox,low,time_cycle,gann_rules,Rule3: 'Nodes=pressure points' — 7-day cycle completes from Spring Equinox (2004-03-20); Weekly rhythm node
2004-04-03T06:48:39+00:00,Gann 14-Day Cycle from Spring Equinox,low,time_cycle,gann_rules,Rule3: 'Nodes=pressure points' — 14-day cycle completes from Spring Equinox (2004-03-20); 2-week minor node
2004-04-06T20:27:19+00:00,Mercury Station Retrograde,high,planetary_station,swisseph,Rule1: 'Time hits node=MOVE' — Mercury turns retrograde at 31.93° (Taurus); cycle inversion node
2004-04-10T00:00:00+00:00,Gann Square-of-9 (10²=100 days from Jan 1),medium,time_cycle,gann_rules,Rule5: 'Square of time' — 10²=100 calendar days from 2004-01-01; reversal zone in Gann Square-of-9 methodology
2004-04-10T06:48:39+00:00,Gann 21-Day Cycle from Spring Equinox,low,time_cycle,gann_rules,Rule3: 'Nodes=pressure points' — 21-day cycle completes from Spring Equinox (2004-03-20); 3-week minor node
2004-04-19T06:48:39+00:00,Gann 30-Day Cycle from Spring Equinox,medium,time_cycle,gann_rules,Rule3: 'Nodes=pressure points' — 30-day cycle completes from Spring Equinox (2004-03-20); Monthly node — 1/12 annual cycle
2004-04-20T07:03:48+00:00,Gann 120-Day Cycle from Winter Solstice,medium,time_cycle,gann_rules,Rule3: 'Nodes=pressure points' — 120-day cycle completes from Winter Solstice (2003-12-22); 1/3 annual cycle node
2004-04-20T10:46:50+00:00,Gann 210-Day Cycle from Autumn Equinox,low,time_cycle,gann_rules,Rule3: 'Nodes=pressure points' — 210-day cycle completes from Autumn Equinox (2003-09-23); 7-month node
2004-04-30T12:00:00+00:00,Gann Pressure Point (3 cycles align),medium,pressure_point,gann_rules,"Rule1:'Time hits node=MOVE' | Rule3:'Nodes=pressure points' | Rule4:'Cycle within cycle' | 3 confluences from [planetary_station, time_cycle] | cycles: Gann 315-Day Cycle from Summer Solstice; Gann Square-of-9 (11²=121 days from Jan 1); Mercury Station Direct"
2004-04-30T13:05:16+00:00,Mercury Station Direct,medium,planetary_station,swisseph,Rule3: 'Nodes=pressure points' — Mercury turns direct at 21.12° (Aries); cycle resumption node
2004-05-01T00:00:00+00:00,Gann Square-of-9 (11²=121 days from Jan 1),medium,time_cycle,gann_rules,Rule5: 'Square of time' — 11²=121 calendar days from 2004-01-01; reversal zone in Gann Square-of-9 methodology
2004-05-01T19:10:28+00:00,Gann 315-Day Cycle from Summer Solstice,medium,time_cycle,gann_rules,Rule3: 'Nodes=pressure points' — 315-day cycle completes from Summer Solstice (2003-06-21); 7/8 annual node
2004-05-04T06:48:39+00:00,Gann 45-Day Cycle from Spring Equinox,medium,time_cycle,gann_rules,Rule3: 'Nodes=pressure points' — 45-day cycle completes from Spring Equinox (2004-03-20); 1/8 annual cycle — first seasonal octave
2004-05-05T03:07:14+00:00,Jupiter Station Direct,medium,planetary_station,swisseph,Rule3: 'Nodes=pressure points' — Jupiter turns direct at 158.91° (Virgo); cycle resumption node
2004-05-14T07:03:48+00:00,Gann 144-Day Cycle from Winter Solstice,high,time_cycle,gann_rules,Rule3: 'Nodes=pressure points' — 144-day cycle completes from Winter Solstice (2003-12-22); Gann sacred number — inner 144° cycle
2004-05-17T22:28:19+00:00,Venus Station Retrograde,high,planetary_station,swisseph,Rule1: 'Time hits node=MOVE' — Venus turns retrograde at 86.14° (Gemini); cycle inversion node
2004-05-19T06:48:39+00:00,Gann 60-Day Cycle from Spring Equinox,medium,time_cycle,gann_rules,Rule3: 'Nodes=pressure points' — 60-day cycle completes from Spring Equinox (2004-03-20); 2-month node — 1/6 annual cycle
2004-05-24T00:00:00+00:00,Gann Square-of-9 (12²=144 days from Jan 1),high,time_cycle,gann_rules,Rule5: 'Square of time' — 12²=144 calendar days from 2004-01-01; reversal zone in Gann Square-of-9 methodology
2004-06-15T19:10:28+00:00,Gann 360-Day Cycle from Summer Solstice,high,time_cycle,gann_rules,Rule3: 'Nodes=pressure points' — 360-day cycle completes from Summer Solstice (2003-06-21); Annual cycle completion — full revolution
2004-06-18T00:00:00+00:00,Gann Square-of-9 (13²=169 days from Jan 1),low,time_cycle,gann_rules,Rule5: 'Square of time' — 13²=169 calendar days from 2004-01-01; reversal zone in Gann Square-of-9 methodology
2004-06-18T06:48:39+00:00,Gann 90-Day Cycle from Spring Equinox,high,time_cycle,gann_rules,Rule3: 'Nodes=pressure points' — 90-day cycle completes from Spring Equinox (2004-03-20); Quarter-year node — seasonal turn zone
2004-06-19T07:03:48+00:00,Gann 180-Day Cycle from Winter Solstice,high,time_cycle,gann_rules,Rule3: 'Nodes=pressure points' — 180-day cycle completes from Winter Solstice (2003-12-22); Half-year reversal node — cycle midpoint
2004-06-19T10:46:50+00:00,Gann 270-Day Cycle from Autumn Equinox,high,time_cycle,gann_rules,Rule3: 'Nodes=pressure points' — 270-day cycle completes from Autumn Equinox (2003-09-23); 3/4 annual node — final seasonal turn
2004-06-28T00:56:53+00:00,Gann 7-Day Cycle from Summer Solstice,low,time_cycle,gann_rules,Rule3: 'Nodes=pressure points' — 7-day cycle completes from Summer Solstice (2004-06-21); Weekly rhythm node
2004-06-29T23:15:15+00:00,Venus Station Direct,medium,planetary_station,swisseph,Rule3: 'Nodes=pressure points' — Venus turns direct at 69.63° (Gemini); cycle resumption node
2004-07-05T00:56:53+00:00,Gann 14-Day Cycle from Summer Solstice,low,time_cycle,gann_rules,Rule3: 'Nodes=pressure points' — 14-day cycle completes from Summer Solstice (2004-06-21); 2-week minor node
2004-07-12T00:56:53+00:00,Gann 21-Day Cycle from Summer Solstice,low,time_cycle,gann_rules,Rule3: 'Nodes=pressure points' — 21-day cycle completes from Summer Solstice (2004-06-21); 3-week minor node
2004-07-15T00:00:00+00:00,Gann Square-of-9 (14²=196 days from Jan 1),medium,time_cycle,gann_rules,Rule5: 'Square of time' — 14²=196 calendar days from 2004-01-01; reversal zone in Gann Square-of-9 methodology
2004-07-18T06:48:39+00:00,Gann 120-Day Cycle from Spring Equinox,medium,time_cycle,gann_rules,Rule3: 'Nodes=pressure points' — 120-day cycle completes from Spring Equinox (2004-03-20); 1/3 annual cycle node
2004-07-19T07:03:48+00:00,Gann 210-Day Cycle from Winter Solstice,low,time_cycle,gann_rules,Rule3: 'Nodes=pressure points' — 210-day cycle completes from Winter Solstice (2003-12-22); 7-month node
2004-07-21T00:56:53+00:00,Gann 30-Day Cycle from Summer Solstice,medium,time_cycle,gann_rules,Rule3: 'Nodes=pressure points' — 30-day cycle completes from Summer Solstice (2004-06-21); Monthly node — 1/12 annual cycle
2004-08-03T10:46:50+00:00,Gann 315-Day Cycle from Autumn Equinox,medium,time_cycle,gann_rules,Rule3: 'Nodes=pressure points' — 315-day cycle completes from Autumn Equinox (2003-09-23); 7/8 annual node
2004-08-05T00:56:53+00:00,Gann 45-Day Cycle from Summer Solstice,medium,time_cycle,gann_rules,Rule3: 'Nodes=pressure points' — 45-day cycle completes from Summer Solstice (2004-06-21); 1/8 annual cycle — first seasonal octave
2004-08-10T00:32:51+00:00,Mercury Station Retrograde,high,planetary_station,swisseph,Rule1: 'Time hits node=MOVE' — Mercury turns retrograde at 158.77° (Virgo); cycle inversion node
2004-08-11T06:48:39+00:00,Gann 144-Day Cycle from Spring Equinox,high,time_cycle,gann_rules,Rule3: 'Nodes=pressure points' — 144-day cycle completes from Spring Equinox (2004-03-20); Gann sacred number — inner 144° cycle
2004-08-11T12:00:00+00:00,Gann Pressure Point (3 cycles align),medium,pressure_point,gann_rules,"Rule1:'Time hits node=MOVE' | Rule3:'Nodes=pressure points' | Rule4:'Cycle within cycle' | 3 confluences from [planetary_station, time_cycle] | cycles: Gann 144-Day Cycle from Spring Equinox; Gann Square-of-9 (15²=225 days from Jan 1); Mercury Station Retrograde"
2004-08-13T00:00:00+00:00,Gann Square-of-9 (15²=225 days from Jan 1),high,time_cycle,gann_rules,Rule5: 'Square of time' — 15²=225 calendar days from 2004-01-01; reversal zone in Gann Square-of-9 methodology
2004-08-20T00:56:53+00:00,Gann 60-Day Cycle from Summer Solstice,medium,time_cycle,gann_rules,Rule3: 'Nodes=pressure points' — 60-day cycle completes from Summer Solstice (2004-06-21); 2-month node — 1/6 annual cycle
2004-09-02T13:09:20+00:00,Mercury Station Direct,medium,planetary_station,swisseph,Rule3: 'Nodes=pressure points' — Mercury turns direct at 145.74° (Leo); cycle resumption node
2004-09-13T00:00:00+00:00,Gann Square-of-9 (16²=256 days from Jan 1),low,time_cycle,gann_rules,Rule5: 'Square of time' — 16²=256 calendar days from 2004-01-01; reversal zone in Gann Square-of-9 methodology
2004-09-16T06:48:39+00:00,Gann 180-Day Cycle from Spring Equinox,high,time_cycle,gann_rules,Rule3: 'Nodes=pressure points' — 180-day cycle completes from Spring Equinox (2004-03-20); Half-year reversal node — cycle midpoint
2004-09-17T07:03:48+00:00,Gann 270-Day Cycle from Winter Solstice,high,time_cycle,gann_rules,Rule3: 'Nodes=pressure points' — 270-day cycle completes from Winter Solstice (2003-12-22); 3/4 annual node — final seasonal turn
2004-09-17T10:46:50+00:00,Gann 360-Day Cycle from Autumn Equinox,high,time_cycle,gann_rules,Rule3: 'Nodes=pressure points' — 360-day cycle completes from Autumn Equinox (2003-09-23); Annual cycle completion — full revolution
2004-09-19T00:56:53+00:00,Gann 90-Day Cycle from Summer Solstice,high,time_cycle,gann_rules,Rule3: 'Nodes=pressure points' — 90-day cycle completes from Summer Solstice (2004-06-21); Quarter-year node — seasonal turn zone
2004-09-29T16:29:50+00:00,Gann 7-Day Cycle from Autumn Equinox,low,time_cycle,gann_rules,Rule3: 'Nodes=pressure points' — 7-day cycle completes from Autumn Equinox (2004-09-22); Weekly rhythm node
2004-10-06T16:29:50+00:00,Gann 14-Day Cycle from Autumn Equinox,low,time_cycle,gann_rules,Rule3: 'Nodes=pressure points' — 14-day cycle completes from Autumn Equinox (2004-09-22); 2-week minor node
2004-10-13T16:29:50+00:00,Gann 21-Day Cycle from Autumn Equinox,low,time_cycle,gann_rules,Rule3: 'Nodes=pressure points' — 21-day cycle completes from Autumn Equinox (2004-09-22); 3-week minor node
2004-10-16T00:00:00+00:00,Gann Square-of-9 (17²=289 days from Jan 1),high,time_cycle,gann_rules,Rule5: 'Square of time' — 17²=289 calendar days from 2004-01-01; reversal zone in Gann Square-of-9 methodology
2004-10-16T06:48:39+00:00,Gann 210-Day Cycle from Spring Equinox,low,time_cycle,gann_rules,Rule3: 'Nodes=pressure points' — 210-day cycle completes from Spring Equinox (2004-03-20); 7-month node
2004-10-19T00:56:53+00:00,Gann 120-Day Cycle from Summer Solstice,medium,time_cycle,gann_rules,Rule3: 'Nodes=pressure points' — 120-day cycle completes from Summer Solstice (2004-06-21); 1/3 annual cycle node
2004-10-22T16:29:50+00:00,Gann 30-Day Cycle from Autumn Equinox,medium,time_cycle,gann_rules,Rule3: 'Nodes=pressure points' — 30-day cycle completes from Autumn Equinox (2004-09-22); Monthly node — 1/12 annual cycle
2004-11-01T07:03:48+00:00,Gann 315-Day Cycle from Winter Solstice,medium,time_cycle,gann_rules,Rule3: 'Nodes=pressure points' — 315-day cycle completes from Winter Solstice (2003-12-22); 7/8 annual node
2004-11-05T02:10:31+00:00,Venus–Jupiter conjunction,medium,synodic_cycle,swisseph,"Rule4: 'Cycle within cycle' — Venus conjunction Jupiter: Venus 188.6°, Jupiter 188.6°; synodic cycle completion node"
2004-11-06T12:00:00+00:00,Gann Pressure Point (3 cycles align),high,pressure_point,gann_rules,"Rule1:'Time hits node=MOVE' | Rule3:'Nodes=pressure points' | Rule4:'Cycle within cycle' | 3 confluences from [planetary_station, synodic_cycle, time_cycle] | cycles: Venus–Jupiter conjunction; Saturn Station Retrograde; Gann 45-Day Cycle from Autumn Equinox"
2004-11-06T16:29:50+00:00,Gann 45-Day Cycle from Autumn Equinox,medium,time_cycle,gann_rules,Rule3: 'Nodes=pressure points' — 45-day cycle completes from Autumn Equinox (2004-09-22); 1/8 annual cycle — first seasonal octave
2004-11-08T06:54:07+00:00,Saturn Station Retrograde,high,planetary_station,swisseph,Rule1: 'Time hits node=MOVE' — Saturn turns retrograde at 117.34° (Cancer); cycle inversion node
2004-11-12T00:56:53+00:00,Gann 144-Day Cycle from Summer Solstice,high,time_cycle,gann_rules,Rule3: 'Nodes=pressure points' — 144-day cycle completes from Summer Solstice (2004-06-21); Gann sacred number — inner 144° cycle
2004-11-20T00:00:00+00:00,Gann Square-of-9 (18²=324 days from Jan 1),low,time_cycle,gann_rules,Rule5: 'Square of time' — 18²=324 calendar days from 2004-01-01; reversal zone in Gann Square-of-9 methodology
2004-11-21T16:29:50+00:00,Gann 60-Day Cycle from Autumn Equinox,medium,time_cycle,gann_rules,Rule3: 'Nodes=pressure points' — 60-day cycle completes from Autumn Equinox (2004-09-22); 2-month node — 1/6 annual cycle
2004-11-30T12:17:22+00:00,Mercury Station Retrograde,high,planetary_station,swisseph,Rule1: 'Time hits node=MOVE' — Mercury turns retrograde at 266.74° (Sagittarius); cycle inversion node
2004-12-15T06:48:39+00:00,Gann 270-Day Cycle from Spring Equinox,high,time_cycle,gann_rules,Rule3: 'Nodes=pressure points' — 270-day cycle completes from Spring Equinox (2004-03-20); 3/4 annual node — final seasonal turn
2004-12-16T07:03:48+00:00,Gann 360-Day Cycle from Winter Solstice,high,time_cycle,gann_rules,Rule3: 'Nodes=pressure points' — 360-day cycle completes from Winter Solstice (2003-12-22); Annual cycle completion — full revolution
2004-12-18T00:56:53+00:00,Gann 180-Day Cycle from Summer Solstice,high,time_cycle,gann_rules,Rule3: 'Nodes=pressure points' — 180-day cycle completes from Summer Solstice (2004-06-21); Half-year reversal node — cycle midpoint
2004-12-18T12:00:00+00:00,Gann Pressure Point (3 cycles align),medium,pressure_point,gann_rules,"Rule1:'Time hits node=MOVE' | Rule3:'Nodes=pressure points' | Rule4:'Cycle within cycle' | 3 confluences from [planetary_station, time_cycle] | cycles: Gann 180-Day Cycle from Summer Solstice; Mercury Station Direct; Gann 360-Day Cycle from Winter Solstice"
2004-12-20T06:29:07+00:00,Mercury Station Direct,medium,planetary_station,swisseph,Rule3: 'Nodes=pressure points' — Mercury turns direct at 250.45° (Sagittarius); cycle resumption node
2004-12-21T16:29:50+00:00,Gann 90-Day Cycle from Autumn Equinox,high,time_cycle,gann_rules,Rule3: 'Nodes=pressure points' — 90-day cycle completes from Autumn Equinox (2004-09-22); Quarter-year node — seasonal turn zone
2004-12-27T00:00:00+00:00,Gann Square-of-9 (19²=361 days from Jan 1),high,time_cycle,gann_rules,Rule5: 'Square of time' — 19²=361 calendar days from 2004-01-01; reversal zone in Gann Square-of-9 methodology
2004-12-28T12:41:36+00:00,Gann 7-Day Cycle from Winter Solstice,low,time_cycle,gann_rules,Rule3: 'Nodes=pressure points' — 7-day cycle completes from Winter Solstice (2004-12-21); Weekly rhythm node
2005-01-02T00:00:00+00:00,Gann Square-of-9 (1²=1 days from Jan 1),low,time_cycle,gann_rules,Rule5: 'Square of time' — 1²=1 calendar days from 2005-01-01; reversal zone in Gann Square-of-9 methodology
2005-01-04T12:41:36+00:00,Gann 14-Day Cycle from Winter Solstice,low,time_cycle,gann_rules,Rule3: 'Nodes=pressure points' — 14-day cycle completes from Winter Solstice (2004-12-21); 2-week minor node
2005-01-05T00:00:00+00:00,Gann Square-of-9 (2²=4 days from Jan 1),low,time_cycle,gann_rules,Rule5: 'Square of time' — 2²=4 calendar days from 2005-01-01; reversal zone in Gann Square-of-9 methodology
2005-01-10T00:00:00+00:00,Gann Square-of-9 (3²=9 days from Jan 1),low,time_cycle,gann_rules,Rule5: 'Square of time' — 3²=9 calendar days from 2005-01-01; reversal zone in Gann Square-of-9 methodology
2005-01-11T12:41:36+00:00,Gann 21-Day Cycle from Winter Solstice,low,time_cycle,gann_rules,Rule3: 'Nodes=pressure points' — 21-day cycle completes from Winter Solstice (2004-12-21); 3-week minor node
2005-01-17T00:00:00+00:00,Gann Square-of-9 (4²=16 days from Jan 1),low,time_cycle,gann_rules,Rule5: 'Square of time' — 4²=16 calendar days from 2005-01-01; reversal zone in Gann Square-of-9 methodology
2005-01-17T00:56:53+00:00,Gann 210-Day Cycle from Summer Solstice,low,time_cycle,gann_rules,Rule3: 'Nodes=pressure points' — 210-day cycle completes from Summer Solstice (2004-06-21); 7-month node
2005-01-20T12:41:36+00:00,Gann 30-Day Cycle from Winter Solstice,medium,time_cycle,gann_rules,Rule3: 'Nodes=pressure points' — 30-day cycle completes from Winter Solstice (2004-12-21); Monthly node — 1/12 annual cycle
2005-01-20T16:29:50+00:00,Gann 120-Day Cycle from Autumn Equinox,medium,time_cycle,gann_rules,Rule3: 'Nodes=pressure points' — 120-day cycle completes from Autumn Equinox (2004-09-22); 1/3 annual cycle node
2005-01-26T00:00:00+00:00,Gann Square-of-9 (5²=25 days from Jan 1),low,time_cycle,gann_rules,Rule5: 'Square of time' — 5²=25 calendar days from 2005-01-01; reversal zone in Gann Square-of-9 methodology
2005-01-29T06:48:39+00:00,Gann 315-Day Cycle from Spring Equinox,medium,time_cycle,gann_rules,Rule3: 'Nodes=pressure points' — 315-day cycle completes from Spring Equinox (2004-03-20); 7/8 annual node
2005-02-02T02:26:04+00:00,Jupiter Station Retrograde,high,planetary_station,swisseph,Rule1: 'Time hits node=MOVE' — Jupiter turns retrograde at 198.86° (Libra); cycle inversion node
2005-02-04T00:00:00+00:00,Gann Square-of-9 (20²=400 days from Jan 1),low,time_cycle,gann_rules,Rule5: 'Square of time' — 20²=400 calendar days from 2004-01-01; reversal zone in Gann Square-of-9 methodology
2005-02-04T12:00:00+00:00,Gann Pressure Point (4 cycles align),medium,pressure_point,gann_rules,"Rule1:'Time hits node=MOVE' | Rule3:'Nodes=pressure points' | Rule4:'Cycle within cycle' | 4 confluences from [planetary_station, time_cycle] | cycles: Jupiter Station Retrograde; Gann Square-of-9 (20²=400 days from Jan 1); Gann 45-Day Cycle from Winter Solstice; Gann Square-of-9 (6²=36 days from Jan 1)"
2005-02-04T12:41:36+00:00,Gann 45-Day Cycle from Winter Solstice,medium,time_cycle,gann_rules,Rule3: 'Nodes=pressure points' — 45-day cycle completes from Winter Solstice (2004-12-21); 1/8 annual cycle — first seasonal octave
2005-02-06T00:00:00+00:00,Gann Square-of-9 (6²=36 days from Jan 1),low,time_cycle,gann_rules,Rule5: 'Square of time' — 6²=36 calendar days from 2005-01-01; reversal zone in Gann Square-of-9 methodology
2005-02-13T16:29:50+00:00,Gann 144-Day Cycle from Autumn Equinox,high,time_cycle,gann_rules,Rule3: 'Nodes=pressure points' — 144-day cycle completes from Autumn Equinox (2004-09-22); Gann sacred number — inner 144° cycle
2005-02-19T00:00:00+00:00,Gann Square-of-9 (7²=49 days from Jan 1),low,time_cycle,gann_rules,Rule5: 'Square of time' — 7²=49 calendar days from 2005-01-01; reversal zone in Gann Square-of-9 methodology
2005-02-19T12:41:36+00:00,Gann 60-Day Cycle from Winter Solstice,medium,time_cycle,gann_rules,Rule3: 'Nodes=pressure points' — 60-day cycle completes from Winter Solstice (2004-12-21); 2-month node — 1/6 annual cycle
2005-03-06T00:00:00+00:00,Gann Square-of-9 (8²=64 days from Jan 1),low,time_cycle,gann_rules,Rule5: 'Square of time' — 8²=64 calendar days from 2005-01-01; reversal zone in Gann Square-of-9 methodology
2005-03-15T06:48:39+00:00,Gann 360-Day Cycle from Spring Equinox,high,time_cycle,gann_rules,Rule3: 'Nodes=pressure points' — 360-day cycle completes from Spring Equinox (2004-03-20); Annual cycle completion — full revolution
2005-03-18T00:56:53+00:00,Gann 270-Day Cycle from Summer Solstice,high,time_cycle,gann_rules,Rule3: 'Nodes=pressure points' — 270-day cycle completes from Summer Solstice (2004-06-21); 3/4 annual node — final seasonal turn
2005-03-20T00:14:26+00:00,Mercury Station Retrograde,high,planetary_station,swisseph,Rule1: 'Time hits node=MOVE' — Mercury turns retrograde at 14.10° (Aries); cycle inversion node
2005-03-20T12:00:00+00:00,Gann Pressure Point (5 cycles align),high,pressure_point,gann_rules,"Rule1:'Time hits node=MOVE' | Rule3:'Nodes=pressure points' | Rule4:'Cycle within cycle' | 5 confluences from [planetary_station, time_cycle] | cycles: Gann 270-Day Cycle from Summer Solstice; Mercury Station Retrograde; Gann 90-Day Cycle from Winter Solstice; Gann 180-Day Cycle from Autumn Equinox; Saturn Station Direct"
2005-03-21T12:41:36+00:00,Gann 90-Day Cycle from Winter Solstice,high,time_cycle,gann_rules,Rule3: 'Nodes=pressure points' — 90-day cycle completes from Winter Solstice (2004-12-21); Quarter-year node — seasonal turn zone
2005-03-21T16:29:50+00:00,Gann 180-Day Cycle from Autumn Equinox,high,time_cycle,gann_rules,Rule3: 'Nodes=pressure points' — 180-day cycle completes from Autumn Equinox (2004-09-22); Half-year reversal node — cycle midpoint
2005-03-22T02:53:45+00:00,Saturn Station Direct,medium,planetary_station,swisseph,Rule3: 'Nodes=pressure points' — Saturn turns direct at 110.39° (Cancer); cycle resumption node
2005-03-23T00:00:00+00:00,Gann Square-of-9 (9²=81 days from Jan 1),medium,time_cycle,gann_rules,Rule5: 'Square of time' — 9²=81 calendar days from 2005-01-01; reversal zone in Gann Square-of-9 methodology
2005-03-27T12:33:25+00:00,Gann 7-Day Cycle from Spring Equinox,low,time_cycle,gann_rules,Rule3: 'Nodes=pressure points' — 7-day cycle completes from Spring Equinox (2005-03-20); Weekly rhythm node
2005-04-02T23:51:34+00:00,Venus–Jupiter opposition,medium,synodic_cycle,swisseph,"Rule4: 'Cycle within cycle' — Venus opposition Jupiter: Venus 14.1°, Jupiter 194.1°; synodic cycle completion node"
2005-04-03T12:33:25+00:00,Gann 14-Day Cycle from Spring Equinox,low,time_cycle,gann_rules,Rule3: 'Nodes=pressure points' — 14-day cycle completes from Spring Equinox (2005-03-20); 2-week minor node
2005-04-10T12:00:00+00:00,Gann Pressure Point (3 cycles align),medium,pressure_point,gann_rules,"Rule1:'Time hits node=MOVE' | Rule3:'Nodes=pressure points' | Rule4:'Cycle within cycle' | 3 confluences from [planetary_station, time_cycle] | cycles: Gann Square-of-9 (10²=100 days from Jan 1); Mercury Station Direct; Gann 21-Day Cycle from Spring Equinox"
2005-04-10T12:33:25+00:00,Gann 21-Day Cycle from Spring Equinox,low,time_cycle,gann_rules,Rule3: 'Nodes=pressure points' — 21-day cycle completes from Spring Equinox (2005-03-20); 3-week minor node
2005-04-11T00:00:00+00:00,Gann Square-of-9 (10²=100 days from Jan 1),medium,time_cycle,gann_rules,Rule5: 'Square of time' — 10²=100 calendar days from 2005-01-01; reversal zone in Gann Square-of-9 methodology
2005-04-12T07:45:36+00:00,Mercury Station Direct,medium,planetary_station,swisseph,Rule3: 'Nodes=pressure points' — Mercury turns direct at 1.75° (Aries); cycle resumption node
2005-04-19T12:33:25+00:00,Gann 30-Day Cycle from Spring Equinox,medium,time_cycle,gann_rules,Rule3: 'Nodes=pressure points' — 30-day cycle completes from Spring Equinox (2005-03-20); Monthly node — 1/12 annual cycle
2005-04-20T12:41:36+00:00,Gann 120-Day Cycle from Winter Solstice,medium,time_cycle,gann_rules,Rule3: 'Nodes=pressure points' — 120-day cycle completes from Winter Solstice (2004-12-21); 1/3 annual cycle node
2005-04-20T16:29:50+00:00,Gann 210-Day Cycle from Autumn Equinox,low,time_cycle,gann_rules,Rule3: 'Nodes=pressure points' — 210-day cycle completes from Autumn Equinox (2004-09-22); 7-month node
2005-05-02T00:00:00+00:00,Gann Square-of-9 (11²=121 days from Jan 1),medium,time_cycle,gann_rules,Rule5: 'Square of time' — 11²=121 calendar days from 2005-01-01; reversal zone in Gann Square-of-9 methodology
2005-05-02T00:56:53+00:00,Gann 315-Day Cycle from Summer Solstice,medium,time_cycle,gann_rules,Rule3: 'Nodes=pressure points' — 315-day cycle completes from Summer Solstice (2004-06-21); 7/8 annual node
2005-05-04T12:33:25+00:00,Gann 45-Day Cycle from Spring Equinox,medium,time_cycle,gann_rules,Rule3: 'Nodes=pressure points' — 45-day cycle completes from Spring Equinox (2005-03-20); 1/8 annual cycle — first seasonal octave
2005-05-14T12:41:36+00:00,Gann 144-Day Cycle from Winter Solstice,high,time_cycle,gann_rules,Rule3: 'Nodes=pressure points' — 144-day cycle completes from Winter Solstice (2004-12-21); Gann sacred number — inner 144° cycle
2005-05-19T12:33:25+00:00,Gann 60-Day Cycle from Spring Equinox,medium,time_cycle,gann_rules,Rule3: 'Nodes=pressure points' — 60-day cycle completes from Spring Equinox (2005-03-20); 2-month node — 1/6 annual cycle
2005-05-25T00:00:00+00:00,Gann Square-of-9 (12²=144 days from Jan 1),high,time_cycle,gann_rules,Rule5: 'Square of time' — 12²=144 calendar days from 2005-01-01; reversal zone in Gann Square-of-9 methodology
2005-06-05T07:20:43+00:00,Jupiter Station Direct,medium,planetary_station,swisseph,Rule3: 'Nodes=pressure points' — Jupiter turns direct at 188.93° (Libra); cycle resumption node
2005-06-16T00:56:53+00:00,Gann 360-Day Cycle from Summer Solstice,high,time_cycle,gann_rules,Rule3: 'Nodes=pressure points' — 360-day cycle completes from Summer Solstice (2004-06-21); Annual cycle completion — full revolution
2005-06-18T12:33:25+00:00,Gann 90-Day Cycle from Spring Equinox,high,time_cycle,gann_rules,Rule3: 'Nodes=pressure points' — 90-day cycle completes from Spring Equinox (2005-03-20); Quarter-year node — seasonal turn zone
2005-06-19T00:00:00+00:00,Gann Square-of-9 (13²=169 days from Jan 1),low,time_cycle,gann_rules,Rule5: 'Square of time' — 13²=169 calendar days from 2005-01-01; reversal zone in Gann Square-of-9 methodology
2005-06-19T12:41:36+00:00,Gann 180-Day Cycle from Winter Solstice,high,time_cycle,gann_rules,Rule3: 'Nodes=pressure points' — 180-day cycle completes from Winter Solstice (2004-12-21); Half-year reversal node — cycle midpoint
2005-06-19T16:29:50+00:00,Gann 270-Day Cycle from Autumn Equinox,high,time_cycle,gann_rules,Rule3: 'Nodes=pressure points' — 270-day cycle completes from Autumn Equinox (2004-09-22); 3/4 annual node — final seasonal turn
2005-06-28T06:46:08+00:00,Gann 7-Day Cycle from Summer Solstice,low,time_cycle,gann_rules,Rule3: 'Nodes=pressure points' — 7-day cycle completes from Summer Solstice (2005-06-21); Weekly rhythm node
2005-07-05T06:46:08+00:00,Gann 14-Day Cycle from Summer Solstice,low,time_cycle,gann_rules,Rule3: 'Nodes=pressure points' — 14-day cycle completes from Summer Solstice (2005-06-21); 2-week minor node
2005-07-12T06:46:08+00:00,Gann 21-Day Cycle from Summer Solstice,low,time_cycle,gann_rules,Rule3: 'Nodes=pressure points' — 21-day cycle completes from Summer Solstice (2005-06-21); 3-week minor node
2005-07-16T00:00:00+00:00,Gann Square-of-9 (14²=196 days from Jan 1),medium,time_cycle,gann_rules,Rule5: 'Square of time' — 14²=196 calendar days from 2005-01-01; reversal zone in Gann Square-of-9 methodology
2005-07-18T12:33:25+00:00,Gann 120-Day Cycle from Spring Equinox,medium,time_cycle,gann_rules,Rule3: 'Nodes=pressure points' — 120-day cycle completes from Spring Equinox (2005-03-20); 1/3 annual cycle node
2005-07-19T12:41:36+00:00,Gann 210-Day Cycle from Winter Solstice,low,time_cycle,gann_rules,Rule3: 'Nodes=pressure points' — 210-day cycle completes from Winter Solstice (2004-12-21); 7-month node
2005-07-21T06:46:08+00:00,Gann 30-Day Cycle from Summer Solstice,medium,time_cycle,gann_rules,Rule3: 'Nodes=pressure points' — 30-day cycle completes from Summer Solstice (2005-06-21); Monthly node — 1/12 annual cycle
2005-07-21T12:00:00+00:00,Gann Pressure Point (3 cycles align),medium,pressure_point,gann_rules,"Rule1:'Time hits node=MOVE' | Rule3:'Nodes=pressure points' | Rule4:'Cycle within cycle' | 3 confluences from [planetary_station, time_cycle] | cycles: Mercury Station Retrograde; Gann 30-Day Cycle from Summer Solstice; Gann 210-Day Cycle from Winter Solstice"
2005-07-23T03:00:10+00:00,Mercury Station Retrograde,high,planetary_station,swisseph,Rule1: 'Time hits node=MOVE' — Mercury turns retrograde at 140.47° (Leo); cycle inversion node
2005-08-03T16:29:50+00:00,Gann 315-Day Cycle from Autumn Equinox,medium,time_cycle,gann_rules,Rule3: 'Nodes=pressure points' — 315-day cycle completes from Autumn Equinox (2004-09-22); 7/8 annual node
2005-08-05T06:46:08+00:00,Gann 45-Day Cycle from Summer Solstice,medium,time_cycle,gann_rules,Rule3: 'Nodes=pressure points' — 45-day cycle completes from Summer Solstice (2005-06-21); 1/8 annual cycle — first seasonal octave
2005-08-11T12:33:25+00:00,Gann 144-Day Cycle from Spring Equinox,high,time_cycle,gann_rules,Rule3: 'Nodes=pressure points' — 144-day cycle completes from Spring Equinox (2005-03-20); Gann sacred number — inner 144° cycle
2005-08-14T00:00:00+00:00,Gann Square-of-9 (15²=225 days from Jan 1),high,time_cycle,gann_rules,Rule5: 'Square of time' — 15²=225 calendar days from 2005-01-01; reversal zone in Gann Square-of-9 methodology
2005-08-16T03:50:37+00:00,Mercury Station Direct,medium,planetary_station,swisseph,Rule3: 'Nodes=pressure points' — Mercury turns direct at 128.75° (Leo); cycle resumption node
2005-08-20T06:46:08+00:00,Gann 60-Day Cycle from Summer Solstice,medium,time_cycle,gann_rules,Rule3: 'Nodes=pressure points' — 60-day cycle completes from Summer Solstice (2005-06-21); 2-month node — 1/6 annual cycle
2005-09-01T23:30:20+00:00,Venus–Jupiter conjunction,medium,synodic_cycle,swisseph,"Rule4: 'Cycle within cycle' — Venus conjunction Jupiter: Venus 198.7°, Jupiter 198.7°; synodic cycle completion node"
2005-09-14T00:00:00+00:00,Gann Square-of-9 (16²=256 days from Jan 1),low,time_cycle,gann_rules,Rule5: 'Square of time' — 16²=256 calendar days from 2005-01-01; reversal zone in Gann Square-of-9 methodology
2005-09-16T12:33:25+00:00,Gann 180-Day Cycle from Spring Equinox,high,time_cycle,gann_rules,Rule3: 'Nodes=pressure points' — 180-day cycle completes from Spring Equinox (2005-03-20); Half-year reversal node — cycle midpoint
2005-09-17T12:41:36+00:00,Gann 270-Day Cycle from Winter Solstice,high,time_cycle,gann_rules,Rule3: 'Nodes=pressure points' — 270-day cycle completes from Winter Solstice (2004-12-21); 3/4 annual node — final seasonal turn
2005-09-17T16:29:50+00:00,Gann 360-Day Cycle from Autumn Equinox,high,time_cycle,gann_rules,Rule3: 'Nodes=pressure points' — 360-day cycle completes from Autumn Equinox (2004-09-22); Annual cycle completion — full revolution
2005-09-19T06:46:08+00:00,Gann 90-Day Cycle from Summer Solstice,high,time_cycle,gann_rules,Rule3: 'Nodes=pressure points' — 90-day cycle completes from Summer Solstice (2005-06-21); Quarter-year node — seasonal turn zone
2005-09-29T22:23:09+00:00,Gann 7-Day Cycle from Autumn Equinox,low,time_cycle,gann_rules,Rule3: 'Nodes=pressure points' — 7-day cycle completes from Autumn Equinox (2005-09-22); Weekly rhythm node
2005-10-01T22:03:27+00:00,Mars Station Retrograde,high,planetary_station,swisseph,Rule1: 'Time hits node=MOVE' — Mars turns retrograde at 53.37° (Taurus); cycle inversion node
2005-10-06T22:23:09+00:00,Gann 14-Day Cycle from Autumn Equinox,low,time_cycle,gann_rules,Rule3: 'Nodes=pressure points' — 14-day cycle completes from Autumn Equinox (2005-09-22); 2-week minor node
2005-10-13T22:23:09+00:00,Gann 21-Day Cycle from Autumn Equinox,low,time_cycle,gann_rules,Rule3: 'Nodes=pressure points' — 21-day cycle completes from Autumn Equinox (2005-09-22); 3-week minor node
2005-10-16T12:33:25+00:00,Gann 210-Day Cycle from Spring Equinox,low,time_cycle,gann_rules,Rule3: 'Nodes=pressure points' — 210-day cycle completes from Spring Equinox (2005-03-20); 7-month node
2005-10-17T00:00:00+00:00,Gann Square-of-9 (17²=289 days from Jan 1),high,time_cycle,gann_rules,Rule5: 'Square of time' — 17²=289 calendar days from 2005-01-01; reversal zone in Gann Square-of-9 methodology
2005-10-19T06:46:08+00:00,Gann 120-Day Cycle from Summer Solstice,medium,time_cycle,gann_rules,Rule3: 'Nodes=pressure points' — 120-day cycle completes from Summer Solstice (2005-06-21); 1/3 annual cycle node
2005-10-22T22:23:09+00:00,Gann 30-Day Cycle from Autumn Equinox,medium,time_cycle,gann_rules,Rule3: 'Nodes=pressure points' — 30-day cycle completes from Autumn Equinox (2005-09-22); Monthly node — 1/12 annual cycle
2005-11-01T12:41:36+00:00,Gann 315-Day Cycle from Winter Solstice,medium,time_cycle,gann_rules,Rule3: 'Nodes=pressure points' — 315-day cycle completes from Winter Solstice (2004-12-21); 7/8 annual node
2005-11-06T22:23:09+00:00,Gann 45-Day Cycle from Autumn Equinox,medium,time_cycle,gann_rules,Rule3: 'Nodes=pressure points' — 45-day cycle completes from Autumn Equinox (2005-09-22); 1/8 annual cycle — first seasonal octave
2005-11-12T06:46:08+00:00,Gann 144-Day Cycle from Summer Solstice,high,time_cycle,gann_rules,Rule3: 'Nodes=pressure points' — 144-day cycle completes from Summer Solstice (2005-06-21); Gann sacred number — inner 144° cycle
2005-11-14T05:42:34+00:00,Mercury Station Retrograde,high,planetary_station,swisseph,Rule1: 'Time hits node=MOVE' — Mercury turns retrograde at 250.94° (Sagittarius); cycle inversion node
2005-11-21T00:00:00+00:00,Gann Square-of-9 (18²=324 days from Jan 1),low,time_cycle,gann_rules,Rule5: 'Square of time' — 18²=324 calendar days from 2005-01-01; reversal zone in Gann Square-of-9 methodology
2005-11-21T12:00:00+00:00,Gann Pressure Point (3 cycles align),medium,pressure_point,gann_rules,"Rule1:'Time hits node=MOVE' | Rule3:'Nodes=pressure points' | Rule4:'Cycle within cycle' | 3 confluences from [planetary_station, time_cycle] | cycles: Gann 60-Day Cycle from Autumn Equinox; Saturn Station Retrograde; Gann Square-of-9 (18²=324 days from Jan 1)"
2005-11-21T22:23:09+00:00,Gann 60-Day Cycle from Autumn Equinox,medium,time_cycle,gann_rules,Rule3: 'Nodes=pressure points' — 60-day cycle completes from Autumn Equinox (2005-09-22); 2-month node — 1/6 annual cycle
2005-11-22T09:01:15+00:00,Saturn Station Retrograde,high,planetary_station,swisseph,Rule1: 'Time hits node=MOVE' — Saturn turns retrograde at 131.31° (Leo); cycle inversion node
2005-12-04T02:23:44+00:00,Mercury Station Direct,medium,planetary_station,swisseph,Rule3: 'Nodes=pressure points' — Mercury turns direct at 234.74° (Scorpio); cycle resumption node
2005-12-05T00:43:05+00:00,Jupiter–Mars opposition,medium,synodic_cycle,swisseph,"Rule4: 'Cycle within cycle' — Jupiter opposition Mars: Jupiter 218.4°, Mars 38.4°; synodic cycle completion node"
2005-12-10T04:03:18+00:00,Mars Station Direct,medium,planetary_station,swisseph,Rule3: 'Nodes=pressure points' — Mars turns direct at 38.24° (Taurus); cycle resumption node
2005-12-15T12:33:25+00:00,Gann 270-Day Cycle from Spring Equinox,high,time_cycle,gann_rules,Rule3: 'Nodes=pressure points' — 270-day cycle completes from Spring Equinox (2005-03-20); 3/4 annual node — final seasonal turn
2005-12-16T12:41:36+00:00,Gann 360-Day Cycle from Winter Solstice,high,time_cycle,gann_rules,Rule3: 'Nodes=pressure points' — 360-day cycle completes from Winter Solstice (2004-12-21); Annual cycle completion — full revolution
2005-12-18T06:46:08+00:00,Gann 180-Day Cycle from Summer Solstice,high,time_cycle,gann_rules,Rule3: 'Nodes=pressure points' — 180-day cycle completes from Summer Solstice (2005-06-21); Half-year reversal node — cycle midpoint
2005-12-21T22:23:09+00:00,Gann 90-Day Cycle from Autumn Equinox,high,time_cycle,gann_rules,Rule3: 'Nodes=pressure points' — 90-day cycle completes from Autumn Equinox (2005-09-22); Quarter-year node — seasonal turn zone
2005-12-24T09:36:32+00:00,Venus Station Retrograde,high,planetary_station,swisseph,Rule1: 'Time hits node=MOVE' — Venus turns retrograde at 301.47° (Aquarius); cycle inversion node
2005-12-28T00:00:00+00:00,Gann Square-of-9 (19²=361 days from Jan 1),high,time_cycle,gann_rules,Rule5: 'Square of time' — 19²=361 calendar days from 2005-01-01; reversal zone in Gann Square-of-9 methodology
2005-12-28T18:34:57+00:00,Gann 7-Day Cycle from Winter Solstice,low,time_cycle,gann_rules,Rule3: 'Nodes=pressure points' — 7-day cycle completes from Winter Solstice (2005-12-21); Weekly rhythm node
2006-01-02T00:00:00+00:00,Gann Square-of-9 (1²=1 days from Jan 1),low,time_cycle,gann_rules,Rule5: 'Square of time' — 1²=1 calendar days from 2006-01-01; reversal zone in Gann Square-of-9 methodology
2006-01-04T18:34:57+00:00,Gann 14-Day Cycle from Winter Solstice,low,time_cycle,gann_rules,Rule3: 'Nodes=pressure points' — 14-day cycle completes from Winter Solstice (2005-12-21); 2-week minor node
2006-01-05T00:00:00+00:00,Gann Square-of-9 (2²=4 days from Jan 1),low,time_cycle,gann_rules,Rule5: 'Square of time' — 2²=4 calendar days from 2006-01-01; reversal zone in Gann Square-of-9 methodology
2006-01-10T00:00:00+00:00,Gann Square-of-9 (3²=9 days from Jan 1),low,time_cycle,gann_rules,Rule5: 'Square of time' — 3²=9 calendar days from 2006-01-01; reversal zone in Gann Square-of-9 methodology
2006-01-11T18:34:57+00:00,Gann 21-Day Cycle from Winter Solstice,low,time_cycle,gann_rules,Rule3: 'Nodes=pressure points' — 21-day cycle completes from Winter Solstice (2005-12-21); 3-week minor node
2006-01-17T00:00:00+00:00,Gann Square-of-9 (4²=16 days from Jan 1),low,time_cycle,gann_rules,Rule5: 'Square of time' — 4²=16 calendar days from 2006-01-01; reversal zone in Gann Square-of-9 methodology
2006-01-17T06:46:08+00:00,Gann 210-Day Cycle from Summer Solstice,low,time_cycle,gann_rules,Rule3: 'Nodes=pressure points' — 210-day cycle completes from Summer Solstice (2005-06-21); 7-month node
2006-01-20T18:34:57+00:00,Gann 30-Day Cycle from Winter Solstice,medium,time_cycle,gann_rules,Rule3: 'Nodes=pressure points' — 30-day cycle completes from Winter Solstice (2005-12-21); Monthly node — 1/12 annual cycle
2006-01-20T22:23:09+00:00,Gann 120-Day Cycle from Autumn Equinox,medium,time_cycle,gann_rules,Rule3: 'Nodes=pressure points' — 120-day cycle completes from Autumn Equinox (2005-09-22); 1/3 annual cycle node
2006-01-26T00:00:00+00:00,Gann Square-of-9 (5²=25 days from Jan 1),low,time_cycle,gann_rules,Rule5: 'Square of time' — 5²=25 calendar days from 2006-01-01; reversal zone in Gann Square-of-9 methodology
2006-01-29T12:33:25+00:00,Gann 315-Day Cycle from Spring Equinox,medium,time_cycle,gann_rules,Rule3: 'Nodes=pressure points' — 315-day cycle completes from Spring Equinox (2005-03-20); 7/8 annual node
2006-02-03T09:18:46+00:00,Venus Station Direct,medium,planetary_station,swisseph,Rule3: 'Nodes=pressure points' — Venus turns direct at 286.02° (Capricorn); cycle resumption node
2006-02-04T12:00:00+00:00,Gann Pressure Point (4 cycles align),medium,pressure_point,gann_rules,"Rule1:'Time hits node=MOVE' | Rule3:'Nodes=pressure points' | Rule4:'Cycle within cycle' | 4 confluences from [planetary_station, time_cycle] | cycles: Venus Station Direct; Gann Square-of-9 (20²=400 days from Jan 1); Gann 45-Day Cycle from Winter Solstice; Gann Square-of-9 (6²=36 days from Jan 1)"
2006-02-04T18:34:57+00:00,Gann 45-Day Cycle from Winter Solstice,medium,time_cycle,gann_rules,Rule3: 'Nodes=pressure points' — 45-day cycle completes from Winter Solstice (2005-12-21); 1/8 annual cycle — first seasonal octave
2006-02-05T00:00:00+00:00,Gann Square-of-9 (20²=400 days from Jan 1),low,time_cycle,gann_rules,Rule5: 'Square of time' — 20²=400 calendar days from 2005-01-01; reversal zone in Gann Square-of-9 methodology
2006-02-06T00:00:00+00:00,Gann Square-of-9 (6²=36 days from Jan 1),low,time_cycle,gann_rules,Rule5: 'Square of time' — 6²=36 calendar days from 2006-01-01; reversal zone in Gann Square-of-9 methodology
2006-02-13T22:23:09+00:00,Gann 144-Day Cycle from Autumn Equinox,high,time_cycle,gann_rules,Rule3: 'Nodes=pressure points' — 144-day cycle completes from Autumn Equinox (2005-09-22); Gann sacred number — inner 144° cycle
2006-02-19T00:00:00+00:00,Gann Square-of-9 (7²=49 days from Jan 1),low,time_cycle,gann_rules,Rule5: 'Square of time' — 7²=49 calendar days from 2006-01-01; reversal zone in Gann Square-of-9 methodology
2006-02-19T18:34:57+00:00,Gann 60-Day Cycle from Winter Solstice,medium,time_cycle,gann_rules,Rule3: 'Nodes=pressure points' — 60-day cycle completes from Winter Solstice (2005-12-21); 2-month node — 1/6 annual cycle
2006-03-02T20:29:09+00:00,Mercury Station Retrograde,high,planetary_station,swisseph,Rule1: 'Time hits node=MOVE' — Mercury turns retrograde at 356.92° (Pisces); cycle inversion node
2006-03-04T12:00:00+00:00,Gann Pressure Point (3 cycles align),medium,pressure_point,gann_rules,"Rule1:'Time hits node=MOVE' | Rule3:'Nodes=pressure points' | Rule4:'Cycle within cycle' | 3 confluences from [planetary_station, time_cycle] | cycles: Gann Square-of-9 (8²=64 days from Jan 1); Jupiter Station Retrograde; Mercury Station Retrograde"
2006-03-04T18:02:06+00:00,Jupiter Station Retrograde,high,planetary_station,swisseph,Rule1: 'Time hits node=MOVE' — Jupiter turns retrograde at 228.86° (Scorpio); cycle inversion node
2006-03-06T00:00:00+00:00,Gann Square-of-9 (8²=64 days from Jan 1),low,time_cycle,gann_rules,Rule5: 'Square of time' — 8²=64 calendar days from 2006-01-01; reversal zone in Gann Square-of-9 methodology
2006-03-15T12:33:25+00:00,Gann 360-Day Cycle from Spring Equinox,high,time_cycle,gann_rules,Rule3: 'Nodes=pressure points' — 360-day cycle completes from Spring Equinox (2005-03-20); Annual cycle completion — full revolution
2006-03-18T06:46:08+00:00,Gann 270-Day Cycle from Summer Solstice,high,time_cycle,gann_rules,Rule3: 'Nodes=pressure points' — 270-day cycle completes from Summer Solstice (2005-06-21); 3/4 annual node — final seasonal turn
2006-03-21T18:34:57+00:00,Gann 90-Day Cycle from Winter Solstice,high,time_cycle,gann_rules,Rule3: 'Nodes=pressure points' — 90-day cycle completes from Winter Solstice (2005-12-21); Quarter-year node — seasonal turn zone
2006-03-21T22:23:09+00:00,Gann 180-Day Cycle from Autumn Equinox,high,time_cycle,gann_rules,Rule3: 'Nodes=pressure points' — 180-day cycle completes from Autumn Equinox (2005-09-22); Half-year reversal node — cycle midpoint
2006-03-23T00:00:00+00:00,Gann Square-of-9 (9²=81 days from Jan 1),medium,time_cycle,gann_rules,Rule5: 'Square of time' — 9²=81 calendar days from 2006-01-01; reversal zone in Gann Square-of-9 methodology
2006-03-23T12:00:00+00:00,Gann Pressure Point (4 cycles align),medium,pressure_point,gann_rules,"Rule1:'Time hits node=MOVE' | Rule3:'Nodes=pressure points' | Rule4:'Cycle within cycle' | 4 confluences from [planetary_station, time_cycle] | cycles: Gann Square-of-9 (9²=81 days from Jan 1); Gann 90-Day Cycle from Winter Solstice; Gann 180-Day Cycle from Autumn Equinox; Mercury Station Direct"
2006-03-25T13:42:17+00:00,Mercury Station Direct,medium,planetary_station,swisseph,Rule3: 'Nodes=pressure points' — Mercury turns direct at 343.18° (Pisces); cycle resumption node
2006-03-27T18:25:34+00:00,Gann 7-Day Cycle from Spring Equinox,low,time_cycle,gann_rules,Rule3: 'Nodes=pressure points' — 7-day cycle completes from Spring Equinox (2006-03-20); Weekly rhythm node
2006-04-03T18:25:34+00:00,Gann 14-Day Cycle from Spring Equinox,low,time_cycle,gann_rules,Rule3: 'Nodes=pressure points' — 14-day cycle completes from Spring Equinox (2006-03-20); 2-week minor node
2006-04-05T12:54:30+00:00,Saturn Station Direct,medium,planetary_station,swisseph,Rule3: 'Nodes=pressure points' — Saturn turns direct at 124.38° (Leo); cycle resumption node
2006-04-10T18:25:34+00:00,Gann 21-Day Cycle from Spring Equinox,low,time_cycle,gann_rules,Rule3: 'Nodes=pressure points' — 21-day cycle completes from Spring Equinox (2006-03-20); 3-week minor node
2006-04-11T00:00:00+00:00,Gann Square-of-9 (10²=100 days from Jan 1),medium,time_cycle,gann_rules,Rule5: 'Square of time' — 10²=100 calendar days from 2006-01-01; reversal zone in Gann Square-of-9 methodology
2006-04-19T18:25:34+00:00,Gann 30-Day Cycle from Spring Equinox,medium,time_cycle,gann_rules,Rule3: 'Nodes=pressure points' — 30-day cycle completes from Spring Equinox (2006-03-20); Monthly node — 1/12 annual cycle
2006-04-20T18:34:57+00:00,Gann 120-Day Cycle from Winter Solstice,medium,time_cycle,gann_rules,Rule3: 'Nodes=pressure points' — 120-day cycle completes from Winter Solstice (2005-12-21); 1/3 annual cycle node
2006-04-20T22:23:09+00:00,Gann 210-Day Cycle from Autumn Equinox,low,time_cycle,gann_rules,Rule3: 'Nodes=pressure points' — 210-day cycle completes from Autumn Equinox (2005-09-22); 7-month node
2006-05-02T00:00:00+00:00,Gann Square-of-9 (11²=121 days from Jan 1),medium,time_cycle,gann_rules,Rule5: 'Square of time' — 11²=121 calendar days from 2006-01-01; reversal zone in Gann Square-of-9 methodology
2006-05-02T06:46:08+00:00,Gann 315-Day Cycle from Summer Solstice,medium,time_cycle,gann_rules,Rule3: 'Nodes=pressure points' — 315-day cycle completes from Summer Solstice (2005-06-21); 7/8 annual node
2006-05-04T18:25:34+00:00,Gann 45-Day Cycle from Spring Equinox,medium,time_cycle,gann_rules,Rule3: 'Nodes=pressure points' — 45-day cycle completes from Spring Equinox (2006-03-20); 1/8 annual cycle — first seasonal octave
2006-05-14T18:34:57+00:00,Gann 144-Day Cycle from Winter Solstice,high,time_cycle,gann_rules,Rule3: 'Nodes=pressure points' — 144-day cycle completes from Winter Solstice (2005-12-21); Gann sacred number — inner 144° cycle
2006-05-19T18:25:34+00:00,Gann 60-Day Cycle from Spring Equinox,medium,time_cycle,gann_rules,Rule3: 'Nodes=pressure points' — 60-day cycle completes from Spring Equinox (2006-03-20); 2-month node — 1/6 annual cycle
2006-05-25T00:00:00+00:00,Gann Square-of-9 (12²=144 days from Jan 1),high,time_cycle,gann_rules,Rule5: 'Square of time' — 12²=144 calendar days from 2006-01-01; reversal zone in Gann Square-of-9 methodology
2006-06-07T06:23:11+00:00,Venus–Jupiter opposition,medium,synodic_cycle,swisseph,"Rule4: 'Cycle within cycle' — Venus opposition Jupiter: Venus 40.2°, Jupiter 220.2°; synodic cycle completion node"
2006-06-16T06:46:08+00:00,Gann 360-Day Cycle from Summer Solstice,high,time_cycle,gann_rules,Rule3: 'Nodes=pressure points' — 360-day cycle completes from Summer Solstice (2005-06-21); Annual cycle completion — full revolution
2006-06-18T18:25:34+00:00,Gann 90-Day Cycle from Spring Equinox,high,time_cycle,gann_rules,Rule3: 'Nodes=pressure points' — 90-day cycle completes from Spring Equinox (2006-03-20); Quarter-year node — seasonal turn zone
2006-06-19T00:00:00+00:00,Gann Square-of-9 (13²=169 days from Jan 1),low,time_cycle,gann_rules,Rule5: 'Square of time' — 13²=169 calendar days from 2006-01-01; reversal zone in Gann Square-of-9 methodology
2006-06-19T18:34:57+00:00,Gann 180-Day Cycle from Winter Solstice,high,time_cycle,gann_rules,Rule3: 'Nodes=pressure points' — 180-day cycle completes from Winter Solstice (2005-12-21); Half-year reversal node — cycle midpoint
2006-06-19T22:23:09+00:00,Gann 270-Day Cycle from Autumn Equinox,high,time_cycle,gann_rules,Rule3: 'Nodes=pressure points' — 270-day cycle completes from Autumn Equinox (2005-09-22); 3/4 annual node — final seasonal turn
2006-06-28T12:25:52+00:00,Gann 7-Day Cycle from Summer Solstice,low,time_cycle,gann_rules,Rule3: 'Nodes=pressure points' — 7-day cycle completes from Summer Solstice (2006-06-21); Weekly rhythm node
2006-07-04T12:00:00+00:00,Gann Pressure Point (3 cycles align),medium,pressure_point,gann_rules,"Rule1:'Time hits node=MOVE' | Rule3:'Nodes=pressure points' | Rule4:'Cycle within cycle' | 3 confluences from [planetary_station, time_cycle] | cycles: Jupiter Station Direct; Mercury Station Retrograde; Gann 14-Day Cycle from Summer Solstice"
2006-07-04T19:33:26+00:00,Mercury Station Retrograde,high,planetary_station,swisseph,Rule1: 'Time hits node=MOVE' — Mercury turns retrograde at 121.37° (Leo); cycle inversion node
2006-07-05T12:25:52+00:00,Gann 14-Day Cycle from Summer Solstice,low,time_cycle,gann_rules,Rule3: 'Nodes=pressure points' — 14-day cycle completes from Summer Solstice (2006-06-21); 2-week minor node
2006-07-06T07:18:21+00:00,Jupiter Station Direct,medium,planetary_station,swisseph,Rule3: 'Nodes=pressure points' — Jupiter turns direct at 218.98° (Scorpio); cycle resumption node
2006-07-12T12:25:52+00:00,Gann 21-Day Cycle from Summer Solstice,low,time_cycle,gann_rules,Rule3: 'Nodes=pressure points' — 21-day cycle completes from Summer Solstice (2006-06-21); 3-week minor node
2006-07-16T00:00:00+00:00,Gann Square-of-9 (14²=196 days from Jan 1),medium,time_cycle,gann_rules,Rule5: 'Square of time' — 14²=196 calendar days from 2006-01-01; reversal zone in Gann Square-of-9 methodology
2006-07-18T18:25:34+00:00,Gann 120-Day Cycle from Spring Equinox,medium,time_cycle,gann_rules,Rule3: 'Nodes=pressure points' — 120-day cycle completes from Spring Equinox (2006-03-20); 1/3 annual cycle node
2006-07-19T18:34:57+00:00,Gann 210-Day Cycle from Winter Solstice,low,time_cycle,gann_rules,Rule3: 'Nodes=pressure points' — 210-day cycle completes from Winter Solstice (2005-12-21); 7-month node
2006-07-21T12:25:52+00:00,Gann 30-Day Cycle from Summer Solstice,medium,time_cycle,gann_rules,Rule3: 'Nodes=pressure points' — 30-day cycle completes from Summer Solstice (2006-06-21); Monthly node — 1/12 annual cycle
2006-07-29T00:39:32+00:00,Mercury Station Direct,medium,planetary_station,swisseph,Rule3: 'Nodes=pressure points' — Mercury turns direct at 111.06° (Cancer); cycle resumption node
2006-08-03T22:23:09+00:00,Gann 315-Day Cycle from Autumn Equinox,medium,time_cycle,gann_rules,Rule3: 'Nodes=pressure points' — 315-day cycle completes from Autumn Equinox (2005-09-22); 7/8 annual node
2006-08-05T12:25:52+00:00,Gann 45-Day Cycle from Summer Solstice,medium,time_cycle,gann_rules,Rule3: 'Nodes=pressure points' — 45-day cycle completes from Summer Solstice (2006-06-21); 1/8 annual cycle — first seasonal octave
2006-08-11T18:25:34+00:00,Gann 144-Day Cycle from Spring Equinox,high,time_cycle,gann_rules,Rule3: 'Nodes=pressure points' — 144-day cycle completes from Spring Equinox (2006-03-20); Gann sacred number — inner 144° cycle
2006-08-14T00:00:00+00:00,Gann Square-of-9 (15²=225 days from Jan 1),high,time_cycle,gann_rules,Rule5: 'Square of time' — 15²=225 calendar days from 2006-01-01; reversal zone in Gann Square-of-9 methodology
2006-08-20T12:25:52+00:00,Gann 60-Day Cycle from Summer Solstice,medium,time_cycle,gann_rules,Rule3: 'Nodes=pressure points' — 60-day cycle completes from Summer Solstice (2006-06-21); 2-month node — 1/6 annual cycle
2006-09-14T00:00:00+00:00,Gann Square-of-9 (16²=256 days from Jan 1),low,time_cycle,gann_rules,Rule5: 'Square of time' — 16²=256 calendar days from 2006-01-01; reversal zone in Gann Square-of-9 methodology
2006-09-16T18:25:34+00:00,Gann 180-Day Cycle from Spring Equinox,high,time_cycle,gann_rules,Rule3: 'Nodes=pressure points' — 180-day cycle completes from Spring Equinox (2006-03-20); Half-year reversal node — cycle midpoint
2006-09-17T18:34:57+00:00,Gann 270-Day Cycle from Winter Solstice,high,time_cycle,gann_rules,Rule3: 'Nodes=pressure points' — 270-day cycle completes from Winter Solstice (2005-12-21); 3/4 annual node — final seasonal turn
2006-09-17T22:23:09+00:00,Gann 360-Day Cycle from Autumn Equinox,high,time_cycle,gann_rules,Rule3: 'Nodes=pressure points' — 360-day cycle completes from Autumn Equinox (2005-09-22); Annual cycle completion — full revolution
2006-09-19T12:25:52+00:00,Gann 90-Day Cycle from Summer Solstice,high,time_cycle,gann_rules,Rule3: 'Nodes=pressure points' — 90-day cycle completes from Summer Solstice (2006-06-21); Quarter-year node — seasonal turn zone
2006-09-30T04:03:21+00:00,Gann 7-Day Cycle from Autumn Equinox,low,time_cycle,gann_rules,Rule3: 'Nodes=pressure points' — 7-day cycle completes from Autumn Equinox (2006-09-23); Weekly rhythm node
2006-10-07T04:03:21+00:00,Gann 14-Day Cycle from Autumn Equinox,low,time_cycle,gann_rules,Rule3: 'Nodes=pressure points' — 14-day cycle completes from Autumn Equinox (2006-09-23); 2-week minor node
2006-10-14T04:03:21+00:00,Gann 21-Day Cycle from Autumn Equinox,low,time_cycle,gann_rules,Rule3: 'Nodes=pressure points' — 21-day cycle completes from Autumn Equinox (2006-09-23); 3-week minor node
2006-10-16T18:25:34+00:00,Gann 210-Day Cycle from Spring Equinox,low,time_cycle,gann_rules,Rule3: 'Nodes=pressure points' — 210-day cycle completes from Spring Equinox (2006-03-20); 7-month node
2006-10-17T00:00:00+00:00,Gann Square-of-9 (17²=289 days from Jan 1),high,time_cycle,gann_rules,Rule5: 'Square of time' — 17²=289 calendar days from 2006-01-01; reversal zone in Gann Square-of-9 methodology
2006-10-19T12:25:52+00:00,Gann 120-Day Cycle from Summer Solstice,medium,time_cycle,gann_rules,Rule3: 'Nodes=pressure points' — 120-day cycle completes from Summer Solstice (2006-06-21); 1/3 annual cycle node
2006-10-23T04:03:21+00:00,Gann 30-Day Cycle from Autumn Equinox,medium,time_cycle,gann_rules,Rule3: 'Nodes=pressure points' — 30-day cycle completes from Autumn Equinox (2006-09-23); Monthly node — 1/12 annual cycle
2006-10-28T19:16:04+00:00,Mercury Station Retrograde,high,planetary_station,swisseph,Rule1: 'Time hits node=MOVE' — Mercury turns retrograde at 235.08° (Scorpio); cycle inversion node
2006-11-01T18:34:57+00:00,Gann 315-Day Cycle from Winter Solstice,medium,time_cycle,gann_rules,Rule3: 'Nodes=pressure points' — 315-day cycle completes from Winter Solstice (2005-12-21); 7/8 annual node
2006-11-07T04:03:21+00:00,Gann 45-Day Cycle from Autumn Equinox,medium,time_cycle,gann_rules,Rule3: 'Nodes=pressure points' — 45-day cycle completes from Autumn Equinox (2006-09-23); 1/8 annual cycle — first seasonal octave
2006-11-12T12:25:52+00:00,Gann 144-Day Cycle from Summer Solstice,high,time_cycle,gann_rules,Rule3: 'Nodes=pressure points' — 144-day cycle completes from Summer Solstice (2006-06-21); Gann sacred number — inner 144° cycle
2006-11-15T20:35:07+00:00,Venus–Jupiter conjunction,medium,synodic_cycle,swisseph,"Rule4: 'Cycle within cycle' — Venus conjunction Jupiter: Venus 238.1°, Jupiter 238.1°; synodic cycle completion node"
2006-11-18T00:25:19+00:00,Mercury Station Direct,medium,planetary_station,swisseph,Rule3: 'Nodes=pressure points' — Mercury turns direct at 219.06° (Scorpio); cycle resumption node
2006-11-21T00:00:00+00:00,Gann Square-of-9 (18²=324 days from Jan 1),low,time_cycle,gann_rules,Rule5: 'Square of time' — 18²=324 calendar days from 2006-01-01; reversal zone in Gann Square-of-9 methodology
2006-11-22T04:03:21+00:00,Gann 60-Day Cycle from Autumn Equinox,medium,time_cycle,gann_rules,Rule3: 'Nodes=pressure points' — 60-day cycle completes from Autumn Equinox (2006-09-23); 2-month node — 1/6 annual cycle
2006-12-06T04:06:52+00:00,Saturn Station Retrograde,high,planetary_station,swisseph,Rule1: 'Time hits node=MOVE' — Saturn turns retrograde at 145.07° (Leo); cycle inversion node
2006-12-15T18:25:34+00:00,Gann 270-Day Cycle from Spring Equinox,high,time_cycle,gann_rules,Rule3: 'Nodes=pressure points' — 270-day cycle completes from Spring Equinox (2006-03-20); 3/4 annual node — final seasonal turn
2006-12-16T18:34:57+00:00,Gann 360-Day Cycle from Winter Solstice,high,time_cycle,gann_rules,Rule3: 'Nodes=pressure points' — 360-day cycle completes from Winter Solstice (2005-12-21); Annual cycle completion — full revolution
2006-12-18T12:25:52+00:00,Gann 180-Day Cycle from Summer Solstice,high,time_cycle,gann_rules,Rule3: 'Nodes=pressure points' — 180-day cycle completes from Summer Solstice (2006-06-21); Half-year reversal node — cycle midpoint
2006-12-22T04:03:21+00:00,Gann 90-Day Cycle from Autumn Equinox,high,time_cycle,gann_rules,Rule3: 'Nodes=pressure points' — 90-day cycle completes from Autumn Equinox (2006-09-23); Quarter-year node — seasonal turn zone
2006-12-28T00:00:00+00:00,Gann Square-of-9 (19²=361 days from Jan 1),high,time_cycle,gann_rules,Rule5: 'Square of time' — 19²=361 calendar days from 2006-01-01; reversal zone in Gann Square-of-9 methodology
2006-12-29T00:22:06+00:00,Gann 7-Day Cycle from Winter Solstice,low,time_cycle,gann_rules,Rule3: 'Nodes=pressure points' — 7-day cycle completes from Winter Solstice (2006-12-22); Weekly rhythm node
2007-01-02T00:00:00+00:00,Gann Square-of-9 (1²=1 days from Jan 1),low,time_cycle,gann_rules,Rule5: 'Square of time' — 1²=1 calendar days from 2007-01-01; reversal zone in Gann Square-of-9 methodology
2007-01-05T00:00:00+00:00,Gann Square-of-9 (2²=4 days from Jan 1),low,time_cycle,gann_rules,Rule5: 'Square of time' — 2²=4 calendar days from 2007-01-01; reversal zone in Gann Square-of-9 methodology
2007-01-05T00:22:06+00:00,Gann 14-Day Cycle from Winter Solstice,low,time_cycle,gann_rules,Rule3: 'Nodes=pressure points' — 14-day cycle completes from Winter Solstice (2006-12-22); 2-week minor node
2007-01-10T00:00:00+00:00,Gann Square-of-9 (3²=9 days from Jan 1),low,time_cycle,gann_rules,Rule5: 'Square of time' — 3²=9 calendar days from 2007-01-01; reversal zone in Gann Square-of-9 methodology
2007-01-12T00:22:06+00:00,Gann 21-Day Cycle from Winter Solstice,low,time_cycle,gann_rules,Rule3: 'Nodes=pressure points' — 21-day cycle completes from Winter Solstice (2006-12-22); 3-week minor node
2007-01-17T00:00:00+00:00,Gann Square-of-9 (4²=16 days from Jan 1),low,time_cycle,gann_rules,Rule5: 'Square of time' — 4²=16 calendar days from 2007-01-01; reversal zone in Gann Square-of-9 methodology
2007-01-17T12:25:52+00:00,Gann 210-Day Cycle from Summer Solstice,low,time_cycle,gann_rules,Rule3: 'Nodes=pressure points' — 210-day cycle completes from Summer Solstice (2006-06-21); 7-month node
2007-01-21T00:22:06+00:00,Gann 30-Day Cycle from Winter Solstice,medium,time_cycle,gann_rules,Rule3: 'Nodes=pressure points' — 30-day cycle completes from Winter Solstice (2006-12-22); Monthly node — 1/12 annual cycle
2007-01-21T04:03:21+00:00,Gann 120-Day Cycle from Autumn Equinox,medium,time_cycle,gann_rules,Rule3: 'Nodes=pressure points' — 120-day cycle completes from Autumn Equinox (2006-09-23); 1/3 annual cycle node
2007-01-26T00:00:00+00:00,Gann Square-of-9 (5²=25 days from Jan 1),low,time_cycle,gann_rules,Rule5: 'Square of time' — 5²=25 calendar days from 2007-01-01; reversal zone in Gann Square-of-9 methodology
2007-01-29T18:25:34+00:00,Gann 315-Day Cycle from Spring Equinox,medium,time_cycle,gann_rules,Rule3: 'Nodes=pressure points' — 315-day cycle completes from Spring Equinox (2006-03-20); 7/8 annual node
2007-02-05T00:00:00+00:00,Gann Square-of-9 (20²=400 days from Jan 1),low,time_cycle,gann_rules,Rule5: 'Square of time' — 20²=400 calendar days from 2006-01-01; reversal zone in Gann Square-of-9 methodology
2007-02-05T00:22:06+00:00,Gann 45-Day Cycle from Winter Solstice,medium,time_cycle,gann_rules,Rule3: 'Nodes=pressure points' — 45-day cycle completes from Winter Solstice (2006-12-22); 1/8 annual cycle — first seasonal octave
2007-02-06T00:00:00+00:00,Gann Square-of-9 (6²=36 days from Jan 1),low,time_cycle,gann_rules,Rule5: 'Square of time' — 6²=36 calendar days from 2007-01-01; reversal zone in Gann Square-of-9 methodology
2007-02-14T04:03:21+00:00,Gann 144-Day Cycle from Autumn Equinox,high,time_cycle,gann_rules,Rule3: 'Nodes=pressure points' — 144-day cycle completes from Autumn Equinox (2006-09-23); Gann sacred number — inner 144° cycle
2007-02-14T04:37:43+00:00,Mercury Station Retrograde,high,planetary_station,swisseph,Rule1: 'Time hits node=MOVE' — Mercury turns retrograde at 340.23° (Pisces); cycle inversion node
2007-02-19T00:00:00+00:00,Gann Square-of-9 (7²=49 days from Jan 1),low,time_cycle,gann_rules,Rule5: 'Square of time' — 7²=49 calendar days from 2007-01-01; reversal zone in Gann Square-of-9 methodology
2007-02-20T00:22:06+00:00,Gann 60-Day Cycle from Winter Solstice,medium,time_cycle,gann_rules,Rule3: 'Nodes=pressure points' — 60-day cycle completes from Winter Solstice (2006-12-22); 2-month node — 1/6 annual cycle
2007-03-06T00:00:00+00:00,Gann Square-of-9 (8²=64 days from Jan 1),low,time_cycle,gann_rules,Rule5: 'Square of time' — 8²=64 calendar days from 2007-01-01; reversal zone in Gann Square-of-9 methodology
2007-03-08T04:44:33+00:00,Mercury Station Direct,medium,planetary_station,swisseph,Rule3: 'Nodes=pressure points' — Mercury turns direct at 325.41° (Aquarius); cycle resumption node
2007-03-15T18:25:34+00:00,Gann 360-Day Cycle from Spring Equinox,high,time_cycle,gann_rules,Rule3: 'Nodes=pressure points' — 360-day cycle completes from Spring Equinox (2006-03-20); Annual cycle completion — full revolution
2007-03-18T12:25:52+00:00,Gann 270-Day Cycle from Summer Solstice,high,time_cycle,gann_rules,Rule3: 'Nodes=pressure points' — 270-day cycle completes from Summer Solstice (2006-06-21); 3/4 annual node — final seasonal turn
2007-03-22T00:22:06+00:00,Gann 90-Day Cycle from Winter Solstice,high,time_cycle,gann_rules,Rule3: 'Nodes=pressure points' — 90-day cycle completes from Winter Solstice (2006-12-22); Quarter-year node — seasonal turn zone
2007-03-22T04:03:21+00:00,Gann 180-Day Cycle from Autumn Equinox,high,time_cycle,gann_rules,Rule3: 'Nodes=pressure points' — 180-day cycle completes from Autumn Equinox (2006-09-23); Half-year reversal node — cycle midpoint
2007-03-23T00:00:00+00:00,Gann Square-of-9 (9²=81 days from Jan 1),medium,time_cycle,gann_rules,Rule5: 'Square of time' — 9²=81 calendar days from 2007-01-01; reversal zone in Gann Square-of-9 methodology
2007-03-28T00:07:25+00:00,Gann 7-Day Cycle from Spring Equinox,low,time_cycle,gann_rules,Rule3: 'Nodes=pressure points' — 7-day cycle completes from Spring Equinox (2007-03-21); Weekly rhythm node
2007-04-04T00:07:25+00:00,Gann 14-Day Cycle from Spring Equinox,low,time_cycle,gann_rules,Rule3: 'Nodes=pressure points' — 14-day cycle completes from Spring Equinox (2007-03-21); 2-week minor node
2007-04-06T01:22:27+00:00,Jupiter Station Retrograde,high,planetary_station,swisseph,Rule1: 'Time hits node=MOVE' — Jupiter turns retrograde at 259.78° (Sagittarius); cycle inversion node
2007-04-11T00:00:00+00:00,Gann Square-of-9 (10²=100 days from Jan 1),medium,time_cycle,gann_rules,Rule5: 'Square of time' — 10²=100 calendar days from 2007-01-01; reversal zone in Gann Square-of-9 methodology
2007-04-11T00:07:25+00:00,Gann 21-Day Cycle from Spring Equinox,low,time_cycle,gann_rules,Rule3: 'Nodes=pressure points' — 21-day cycle completes from Spring Equinox (2007-03-21); 3-week minor node
2007-04-19T12:00:00+00:00,Gann Pressure Point (4 cycles align),medium,pressure_point,gann_rules,"Rule1:'Time hits node=MOVE' | Rule3:'Nodes=pressure points' | Rule4:'Cycle within cycle' | 4 confluences from [planetary_station, time_cycle] | cycles: Gann 30-Day Cycle from Spring Equinox; Gann 210-Day Cycle from Autumn Equinox; Gann 120-Day Cycle from Winter Solstice; Saturn Station Direct"
2007-04-19T21:24:20+00:00,Saturn Station Direct,medium,planetary_station,swisseph,Rule3: 'Nodes=pressure points' — Saturn turns direct at 138.16° (Leo); cycle resumption node
2007-04-20T00:07:25+00:00,Gann 30-Day Cycle from Spring Equinox,medium,time_cycle,gann_rules,Rule3: 'Nodes=pressure points' — 30-day cycle completes from Spring Equinox (2007-03-21); Monthly node — 1/12 annual cycle
2007-04-21T00:22:06+00:00,Gann 120-Day Cycle from Winter Solstice,medium,time_cycle,gann_rules,Rule3: 'Nodes=pressure points' — 120-day cycle completes from Winter Solstice (2006-12-22); 1/3 annual cycle node
2007-04-21T04:03:21+00:00,Gann 210-Day Cycle from Autumn Equinox,low,time_cycle,gann_rules,Rule3: 'Nodes=pressure points' — 210-day cycle completes from Autumn Equinox (2006-09-23); 7-month node
2007-04-28T12:43:26+00:00,Venus–Jupiter opposition,medium,synodic_cycle,swisseph,"Rule4: 'Cycle within cycle' — Venus opposition Jupiter: Venus 79.0°, Jupiter 259.0°; synodic cycle completion node"
2007-05-02T00:00:00+00:00,Gann Square-of-9 (11²=121 days from Jan 1),medium,time_cycle,gann_rules,Rule5: 'Square of time' — 11²=121 calendar days from 2007-01-01; reversal zone in Gann Square-of-9 methodology
2007-05-02T12:25:52+00:00,Gann 315-Day Cycle from Summer Solstice,medium,time_cycle,gann_rules,Rule3: 'Nodes=pressure points' — 315-day cycle completes from Summer Solstice (2006-06-21); 7/8 annual node
2007-05-05T00:07:25+00:00,Gann 45-Day Cycle from Spring Equinox,medium,time_cycle,gann_rules,Rule3: 'Nodes=pressure points' — 45-day cycle completes from Spring Equinox (2007-03-21); 1/8 annual cycle — first seasonal octave
2007-05-15T00:22:06+00:00,Gann 144-Day Cycle from Winter Solstice,high,time_cycle,gann_rules,Rule3: 'Nodes=pressure points' — 144-day cycle completes from Winter Solstice (2006-12-22); Gann sacred number — inner 144° cycle
2007-05-20T00:07:25+00:00,Gann 60-Day Cycle from Spring Equinox,medium,time_cycle,gann_rules,Rule3: 'Nodes=pressure points' — 60-day cycle completes from Spring Equinox (2007-03-21); 2-month node — 1/6 annual cycle
2007-05-25T00:00:00+00:00,Gann Square-of-9 (12²=144 days from Jan 1),high,time_cycle,gann_rules,Rule5: 'Square of time' — 12²=144 calendar days from 2007-01-01; reversal zone in Gann Square-of-9 methodology
2007-06-15T23:40:07+00:00,Mercury Station Retrograde,high,planetary_station,swisseph,Rule1: 'Time hits node=MOVE' — Mercury turns retrograde at 101.60° (Cancer); cycle inversion node
2007-06-16T12:25:52+00:00,Gann 360-Day Cycle from Summer Solstice,high,time_cycle,gann_rules,Rule3: 'Nodes=pressure points' — 360-day cycle completes from Summer Solstice (2006-06-21); Annual cycle completion — full revolution
2007-06-19T00:00:00+00:00,Gann Square-of-9 (13²=169 days from Jan 1),low,time_cycle,gann_rules,Rule5: 'Square of time' — 13²=169 calendar days from 2007-01-01; reversal zone in Gann Square-of-9 methodology
2007-06-19T00:07:25+00:00,Gann 90-Day Cycle from Spring Equinox,high,time_cycle,gann_rules,Rule3: 'Nodes=pressure points' — 90-day cycle completes from Spring Equinox (2007-03-21); Quarter-year node — seasonal turn zone
2007-06-20T00:22:06+00:00,Gann 180-Day Cycle from Winter Solstice,high,time_cycle,gann_rules,Rule3: 'Nodes=pressure points' — 180-day cycle completes from Winter Solstice (2006-12-22); Half-year reversal node — cycle midpoint
2007-06-20T04:03:21+00:00,Gann 270-Day Cycle from Autumn Equinox,high,time_cycle,gann_rules,Rule3: 'Nodes=pressure points' — 270-day cycle completes from Autumn Equinox (2006-09-23); 3/4 annual node — final seasonal turn
2007-06-28T18:06:26+00:00,Gann 7-Day Cycle from Summer Solstice,low,time_cycle,gann_rules,Rule3: 'Nodes=pressure points' — 7-day cycle completes from Summer Solstice (2007-06-21); Weekly rhythm node
2007-07-05T18:06:26+00:00,Gann 14-Day Cycle from Summer Solstice,low,time_cycle,gann_rules,Rule3: 'Nodes=pressure points' — 14-day cycle completes from Summer Solstice (2007-06-21); 2-week minor node
2007-07-10T02:15:21+00:00,Mercury Station Direct,medium,planetary_station,swisseph,Rule3: 'Nodes=pressure points' — Mercury turns direct at 92.47° (Cancer); cycle resumption node
2007-07-12T18:06:26+00:00,Gann 21-Day Cycle from Summer Solstice,low,time_cycle,gann_rules,Rule3: 'Nodes=pressure points' — 21-day cycle completes from Summer Solstice (2007-06-21); 3-week minor node
2007-07-16T00:00:00+00:00,Gann Square-of-9 (14²=196 days from Jan 1),medium,time_cycle,gann_rules,Rule5: 'Square of time' — 14²=196 calendar days from 2007-01-01; reversal zone in Gann Square-of-9 methodology
2007-07-19T00:07:25+00:00,Gann 120-Day Cycle from Spring Equinox,medium,time_cycle,gann_rules,Rule3: 'Nodes=pressure points' — 120-day cycle completes from Spring Equinox (2007-03-21); 1/3 annual cycle node
2007-07-20T00:22:06+00:00,Gann 210-Day Cycle from Winter Solstice,low,time_cycle,gann_rules,Rule3: 'Nodes=pressure points' — 210-day cycle completes from Winter Solstice (2006-12-22); 7-month node
2007-07-21T18:06:26+00:00,Gann 30-Day Cycle from Summer Solstice,medium,time_cycle,gann_rules,Rule3: 'Nodes=pressure points' — 30-day cycle completes from Summer Solstice (2007-06-21); Monthly node — 1/12 annual cycle
2007-07-27T17:27:52+00:00,Venus Station Retrograde,high,planetary_station,swisseph,Rule1: 'Time hits node=MOVE' — Venus turns retrograde at 152.96° (Virgo); cycle inversion node
2007-08-04T04:03:21+00:00,Gann 315-Day Cycle from Autumn Equinox,medium,time_cycle,gann_rules,Rule3: 'Nodes=pressure points' — 315-day cycle completes from Autumn Equinox (2006-09-23); 7/8 annual node
2007-08-05T12:00:00+00:00,Gann Pressure Point (3 cycles align),medium,pressure_point,gann_rules,"Rule1:'Time hits node=MOVE' | Rule3:'Nodes=pressure points' | Rule4:'Cycle within cycle' | 3 confluences from [planetary_station, time_cycle] | cycles: Gann 45-Day Cycle from Summer Solstice; Jupiter Station Direct; Gann 315-Day Cycle from Autumn Equinox"
2007-08-05T18:06:26+00:00,Gann 45-Day Cycle from Summer Solstice,medium,time_cycle,gann_rules,Rule3: 'Nodes=pressure points' — 45-day cycle completes from Summer Solstice (2007-06-21); 1/8 annual cycle — first seasonal octave
2007-08-07T02:04:33+00:00,Jupiter Station Direct,medium,planetary_station,swisseph,Rule3: 'Nodes=pressure points' — Jupiter turns direct at 249.93° (Sagittarius); cycle resumption node
2007-08-12T00:07:25+00:00,Gann 144-Day Cycle from Spring Equinox,high,time_cycle,gann_rules,Rule3: 'Nodes=pressure points' — 144-day cycle completes from Spring Equinox (2007-03-21); Gann sacred number — inner 144° cycle
2007-08-14T00:00:00+00:00,Gann Square-of-9 (15²=225 days from Jan 1),high,time_cycle,gann_rules,Rule5: 'Square of time' — 15²=225 calendar days from 2007-01-01; reversal zone in Gann Square-of-9 methodology
2007-08-20T18:06:26+00:00,Gann 60-Day Cycle from Summer Solstice,medium,time_cycle,gann_rules,Rule3: 'Nodes=pressure points' — 60-day cycle completes from Summer Solstice (2007-06-21); 2-month node — 1/6 annual cycle
2007-09-08T16:14:19+00:00,Venus Station Direct,medium,planetary_station,swisseph,Rule3: 'Nodes=pressure points' — Venus turns direct at 136.59° (Leo); cycle resumption node
2007-09-14T00:00:00+00:00,Gann Square-of-9 (16²=256 days from Jan 1),low,time_cycle,gann_rules,Rule5: 'Square of time' — 16²=256 calendar days from 2007-01-01; reversal zone in Gann Square-of-9 methodology
2007-09-17T00:07:25+00:00,Gann 180-Day Cycle from Spring Equinox,high,time_cycle,gann_rules,Rule3: 'Nodes=pressure points' — 180-day cycle completes from Spring Equinox (2007-03-21); Half-year reversal node — cycle midpoint
2007-09-18T00:22:06+00:00,Gann 270-Day Cycle from Winter Solstice,high,time_cycle,gann_rules,Rule3: 'Nodes=pressure points' — 270-day cycle completes from Winter Solstice (2006-12-22); 3/4 annual node — final seasonal turn
2007-09-18T04:03:21+00:00,Gann 360-Day Cycle from Autumn Equinox,high,time_cycle,gann_rules,Rule3: 'Nodes=pressure points' — 360-day cycle completes from Autumn Equinox (2006-09-23); Annual cycle completion — full revolution
2007-09-19T18:06:26+00:00,Gann 90-Day Cycle from Summer Solstice,high,time_cycle,gann_rules,Rule3: 'Nodes=pressure points' — 90-day cycle completes from Summer Solstice (2007-06-21); Quarter-year node — seasonal turn zone
2007-09-30T09:51:14+00:00,Gann 7-Day Cycle from Autumn Equinox,low,time_cycle,gann_rules,Rule3: 'Nodes=pressure points' — 7-day cycle completes from Autumn Equinox (2007-09-23); Weekly rhythm node
2007-10-07T09:51:14+00:00,Gann 14-Day Cycle from Autumn Equinox,low,time_cycle,gann_rules,Rule3: 'Nodes=pressure points' — 14-day cycle completes from Autumn Equinox (2007-09-23); 2-week minor node
2007-10-12T04:00:04+00:00,Mercury Station Retrograde,high,planetary_station,swisseph,Rule1: 'Time hits node=MOVE' — Mercury turns retrograde at 219.08° (Scorpio); cycle inversion node
2007-10-14T09:51:14+00:00,Gann 21-Day Cycle from Autumn Equinox,low,time_cycle,gann_rules,Rule3: 'Nodes=pressure points' — 21-day cycle completes from Autumn Equinox (2007-09-23); 3-week minor node
2007-10-17T00:00:00+00:00,Gann Square-of-9 (17²=289 days from Jan 1),high,time_cycle,gann_rules,Rule5: 'Square of time' — 17²=289 calendar days from 2007-01-01; reversal zone in Gann Square-of-9 methodology
2007-10-17T00:07:25+00:00,Gann 210-Day Cycle from Spring Equinox,low,time_cycle,gann_rules,Rule3: 'Nodes=pressure points' — 210-day cycle completes from Spring Equinox (2007-03-21); 7-month node
2007-10-19T18:06:26+00:00,Gann 120-Day Cycle from Summer Solstice,medium,time_cycle,gann_rules,Rule3: 'Nodes=pressure points' — 120-day cycle completes from Summer Solstice (2007-06-21); 1/3 annual cycle node
2007-10-23T09:51:14+00:00,Gann 30-Day Cycle from Autumn Equinox,medium,time_cycle,gann_rules,Rule3: 'Nodes=pressure points' — 30-day cycle completes from Autumn Equinox (2007-09-23); Monthly node — 1/12 annual cycle
2007-11-01T22:58:37+00:00,Mercury Station Direct,medium,planetary_station,swisseph,Rule3: 'Nodes=pressure points' — Mercury turns direct at 203.36° (Libra); cycle resumption node
2007-11-02T00:22:06+00:00,Gann 315-Day Cycle from Winter Solstice,medium,time_cycle,gann_rules,Rule3: 'Nodes=pressure points' — 315-day cycle completes from Winter Solstice (2006-12-22); 7/8 annual node
2007-11-07T09:51:14+00:00,Gann 45-Day Cycle from Autumn Equinox,medium,time_cycle,gann_rules,Rule3: 'Nodes=pressure points' — 45-day cycle completes from Autumn Equinox (2007-09-23); 1/8 annual cycle — first seasonal octave
2007-11-12T18:06:26+00:00,Gann 144-Day Cycle from Summer Solstice,high,time_cycle,gann_rules,Rule3: 'Nodes=pressure points' — 144-day cycle completes from Summer Solstice (2007-06-21); Gann sacred number — inner 144° cycle
2007-11-15T08:24:50+00:00,Mars Station Retrograde,high,planetary_station,swisseph,Rule1: 'Time hits node=MOVE' — Mars turns retrograde at 102.45° (Cancer); cycle inversion node
2007-11-21T00:00:00+00:00,Gann Square-of-9 (18²=324 days from Jan 1),low,time_cycle,gann_rules,Rule5: 'Square of time' — 18²=324 calendar days from 2007-01-01; reversal zone in Gann Square-of-9 methodology
2007-11-22T09:51:14+00:00,Gann 60-Day Cycle from Autumn Equinox,medium,time_cycle,gann_rules,Rule3: 'Nodes=pressure points' — 60-day cycle completes from Autumn Equinox (2007-09-23); 2-month node — 1/6 annual cycle
2007-12-16T00:07:25+00:00,Gann 270-Day Cycle from Spring Equinox,high,time_cycle,gann_rules,Rule3: 'Nodes=pressure points' — 270-day cycle completes from Spring Equinox (2007-03-21); 3/4 annual node — final seasonal turn
2007-12-17T00:22:06+00:00,Gann 360-Day Cycle from Winter Solstice,high,time_cycle,gann_rules,Rule3: 'Nodes=pressure points' — 360-day cycle completes from Winter Solstice (2006-12-22); Annual cycle completion — full revolution
2007-12-17T12:00:00+00:00,Gann Pressure Point (4 cycles align),medium,pressure_point,gann_rules,"Rule1:'Time hits node=MOVE' | Rule3:'Nodes=pressure points' | Rule4:'Cycle within cycle' | 4 confluences from [planetary_station, time_cycle] | cycles: Saturn Station Retrograde; Gann 180-Day Cycle from Summer Solstice; Gann 360-Day Cycle from Winter Solstice; Gann 270-Day Cycle from Spring Equinox"
2007-12-18T18:06:26+00:00,Gann 180-Day Cycle from Summer Solstice,high,time_cycle,gann_rules,Rule3: 'Nodes=pressure points' — 180-day cycle completes from Summer Solstice (2007-06-21); Half-year reversal node — cycle midpoint
2007-12-19T14:08:58+00:00,Saturn Station Retrograde,high,planetary_station,swisseph,Rule1: 'Time hits node=MOVE' — Saturn turns retrograde at 158.57° (Virgo); cycle inversion node
2007-12-22T09:51:14+00:00,Gann 90-Day Cycle from Autumn Equinox,high,time_cycle,gann_rules,Rule3: 'Nodes=pressure points' — 90-day cycle completes from Autumn Equinox (2007-09-23); Quarter-year node — seasonal turn zone
2007-12-26T19:52:34+00:00,Jupiter–Mars opposition,medium,synodic_cycle,swisseph,"Rule4: 'Cycle within cycle' — Jupiter opposition Mars: Jupiter 271.8°, Mars 91.8°; synodic cycle completion node"
2007-12-28T00:00:00+00:00,Gann Square-of-9 (19²=361 days from Jan 1),high,time_cycle,gann_rules,Rule5: 'Square of time' — 19²=361 calendar days from 2007-01-01; reversal zone in Gann Square-of-9 methodology
2007-12-28T12:00:00+00:00,Gann Pressure Point (3 cycles align),high,pressure_point,gann_rules,"Rule1:'Time hits node=MOVE' | Rule3:'Nodes=pressure points' | Rule4:'Cycle within cycle' | 3 confluences from [synodic_cycle, time_cycle] | cycles: Gann Square-of-9 (19²=361 days from Jan 1); Gann 7-Day Cycle from Winter Solstice; Jupiter–Mars opposition"
2007-12-29T06:07:48+00:00,Gann 7-Day Cycle from Winter Solstice,low,time_cycle,gann_rules,Rule3: 'Nodes=pressure points' — 7-day cycle completes from Winter Solstice (2007-12-22); Weekly rhythm node
2008-01-02T00:00:00+00:00,Gann Square-of-9 (1²=1 days from Jan 1),low,time_cycle,gann_rules,Rule5: 'Square of time' — 1²=1 calendar days from 2008-01-01; reversal zone in Gann Square-of-9 methodology
2008-01-05T00:00:00+00:00,Gann Square-of-9 (2²=4 days from Jan 1),low,time_cycle,gann_rules,Rule5: 'Square of time' — 2²=4 calendar days from 2008-01-01; reversal zone in Gann Square-of-9 methodology
2008-01-05T06:07:48+00:00,Gann 14-Day Cycle from Winter Solstice,low,time_cycle,gann_rules,Rule3: 'Nodes=pressure points' — 14-day cycle completes from Winter Solstice (2007-12-22); 2-week minor node
2008-01-10T00:00:00+00:00,Gann Square-of-9 (3²=9 days from Jan 1),low,time_cycle,gann_rules,Rule5: 'Square of time' — 3²=9 calendar days from 2008-01-01; reversal zone in Gann Square-of-9 methodology
2008-01-12T06:07:48+00:00,Gann 21-Day Cycle from Winter Solstice,low,time_cycle,gann_rules,Rule3: 'Nodes=pressure points' — 21-day cycle completes from Winter Solstice (2007-12-22); 3-week minor node
2008-01-17T00:00:00+00:00,Gann Square-of-9 (4²=16 days from Jan 1),low,time_cycle,gann_rules,Rule5: 'Square of time' — 4²=16 calendar days from 2008-01-01; reversal zone in Gann Square-of-9 methodology
2008-01-17T18:06:26+00:00,Gann 210-Day Cycle from Summer Solstice,low,time_cycle,gann_rules,Rule3: 'Nodes=pressure points' — 210-day cycle completes from Summer Solstice (2007-06-21); 7-month node
2008-01-21T06:07:48+00:00,Gann 30-Day Cycle from Winter Solstice,medium,time_cycle,gann_rules,Rule3: 'Nodes=pressure points' — 30-day cycle completes from Winter Solstice (2007-12-22); Monthly node — 1/12 annual cycle
2008-01-21T09:51:14+00:00,Gann 120-Day Cycle from Autumn Equinox,medium,time_cycle,gann_rules,Rule3: 'Nodes=pressure points' — 120-day cycle completes from Autumn Equinox (2007-09-23); 1/3 annual cycle node
2008-01-26T00:00:00+00:00,Gann Square-of-9 (5²=25 days from Jan 1),low,time_cycle,gann_rules,Rule5: 'Square of time' — 5²=25 calendar days from 2008-01-01; reversal zone in Gann Square-of-9 methodology
2008-01-28T12:00:00+00:00,Gann Pressure Point (4 cycles align),medium,pressure_point,gann_rules,"Rule1:'Time hits node=MOVE' | Rule3:'Nodes=pressure points' | Rule4:'Cycle within cycle' | 4 confluences from [planetary_station, time_cycle] | cycles: Mars Station Direct; Mercury Station Retrograde; Gann 315-Day Cycle from Spring Equinox; Gann Square-of-9 (5²=25 days from Jan 1)"
2008-01-28T20:30:56+00:00,Mercury Station Retrograde,high,planetary_station,swisseph,Rule1: 'Time hits node=MOVE' — Mercury turns retrograde at 323.88° (Aquarius); cycle inversion node
2008-01-30T00:07:25+00:00,Gann 315-Day Cycle from Spring Equinox,medium,time_cycle,gann_rules,Rule3: 'Nodes=pressure points' — 315-day cycle completes from Spring Equinox (2007-03-21); 7/8 annual node
2008-01-30T22:33:34+00:00,Mars Station Direct,medium,planetary_station,swisseph,Rule3: 'Nodes=pressure points' — Mars turns direct at 84.08° (Gemini); cycle resumption node
2008-02-01T11:33:22+00:00,Venus–Jupiter conjunction,medium,synodic_cycle,swisseph,"Rule4: 'Cycle within cycle' — Venus conjunction Jupiter: Venus 280.0°, Jupiter 280.0°; synodic cycle completion node"
2008-02-01T12:00:00+00:00,Gann Pressure Point (3 cycles align),high,pressure_point,gann_rules,"Rule1:'Time hits node=MOVE' | Rule3:'Nodes=pressure points' | Rule4:'Cycle within cycle' | 3 confluences from [planetary_station, synodic_cycle, time_cycle] | cycles: Venus–Jupiter conjunction; Mars Station Direct; Gann 315-Day Cycle from Spring Equinox"
2008-02-05T00:00:00+00:00,Gann Square-of-9 (20²=400 days from Jan 1),low,time_cycle,gann_rules,Rule5: 'Square of time' — 20²=400 calendar days from 2007-01-01; reversal zone in Gann Square-of-9 methodology
2008-02-05T06:07:48+00:00,Gann 45-Day Cycle from Winter Solstice,medium,time_cycle,gann_rules,Rule3: 'Nodes=pressure points' — 45-day cycle completes from Winter Solstice (2007-12-22); 1/8 annual cycle — first seasonal octave
2008-02-06T00:00:00+00:00,Gann Square-of-9 (6²=36 days from Jan 1),low,time_cycle,gann_rules,Rule5: 'Square of time' — 6²=36 calendar days from 2008-01-01; reversal zone in Gann Square-of-9 methodology
2008-02-14T09:51:14+00:00,Gann 144-Day Cycle from Autumn Equinox,high,time_cycle,gann_rules,Rule3: 'Nodes=pressure points' — 144-day cycle completes from Autumn Equinox (2007-09-23); Gann sacred number — inner 144° cycle
2008-02-19T00:00:00+00:00,Gann Square-of-9 (7²=49 days from Jan 1),low,time_cycle,gann_rules,Rule5: 'Square of time' — 7²=49 calendar days from 2008-01-01; reversal zone in Gann Square-of-9 methodology
2008-02-19T02:57:11+00:00,Mercury Station Direct,medium,planetary_station,swisseph,Rule3: 'Nodes=pressure points' — Mercury turns direct at 308.32° (Aquarius); cycle resumption node
2008-02-19T12:00:00+00:00,Gann Pressure Point (3 cycles align),medium,pressure_point,gann_rules,"Rule1:'Time hits node=MOVE' | Rule3:'Nodes=pressure points' | Rule4:'Cycle within cycle' | 3 confluences from [planetary_station, time_cycle] | cycles: Gann 60-Day Cycle from Winter Solstice; Mercury Station Direct; Gann Square-of-9 (7²=49 days from Jan 1)"
2008-02-20T06:07:48+00:00,Gann 60-Day Cycle from Winter Solstice,medium,time_cycle,gann_rules,Rule3: 'Nodes=pressure points' — 60-day cycle completes from Winter Solstice (2007-12-22); 2-month node — 1/6 annual cycle
2008-03-05T00:00:00+00:00,Gann Square-of-9 (8²=64 days from Jan 1),low,time_cycle,gann_rules,Rule5: 'Square of time' — 8²=64 calendar days from 2008-01-01; reversal zone in Gann Square-of-9 methodology
2008-03-15T00:07:25+00:00,Gann 360-Day Cycle from Spring Equinox,high,time_cycle,gann_rules,Rule3: 'Nodes=pressure points' — 360-day cycle completes from Spring Equinox (2007-03-21); Annual cycle completion — full revolution
2008-03-17T18:06:26+00:00,Gann 270-Day Cycle from Summer Solstice,high,time_cycle,gann_rules,Rule3: 'Nodes=pressure points' — 270-day cycle completes from Summer Solstice (2007-06-21); 3/4 annual node — final seasonal turn
2008-03-21T06:07:48+00:00,Gann 90-Day Cycle from Winter Solstice,high,time_cycle,gann_rules,Rule3: 'Nodes=pressure points' — 90-day cycle completes from Winter Solstice (2007-12-22); Quarter-year node — seasonal turn zone
2008-03-21T09:51:14+00:00,Gann 180-Day Cycle from Autumn Equinox,high,time_cycle,gann_rules,Rule3: 'Nodes=pressure points' — 180-day cycle completes from Autumn Equinox (2007-09-23); Half-year reversal node — cycle midpoint
2008-03-22T00:00:00+00:00,Gann Square-of-9 (9²=81 days from Jan 1),medium,time_cycle,gann_rules,Rule5: 'Square of time' — 9²=81 calendar days from 2008-01-01; reversal zone in Gann Square-of-9 methodology
2008-03-27T05:48:17+00:00,Gann 7-Day Cycle from Spring Equinox,low,time_cycle,gann_rules,Rule3: 'Nodes=pressure points' — 7-day cycle completes from Spring Equinox (2008-03-20); Weekly rhythm node
2008-04-03T05:48:17+00:00,Gann 14-Day Cycle from Spring Equinox,low,time_cycle,gann_rules,Rule3: 'Nodes=pressure points' — 14-day cycle completes from Spring Equinox (2008-03-20); 2-week minor node
2008-04-10T00:00:00+00:00,Gann Square-of-9 (10²=100 days from Jan 1),medium,time_cycle,gann_rules,Rule5: 'Square of time' — 10²=100 calendar days from 2008-01-01; reversal zone in Gann Square-of-9 methodology
2008-04-10T05:48:17+00:00,Gann 21-Day Cycle from Spring Equinox,low,time_cycle,gann_rules,Rule3: 'Nodes=pressure points' — 21-day cycle completes from Spring Equinox (2008-03-20); 3-week minor node
2008-04-19T05:48:17+00:00,Gann 30-Day Cycle from Spring Equinox,medium,time_cycle,gann_rules,Rule3: 'Nodes=pressure points' — 30-day cycle completes from Spring Equinox (2008-03-20); Monthly node — 1/12 annual cycle
2008-04-20T06:07:48+00:00,Gann 120-Day Cycle from Winter Solstice,medium,time_cycle,gann_rules,Rule3: 'Nodes=pressure points' — 120-day cycle completes from Winter Solstice (2007-12-22); 1/3 annual cycle node
2008-04-20T09:51:14+00:00,Gann 210-Day Cycle from Autumn Equinox,low,time_cycle,gann_rules,Rule3: 'Nodes=pressure points' — 210-day cycle completes from Autumn Equinox (2007-09-23); 7-month node
2008-05-01T00:00:00+00:00,Gann Square-of-9 (11²=121 days from Jan 1),medium,time_cycle,gann_rules,Rule5: 'Square of time' — 11²=121 calendar days from 2008-01-01; reversal zone in Gann Square-of-9 methodology
2008-05-01T18:06:26+00:00,Gann 315-Day Cycle from Summer Solstice,medium,time_cycle,gann_rules,Rule3: 'Nodes=pressure points' — 315-day cycle completes from Summer Solstice (2007-06-21); 7/8 annual node
2008-05-03T03:07:12+00:00,Saturn Station Direct,medium,planetary_station,swisseph,Rule3: 'Nodes=pressure points' — Saturn turns direct at 151.68° (Virgo); cycle resumption node
2008-05-03T12:00:00+00:00,Gann Pressure Point (4 cycles align),medium,pressure_point,gann_rules,"Rule1:'Time hits node=MOVE' | Rule3:'Nodes=pressure points' | Rule4:'Cycle within cycle' | 4 confluences from [planetary_station, time_cycle] | cycles: Gann 45-Day Cycle from Spring Equinox; Gann 315-Day Cycle from Summer Solstice; Gann Square-of-9 (11²=121 days from Jan 1); Saturn Station Direct"
2008-05-04T05:48:17+00:00,Gann 45-Day Cycle from Spring Equinox,medium,time_cycle,gann_rules,Rule3: 'Nodes=pressure points' — 45-day cycle completes from Spring Equinox (2008-03-20); 1/8 annual cycle — first seasonal octave
2008-05-09T12:10:57+00:00,Jupiter Station Retrograde,high,planetary_station,swisseph,Rule1: 'Time hits node=MOVE' — Jupiter turns retrograde at 292.37° (Capricorn); cycle inversion node
2008-05-14T06:07:48+00:00,Gann 144-Day Cycle from Winter Solstice,high,time_cycle,gann_rules,Rule3: 'Nodes=pressure points' — 144-day cycle completes from Winter Solstice (2007-12-22); Gann sacred number — inner 144° cycle
2008-05-19T05:48:17+00:00,Gann 60-Day Cycle from Spring Equinox,medium,time_cycle,gann_rules,Rule3: 'Nodes=pressure points' — 60-day cycle completes from Spring Equinox (2008-03-20); 2-month node — 1/6 annual cycle
2008-05-24T00:00:00+00:00,Gann Square-of-9 (12²=144 days from Jan 1),high,time_cycle,gann_rules,Rule5: 'Square of time' — 12²=144 calendar days from 2008-01-01; reversal zone in Gann Square-of-9 methodology
2008-05-26T15:47:38+00:00,Mercury Station Retrograde,high,planetary_station,swisseph,Rule1: 'Time hits node=MOVE' — Mercury turns retrograde at 81.54° (Gemini); cycle inversion node
2008-06-15T18:06:26+00:00,Gann 360-Day Cycle from Summer Solstice,high,time_cycle,gann_rules,Rule3: 'Nodes=pressure points' — 360-day cycle completes from Summer Solstice (2007-06-21); Annual cycle completion — full revolution
2008-06-18T00:00:00+00:00,Gann Square-of-9 (13²=169 days from Jan 1),low,time_cycle,gann_rules,Rule5: 'Square of time' — 13²=169 calendar days from 2008-01-01; reversal zone in Gann Square-of-9 methodology
2008-06-18T05:48:17+00:00,Gann 90-Day Cycle from Spring Equinox,high,time_cycle,gann_rules,Rule3: 'Nodes=pressure points' — 90-day cycle completes from Spring Equinox (2008-03-20); Quarter-year node — seasonal turn zone
2008-06-18T12:00:00+00:00,Gann Pressure Point (5 cycles align),high,pressure_point,gann_rules,"Rule1:'Time hits node=MOVE' | Rule3:'Nodes=pressure points' | Rule4:'Cycle within cycle' | 5 confluences from [planetary_station, time_cycle] | cycles: Gann 180-Day Cycle from Winter Solstice; Gann Square-of-9 (13²=169 days from Jan 1); Gann 90-Day Cycle from Spring Equinox; Mercury Station Direct; Gann 270-Day Cycle from Autumn Equinox"
2008-06-19T06:07:48+00:00,Gann 180-Day Cycle from Winter Solstice,high,time_cycle,gann_rules,Rule3: 'Nodes=pressure points' — 180-day cycle completes from Winter Solstice (2007-12-22); Half-year reversal node — cycle midpoint
2008-06-19T09:51:14+00:00,Gann 270-Day Cycle from Autumn Equinox,high,time_cycle,gann_rules,Rule3: 'Nodes=pressure points' — 270-day cycle completes from Autumn Equinox (2007-09-23); 3/4 annual node — final seasonal turn
2008-06-19T14:31:13+00:00,Mercury Station Direct,medium,planetary_station,swisseph,Rule3: 'Nodes=pressure points' — Mercury turns direct at 72.98° (Gemini); cycle resumption node
2008-06-27T23:59:22+00:00,Gann 7-Day Cycle from Summer Solstice,low,time_cycle,gann_rules,Rule3: 'Nodes=pressure points' — 7-day cycle completes from Summer Solstice (2008-06-20); Weekly rhythm node
2008-07-03T05:17:54+00:00,Venus–Jupiter opposition,medium,synodic_cycle,swisseph,"Rule4: 'Cycle within cycle' — Venus opposition Jupiter: Venus 108.3°, Jupiter 288.3°; synodic cycle completion node"
2008-07-04T23:59:22+00:00,Gann 14-Day Cycle from Summer Solstice,low,time_cycle,gann_rules,Rule3: 'Nodes=pressure points' — 14-day cycle completes from Summer Solstice (2008-06-20); 2-week minor node
2008-07-11T23:59:22+00:00,Gann 21-Day Cycle from Summer Solstice,low,time_cycle,gann_rules,Rule3: 'Nodes=pressure points' — 21-day cycle completes from Summer Solstice (2008-06-20); 3-week minor node
2008-07-15T00:00:00+00:00,Gann Square-of-9 (14²=196 days from Jan 1),medium,time_cycle,gann_rules,Rule5: 'Square of time' — 14²=196 calendar days from 2008-01-01; reversal zone in Gann Square-of-9 methodology
2008-07-18T05:48:17+00:00,Gann 120-Day Cycle from Spring Equinox,medium,time_cycle,gann_rules,Rule3: 'Nodes=pressure points' — 120-day cycle completes from Spring Equinox (2008-03-20); 1/3 annual cycle node
2008-07-19T06:07:48+00:00,Gann 210-Day Cycle from Winter Solstice,low,time_cycle,gann_rules,Rule3: 'Nodes=pressure points' — 210-day cycle completes from Winter Solstice (2007-12-22); 7-month node
2008-07-20T23:59:22+00:00,Gann 30-Day Cycle from Summer Solstice,medium,time_cycle,gann_rules,Rule3: 'Nodes=pressure points' — 30-day cycle completes from Summer Solstice (2008-06-20); Monthly node — 1/12 annual cycle
2008-08-03T09:51:14+00:00,Gann 315-Day Cycle from Autumn Equinox,medium,time_cycle,gann_rules,Rule3: 'Nodes=pressure points' — 315-day cycle completes from Autumn Equinox (2007-09-23); 7/8 annual node
2008-08-04T23:59:22+00:00,Gann 45-Day Cycle from Summer Solstice,medium,time_cycle,gann_rules,Rule3: 'Nodes=pressure points' — 45-day cycle completes from Summer Solstice (2008-06-20); 1/8 annual cycle — first seasonal octave
2008-08-11T05:48:17+00:00,Gann 144-Day Cycle from Spring Equinox,high,time_cycle,gann_rules,Rule3: 'Nodes=pressure points' — 144-day cycle completes from Spring Equinox (2008-03-20); Gann sacred number — inner 144° cycle
2008-08-13T00:00:00+00:00,Gann Square-of-9 (15²=225 days from Jan 1),high,time_cycle,gann_rules,Rule5: 'Square of time' — 15²=225 calendar days from 2008-01-01; reversal zone in Gann Square-of-9 methodology
2008-08-19T23:59:22+00:00,Gann 60-Day Cycle from Summer Solstice,medium,time_cycle,gann_rules,Rule3: 'Nodes=pressure points' — 60-day cycle completes from Summer Solstice (2008-06-20); 2-month node — 1/6 annual cycle
2008-09-08T04:16:20+00:00,Jupiter Station Direct,medium,planetary_station,swisseph,Rule3: 'Nodes=pressure points' — Jupiter turns direct at 282.53° (Capricorn); cycle resumption node
2008-09-13T00:00:00+00:00,Gann Square-of-9 (16²=256 days from Jan 1),low,time_cycle,gann_rules,Rule5: 'Square of time' — 16²=256 calendar days from 2008-01-01; reversal zone in Gann Square-of-9 methodology
2008-09-16T05:48:17+00:00,Gann 180-Day Cycle from Spring Equinox,high,time_cycle,gann_rules,Rule3: 'Nodes=pressure points' — 180-day cycle completes from Spring Equinox (2008-03-20); Half-year reversal node — cycle midpoint
2008-09-17T06:07:48+00:00,Gann 270-Day Cycle from Winter Solstice,high,time_cycle,gann_rules,Rule3: 'Nodes=pressure points' — 270-day cycle completes from Winter Solstice (2007-12-22); 3/4 annual node — final seasonal turn
2008-09-17T09:51:14+00:00,Gann 360-Day Cycle from Autumn Equinox,high,time_cycle,gann_rules,Rule3: 'Nodes=pressure points' — 360-day cycle completes from Autumn Equinox (2007-09-23); Annual cycle completion — full revolution
2008-09-18T23:59:22+00:00,Gann 90-Day Cycle from Summer Solstice,high,time_cycle,gann_rules,Rule3: 'Nodes=pressure points' — 90-day cycle completes from Summer Solstice (2008-06-20); Quarter-year node — seasonal turn zone
2008-09-24T07:16:53+00:00,Mercury Station Retrograde,high,planetary_station,swisseph,Rule1: 'Time hits node=MOVE' — Mercury turns retrograde at 202.84° (Libra); cycle inversion node
2008-09-29T15:44:28+00:00,Gann 7-Day Cycle from Autumn Equinox,low,time_cycle,gann_rules,Rule3: 'Nodes=pressure points' — 7-day cycle completes from Autumn Equinox (2008-09-22); Weekly rhythm node
2008-10-06T15:44:28+00:00,Gann 14-Day Cycle from Autumn Equinox,low,time_cycle,gann_rules,Rule3: 'Nodes=pressure points' — 14-day cycle completes from Autumn Equinox (2008-09-22); 2-week minor node
2008-10-13T15:44:28+00:00,Gann 21-Day Cycle from Autumn Equinox,low,time_cycle,gann_rules,Rule3: 'Nodes=pressure points' — 21-day cycle completes from Autumn Equinox (2008-09-22); 3-week minor node
2008-10-15T12:00:00+00:00,Gann Pressure Point (4 cycles align),medium,pressure_point,gann_rules,"Rule1:'Time hits node=MOVE' | Rule3:'Nodes=pressure points' | Rule4:'Cycle within cycle' | 4 confluences from [planetary_station, time_cycle] | cycles: Gann 21-Day Cycle from Autumn Equinox; Gann Square-of-9 (17²=289 days from Jan 1); Mercury Station Direct; Gann 210-Day Cycle from Spring Equinox"
2008-10-15T20:05:55+00:00,Mercury Station Direct,medium,planetary_station,swisseph,Rule3: 'Nodes=pressure points' — Mercury turns direct at 187.57° (Libra); cycle resumption node
2008-10-16T00:00:00+00:00,Gann Square-of-9 (17²=289 days from Jan 1),high,time_cycle,gann_rules,Rule5: 'Square of time' — 17²=289 calendar days from 2008-01-01; reversal zone in Gann Square-of-9 methodology
2008-10-16T05:48:17+00:00,Gann 210-Day Cycle from Spring Equinox,low,time_cycle,gann_rules,Rule3: 'Nodes=pressure points' — 210-day cycle completes from Spring Equinox (2008-03-20); 7-month node
2008-10-18T23:59:22+00:00,Gann 120-Day Cycle from Summer Solstice,medium,time_cycle,gann_rules,Rule3: 'Nodes=pressure points' — 120-day cycle completes from Summer Solstice (2008-06-20); 1/3 annual cycle node
2008-10-22T15:44:28+00:00,Gann 30-Day Cycle from Autumn Equinox,medium,time_cycle,gann_rules,Rule3: 'Nodes=pressure points' — 30-day cycle completes from Autumn Equinox (2008-09-22); Monthly node — 1/12 annual cycle
2008-11-01T06:07:48+00:00,Gann 315-Day Cycle from Winter Solstice,medium,time_cycle,gann_rules,Rule3: 'Nodes=pressure points' — 315-day cycle completes from Winter Solstice (2007-12-22); 7/8 annual node
2008-11-06T15:44:28+00:00,Gann 45-Day Cycle from Autumn Equinox,medium,time_cycle,gann_rules,Rule3: 'Nodes=pressure points' — 45-day cycle completes from Autumn Equinox (2008-09-22); 1/8 annual cycle — first seasonal octave
2008-11-11T23:59:22+00:00,Gann 144-Day Cycle from Summer Solstice,high,time_cycle,gann_rules,Rule3: 'Nodes=pressure points' — 144-day cycle completes from Summer Solstice (2008-06-20); Gann sacred number — inner 144° cycle
2008-11-20T00:00:00+00:00,Gann Square-of-9 (18²=324 days from Jan 1),low,time_cycle,gann_rules,Rule5: 'Square of time' — 18²=324 calendar days from 2008-01-01; reversal zone in Gann Square-of-9 methodology
2008-11-21T15:44:28+00:00,Gann 60-Day Cycle from Autumn Equinox,medium,time_cycle,gann_rules,Rule3: 'Nodes=pressure points' — 60-day cycle completes from Autumn Equinox (2008-09-22); 2-month node — 1/6 annual cycle
2008-12-01T08:44:26+00:00,Venus–Jupiter conjunction,medium,synodic_cycle,swisseph,"Rule4: 'Cycle within cycle' — Venus conjunction Jupiter: Venus 292.2°, Jupiter 292.2°; synodic cycle completion node"
2008-12-15T05:48:17+00:00,Gann 270-Day Cycle from Spring Equinox,high,time_cycle,gann_rules,Rule3: 'Nodes=pressure points' — 270-day cycle completes from Spring Equinox (2008-03-20); 3/4 annual node — final seasonal turn
2008-12-16T06:07:48+00:00,Gann 360-Day Cycle from Winter Solstice,high,time_cycle,gann_rules,Rule3: 'Nodes=pressure points' — 360-day cycle completes from Winter Solstice (2007-12-22); Annual cycle completion — full revolution
2008-12-17T23:59:22+00:00,Gann 180-Day Cycle from Summer Solstice,high,time_cycle,gann_rules,Rule3: 'Nodes=pressure points' — 180-day cycle completes from Summer Solstice (2008-06-20); Half-year reversal node — cycle midpoint
2008-12-21T15:44:28+00:00,Gann 90-Day Cycle from Autumn Equinox,high,time_cycle,gann_rules,Rule3: 'Nodes=pressure points' — 90-day cycle completes from Autumn Equinox (2008-09-22); Quarter-year node — seasonal turn zone
2008-12-27T00:00:00+00:00,Gann Square-of-9 (19²=361 days from Jan 1),high,time_cycle,gann_rules,Rule5: 'Square of time' — 19²=361 calendar days from 2008-01-01; reversal zone in Gann Square-of-9 methodology
2008-12-28T12:03:45+00:00,Gann 7-Day Cycle from Winter Solstice,low,time_cycle,gann_rules,Rule3: 'Nodes=pressure points' — 7-day cycle completes from Winter Solstice (2008-12-21); Weekly rhythm node
2008-12-31T18:08:07+00:00,Saturn Station Retrograde,high,planetary_station,swisseph,Rule1: 'Time hits node=MOVE' — Saturn turns retrograde at 171.77° (Virgo); cycle inversion node
2009-01-02T00:00:00+00:00,Gann Square-of-9 (1²=1 days from Jan 1),low,time_cycle,gann_rules,Rule5: 'Square of time' — 1²=1 calendar days from 2009-01-01; reversal zone in Gann Square-of-9 methodology
2009-01-02T12:00:00+00:00,Gann Pressure Point (3 cycles align),medium,pressure_point,gann_rules,"Rule1:'Time hits node=MOVE' | Rule3:'Nodes=pressure points' | Rule4:'Cycle within cycle' | 3 confluences from [planetary_station, time_cycle] | cycles: Saturn Station Retrograde; Gann Square-of-9 (1²=1 days from Jan 1); Gann 14-Day Cycle from Winter Solstice"
2009-01-04T12:03:45+00:00,Gann 14-Day Cycle from Winter Solstice,low,time_cycle,gann_rules,Rule3: 'Nodes=pressure points' — 14-day cycle completes from Winter Solstice (2008-12-21); 2-week minor node
2009-01-05T00:00:00+00:00,Gann Square-of-9 (2²=4 days from Jan 1),low,time_cycle,gann_rules,Rule5: 'Square of time' — 2²=4 calendar days from 2009-01-01; reversal zone in Gann Square-of-9 methodology
2009-01-10T00:00:00+00:00,Gann Square-of-9 (3²=9 days from Jan 1),low,time_cycle,gann_rules,Rule5: 'Square of time' — 3²=9 calendar days from 2009-01-01; reversal zone in Gann Square-of-9 methodology
2009-01-10T12:00:00+00:00,Gann Pressure Point (3 cycles align),medium,pressure_point,gann_rules,"Rule1:'Time hits node=MOVE' | Rule3:'Nodes=pressure points' | Rule4:'Cycle within cycle' | 3 confluences from [planetary_station, time_cycle] | cycles: Mercury Station Retrograde; Gann 21-Day Cycle from Winter Solstice; Gann Square-of-9 (3²=9 days from Jan 1)"
2009-01-11T12:03:45+00:00,Gann 21-Day Cycle from Winter Solstice,low,time_cycle,gann_rules,Rule3: 'Nodes=pressure points' — 21-day cycle completes from Winter Solstice (2008-12-21); 3-week minor node
2009-01-11T16:43:41+00:00,Mercury Station Retrograde,high,planetary_station,swisseph,Rule1: 'Time hits node=MOVE' — Mercury turns retrograde at 307.76° (Aquarius); cycle inversion node
2009-01-16T23:59:22+00:00,Gann 210-Day Cycle from Summer Solstice,low,time_cycle,gann_rules,Rule3: 'Nodes=pressure points' — 210-day cycle completes from Summer Solstice (2008-06-20); 7-month node
2009-01-17T00:00:00+00:00,Gann Square-of-9 (4²=16 days from Jan 1),low,time_cycle,gann_rules,Rule5: 'Square of time' — 4²=16 calendar days from 2009-01-01; reversal zone in Gann Square-of-9 methodology
2009-01-20T12:03:45+00:00,Gann 30-Day Cycle from Winter Solstice,medium,time_cycle,gann_rules,Rule3: 'Nodes=pressure points' — 30-day cycle completes from Winter Solstice (2008-12-21); Monthly node — 1/12 annual cycle
2009-01-20T15:44:28+00:00,Gann 120-Day Cycle from Autumn Equinox,medium,time_cycle,gann_rules,Rule3: 'Nodes=pressure points' — 120-day cycle completes from Autumn Equinox (2008-09-22); 1/3 annual cycle node
2009-01-26T00:00:00+00:00,Gann Square-of-9 (5²=25 days from Jan 1),low,time_cycle,gann_rules,Rule5: 'Square of time' — 5²=25 calendar days from 2009-01-01; reversal zone in Gann Square-of-9 methodology
2009-01-29T05:48:17+00:00,Gann 315-Day Cycle from Spring Equinox,medium,time_cycle,gann_rules,Rule3: 'Nodes=pressure points' — 315-day cycle completes from Spring Equinox (2008-03-20); 7/8 annual node
2009-02-01T07:10:26+00:00,Mercury Station Direct,medium,planetary_station,swisseph,Rule3: 'Nodes=pressure points' — Mercury turns direct at 291.75° (Capricorn); cycle resumption node
2009-02-04T00:00:00+00:00,Gann Square-of-9 (20²=400 days from Jan 1),low,time_cycle,gann_rules,Rule5: 'Square of time' — 20²=400 calendar days from 2008-01-01; reversal zone in Gann Square-of-9 methodology
2009-02-04T12:03:45+00:00,Gann 45-Day Cycle from Winter Solstice,medium,time_cycle,gann_rules,Rule3: 'Nodes=pressure points' — 45-day cycle completes from Winter Solstice (2008-12-21); 1/8 annual cycle — first seasonal octave
2009-02-06T00:00:00+00:00,Gann Square-of-9 (6²=36 days from Jan 1),low,time_cycle,gann_rules,Rule5: 'Square of time' — 6²=36 calendar days from 2009-01-01; reversal zone in Gann Square-of-9 methodology
2009-02-13T15:44:28+00:00,Gann 144-Day Cycle from Autumn Equinox,high,time_cycle,gann_rules,Rule3: 'Nodes=pressure points' — 144-day cycle completes from Autumn Equinox (2008-09-22); Gann sacred number — inner 144° cycle
2009-02-19T00:00:00+00:00,Gann Square-of-9 (7²=49 days from Jan 1),low,time_cycle,gann_rules,Rule5: 'Square of time' — 7²=49 calendar days from 2009-01-01; reversal zone in Gann Square-of-9 methodology
2009-02-19T12:03:45+00:00,Gann 60-Day Cycle from Winter Solstice,medium,time_cycle,gann_rules,Rule3: 'Nodes=pressure points' — 60-day cycle completes from Winter Solstice (2008-12-21); 2-month node — 1/6 annual cycle
2009-03-06T00:00:00+00:00,Gann Square-of-9 (8²=64 days from Jan 1),low,time_cycle,gann_rules,Rule5: 'Square of time' — 8²=64 calendar days from 2009-01-01; reversal zone in Gann Square-of-9 methodology
2009-03-06T17:17:00+00:00,Venus Station Retrograde,high,planetary_station,swisseph,Rule1: 'Time hits node=MOVE' — Venus turns retrograde at 15.46° (Aries); cycle inversion node
2009-03-15T05:48:17+00:00,Gann 360-Day Cycle from Spring Equinox,high,time_cycle,gann_rules,Rule3: 'Nodes=pressure points' — 360-day cycle completes from Spring Equinox (2008-03-20); Annual cycle completion — full revolution
2009-03-17T23:59:22+00:00,Gann 270-Day Cycle from Summer Solstice,high,time_cycle,gann_rules,Rule3: 'Nodes=pressure points' — 270-day cycle completes from Summer Solstice (2008-06-20); 3/4 annual node — final seasonal turn
2009-03-21T12:03:45+00:00,Gann 90-Day Cycle from Winter Solstice,high,time_cycle,gann_rules,Rule3: 'Nodes=pressure points' — 90-day cycle completes from Winter Solstice (2008-12-21); Quarter-year node — seasonal turn zone
2009-03-21T15:44:28+00:00,Gann 180-Day Cycle from Autumn Equinox,high,time_cycle,gann_rules,Rule3: 'Nodes=pressure points' — 180-day cycle completes from Autumn Equinox (2008-09-22); Half-year reversal node — cycle midpoint
2009-03-23T00:00:00+00:00,Gann Square-of-9 (9²=81 days from Jan 1),medium,time_cycle,gann_rules,Rule5: 'Square of time' — 9²=81 calendar days from 2009-01-01; reversal zone in Gann Square-of-9 methodology
2009-03-27T11:43:38+00:00,Gann 7-Day Cycle from Spring Equinox,low,time_cycle,gann_rules,Rule3: 'Nodes=pressure points' — 7-day cycle completes from Spring Equinox (2009-03-20); Weekly rhythm node
2009-04-03T11:43:38+00:00,Gann 14-Day Cycle from Spring Equinox,low,time_cycle,gann_rules,Rule3: 'Nodes=pressure points' — 14-day cycle completes from Spring Equinox (2009-03-20); 2-week minor node
2009-04-10T11:43:38+00:00,Gann 21-Day Cycle from Spring Equinox,low,time_cycle,gann_rules,Rule3: 'Nodes=pressure points' — 21-day cycle completes from Spring Equinox (2009-03-20); 3-week minor node
2009-04-11T00:00:00+00:00,Gann Square-of-9 (10²=100 days from Jan 1),medium,time_cycle,gann_rules,Rule5: 'Square of time' — 10²=100 calendar days from 2009-01-01; reversal zone in Gann Square-of-9 methodology
2009-04-17T19:24:10+00:00,Venus Station Direct,medium,planetary_station,swisseph,Rule3: 'Nodes=pressure points' — Venus turns direct at 359.20° (Pisces); cycle resumption node
2009-04-19T11:43:38+00:00,Gann 30-Day Cycle from Spring Equinox,medium,time_cycle,gann_rules,Rule3: 'Nodes=pressure points' — 30-day cycle completes from Spring Equinox (2009-03-20); Monthly node — 1/12 annual cycle
2009-04-19T12:00:00+00:00,Gann Pressure Point (5 cycles align),high,pressure_point,gann_rules,"Rule1:'Time hits node=MOVE' | Rule3:'Nodes=pressure points' | Rule4:'Cycle within cycle' | 5 confluences from [planetary_station, synodic_cycle, time_cycle] | cycles: Mars–Venus conjunction; Venus Station Direct; Gann 210-Day Cycle from Autumn Equinox; Gann 30-Day Cycle from Spring Equinox; Gann 120-Day Cycle from Winter Solstice"
2009-04-20T12:03:45+00:00,Gann 120-Day Cycle from Winter Solstice,medium,time_cycle,gann_rules,Rule3: 'Nodes=pressure points' — 120-day cycle completes from Winter Solstice (2008-12-21); 1/3 annual cycle node
2009-04-20T15:44:28+00:00,Gann 210-Day Cycle from Autumn Equinox,low,time_cycle,gann_rules,Rule3: 'Nodes=pressure points' — 210-day cycle completes from Autumn Equinox (2008-09-22); 7-month node
2009-04-21T23:18:58+00:00,Mars–Venus conjunction,low,synodic_cycle,swisseph,"Rule4: 'Cycle within cycle' — Mars conjunction Venus: Mars 359.5°, Venus 359.5°; synodic cycle completion node"
2009-05-01T23:59:22+00:00,Gann 315-Day Cycle from Summer Solstice,medium,time_cycle,gann_rules,Rule3: 'Nodes=pressure points' — 315-day cycle completes from Summer Solstice (2008-06-20); 7/8 annual node
2009-05-02T00:00:00+00:00,Gann Square-of-9 (11²=121 days from Jan 1),medium,time_cycle,gann_rules,Rule5: 'Square of time' — 11²=121 calendar days from 2009-01-01; reversal zone in Gann Square-of-9 methodology
2009-05-04T11:43:38+00:00,Gann 45-Day Cycle from Spring Equinox,medium,time_cycle,gann_rules,Rule3: 'Nodes=pressure points' — 45-day cycle completes from Spring Equinox (2009-03-20); 1/8 annual cycle — first seasonal octave
2009-05-07T05:00:30+00:00,Mercury Station Retrograde,high,planetary_station,swisseph,Rule1: 'Time hits node=MOVE' — Mercury turns retrograde at 61.74° (Gemini); cycle inversion node
2009-05-14T12:03:45+00:00,Gann 144-Day Cycle from Winter Solstice,high,time_cycle,gann_rules,Rule3: 'Nodes=pressure points' — 144-day cycle completes from Winter Solstice (2008-12-21); Gann sacred number — inner 144° cycle
2009-05-17T02:06:10+00:00,Saturn Station Direct,medium,planetary_station,swisseph,Rule3: 'Nodes=pressure points' — Saturn turns direct at 164.91° (Virgo); cycle resumption node
2009-05-19T11:43:38+00:00,Gann 60-Day Cycle from Spring Equinox,medium,time_cycle,gann_rules,Rule3: 'Nodes=pressure points' — 60-day cycle completes from Spring Equinox (2009-03-20); 2-month node — 1/6 annual cycle
2009-05-25T00:00:00+00:00,Gann Square-of-9 (12²=144 days from Jan 1),high,time_cycle,gann_rules,Rule5: 'Square of time' — 12²=144 calendar days from 2009-01-01; reversal zone in Gann Square-of-9 methodology
2009-05-31T01:21:56+00:00,Mercury Station Direct,medium,planetary_station,swisseph,Rule3: 'Nodes=pressure points' — Mercury turns direct at 52.87° (Taurus); cycle resumption node
2009-06-15T07:49:27+00:00,Jupiter Station Retrograde,high,planetary_station,swisseph,Rule1: 'Time hits node=MOVE' — Jupiter turns retrograde at 327.02° (Aquarius); cycle inversion node
2009-06-15T23:59:22+00:00,Gann 360-Day Cycle from Summer Solstice,high,time_cycle,gann_rules,Rule3: 'Nodes=pressure points' — 360-day cycle completes from Summer Solstice (2008-06-20); Annual cycle completion — full revolution
2009-06-18T11:43:38+00:00,Gann 90-Day Cycle from Spring Equinox,high,time_cycle,gann_rules,Rule3: 'Nodes=pressure points' — 90-day cycle completes from Spring Equinox (2009-03-20); Quarter-year node — seasonal turn zone
2009-06-19T00:00:00+00:00,Gann Square-of-9 (13²=169 days from Jan 1),low,time_cycle,gann_rules,Rule5: 'Square of time' — 13²=169 calendar days from 2009-01-01; reversal zone in Gann Square-of-9 methodology
2009-06-19T12:03:45+00:00,Gann 180-Day Cycle from Winter Solstice,high,time_cycle,gann_rules,Rule3: 'Nodes=pressure points' — 180-day cycle completes from Winter Solstice (2008-12-21); Half-year reversal node — cycle midpoint
2009-06-19T15:44:28+00:00,Gann 270-Day Cycle from Autumn Equinox,high,time_cycle,gann_rules,Rule3: 'Nodes=pressure points' — 270-day cycle completes from Autumn Equinox (2008-09-22); 3/4 annual node — final seasonal turn
2009-06-28T05:45:30+00:00,Gann 7-Day Cycle from Summer Solstice,low,time_cycle,gann_rules,Rule3: 'Nodes=pressure points' — 7-day cycle completes from Summer Solstice (2009-06-21); Weekly rhythm node
2009-07-05T05:45:30+00:00,Gann 14-Day Cycle from Summer Solstice,low,time_cycle,gann_rules,Rule3: 'Nodes=pressure points' — 14-day cycle completes from Summer Solstice (2009-06-21); 2-week minor node
2009-07-12T05:45:30+00:00,Gann 21-Day Cycle from Summer Solstice,low,time_cycle,gann_rules,Rule3: 'Nodes=pressure points' — 21-day cycle completes from Summer Solstice (2009-06-21); 3-week minor node
2009-07-16T00:00:00+00:00,Gann Square-of-9 (14²=196 days from Jan 1),medium,time_cycle,gann_rules,Rule5: 'Square of time' — 14²=196 calendar days from 2009-01-01; reversal zone in Gann Square-of-9 methodology
2009-07-18T11:43:38+00:00,Gann 120-Day Cycle from Spring Equinox,medium,time_cycle,gann_rules,Rule3: 'Nodes=pressure points' — 120-day cycle completes from Spring Equinox (2009-03-20); 1/3 annual cycle node
2009-07-19T12:03:45+00:00,Gann 210-Day Cycle from Winter Solstice,low,time_cycle,gann_rules,Rule3: 'Nodes=pressure points' — 210-day cycle completes from Winter Solstice (2008-12-21); 7-month node
2009-07-21T05:45:30+00:00,Gann 30-Day Cycle from Summer Solstice,medium,time_cycle,gann_rules,Rule3: 'Nodes=pressure points' — 30-day cycle completes from Summer Solstice (2009-06-21); Monthly node — 1/12 annual cycle
2009-08-03T15:44:28+00:00,Gann 315-Day Cycle from Autumn Equinox,medium,time_cycle,gann_rules,Rule3: 'Nodes=pressure points' — 315-day cycle completes from Autumn Equinox (2008-09-22); 7/8 annual node
2009-08-05T05:45:30+00:00,Gann 45-Day Cycle from Summer Solstice,medium,time_cycle,gann_rules,Rule3: 'Nodes=pressure points' — 45-day cycle completes from Summer Solstice (2009-06-21); 1/8 annual cycle — first seasonal octave
2009-08-11T11:43:38+00:00,Gann 144-Day Cycle from Spring Equinox,high,time_cycle,gann_rules,Rule3: 'Nodes=pressure points' — 144-day cycle completes from Spring Equinox (2009-03-20); Gann sacred number — inner 144° cycle
2009-08-14T00:00:00+00:00,Gann Square-of-9 (15²=225 days from Jan 1),high,time_cycle,gann_rules,Rule5: 'Square of time' — 15²=225 calendar days from 2009-01-01; reversal zone in Gann Square-of-9 methodology
2009-08-20T05:45:30+00:00,Gann 60-Day Cycle from Summer Solstice,medium,time_cycle,gann_rules,Rule3: 'Nodes=pressure points' — 60-day cycle completes from Summer Solstice (2009-06-21); 2-month node — 1/6 annual cycle
2009-09-07T04:44:55+00:00,Mercury Station Retrograde,high,planetary_station,swisseph,Rule1: 'Time hits node=MOVE' — Mercury turns retrograde at 186.22° (Libra); cycle inversion node
2009-09-11T07:54:03+00:00,Venus–Jupiter opposition,medium,synodic_cycle,swisseph,"Rule4: 'Cycle within cycle' — Venus opposition Jupiter: Venus 138.8°, Jupiter 318.8°; synodic cycle completion node"
2009-09-14T00:00:00+00:00,Gann Square-of-9 (16²=256 days from Jan 1),low,time_cycle,gann_rules,Rule5: 'Square of time' — 16²=256 calendar days from 2009-01-01; reversal zone in Gann Square-of-9 methodology
2009-09-16T11:43:38+00:00,Gann 180-Day Cycle from Spring Equinox,high,time_cycle,gann_rules,Rule3: 'Nodes=pressure points' — 180-day cycle completes from Spring Equinox (2009-03-20); Half-year reversal node — cycle midpoint
2009-09-17T12:03:45+00:00,Gann 270-Day Cycle from Winter Solstice,high,time_cycle,gann_rules,Rule3: 'Nodes=pressure points' — 270-day cycle completes from Winter Solstice (2008-12-21); 3/4 annual node — final seasonal turn
2009-09-17T15:44:28+00:00,Gann 360-Day Cycle from Autumn Equinox,high,time_cycle,gann_rules,Rule3: 'Nodes=pressure points' — 360-day cycle completes from Autumn Equinox (2008-09-22); Annual cycle completion — full revolution
2009-09-19T05:45:30+00:00,Gann 90-Day Cycle from Summer Solstice,high,time_cycle,gann_rules,Rule3: 'Nodes=pressure points' — 90-day cycle completes from Summer Solstice (2009-06-21); Quarter-year node — seasonal turn zone
2009-09-29T13:13:32+00:00,Mercury Station Direct,medium,planetary_station,swisseph,Rule3: 'Nodes=pressure points' — Mercury turns direct at 171.61° (Virgo); cycle resumption node
2009-09-29T21:18:35+00:00,Gann 7-Day Cycle from Autumn Equinox,low,time_cycle,gann_rules,Rule3: 'Nodes=pressure points' — 7-day cycle completes from Autumn Equinox (2009-09-22); Weekly rhythm node
2009-10-06T21:18:35+00:00,Gann 14-Day Cycle from Autumn Equinox,low,time_cycle,gann_rules,Rule3: 'Nodes=pressure points' — 14-day cycle completes from Autumn Equinox (2009-09-22); 2-week minor node
2009-10-13T04:33:55+00:00,Jupiter Station Direct,medium,planetary_station,swisseph,Rule3: 'Nodes=pressure points' — Jupiter turns direct at 317.17° (Aquarius); cycle resumption node
2009-10-13T21:18:35+00:00,Gann 21-Day Cycle from Autumn Equinox,low,time_cycle,gann_rules,Rule3: 'Nodes=pressure points' — 21-day cycle completes from Autumn Equinox (2009-09-22); 3-week minor node
2009-10-16T11:43:38+00:00,Gann 210-Day Cycle from Spring Equinox,low,time_cycle,gann_rules,Rule3: 'Nodes=pressure points' — 210-day cycle completes from Spring Equinox (2009-03-20); 7-month node
2009-10-17T00:00:00+00:00,Gann Square-of-9 (17²=289 days from Jan 1),high,time_cycle,gann_rules,Rule5: 'Square of time' — 17²=289 calendar days from 2009-01-01; reversal zone in Gann Square-of-9 methodology
2009-10-19T05:45:30+00:00,Gann 120-Day Cycle from Summer Solstice,medium,time_cycle,gann_rules,Rule3: 'Nodes=pressure points' — 120-day cycle completes from Summer Solstice (2009-06-21); 1/3 annual cycle node
2009-10-22T21:18:35+00:00,Gann 30-Day Cycle from Autumn Equinox,medium,time_cycle,gann_rules,Rule3: 'Nodes=pressure points' — 30-day cycle completes from Autumn Equinox (2009-09-22); Monthly node — 1/12 annual cycle
2009-11-01T12:03:45+00:00,Gann 315-Day Cycle from Winter Solstice,medium,time_cycle,gann_rules,Rule3: 'Nodes=pressure points' — 315-day cycle completes from Winter Solstice (2008-12-21); 7/8 annual node
2009-11-06T21:18:35+00:00,Gann 45-Day Cycle from Autumn Equinox,medium,time_cycle,gann_rules,Rule3: 'Nodes=pressure points' — 45-day cycle completes from Autumn Equinox (2009-09-22); 1/8 annual cycle — first seasonal octave
2009-11-12T05:45:30+00:00,Gann 144-Day Cycle from Summer Solstice,high,time_cycle,gann_rules,Rule3: 'Nodes=pressure points' — 144-day cycle completes from Summer Solstice (2009-06-21); Gann sacred number — inner 144° cycle
2009-11-21T00:00:00+00:00,Gann Square-of-9 (18²=324 days from Jan 1),low,time_cycle,gann_rules,Rule5: 'Square of time' — 18²=324 calendar days from 2009-01-01; reversal zone in Gann Square-of-9 methodology
2009-11-21T21:18:35+00:00,Gann 60-Day Cycle from Autumn Equinox,medium,time_cycle,gann_rules,Rule3: 'Nodes=pressure points' — 60-day cycle completes from Autumn Equinox (2009-09-22); 2-month node — 1/6 annual cycle
2009-12-15T11:43:38+00:00,Gann 270-Day Cycle from Spring Equinox,high,time_cycle,gann_rules,Rule3: 'Nodes=pressure points' — 270-day cycle completes from Spring Equinox (2009-03-20); 3/4 annual node — final seasonal turn
2009-12-16T12:03:45+00:00,Gann 360-Day Cycle from Winter Solstice,high,time_cycle,gann_rules,Rule3: 'Nodes=pressure points' — 360-day cycle completes from Winter Solstice (2008-12-21); Annual cycle completion — full revolution
2009-12-18T05:45:30+00:00,Gann 180-Day Cycle from Summer Solstice,high,time_cycle,gann_rules,Rule3: 'Nodes=pressure points' — 180-day cycle completes from Summer Solstice (2009-06-21); Half-year reversal node — cycle midpoint
2009-12-18T12:00:00+00:00,Gann Pressure Point (3 cycles align),medium,pressure_point,gann_rules,"Rule1:'Time hits node=MOVE' | Rule3:'Nodes=pressure points' | Rule4:'Cycle within cycle' | 3 confluences from [planetary_station, time_cycle] | cycles: Mars Station Retrograde; Gann 180-Day Cycle from Summer Solstice; Gann 360-Day Cycle from Winter Solstice"
2009-12-20T13:26:32+00:00,Mars Station Retrograde,high,planetary_station,swisseph,Rule1: 'Time hits node=MOVE' — Mars turns retrograde at 139.70° (Leo); cycle inversion node
2009-12-21T21:18:35+00:00,Gann 90-Day Cycle from Autumn Equinox,high,time_cycle,gann_rules,Rule3: 'Nodes=pressure points' — 90-day cycle completes from Autumn Equinox (2009-09-22); Quarter-year node — seasonal turn zone
2009-12-26T12:00:00+00:00,Gann Pressure Point (3 cycles align),medium,pressure_point,gann_rules,"Rule1:'Time hits node=MOVE' | Rule3:'Nodes=pressure points' | Rule4:'Cycle within cycle' | 3 confluences from [planetary_station, time_cycle] | cycles: Gann 7-Day Cycle from Winter Solstice; Mercury Station Retrograde; Gann Square-of-9 (19²=361 days from Jan 1)"
2009-12-26T14:38:10+00:00,Mercury Station Retrograde,high,planetary_station,swisseph,Rule1: 'Time hits node=MOVE' — Mercury turns retrograde at 291.80° (Capricorn); cycle inversion node
2009-12-28T00:00:00+00:00,Gann Square-of-9 (19²=361 days from Jan 1),high,time_cycle,gann_rules,Rule5: 'Square of time' — 19²=361 calendar days from 2009-01-01; reversal zone in Gann Square-of-9 methodology
2009-12-28T17:46:47+00:00,Gann 7-Day Cycle from Winter Solstice,low,time_cycle,gann_rules,Rule3: 'Nodes=pressure points' — 7-day cycle completes from Winter Solstice (2009-12-21); Weekly rhythm node
2010-01-02T00:00:00+00:00,Gann Square-of-9 (1²=1 days from Jan 1),low,time_cycle,gann_rules,Rule5: 'Square of time' — 1²=1 calendar days from 2010-01-01; reversal zone in Gann Square-of-9 methodology
2010-01-04T17:46:47+00:00,Gann 14-Day Cycle from Winter Solstice,low,time_cycle,gann_rules,Rule3: 'Nodes=pressure points' — 14-day cycle completes from Winter Solstice (2009-12-21); 2-week minor node
2010-01-05T00:00:00+00:00,Gann Square-of-9 (2²=4 days from Jan 1),low,time_cycle,gann_rules,Rule5: 'Square of time' — 2²=4 calendar days from 2010-01-01; reversal zone in Gann Square-of-9 methodology
2010-01-10T00:00:00+00:00,Gann Square-of-9 (3²=9 days from Jan 1),low,time_cycle,gann_rules,Rule5: 'Square of time' — 3²=9 calendar days from 2010-01-01; reversal zone in Gann Square-of-9 methodology
2010-01-11T12:00:00+00:00,Gann Pressure Point (3 cycles align),medium,pressure_point,gann_rules,"Rule1:'Time hits node=MOVE' | Rule3:'Nodes=pressure points' | Rule4:'Cycle within cycle' | 3 confluences from [planetary_station, time_cycle] | cycles: Saturn Station Retrograde; Gann 21-Day Cycle from Winter Solstice; Gann Square-of-9 (3²=9 days from Jan 1)"
2010-01-11T17:46:47+00:00,Gann 21-Day Cycle from Winter Solstice,low,time_cycle,gann_rules,Rule3: 'Nodes=pressure points' — 21-day cycle completes from Winter Solstice (2009-12-21); 3-week minor node
2010-01-13T15:56:45+00:00,Saturn Station Retrograde,high,planetary_station,swisseph,Rule1: 'Time hits node=MOVE' — Saturn turns retrograde at 184.65° (Libra); cycle inversion node
2010-01-15T12:00:00+00:00,Gann Pressure Point (4 cycles align),medium,pressure_point,gann_rules,"Rule1:'Time hits node=MOVE' | Rule3:'Nodes=pressure points' | Rule4:'Cycle within cycle' | 4 confluences from [planetary_station, time_cycle] | cycles: Gann 210-Day Cycle from Summer Solstice; Saturn Station Retrograde; Mercury Station Direct; Gann Square-of-9 (4²=16 days from Jan 1)"
2010-01-15T16:51:52+00:00,Mercury Station Direct,medium,planetary_station,swisseph,Rule3: 'Nodes=pressure points' — Mercury turns direct at 275.55° (Capricorn); cycle resumption node
2010-01-17T00:00:00+00:00,Gann Square-of-9 (4²=16 days from Jan 1),low,time_cycle,gann_rules,Rule5: 'Square of time' — 4²=16 calendar days from 2010-01-01; reversal zone in Gann Square-of-9 methodology
2010-01-17T05:45:30+00:00,Gann 210-Day Cycle from Summer Solstice,low,time_cycle,gann_rules,Rule3: 'Nodes=pressure points' — 210-day cycle completes from Summer Solstice (2009-06-21); 7-month node
2010-01-20T17:46:47+00:00,Gann 30-Day Cycle from Winter Solstice,medium,time_cycle,gann_rules,Rule3: 'Nodes=pressure points' — 30-day cycle completes from Winter Solstice (2009-12-21); Monthly node — 1/12 annual cycle
2010-01-20T21:18:35+00:00,Gann 120-Day Cycle from Autumn Equinox,medium,time_cycle,gann_rules,Rule3: 'Nodes=pressure points' — 120-day cycle completes from Autumn Equinox (2009-09-22); 1/3 annual cycle node
2010-01-26T00:00:00+00:00,Gann Square-of-9 (5²=25 days from Jan 1),low,time_cycle,gann_rules,Rule5: 'Square of time' — 5²=25 calendar days from 2010-01-01; reversal zone in Gann Square-of-9 methodology
2010-01-29T11:43:38+00:00,Gann 315-Day Cycle from Spring Equinox,medium,time_cycle,gann_rules,Rule3: 'Nodes=pressure points' — 315-day cycle completes from Spring Equinox (2009-03-20); 7/8 annual node
2010-02-04T17:46:47+00:00,Gann 45-Day Cycle from Winter Solstice,medium,time_cycle,gann_rules,Rule3: 'Nodes=pressure points' — 45-day cycle completes from Winter Solstice (2009-12-21); 1/8 annual cycle — first seasonal octave
2010-02-05T00:00:00+00:00,Gann Square-of-9 (20²=400 days from Jan 1),low,time_cycle,gann_rules,Rule5: 'Square of time' — 20²=400 calendar days from 2009-01-01; reversal zone in Gann Square-of-9 methodology
2010-02-06T00:00:00+00:00,Gann Square-of-9 (6²=36 days from Jan 1),low,time_cycle,gann_rules,Rule5: 'Square of time' — 6²=36 calendar days from 2010-01-01; reversal zone in Gann Square-of-9 methodology
2010-02-13T21:18:35+00:00,Gann 144-Day Cycle from Autumn Equinox,high,time_cycle,gann_rules,Rule3: 'Nodes=pressure points' — 144-day cycle completes from Autumn Equinox (2009-09-22); Gann sacred number — inner 144° cycle
2010-02-17T02:14:08+00:00,Venus–Jupiter conjunction,medium,synodic_cycle,swisseph,"Rule4: 'Cycle within cycle' — Venus conjunction Jupiter: Venus 337.0°, Jupiter 337.0°; synodic cycle completion node"
2010-02-17T12:00:00+00:00,Gann Pressure Point (3 cycles align),high,pressure_point,gann_rules,"Rule1:'Time hits node=MOVE' | Rule3:'Nodes=pressure points' | Rule4:'Cycle within cycle' | 3 confluences from [synodic_cycle, time_cycle] | cycles: Venus–Jupiter conjunction; Gann 60-Day Cycle from Winter Solstice; Gann Square-of-9 (7²=49 days from Jan 1)"
2010-02-19T00:00:00+00:00,Gann Square-of-9 (7²=49 days from Jan 1),low,time_cycle,gann_rules,Rule5: 'Square of time' — 7²=49 calendar days from 2010-01-01; reversal zone in Gann Square-of-9 methodology
2010-02-19T17:46:47+00:00,Gann 60-Day Cycle from Winter Solstice,medium,time_cycle,gann_rules,Rule3: 'Nodes=pressure points' — 60-day cycle completes from Winter Solstice (2009-12-21); 2-month node — 1/6 annual cycle
2010-03-06T00:00:00+00:00,Gann Square-of-9 (8²=64 days from Jan 1),low,time_cycle,gann_rules,Rule5: 'Square of time' — 8²=64 calendar days from 2010-01-01; reversal zone in Gann Square-of-9 methodology
2010-03-10T17:08:55+00:00,Mars Station Direct,medium,planetary_station,swisseph,Rule3: 'Nodes=pressure points' — Mars turns direct at 120.29° (Leo); cycle resumption node
2010-03-15T11:43:38+00:00,Gann 360-Day Cycle from Spring Equinox,high,time_cycle,gann_rules,Rule3: 'Nodes=pressure points' — 360-day cycle completes from Spring Equinox (2009-03-20); Annual cycle completion — full revolution
2010-03-18T05:45:30+00:00,Gann 270-Day Cycle from Summer Solstice,high,time_cycle,gann_rules,Rule3: 'Nodes=pressure points' — 270-day cycle completes from Summer Solstice (2009-06-21); 3/4 annual node — final seasonal turn
2010-03-21T17:46:47+00:00,Gann 90-Day Cycle from Winter Solstice,high,time_cycle,gann_rules,Rule3: 'Nodes=pressure points' — 90-day cycle completes from Winter Solstice (2009-12-21); Quarter-year node — seasonal turn zone
2010-03-21T21:18:35+00:00,Gann 180-Day Cycle from Autumn Equinox,high,time_cycle,gann_rules,Rule3: 'Nodes=pressure points' — 180-day cycle completes from Autumn Equinox (2009-09-22); Half-year reversal node — cycle midpoint
2010-03-23T00:00:00+00:00,Gann Square-of-9 (9²=81 days from Jan 1),medium,time_cycle,gann_rules,Rule5: 'Square of time' — 9²=81 calendar days from 2010-01-01; reversal zone in Gann Square-of-9 methodology
2010-03-27T17:32:13+00:00,Gann 7-Day Cycle from Spring Equinox,low,time_cycle,gann_rules,Rule3: 'Nodes=pressure points' — 7-day cycle completes from Spring Equinox (2010-03-20); Weekly rhythm node
2010-04-03T17:32:13+00:00,Gann 14-Day Cycle from Spring Equinox,low,time_cycle,gann_rules,Rule3: 'Nodes=pressure points' — 14-day cycle completes from Spring Equinox (2010-03-20); 2-week minor node
2010-04-10T17:32:13+00:00,Gann 21-Day Cycle from Spring Equinox,low,time_cycle,gann_rules,Rule3: 'Nodes=pressure points' — 21-day cycle completes from Spring Equinox (2010-03-20); 3-week minor node
2010-04-11T00:00:00+00:00,Gann Square-of-9 (10²=100 days from Jan 1),medium,time_cycle,gann_rules,Rule5: 'Square of time' — 10²=100 calendar days from 2010-01-01; reversal zone in Gann Square-of-9 methodology
2010-04-18T04:06:04+00:00,Mercury Station Retrograde,high,planetary_station,swisseph,Rule1: 'Time hits node=MOVE' — Mercury turns retrograde at 42.63° (Taurus); cycle inversion node
2010-04-18T12:00:00+00:00,Gann Pressure Point (4 cycles align),medium,pressure_point,gann_rules,"Rule1:'Time hits node=MOVE' | Rule3:'Nodes=pressure points' | Rule4:'Cycle within cycle' | 4 confluences from [planetary_station, time_cycle] | cycles: Gann 30-Day Cycle from Spring Equinox; Mercury Station Retrograde; Gann 210-Day Cycle from Autumn Equinox; Gann 120-Day Cycle from Winter Solstice"
2010-04-19T17:32:13+00:00,Gann 30-Day Cycle from Spring Equinox,medium,time_cycle,gann_rules,Rule3: 'Nodes=pressure points' — 30-day cycle completes from Spring Equinox (2010-03-20); Monthly node — 1/12 annual cycle
2010-04-20T17:46:47+00:00,Gann 120-Day Cycle from Winter Solstice,medium,time_cycle,gann_rules,Rule3: 'Nodes=pressure points' — 120-day cycle completes from Winter Solstice (2009-12-21); 1/3 annual cycle node
2010-04-20T21:18:35+00:00,Gann 210-Day Cycle from Autumn Equinox,low,time_cycle,gann_rules,Rule3: 'Nodes=pressure points' — 210-day cycle completes from Autumn Equinox (2009-09-22); 7-month node
2010-05-02T00:00:00+00:00,Gann Square-of-9 (11²=121 days from Jan 1),medium,time_cycle,gann_rules,Rule5: 'Square of time' — 11²=121 calendar days from 2010-01-01; reversal zone in Gann Square-of-9 methodology
2010-05-02T05:45:30+00:00,Gann 315-Day Cycle from Summer Solstice,medium,time_cycle,gann_rules,Rule3: 'Nodes=pressure points' — 315-day cycle completes from Summer Solstice (2009-06-21); 7/8 annual node
2010-05-04T17:32:13+00:00,Gann 45-Day Cycle from Spring Equinox,medium,time_cycle,gann_rules,Rule3: 'Nodes=pressure points' — 45-day cycle completes from Spring Equinox (2010-03-20); 1/8 annual cycle — first seasonal octave
2010-05-11T22:26:38+00:00,Mercury Station Direct,medium,planetary_station,swisseph,Rule3: 'Nodes=pressure points' — Mercury turns direct at 32.66° (Taurus); cycle resumption node
2010-05-14T17:46:47+00:00,Gann 144-Day Cycle from Winter Solstice,high,time_cycle,gann_rules,Rule3: 'Nodes=pressure points' — 144-day cycle completes from Winter Solstice (2009-12-21); Gann sacred number — inner 144° cycle
2010-05-19T17:32:13+00:00,Gann 60-Day Cycle from Spring Equinox,medium,time_cycle,gann_rules,Rule3: 'Nodes=pressure points' — 60-day cycle completes from Spring Equinox (2010-03-20); 2-month node — 1/6 annual cycle
2010-05-23T05:37:00+00:00,Jupiter–Saturn opposition,high,synodic_cycle,swisseph,"Rule4: 'Cycle within cycle' — Jupiter opposition Saturn: Jupiter 357.9°, Saturn 177.9°; synodic cycle completion node"
2010-05-25T00:00:00+00:00,Gann Square-of-9 (12²=144 days from Jan 1),high,time_cycle,gann_rules,Rule5: 'Square of time' — 12²=144 calendar days from 2010-01-01; reversal zone in Gann Square-of-9 methodology
2010-05-30T18:08:47+00:00,Saturn Station Direct,medium,planetary_station,swisseph,Rule3: 'Nodes=pressure points' — Saturn turns direct at 177.83° (Virgo); cycle resumption node
2010-06-08T11:26:39+00:00,Jupiter–Uranus conjunction,high,synodic_cycle,swisseph,"Rule4: 'Cycle within cycle' — Jupiter conjunction Uranus: Jupiter 0.3°, Uranus 0.3°; synodic cycle completion node"
2010-06-16T05:45:30+00:00,Gann 360-Day Cycle from Summer Solstice,high,time_cycle,gann_rules,Rule3: 'Nodes=pressure points' — 360-day cycle completes from Summer Solstice (2009-06-21); Annual cycle completion — full revolution
2010-06-18T17:32:13+00:00,Gann 90-Day Cycle from Spring Equinox,high,time_cycle,gann_rules,Rule3: 'Nodes=pressure points' — 90-day cycle completes from Spring Equinox (2010-03-20); Quarter-year node — seasonal turn zone
2010-06-19T00:00:00+00:00,Gann Square-of-9 (13²=169 days from Jan 1),low,time_cycle,gann_rules,Rule5: 'Square of time' — 13²=169 calendar days from 2010-01-01; reversal zone in Gann Square-of-9 methodology
2010-06-19T17:46:47+00:00,Gann 180-Day Cycle from Winter Solstice,high,time_cycle,gann_rules,Rule3: 'Nodes=pressure points' — 180-day cycle completes from Winter Solstice (2009-12-21); Half-year reversal node — cycle midpoint
2010-06-19T21:18:35+00:00,Gann 270-Day Cycle from Autumn Equinox,high,time_cycle,gann_rules,Rule3: 'Nodes=pressure points' — 270-day cycle completes from Autumn Equinox (2009-09-22); 3/4 annual node — final seasonal turn
2010-06-28T11:28:25+00:00,Gann 7-Day Cycle from Summer Solstice,low,time_cycle,gann_rules,Rule3: 'Nodes=pressure points' — 7-day cycle completes from Summer Solstice (2010-06-21); Weekly rhythm node
2010-07-05T11:28:25+00:00,Gann 14-Day Cycle from Summer Solstice,low,time_cycle,gann_rules,Rule3: 'Nodes=pressure points' — 14-day cycle completes from Summer Solstice (2010-06-21); 2-week minor node
2010-07-12T11:28:25+00:00,Gann 21-Day Cycle from Summer Solstice,low,time_cycle,gann_rules,Rule3: 'Nodes=pressure points' — 21-day cycle completes from Summer Solstice (2010-06-21); 3-week minor node
2010-07-16T00:00:00+00:00,Gann Square-of-9 (14²=196 days from Jan 1),medium,time_cycle,gann_rules,Rule5: 'Square of time' — 14²=196 calendar days from 2010-01-01; reversal zone in Gann Square-of-9 methodology
2010-07-18T17:32:13+00:00,Gann 120-Day Cycle from Spring Equinox,medium,time_cycle,gann_rules,Rule3: 'Nodes=pressure points' — 120-day cycle completes from Spring Equinox (2010-03-20); 1/3 annual cycle node
2010-07-19T17:46:47+00:00,Gann 210-Day Cycle from Winter Solstice,low,time_cycle,gann_rules,Rule3: 'Nodes=pressure points' — 210-day cycle completes from Winter Solstice (2009-12-21); 7-month node
2010-07-21T11:28:25+00:00,Gann 30-Day Cycle from Summer Solstice,medium,time_cycle,gann_rules,Rule3: 'Nodes=pressure points' — 30-day cycle completes from Summer Solstice (2010-06-21); Monthly node — 1/12 annual cycle
2010-07-21T12:00:00+00:00,Gann Pressure Point (3 cycles align),medium,pressure_point,gann_rules,"Rule1:'Time hits node=MOVE' | Rule3:'Nodes=pressure points' | Rule4:'Cycle within cycle' | 3 confluences from [planetary_station, time_cycle] | cycles: Jupiter Station Retrograde; Gann 30-Day Cycle from Summer Solstice; Gann 210-Day Cycle from Winter Solstice"
2010-07-23T12:03:15+00:00,Jupiter Station Retrograde,high,planetary_station,swisseph,Rule1: 'Time hits node=MOVE' — Jupiter turns retrograde at 3.40° (Aries); cycle inversion node
2010-08-03T21:18:35+00:00,Gann 315-Day Cycle from Autumn Equinox,medium,time_cycle,gann_rules,Rule3: 'Nodes=pressure points' — 315-day cycle completes from Autumn Equinox (2009-09-22); 7/8 annual node
2010-08-05T11:28:25+00:00,Gann 45-Day Cycle from Summer Solstice,medium,time_cycle,gann_rules,Rule3: 'Nodes=pressure points' — 45-day cycle completes from Summer Solstice (2010-06-21); 1/8 annual cycle — first seasonal octave
2010-08-09T23:40:23+00:00,Venus–Jupiter opposition,medium,synodic_cycle,swisseph,"Rule4: 'Cycle within cycle' — Venus opposition Jupiter: Venus 182.9°, Jupiter 2.9°; synodic cycle completion node"
2010-08-11T17:32:13+00:00,Gann 144-Day Cycle from Spring Equinox,high,time_cycle,gann_rules,Rule3: 'Nodes=pressure points' — 144-day cycle completes from Spring Equinox (2010-03-20); Gann sacred number — inner 144° cycle
2010-08-14T00:00:00+00:00,Gann Square-of-9 (15²=225 days from Jan 1),high,time_cycle,gann_rules,Rule5: 'Square of time' — 15²=225 calendar days from 2010-01-01; reversal zone in Gann Square-of-9 methodology
2010-08-20T11:28:25+00:00,Gann 60-Day Cycle from Summer Solstice,medium,time_cycle,gann_rules,Rule3: 'Nodes=pressure points' — 60-day cycle completes from Summer Solstice (2010-06-21); 2-month node — 1/6 annual cycle
2010-08-20T19:58:35+00:00,Mercury Station Retrograde,high,planetary_station,swisseph,Rule1: 'Time hits node=MOVE' — Mercury turns retrograde at 169.06° (Virgo); cycle inversion node
2010-09-12T23:08:45+00:00,Mercury Station Direct,medium,planetary_station,swisseph,Rule3: 'Nodes=pressure points' — Mercury turns direct at 155.37° (Virgo); cycle resumption node
2010-09-14T00:00:00+00:00,Gann Square-of-9 (16²=256 days from Jan 1),low,time_cycle,gann_rules,Rule5: 'Square of time' — 16²=256 calendar days from 2010-01-01; reversal zone in Gann Square-of-9 methodology
2010-09-14T12:00:00+00:00,Gann Pressure Point (3 cycles align),medium,pressure_point,gann_rules,"Rule1:'Time hits node=MOVE' | Rule3:'Nodes=pressure points' | Rule4:'Cycle within cycle' | 3 confluences from [planetary_station, time_cycle] | cycles: Gann Square-of-9 (16²=256 days from Jan 1); Gann 180-Day Cycle from Spring Equinox; Mercury Station Direct"
2010-09-16T17:32:13+00:00,Gann 180-Day Cycle from Spring Equinox,high,time_cycle,gann_rules,Rule3: 'Nodes=pressure points' — 180-day cycle completes from Spring Equinox (2010-03-20); Half-year reversal node — cycle midpoint
2010-09-17T17:46:47+00:00,Gann 270-Day Cycle from Winter Solstice,high,time_cycle,gann_rules,Rule3: 'Nodes=pressure points' — 270-day cycle completes from Winter Solstice (2009-12-21); 3/4 annual node — final seasonal turn
2010-09-17T21:18:35+00:00,Gann 360-Day Cycle from Autumn Equinox,high,time_cycle,gann_rules,Rule3: 'Nodes=pressure points' — 360-day cycle completes from Autumn Equinox (2009-09-22); Annual cycle completion — full revolution
2010-09-19T11:28:25+00:00,Gann 90-Day Cycle from Summer Solstice,high,time_cycle,gann_rules,Rule3: 'Nodes=pressure points' — 90-day cycle completes from Summer Solstice (2010-06-21); Quarter-year node — seasonal turn zone
2010-09-30T03:09:02+00:00,Gann 7-Day Cycle from Autumn Equinox,low,time_cycle,gann_rules,Rule3: 'Nodes=pressure points' — 7-day cycle completes from Autumn Equinox (2010-09-23); Weekly rhythm node
2010-10-03T21:57:49+00:00,Mars–Venus conjunction,low,synodic_cycle,swisseph,"Rule4: 'Cycle within cycle' — Mars conjunction Venus: Mars 222.9°, Venus 222.9°; synodic cycle completion node"
2010-10-07T03:09:02+00:00,Gann 14-Day Cycle from Autumn Equinox,low,time_cycle,gann_rules,Rule3: 'Nodes=pressure points' — 14-day cycle completes from Autumn Equinox (2010-09-23); 2-week minor node
2010-10-08T07:05:24+00:00,Venus Station Retrograde,high,planetary_station,swisseph,Rule1: 'Time hits node=MOVE' — Venus turns retrograde at 223.23° (Scorpio); cycle inversion node
2010-10-14T03:09:02+00:00,Gann 21-Day Cycle from Autumn Equinox,low,time_cycle,gann_rules,Rule3: 'Nodes=pressure points' — 21-day cycle completes from Autumn Equinox (2010-09-23); 3-week minor node
2010-10-16T17:32:13+00:00,Gann 210-Day Cycle from Spring Equinox,low,time_cycle,gann_rules,Rule3: 'Nodes=pressure points' — 210-day cycle completes from Spring Equinox (2010-03-20); 7-month node
2010-10-17T00:00:00+00:00,Gann Square-of-9 (17²=289 days from Jan 1),high,time_cycle,gann_rules,Rule5: 'Square of time' — 17²=289 calendar days from 2010-01-01; reversal zone in Gann Square-of-9 methodology
2010-10-19T11:28:25+00:00,Gann 120-Day Cycle from Summer Solstice,medium,time_cycle,gann_rules,Rule3: 'Nodes=pressure points' — 120-day cycle completes from Summer Solstice (2010-06-21); 1/3 annual cycle node
2010-10-23T03:09:02+00:00,Gann 30-Day Cycle from Autumn Equinox,medium,time_cycle,gann_rules,Rule3: 'Nodes=pressure points' — 30-day cycle completes from Autumn Equinox (2010-09-23); Monthly node — 1/12 annual cycle
2010-11-01T17:46:47+00:00,Gann 315-Day Cycle from Winter Solstice,medium,time_cycle,gann_rules,Rule3: 'Nodes=pressure points' — 315-day cycle completes from Winter Solstice (2009-12-21); 7/8 annual node
2010-11-07T03:09:02+00:00,Gann 45-Day Cycle from Autumn Equinox,medium,time_cycle,gann_rules,Rule3: 'Nodes=pressure points' — 45-day cycle completes from Autumn Equinox (2010-09-23); 1/8 annual cycle — first seasonal octave
2010-11-12T11:28:25+00:00,Gann 144-Day Cycle from Summer Solstice,high,time_cycle,gann_rules,Rule3: 'Nodes=pressure points' — 144-day cycle completes from Summer Solstice (2010-06-21); Gann sacred number — inner 144° cycle
2010-11-18T16:53:42+00:00,Jupiter Station Direct,medium,planetary_station,swisseph,Rule3: 'Nodes=pressure points' — Jupiter turns direct at 353.49° (Pisces); cycle resumption node
2010-11-18T21:17:40+00:00,Venus Station Direct,medium,planetary_station,swisseph,Rule3: 'Nodes=pressure points' — Venus turns direct at 207.66° (Libra); cycle resumption node
2010-11-21T00:00:00+00:00,Gann Square-of-9 (18²=324 days from Jan 1),low,time_cycle,gann_rules,Rule5: 'Square of time' — 18²=324 calendar days from 2010-01-01; reversal zone in Gann Square-of-9 methodology
2010-11-22T03:09:02+00:00,Gann 60-Day Cycle from Autumn Equinox,medium,time_cycle,gann_rules,Rule3: 'Nodes=pressure points' — 60-day cycle completes from Autumn Equinox (2010-09-23); 2-month node — 1/6 annual cycle
2010-12-10T12:04:32+00:00,Mercury Station Retrograde,high,planetary_station,swisseph,Rule1: 'Time hits node=MOVE' — Mercury turns retrograde at 275.94° (Capricorn); cycle inversion node
2010-12-15T17:32:13+00:00,Gann 270-Day Cycle from Spring Equinox,high,time_cycle,gann_rules,Rule3: 'Nodes=pressure points' — 270-day cycle completes from Spring Equinox (2010-03-20); 3/4 annual node — final seasonal turn
2010-12-16T17:46:47+00:00,Gann 360-Day Cycle from Winter Solstice,high,time_cycle,gann_rules,Rule3: 'Nodes=pressure points' — 360-day cycle completes from Winter Solstice (2009-12-21); Annual cycle completion — full revolution
2010-12-18T11:28:25+00:00,Gann 180-Day Cycle from Summer Solstice,high,time_cycle,gann_rules,Rule3: 'Nodes=pressure points' — 180-day cycle completes from Summer Solstice (2010-06-21); Half-year reversal node — cycle midpoint
2010-12-22T03:09:02+00:00,Gann 90-Day Cycle from Autumn Equinox,high,time_cycle,gann_rules,Rule3: 'Nodes=pressure points' — 90-day cycle completes from Autumn Equinox (2010-09-23); Quarter-year node — seasonal turn zone
2010-12-28T00:00:00+00:00,Gann Square-of-9 (19²=361 days from Jan 1),high,time_cycle,gann_rules,Rule5: 'Square of time' — 19²=361 calendar days from 2010-01-01; reversal zone in Gann Square-of-9 methodology
2010-12-28T12:00:00+00:00,Gann Pressure Point (3 cycles align),medium,pressure_point,gann_rules,"Rule1:'Time hits node=MOVE' | Rule3:'Nodes=pressure points' | Rule4:'Cycle within cycle' | 3 confluences from [planetary_station, time_cycle] | cycles: Gann 7-Day Cycle from Winter Solstice; Gann Square-of-9 (19²=361 days from Jan 1); Mercury Station Direct"
2010-12-28T23:38:27+00:00,Gann 7-Day Cycle from Winter Solstice,low,time_cycle,gann_rules,Rule3: 'Nodes=pressure points' — 7-day cycle completes from Winter Solstice (2010-12-21); Weekly rhythm node
2010-12-30T07:20:42+00:00,Mercury Station Direct,medium,planetary_station,swisseph,Rule3: 'Nodes=pressure points' — Mercury turns direct at 259.62° (Sagittarius); cycle resumption node
2011-01-02T00:00:00+00:00,Gann Square-of-9 (1²=1 days from Jan 1),low,time_cycle,gann_rules,Rule5: 'Square of time' — 1²=1 calendar days from 2011-01-01; reversal zone in Gann Square-of-9 methodology
2011-01-04T12:00:00+00:00,Gann Pressure Point (4 cycles align),high,pressure_point,gann_rules,"Rule1:'Time hits node=MOVE' | Rule3:'Nodes=pressure points' | Rule4:'Cycle within cycle' | 4 confluences from [synodic_cycle, time_cycle] | cycles: Gann Square-of-9 (1²=1 days from Jan 1); Gann 14-Day Cycle from Winter Solstice; Gann Square-of-9 (2²=4 days from Jan 1); Jupiter–Uranus conjunction"
2011-01-04T12:52:32+00:00,Jupiter–Uranus conjunction,high,synodic_cycle,swisseph,"Rule4: 'Cycle within cycle' — Jupiter conjunction Uranus: Jupiter 357.0°, Uranus 357.0°; synodic cycle completion node"
2011-01-04T23:38:27+00:00,Gann 14-Day Cycle from Winter Solstice,low,time_cycle,gann_rules,Rule3: 'Nodes=pressure points' — 14-day cycle completes from Winter Solstice (2010-12-21); 2-week minor node
2011-01-05T00:00:00+00:00,Gann Square-of-9 (2²=4 days from Jan 1),low,time_cycle,gann_rules,Rule5: 'Square of time' — 2²=4 calendar days from 2011-01-01; reversal zone in Gann Square-of-9 methodology
2011-01-10T00:00:00+00:00,Gann Square-of-9 (3²=9 days from Jan 1),low,time_cycle,gann_rules,Rule5: 'Square of time' — 3²=9 calendar days from 2011-01-01; reversal zone in Gann Square-of-9 methodology
2011-01-11T23:38:27+00:00,Gann 21-Day Cycle from Winter Solstice,low,time_cycle,gann_rules,Rule3: 'Nodes=pressure points' — 21-day cycle completes from Winter Solstice (2010-12-21); 3-week minor node
2011-01-17T00:00:00+00:00,Gann Square-of-9 (4²=16 days from Jan 1),low,time_cycle,gann_rules,Rule5: 'Square of time' — 4²=16 calendar days from 2011-01-01; reversal zone in Gann Square-of-9 methodology
2011-01-17T11:28:25+00:00,Gann 210-Day Cycle from Summer Solstice,low,time_cycle,gann_rules,Rule3: 'Nodes=pressure points' — 210-day cycle completes from Summer Solstice (2010-06-21); 7-month node
2011-01-20T23:38:27+00:00,Gann 30-Day Cycle from Winter Solstice,medium,time_cycle,gann_rules,Rule3: 'Nodes=pressure points' — 30-day cycle completes from Winter Solstice (2010-12-21); Monthly node — 1/12 annual cycle
2011-01-21T03:09:02+00:00,Gann 120-Day Cycle from Autumn Equinox,medium,time_cycle,gann_rules,Rule3: 'Nodes=pressure points' — 120-day cycle completes from Autumn Equinox (2010-09-23); 1/3 annual cycle node
2011-01-26T00:00:00+00:00,Gann Square-of-9 (5²=25 days from Jan 1),low,time_cycle,gann_rules,Rule5: 'Square of time' — 5²=25 calendar days from 2011-01-01; reversal zone in Gann Square-of-9 methodology
2011-01-26T06:09:08+00:00,Saturn Station Retrograde,high,planetary_station,swisseph,Rule1: 'Time hits node=MOVE' — Saturn turns retrograde at 197.23° (Libra); cycle inversion node
2011-01-29T17:32:13+00:00,Gann 315-Day Cycle from Spring Equinox,medium,time_cycle,gann_rules,Rule3: 'Nodes=pressure points' — 315-day cycle completes from Spring Equinox (2010-03-20); 7/8 annual node
2011-02-04T23:38:27+00:00,Gann 45-Day Cycle from Winter Solstice,medium,time_cycle,gann_rules,Rule3: 'Nodes=pressure points' — 45-day cycle completes from Winter Solstice (2010-12-21); 1/8 annual cycle — first seasonal octave
2011-02-05T00:00:00+00:00,Gann Square-of-9 (20²=400 days from Jan 1),low,time_cycle,gann_rules,Rule5: 'Square of time' — 20²=400 calendar days from 2010-01-01; reversal zone in Gann Square-of-9 methodology
2011-02-06T00:00:00+00:00,Gann Square-of-9 (6²=36 days from Jan 1),low,time_cycle,gann_rules,Rule5: 'Square of time' — 6²=36 calendar days from 2011-01-01; reversal zone in Gann Square-of-9 methodology
2011-02-14T03:09:02+00:00,Gann 144-Day Cycle from Autumn Equinox,high,time_cycle,gann_rules,Rule3: 'Nodes=pressure points' — 144-day cycle completes from Autumn Equinox (2010-09-23); Gann sacred number — inner 144° cycle
2011-02-19T00:00:00+00:00,Gann Square-of-9 (7²=49 days from Jan 1),low,time_cycle,gann_rules,Rule5: 'Square of time' — 7²=49 calendar days from 2011-01-01; reversal zone in Gann Square-of-9 methodology
2011-02-19T23:38:27+00:00,Gann 60-Day Cycle from Winter Solstice,medium,time_cycle,gann_rules,Rule3: 'Nodes=pressure points' — 60-day cycle completes from Winter Solstice (2010-12-21); 2-month node — 1/6 annual cycle
2011-03-06T00:00:00+00:00,Gann Square-of-9 (8²=64 days from Jan 1),low,time_cycle,gann_rules,Rule5: 'Square of time' — 8²=64 calendar days from 2011-01-01; reversal zone in Gann Square-of-9 methodology
2011-03-15T17:32:13+00:00,Gann 360-Day Cycle from Spring Equinox,high,time_cycle,gann_rules,Rule3: 'Nodes=pressure points' — 360-day cycle completes from Spring Equinox (2010-03-20); Annual cycle completion — full revolution
2011-03-18T11:28:25+00:00,Gann 270-Day Cycle from Summer Solstice,high,time_cycle,gann_rules,Rule3: 'Nodes=pressure points' — 270-day cycle completes from Summer Solstice (2010-06-21); 3/4 annual node — final seasonal turn
2011-03-21T23:38:27+00:00,Gann 90-Day Cycle from Winter Solstice,high,time_cycle,gann_rules,Rule3: 'Nodes=pressure points' — 90-day cycle completes from Winter Solstice (2010-12-21); Quarter-year node — seasonal turn zone
2011-03-22T03:09:02+00:00,Gann 180-Day Cycle from Autumn Equinox,high,time_cycle,gann_rules,Rule3: 'Nodes=pressure points' — 180-day cycle completes from Autumn Equinox (2010-09-23); Half-year reversal node — cycle midpoint
2011-03-23T00:00:00+00:00,Gann Square-of-9 (9²=81 days from Jan 1),medium,time_cycle,gann_rules,Rule5: 'Square of time' — 9²=81 calendar days from 2011-01-01; reversal zone in Gann Square-of-9 methodology
2011-03-27T23:20:43+00:00,Gann 7-Day Cycle from Spring Equinox,low,time_cycle,gann_rules,Rule3: 'Nodes=pressure points' — 7-day cycle completes from Spring Equinox (2011-03-20); Weekly rhythm node
2011-03-28T12:00:00+00:00,Gann Pressure Point (3 cycles align),high,pressure_point,gann_rules,"Rule1:'Time hits node=MOVE' | Rule3:'Nodes=pressure points' | Rule4:'Cycle within cycle' | 3 confluences from [planetary_station, synodic_cycle, time_cycle] | cycles: Mercury Station Retrograde; Jupiter–Saturn opposition; Gann 7-Day Cycle from Spring Equinox"
2011-03-28T21:54:48+00:00,Jupiter–Saturn opposition,high,synodic_cycle,swisseph,"Rule4: 'Cycle within cycle' — Jupiter opposition Saturn: Jupiter 14.4°, Saturn 194.4°; synodic cycle completion node"
2011-03-30T20:47:40+00:00,Mercury Station Retrograde,high,planetary_station,swisseph,Rule1: 'Time hits node=MOVE' — Mercury turns retrograde at 24.36° (Aries); cycle inversion node
2011-04-03T23:20:43+00:00,Gann 14-Day Cycle from Spring Equinox,low,time_cycle,gann_rules,Rule3: 'Nodes=pressure points' — 14-day cycle completes from Spring Equinox (2011-03-20); 2-week minor node
2011-04-10T23:20:43+00:00,Gann 21-Day Cycle from Spring Equinox,low,time_cycle,gann_rules,Rule3: 'Nodes=pressure points' — 21-day cycle completes from Spring Equinox (2011-03-20); 3-week minor node
2011-04-11T00:00:00+00:00,Gann Square-of-9 (10²=100 days from Jan 1),medium,time_cycle,gann_rules,Rule5: 'Square of time' — 10²=100 calendar days from 2011-01-01; reversal zone in Gann Square-of-9 methodology
2011-04-19T23:20:43+00:00,Gann 30-Day Cycle from Spring Equinox,medium,time_cycle,gann_rules,Rule3: 'Nodes=pressure points' — 30-day cycle completes from Spring Equinox (2011-03-20); Monthly node — 1/12 annual cycle
2011-04-20T23:38:27+00:00,Gann 120-Day Cycle from Winter Solstice,medium,time_cycle,gann_rules,Rule3: 'Nodes=pressure points' — 120-day cycle completes from Winter Solstice (2010-12-21); 1/3 annual cycle node
2011-04-21T03:09:02+00:00,Gann 210-Day Cycle from Autumn Equinox,low,time_cycle,gann_rules,Rule3: 'Nodes=pressure points' — 210-day cycle completes from Autumn Equinox (2010-09-23); 7-month node
2011-04-21T12:00:00+00:00,Gann Pressure Point (4 cycles align),medium,pressure_point,gann_rules,"Rule1:'Time hits node=MOVE' | Rule3:'Nodes=pressure points' | Rule4:'Cycle within cycle' | 4 confluences from [planetary_station, time_cycle] | cycles: Gann 30-Day Cycle from Spring Equinox; Gann 120-Day Cycle from Winter Solstice; Gann 210-Day Cycle from Autumn Equinox; Mercury Station Direct"
2011-04-23T10:04:00+00:00,Mercury Station Direct,medium,planetary_station,swisseph,Rule3: 'Nodes=pressure points' — Mercury turns direct at 12.89° (Aries); cycle resumption node
2011-05-02T00:00:00+00:00,Gann Square-of-9 (11²=121 days from Jan 1),medium,time_cycle,gann_rules,Rule5: 'Square of time' — 11²=121 calendar days from 2011-01-01; reversal zone in Gann Square-of-9 methodology
2011-05-02T11:28:25+00:00,Gann 315-Day Cycle from Summer Solstice,medium,time_cycle,gann_rules,Rule3: 'Nodes=pressure points' — 315-day cycle completes from Summer Solstice (2010-06-21); 7/8 annual node
2011-05-04T23:20:43+00:00,Gann 45-Day Cycle from Spring Equinox,medium,time_cycle,gann_rules,Rule3: 'Nodes=pressure points' — 45-day cycle completes from Spring Equinox (2011-03-20); 1/8 annual cycle — first seasonal octave
2011-05-11T14:42:05+00:00,Venus–Jupiter conjunction,medium,synodic_cycle,swisseph,"Rule4: 'Cycle within cycle' — Venus conjunction Jupiter: Venus 24.8°, Jupiter 24.8°; synodic cycle completion node"
2011-05-14T23:38:27+00:00,Gann 144-Day Cycle from Winter Solstice,high,time_cycle,gann_rules,Rule3: 'Nodes=pressure points' — 144-day cycle completes from Winter Solstice (2010-12-21); Gann sacred number — inner 144° cycle
2011-05-19T23:20:43+00:00,Gann 60-Day Cycle from Spring Equinox,medium,time_cycle,gann_rules,Rule3: 'Nodes=pressure points' — 60-day cycle completes from Spring Equinox (2011-03-20); 2-month node — 1/6 annual cycle
2011-05-25T00:00:00+00:00,Gann Square-of-9 (12²=144 days from Jan 1),high,time_cycle,gann_rules,Rule5: 'Square of time' — 12²=144 calendar days from 2011-01-01; reversal zone in Gann Square-of-9 methodology
2011-06-13T03:51:43+00:00,Saturn Station Direct,medium,planetary_station,swisseph,Rule3: 'Nodes=pressure points' — Saturn turns direct at 190.44° (Libra); cycle resumption node
2011-06-16T11:28:25+00:00,Gann 360-Day Cycle from Summer Solstice,high,time_cycle,gann_rules,Rule3: 'Nodes=pressure points' — 360-day cycle completes from Summer Solstice (2010-06-21); Annual cycle completion — full revolution
2011-06-18T23:20:43+00:00,Gann 90-Day Cycle from Spring Equinox,high,time_cycle,gann_rules,Rule3: 'Nodes=pressure points' — 90-day cycle completes from Spring Equinox (2011-03-20); Quarter-year node — seasonal turn zone
2011-06-19T00:00:00+00:00,Gann Square-of-9 (13²=169 days from Jan 1),low,time_cycle,gann_rules,Rule5: 'Square of time' — 13²=169 calendar days from 2011-01-01; reversal zone in Gann Square-of-9 methodology
2011-06-19T23:38:27+00:00,Gann 180-Day Cycle from Winter Solstice,high,time_cycle,gann_rules,Rule3: 'Nodes=pressure points' — 180-day cycle completes from Winter Solstice (2010-12-21); Half-year reversal node — cycle midpoint
2011-06-20T03:09:02+00:00,Gann 270-Day Cycle from Autumn Equinox,high,time_cycle,gann_rules,Rule3: 'Nodes=pressure points' — 270-day cycle completes from Autumn Equinox (2010-09-23); 3/4 annual node — final seasonal turn
2011-06-28T17:16:30+00:00,Gann 7-Day Cycle from Summer Solstice,low,time_cycle,gann_rules,Rule3: 'Nodes=pressure points' — 7-day cycle completes from Summer Solstice (2011-06-21); Weekly rhythm node
2011-07-05T17:16:30+00:00,Gann 14-Day Cycle from Summer Solstice,low,time_cycle,gann_rules,Rule3: 'Nodes=pressure points' — 14-day cycle completes from Summer Solstice (2011-06-21); 2-week minor node
2011-07-12T17:16:30+00:00,Gann 21-Day Cycle from Summer Solstice,low,time_cycle,gann_rules,Rule3: 'Nodes=pressure points' — 21-day cycle completes from Summer Solstice (2011-06-21); 3-week minor node
2011-07-16T00:00:00+00:00,Gann Square-of-9 (14²=196 days from Jan 1),medium,time_cycle,gann_rules,Rule5: 'Square of time' — 14²=196 calendar days from 2011-01-01; reversal zone in Gann Square-of-9 methodology
2011-07-18T23:20:43+00:00,Gann 120-Day Cycle from Spring Equinox,medium,time_cycle,gann_rules,Rule3: 'Nodes=pressure points' — 120-day cycle completes from Spring Equinox (2011-03-20); 1/3 annual cycle node
2011-07-19T23:38:27+00:00,Gann 210-Day Cycle from Winter Solstice,low,time_cycle,gann_rules,Rule3: 'Nodes=pressure points' — 210-day cycle completes from Winter Solstice (2010-12-21); 7-month node
2011-07-21T17:16:30+00:00,Gann 30-Day Cycle from Summer Solstice,medium,time_cycle,gann_rules,Rule3: 'Nodes=pressure points' — 30-day cycle completes from Summer Solstice (2011-06-21); Monthly node — 1/12 annual cycle
2011-08-03T03:50:05+00:00,Mercury Station Retrograde,high,planetary_station,swisseph,Rule1: 'Time hits node=MOVE' — Mercury turns retrograde at 151.20° (Virgo); cycle inversion node
2011-08-03T12:00:00+00:00,Gann Pressure Point (3 cycles align),medium,pressure_point,gann_rules,"Rule1:'Time hits node=MOVE' | Rule3:'Nodes=pressure points' | Rule4:'Cycle within cycle' | 3 confluences from [planetary_station, time_cycle] | cycles: Gann 45-Day Cycle from Summer Solstice; Mercury Station Retrograde; Gann 315-Day Cycle from Autumn Equinox"
2011-08-04T03:09:02+00:00,Gann 315-Day Cycle from Autumn Equinox,medium,time_cycle,gann_rules,Rule3: 'Nodes=pressure points' — 315-day cycle completes from Autumn Equinox (2010-09-23); 7/8 annual node
2011-08-05T17:16:30+00:00,Gann 45-Day Cycle from Summer Solstice,medium,time_cycle,gann_rules,Rule3: 'Nodes=pressure points' — 45-day cycle completes from Summer Solstice (2011-06-21); 1/8 annual cycle — first seasonal octave
2011-08-11T23:20:43+00:00,Gann 144-Day Cycle from Spring Equinox,high,time_cycle,gann_rules,Rule3: 'Nodes=pressure points' — 144-day cycle completes from Spring Equinox (2011-03-20); Gann sacred number — inner 144° cycle
2011-08-14T00:00:00+00:00,Gann Square-of-9 (15²=225 days from Jan 1),high,time_cycle,gann_rules,Rule5: 'Square of time' — 15²=225 calendar days from 2011-01-01; reversal zone in Gann Square-of-9 methodology
2011-08-20T17:16:30+00:00,Gann 60-Day Cycle from Summer Solstice,medium,time_cycle,gann_rules,Rule3: 'Nodes=pressure points' — 60-day cycle completes from Summer Solstice (2011-06-21); 2-month node — 1/6 annual cycle
2011-08-26T22:03:00+00:00,Mercury Station Direct,medium,planetary_station,swisseph,Rule3: 'Nodes=pressure points' — Mercury turns direct at 138.70° (Leo); cycle resumption node
2011-08-30T09:17:18+00:00,Jupiter Station Retrograde,high,planetary_station,swisseph,Rule1: 'Time hits node=MOVE' — Jupiter turns retrograde at 40.36° (Taurus); cycle inversion node
2011-09-14T00:00:00+00:00,Gann Square-of-9 (16²=256 days from Jan 1),low,time_cycle,gann_rules,Rule5: 'Square of time' — 16²=256 calendar days from 2011-01-01; reversal zone in Gann Square-of-9 methodology
2011-09-16T23:20:43+00:00,Gann 180-Day Cycle from Spring Equinox,high,time_cycle,gann_rules,Rule3: 'Nodes=pressure points' — 180-day cycle completes from Spring Equinox (2011-03-20); Half-year reversal node — cycle midpoint
2011-09-17T23:38:27+00:00,Gann 270-Day Cycle from Winter Solstice,high,time_cycle,gann_rules,Rule3: 'Nodes=pressure points' — 270-day cycle completes from Winter Solstice (2010-12-21); 3/4 annual node — final seasonal turn
2011-09-18T03:09:02+00:00,Gann 360-Day Cycle from Autumn Equinox,high,time_cycle,gann_rules,Rule3: 'Nodes=pressure points' — 360-day cycle completes from Autumn Equinox (2010-09-23); Annual cycle completion — full revolution
2011-09-19T17:16:30+00:00,Gann 90-Day Cycle from Summer Solstice,high,time_cycle,gann_rules,Rule3: 'Nodes=pressure points' — 90-day cycle completes from Summer Solstice (2011-06-21); Quarter-year node — seasonal turn zone
2011-09-30T09:04:38+00:00,Gann 7-Day Cycle from Autumn Equinox,low,time_cycle,gann_rules,Rule3: 'Nodes=pressure points' — 7-day cycle completes from Autumn Equinox (2011-09-23); Weekly rhythm node
2011-10-07T09:04:38+00:00,Gann 14-Day Cycle from Autumn Equinox,low,time_cycle,gann_rules,Rule3: 'Nodes=pressure points' — 14-day cycle completes from Autumn Equinox (2011-09-23); 2-week minor node
2011-10-14T09:04:38+00:00,Gann 21-Day Cycle from Autumn Equinox,low,time_cycle,gann_rules,Rule3: 'Nodes=pressure points' — 21-day cycle completes from Autumn Equinox (2011-09-23); 3-week minor node
2011-10-14T23:53:19+00:00,Venus–Jupiter opposition,medium,synodic_cycle,swisseph,"Rule4: 'Cycle within cycle' — Venus opposition Jupiter: Venus 217.2°, Jupiter 37.2°; synodic cycle completion node"
2011-10-16T12:00:00+00:00,Gann Pressure Point (4 cycles align),high,pressure_point,gann_rules,"Rule1:'Time hits node=MOVE' | Rule3:'Nodes=pressure points' | Rule4:'Cycle within cycle' | 4 confluences from [synodic_cycle, time_cycle] | cycles: Gann 21-Day Cycle from Autumn Equinox; Gann Square-of-9 (17²=289 days from Jan 1); Venus–Jupiter opposition; Gann 210-Day Cycle from Spring Equinox"
2011-10-16T23:20:43+00:00,Gann 210-Day Cycle from Spring Equinox,low,time_cycle,gann_rules,Rule3: 'Nodes=pressure points' — 210-day cycle completes from Spring Equinox (2011-03-20); 7-month node
2011-10-17T00:00:00+00:00,Gann Square-of-9 (17²=289 days from Jan 1),high,time_cycle,gann_rules,Rule5: 'Square of time' — 17²=289 calendar days from 2011-01-01; reversal zone in Gann Square-of-9 methodology
2011-10-19T17:16:30+00:00,Gann 120-Day Cycle from Summer Solstice,medium,time_cycle,gann_rules,Rule3: 'Nodes=pressure points' — 120-day cycle completes from Summer Solstice (2011-06-21); 1/3 annual cycle node
2011-10-23T09:04:38+00:00,Gann 30-Day Cycle from Autumn Equinox,medium,time_cycle,gann_rules,Rule3: 'Nodes=pressure points' — 30-day cycle completes from Autumn Equinox (2011-09-23); Monthly node — 1/12 annual cycle
2011-11-01T23:38:27+00:00,Gann 315-Day Cycle from Winter Solstice,medium,time_cycle,gann_rules,Rule3: 'Nodes=pressure points' — 315-day cycle completes from Winter Solstice (2010-12-21); 7/8 annual node
2011-11-07T09:04:38+00:00,Gann 45-Day Cycle from Autumn Equinox,medium,time_cycle,gann_rules,Rule3: 'Nodes=pressure points' — 45-day cycle completes from Autumn Equinox (2011-09-23); 1/8 annual cycle — first seasonal octave
2011-11-12T17:16:30+00:00,Gann 144-Day Cycle from Summer Solstice,high,time_cycle,gann_rules,Rule3: 'Nodes=pressure points' — 144-day cycle completes from Summer Solstice (2011-06-21); Gann sacred number — inner 144° cycle
2011-11-21T00:00:00+00:00,Gann Square-of-9 (18²=324 days from Jan 1),low,time_cycle,gann_rules,Rule5: 'Square of time' — 18²=324 calendar days from 2011-01-01; reversal zone in Gann Square-of-9 methodology
2011-11-22T09:04:38+00:00,Gann 60-Day Cycle from Autumn Equinox,medium,time_cycle,gann_rules,Rule3: 'Nodes=pressure points' — 60-day cycle completes from Autumn Equinox (2011-09-23); 2-month node — 1/6 annual cycle
2011-11-22T12:00:00+00:00,Gann Pressure Point (3 cycles align),medium,pressure_point,gann_rules,"Rule1:'Time hits node=MOVE' | Rule3:'Nodes=pressure points' | Rule4:'Cycle within cycle' | 3 confluences from [planetary_station, time_cycle] | cycles: Gann 60-Day Cycle from Autumn Equinox; Mercury Station Retrograde; Gann Square-of-9 (18²=324 days from Jan 1)"
2011-11-24T07:19:27+00:00,Mercury Station Retrograde,high,planetary_station,swisseph,Rule1: 'Time hits node=MOVE' — Mercury turns retrograde at 260.12° (Sagittarius); cycle inversion node
2011-12-14T01:42:51+00:00,Mercury Station Direct,medium,planetary_station,swisseph,Rule3: 'Nodes=pressure points' — Mercury turns direct at 243.86° (Sagittarius); cycle resumption node
2011-12-15T23:20:43+00:00,Gann 270-Day Cycle from Spring Equinox,high,time_cycle,gann_rules,Rule3: 'Nodes=pressure points' — 270-day cycle completes from Spring Equinox (2011-03-20); 3/4 annual node — final seasonal turn
2011-12-16T12:00:00+00:00,Gann Pressure Point (4 cycles align),medium,pressure_point,gann_rules,"Rule1:'Time hits node=MOVE' | Rule3:'Nodes=pressure points' | Rule4:'Cycle within cycle' | 4 confluences from [planetary_station, time_cycle] | cycles: Gann 180-Day Cycle from Summer Solstice; Gann 360-Day Cycle from Winter Solstice; Mercury Station Direct; Gann 270-Day Cycle from Spring Equinox"
2011-12-16T23:38:27+00:00,Gann 360-Day Cycle from Winter Solstice,high,time_cycle,gann_rules,Rule3: 'Nodes=pressure points' — 360-day cycle completes from Winter Solstice (2010-12-21); Annual cycle completion — full revolution
2011-12-18T17:16:30+00:00,Gann 180-Day Cycle from Summer Solstice,high,time_cycle,gann_rules,Rule3: 'Nodes=pressure points' — 180-day cycle completes from Summer Solstice (2011-06-21); Half-year reversal node — cycle midpoint
2011-12-22T09:04:38+00:00,Gann 90-Day Cycle from Autumn Equinox,high,time_cycle,gann_rules,Rule3: 'Nodes=pressure points' — 90-day cycle completes from Autumn Equinox (2011-09-23); Quarter-year node — seasonal turn zone
2011-12-25T22:07:59+00:00,Jupiter Station Direct,medium,planetary_station,swisseph,Rule3: 'Nodes=pressure points' — Jupiter turns direct at 30.36° (Taurus); cycle resumption node
2011-12-28T00:00:00+00:00,Gann Square-of-9 (19²=361 days from Jan 1),high,time_cycle,gann_rules,Rule5: 'Square of time' — 19²=361 calendar days from 2011-01-01; reversal zone in Gann Square-of-9 methodology
2011-12-29T05:30:02+00:00,Gann 7-Day Cycle from Winter Solstice,low,time_cycle,gann_rules,Rule3: 'Nodes=pressure points' — 7-day cycle completes from Winter Solstice (2011-12-22); Weekly rhythm node
2012-01-02T00:00:00+00:00,Gann Square-of-9 (1²=1 days from Jan 1),low,time_cycle,gann_rules,Rule5: 'Square of time' — 1²=1 calendar days from 2012-01-01; reversal zone in Gann Square-of-9 methodology
2012-01-05T00:00:00+00:00,Gann Square-of-9 (2²=4 days from Jan 1),low,time_cycle,gann_rules,Rule5: 'Square of time' — 2²=4 calendar days from 2012-01-01; reversal zone in Gann Square-of-9 methodology
2012-01-05T05:30:02+00:00,Gann 14-Day Cycle from Winter Solstice,low,time_cycle,gann_rules,Rule3: 'Nodes=pressure points' — 14-day cycle completes from Winter Solstice (2011-12-22); 2-week minor node
2012-01-10T00:00:00+00:00,Gann Square-of-9 (3²=9 days from Jan 1),low,time_cycle,gann_rules,Rule5: 'Square of time' — 3²=9 calendar days from 2012-01-01; reversal zone in Gann Square-of-9 methodology
2012-01-12T05:30:02+00:00,Gann 21-Day Cycle from Winter Solstice,low,time_cycle,gann_rules,Rule3: 'Nodes=pressure points' — 21-day cycle completes from Winter Solstice (2011-12-22); 3-week minor node
2012-01-17T00:00:00+00:00,Gann Square-of-9 (4²=16 days from Jan 1),low,time_cycle,gann_rules,Rule5: 'Square of time' — 4²=16 calendar days from 2012-01-01; reversal zone in Gann Square-of-9 methodology
2012-01-17T17:16:30+00:00,Gann 210-Day Cycle from Summer Solstice,low,time_cycle,gann_rules,Rule3: 'Nodes=pressure points' — 210-day cycle completes from Summer Solstice (2011-06-21); 7-month node
2012-01-21T05:30:02+00:00,Gann 30-Day Cycle from Winter Solstice,medium,time_cycle,gann_rules,Rule3: 'Nodes=pressure points' — 30-day cycle completes from Winter Solstice (2011-12-22); Monthly node — 1/12 annual cycle
2012-01-21T09:04:38+00:00,Gann 120-Day Cycle from Autumn Equinox,medium,time_cycle,gann_rules,Rule3: 'Nodes=pressure points' — 120-day cycle completes from Autumn Equinox (2011-09-23); 1/3 annual cycle node
2012-01-24T00:53:43+00:00,Mars Station Retrograde,high,planetary_station,swisseph,Rule1: 'Time hits node=MOVE' — Mars turns retrograde at 173.09° (Virgo); cycle inversion node
2012-01-26T00:00:00+00:00,Gann Square-of-9 (5²=25 days from Jan 1),low,time_cycle,gann_rules,Rule5: 'Square of time' — 5²=25 calendar days from 2012-01-01; reversal zone in Gann Square-of-9 methodology
2012-01-29T23:20:43+00:00,Gann 315-Day Cycle from Spring Equinox,medium,time_cycle,gann_rules,Rule3: 'Nodes=pressure points' — 315-day cycle completes from Spring Equinox (2011-03-20); 7/8 annual node
2012-02-05T00:00:00+00:00,Gann Square-of-9 (20²=400 days from Jan 1),low,time_cycle,gann_rules,Rule5: 'Square of time' — 20²=400 calendar days from 2011-01-01; reversal zone in Gann Square-of-9 methodology
2012-02-05T05:30:02+00:00,Gann 45-Day Cycle from Winter Solstice,medium,time_cycle,gann_rules,Rule3: 'Nodes=pressure points' — 45-day cycle completes from Winter Solstice (2011-12-22); 1/8 annual cycle — first seasonal octave
2012-02-05T12:00:00+00:00,Gann Pressure Point (4 cycles align),medium,pressure_point,gann_rules,"Rule1:'Time hits node=MOVE' | Rule3:'Nodes=pressure points' | Rule4:'Cycle within cycle' | 4 confluences from [planetary_station, time_cycle] | cycles: Saturn Station Retrograde; Gann Square-of-9 (20²=400 days from Jan 1); Gann 45-Day Cycle from Winter Solstice; Gann Square-of-9 (6²=36 days from Jan 1)"
2012-02-06T00:00:00+00:00,Gann Square-of-9 (6²=36 days from Jan 1),low,time_cycle,gann_rules,Rule5: 'Square of time' — 6²=36 calendar days from 2012-01-01; reversal zone in Gann Square-of-9 methodology
2012-02-07T14:03:50+00:00,Saturn Station Retrograde,high,planetary_station,swisseph,Rule1: 'Time hits node=MOVE' — Saturn turns retrograde at 209.51° (Libra); cycle inversion node
2012-02-14T09:04:38+00:00,Gann 144-Day Cycle from Autumn Equinox,high,time_cycle,gann_rules,Rule3: 'Nodes=pressure points' — 144-day cycle completes from Autumn Equinox (2011-09-23); Gann sacred number — inner 144° cycle
2012-02-19T00:00:00+00:00,Gann Square-of-9 (7²=49 days from Jan 1),low,time_cycle,gann_rules,Rule5: 'Square of time' — 7²=49 calendar days from 2012-01-01; reversal zone in Gann Square-of-9 methodology
2012-02-20T05:30:02+00:00,Gann 60-Day Cycle from Winter Solstice,medium,time_cycle,gann_rules,Rule3: 'Nodes=pressure points' — 60-day cycle completes from Winter Solstice (2011-12-22); 2-month node — 1/6 annual cycle
2012-03-05T00:00:00+00:00,Gann Square-of-9 (8²=64 days from Jan 1),low,time_cycle,gann_rules,Rule5: 'Square of time' — 8²=64 calendar days from 2012-01-01; reversal zone in Gann Square-of-9 methodology
2012-03-12T07:49:03+00:00,Mercury Station Retrograde,high,planetary_station,swisseph,Rule1: 'Time hits node=MOVE' — Mercury turns retrograde at 6.82° (Aries); cycle inversion node
2012-03-12T12:00:00+00:00,Gann Pressure Point (3 cycles align),high,pressure_point,gann_rules,"Rule1:'Time hits node=MOVE' | Rule3:'Nodes=pressure points' | Rule4:'Cycle within cycle' | 3 confluences from [planetary_station, synodic_cycle, time_cycle] | cycles: Venus–Jupiter conjunction; Mercury Station Retrograde; Gann 360-Day Cycle from Spring Equinox"
2012-03-14T05:54:16+00:00,Venus–Jupiter conjunction,medium,synodic_cycle,swisseph,"Rule4: 'Cycle within cycle' — Venus conjunction Jupiter: Venus 39.6°, Jupiter 39.6°; synodic cycle completion node"
2012-03-14T23:20:43+00:00,Gann 360-Day Cycle from Spring Equinox,high,time_cycle,gann_rules,Rule3: 'Nodes=pressure points' — 360-day cycle completes from Spring Equinox (2011-03-20); Annual cycle completion — full revolution
2012-03-17T17:16:30+00:00,Gann 270-Day Cycle from Summer Solstice,high,time_cycle,gann_rules,Rule3: 'Nodes=pressure points' — 270-day cycle completes from Summer Solstice (2011-06-21); 3/4 annual node — final seasonal turn
2012-03-21T05:30:02+00:00,Gann 90-Day Cycle from Winter Solstice,high,time_cycle,gann_rules,Rule3: 'Nodes=pressure points' — 90-day cycle completes from Winter Solstice (2011-12-22); Quarter-year node — seasonal turn zone
2012-03-21T09:04:38+00:00,Gann 180-Day Cycle from Autumn Equinox,high,time_cycle,gann_rules,Rule3: 'Nodes=pressure points' — 180-day cycle completes from Autumn Equinox (2011-09-23); Half-year reversal node — cycle midpoint
2012-03-22T00:00:00+00:00,Gann Square-of-9 (9²=81 days from Jan 1),medium,time_cycle,gann_rules,Rule5: 'Square of time' — 9²=81 calendar days from 2012-01-01; reversal zone in Gann Square-of-9 methodology
2012-03-27T05:14:26+00:00,Gann 7-Day Cycle from Spring Equinox,low,time_cycle,gann_rules,Rule3: 'Nodes=pressure points' — 7-day cycle completes from Spring Equinox (2012-03-20); Weekly rhythm node
2012-04-03T05:14:26+00:00,Gann 14-Day Cycle from Spring Equinox,low,time_cycle,gann_rules,Rule3: 'Nodes=pressure points' — 14-day cycle completes from Spring Equinox (2012-03-20); 2-week minor node
2012-04-04T10:11:19+00:00,Mercury Station Direct,medium,planetary_station,swisseph,Rule3: 'Nodes=pressure points' — Mercury turns direct at 353.85° (Pisces); cycle resumption node
2012-04-10T00:00:00+00:00,Gann Square-of-9 (10²=100 days from Jan 1),medium,time_cycle,gann_rules,Rule5: 'Square of time' — 10²=100 calendar days from 2012-01-01; reversal zone in Gann Square-of-9 methodology
2012-04-10T05:14:26+00:00,Gann 21-Day Cycle from Spring Equinox,low,time_cycle,gann_rules,Rule3: 'Nodes=pressure points' — 21-day cycle completes from Spring Equinox (2012-03-20); 3-week minor node
2012-04-14T03:53:01+00:00,Mars Station Direct,medium,planetary_station,swisseph,Rule3: 'Nodes=pressure points' — Mars turns direct at 153.68° (Virgo); cycle resumption node
2012-04-19T05:14:26+00:00,Gann 30-Day Cycle from Spring Equinox,medium,time_cycle,gann_rules,Rule3: 'Nodes=pressure points' — 30-day cycle completes from Spring Equinox (2012-03-20); Monthly node — 1/12 annual cycle
2012-04-20T05:30:02+00:00,Gann 120-Day Cycle from Winter Solstice,medium,time_cycle,gann_rules,Rule3: 'Nodes=pressure points' — 120-day cycle completes from Winter Solstice (2011-12-22); 1/3 annual cycle node
2012-04-20T09:04:38+00:00,Gann 210-Day Cycle from Autumn Equinox,low,time_cycle,gann_rules,Rule3: 'Nodes=pressure points' — 210-day cycle completes from Autumn Equinox (2011-09-23); 7-month node
2012-05-01T00:00:00+00:00,Gann Square-of-9 (11²=121 days from Jan 1),medium,time_cycle,gann_rules,Rule5: 'Square of time' — 11²=121 calendar days from 2012-01-01; reversal zone in Gann Square-of-9 methodology
2012-05-01T17:16:30+00:00,Gann 315-Day Cycle from Summer Solstice,medium,time_cycle,gann_rules,Rule3: 'Nodes=pressure points' — 315-day cycle completes from Summer Solstice (2011-06-21); 7/8 annual node
2012-05-04T05:14:26+00:00,Gann 45-Day Cycle from Spring Equinox,medium,time_cycle,gann_rules,Rule3: 'Nodes=pressure points' — 45-day cycle completes from Spring Equinox (2012-03-20); 1/8 annual cycle — first seasonal octave
2012-05-14T05:30:02+00:00,Gann 144-Day Cycle from Winter Solstice,high,time_cycle,gann_rules,Rule3: 'Nodes=pressure points' — 144-day cycle completes from Winter Solstice (2011-12-22); Gann sacred number — inner 144° cycle
2012-05-15T14:32:46+00:00,Venus Station Retrograde,high,planetary_station,swisseph,Rule1: 'Time hits node=MOVE' — Venus turns retrograde at 83.99° (Gemini); cycle inversion node
2012-05-19T05:14:26+00:00,Gann 60-Day Cycle from Spring Equinox,medium,time_cycle,gann_rules,Rule3: 'Nodes=pressure points' — 60-day cycle completes from Spring Equinox (2012-03-20); 2-month node — 1/6 annual cycle
2012-05-24T00:00:00+00:00,Gann Square-of-9 (12²=144 days from Jan 1),high,time_cycle,gann_rules,Rule5: 'Square of time' — 12²=144 calendar days from 2012-01-01; reversal zone in Gann Square-of-9 methodology
2012-06-15T17:16:30+00:00,Gann 360-Day Cycle from Summer Solstice,high,time_cycle,gann_rules,Rule3: 'Nodes=pressure points' — 360-day cycle completes from Summer Solstice (2011-06-21); Annual cycle completion — full revolution
2012-06-18T00:00:00+00:00,Gann Square-of-9 (13²=169 days from Jan 1),low,time_cycle,gann_rules,Rule5: 'Square of time' — 13²=169 calendar days from 2012-01-01; reversal zone in Gann Square-of-9 methodology
2012-06-18T05:14:26+00:00,Gann 90-Day Cycle from Spring Equinox,high,time_cycle,gann_rules,Rule3: 'Nodes=pressure points' — 90-day cycle completes from Spring Equinox (2012-03-20); Quarter-year node — seasonal turn zone
2012-06-19T05:30:02+00:00,Gann 180-Day Cycle from Winter Solstice,high,time_cycle,gann_rules,Rule3: 'Nodes=pressure points' — 180-day cycle completes from Winter Solstice (2011-12-22); Half-year reversal node — cycle midpoint
2012-06-19T09:04:38+00:00,Gann 270-Day Cycle from Autumn Equinox,high,time_cycle,gann_rules,Rule3: 'Nodes=pressure points' — 270-day cycle completes from Autumn Equinox (2011-09-23); 3/4 annual node — final seasonal turn
2012-06-25T08:00:12+00:00,Saturn Station Direct,medium,planetary_station,swisseph,Rule3: 'Nodes=pressure points' — Saturn turns direct at 202.76° (Libra); cycle resumption node
2012-06-25T12:00:00+00:00,Gann Pressure Point (3 cycles align),medium,pressure_point,gann_rules,"Rule1:'Time hits node=MOVE' | Rule3:'Nodes=pressure points' | Rule4:'Cycle within cycle' | 3 confluences from [planetary_station, time_cycle] | cycles: Gann 7-Day Cycle from Summer Solstice; Venus Station Direct; Saturn Station Direct"
2012-06-27T15:06:51+00:00,Venus Station Direct,medium,planetary_station,swisseph,Rule3: 'Nodes=pressure points' — Venus turns direct at 67.49° (Gemini); cycle resumption node
2012-06-27T23:08:48+00:00,Gann 7-Day Cycle from Summer Solstice,low,time_cycle,gann_rules,Rule3: 'Nodes=pressure points' — 7-day cycle completes from Summer Solstice (2012-06-20); Weekly rhythm node
2012-07-04T23:08:48+00:00,Gann 14-Day Cycle from Summer Solstice,low,time_cycle,gann_rules,Rule3: 'Nodes=pressure points' — 14-day cycle completes from Summer Solstice (2012-06-20); 2-week minor node
2012-07-11T23:08:48+00:00,Gann 21-Day Cycle from Summer Solstice,low,time_cycle,gann_rules,Rule3: 'Nodes=pressure points' — 21-day cycle completes from Summer Solstice (2012-06-20); 3-week minor node
2012-07-15T00:00:00+00:00,Gann Square-of-9 (14²=196 days from Jan 1),medium,time_cycle,gann_rules,Rule5: 'Square of time' — 14²=196 calendar days from 2012-01-01; reversal zone in Gann Square-of-9 methodology
2012-07-15T02:16:05+00:00,Mercury Station Retrograde,high,planetary_station,swisseph,Rule1: 'Time hits node=MOVE' — Mercury turns retrograde at 132.54° (Leo); cycle inversion node
2012-07-18T05:14:26+00:00,Gann 120-Day Cycle from Spring Equinox,medium,time_cycle,gann_rules,Rule3: 'Nodes=pressure points' — 120-day cycle completes from Spring Equinox (2012-03-20); 1/3 annual cycle node
2012-07-19T05:30:02+00:00,Gann 210-Day Cycle from Winter Solstice,low,time_cycle,gann_rules,Rule3: 'Nodes=pressure points' — 210-day cycle completes from Winter Solstice (2011-12-22); 7-month node
2012-07-20T23:08:48+00:00,Gann 30-Day Cycle from Summer Solstice,medium,time_cycle,gann_rules,Rule3: 'Nodes=pressure points' — 30-day cycle completes from Summer Solstice (2012-06-20); Monthly node — 1/12 annual cycle
2012-08-03T09:04:38+00:00,Gann 315-Day Cycle from Autumn Equinox,medium,time_cycle,gann_rules,Rule3: 'Nodes=pressure points' — 315-day cycle completes from Autumn Equinox (2011-09-23); 7/8 annual node
2012-08-04T23:08:48+00:00,Gann 45-Day Cycle from Summer Solstice,medium,time_cycle,gann_rules,Rule3: 'Nodes=pressure points' — 45-day cycle completes from Summer Solstice (2012-06-20); 1/8 annual cycle — first seasonal octave
2012-08-08T05:40:14+00:00,Mercury Station Direct,medium,planetary_station,swisseph,Rule3: 'Nodes=pressure points' — Mercury turns direct at 121.43° (Leo); cycle resumption node
2012-08-11T05:14:26+00:00,Gann 144-Day Cycle from Spring Equinox,high,time_cycle,gann_rules,Rule3: 'Nodes=pressure points' — 144-day cycle completes from Spring Equinox (2012-03-20); Gann sacred number — inner 144° cycle
2012-08-13T00:00:00+00:00,Gann Square-of-9 (15²=225 days from Jan 1),high,time_cycle,gann_rules,Rule5: 'Square of time' — 15²=225 calendar days from 2012-01-01; reversal zone in Gann Square-of-9 methodology
2012-08-19T23:08:48+00:00,Gann 60-Day Cycle from Summer Solstice,medium,time_cycle,gann_rules,Rule3: 'Nodes=pressure points' — 60-day cycle completes from Summer Solstice (2012-06-20); 2-month node — 1/6 annual cycle
2012-09-13T00:00:00+00:00,Gann Square-of-9 (16²=256 days from Jan 1),low,time_cycle,gann_rules,Rule5: 'Square of time' — 16²=256 calendar days from 2012-01-01; reversal zone in Gann Square-of-9 methodology
2012-09-16T05:14:26+00:00,Gann 180-Day Cycle from Spring Equinox,high,time_cycle,gann_rules,Rule3: 'Nodes=pressure points' — 180-day cycle completes from Spring Equinox (2012-03-20); Half-year reversal node — cycle midpoint
2012-09-17T05:30:02+00:00,Gann 270-Day Cycle from Winter Solstice,high,time_cycle,gann_rules,Rule3: 'Nodes=pressure points' — 270-day cycle completes from Winter Solstice (2011-12-22); 3/4 annual node — final seasonal turn
2012-09-17T09:04:38+00:00,Gann 360-Day Cycle from Autumn Equinox,high,time_cycle,gann_rules,Rule3: 'Nodes=pressure points' — 360-day cycle completes from Autumn Equinox (2011-09-23); Annual cycle completion — full revolution
2012-09-18T23:08:48+00:00,Gann 90-Day Cycle from Summer Solstice,high,time_cycle,gann_rules,Rule3: 'Nodes=pressure points' — 90-day cycle completes from Summer Solstice (2012-06-20); Quarter-year node — seasonal turn zone
2012-09-29T14:48:59+00:00,Gann 7-Day Cycle from Autumn Equinox,low,time_cycle,gann_rules,Rule3: 'Nodes=pressure points' — 7-day cycle completes from Autumn Equinox (2012-09-22); Weekly rhythm node
2012-10-04T13:18:12+00:00,Jupiter Station Retrograde,high,planetary_station,swisseph,Rule1: 'Time hits node=MOVE' — Jupiter turns retrograde at 76.38° (Gemini); cycle inversion node
2012-10-06T14:48:59+00:00,Gann 14-Day Cycle from Autumn Equinox,low,time_cycle,gann_rules,Rule3: 'Nodes=pressure points' — 14-day cycle completes from Autumn Equinox (2012-09-22); 2-week minor node
2012-10-13T14:48:59+00:00,Gann 21-Day Cycle from Autumn Equinox,low,time_cycle,gann_rules,Rule3: 'Nodes=pressure points' — 21-day cycle completes from Autumn Equinox (2012-09-22); 3-week minor node
2012-10-16T00:00:00+00:00,Gann Square-of-9 (17²=289 days from Jan 1),high,time_cycle,gann_rules,Rule5: 'Square of time' — 17²=289 calendar days from 2012-01-01; reversal zone in Gann Square-of-9 methodology
2012-10-16T05:14:26+00:00,Gann 210-Day Cycle from Spring Equinox,low,time_cycle,gann_rules,Rule3: 'Nodes=pressure points' — 210-day cycle completes from Spring Equinox (2012-03-20); 7-month node
2012-10-18T23:08:48+00:00,Gann 120-Day Cycle from Summer Solstice,medium,time_cycle,gann_rules,Rule3: 'Nodes=pressure points' — 120-day cycle completes from Summer Solstice (2012-06-20); 1/3 annual cycle node
2012-10-22T14:48:59+00:00,Gann 30-Day Cycle from Autumn Equinox,medium,time_cycle,gann_rules,Rule3: 'Nodes=pressure points' — 30-day cycle completes from Autumn Equinox (2012-09-22); Monthly node — 1/12 annual cycle
2012-11-01T05:30:02+00:00,Gann 315-Day Cycle from Winter Solstice,medium,time_cycle,gann_rules,Rule3: 'Nodes=pressure points' — 315-day cycle completes from Winter Solstice (2011-12-22); 7/8 annual node
2012-11-06T14:48:59+00:00,Gann 45-Day Cycle from Autumn Equinox,medium,time_cycle,gann_rules,Rule3: 'Nodes=pressure points' — 45-day cycle completes from Autumn Equinox (2012-09-22); 1/8 annual cycle — first seasonal octave
2012-11-06T23:03:53+00:00,Mercury Station Retrograde,high,planetary_station,swisseph,Rule1: 'Time hits node=MOVE' — Mercury turns retrograde at 244.30° (Sagittarius); cycle inversion node
2012-11-11T23:08:48+00:00,Gann 144-Day Cycle from Summer Solstice,high,time_cycle,gann_rules,Rule3: 'Nodes=pressure points' — 144-day cycle completes from Summer Solstice (2012-06-20); Gann sacred number — inner 144° cycle
2012-11-20T00:00:00+00:00,Gann Square-of-9 (18²=324 days from Jan 1),low,time_cycle,gann_rules,Rule5: 'Square of time' — 18²=324 calendar days from 2012-01-01; reversal zone in Gann Square-of-9 methodology
2012-11-21T14:48:59+00:00,Gann 60-Day Cycle from Autumn Equinox,medium,time_cycle,gann_rules,Rule3: 'Nodes=pressure points' — 60-day cycle completes from Autumn Equinox (2012-09-22); 2-month node — 1/6 annual cycle
2012-11-26T22:47:36+00:00,Mercury Station Direct,medium,planetary_station,swisseph,Rule3: 'Nodes=pressure points' — Mercury turns direct at 228.17° (Scorpio); cycle resumption node
2012-12-15T05:14:26+00:00,Gann 270-Day Cycle from Spring Equinox,high,time_cycle,gann_rules,Rule3: 'Nodes=pressure points' — 270-day cycle completes from Spring Equinox (2012-03-20); 3/4 annual node — final seasonal turn
2012-12-16T05:30:02+00:00,Gann 360-Day Cycle from Winter Solstice,high,time_cycle,gann_rules,Rule3: 'Nodes=pressure points' — 360-day cycle completes from Winter Solstice (2011-12-22); Annual cycle completion — full revolution
2012-12-17T23:08:48+00:00,Gann 180-Day Cycle from Summer Solstice,high,time_cycle,gann_rules,Rule3: 'Nodes=pressure points' — 180-day cycle completes from Summer Solstice (2012-06-20); Half-year reversal node — cycle midpoint
2012-12-21T14:48:59+00:00,Gann 90-Day Cycle from Autumn Equinox,high,time_cycle,gann_rules,Rule3: 'Nodes=pressure points' — 90-day cycle completes from Autumn Equinox (2012-09-22); Quarter-year node — seasonal turn zone
2012-12-23T03:49:54+00:00,Venus–Jupiter opposition,medium,synodic_cycle,swisseph,"Rule4: 'Cycle within cycle' — Venus opposition Jupiter: Venus 248.7°, Jupiter 68.7°; synodic cycle completion node"
2012-12-27T00:00:00+00:00,Gann Square-of-9 (19²=361 days from Jan 1),high,time_cycle,gann_rules,Rule5: 'Square of time' — 19²=361 calendar days from 2012-01-01; reversal zone in Gann Square-of-9 methodology
2012-12-28T11:11:36+00:00,Gann 7-Day Cycle from Winter Solstice,low,time_cycle,gann_rules,Rule3: 'Nodes=pressure points' — 7-day cycle completes from Winter Solstice (2012-12-21); Weekly rhythm node
2013-01-02T00:00:00+00:00,Gann Square-of-9 (1²=1 days from Jan 1),low,time_cycle,gann_rules,Rule5: 'Square of time' — 1²=1 calendar days from 2013-01-01; reversal zone in Gann Square-of-9 methodology
2013-01-04T11:11:36+00:00,Gann 14-Day Cycle from Winter Solstice,low,time_cycle,gann_rules,Rule3: 'Nodes=pressure points' — 14-day cycle completes from Winter Solstice (2012-12-21); 2-week minor node
2013-01-05T00:00:00+00:00,Gann Square-of-9 (2²=4 days from Jan 1),low,time_cycle,gann_rules,Rule5: 'Square of time' — 2²=4 calendar days from 2013-01-01; reversal zone in Gann Square-of-9 methodology
2013-01-10T00:00:00+00:00,Gann Square-of-9 (3²=9 days from Jan 1),low,time_cycle,gann_rules,Rule5: 'Square of time' — 3²=9 calendar days from 2013-01-01; reversal zone in Gann Square-of-9 methodology
2013-01-11T11:11:36+00:00,Gann 21-Day Cycle from Winter Solstice,low,time_cycle,gann_rules,Rule3: 'Nodes=pressure points' — 21-day cycle completes from Winter Solstice (2012-12-21); 3-week minor node
2013-01-16T23:08:48+00:00,Gann 210-Day Cycle from Summer Solstice,low,time_cycle,gann_rules,Rule3: 'Nodes=pressure points' — 210-day cycle completes from Summer Solstice (2012-06-20); 7-month node
2013-01-17T00:00:00+00:00,Gann Square-of-9 (4²=16 days from Jan 1),low,time_cycle,gann_rules,Rule5: 'Square of time' — 4²=16 calendar days from 2013-01-01; reversal zone in Gann Square-of-9 methodology
2013-01-20T11:11:36+00:00,Gann 30-Day Cycle from Winter Solstice,medium,time_cycle,gann_rules,Rule3: 'Nodes=pressure points' — 30-day cycle completes from Winter Solstice (2012-12-21); Monthly node — 1/12 annual cycle
2013-01-20T14:48:59+00:00,Gann 120-Day Cycle from Autumn Equinox,medium,time_cycle,gann_rules,Rule3: 'Nodes=pressure points' — 120-day cycle completes from Autumn Equinox (2012-09-22); 1/3 annual cycle node
2013-01-26T00:00:00+00:00,Gann Square-of-9 (5²=25 days from Jan 1),low,time_cycle,gann_rules,Rule5: 'Square of time' — 5²=25 calendar days from 2013-01-01; reversal zone in Gann Square-of-9 methodology
2013-01-29T05:14:26+00:00,Gann 315-Day Cycle from Spring Equinox,medium,time_cycle,gann_rules,Rule3: 'Nodes=pressure points' — 315-day cycle completes from Spring Equinox (2012-03-20); 7/8 annual node
2013-01-30T11:37:13+00:00,Jupiter Station Direct,medium,planetary_station,swisseph,Rule3: 'Nodes=pressure points' — Jupiter turns direct at 66.33° (Gemini); cycle resumption node
2013-02-04T00:00:00+00:00,Gann Square-of-9 (20²=400 days from Jan 1),low,time_cycle,gann_rules,Rule5: 'Square of time' — 20²=400 calendar days from 2012-01-01; reversal zone in Gann Square-of-9 methodology
2013-02-04T11:11:36+00:00,Gann 45-Day Cycle from Winter Solstice,medium,time_cycle,gann_rules,Rule3: 'Nodes=pressure points' — 45-day cycle completes from Winter Solstice (2012-12-21); 1/8 annual cycle — first seasonal octave
2013-02-06T00:00:00+00:00,Gann Square-of-9 (6²=36 days from Jan 1),low,time_cycle,gann_rules,Rule5: 'Square of time' — 6²=36 calendar days from 2013-01-01; reversal zone in Gann Square-of-9 methodology
2013-02-13T14:48:59+00:00,Gann 144-Day Cycle from Autumn Equinox,high,time_cycle,gann_rules,Rule3: 'Nodes=pressure points' — 144-day cycle completes from Autumn Equinox (2012-09-22); Gann sacred number — inner 144° cycle
2013-02-18T12:00:00+00:00,Gann Pressure Point (3 cycles align),medium,pressure_point,gann_rules,"Rule1:'Time hits node=MOVE' | Rule3:'Nodes=pressure points' | Rule4:'Cycle within cycle' | 3 confluences from [planetary_station, time_cycle] | cycles: Saturn Station Retrograde; Gann 60-Day Cycle from Winter Solstice; Gann Square-of-9 (7²=49 days from Jan 1)"
2013-02-18T17:02:34+00:00,Saturn Station Retrograde,high,planetary_station,swisseph,Rule1: 'Time hits node=MOVE' — Saturn turns retrograde at 221.53° (Scorpio); cycle inversion node
2013-02-19T00:00:00+00:00,Gann Square-of-9 (7²=49 days from Jan 1),low,time_cycle,gann_rules,Rule5: 'Square of time' — 7²=49 calendar days from 2013-01-01; reversal zone in Gann Square-of-9 methodology
2013-02-19T11:11:36+00:00,Gann 60-Day Cycle from Winter Solstice,medium,time_cycle,gann_rules,Rule3: 'Nodes=pressure points' — 60-day cycle completes from Winter Solstice (2012-12-21); 2-month node — 1/6 annual cycle
2013-02-23T09:41:09+00:00,Mercury Station Retrograde,high,planetary_station,swisseph,Rule1: 'Time hits node=MOVE' — Mercury turns retrograde at 349.87° (Pisces); cycle inversion node
2013-03-06T00:00:00+00:00,Gann Square-of-9 (8²=64 days from Jan 1),low,time_cycle,gann_rules,Rule5: 'Square of time' — 8²=64 calendar days from 2013-01-01; reversal zone in Gann Square-of-9 methodology
2013-03-15T05:14:26+00:00,Gann 360-Day Cycle from Spring Equinox,high,time_cycle,gann_rules,Rule3: 'Nodes=pressure points' — 360-day cycle completes from Spring Equinox (2012-03-20); Annual cycle completion — full revolution
2013-03-15T12:00:00+00:00,Gann Pressure Point (3 cycles align),medium,pressure_point,gann_rules,"Rule1:'Time hits node=MOVE' | Rule3:'Nodes=pressure points' | Rule4:'Cycle within cycle' | 3 confluences from [planetary_station, time_cycle] | cycles: Gann 270-Day Cycle from Summer Solstice; Mercury Station Direct; Gann 360-Day Cycle from Spring Equinox"
2013-03-17T20:02:56+00:00,Mercury Station Direct,medium,planetary_station,swisseph,Rule3: 'Nodes=pressure points' — Mercury turns direct at 335.63° (Pisces); cycle resumption node
2013-03-17T23:08:48+00:00,Gann 270-Day Cycle from Summer Solstice,high,time_cycle,gann_rules,Rule3: 'Nodes=pressure points' — 270-day cycle completes from Summer Solstice (2012-06-20); 3/4 annual node — final seasonal turn
2013-03-21T11:11:36+00:00,Gann 90-Day Cycle from Winter Solstice,high,time_cycle,gann_rules,Rule3: 'Nodes=pressure points' — 90-day cycle completes from Winter Solstice (2012-12-21); Quarter-year node — seasonal turn zone
2013-03-21T14:48:59+00:00,Gann 180-Day Cycle from Autumn Equinox,high,time_cycle,gann_rules,Rule3: 'Nodes=pressure points' — 180-day cycle completes from Autumn Equinox (2012-09-22); Half-year reversal node — cycle midpoint
2013-03-23T00:00:00+00:00,Gann Square-of-9 (9²=81 days from Jan 1),medium,time_cycle,gann_rules,Rule5: 'Square of time' — 9²=81 calendar days from 2013-01-01; reversal zone in Gann Square-of-9 methodology
2013-03-27T11:01:55+00:00,Gann 7-Day Cycle from Spring Equinox,low,time_cycle,gann_rules,Rule3: 'Nodes=pressure points' — 7-day cycle completes from Spring Equinox (2013-03-20); Weekly rhythm node
2013-04-03T11:01:55+00:00,Gann 14-Day Cycle from Spring Equinox,low,time_cycle,gann_rules,Rule3: 'Nodes=pressure points' — 14-day cycle completes from Spring Equinox (2013-03-20); 2-week minor node
2013-04-10T11:01:55+00:00,Gann 21-Day Cycle from Spring Equinox,low,time_cycle,gann_rules,Rule3: 'Nodes=pressure points' — 21-day cycle completes from Spring Equinox (2013-03-20); 3-week minor node
2013-04-11T00:00:00+00:00,Gann Square-of-9 (10²=100 days from Jan 1),medium,time_cycle,gann_rules,Rule5: 'Square of time' — 10²=100 calendar days from 2013-01-01; reversal zone in Gann Square-of-9 methodology
2013-04-19T11:01:55+00:00,Gann 30-Day Cycle from Spring Equinox,medium,time_cycle,gann_rules,Rule3: 'Nodes=pressure points' — 30-day cycle completes from Spring Equinox (2013-03-20); Monthly node — 1/12 annual cycle
2013-04-20T11:11:36+00:00,Gann 120-Day Cycle from Winter Solstice,medium,time_cycle,gann_rules,Rule3: 'Nodes=pressure points' — 120-day cycle completes from Winter Solstice (2012-12-21); 1/3 annual cycle node
2013-04-20T14:48:59+00:00,Gann 210-Day Cycle from Autumn Equinox,low,time_cycle,gann_rules,Rule3: 'Nodes=pressure points' — 210-day cycle completes from Autumn Equinox (2012-09-22); 7-month node
2013-05-01T23:08:48+00:00,Gann 315-Day Cycle from Summer Solstice,medium,time_cycle,gann_rules,Rule3: 'Nodes=pressure points' — 315-day cycle completes from Summer Solstice (2012-06-20); 7/8 annual node
2013-05-02T00:00:00+00:00,Gann Square-of-9 (11²=121 days from Jan 1),medium,time_cycle,gann_rules,Rule5: 'Square of time' — 11²=121 calendar days from 2013-01-01; reversal zone in Gann Square-of-9 methodology
2013-05-04T11:01:55+00:00,Gann 45-Day Cycle from Spring Equinox,medium,time_cycle,gann_rules,Rule3: 'Nodes=pressure points' — 45-day cycle completes from Spring Equinox (2013-03-20); 1/8 annual cycle — first seasonal octave
2013-05-14T11:11:36+00:00,Gann 144-Day Cycle from Winter Solstice,high,time_cycle,gann_rules,Rule3: 'Nodes=pressure points' — 144-day cycle completes from Winter Solstice (2012-12-21); Gann sacred number — inner 144° cycle
2013-05-19T11:01:55+00:00,Gann 60-Day Cycle from Spring Equinox,medium,time_cycle,gann_rules,Rule3: 'Nodes=pressure points' — 60-day cycle completes from Spring Equinox (2013-03-20); 2-month node — 1/6 annual cycle
2013-05-25T00:00:00+00:00,Gann Square-of-9 (12²=144 days from Jan 1),high,time_cycle,gann_rules,Rule5: 'Square of time' — 12²=144 calendar days from 2013-01-01; reversal zone in Gann Square-of-9 methodology
2013-05-28T19:28:53+00:00,Venus–Jupiter conjunction,medium,synodic_cycle,swisseph,"Rule4: 'Cycle within cycle' — Venus conjunction Jupiter: Venus 83.5°, Jupiter 83.5°; synodic cycle completion node"
2013-06-15T23:08:48+00:00,Gann 360-Day Cycle from Summer Solstice,high,time_cycle,gann_rules,Rule3: 'Nodes=pressure points' — 360-day cycle completes from Summer Solstice (2012-06-20); Annual cycle completion — full revolution
2013-06-18T11:01:55+00:00,Gann 90-Day Cycle from Spring Equinox,high,time_cycle,gann_rules,Rule3: 'Nodes=pressure points' — 90-day cycle completes from Spring Equinox (2013-03-20); Quarter-year node — seasonal turn zone
2013-06-19T00:00:00+00:00,Gann Square-of-9 (13²=169 days from Jan 1),low,time_cycle,gann_rules,Rule5: 'Square of time' — 13²=169 calendar days from 2013-01-01; reversal zone in Gann Square-of-9 methodology
2013-06-19T11:11:36+00:00,Gann 180-Day Cycle from Winter Solstice,high,time_cycle,gann_rules,Rule3: 'Nodes=pressure points' — 180-day cycle completes from Winter Solstice (2012-12-21); Half-year reversal node — cycle midpoint
2013-06-19T14:48:59+00:00,Gann 270-Day Cycle from Autumn Equinox,high,time_cycle,gann_rules,Rule3: 'Nodes=pressure points' — 270-day cycle completes from Autumn Equinox (2012-09-22); 3/4 annual node — final seasonal turn
2013-06-26T13:07:39+00:00,Mercury Station Retrograde,high,planetary_station,swisseph,Rule1: 'Time hits node=MOVE' — Mercury turns retrograde at 113.11° (Cancer); cycle inversion node
2013-06-28T05:03:58+00:00,Gann 7-Day Cycle from Summer Solstice,low,time_cycle,gann_rules,Rule3: 'Nodes=pressure points' — 7-day cycle completes from Summer Solstice (2013-06-21); Weekly rhythm node
2013-07-05T05:03:58+00:00,Gann 14-Day Cycle from Summer Solstice,low,time_cycle,gann_rules,Rule3: 'Nodes=pressure points' — 14-day cycle completes from Summer Solstice (2013-06-21); 2-week minor node
2013-07-08T05:11:53+00:00,Saturn Station Direct,medium,planetary_station,swisseph,Rule3: 'Nodes=pressure points' — Saturn turns direct at 214.82° (Scorpio); cycle resumption node
2013-07-12T05:03:58+00:00,Gann 21-Day Cycle from Summer Solstice,low,time_cycle,gann_rules,Rule3: 'Nodes=pressure points' — 21-day cycle completes from Summer Solstice (2013-06-21); 3-week minor node
2013-07-16T00:00:00+00:00,Gann Square-of-9 (14²=196 days from Jan 1),medium,time_cycle,gann_rules,Rule5: 'Square of time' — 14²=196 calendar days from 2013-01-01; reversal zone in Gann Square-of-9 methodology
2013-07-18T11:01:55+00:00,Gann 120-Day Cycle from Spring Equinox,medium,time_cycle,gann_rules,Rule3: 'Nodes=pressure points' — 120-day cycle completes from Spring Equinox (2013-03-20); 1/3 annual cycle node
2013-07-18T12:00:00+00:00,Gann Pressure Point (4 cycles align),medium,pressure_point,gann_rules,"Rule1:'Time hits node=MOVE' | Rule3:'Nodes=pressure points' | Rule4:'Cycle within cycle' | 4 confluences from [planetary_station, time_cycle] | cycles: Gann Square-of-9 (14²=196 days from Jan 1); Gann 120-Day Cycle from Spring Equinox; Mercury Station Direct; Gann 210-Day Cycle from Winter Solstice"
2013-07-19T11:11:36+00:00,Gann 210-Day Cycle from Winter Solstice,low,time_cycle,gann_rules,Rule3: 'Nodes=pressure points' — 210-day cycle completes from Winter Solstice (2012-12-21); 7-month node
2013-07-20T18:22:09+00:00,Mercury Station Direct,medium,planetary_station,swisseph,Rule3: 'Nodes=pressure points' — Mercury turns direct at 103.36° (Cancer); cycle resumption node
2013-07-21T05:03:58+00:00,Gann 30-Day Cycle from Summer Solstice,medium,time_cycle,gann_rules,Rule3: 'Nodes=pressure points' — 30-day cycle completes from Summer Solstice (2013-06-21); Monthly node — 1/12 annual cycle
2013-08-03T14:48:59+00:00,Gann 315-Day Cycle from Autumn Equinox,medium,time_cycle,gann_rules,Rule3: 'Nodes=pressure points' — 315-day cycle completes from Autumn Equinox (2012-09-22); 7/8 annual node
2013-08-05T05:03:58+00:00,Gann 45-Day Cycle from Summer Solstice,medium,time_cycle,gann_rules,Rule3: 'Nodes=pressure points' — 45-day cycle completes from Summer Solstice (2013-06-21); 1/8 annual cycle — first seasonal octave
2013-08-11T11:01:55+00:00,Gann 144-Day Cycle from Spring Equinox,high,time_cycle,gann_rules,Rule3: 'Nodes=pressure points' — 144-day cycle completes from Spring Equinox (2013-03-20); Gann sacred number — inner 144° cycle
2013-08-14T00:00:00+00:00,Gann Square-of-9 (15²=225 days from Jan 1),high,time_cycle,gann_rules,Rule5: 'Square of time' — 15²=225 calendar days from 2013-01-01; reversal zone in Gann Square-of-9 methodology
2013-08-20T05:03:58+00:00,Gann 60-Day Cycle from Summer Solstice,medium,time_cycle,gann_rules,Rule3: 'Nodes=pressure points' — 60-day cycle completes from Summer Solstice (2013-06-21); 2-month node — 1/6 annual cycle
2013-09-14T00:00:00+00:00,Gann Square-of-9 (16²=256 days from Jan 1),low,time_cycle,gann_rules,Rule5: 'Square of time' — 16²=256 calendar days from 2013-01-01; reversal zone in Gann Square-of-9 methodology
2013-09-16T11:01:55+00:00,Gann 180-Day Cycle from Spring Equinox,high,time_cycle,gann_rules,Rule3: 'Nodes=pressure points' — 180-day cycle completes from Spring Equinox (2013-03-20); Half-year reversal node — cycle midpoint
2013-09-17T11:11:36+00:00,Gann 270-Day Cycle from Winter Solstice,high,time_cycle,gann_rules,Rule3: 'Nodes=pressure points' — 270-day cycle completes from Winter Solstice (2012-12-21); 3/4 annual node — final seasonal turn
2013-09-17T14:48:59+00:00,Gann 360-Day Cycle from Autumn Equinox,high,time_cycle,gann_rules,Rule3: 'Nodes=pressure points' — 360-day cycle completes from Autumn Equinox (2012-09-22); Annual cycle completion — full revolution
2013-09-19T05:03:58+00:00,Gann 90-Day Cycle from Summer Solstice,high,time_cycle,gann_rules,Rule3: 'Nodes=pressure points' — 90-day cycle completes from Summer Solstice (2013-06-21); Quarter-year node — seasonal turn zone
2013-09-29T20:44:08+00:00,Gann 7-Day Cycle from Autumn Equinox,low,time_cycle,gann_rules,Rule3: 'Nodes=pressure points' — 7-day cycle completes from Autumn Equinox (2013-09-22); Weekly rhythm node
2013-10-06T20:44:08+00:00,Gann 14-Day Cycle from Autumn Equinox,low,time_cycle,gann_rules,Rule3: 'Nodes=pressure points' — 14-day cycle completes from Autumn Equinox (2013-09-22); 2-week minor node
2013-10-13T20:44:08+00:00,Gann 21-Day Cycle from Autumn Equinox,low,time_cycle,gann_rules,Rule3: 'Nodes=pressure points' — 21-day cycle completes from Autumn Equinox (2013-09-22); 3-week minor node
2013-10-16T11:01:55+00:00,Gann 210-Day Cycle from Spring Equinox,low,time_cycle,gann_rules,Rule3: 'Nodes=pressure points' — 210-day cycle completes from Spring Equinox (2013-03-20); 7-month node
2013-10-17T00:00:00+00:00,Gann Square-of-9 (17²=289 days from Jan 1),high,time_cycle,gann_rules,Rule5: 'Square of time' — 17²=289 calendar days from 2013-01-01; reversal zone in Gann Square-of-9 methodology
2013-10-19T05:03:58+00:00,Gann 120-Day Cycle from Summer Solstice,medium,time_cycle,gann_rules,Rule3: 'Nodes=pressure points' — 120-day cycle completes from Summer Solstice (2013-06-21); 1/3 annual cycle node
2013-10-19T12:00:00+00:00,Gann Pressure Point (3 cycles align),medium,pressure_point,gann_rules,"Rule1:'Time hits node=MOVE' | Rule3:'Nodes=pressure points' | Rule4:'Cycle within cycle' | 3 confluences from [planetary_station, time_cycle] | cycles: Gann Square-of-9 (17²=289 days from Jan 1); Mercury Station Retrograde; Gann 120-Day Cycle from Summer Solstice"
2013-10-21T10:28:50+00:00,Mercury Station Retrograde,high,planetary_station,swisseph,Rule1: 'Time hits node=MOVE' — Mercury turns retrograde at 228.39° (Scorpio); cycle inversion node
2013-10-22T20:44:08+00:00,Gann 30-Day Cycle from Autumn Equinox,medium,time_cycle,gann_rules,Rule3: 'Nodes=pressure points' — 30-day cycle completes from Autumn Equinox (2013-09-22); Monthly node — 1/12 annual cycle
2013-11-01T11:11:36+00:00,Gann 315-Day Cycle from Winter Solstice,medium,time_cycle,gann_rules,Rule3: 'Nodes=pressure points' — 315-day cycle completes from Winter Solstice (2012-12-21); 7/8 annual node
2013-11-06T20:44:08+00:00,Gann 45-Day Cycle from Autumn Equinox,medium,time_cycle,gann_rules,Rule3: 'Nodes=pressure points' — 45-day cycle completes from Autumn Equinox (2013-09-22); 1/8 annual cycle — first seasonal octave
2013-11-07T05:03:13+00:00,Jupiter Station Retrograde,high,planetary_station,swisseph,Rule1: 'Time hits node=MOVE' — Jupiter turns retrograde at 110.51° (Cancer); cycle inversion node
2013-11-10T21:11:56+00:00,Mercury Station Direct,medium,planetary_station,swisseph,Rule3: 'Nodes=pressure points' — Mercury turns direct at 212.49° (Scorpio); cycle resumption node
2013-11-12T05:03:58+00:00,Gann 144-Day Cycle from Summer Solstice,high,time_cycle,gann_rules,Rule3: 'Nodes=pressure points' — 144-day cycle completes from Summer Solstice (2013-06-21); Gann sacred number — inner 144° cycle
2013-11-21T00:00:00+00:00,Gann Square-of-9 (18²=324 days from Jan 1),low,time_cycle,gann_rules,Rule5: 'Square of time' — 18²=324 calendar days from 2013-01-01; reversal zone in Gann Square-of-9 methodology
2013-11-21T20:44:08+00:00,Gann 60-Day Cycle from Autumn Equinox,medium,time_cycle,gann_rules,Rule3: 'Nodes=pressure points' — 60-day cycle completes from Autumn Equinox (2013-09-22); 2-month node — 1/6 annual cycle
2013-11-28T12:00:30+00:00,Venus–Jupiter opposition,medium,synodic_cycle,swisseph,"Rule4: 'Cycle within cycle' — Venus opposition Jupiter: Venus 289.8°, Jupiter 109.8°; synodic cycle completion node"
2013-12-15T11:01:55+00:00,Gann 270-Day Cycle from Spring Equinox,high,time_cycle,gann_rules,Rule3: 'Nodes=pressure points' — 270-day cycle completes from Spring Equinox (2013-03-20); 3/4 annual node — final seasonal turn
2013-12-16T11:11:36+00:00,Gann 360-Day Cycle from Winter Solstice,high,time_cycle,gann_rules,Rule3: 'Nodes=pressure points' — 360-day cycle completes from Winter Solstice (2012-12-21); Annual cycle completion — full revolution
2013-12-18T05:03:58+00:00,Gann 180-Day Cycle from Summer Solstice,high,time_cycle,gann_rules,Rule3: 'Nodes=pressure points' — 180-day cycle completes from Summer Solstice (2013-06-21); Half-year reversal node — cycle midpoint
2013-12-21T20:44:08+00:00,Gann 90-Day Cycle from Autumn Equinox,high,time_cycle,gann_rules,Rule3: 'Nodes=pressure points' — 90-day cycle completes from Autumn Equinox (2013-09-22); Quarter-year node — seasonal turn zone
2013-12-21T21:53:14+00:00,Venus Station Retrograde,high,planetary_station,swisseph,Rule1: 'Time hits node=MOVE' — Venus turns retrograde at 298.98° (Capricorn); cycle inversion node
2013-12-28T00:00:00+00:00,Gann Square-of-9 (19²=361 days from Jan 1),high,time_cycle,gann_rules,Rule5: 'Square of time' — 19²=361 calendar days from 2013-01-01; reversal zone in Gann Square-of-9 methodology
2013-12-28T17:11:01+00:00,Gann 7-Day Cycle from Winter Solstice,low,time_cycle,gann_rules,Rule3: 'Nodes=pressure points' — 7-day cycle completes from Winter Solstice (2013-12-21); Weekly rhythm node
2014-01-02T00:00:00+00:00,Gann Square-of-9 (1²=1 days from Jan 1),low,time_cycle,gann_rules,Rule5: 'Square of time' — 1²=1 calendar days from 2014-01-01; reversal zone in Gann Square-of-9 methodology
2014-01-04T17:11:01+00:00,Gann 14-Day Cycle from Winter Solstice,low,time_cycle,gann_rules,Rule3: 'Nodes=pressure points' — 14-day cycle completes from Winter Solstice (2013-12-21); 2-week minor node
2014-01-05T00:00:00+00:00,Gann Square-of-9 (2²=4 days from Jan 1),low,time_cycle,gann_rules,Rule5: 'Square of time' — 2²=4 calendar days from 2014-01-01; reversal zone in Gann Square-of-9 methodology
2014-01-10T00:00:00+00:00,Gann Square-of-9 (3²=9 days from Jan 1),low,time_cycle,gann_rules,Rule5: 'Square of time' — 3²=9 calendar days from 2014-01-01; reversal zone in Gann Square-of-9 methodology
2014-01-11T17:11:01+00:00,Gann 21-Day Cycle from Winter Solstice,low,time_cycle,gann_rules,Rule3: 'Nodes=pressure points' — 21-day cycle completes from Winter Solstice (2013-12-21); 3-week minor node
2014-01-17T00:00:00+00:00,Gann Square-of-9 (4²=16 days from Jan 1),low,time_cycle,gann_rules,Rule5: 'Square of time' — 4²=16 calendar days from 2014-01-01; reversal zone in Gann Square-of-9 methodology
2014-01-17T05:03:58+00:00,Gann 210-Day Cycle from Summer Solstice,low,time_cycle,gann_rules,Rule3: 'Nodes=pressure points' — 210-day cycle completes from Summer Solstice (2013-06-21); 7-month node
2014-01-20T17:11:01+00:00,Gann 30-Day Cycle from Winter Solstice,medium,time_cycle,gann_rules,Rule3: 'Nodes=pressure points' — 30-day cycle completes from Winter Solstice (2013-12-21); Monthly node — 1/12 annual cycle
2014-01-20T20:44:08+00:00,Gann 120-Day Cycle from Autumn Equinox,medium,time_cycle,gann_rules,Rule3: 'Nodes=pressure points' — 120-day cycle completes from Autumn Equinox (2013-09-22); 1/3 annual cycle node
2014-01-26T00:00:00+00:00,Gann Square-of-9 (5²=25 days from Jan 1),low,time_cycle,gann_rules,Rule5: 'Square of time' — 5²=25 calendar days from 2014-01-01; reversal zone in Gann Square-of-9 methodology
2014-01-29T11:01:55+00:00,Gann 315-Day Cycle from Spring Equinox,medium,time_cycle,gann_rules,Rule3: 'Nodes=pressure points' — 315-day cycle completes from Spring Equinox (2013-03-20); 7/8 annual node
2014-01-31T20:48:52+00:00,Venus Station Direct,medium,planetary_station,swisseph,Rule3: 'Nodes=pressure points' — Venus turns direct at 283.56° (Capricorn); cycle resumption node
2014-02-04T12:00:00+00:00,Gann Pressure Point (4 cycles align),medium,pressure_point,gann_rules,"Rule1:'Time hits node=MOVE' | Rule3:'Nodes=pressure points' | Rule4:'Cycle within cycle' | 4 confluences from [planetary_station, time_cycle] | cycles: Mercury Station Retrograde; Gann Square-of-9 (20²=400 days from Jan 1); Gann 45-Day Cycle from Winter Solstice; Gann Square-of-9 (6²=36 days from Jan 1)"
2014-02-04T17:11:01+00:00,Gann 45-Day Cycle from Winter Solstice,medium,time_cycle,gann_rules,Rule3: 'Nodes=pressure points' — 45-day cycle completes from Winter Solstice (2013-12-21); 1/8 annual cycle — first seasonal octave
2014-02-05T00:00:00+00:00,Gann Square-of-9 (20²=400 days from Jan 1),low,time_cycle,gann_rules,Rule5: 'Square of time' — 20²=400 calendar days from 2013-01-01; reversal zone in Gann Square-of-9 methodology
2014-02-06T00:00:00+00:00,Gann Square-of-9 (6²=36 days from Jan 1),low,time_cycle,gann_rules,Rule5: 'Square of time' — 6²=36 calendar days from 2014-01-01; reversal zone in Gann Square-of-9 methodology
2014-02-06T21:43:25+00:00,Mercury Station Retrograde,high,planetary_station,swisseph,Rule1: 'Time hits node=MOVE' — Mercury turns retrograde at 333.34° (Pisces); cycle inversion node
2014-02-13T20:44:08+00:00,Gann 144-Day Cycle from Autumn Equinox,high,time_cycle,gann_rules,Rule3: 'Nodes=pressure points' — 144-day cycle completes from Autumn Equinox (2013-09-22); Gann sacred number — inner 144° cycle
2014-02-19T00:00:00+00:00,Gann Square-of-9 (7²=49 days from Jan 1),low,time_cycle,gann_rules,Rule5: 'Square of time' — 7²=49 calendar days from 2014-01-01; reversal zone in Gann Square-of-9 methodology
2014-02-19T17:11:01+00:00,Gann 60-Day Cycle from Winter Solstice,medium,time_cycle,gann_rules,Rule3: 'Nodes=pressure points' — 60-day cycle completes from Winter Solstice (2013-12-21); 2-month node — 1/6 annual cycle
2014-02-28T14:00:14+00:00,Mercury Station Direct,medium,planetary_station,swisseph,Rule3: 'Nodes=pressure points' — Mercury turns direct at 318.16° (Aquarius); cycle resumption node
2014-03-01T16:23:32+00:00,Mars Station Retrograde,high,planetary_station,swisseph,Rule1: 'Time hits node=MOVE' — Mars turns retrograde at 207.53° (Libra); cycle inversion node
2014-03-02T16:18:51+00:00,Saturn Station Retrograde,high,planetary_station,swisseph,Rule1: 'Time hits node=MOVE' — Saturn turns retrograde at 233.32° (Scorpio); cycle inversion node
2014-03-06T00:00:00+00:00,Gann Square-of-9 (8²=64 days from Jan 1),low,time_cycle,gann_rules,Rule5: 'Square of time' — 8²=64 calendar days from 2014-01-01; reversal zone in Gann Square-of-9 methodology
2014-03-06T10:42:06+00:00,Jupiter Station Direct,medium,planetary_station,swisseph,Rule3: 'Nodes=pressure points' — Jupiter turns direct at 100.44° (Cancer); cycle resumption node
2014-03-15T11:01:55+00:00,Gann 360-Day Cycle from Spring Equinox,high,time_cycle,gann_rules,Rule3: 'Nodes=pressure points' — 360-day cycle completes from Spring Equinox (2013-03-20); Annual cycle completion — full revolution
2014-03-18T05:03:58+00:00,Gann 270-Day Cycle from Summer Solstice,high,time_cycle,gann_rules,Rule3: 'Nodes=pressure points' — 270-day cycle completes from Summer Solstice (2013-06-21); 3/4 annual node — final seasonal turn
2014-03-21T17:11:01+00:00,Gann 90-Day Cycle from Winter Solstice,high,time_cycle,gann_rules,Rule3: 'Nodes=pressure points' — 90-day cycle completes from Winter Solstice (2013-12-21); Quarter-year node — seasonal turn zone
2014-03-21T20:44:08+00:00,Gann 180-Day Cycle from Autumn Equinox,high,time_cycle,gann_rules,Rule3: 'Nodes=pressure points' — 180-day cycle completes from Autumn Equinox (2013-09-22); Half-year reversal node — cycle midpoint
2014-03-23T00:00:00+00:00,Gann Square-of-9 (9²=81 days from Jan 1),medium,time_cycle,gann_rules,Rule5: 'Square of time' — 9²=81 calendar days from 2014-01-01; reversal zone in Gann Square-of-9 methodology
2014-03-27T16:57:05+00:00,Gann 7-Day Cycle from Spring Equinox,low,time_cycle,gann_rules,Rule3: 'Nodes=pressure points' — 7-day cycle completes from Spring Equinox (2014-03-20); Weekly rhythm node
2014-04-03T16:57:05+00:00,Gann 14-Day Cycle from Spring Equinox,low,time_cycle,gann_rules,Rule3: 'Nodes=pressure points' — 14-day cycle completes from Spring Equinox (2014-03-20); 2-week minor node
2014-04-10T16:57:05+00:00,Gann 21-Day Cycle from Spring Equinox,low,time_cycle,gann_rules,Rule3: 'Nodes=pressure points' — 21-day cycle completes from Spring Equinox (2014-03-20); 3-week minor node
2014-04-11T00:00:00+00:00,Gann Square-of-9 (10²=100 days from Jan 1),medium,time_cycle,gann_rules,Rule5: 'Square of time' — 10²=100 calendar days from 2014-01-01; reversal zone in Gann Square-of-9 methodology
2014-04-19T16:57:05+00:00,Gann 30-Day Cycle from Spring Equinox,medium,time_cycle,gann_rules,Rule3: 'Nodes=pressure points' — 30-day cycle completes from Spring Equinox (2014-03-20); Monthly node — 1/12 annual cycle
2014-04-20T17:11:01+00:00,Gann 120-Day Cycle from Winter Solstice,medium,time_cycle,gann_rules,Rule3: 'Nodes=pressure points' — 120-day cycle completes from Winter Solstice (2013-12-21); 1/3 annual cycle node
2014-04-20T20:44:08+00:00,Gann 210-Day Cycle from Autumn Equinox,low,time_cycle,gann_rules,Rule3: 'Nodes=pressure points' — 210-day cycle completes from Autumn Equinox (2013-09-22); 7-month node
2014-05-02T00:00:00+00:00,Gann Square-of-9 (11²=121 days from Jan 1),medium,time_cycle,gann_rules,Rule5: 'Square of time' — 11²=121 calendar days from 2014-01-01; reversal zone in Gann Square-of-9 methodology
2014-05-02T05:03:58+00:00,Gann 315-Day Cycle from Summer Solstice,medium,time_cycle,gann_rules,Rule3: 'Nodes=pressure points' — 315-day cycle completes from Summer Solstice (2013-06-21); 7/8 annual node
2014-05-04T16:57:05+00:00,Gann 45-Day Cycle from Spring Equinox,medium,time_cycle,gann_rules,Rule3: 'Nodes=pressure points' — 45-day cycle completes from Spring Equinox (2014-03-20); 1/8 annual cycle — first seasonal octave
2014-05-14T17:11:01+00:00,Gann 144-Day Cycle from Winter Solstice,high,time_cycle,gann_rules,Rule3: 'Nodes=pressure points' — 144-day cycle completes from Winter Solstice (2013-12-21); Gann sacred number — inner 144° cycle
2014-05-19T16:57:05+00:00,Gann 60-Day Cycle from Spring Equinox,medium,time_cycle,gann_rules,Rule3: 'Nodes=pressure points' — 60-day cycle completes from Spring Equinox (2014-03-20); 2-month node — 1/6 annual cycle
2014-05-20T01:31:20+00:00,Mars Station Direct,medium,planetary_station,swisseph,Rule3: 'Nodes=pressure points' — Mars turns direct at 189.03° (Libra); cycle resumption node
2014-05-25T00:00:00+00:00,Gann Square-of-9 (12²=144 days from Jan 1),high,time_cycle,gann_rules,Rule5: 'Square of time' — 12²=144 calendar days from 2014-01-01; reversal zone in Gann Square-of-9 methodology
2014-06-07T11:56:32+00:00,Mercury Station Retrograde,high,planetary_station,swisseph,Rule1: 'Time hits node=MOVE' — Mercury turns retrograde at 93.17° (Cancer); cycle inversion node
2014-06-16T05:03:58+00:00,Gann 360-Day Cycle from Summer Solstice,high,time_cycle,gann_rules,Rule3: 'Nodes=pressure points' — 360-day cycle completes from Summer Solstice (2013-06-21); Annual cycle completion — full revolution
2014-06-18T16:57:05+00:00,Gann 90-Day Cycle from Spring Equinox,high,time_cycle,gann_rules,Rule3: 'Nodes=pressure points' — 90-day cycle completes from Spring Equinox (2014-03-20); Quarter-year node — seasonal turn zone
2014-06-19T00:00:00+00:00,Gann Square-of-9 (13²=169 days from Jan 1),low,time_cycle,gann_rules,Rule5: 'Square of time' — 13²=169 calendar days from 2014-01-01; reversal zone in Gann Square-of-9 methodology
2014-06-19T17:11:01+00:00,Gann 180-Day Cycle from Winter Solstice,high,time_cycle,gann_rules,Rule3: 'Nodes=pressure points' — 180-day cycle completes from Winter Solstice (2013-12-21); Half-year reversal node — cycle midpoint
2014-06-19T20:44:08+00:00,Gann 270-Day Cycle from Autumn Equinox,high,time_cycle,gann_rules,Rule3: 'Nodes=pressure points' — 270-day cycle completes from Autumn Equinox (2013-09-22); 3/4 annual node — final seasonal turn
2014-06-28T10:51:14+00:00,Gann 7-Day Cycle from Summer Solstice,low,time_cycle,gann_rules,Rule3: 'Nodes=pressure points' — 7-day cycle completes from Summer Solstice (2014-06-21); Weekly rhythm node
2014-07-01T12:49:57+00:00,Mercury Station Direct,medium,planetary_station,swisseph,Rule3: 'Nodes=pressure points' — Mercury turns direct at 84.38° (Gemini); cycle resumption node
2014-07-05T10:51:14+00:00,Gann 14-Day Cycle from Summer Solstice,low,time_cycle,gann_rules,Rule3: 'Nodes=pressure points' — 14-day cycle completes from Summer Solstice (2014-06-21); 2-week minor node
2014-07-12T10:51:14+00:00,Gann 21-Day Cycle from Summer Solstice,low,time_cycle,gann_rules,Rule3: 'Nodes=pressure points' — 21-day cycle completes from Summer Solstice (2014-06-21); 3-week minor node
2014-07-16T00:00:00+00:00,Gann Square-of-9 (14²=196 days from Jan 1),medium,time_cycle,gann_rules,Rule5: 'Square of time' — 14²=196 calendar days from 2014-01-01; reversal zone in Gann Square-of-9 methodology
2014-07-18T12:00:00+00:00,Gann Pressure Point (4 cycles align),medium,pressure_point,gann_rules,"Rule1:'Time hits node=MOVE' | Rule3:'Nodes=pressure points' | Rule4:'Cycle within cycle' | 4 confluences from [planetary_station, time_cycle] | cycles: Gann Square-of-9 (14²=196 days from Jan 1); Gann 120-Day Cycle from Spring Equinox; Saturn Station Direct; Gann 210-Day Cycle from Winter Solstice"
2014-07-18T16:57:05+00:00,Gann 120-Day Cycle from Spring Equinox,medium,time_cycle,gann_rules,Rule3: 'Nodes=pressure points' — 120-day cycle completes from Spring Equinox (2014-03-20); 1/3 annual cycle node
2014-07-19T17:11:01+00:00,Gann 210-Day Cycle from Winter Solstice,low,time_cycle,gann_rules,Rule3: 'Nodes=pressure points' — 210-day cycle completes from Winter Solstice (2013-12-21); 7-month node
2014-07-20T20:35:11+00:00,Saturn Station Direct,medium,planetary_station,swisseph,Rule3: 'Nodes=pressure points' — Saturn turns direct at 226.64° (Scorpio); cycle resumption node
2014-07-21T10:51:14+00:00,Gann 30-Day Cycle from Summer Solstice,medium,time_cycle,gann_rules,Rule3: 'Nodes=pressure points' — 30-day cycle completes from Summer Solstice (2014-06-21); Monthly node — 1/12 annual cycle
2014-08-03T20:44:08+00:00,Gann 315-Day Cycle from Autumn Equinox,medium,time_cycle,gann_rules,Rule3: 'Nodes=pressure points' — 315-day cycle completes from Autumn Equinox (2013-09-22); 7/8 annual node
2014-08-05T10:51:14+00:00,Gann 45-Day Cycle from Summer Solstice,medium,time_cycle,gann_rules,Rule3: 'Nodes=pressure points' — 45-day cycle completes from Summer Solstice (2014-06-21); 1/8 annual cycle — first seasonal octave
2014-08-11T16:57:05+00:00,Gann 144-Day Cycle from Spring Equinox,high,time_cycle,gann_rules,Rule3: 'Nodes=pressure points' — 144-day cycle completes from Spring Equinox (2014-03-20); Gann sacred number — inner 144° cycle
2014-08-14T00:00:00+00:00,Gann Square-of-9 (15²=225 days from Jan 1),high,time_cycle,gann_rules,Rule5: 'Square of time' — 15²=225 calendar days from 2014-01-01; reversal zone in Gann Square-of-9 methodology
2014-08-18T05:21:17+00:00,Venus–Jupiter conjunction,medium,synodic_cycle,swisseph,"Rule4: 'Cycle within cycle' — Venus conjunction Jupiter: Venus 127.2°, Jupiter 127.2°; synodic cycle completion node"
2014-08-20T10:51:14+00:00,Gann 60-Day Cycle from Summer Solstice,medium,time_cycle,gann_rules,Rule3: 'Nodes=pressure points' — 60-day cycle completes from Summer Solstice (2014-06-21); 2-month node — 1/6 annual cycle
2014-09-14T00:00:00+00:00,Gann Square-of-9 (16²=256 days from Jan 1),low,time_cycle,gann_rules,Rule5: 'Square of time' — 16²=256 calendar days from 2014-01-01; reversal zone in Gann Square-of-9 methodology
2014-09-16T16:57:05+00:00,Gann 180-Day Cycle from Spring Equinox,high,time_cycle,gann_rules,Rule3: 'Nodes=pressure points' — 180-day cycle completes from Spring Equinox (2014-03-20); Half-year reversal node — cycle midpoint
2014-09-17T17:11:01+00:00,Gann 270-Day Cycle from Winter Solstice,high,time_cycle,gann_rules,Rule3: 'Nodes=pressure points' — 270-day cycle completes from Winter Solstice (2013-12-21); 3/4 annual node — final seasonal turn
2014-09-17T20:44:08+00:00,Gann 360-Day Cycle from Autumn Equinox,high,time_cycle,gann_rules,Rule3: 'Nodes=pressure points' — 360-day cycle completes from Autumn Equinox (2013-09-22); Annual cycle completion — full revolution
2014-09-19T10:51:14+00:00,Gann 90-Day Cycle from Summer Solstice,high,time_cycle,gann_rules,Rule3: 'Nodes=pressure points' — 90-day cycle completes from Summer Solstice (2014-06-21); Quarter-year node — seasonal turn zone
2014-09-30T02:29:05+00:00,Gann 7-Day Cycle from Autumn Equinox,low,time_cycle,gann_rules,Rule3: 'Nodes=pressure points' — 7-day cycle completes from Autumn Equinox (2014-09-23); Weekly rhythm node
2014-10-04T17:02:20+00:00,Mercury Station Retrograde,high,planetary_station,swisseph,Rule1: 'Time hits node=MOVE' — Mercury turns retrograde at 212.31° (Scorpio); cycle inversion node
2014-10-07T02:29:05+00:00,Gann 14-Day Cycle from Autumn Equinox,low,time_cycle,gann_rules,Rule3: 'Nodes=pressure points' — 14-day cycle completes from Autumn Equinox (2014-09-23); 2-week minor node
2014-10-14T02:29:05+00:00,Gann 21-Day Cycle from Autumn Equinox,low,time_cycle,gann_rules,Rule3: 'Nodes=pressure points' — 21-day cycle completes from Autumn Equinox (2014-09-23); 3-week minor node
2014-10-16T16:57:05+00:00,Gann 210-Day Cycle from Spring Equinox,low,time_cycle,gann_rules,Rule3: 'Nodes=pressure points' — 210-day cycle completes from Spring Equinox (2014-03-20); 7-month node
2014-10-17T00:00:00+00:00,Gann Square-of-9 (17²=289 days from Jan 1),high,time_cycle,gann_rules,Rule5: 'Square of time' — 17²=289 calendar days from 2014-01-01; reversal zone in Gann Square-of-9 methodology
2014-10-19T10:51:14+00:00,Gann 120-Day Cycle from Summer Solstice,medium,time_cycle,gann_rules,Rule3: 'Nodes=pressure points' — 120-day cycle completes from Summer Solstice (2014-06-21); 1/3 annual cycle node
2014-10-23T02:29:05+00:00,Gann 30-Day Cycle from Autumn Equinox,medium,time_cycle,gann_rules,Rule3: 'Nodes=pressure points' — 30-day cycle completes from Autumn Equinox (2014-09-23); Monthly node — 1/12 annual cycle
2014-10-25T19:16:38+00:00,Mercury Station Direct,medium,planetary_station,swisseph,Rule3: 'Nodes=pressure points' — Mercury turns direct at 196.76° (Libra); cycle resumption node
2014-11-01T17:11:01+00:00,Gann 315-Day Cycle from Winter Solstice,medium,time_cycle,gann_rules,Rule3: 'Nodes=pressure points' — 315-day cycle completes from Winter Solstice (2013-12-21); 7/8 annual node
2014-11-07T02:29:05+00:00,Gann 45-Day Cycle from Autumn Equinox,medium,time_cycle,gann_rules,Rule3: 'Nodes=pressure points' — 45-day cycle completes from Autumn Equinox (2014-09-23); 1/8 annual cycle — first seasonal octave
2014-11-12T10:51:14+00:00,Gann 144-Day Cycle from Summer Solstice,high,time_cycle,gann_rules,Rule3: 'Nodes=pressure points' — 144-day cycle completes from Summer Solstice (2014-06-21); Gann sacred number — inner 144° cycle
2014-11-21T00:00:00+00:00,Gann Square-of-9 (18²=324 days from Jan 1),low,time_cycle,gann_rules,Rule5: 'Square of time' — 18²=324 calendar days from 2014-01-01; reversal zone in Gann Square-of-9 methodology
2014-11-22T02:29:05+00:00,Gann 60-Day Cycle from Autumn Equinox,medium,time_cycle,gann_rules,Rule3: 'Nodes=pressure points' — 60-day cycle completes from Autumn Equinox (2014-09-23); 2-month node — 1/6 annual cycle
2014-12-08T20:41:26+00:00,Jupiter Station Retrograde,high,planetary_station,swisseph,Rule1: 'Time hits node=MOVE' — Jupiter turns retrograde at 142.63° (Leo); cycle inversion node
2014-12-15T16:57:05+00:00,Gann 270-Day Cycle from Spring Equinox,high,time_cycle,gann_rules,Rule3: 'Nodes=pressure points' — 270-day cycle completes from Spring Equinox (2014-03-20); 3/4 annual node — final seasonal turn
2014-12-16T17:11:01+00:00,Gann 360-Day Cycle from Winter Solstice,high,time_cycle,gann_rules,Rule3: 'Nodes=pressure points' — 360-day cycle completes from Winter Solstice (2013-12-21); Annual cycle completion — full revolution
2014-12-18T10:51:14+00:00,Gann 180-Day Cycle from Summer Solstice,high,time_cycle,gann_rules,Rule3: 'Nodes=pressure points' — 180-day cycle completes from Summer Solstice (2014-06-21); Half-year reversal node — cycle midpoint
2014-12-22T02:29:05+00:00,Gann 90-Day Cycle from Autumn Equinox,high,time_cycle,gann_rules,Rule3: 'Nodes=pressure points' — 90-day cycle completes from Autumn Equinox (2014-09-23); Quarter-year node — seasonal turn zone
2014-12-28T00:00:00+00:00,Gann Square-of-9 (19²=361 days from Jan 1),high,time_cycle,gann_rules,Rule5: 'Square of time' — 19²=361 calendar days from 2014-01-01; reversal zone in Gann Square-of-9 methodology
2014-12-28T23:03:01+00:00,Gann 7-Day Cycle from Winter Solstice,low,time_cycle,gann_rules,Rule3: 'Nodes=pressure points' — 7-day cycle completes from Winter Solstice (2014-12-21); Weekly rhythm node
2015-01-02T00:00:00+00:00,Gann Square-of-9 (1²=1 days from Jan 1),low,time_cycle,gann_rules,Rule5: 'Square of time' — 1²=1 calendar days from 2015-01-01; reversal zone in Gann Square-of-9 methodology
2015-01-04T23:03:01+00:00,Gann 14-Day Cycle from Winter Solstice,low,time_cycle,gann_rules,Rule3: 'Nodes=pressure points' — 14-day cycle completes from Winter Solstice (2014-12-21); 2-week minor node
2015-01-05T00:00:00+00:00,Gann Square-of-9 (2²=4 days from Jan 1),low,time_cycle,gann_rules,Rule5: 'Square of time' — 2²=4 calendar days from 2015-01-01; reversal zone in Gann Square-of-9 methodology
2015-01-10T00:00:00+00:00,Gann Square-of-9 (3²=9 days from Jan 1),low,time_cycle,gann_rules,Rule5: 'Square of time' — 3²=9 calendar days from 2015-01-01; reversal zone in Gann Square-of-9 methodology
2015-01-11T23:03:01+00:00,Gann 21-Day Cycle from Winter Solstice,low,time_cycle,gann_rules,Rule3: 'Nodes=pressure points' — 21-day cycle completes from Winter Solstice (2014-12-21); 3-week minor node
2015-01-17T00:00:00+00:00,Gann Square-of-9 (4²=16 days from Jan 1),low,time_cycle,gann_rules,Rule5: 'Square of time' — 4²=16 calendar days from 2015-01-01; reversal zone in Gann Square-of-9 methodology
2015-01-17T10:51:14+00:00,Gann 210-Day Cycle from Summer Solstice,low,time_cycle,gann_rules,Rule3: 'Nodes=pressure points' — 210-day cycle completes from Summer Solstice (2014-06-21); 7-month node
2015-01-19T12:00:00+00:00,Gann Pressure Point (6 cycles align),high,pressure_point,gann_rules,"Rule1:'Time hits node=MOVE' | Rule3:'Nodes=pressure points' | Rule4:'Cycle within cycle' | 6 confluences from [planetary_station, synodic_cycle, time_cycle] | cycles: Gann Square-of-9 (4²=16 days from Jan 1); Gann 210-Day Cycle from Summer Solstice; Venus–Jupiter opposition; Mercury Station Retrograde; Gann 30-Day Cycle from Winter Solstice; Gann 120-Day Cycle from Autumn Equinox"
2015-01-19T13:44:11+00:00,Venus–Jupiter opposition,medium,synodic_cycle,swisseph,"Rule4: 'Cycle within cycle' — Venus opposition Jupiter: Venus 320.0°, Jupiter 140.0°; synodic cycle completion node"
2015-01-20T23:03:01+00:00,Gann 30-Day Cycle from Winter Solstice,medium,time_cycle,gann_rules,Rule3: 'Nodes=pressure points' — 30-day cycle completes from Winter Solstice (2014-12-21); Monthly node — 1/12 annual cycle
2015-01-21T02:29:05+00:00,Gann 120-Day Cycle from Autumn Equinox,medium,time_cycle,gann_rules,Rule3: 'Nodes=pressure points' — 120-day cycle completes from Autumn Equinox (2014-09-23); 1/3 annual cycle node
2015-01-21T15:54:15+00:00,Mercury Station Retrograde,high,planetary_station,swisseph,Rule1: 'Time hits node=MOVE' — Mercury turns retrograde at 317.09° (Aquarius); cycle inversion node
2015-01-26T00:00:00+00:00,Gann Square-of-9 (5²=25 days from Jan 1),low,time_cycle,gann_rules,Rule5: 'Square of time' — 5²=25 calendar days from 2015-01-01; reversal zone in Gann Square-of-9 methodology
2015-01-29T16:57:05+00:00,Gann 315-Day Cycle from Spring Equinox,medium,time_cycle,gann_rules,Rule3: 'Nodes=pressure points' — 315-day cycle completes from Spring Equinox (2014-03-20); 7/8 annual node
2015-02-04T23:03:01+00:00,Gann 45-Day Cycle from Winter Solstice,medium,time_cycle,gann_rules,Rule3: 'Nodes=pressure points' — 45-day cycle completes from Winter Solstice (2014-12-21); 1/8 annual cycle — first seasonal octave
2015-02-05T00:00:00+00:00,Gann Square-of-9 (20²=400 days from Jan 1),low,time_cycle,gann_rules,Rule5: 'Square of time' — 20²=400 calendar days from 2014-01-01; reversal zone in Gann Square-of-9 methodology
2015-02-06T00:00:00+00:00,Gann Square-of-9 (6²=36 days from Jan 1),low,time_cycle,gann_rules,Rule5: 'Square of time' — 6²=36 calendar days from 2015-01-01; reversal zone in Gann Square-of-9 methodology
2015-02-11T14:56:58+00:00,Mercury Station Direct,medium,planetary_station,swisseph,Rule3: 'Nodes=pressure points' — Mercury turns direct at 301.30° (Aquarius); cycle resumption node
2015-02-14T02:29:05+00:00,Gann 144-Day Cycle from Autumn Equinox,high,time_cycle,gann_rules,Rule3: 'Nodes=pressure points' — 144-day cycle completes from Autumn Equinox (2014-09-23); Gann sacred number — inner 144° cycle
2015-02-19T00:00:00+00:00,Gann Square-of-9 (7²=49 days from Jan 1),low,time_cycle,gann_rules,Rule5: 'Square of time' — 7²=49 calendar days from 2015-01-01; reversal zone in Gann Square-of-9 methodology
2015-02-19T23:03:01+00:00,Gann 60-Day Cycle from Winter Solstice,medium,time_cycle,gann_rules,Rule3: 'Nodes=pressure points' — 60-day cycle completes from Winter Solstice (2014-12-21); 2-month node — 1/6 annual cycle
2015-03-06T00:00:00+00:00,Gann Square-of-9 (8²=64 days from Jan 1),low,time_cycle,gann_rules,Rule5: 'Square of time' — 8²=64 calendar days from 2015-01-01; reversal zone in Gann Square-of-9 methodology
2015-03-14T15:02:52+00:00,Saturn Station Retrograde,high,planetary_station,swisseph,Rule1: 'Time hits node=MOVE' — Saturn turns retrograde at 244.93° (Sagittarius); cycle inversion node
2015-03-15T16:57:05+00:00,Gann 360-Day Cycle from Spring Equinox,high,time_cycle,gann_rules,Rule3: 'Nodes=pressure points' — 360-day cycle completes from Spring Equinox (2014-03-20); Annual cycle completion — full revolution
2015-03-18T10:51:14+00:00,Gann 270-Day Cycle from Summer Solstice,high,time_cycle,gann_rules,Rule3: 'Nodes=pressure points' — 270-day cycle completes from Summer Solstice (2014-06-21); 3/4 annual node — final seasonal turn
2015-03-21T23:03:01+00:00,Gann 90-Day Cycle from Winter Solstice,high,time_cycle,gann_rules,Rule3: 'Nodes=pressure points' — 90-day cycle completes from Winter Solstice (2014-12-21); Quarter-year node — seasonal turn zone
2015-03-22T02:29:05+00:00,Gann 180-Day Cycle from Autumn Equinox,high,time_cycle,gann_rules,Rule3: 'Nodes=pressure points' — 180-day cycle completes from Autumn Equinox (2014-09-23); Half-year reversal node — cycle midpoint
2015-03-23T00:00:00+00:00,Gann Square-of-9 (9²=81 days from Jan 1),medium,time_cycle,gann_rules,Rule5: 'Square of time' — 9²=81 calendar days from 2015-01-01; reversal zone in Gann Square-of-9 methodology
2015-03-27T22:45:08+00:00,Gann 7-Day Cycle from Spring Equinox,low,time_cycle,gann_rules,Rule3: 'Nodes=pressure points' — 7-day cycle completes from Spring Equinox (2015-03-20); Weekly rhythm node
2015-04-03T22:45:08+00:00,Gann 14-Day Cycle from Spring Equinox,low,time_cycle,gann_rules,Rule3: 'Nodes=pressure points' — 14-day cycle completes from Spring Equinox (2015-03-20); 2-week minor node
2015-04-08T16:56:58+00:00,Jupiter Station Direct,medium,planetary_station,swisseph,Rule3: 'Nodes=pressure points' — Jupiter turns direct at 132.59° (Leo); cycle resumption node
2015-04-10T12:00:00+00:00,Gann Pressure Point (3 cycles align),medium,pressure_point,gann_rules,"Rule1:'Time hits node=MOVE' | Rule3:'Nodes=pressure points' | Rule4:'Cycle within cycle' | 3 confluences from [planetary_station, time_cycle] | cycles: Gann Square-of-9 (10²=100 days from Jan 1); Jupiter Station Direct; Gann 21-Day Cycle from Spring Equinox"
2015-04-10T22:45:08+00:00,Gann 21-Day Cycle from Spring Equinox,low,time_cycle,gann_rules,Rule3: 'Nodes=pressure points' — 21-day cycle completes from Spring Equinox (2015-03-20); 3-week minor node
2015-04-11T00:00:00+00:00,Gann Square-of-9 (10²=100 days from Jan 1),medium,time_cycle,gann_rules,Rule5: 'Square of time' — 10²=100 calendar days from 2015-01-01; reversal zone in Gann Square-of-9 methodology
2015-04-19T22:45:08+00:00,Gann 30-Day Cycle from Spring Equinox,medium,time_cycle,gann_rules,Rule3: 'Nodes=pressure points' — 30-day cycle completes from Spring Equinox (2015-03-20); Monthly node — 1/12 annual cycle
2015-04-20T23:03:01+00:00,Gann 120-Day Cycle from Winter Solstice,medium,time_cycle,gann_rules,Rule3: 'Nodes=pressure points' — 120-day cycle completes from Winter Solstice (2014-12-21); 1/3 annual cycle node
2015-04-21T02:29:05+00:00,Gann 210-Day Cycle from Autumn Equinox,low,time_cycle,gann_rules,Rule3: 'Nodes=pressure points' — 210-day cycle completes from Autumn Equinox (2014-09-23); 7-month node
2015-05-02T00:00:00+00:00,Gann Square-of-9 (11²=121 days from Jan 1),medium,time_cycle,gann_rules,Rule5: 'Square of time' — 11²=121 calendar days from 2015-01-01; reversal zone in Gann Square-of-9 methodology
2015-05-02T10:51:14+00:00,Gann 315-Day Cycle from Summer Solstice,medium,time_cycle,gann_rules,Rule3: 'Nodes=pressure points' — 315-day cycle completes from Summer Solstice (2014-06-21); 7/8 annual node
2015-05-04T22:45:08+00:00,Gann 45-Day Cycle from Spring Equinox,medium,time_cycle,gann_rules,Rule3: 'Nodes=pressure points' — 45-day cycle completes from Spring Equinox (2015-03-20); 1/8 annual cycle — first seasonal octave
2015-05-14T23:03:01+00:00,Gann 144-Day Cycle from Winter Solstice,high,time_cycle,gann_rules,Rule3: 'Nodes=pressure points' — 144-day cycle completes from Winter Solstice (2014-12-21); Gann sacred number — inner 144° cycle
2015-05-19T01:49:09+00:00,Mercury Station Retrograde,high,planetary_station,swisseph,Rule1: 'Time hits node=MOVE' — Mercury turns retrograde at 73.15° (Gemini); cycle inversion node
2015-05-19T22:45:08+00:00,Gann 60-Day Cycle from Spring Equinox,medium,time_cycle,gann_rules,Rule3: 'Nodes=pressure points' — 60-day cycle completes from Spring Equinox (2015-03-20); 2-month node — 1/6 annual cycle
2015-05-25T00:00:00+00:00,Gann Square-of-9 (12²=144 days from Jan 1),high,time_cycle,gann_rules,Rule5: 'Square of time' — 12²=144 calendar days from 2015-01-01; reversal zone in Gann Square-of-9 methodology
2015-06-11T22:33:01+00:00,Mercury Station Direct,medium,planetary_station,swisseph,Rule3: 'Nodes=pressure points' — Mercury turns direct at 64.56° (Gemini); cycle resumption node
2015-06-16T10:51:14+00:00,Gann 360-Day Cycle from Summer Solstice,high,time_cycle,gann_rules,Rule3: 'Nodes=pressure points' — 360-day cycle completes from Summer Solstice (2014-06-21); Annual cycle completion — full revolution
2015-06-18T22:45:08+00:00,Gann 90-Day Cycle from Spring Equinox,high,time_cycle,gann_rules,Rule3: 'Nodes=pressure points' — 90-day cycle completes from Spring Equinox (2015-03-20); Quarter-year node — seasonal turn zone
2015-06-19T00:00:00+00:00,Gann Square-of-9 (13²=169 days from Jan 1),low,time_cycle,gann_rules,Rule5: 'Square of time' — 13²=169 calendar days from 2015-01-01; reversal zone in Gann Square-of-9 methodology
2015-06-19T23:03:01+00:00,Gann 180-Day Cycle from Winter Solstice,high,time_cycle,gann_rules,Rule3: 'Nodes=pressure points' — 180-day cycle completes from Winter Solstice (2014-12-21); Half-year reversal node — cycle midpoint
2015-06-20T02:29:05+00:00,Gann 270-Day Cycle from Autumn Equinox,high,time_cycle,gann_rules,Rule3: 'Nodes=pressure points' — 270-day cycle completes from Autumn Equinox (2014-09-23); 3/4 annual node — final seasonal turn
2015-06-28T16:37:55+00:00,Gann 7-Day Cycle from Summer Solstice,low,time_cycle,gann_rules,Rule3: 'Nodes=pressure points' — 7-day cycle completes from Summer Solstice (2015-06-21); Weekly rhythm node
2015-07-01T07:50:46+00:00,Venus–Jupiter conjunction,medium,synodic_cycle,swisseph,"Rule4: 'Cycle within cycle' — Venus conjunction Jupiter: Venus 141.6°, Jupiter 141.6°; synodic cycle completion node"
2015-07-05T16:37:55+00:00,Gann 14-Day Cycle from Summer Solstice,low,time_cycle,gann_rules,Rule3: 'Nodes=pressure points' — 14-day cycle completes from Summer Solstice (2015-06-21); 2-week minor node
2015-07-12T16:37:55+00:00,Gann 21-Day Cycle from Summer Solstice,low,time_cycle,gann_rules,Rule3: 'Nodes=pressure points' — 21-day cycle completes from Summer Solstice (2015-06-21); 3-week minor node
2015-07-16T00:00:00+00:00,Gann Square-of-9 (14²=196 days from Jan 1),medium,time_cycle,gann_rules,Rule5: 'Square of time' — 14²=196 calendar days from 2015-01-01; reversal zone in Gann Square-of-9 methodology
2015-07-18T22:45:08+00:00,Gann 120-Day Cycle from Spring Equinox,medium,time_cycle,gann_rules,Rule3: 'Nodes=pressure points' — 120-day cycle completes from Spring Equinox (2015-03-20); 1/3 annual cycle node
2015-07-19T23:03:01+00:00,Gann 210-Day Cycle from Winter Solstice,low,time_cycle,gann_rules,Rule3: 'Nodes=pressure points' — 210-day cycle completes from Winter Solstice (2014-12-21); 7-month node
2015-07-21T16:37:55+00:00,Gann 30-Day Cycle from Summer Solstice,medium,time_cycle,gann_rules,Rule3: 'Nodes=pressure points' — 30-day cycle completes from Summer Solstice (2015-06-21); Monthly node — 1/12 annual cycle
2015-07-25T09:28:47+00:00,Venus Station Retrograde,high,planetary_station,swisseph,Rule1: 'Time hits node=MOVE' — Venus turns retrograde at 150.77° (Virgo); cycle inversion node
2015-08-02T05:53:04+00:00,Saturn Station Direct,medium,planetary_station,swisseph,Rule3: 'Nodes=pressure points' — Saturn turns direct at 238.28° (Scorpio); cycle resumption node
2015-08-04T02:29:05+00:00,Gann 315-Day Cycle from Autumn Equinox,medium,time_cycle,gann_rules,Rule3: 'Nodes=pressure points' — 315-day cycle completes from Autumn Equinox (2014-09-23); 7/8 annual node
2015-08-04T12:00:00+00:00,Gann Pressure Point (3 cycles align),medium,pressure_point,gann_rules,"Rule1:'Time hits node=MOVE' | Rule3:'Nodes=pressure points' | Rule4:'Cycle within cycle' | 3 confluences from [planetary_station, time_cycle] | cycles: Gann 45-Day Cycle from Summer Solstice; Saturn Station Direct; Gann 315-Day Cycle from Autumn Equinox"
2015-08-05T16:37:55+00:00,Gann 45-Day Cycle from Summer Solstice,medium,time_cycle,gann_rules,Rule3: 'Nodes=pressure points' — 45-day cycle completes from Summer Solstice (2015-06-21); 1/8 annual cycle — first seasonal octave
2015-08-11T22:45:08+00:00,Gann 144-Day Cycle from Spring Equinox,high,time_cycle,gann_rules,Rule3: 'Nodes=pressure points' — 144-day cycle completes from Spring Equinox (2015-03-20); Gann sacred number — inner 144° cycle
2015-08-14T00:00:00+00:00,Gann Square-of-9 (15²=225 days from Jan 1),high,time_cycle,gann_rules,Rule5: 'Square of time' — 15²=225 calendar days from 2015-01-01; reversal zone in Gann Square-of-9 methodology
2015-08-20T16:37:55+00:00,Gann 60-Day Cycle from Summer Solstice,medium,time_cycle,gann_rules,Rule3: 'Nodes=pressure points' — 60-day cycle completes from Summer Solstice (2015-06-21); 2-month node — 1/6 annual cycle
2015-09-01T05:03:45+00:00,Mars–Venus conjunction,low,synodic_cycle,swisseph,"Rule4: 'Cycle within cycle' — Mars conjunction Venus: Mars 134.9°, Venus 134.9°; synodic cycle completion node"
2015-09-06T08:29:17+00:00,Venus Station Direct,medium,planetary_station,swisseph,Rule3: 'Nodes=pressure points' — Venus turns direct at 134.39° (Leo); cycle resumption node
2015-09-14T00:00:00+00:00,Gann Square-of-9 (16²=256 days from Jan 1),low,time_cycle,gann_rules,Rule5: 'Square of time' — 16²=256 calendar days from 2015-01-01; reversal zone in Gann Square-of-9 methodology
2015-09-16T12:00:00+00:00,Gann Pressure Point (5 cycles align),high,pressure_point,gann_rules,"Rule1:'Time hits node=MOVE' | Rule3:'Nodes=pressure points' | Rule4:'Cycle within cycle' | 5 confluences from [planetary_station, time_cycle] | cycles: Gann 360-Day Cycle from Autumn Equinox; Gann Square-of-9 (16²=256 days from Jan 1); Mercury Station Retrograde; Gann 270-Day Cycle from Winter Solstice; Gann 180-Day Cycle from Spring Equinox"
2015-09-16T22:45:08+00:00,Gann 180-Day Cycle from Spring Equinox,high,time_cycle,gann_rules,Rule3: 'Nodes=pressure points' — 180-day cycle completes from Spring Equinox (2015-03-20); Half-year reversal node — cycle midpoint
2015-09-17T18:09:33+00:00,Mercury Station Retrograde,high,planetary_station,swisseph,Rule1: 'Time hits node=MOVE' — Mercury turns retrograde at 195.92° (Libra); cycle inversion node
2015-09-17T23:03:01+00:00,Gann 270-Day Cycle from Winter Solstice,high,time_cycle,gann_rules,Rule3: 'Nodes=pressure points' — 270-day cycle completes from Winter Solstice (2014-12-21); 3/4 annual node — final seasonal turn
2015-09-18T02:29:05+00:00,Gann 360-Day Cycle from Autumn Equinox,high,time_cycle,gann_rules,Rule3: 'Nodes=pressure points' — 360-day cycle completes from Autumn Equinox (2014-09-23); Annual cycle completion — full revolution
2015-09-19T16:37:55+00:00,Gann 90-Day Cycle from Summer Solstice,high,time_cycle,gann_rules,Rule3: 'Nodes=pressure points' — 90-day cycle completes from Summer Solstice (2015-06-21); Quarter-year node — seasonal turn zone
2015-09-30T08:20:33+00:00,Gann 7-Day Cycle from Autumn Equinox,low,time_cycle,gann_rules,Rule3: 'Nodes=pressure points' — 7-day cycle completes from Autumn Equinox (2015-09-23); Weekly rhythm node
2015-10-07T08:20:33+00:00,Gann 14-Day Cycle from Autumn Equinox,low,time_cycle,gann_rules,Rule3: 'Nodes=pressure points' — 14-day cycle completes from Autumn Equinox (2015-09-23); 2-week minor node
2015-10-09T14:57:23+00:00,Mercury Station Direct,medium,planetary_station,swisseph,Rule3: 'Nodes=pressure points' — Mercury turns direct at 180.90° (Libra); cycle resumption node
2015-10-14T08:20:33+00:00,Gann 21-Day Cycle from Autumn Equinox,low,time_cycle,gann_rules,Rule3: 'Nodes=pressure points' — 21-day cycle completes from Autumn Equinox (2015-09-23); 3-week minor node
2015-10-16T22:45:08+00:00,Gann 210-Day Cycle from Spring Equinox,low,time_cycle,gann_rules,Rule3: 'Nodes=pressure points' — 210-day cycle completes from Spring Equinox (2015-03-20); 7-month node
2015-10-17T00:00:00+00:00,Gann Square-of-9 (17²=289 days from Jan 1),high,time_cycle,gann_rules,Rule5: 'Square of time' — 17²=289 calendar days from 2015-01-01; reversal zone in Gann Square-of-9 methodology
2015-10-19T16:37:55+00:00,Gann 120-Day Cycle from Summer Solstice,medium,time_cycle,gann_rules,Rule3: 'Nodes=pressure points' — 120-day cycle completes from Summer Solstice (2015-06-21); 1/3 annual cycle node
2015-10-23T08:20:33+00:00,Gann 30-Day Cycle from Autumn Equinox,medium,time_cycle,gann_rules,Rule3: 'Nodes=pressure points' — 30-day cycle completes from Autumn Equinox (2015-09-23); Monthly node — 1/12 annual cycle
2015-10-25T20:03:11+00:00,Venus–Jupiter conjunction,medium,synodic_cycle,swisseph,"Rule4: 'Cycle within cycle' — Venus conjunction Jupiter: Venus 165.6°, Jupiter 165.6°; synodic cycle completion node"
2015-11-01T23:03:01+00:00,Gann 315-Day Cycle from Winter Solstice,medium,time_cycle,gann_rules,Rule3: 'Nodes=pressure points' — 315-day cycle completes from Winter Solstice (2014-12-21); 7/8 annual node
2015-11-07T08:20:33+00:00,Gann 45-Day Cycle from Autumn Equinox,medium,time_cycle,gann_rules,Rule3: 'Nodes=pressure points' — 45-day cycle completes from Autumn Equinox (2015-09-23); 1/8 annual cycle — first seasonal octave
2015-11-12T16:37:55+00:00,Gann 144-Day Cycle from Summer Solstice,high,time_cycle,gann_rules,Rule3: 'Nodes=pressure points' — 144-day cycle completes from Summer Solstice (2015-06-21); Gann sacred number — inner 144° cycle
2015-11-21T00:00:00+00:00,Gann Square-of-9 (18²=324 days from Jan 1),low,time_cycle,gann_rules,Rule5: 'Square of time' — 18²=324 calendar days from 2015-01-01; reversal zone in Gann Square-of-9 methodology
2015-11-22T08:20:33+00:00,Gann 60-Day Cycle from Autumn Equinox,medium,time_cycle,gann_rules,Rule3: 'Nodes=pressure points' — 60-day cycle completes from Autumn Equinox (2015-09-23); 2-month node — 1/6 annual cycle
2015-12-15T22:45:08+00:00,Gann 270-Day Cycle from Spring Equinox,high,time_cycle,gann_rules,Rule3: 'Nodes=pressure points' — 270-day cycle completes from Spring Equinox (2015-03-20); 3/4 annual node — final seasonal turn
2015-12-16T23:03:01+00:00,Gann 360-Day Cycle from Winter Solstice,high,time_cycle,gann_rules,Rule3: 'Nodes=pressure points' — 360-day cycle completes from Winter Solstice (2014-12-21); Annual cycle completion — full revolution
2015-12-18T16:37:55+00:00,Gann 180-Day Cycle from Summer Solstice,high,time_cycle,gann_rules,Rule3: 'Nodes=pressure points' — 180-day cycle completes from Summer Solstice (2015-06-21); Half-year reversal node — cycle midpoint
2015-12-22T08:20:33+00:00,Gann 90-Day Cycle from Autumn Equinox,high,time_cycle,gann_rules,Rule3: 'Nodes=pressure points' — 90-day cycle completes from Autumn Equinox (2015-09-23); Quarter-year node — seasonal turn zone
2015-12-28T00:00:00+00:00,Gann Square-of-9 (19²=361 days from Jan 1),high,time_cycle,gann_rules,Rule5: 'Square of time' — 19²=361 calendar days from 2015-01-01; reversal zone in Gann Square-of-9 methodology
2015-12-29T04:47:57+00:00,Gann 7-Day Cycle from Winter Solstice,low,time_cycle,gann_rules,Rule3: 'Nodes=pressure points' — 7-day cycle completes from Winter Solstice (2015-12-22); Weekly rhythm node
2016-01-02T00:00:00+00:00,Gann Square-of-9 (1²=1 days from Jan 1),low,time_cycle,gann_rules,Rule5: 'Square of time' — 1²=1 calendar days from 2016-01-01; reversal zone in Gann Square-of-9 methodology
2016-01-05T00:00:00+00:00,Gann Square-of-9 (2²=4 days from Jan 1),low,time_cycle,gann_rules,Rule5: 'Square of time' — 2²=4 calendar days from 2016-01-01; reversal zone in Gann Square-of-9 methodology
2016-01-05T04:47:57+00:00,Gann 14-Day Cycle from Winter Solstice,low,time_cycle,gann_rules,Rule3: 'Nodes=pressure points' — 14-day cycle completes from Winter Solstice (2015-12-22); 2-week minor node
2016-01-05T12:00:00+00:00,Gann Pressure Point (3 cycles align),medium,pressure_point,gann_rules,"Rule1:'Time hits node=MOVE' | Rule3:'Nodes=pressure points' | Rule4:'Cycle within cycle' | 3 confluences from [planetary_station, time_cycle] | cycles: Gann 14-Day Cycle from Winter Solstice; Mercury Station Retrograde; Gann Square-of-9 (2²=4 days from Jan 1)"
2016-01-05T13:05:42+00:00,Mercury Station Retrograde,high,planetary_station,swisseph,Rule1: 'Time hits node=MOVE' — Mercury turns retrograde at 301.04° (Aquarius); cycle inversion node
2016-01-08T04:39:59+00:00,Jupiter Station Retrograde,high,planetary_station,swisseph,Rule1: 'Time hits node=MOVE' — Jupiter turns retrograde at 173.24° (Virgo); cycle inversion node
2016-01-10T00:00:00+00:00,Gann Square-of-9 (3²=9 days from Jan 1),low,time_cycle,gann_rules,Rule5: 'Square of time' — 3²=9 calendar days from 2016-01-01; reversal zone in Gann Square-of-9 methodology
2016-01-10T12:00:00+00:00,Gann Pressure Point (3 cycles align),medium,pressure_point,gann_rules,"Rule1:'Time hits node=MOVE' | Rule3:'Nodes=pressure points' | Rule4:'Cycle within cycle' | 3 confluences from [planetary_station, time_cycle] | cycles: Jupiter Station Retrograde; Gann 21-Day Cycle from Winter Solstice; Gann Square-of-9 (3²=9 days from Jan 1)"
2016-01-12T04:47:57+00:00,Gann 21-Day Cycle from Winter Solstice,low,time_cycle,gann_rules,Rule3: 'Nodes=pressure points' — 21-day cycle completes from Winter Solstice (2015-12-22); 3-week minor node
2016-01-17T00:00:00+00:00,Gann Square-of-9 (4²=16 days from Jan 1),low,time_cycle,gann_rules,Rule5: 'Square of time' — 4²=16 calendar days from 2016-01-01; reversal zone in Gann Square-of-9 methodology
2016-01-17T16:37:55+00:00,Gann 210-Day Cycle from Summer Solstice,low,time_cycle,gann_rules,Rule3: 'Nodes=pressure points' — 210-day cycle completes from Summer Solstice (2015-06-21); 7-month node
2016-01-21T04:47:57+00:00,Gann 30-Day Cycle from Winter Solstice,medium,time_cycle,gann_rules,Rule3: 'Nodes=pressure points' — 30-day cycle completes from Winter Solstice (2015-12-22); Monthly node — 1/12 annual cycle
2016-01-21T08:20:33+00:00,Gann 120-Day Cycle from Autumn Equinox,medium,time_cycle,gann_rules,Rule3: 'Nodes=pressure points' — 120-day cycle completes from Autumn Equinox (2015-09-23); 1/3 annual cycle node
2016-01-25T21:49:43+00:00,Mercury Station Direct,medium,planetary_station,swisseph,Rule3: 'Nodes=pressure points' — Mercury turns direct at 284.91° (Capricorn); cycle resumption node
2016-01-26T00:00:00+00:00,Gann Square-of-9 (5²=25 days from Jan 1),low,time_cycle,gann_rules,Rule5: 'Square of time' — 5²=25 calendar days from 2016-01-01; reversal zone in Gann Square-of-9 methodology
2016-01-29T22:45:08+00:00,Gann 315-Day Cycle from Spring Equinox,medium,time_cycle,gann_rules,Rule3: 'Nodes=pressure points' — 315-day cycle completes from Spring Equinox (2015-03-20); 7/8 annual node
2016-02-05T00:00:00+00:00,Gann Square-of-9 (20²=400 days from Jan 1),low,time_cycle,gann_rules,Rule5: 'Square of time' — 20²=400 calendar days from 2015-01-01; reversal zone in Gann Square-of-9 methodology
2016-02-05T04:47:57+00:00,Gann 45-Day Cycle from Winter Solstice,medium,time_cycle,gann_rules,Rule3: 'Nodes=pressure points' — 45-day cycle completes from Winter Solstice (2015-12-22); 1/8 annual cycle — first seasonal octave
2016-02-06T00:00:00+00:00,Gann Square-of-9 (6²=36 days from Jan 1),low,time_cycle,gann_rules,Rule5: 'Square of time' — 6²=36 calendar days from 2016-01-01; reversal zone in Gann Square-of-9 methodology
2016-02-14T08:20:33+00:00,Gann 144-Day Cycle from Autumn Equinox,high,time_cycle,gann_rules,Rule3: 'Nodes=pressure points' — 144-day cycle completes from Autumn Equinox (2015-09-23); Gann sacred number — inner 144° cycle
2016-02-19T00:00:00+00:00,Gann Square-of-9 (7²=49 days from Jan 1),low,time_cycle,gann_rules,Rule5: 'Square of time' — 7²=49 calendar days from 2016-01-01; reversal zone in Gann Square-of-9 methodology
2016-02-20T04:47:57+00:00,Gann 60-Day Cycle from Winter Solstice,medium,time_cycle,gann_rules,Rule3: 'Nodes=pressure points' — 60-day cycle completes from Winter Solstice (2015-12-22); 2-month node — 1/6 annual cycle
2016-03-05T00:00:00+00:00,Gann Square-of-9 (8²=64 days from Jan 1),low,time_cycle,gann_rules,Rule5: 'Square of time' — 8²=64 calendar days from 2016-01-01; reversal zone in Gann Square-of-9 methodology
2016-03-14T22:45:08+00:00,Gann 360-Day Cycle from Spring Equinox,high,time_cycle,gann_rules,Rule3: 'Nodes=pressure points' — 360-day cycle completes from Spring Equinox (2015-03-20); Annual cycle completion — full revolution
2016-03-17T16:37:55+00:00,Gann 270-Day Cycle from Summer Solstice,high,time_cycle,gann_rules,Rule3: 'Nodes=pressure points' — 270-day cycle completes from Summer Solstice (2015-06-21); 3/4 annual node — final seasonal turn
2016-03-21T04:47:57+00:00,Gann 90-Day Cycle from Winter Solstice,high,time_cycle,gann_rules,Rule3: 'Nodes=pressure points' — 90-day cycle completes from Winter Solstice (2015-12-22); Quarter-year node — seasonal turn zone
2016-03-21T08:20:33+00:00,Gann 180-Day Cycle from Autumn Equinox,high,time_cycle,gann_rules,Rule3: 'Nodes=pressure points' — 180-day cycle completes from Autumn Equinox (2015-09-23); Half-year reversal node — cycle midpoint
2016-03-22T00:00:00+00:00,Gann Square-of-9 (9²=81 days from Jan 1),medium,time_cycle,gann_rules,Rule5: 'Square of time' — 9²=81 calendar days from 2016-01-01; reversal zone in Gann Square-of-9 methodology
2016-03-25T10:00:35+00:00,Saturn Station Retrograde,high,planetary_station,swisseph,Rule1: 'Time hits node=MOVE' — Saturn turns retrograde at 256.41° (Sagittarius); cycle inversion node
2016-03-25T11:57:36+00:00,Venus–Jupiter opposition,medium,synodic_cycle,swisseph,"Rule4: 'Cycle within cycle' — Venus opposition Jupiter: Venus 346.2°, Jupiter 166.2°; synodic cycle completion node"
2016-03-25T12:00:00+00:00,Gann Pressure Point (3 cycles align),high,pressure_point,gann_rules,"Rule1:'Time hits node=MOVE' | Rule3:'Nodes=pressure points' | Rule4:'Cycle within cycle' | 3 confluences from [planetary_station, synodic_cycle, time_cycle] | cycles: Saturn Station Retrograde; Venus–Jupiter opposition; Gann 7-Day Cycle from Spring Equinox"
2016-03-27T04:30:11+00:00,Gann 7-Day Cycle from Spring Equinox,low,time_cycle,gann_rules,Rule3: 'Nodes=pressure points' — 7-day cycle completes from Spring Equinox (2016-03-20); Weekly rhythm node
2016-04-03T04:30:11+00:00,Gann 14-Day Cycle from Spring Equinox,low,time_cycle,gann_rules,Rule3: 'Nodes=pressure points' — 14-day cycle completes from Spring Equinox (2016-03-20); 2-week minor node
2016-04-10T00:00:00+00:00,Gann Square-of-9 (10²=100 days from Jan 1),medium,time_cycle,gann_rules,Rule5: 'Square of time' — 10²=100 calendar days from 2016-01-01; reversal zone in Gann Square-of-9 methodology
2016-04-10T04:30:11+00:00,Gann 21-Day Cycle from Spring Equinox,low,time_cycle,gann_rules,Rule3: 'Nodes=pressure points' — 21-day cycle completes from Spring Equinox (2016-03-20); 3-week minor node
2016-04-17T12:13:56+00:00,Mars Station Retrograde,high,planetary_station,swisseph,Rule1: 'Time hits node=MOVE' — Mars turns retrograde at 248.90° (Sagittarius); cycle inversion node
2016-04-19T04:30:11+00:00,Gann 30-Day Cycle from Spring Equinox,medium,time_cycle,gann_rules,Rule3: 'Nodes=pressure points' — 30-day cycle completes from Spring Equinox (2016-03-20); Monthly node — 1/12 annual cycle
2016-04-19T12:00:00+00:00,Gann Pressure Point (4 cycles align),medium,pressure_point,gann_rules,"Rule1:'Time hits node=MOVE' | Rule3:'Nodes=pressure points' | Rule4:'Cycle within cycle' | 4 confluences from [planetary_station, time_cycle] | cycles: Mars Station Retrograde; Gann 30-Day Cycle from Spring Equinox; Gann 210-Day Cycle from Autumn Equinox; Gann 120-Day Cycle from Winter Solstice"
2016-04-20T04:47:57+00:00,Gann 120-Day Cycle from Winter Solstice,medium,time_cycle,gann_rules,Rule3: 'Nodes=pressure points' — 120-day cycle completes from Winter Solstice (2015-12-22); 1/3 annual cycle node
2016-04-20T08:20:33+00:00,Gann 210-Day Cycle from Autumn Equinox,low,time_cycle,gann_rules,Rule3: 'Nodes=pressure points' — 210-day cycle completes from Autumn Equinox (2015-09-23); 7-month node
2016-04-28T17:19:49+00:00,Mercury Station Retrograde,high,planetary_station,swisseph,Rule1: 'Time hits node=MOVE' — Mercury turns retrograde at 53.60° (Taurus); cycle inversion node
2016-05-01T00:00:00+00:00,Gann Square-of-9 (11²=121 days from Jan 1),medium,time_cycle,gann_rules,Rule5: 'Square of time' — 11²=121 calendar days from 2016-01-01; reversal zone in Gann Square-of-9 methodology
2016-05-01T16:37:55+00:00,Gann 315-Day Cycle from Summer Solstice,medium,time_cycle,gann_rules,Rule3: 'Nodes=pressure points' — 315-day cycle completes from Summer Solstice (2015-06-21); 7/8 annual node
2016-05-04T04:30:11+00:00,Gann 45-Day Cycle from Spring Equinox,medium,time_cycle,gann_rules,Rule3: 'Nodes=pressure points' — 45-day cycle completes from Spring Equinox (2016-03-20); 1/8 annual cycle — first seasonal octave
2016-05-09T12:14:07+00:00,Jupiter Station Direct,medium,planetary_station,swisseph,Rule3: 'Nodes=pressure points' — Jupiter turns direct at 163.26° (Virgo); cycle resumption node
2016-05-14T04:47:57+00:00,Gann 144-Day Cycle from Winter Solstice,high,time_cycle,gann_rules,Rule3: 'Nodes=pressure points' — 144-day cycle completes from Winter Solstice (2015-12-22); Gann sacred number — inner 144° cycle
2016-05-19T04:30:11+00:00,Gann 60-Day Cycle from Spring Equinox,medium,time_cycle,gann_rules,Rule3: 'Nodes=pressure points' — 60-day cycle completes from Spring Equinox (2016-03-20); 2-month node — 1/6 annual cycle
2016-05-22T13:19:44+00:00,Mercury Station Direct,medium,planetary_station,swisseph,Rule3: 'Nodes=pressure points' — Mercury turns direct at 44.34° (Taurus); cycle resumption node
2016-05-24T00:00:00+00:00,Gann Square-of-9 (12²=144 days from Jan 1),high,time_cycle,gann_rules,Rule5: 'Square of time' — 12²=144 calendar days from 2016-01-01; reversal zone in Gann Square-of-9 methodology
2016-06-15T16:37:55+00:00,Gann 360-Day Cycle from Summer Solstice,high,time_cycle,gann_rules,Rule3: 'Nodes=pressure points' — 360-day cycle completes from Summer Solstice (2015-06-21); Annual cycle completion — full revolution
2016-06-18T00:00:00+00:00,Gann Square-of-9 (13²=169 days from Jan 1),low,time_cycle,gann_rules,Rule5: 'Square of time' — 13²=169 calendar days from 2016-01-01; reversal zone in Gann Square-of-9 methodology
2016-06-18T04:30:11+00:00,Gann 90-Day Cycle from Spring Equinox,high,time_cycle,gann_rules,Rule3: 'Nodes=pressure points' — 90-day cycle completes from Spring Equinox (2016-03-20); Quarter-year node — seasonal turn zone
2016-06-19T04:47:57+00:00,Gann 180-Day Cycle from Winter Solstice,high,time_cycle,gann_rules,Rule3: 'Nodes=pressure points' — 180-day cycle completes from Winter Solstice (2015-12-22); Half-year reversal node — cycle midpoint
2016-06-19T08:20:33+00:00,Gann 270-Day Cycle from Autumn Equinox,high,time_cycle,gann_rules,Rule3: 'Nodes=pressure points' — 270-day cycle completes from Autumn Equinox (2015-09-23); 3/4 annual node — final seasonal turn
2016-06-27T22:34:11+00:00,Gann 7-Day Cycle from Summer Solstice,low,time_cycle,gann_rules,Rule3: 'Nodes=pressure points' — 7-day cycle completes from Summer Solstice (2016-06-20); Weekly rhythm node
2016-06-29T23:38:23+00:00,Mars Station Direct,medium,planetary_station,swisseph,Rule3: 'Nodes=pressure points' — Mars turns direct at 233.06° (Scorpio); cycle resumption node
2016-07-04T22:34:11+00:00,Gann 14-Day Cycle from Summer Solstice,low,time_cycle,gann_rules,Rule3: 'Nodes=pressure points' — 14-day cycle completes from Summer Solstice (2016-06-20); 2-week minor node
2016-07-11T22:34:11+00:00,Gann 21-Day Cycle from Summer Solstice,low,time_cycle,gann_rules,Rule3: 'Nodes=pressure points' — 21-day cycle completes from Summer Solstice (2016-06-20); 3-week minor node
2016-07-15T00:00:00+00:00,Gann Square-of-9 (14²=196 days from Jan 1),medium,time_cycle,gann_rules,Rule5: 'Square of time' — 14²=196 calendar days from 2016-01-01; reversal zone in Gann Square-of-9 methodology
2016-07-18T04:30:11+00:00,Gann 120-Day Cycle from Spring Equinox,medium,time_cycle,gann_rules,Rule3: 'Nodes=pressure points' — 120-day cycle completes from Spring Equinox (2016-03-20); 1/3 annual cycle node
2016-07-19T04:47:57+00:00,Gann 210-Day Cycle from Winter Solstice,low,time_cycle,gann_rules,Rule3: 'Nodes=pressure points' — 210-day cycle completes from Winter Solstice (2015-12-22); 7-month node
2016-07-20T22:34:11+00:00,Gann 30-Day Cycle from Summer Solstice,medium,time_cycle,gann_rules,Rule3: 'Nodes=pressure points' — 30-day cycle completes from Summer Solstice (2016-06-20); Monthly node — 1/12 annual cycle
2016-08-03T08:20:33+00:00,Gann 315-Day Cycle from Autumn Equinox,medium,time_cycle,gann_rules,Rule3: 'Nodes=pressure points' — 315-day cycle completes from Autumn Equinox (2015-09-23); 7/8 annual node
2016-08-04T22:34:11+00:00,Gann 45-Day Cycle from Summer Solstice,medium,time_cycle,gann_rules,Rule3: 'Nodes=pressure points' — 45-day cycle completes from Summer Solstice (2016-06-20); 1/8 annual cycle — first seasonal octave
2016-08-11T04:30:11+00:00,Gann 144-Day Cycle from Spring Equinox,high,time_cycle,gann_rules,Rule3: 'Nodes=pressure points' — 144-day cycle completes from Spring Equinox (2016-03-20); Gann sacred number — inner 144° cycle
2016-08-11T12:00:00+00:00,Gann Pressure Point (3 cycles align),medium,pressure_point,gann_rules,"Rule1:'Time hits node=MOVE' | Rule3:'Nodes=pressure points' | Rule4:'Cycle within cycle' | 3 confluences from [planetary_station, time_cycle] | cycles: Gann 144-Day Cycle from Spring Equinox; Gann Square-of-9 (15²=225 days from Jan 1); Saturn Station Direct"
2016-08-13T00:00:00+00:00,Gann Square-of-9 (15²=225 days from Jan 1),high,time_cycle,gann_rules,Rule5: 'Square of time' — 15²=225 calendar days from 2016-01-01; reversal zone in Gann Square-of-9 methodology
2016-08-13T09:50:09+00:00,Saturn Station Direct,medium,planetary_station,swisseph,Rule3: 'Nodes=pressure points' — Saturn turns direct at 249.78° (Sagittarius); cycle resumption node
2016-08-19T22:34:11+00:00,Gann 60-Day Cycle from Summer Solstice,medium,time_cycle,gann_rules,Rule3: 'Nodes=pressure points' — 60-day cycle completes from Summer Solstice (2016-06-20); 2-month node — 1/6 annual cycle
2016-08-27T22:28:31+00:00,Venus–Jupiter conjunction,medium,synodic_cycle,swisseph,"Rule4: 'Cycle within cycle' — Venus conjunction Jupiter: Venus 177.4°, Jupiter 177.4°; synodic cycle completion node"
2016-08-30T13:03:54+00:00,Mercury Station Retrograde,high,planetary_station,swisseph,Rule1: 'Time hits node=MOVE' — Mercury turns retrograde at 179.08° (Virgo); cycle inversion node
2016-09-13T00:00:00+00:00,Gann Square-of-9 (16²=256 days from Jan 1),low,time_cycle,gann_rules,Rule5: 'Square of time' — 16²=256 calendar days from 2016-01-01; reversal zone in Gann Square-of-9 methodology
2016-09-16T04:30:11+00:00,Gann 180-Day Cycle from Spring Equinox,high,time_cycle,gann_rules,Rule3: 'Nodes=pressure points' — 180-day cycle completes from Spring Equinox (2016-03-20); Half-year reversal node — cycle midpoint
2016-09-17T04:47:57+00:00,Gann 270-Day Cycle from Winter Solstice,high,time_cycle,gann_rules,Rule3: 'Nodes=pressure points' — 270-day cycle completes from Winter Solstice (2015-12-22); 3/4 annual node — final seasonal turn
2016-09-17T08:20:33+00:00,Gann 360-Day Cycle from Autumn Equinox,high,time_cycle,gann_rules,Rule3: 'Nodes=pressure points' — 360-day cycle completes from Autumn Equinox (2015-09-23); Annual cycle completion — full revolution
2016-09-18T22:34:11+00:00,Gann 90-Day Cycle from Summer Solstice,high,time_cycle,gann_rules,Rule3: 'Nodes=pressure points' — 90-day cycle completes from Summer Solstice (2016-06-20); Quarter-year node — seasonal turn zone
2016-09-22T05:30:38+00:00,Mercury Station Direct,medium,planetary_station,swisseph,Rule3: 'Nodes=pressure points' — Mercury turns direct at 164.82° (Virgo); cycle resumption node
2016-09-29T14:21:07+00:00,Gann 7-Day Cycle from Autumn Equinox,low,time_cycle,gann_rules,Rule3: 'Nodes=pressure points' — 7-day cycle completes from Autumn Equinox (2016-09-22); Weekly rhythm node
2016-10-06T14:21:07+00:00,Gann 14-Day Cycle from Autumn Equinox,low,time_cycle,gann_rules,Rule3: 'Nodes=pressure points' — 14-day cycle completes from Autumn Equinox (2016-09-22); 2-week minor node
2016-10-13T14:21:07+00:00,Gann 21-Day Cycle from Autumn Equinox,low,time_cycle,gann_rules,Rule3: 'Nodes=pressure points' — 21-day cycle completes from Autumn Equinox (2016-09-22); 3-week minor node
2016-10-16T00:00:00+00:00,Gann Square-of-9 (17²=289 days from Jan 1),high,time_cycle,gann_rules,Rule5: 'Square of time' — 17²=289 calendar days from 2016-01-01; reversal zone in Gann Square-of-9 methodology
2016-10-16T04:30:11+00:00,Gann 210-Day Cycle from Spring Equinox,low,time_cycle,gann_rules,Rule3: 'Nodes=pressure points' — 210-day cycle completes from Spring Equinox (2016-03-20); 7-month node
2016-10-18T22:34:11+00:00,Gann 120-Day Cycle from Summer Solstice,medium,time_cycle,gann_rules,Rule3: 'Nodes=pressure points' — 120-day cycle completes from Summer Solstice (2016-06-20); 1/3 annual cycle node
2016-10-22T14:21:07+00:00,Gann 30-Day Cycle from Autumn Equinox,medium,time_cycle,gann_rules,Rule3: 'Nodes=pressure points' — 30-day cycle completes from Autumn Equinox (2016-09-22); Monthly node — 1/12 annual cycle
2016-11-01T04:47:57+00:00,Gann 315-Day Cycle from Winter Solstice,medium,time_cycle,gann_rules,Rule3: 'Nodes=pressure points' — 315-day cycle completes from Winter Solstice (2015-12-22); 7/8 annual node
2016-11-06T14:21:07+00:00,Gann 45-Day Cycle from Autumn Equinox,medium,time_cycle,gann_rules,Rule3: 'Nodes=pressure points' — 45-day cycle completes from Autumn Equinox (2016-09-22); 1/8 annual cycle — first seasonal octave
2016-11-11T22:34:11+00:00,Gann 144-Day Cycle from Summer Solstice,high,time_cycle,gann_rules,Rule3: 'Nodes=pressure points' — 144-day cycle completes from Summer Solstice (2016-06-20); Gann sacred number — inner 144° cycle
2016-11-20T00:00:00+00:00,Gann Square-of-9 (18²=324 days from Jan 1),low,time_cycle,gann_rules,Rule5: 'Square of time' — 18²=324 calendar days from 2016-01-01; reversal zone in Gann Square-of-9 methodology
2016-11-21T14:21:07+00:00,Gann 60-Day Cycle from Autumn Equinox,medium,time_cycle,gann_rules,Rule3: 'Nodes=pressure points' — 60-day cycle completes from Autumn Equinox (2016-09-22); 2-month node — 1/6 annual cycle
2016-12-15T04:30:11+00:00,Gann 270-Day Cycle from Spring Equinox,high,time_cycle,gann_rules,Rule3: 'Nodes=pressure points' — 270-day cycle completes from Spring Equinox (2016-03-20); 3/4 annual node — final seasonal turn
2016-12-16T04:47:57+00:00,Gann 360-Day Cycle from Winter Solstice,high,time_cycle,gann_rules,Rule3: 'Nodes=pressure points' — 360-day cycle completes from Winter Solstice (2015-12-22); Annual cycle completion — full revolution
2016-12-17T12:00:00+00:00,Gann Pressure Point (4 cycles align),medium,pressure_point,gann_rules,"Rule1:'Time hits node=MOVE' | Rule3:'Nodes=pressure points' | Rule4:'Cycle within cycle' | 4 confluences from [planetary_station, time_cycle] | cycles: Gann 180-Day Cycle from Summer Solstice; Mercury Station Retrograde; Gann 360-Day Cycle from Winter Solstice; Gann 270-Day Cycle from Spring Equinox"
2016-12-17T22:34:11+00:00,Gann 180-Day Cycle from Summer Solstice,high,time_cycle,gann_rules,Rule3: 'Nodes=pressure points' — 180-day cycle completes from Summer Solstice (2016-06-20); Half-year reversal node — cycle midpoint
2016-12-19T10:55:17+00:00,Mercury Station Retrograde,high,planetary_station,swisseph,Rule1: 'Time hits node=MOVE' — Mercury turns retrograde at 285.13° (Capricorn); cycle inversion node
2016-12-21T14:21:07+00:00,Gann 90-Day Cycle from Autumn Equinox,high,time_cycle,gann_rules,Rule3: 'Nodes=pressure points' — 90-day cycle completes from Autumn Equinox (2016-09-22); Quarter-year node — seasonal turn zone
2016-12-26T12:00:00+00:00,Gann Pressure Point (3 cycles align),high,pressure_point,gann_rules,"Rule1:'Time hits node=MOVE' | Rule3:'Nodes=pressure points' | Rule4:'Cycle within cycle' | 3 confluences from [synodic_cycle, time_cycle] | cycles: Jupiter–Uranus opposition; Gann 7-Day Cycle from Winter Solstice; Gann Square-of-9 (19²=361 days from Jan 1)"
2016-12-26T18:34:45+00:00,Jupiter–Uranus opposition,high,synodic_cycle,swisseph,"Rule4: 'Cycle within cycle' — Jupiter opposition Uranus: Jupiter 200.6°, Uranus 20.6°; synodic cycle completion node"
2016-12-27T00:00:00+00:00,Gann Square-of-9 (19²=361 days from Jan 1),high,time_cycle,gann_rules,Rule5: 'Square of time' — 19²=361 calendar days from 2016-01-01; reversal zone in Gann Square-of-9 methodology
2016-12-28T10:44:10+00:00,Gann 7-Day Cycle from Winter Solstice,low,time_cycle,gann_rules,Rule3: 'Nodes=pressure points' — 7-day cycle completes from Winter Solstice (2016-12-21); Weekly rhythm node
2017-01-02T00:00:00+00:00,Gann Square-of-9 (1²=1 days from Jan 1),low,time_cycle,gann_rules,Rule5: 'Square of time' — 1²=1 calendar days from 2017-01-01; reversal zone in Gann Square-of-9 methodology
2017-01-04T10:44:10+00:00,Gann 14-Day Cycle from Winter Solstice,low,time_cycle,gann_rules,Rule3: 'Nodes=pressure points' — 14-day cycle completes from Winter Solstice (2016-12-21); 2-week minor node
2017-01-05T00:00:00+00:00,Gann Square-of-9 (2²=4 days from Jan 1),low,time_cycle,gann_rules,Rule5: 'Square of time' — 2²=4 calendar days from 2017-01-01; reversal zone in Gann Square-of-9 methodology
2017-01-08T09:42:48+00:00,Mercury Station Direct,medium,planetary_station,swisseph,Rule3: 'Nodes=pressure points' — Mercury turns direct at 268.85° (Sagittarius); cycle resumption node
2017-01-10T00:00:00+00:00,Gann Square-of-9 (3²=9 days from Jan 1),low,time_cycle,gann_rules,Rule5: 'Square of time' — 3²=9 calendar days from 2017-01-01; reversal zone in Gann Square-of-9 methodology
2017-01-10T12:00:00+00:00,Gann Pressure Point (3 cycles align),medium,pressure_point,gann_rules,"Rule1:'Time hits node=MOVE' | Rule3:'Nodes=pressure points' | Rule4:'Cycle within cycle' | 3 confluences from [planetary_station, time_cycle] | cycles: Gann 21-Day Cycle from Winter Solstice; Gann Square-of-9 (3²=9 days from Jan 1); Mercury Station Direct"
2017-01-11T10:44:10+00:00,Gann 21-Day Cycle from Winter Solstice,low,time_cycle,gann_rules,Rule3: 'Nodes=pressure points' — 21-day cycle completes from Winter Solstice (2016-12-21); 3-week minor node
2017-01-16T22:34:11+00:00,Gann 210-Day Cycle from Summer Solstice,low,time_cycle,gann_rules,Rule3: 'Nodes=pressure points' — 210-day cycle completes from Summer Solstice (2016-06-20); 7-month node
2017-01-17T00:00:00+00:00,Gann Square-of-9 (4²=16 days from Jan 1),low,time_cycle,gann_rules,Rule5: 'Square of time' — 4²=16 calendar days from 2017-01-01; reversal zone in Gann Square-of-9 methodology
2017-01-20T10:44:10+00:00,Gann 30-Day Cycle from Winter Solstice,medium,time_cycle,gann_rules,Rule3: 'Nodes=pressure points' — 30-day cycle completes from Winter Solstice (2016-12-21); Monthly node — 1/12 annual cycle
2017-01-20T14:21:07+00:00,Gann 120-Day Cycle from Autumn Equinox,medium,time_cycle,gann_rules,Rule3: 'Nodes=pressure points' — 120-day cycle completes from Autumn Equinox (2016-09-22); 1/3 annual cycle node
2017-01-26T00:00:00+00:00,Gann Square-of-9 (5²=25 days from Jan 1),low,time_cycle,gann_rules,Rule5: 'Square of time' — 5²=25 calendar days from 2017-01-01; reversal zone in Gann Square-of-9 methodology
2017-01-29T04:30:11+00:00,Gann 315-Day Cycle from Spring Equinox,medium,time_cycle,gann_rules,Rule3: 'Nodes=pressure points' — 315-day cycle completes from Spring Equinox (2016-03-20); 7/8 annual node
2017-02-04T00:00:00+00:00,Gann Square-of-9 (20²=400 days from Jan 1),low,time_cycle,gann_rules,Rule5: 'Square of time' — 20²=400 calendar days from 2016-01-01; reversal zone in Gann Square-of-9 methodology
2017-02-04T10:44:10+00:00,Gann 45-Day Cycle from Winter Solstice,medium,time_cycle,gann_rules,Rule3: 'Nodes=pressure points' — 45-day cycle completes from Winter Solstice (2016-12-21); 1/8 annual cycle — first seasonal octave
2017-02-04T12:00:00+00:00,Gann Pressure Point (4 cycles align),medium,pressure_point,gann_rules,"Rule1:'Time hits node=MOVE' | Rule3:'Nodes=pressure points' | Rule4:'Cycle within cycle' | 4 confluences from [planetary_station, time_cycle] | cycles: Jupiter Station Retrograde; Gann Square-of-9 (20²=400 days from Jan 1); Gann 45-Day Cycle from Winter Solstice; Gann Square-of-9 (6²=36 days from Jan 1)"
2017-02-06T00:00:00+00:00,Gann Square-of-9 (6²=36 days from Jan 1),low,time_cycle,gann_rules,Rule5: 'Square of time' — 6²=36 calendar days from 2017-01-01; reversal zone in Gann Square-of-9 methodology
2017-02-06T06:52:30+00:00,Jupiter Station Retrograde,high,planetary_station,swisseph,Rule1: 'Time hits node=MOVE' — Jupiter turns retrograde at 203.14° (Libra); cycle inversion node
2017-02-13T14:21:07+00:00,Gann 144-Day Cycle from Autumn Equinox,high,time_cycle,gann_rules,Rule3: 'Nodes=pressure points' — 144-day cycle completes from Autumn Equinox (2016-09-22); Gann sacred number — inner 144° cycle
2017-02-19T00:00:00+00:00,Gann Square-of-9 (7²=49 days from Jan 1),low,time_cycle,gann_rules,Rule5: 'Square of time' — 7²=49 calendar days from 2017-01-01; reversal zone in Gann Square-of-9 methodology
2017-02-19T10:44:10+00:00,Gann 60-Day Cycle from Winter Solstice,medium,time_cycle,gann_rules,Rule3: 'Nodes=pressure points' — 60-day cycle completes from Winter Solstice (2016-12-21); 2-month node — 1/6 annual cycle
2017-03-04T09:08:52+00:00,Venus Station Retrograde,high,planetary_station,swisseph,Rule1: 'Time hits node=MOVE' — Venus turns retrograde at 13.15° (Aries); cycle inversion node
2017-03-06T00:00:00+00:00,Gann Square-of-9 (8²=64 days from Jan 1),low,time_cycle,gann_rules,Rule5: 'Square of time' — 8²=64 calendar days from 2017-01-01; reversal zone in Gann Square-of-9 methodology
2017-03-15T04:30:11+00:00,Gann 360-Day Cycle from Spring Equinox,high,time_cycle,gann_rules,Rule3: 'Nodes=pressure points' — 360-day cycle completes from Spring Equinox (2016-03-20); Annual cycle completion — full revolution
2017-03-17T22:34:11+00:00,Gann 270-Day Cycle from Summer Solstice,high,time_cycle,gann_rules,Rule3: 'Nodes=pressure points' — 270-day cycle completes from Summer Solstice (2016-06-20); 3/4 annual node — final seasonal turn
2017-03-21T10:44:10+00:00,Gann 90-Day Cycle from Winter Solstice,high,time_cycle,gann_rules,Rule3: 'Nodes=pressure points' — 90-day cycle completes from Winter Solstice (2016-12-21); Quarter-year node — seasonal turn zone
2017-03-21T14:21:07+00:00,Gann 180-Day Cycle from Autumn Equinox,high,time_cycle,gann_rules,Rule3: 'Nodes=pressure points' — 180-day cycle completes from Autumn Equinox (2016-09-22); Half-year reversal node — cycle midpoint
2017-03-23T00:00:00+00:00,Gann Square-of-9 (9²=81 days from Jan 1),medium,time_cycle,gann_rules,Rule5: 'Square of time' — 9²=81 calendar days from 2017-01-01; reversal zone in Gann Square-of-9 methodology
2017-03-27T10:28:39+00:00,Gann 7-Day Cycle from Spring Equinox,low,time_cycle,gann_rules,Rule3: 'Nodes=pressure points' — 7-day cycle completes from Spring Equinox (2017-03-20); Weekly rhythm node
2017-04-03T10:28:39+00:00,Gann 14-Day Cycle from Spring Equinox,low,time_cycle,gann_rules,Rule3: 'Nodes=pressure points' — 14-day cycle completes from Spring Equinox (2017-03-20); 2-week minor node
2017-04-06T05:05:40+00:00,Saturn Station Retrograde,high,planetary_station,swisseph,Rule1: 'Time hits node=MOVE' — Saturn turns retrograde at 267.79° (Sagittarius); cycle inversion node
2017-04-09T12:00:00+00:00,Gann Pressure Point (3 cycles align),medium,pressure_point,gann_rules,"Rule1:'Time hits node=MOVE' | Rule3:'Nodes=pressure points' | Rule4:'Cycle within cycle' | 3 confluences from [planetary_station, time_cycle] | cycles: Gann Square-of-9 (10²=100 days from Jan 1); Mercury Station Retrograde; Gann 21-Day Cycle from Spring Equinox"
2017-04-09T23:14:24+00:00,Mercury Station Retrograde,high,planetary_station,swisseph,Rule1: 'Time hits node=MOVE' — Mercury turns retrograde at 34.85° (Taurus); cycle inversion node
2017-04-10T10:28:39+00:00,Gann 21-Day Cycle from Spring Equinox,low,time_cycle,gann_rules,Rule3: 'Nodes=pressure points' — 21-day cycle completes from Spring Equinox (2017-03-20); 3-week minor node
2017-04-11T00:00:00+00:00,Gann Square-of-9 (10²=100 days from Jan 1),medium,time_cycle,gann_rules,Rule5: 'Square of time' — 10²=100 calendar days from 2017-01-01; reversal zone in Gann Square-of-9 methodology
2017-04-15T10:17:52+00:00,Venus Station Direct,medium,planetary_station,swisseph,Rule3: 'Nodes=pressure points' — Venus turns direct at 356.91° (Pisces); cycle resumption node
2017-04-19T10:28:39+00:00,Gann 30-Day Cycle from Spring Equinox,medium,time_cycle,gann_rules,Rule3: 'Nodes=pressure points' — 30-day cycle completes from Spring Equinox (2017-03-20); Monthly node — 1/12 annual cycle
2017-04-20T10:44:10+00:00,Gann 120-Day Cycle from Winter Solstice,medium,time_cycle,gann_rules,Rule3: 'Nodes=pressure points' — 120-day cycle completes from Winter Solstice (2016-12-21); 1/3 annual cycle node
2017-04-20T14:21:07+00:00,Gann 210-Day Cycle from Autumn Equinox,low,time_cycle,gann_rules,Rule3: 'Nodes=pressure points' — 210-day cycle completes from Autumn Equinox (2016-09-22); 7-month node
2017-05-01T22:34:11+00:00,Gann 315-Day Cycle from Summer Solstice,medium,time_cycle,gann_rules,Rule3: 'Nodes=pressure points' — 315-day cycle completes from Summer Solstice (2016-06-20); 7/8 annual node
2017-05-02T00:00:00+00:00,Gann Square-of-9 (11²=121 days from Jan 1),medium,time_cycle,gann_rules,Rule5: 'Square of time' — 11²=121 calendar days from 2017-01-01; reversal zone in Gann Square-of-9 methodology
2017-05-02T12:00:00+00:00,Gann Pressure Point (4 cycles align),medium,pressure_point,gann_rules,"Rule1:'Time hits node=MOVE' | Rule3:'Nodes=pressure points' | Rule4:'Cycle within cycle' | 4 confluences from [planetary_station, time_cycle] | cycles: Gann 315-Day Cycle from Summer Solstice; Gann Square-of-9 (11²=121 days from Jan 1); Gann 45-Day Cycle from Spring Equinox; Mercury Station Direct"
2017-05-03T16:32:43+00:00,Mercury Station Direct,medium,planetary_station,swisseph,Rule3: 'Nodes=pressure points' — Mercury turns direct at 24.26° (Aries); cycle resumption node
2017-05-04T10:28:39+00:00,Gann 45-Day Cycle from Spring Equinox,medium,time_cycle,gann_rules,Rule3: 'Nodes=pressure points' — 45-day cycle completes from Spring Equinox (2017-03-20); 1/8 annual cycle — first seasonal octave
2017-05-14T10:44:10+00:00,Gann 144-Day Cycle from Winter Solstice,high,time_cycle,gann_rules,Rule3: 'Nodes=pressure points' — 144-day cycle completes from Winter Solstice (2016-12-21); Gann sacred number — inner 144° cycle
2017-05-19T10:28:39+00:00,Gann 60-Day Cycle from Spring Equinox,medium,time_cycle,gann_rules,Rule3: 'Nodes=pressure points' — 60-day cycle completes from Spring Equinox (2017-03-20); 2-month node — 1/6 annual cycle
2017-05-19T14:11:28+00:00,Venus–Jupiter opposition,medium,synodic_cycle,swisseph,"Rule4: 'Cycle within cycle' — Venus opposition Jupiter: Venus 13.9°, Jupiter 193.9°; synodic cycle completion node"
2017-05-25T00:00:00+00:00,Gann Square-of-9 (12²=144 days from Jan 1),high,time_cycle,gann_rules,Rule5: 'Square of time' — 12²=144 calendar days from 2017-01-01; reversal zone in Gann Square-of-9 methodology
2017-06-09T14:02:21+00:00,Jupiter Station Direct,medium,planetary_station,swisseph,Rule3: 'Nodes=pressure points' — Jupiter turns direct at 193.22° (Libra); cycle resumption node
2017-06-15T22:34:11+00:00,Gann 360-Day Cycle from Summer Solstice,high,time_cycle,gann_rules,Rule3: 'Nodes=pressure points' — 360-day cycle completes from Summer Solstice (2016-06-20); Annual cycle completion — full revolution
2017-06-18T10:28:39+00:00,Gann 90-Day Cycle from Spring Equinox,high,time_cycle,gann_rules,Rule3: 'Nodes=pressure points' — 90-day cycle completes from Spring Equinox (2017-03-20); Quarter-year node — seasonal turn zone
2017-06-19T00:00:00+00:00,Gann Square-of-9 (13²=169 days from Jan 1),low,time_cycle,gann_rules,Rule5: 'Square of time' — 13²=169 calendar days from 2017-01-01; reversal zone in Gann Square-of-9 methodology
2017-06-19T10:44:10+00:00,Gann 180-Day Cycle from Winter Solstice,high,time_cycle,gann_rules,Rule3: 'Nodes=pressure points' — 180-day cycle completes from Winter Solstice (2016-12-21); Half-year reversal node — cycle midpoint
2017-06-19T14:21:07+00:00,Gann 270-Day Cycle from Autumn Equinox,high,time_cycle,gann_rules,Rule3: 'Nodes=pressure points' — 270-day cycle completes from Autumn Equinox (2016-09-22); 3/4 annual node — final seasonal turn
2017-06-28T04:24:10+00:00,Gann 7-Day Cycle from Summer Solstice,low,time_cycle,gann_rules,Rule3: 'Nodes=pressure points' — 7-day cycle completes from Summer Solstice (2017-06-21); Weekly rhythm node
2017-07-05T04:24:10+00:00,Gann 14-Day Cycle from Summer Solstice,low,time_cycle,gann_rules,Rule3: 'Nodes=pressure points' — 14-day cycle completes from Summer Solstice (2017-06-21); 2-week minor node
2017-07-12T04:24:10+00:00,Gann 21-Day Cycle from Summer Solstice,low,time_cycle,gann_rules,Rule3: 'Nodes=pressure points' — 21-day cycle completes from Summer Solstice (2017-06-21); 3-week minor node
2017-07-16T00:00:00+00:00,Gann Square-of-9 (14²=196 days from Jan 1),medium,time_cycle,gann_rules,Rule5: 'Square of time' — 14²=196 calendar days from 2017-01-01; reversal zone in Gann Square-of-9 methodology
2017-07-18T10:28:39+00:00,Gann 120-Day Cycle from Spring Equinox,medium,time_cycle,gann_rules,Rule3: 'Nodes=pressure points' — 120-day cycle completes from Spring Equinox (2017-03-20); 1/3 annual cycle node
2017-07-19T10:44:10+00:00,Gann 210-Day Cycle from Winter Solstice,low,time_cycle,gann_rules,Rule3: 'Nodes=pressure points' — 210-day cycle completes from Winter Solstice (2016-12-21); 7-month node
2017-07-21T04:24:10+00:00,Gann 30-Day Cycle from Summer Solstice,medium,time_cycle,gann_rules,Rule3: 'Nodes=pressure points' — 30-day cycle completes from Summer Solstice (2017-06-21); Monthly node — 1/12 annual cycle
2017-08-03T14:21:07+00:00,Gann 315-Day Cycle from Autumn Equinox,medium,time_cycle,gann_rules,Rule3: 'Nodes=pressure points' — 315-day cycle completes from Autumn Equinox (2016-09-22); 7/8 annual node
2017-08-05T04:24:10+00:00,Gann 45-Day Cycle from Summer Solstice,medium,time_cycle,gann_rules,Rule3: 'Nodes=pressure points' — 45-day cycle completes from Summer Solstice (2017-06-21); 1/8 annual cycle — first seasonal octave
2017-08-11T10:28:39+00:00,Gann 144-Day Cycle from Spring Equinox,high,time_cycle,gann_rules,Rule3: 'Nodes=pressure points' — 144-day cycle completes from Spring Equinox (2017-03-20); Gann sacred number — inner 144° cycle
2017-08-13T01:00:35+00:00,Mercury Station Retrograde,high,planetary_station,swisseph,Rule1: 'Time hits node=MOVE' — Mercury turns retrograde at 161.64° (Virgo); cycle inversion node
2017-08-13T12:00:00+00:00,Gann Pressure Point (3 cycles align),medium,pressure_point,gann_rules,"Rule1:'Time hits node=MOVE' | Rule3:'Nodes=pressure points' | Rule4:'Cycle within cycle' | 3 confluences from [planetary_station, time_cycle] | cycles: Gann 144-Day Cycle from Spring Equinox; Gann Square-of-9 (15²=225 days from Jan 1); Mercury Station Retrograde"
2017-08-14T00:00:00+00:00,Gann Square-of-9 (15²=225 days from Jan 1),high,time_cycle,gann_rules,Rule5: 'Square of time' — 15²=225 calendar days from 2017-01-01; reversal zone in Gann Square-of-9 methodology
2017-08-20T04:24:10+00:00,Gann 60-Day Cycle from Summer Solstice,medium,time_cycle,gann_rules,Rule3: 'Nodes=pressure points' — 60-day cycle completes from Summer Solstice (2017-06-21); 2-month node — 1/6 annual cycle
2017-08-25T12:08:16+00:00,Saturn Station Direct,medium,planetary_station,swisseph,Rule3: 'Nodes=pressure points' — Saturn turns direct at 261.18° (Sagittarius); cycle resumption node
2017-09-05T11:29:27+00:00,Mercury Station Direct,medium,planetary_station,swisseph,Rule3: 'Nodes=pressure points' — Mercury turns direct at 148.42° (Leo); cycle resumption node
2017-09-14T00:00:00+00:00,Gann Square-of-9 (16²=256 days from Jan 1),low,time_cycle,gann_rules,Rule5: 'Square of time' — 16²=256 calendar days from 2017-01-01; reversal zone in Gann Square-of-9 methodology
2017-09-16T10:28:39+00:00,Gann 180-Day Cycle from Spring Equinox,high,time_cycle,gann_rules,Rule3: 'Nodes=pressure points' — 180-day cycle completes from Spring Equinox (2017-03-20); Half-year reversal node — cycle midpoint
2017-09-17T10:44:10+00:00,Gann 270-Day Cycle from Winter Solstice,high,time_cycle,gann_rules,Rule3: 'Nodes=pressure points' — 270-day cycle completes from Winter Solstice (2016-12-21); 3/4 annual node — final seasonal turn
2017-09-17T14:21:07+00:00,Gann 360-Day Cycle from Autumn Equinox,high,time_cycle,gann_rules,Rule3: 'Nodes=pressure points' — 360-day cycle completes from Autumn Equinox (2016-09-22); Annual cycle completion — full revolution
2017-09-19T04:24:10+00:00,Gann 90-Day Cycle from Summer Solstice,high,time_cycle,gann_rules,Rule3: 'Nodes=pressure points' — 90-day cycle completes from Summer Solstice (2017-06-21); Quarter-year node — seasonal turn zone
2017-09-28T04:24:42+00:00,Jupiter–Uranus opposition,high,synodic_cycle,swisseph,"Rule4: 'Cycle within cycle' — Jupiter opposition Uranus: Jupiter 207.4°, Uranus 27.4°; synodic cycle completion node"
2017-09-29T20:01:48+00:00,Gann 7-Day Cycle from Autumn Equinox,low,time_cycle,gann_rules,Rule3: 'Nodes=pressure points' — 7-day cycle completes from Autumn Equinox (2017-09-22); Weekly rhythm node
2017-10-06T20:01:48+00:00,Gann 14-Day Cycle from Autumn Equinox,low,time_cycle,gann_rules,Rule3: 'Nodes=pressure points' — 14-day cycle completes from Autumn Equinox (2017-09-22); 2-week minor node
2017-10-13T20:01:48+00:00,Gann 21-Day Cycle from Autumn Equinox,low,time_cycle,gann_rules,Rule3: 'Nodes=pressure points' — 21-day cycle completes from Autumn Equinox (2017-09-22); 3-week minor node
2017-10-16T10:28:39+00:00,Gann 210-Day Cycle from Spring Equinox,low,time_cycle,gann_rules,Rule3: 'Nodes=pressure points' — 210-day cycle completes from Spring Equinox (2017-03-20); 7-month node
2017-10-17T00:00:00+00:00,Gann Square-of-9 (17²=289 days from Jan 1),high,time_cycle,gann_rules,Rule5: 'Square of time' — 17²=289 calendar days from 2017-01-01; reversal zone in Gann Square-of-9 methodology
2017-10-19T04:24:10+00:00,Gann 120-Day Cycle from Summer Solstice,medium,time_cycle,gann_rules,Rule3: 'Nodes=pressure points' — 120-day cycle completes from Summer Solstice (2017-06-21); 1/3 annual cycle node
2017-10-22T20:01:48+00:00,Gann 30-Day Cycle from Autumn Equinox,medium,time_cycle,gann_rules,Rule3: 'Nodes=pressure points' — 30-day cycle completes from Autumn Equinox (2017-09-22); Monthly node — 1/12 annual cycle
2017-11-01T10:44:10+00:00,Gann 315-Day Cycle from Winter Solstice,medium,time_cycle,gann_rules,Rule3: 'Nodes=pressure points' — 315-day cycle completes from Winter Solstice (2016-12-21); 7/8 annual node
2017-11-06T20:01:48+00:00,Gann 45-Day Cycle from Autumn Equinox,medium,time_cycle,gann_rules,Rule3: 'Nodes=pressure points' — 45-day cycle completes from Autumn Equinox (2017-09-22); 1/8 annual cycle — first seasonal octave
2017-11-12T04:24:10+00:00,Gann 144-Day Cycle from Summer Solstice,high,time_cycle,gann_rules,Rule3: 'Nodes=pressure points' — 144-day cycle completes from Summer Solstice (2017-06-21); Gann sacred number — inner 144° cycle
2017-11-13T08:15:32+00:00,Venus–Jupiter conjunction,medium,synodic_cycle,swisseph,"Rule4: 'Cycle within cycle' — Venus conjunction Jupiter: Venus 217.3°, Jupiter 217.3°; synodic cycle completion node"
2017-11-21T00:00:00+00:00,Gann Square-of-9 (18²=324 days from Jan 1),low,time_cycle,gann_rules,Rule5: 'Square of time' — 18²=324 calendar days from 2017-01-01; reversal zone in Gann Square-of-9 methodology
2017-11-21T20:01:48+00:00,Gann 60-Day Cycle from Autumn Equinox,medium,time_cycle,gann_rules,Rule3: 'Nodes=pressure points' — 60-day cycle completes from Autumn Equinox (2017-09-22); 2-month node — 1/6 annual cycle
2017-12-03T07:34:14+00:00,Mercury Station Retrograde,high,planetary_station,swisseph,Rule1: 'Time hits node=MOVE' — Mercury turns retrograde at 269.30° (Sagittarius); cycle inversion node
2017-12-15T10:28:39+00:00,Gann 270-Day Cycle from Spring Equinox,high,time_cycle,gann_rules,Rule3: 'Nodes=pressure points' — 270-day cycle completes from Spring Equinox (2017-03-20); 3/4 annual node — final seasonal turn
2017-12-16T10:44:10+00:00,Gann 360-Day Cycle from Winter Solstice,high,time_cycle,gann_rules,Rule3: 'Nodes=pressure points' — 360-day cycle completes from Winter Solstice (2016-12-21); Annual cycle completion — full revolution
2017-12-18T04:24:10+00:00,Gann 180-Day Cycle from Summer Solstice,high,time_cycle,gann_rules,Rule3: 'Nodes=pressure points' — 180-day cycle completes from Summer Solstice (2017-06-21); Half-year reversal node — cycle midpoint
2017-12-21T20:01:48+00:00,Gann 90-Day Cycle from Autumn Equinox,high,time_cycle,gann_rules,Rule3: 'Nodes=pressure points' — 90-day cycle completes from Autumn Equinox (2017-09-22); Quarter-year node — seasonal turn zone
2017-12-23T01:50:49+00:00,Mercury Station Direct,medium,planetary_station,swisseph,Rule3: 'Nodes=pressure points' — Mercury turns direct at 253.00° (Sagittarius); cycle resumption node
2017-12-28T00:00:00+00:00,Gann Square-of-9 (19²=361 days from Jan 1),high,time_cycle,gann_rules,Rule5: 'Square of time' — 19²=361 calendar days from 2017-01-01; reversal zone in Gann Square-of-9 methodology
2017-12-28T16:27:57+00:00,Gann 7-Day Cycle from Winter Solstice,low,time_cycle,gann_rules,Rule3: 'Nodes=pressure points' — 7-day cycle completes from Winter Solstice (2017-12-21); Weekly rhythm node
2018-01-02T00:00:00+00:00,Gann Square-of-9 (1²=1 days from Jan 1),low,time_cycle,gann_rules,Rule5: 'Square of time' — 1²=1 calendar days from 2018-01-01; reversal zone in Gann Square-of-9 methodology
2018-01-04T16:27:57+00:00,Gann 14-Day Cycle from Winter Solstice,low,time_cycle,gann_rules,Rule3: 'Nodes=pressure points' — 14-day cycle completes from Winter Solstice (2017-12-21); 2-week minor node
2018-01-05T00:00:00+00:00,Gann Square-of-9 (2²=4 days from Jan 1),low,time_cycle,gann_rules,Rule5: 'Square of time' — 2²=4 calendar days from 2018-01-01; reversal zone in Gann Square-of-9 methodology
2018-01-10T00:00:00+00:00,Gann Square-of-9 (3²=9 days from Jan 1),low,time_cycle,gann_rules,Rule5: 'Square of time' — 3²=9 calendar days from 2018-01-01; reversal zone in Gann Square-of-9 methodology
2018-01-11T16:27:57+00:00,Gann 21-Day Cycle from Winter Solstice,low,time_cycle,gann_rules,Rule3: 'Nodes=pressure points' — 21-day cycle completes from Winter Solstice (2017-12-21); 3-week minor node
2018-01-17T00:00:00+00:00,Gann Square-of-9 (4²=16 days from Jan 1),low,time_cycle,gann_rules,Rule5: 'Square of time' — 4²=16 calendar days from 2018-01-01; reversal zone in Gann Square-of-9 methodology
2018-01-17T04:24:10+00:00,Gann 210-Day Cycle from Summer Solstice,low,time_cycle,gann_rules,Rule3: 'Nodes=pressure points' — 210-day cycle completes from Summer Solstice (2017-06-21); 7-month node
2018-01-20T16:27:57+00:00,Gann 30-Day Cycle from Winter Solstice,medium,time_cycle,gann_rules,Rule3: 'Nodes=pressure points' — 30-day cycle completes from Winter Solstice (2017-12-21); Monthly node — 1/12 annual cycle
2018-01-20T20:01:48+00:00,Gann 120-Day Cycle from Autumn Equinox,medium,time_cycle,gann_rules,Rule3: 'Nodes=pressure points' — 120-day cycle completes from Autumn Equinox (2017-09-22); 1/3 annual cycle node
2018-01-26T00:00:00+00:00,Gann Square-of-9 (5²=25 days from Jan 1),low,time_cycle,gann_rules,Rule5: 'Square of time' — 5²=25 calendar days from 2018-01-01; reversal zone in Gann Square-of-9 methodology
2018-01-29T10:28:39+00:00,Gann 315-Day Cycle from Spring Equinox,medium,time_cycle,gann_rules,Rule3: 'Nodes=pressure points' — 315-day cycle completes from Spring Equinox (2017-03-20); 7/8 annual node
2018-02-04T16:27:57+00:00,Gann 45-Day Cycle from Winter Solstice,medium,time_cycle,gann_rules,Rule3: 'Nodes=pressure points' — 45-day cycle completes from Winter Solstice (2017-12-21); 1/8 annual cycle — first seasonal octave
2018-02-05T00:00:00+00:00,Gann Square-of-9 (20²=400 days from Jan 1),low,time_cycle,gann_rules,Rule5: 'Square of time' — 20²=400 calendar days from 2017-01-01; reversal zone in Gann Square-of-9 methodology
2018-02-06T00:00:00+00:00,Gann Square-of-9 (6²=36 days from Jan 1),low,time_cycle,gann_rules,Rule5: 'Square of time' — 6²=36 calendar days from 2018-01-01; reversal zone in Gann Square-of-9 methodology
2018-02-13T20:01:48+00:00,Gann 144-Day Cycle from Autumn Equinox,high,time_cycle,gann_rules,Rule3: 'Nodes=pressure points' — 144-day cycle completes from Autumn Equinox (2017-09-22); Gann sacred number — inner 144° cycle
2018-02-19T00:00:00+00:00,Gann Square-of-9 (7²=49 days from Jan 1),low,time_cycle,gann_rules,Rule5: 'Square of time' — 7²=49 calendar days from 2018-01-01; reversal zone in Gann Square-of-9 methodology
2018-02-19T16:27:57+00:00,Gann 60-Day Cycle from Winter Solstice,medium,time_cycle,gann_rules,Rule3: 'Nodes=pressure points' — 60-day cycle completes from Winter Solstice (2017-12-21); 2-month node — 1/6 annual cycle
2018-03-06T00:00:00+00:00,Gann Square-of-9 (8²=64 days from Jan 1),low,time_cycle,gann_rules,Rule5: 'Square of time' — 8²=64 calendar days from 2018-01-01; reversal zone in Gann Square-of-9 methodology
2018-03-09T04:45:42+00:00,Jupiter Station Retrograde,high,planetary_station,swisseph,Rule1: 'Time hits node=MOVE' — Jupiter turns retrograde at 233.22° (Scorpio); cycle inversion node
2018-03-15T10:28:39+00:00,Gann 360-Day Cycle from Spring Equinox,high,time_cycle,gann_rules,Rule3: 'Nodes=pressure points' — 360-day cycle completes from Spring Equinox (2017-03-20); Annual cycle completion — full revolution
2018-03-18T04:24:10+00:00,Gann 270-Day Cycle from Summer Solstice,high,time_cycle,gann_rules,Rule3: 'Nodes=pressure points' — 270-day cycle completes from Summer Solstice (2017-06-21); 3/4 annual node — final seasonal turn
2018-03-21T12:00:00+00:00,Gann Pressure Point (4 cycles align),medium,pressure_point,gann_rules,"Rule1:'Time hits node=MOVE' | Rule3:'Nodes=pressure points' | Rule4:'Cycle within cycle' | 4 confluences from [planetary_station, time_cycle] | cycles: Gann Square-of-9 (9²=81 days from Jan 1); Gann 90-Day Cycle from Winter Solstice; Gann 180-Day Cycle from Autumn Equinox; Mercury Station Retrograde"
2018-03-21T16:27:57+00:00,Gann 90-Day Cycle from Winter Solstice,high,time_cycle,gann_rules,Rule3: 'Nodes=pressure points' — 90-day cycle completes from Winter Solstice (2017-12-21); Quarter-year node — seasonal turn zone
2018-03-21T20:01:48+00:00,Gann 180-Day Cycle from Autumn Equinox,high,time_cycle,gann_rules,Rule3: 'Nodes=pressure points' — 180-day cycle completes from Autumn Equinox (2017-09-22); Half-year reversal node — cycle midpoint
2018-03-23T00:00:00+00:00,Gann Square-of-9 (9²=81 days from Jan 1),medium,time_cycle,gann_rules,Rule5: 'Square of time' — 9²=81 calendar days from 2018-01-01; reversal zone in Gann Square-of-9 methodology
2018-03-23T00:18:56+00:00,Mercury Station Retrograde,high,planetary_station,swisseph,Rule1: 'Time hits node=MOVE' — Mercury turns retrograde at 16.91° (Aries); cycle inversion node
2018-03-27T16:15:27+00:00,Gann 7-Day Cycle from Spring Equinox,low,time_cycle,gann_rules,Rule3: 'Nodes=pressure points' — 7-day cycle completes from Spring Equinox (2018-03-20); Weekly rhythm node
2018-04-03T16:15:27+00:00,Gann 14-Day Cycle from Spring Equinox,low,time_cycle,gann_rules,Rule3: 'Nodes=pressure points' — 14-day cycle completes from Spring Equinox (2018-03-20); 2-week minor node
2018-04-10T16:15:27+00:00,Gann 21-Day Cycle from Spring Equinox,low,time_cycle,gann_rules,Rule3: 'Nodes=pressure points' — 21-day cycle completes from Spring Equinox (2018-03-20); 3-week minor node
2018-04-11T00:00:00+00:00,Gann Square-of-9 (10²=100 days from Jan 1),medium,time_cycle,gann_rules,Rule5: 'Square of time' — 10²=100 calendar days from 2018-01-01; reversal zone in Gann Square-of-9 methodology
2018-04-15T09:20:52+00:00,Mercury Station Direct,medium,planetary_station,swisseph,Rule3: 'Nodes=pressure points' — Mercury turns direct at 4.78° (Aries); cycle resumption node
2018-04-17T06:59:38+00:00,Venus–Jupiter opposition,medium,synodic_cycle,swisseph,"Rule4: 'Cycle within cycle' — Venus opposition Jupiter: Venus 51.0°, Jupiter 231.0°; synodic cycle completion node"
2018-04-18T01:46:48+00:00,Saturn Station Retrograde,high,planetary_station,swisseph,Rule1: 'Time hits node=MOVE' — Saturn turns retrograde at 279.15° (Capricorn); cycle inversion node
2018-04-18T12:00:00+00:00,Gann Pressure Point (5 cycles align),high,pressure_point,gann_rules,"Rule1:'Time hits node=MOVE' | Rule3:'Nodes=pressure points' | Rule4:'Cycle within cycle' | 5 confluences from [planetary_station, synodic_cycle, time_cycle] | cycles: Gann 210-Day Cycle from Autumn Equinox; Gann 30-Day Cycle from Spring Equinox; Venus–Jupiter opposition; Gann 120-Day Cycle from Winter Solstice; Saturn Station Retrograde"
2018-04-19T16:15:27+00:00,Gann 30-Day Cycle from Spring Equinox,medium,time_cycle,gann_rules,Rule3: 'Nodes=pressure points' — 30-day cycle completes from Spring Equinox (2018-03-20); Monthly node — 1/12 annual cycle
2018-04-20T16:27:57+00:00,Gann 120-Day Cycle from Winter Solstice,medium,time_cycle,gann_rules,Rule3: 'Nodes=pressure points' — 120-day cycle completes from Winter Solstice (2017-12-21); 1/3 annual cycle node
2018-04-20T20:01:48+00:00,Gann 210-Day Cycle from Autumn Equinox,low,time_cycle,gann_rules,Rule3: 'Nodes=pressure points' — 210-day cycle completes from Autumn Equinox (2017-09-22); 7-month node
2018-05-02T00:00:00+00:00,Gann Square-of-9 (11²=121 days from Jan 1),medium,time_cycle,gann_rules,Rule5: 'Square of time' — 11²=121 calendar days from 2018-01-01; reversal zone in Gann Square-of-9 methodology
2018-05-02T04:24:10+00:00,Gann 315-Day Cycle from Summer Solstice,medium,time_cycle,gann_rules,Rule3: 'Nodes=pressure points' — 315-day cycle completes from Summer Solstice (2017-06-21); 7/8 annual node
2018-05-04T16:15:27+00:00,Gann 45-Day Cycle from Spring Equinox,medium,time_cycle,gann_rules,Rule3: 'Nodes=pressure points' — 45-day cycle completes from Spring Equinox (2018-03-20); 1/8 annual cycle — first seasonal octave
2018-05-14T16:27:57+00:00,Gann 144-Day Cycle from Winter Solstice,high,time_cycle,gann_rules,Rule3: 'Nodes=pressure points' — 144-day cycle completes from Winter Solstice (2017-12-21); Gann sacred number — inner 144° cycle
2018-05-19T16:15:27+00:00,Gann 60-Day Cycle from Spring Equinox,medium,time_cycle,gann_rules,Rule3: 'Nodes=pressure points' — 60-day cycle completes from Spring Equinox (2018-03-20); 2-month node — 1/6 annual cycle
2018-05-25T00:00:00+00:00,Gann Square-of-9 (12²=144 days from Jan 1),high,time_cycle,gann_rules,Rule5: 'Square of time' — 12²=144 calendar days from 2018-01-01; reversal zone in Gann Square-of-9 methodology
2018-06-16T04:24:10+00:00,Gann 360-Day Cycle from Summer Solstice,high,time_cycle,gann_rules,Rule3: 'Nodes=pressure points' — 360-day cycle completes from Summer Solstice (2017-06-21); Annual cycle completion — full revolution
2018-06-18T16:15:27+00:00,Gann 90-Day Cycle from Spring Equinox,high,time_cycle,gann_rules,Rule3: 'Nodes=pressure points' — 90-day cycle completes from Spring Equinox (2018-03-20); Quarter-year node — seasonal turn zone
2018-06-19T00:00:00+00:00,Gann Square-of-9 (13²=169 days from Jan 1),low,time_cycle,gann_rules,Rule5: 'Square of time' — 13²=169 calendar days from 2018-01-01; reversal zone in Gann Square-of-9 methodology
2018-06-19T16:27:57+00:00,Gann 180-Day Cycle from Winter Solstice,high,time_cycle,gann_rules,Rule3: 'Nodes=pressure points' — 180-day cycle completes from Winter Solstice (2017-12-21); Half-year reversal node — cycle midpoint
2018-06-19T20:01:48+00:00,Gann 270-Day Cycle from Autumn Equinox,high,time_cycle,gann_rules,Rule3: 'Nodes=pressure points' — 270-day cycle completes from Autumn Equinox (2017-09-22); 3/4 annual node — final seasonal turn
2018-06-26T21:04:32+00:00,Mars Station Retrograde,high,planetary_station,swisseph,Rule1: 'Time hits node=MOVE' — Mars turns retrograde at 309.22° (Aquarius); cycle inversion node
2018-06-28T10:07:17+00:00,Gann 7-Day Cycle from Summer Solstice,low,time_cycle,gann_rules,Rule3: 'Nodes=pressure points' — 7-day cycle completes from Summer Solstice (2018-06-21); Weekly rhythm node
2018-07-05T10:07:17+00:00,Gann 14-Day Cycle from Summer Solstice,low,time_cycle,gann_rules,Rule3: 'Nodes=pressure points' — 14-day cycle completes from Summer Solstice (2018-06-21); 2-week minor node
2018-07-10T17:03:02+00:00,Jupiter Station Direct,medium,planetary_station,swisseph,Rule3: 'Nodes=pressure points' — Jupiter turns direct at 223.34° (Scorpio); cycle resumption node
2018-07-12T10:07:17+00:00,Gann 21-Day Cycle from Summer Solstice,low,time_cycle,gann_rules,Rule3: 'Nodes=pressure points' — 21-day cycle completes from Summer Solstice (2018-06-21); 3-week minor node
2018-07-16T00:00:00+00:00,Gann Square-of-9 (14²=196 days from Jan 1),medium,time_cycle,gann_rules,Rule5: 'Square of time' — 14²=196 calendar days from 2018-01-01; reversal zone in Gann Square-of-9 methodology
2018-07-18T16:15:27+00:00,Gann 120-Day Cycle from Spring Equinox,medium,time_cycle,gann_rules,Rule3: 'Nodes=pressure points' — 120-day cycle completes from Spring Equinox (2018-03-20); 1/3 annual cycle node
2018-07-19T16:27:57+00:00,Gann 210-Day Cycle from Winter Solstice,low,time_cycle,gann_rules,Rule3: 'Nodes=pressure points' — 210-day cycle completes from Winter Solstice (2017-12-21); 7-month node
2018-07-21T10:07:17+00:00,Gann 30-Day Cycle from Summer Solstice,medium,time_cycle,gann_rules,Rule3: 'Nodes=pressure points' — 30-day cycle completes from Summer Solstice (2018-06-21); Monthly node — 1/12 annual cycle
2018-07-26T05:02:26+00:00,Mercury Station Retrograde,high,planetary_station,swisseph,Rule1: 'Time hits node=MOVE' — Mercury turns retrograde at 143.46° (Leo); cycle inversion node
2018-08-03T20:01:48+00:00,Gann 315-Day Cycle from Autumn Equinox,medium,time_cycle,gann_rules,Rule3: 'Nodes=pressure points' — 315-day cycle completes from Autumn Equinox (2017-09-22); 7/8 annual node
2018-08-05T10:07:17+00:00,Gann 45-Day Cycle from Summer Solstice,medium,time_cycle,gann_rules,Rule3: 'Nodes=pressure points' — 45-day cycle completes from Summer Solstice (2018-06-21); 1/8 annual cycle — first seasonal octave
2018-08-11T16:15:27+00:00,Gann 144-Day Cycle from Spring Equinox,high,time_cycle,gann_rules,Rule3: 'Nodes=pressure points' — 144-day cycle completes from Spring Equinox (2018-03-20); Gann sacred number — inner 144° cycle
2018-08-14T00:00:00+00:00,Gann Square-of-9 (15²=225 days from Jan 1),high,time_cycle,gann_rules,Rule5: 'Square of time' — 15²=225 calendar days from 2018-01-01; reversal zone in Gann Square-of-9 methodology
2018-08-19T04:24:47+00:00,Mercury Station Direct,medium,planetary_station,swisseph,Rule3: 'Nodes=pressure points' — Mercury turns direct at 131.53° (Leo); cycle resumption node
2018-08-20T10:07:17+00:00,Gann 60-Day Cycle from Summer Solstice,medium,time_cycle,gann_rules,Rule3: 'Nodes=pressure points' — 60-day cycle completes from Summer Solstice (2018-06-21); 2-month node — 1/6 annual cycle
2018-08-27T14:04:50+00:00,Mars Station Direct,medium,planetary_station,swisseph,Rule3: 'Nodes=pressure points' — Mars turns direct at 298.61° (Capricorn); cycle resumption node
2018-09-06T11:08:30+00:00,Saturn Station Direct,medium,planetary_station,swisseph,Rule3: 'Nodes=pressure points' — Saturn turns direct at 272.54° (Capricorn); cycle resumption node
2018-09-14T00:00:00+00:00,Gann Square-of-9 (16²=256 days from Jan 1),low,time_cycle,gann_rules,Rule5: 'Square of time' — 16²=256 calendar days from 2018-01-01; reversal zone in Gann Square-of-9 methodology
2018-09-16T16:15:27+00:00,Gann 180-Day Cycle from Spring Equinox,high,time_cycle,gann_rules,Rule3: 'Nodes=pressure points' — 180-day cycle completes from Spring Equinox (2018-03-20); Half-year reversal node — cycle midpoint
2018-09-17T16:27:57+00:00,Gann 270-Day Cycle from Winter Solstice,high,time_cycle,gann_rules,Rule3: 'Nodes=pressure points' — 270-day cycle completes from Winter Solstice (2017-12-21); 3/4 annual node — final seasonal turn
2018-09-17T20:01:48+00:00,Gann 360-Day Cycle from Autumn Equinox,high,time_cycle,gann_rules,Rule3: 'Nodes=pressure points' — 360-day cycle completes from Autumn Equinox (2017-09-22); Annual cycle completion — full revolution
2018-09-19T10:07:17+00:00,Gann 90-Day Cycle from Summer Solstice,high,time_cycle,gann_rules,Rule3: 'Nodes=pressure points' — 90-day cycle completes from Summer Solstice (2018-06-21); Quarter-year node — seasonal turn zone
2018-09-30T01:54:05+00:00,Gann 7-Day Cycle from Autumn Equinox,low,time_cycle,gann_rules,Rule3: 'Nodes=pressure points' — 7-day cycle completes from Autumn Equinox (2018-09-23); Weekly rhythm node
2018-10-05T19:04:17+00:00,Venus Station Retrograde,high,planetary_station,swisseph,Rule1: 'Time hits node=MOVE' — Venus turns retrograde at 220.84° (Scorpio); cycle inversion node
2018-10-07T01:54:05+00:00,Gann 14-Day Cycle from Autumn Equinox,low,time_cycle,gann_rules,Rule3: 'Nodes=pressure points' — 14-day cycle completes from Autumn Equinox (2018-09-23); 2-week minor node
2018-10-14T01:54:05+00:00,Gann 21-Day Cycle from Autumn Equinox,low,time_cycle,gann_rules,Rule3: 'Nodes=pressure points' — 21-day cycle completes from Autumn Equinox (2018-09-23); 3-week minor node
2018-10-16T16:15:27+00:00,Gann 210-Day Cycle from Spring Equinox,low,time_cycle,gann_rules,Rule3: 'Nodes=pressure points' — 210-day cycle completes from Spring Equinox (2018-03-20); 7-month node
2018-10-17T00:00:00+00:00,Gann Square-of-9 (17²=289 days from Jan 1),high,time_cycle,gann_rules,Rule5: 'Square of time' — 17²=289 calendar days from 2018-01-01; reversal zone in Gann Square-of-9 methodology
2018-10-19T10:07:17+00:00,Gann 120-Day Cycle from Summer Solstice,medium,time_cycle,gann_rules,Rule3: 'Nodes=pressure points' — 120-day cycle completes from Summer Solstice (2018-06-21); 1/3 annual cycle node
2018-10-23T01:54:05+00:00,Gann 30-Day Cycle from Autumn Equinox,medium,time_cycle,gann_rules,Rule3: 'Nodes=pressure points' — 30-day cycle completes from Autumn Equinox (2018-09-23); Monthly node — 1/12 annual cycle
2018-11-01T16:27:57+00:00,Gann 315-Day Cycle from Winter Solstice,medium,time_cycle,gann_rules,Rule3: 'Nodes=pressure points' — 315-day cycle completes from Winter Solstice (2017-12-21); 7/8 annual node
2018-11-07T01:54:05+00:00,Gann 45-Day Cycle from Autumn Equinox,medium,time_cycle,gann_rules,Rule3: 'Nodes=pressure points' — 45-day cycle completes from Autumn Equinox (2018-09-23); 1/8 annual cycle — first seasonal octave
2018-11-12T10:07:17+00:00,Gann 144-Day Cycle from Summer Solstice,high,time_cycle,gann_rules,Rule3: 'Nodes=pressure points' — 144-day cycle completes from Summer Solstice (2018-06-21); Gann sacred number — inner 144° cycle
2018-11-16T10:51:05+00:00,Venus Station Direct,medium,planetary_station,swisseph,Rule3: 'Nodes=pressure points' — Venus turns direct at 205.24° (Libra); cycle resumption node
2018-11-17T01:33:16+00:00,Mercury Station Retrograde,high,planetary_station,swisseph,Rule1: 'Time hits node=MOVE' — Mercury turns retrograde at 253.49° (Sagittarius); cycle inversion node
2018-11-21T00:00:00+00:00,Gann Square-of-9 (18²=324 days from Jan 1),low,time_cycle,gann_rules,Rule5: 'Square of time' — 18²=324 calendar days from 2018-01-01; reversal zone in Gann Square-of-9 methodology
2018-11-22T01:54:05+00:00,Gann 60-Day Cycle from Autumn Equinox,medium,time_cycle,gann_rules,Rule3: 'Nodes=pressure points' — 60-day cycle completes from Autumn Equinox (2018-09-23); 2-month node — 1/6 annual cycle
2018-12-06T21:22:09+00:00,Mercury Station Direct,medium,planetary_station,swisseph,Rule3: 'Nodes=pressure points' — Mercury turns direct at 237.27° (Scorpio); cycle resumption node
2018-12-15T16:15:27+00:00,Gann 270-Day Cycle from Spring Equinox,high,time_cycle,gann_rules,Rule3: 'Nodes=pressure points' — 270-day cycle completes from Spring Equinox (2018-03-20); 3/4 annual node — final seasonal turn
2018-12-16T16:27:57+00:00,Gann 360-Day Cycle from Winter Solstice,high,time_cycle,gann_rules,Rule3: 'Nodes=pressure points' — 360-day cycle completes from Winter Solstice (2017-12-21); Annual cycle completion — full revolution
2018-12-18T10:07:17+00:00,Gann 180-Day Cycle from Summer Solstice,high,time_cycle,gann_rules,Rule3: 'Nodes=pressure points' — 180-day cycle completes from Summer Solstice (2018-06-21); Half-year reversal node — cycle midpoint
2018-12-22T01:54:05+00:00,Gann 90-Day Cycle from Autumn Equinox,high,time_cycle,gann_rules,Rule3: 'Nodes=pressure points' — 90-day cycle completes from Autumn Equinox (2018-09-23); Quarter-year node — seasonal turn zone
2018-12-28T00:00:00+00:00,Gann Square-of-9 (19²=361 days from Jan 1),high,time_cycle,gann_rules,Rule5: 'Square of time' — 19²=361 calendar days from 2018-01-01; reversal zone in Gann Square-of-9 methodology
2018-12-28T22:22:43+00:00,Gann 7-Day Cycle from Winter Solstice,low,time_cycle,gann_rules,Rule3: 'Nodes=pressure points' — 7-day cycle completes from Winter Solstice (2018-12-21); Weekly rhythm node
2019-01-02T00:00:00+00:00,Gann Square-of-9 (1²=1 days from Jan 1),low,time_cycle,gann_rules,Rule5: 'Square of time' — 1²=1 calendar days from 2019-01-01; reversal zone in Gann Square-of-9 methodology
2019-01-04T22:22:43+00:00,Gann 14-Day Cycle from Winter Solstice,low,time_cycle,gann_rules,Rule3: 'Nodes=pressure points' — 14-day cycle completes from Winter Solstice (2018-12-21); 2-week minor node
2019-01-05T00:00:00+00:00,Gann Square-of-9 (2²=4 days from Jan 1),low,time_cycle,gann_rules,Rule5: 'Square of time' — 2²=4 calendar days from 2019-01-01; reversal zone in Gann Square-of-9 methodology
2019-01-10T00:00:00+00:00,Gann Square-of-9 (3²=9 days from Jan 1),low,time_cycle,gann_rules,Rule5: 'Square of time' — 3²=9 calendar days from 2019-01-01; reversal zone in Gann Square-of-9 methodology
2019-01-11T22:22:43+00:00,Gann 21-Day Cycle from Winter Solstice,low,time_cycle,gann_rules,Rule3: 'Nodes=pressure points' — 21-day cycle completes from Winter Solstice (2018-12-21); 3-week minor node
2019-01-17T00:00:00+00:00,Gann Square-of-9 (4²=16 days from Jan 1),low,time_cycle,gann_rules,Rule5: 'Square of time' — 4²=16 calendar days from 2019-01-01; reversal zone in Gann Square-of-9 methodology
2019-01-17T10:07:17+00:00,Gann 210-Day Cycle from Summer Solstice,low,time_cycle,gann_rules,Rule3: 'Nodes=pressure points' — 210-day cycle completes from Summer Solstice (2018-06-21); 7-month node
2019-01-20T12:00:00+00:00,Gann Pressure Point (3 cycles align),high,pressure_point,gann_rules,"Rule1:'Time hits node=MOVE' | Rule3:'Nodes=pressure points' | Rule4:'Cycle within cycle' | 3 confluences from [synodic_cycle, time_cycle] | cycles: Venus–Jupiter conjunction; Gann 30-Day Cycle from Winter Solstice; Gann 120-Day Cycle from Autumn Equinox"
2019-01-20T22:22:43+00:00,Gann 30-Day Cycle from Winter Solstice,medium,time_cycle,gann_rules,Rule3: 'Nodes=pressure points' — 30-day cycle completes from Winter Solstice (2018-12-21); Monthly node — 1/12 annual cycle
2019-01-21T01:54:05+00:00,Gann 120-Day Cycle from Autumn Equinox,medium,time_cycle,gann_rules,Rule3: 'Nodes=pressure points' — 120-day cycle completes from Autumn Equinox (2018-09-23); 1/3 annual cycle node
2019-01-22T12:25:51+00:00,Venus–Jupiter conjunction,medium,synodic_cycle,swisseph,"Rule4: 'Cycle within cycle' — Venus conjunction Jupiter: Venus 256.1°, Jupiter 256.1°; synodic cycle completion node"
2019-01-26T00:00:00+00:00,Gann Square-of-9 (5²=25 days from Jan 1),low,time_cycle,gann_rules,Rule5: 'Square of time' — 5²=25 calendar days from 2019-01-01; reversal zone in Gann Square-of-9 methodology
2019-01-29T16:15:27+00:00,Gann 315-Day Cycle from Spring Equinox,medium,time_cycle,gann_rules,Rule3: 'Nodes=pressure points' — 315-day cycle completes from Spring Equinox (2018-03-20); 7/8 annual node
2019-02-04T22:22:43+00:00,Gann 45-Day Cycle from Winter Solstice,medium,time_cycle,gann_rules,Rule3: 'Nodes=pressure points' — 45-day cycle completes from Winter Solstice (2018-12-21); 1/8 annual cycle — first seasonal octave
2019-02-05T00:00:00+00:00,Gann Square-of-9 (20²=400 days from Jan 1),low,time_cycle,gann_rules,Rule5: 'Square of time' — 20²=400 calendar days from 2018-01-01; reversal zone in Gann Square-of-9 methodology
2019-02-06T00:00:00+00:00,Gann Square-of-9 (6²=36 days from Jan 1),low,time_cycle,gann_rules,Rule5: 'Square of time' — 6²=36 calendar days from 2019-01-01; reversal zone in Gann Square-of-9 methodology
2019-02-14T01:54:05+00:00,Gann 144-Day Cycle from Autumn Equinox,high,time_cycle,gann_rules,Rule3: 'Nodes=pressure points' — 144-day cycle completes from Autumn Equinox (2018-09-23); Gann sacred number — inner 144° cycle
2019-02-19T00:00:00+00:00,Gann Square-of-9 (7²=49 days from Jan 1),low,time_cycle,gann_rules,Rule5: 'Square of time' — 7²=49 calendar days from 2019-01-01; reversal zone in Gann Square-of-9 methodology
2019-02-19T22:22:43+00:00,Gann 60-Day Cycle from Winter Solstice,medium,time_cycle,gann_rules,Rule3: 'Nodes=pressure points' — 60-day cycle completes from Winter Solstice (2018-12-21); 2-month node — 1/6 annual cycle
2019-03-05T18:18:47+00:00,Mercury Station Retrograde,high,planetary_station,swisseph,Rule1: 'Time hits node=MOVE' — Mercury turns retrograde at 359.65° (Pisces); cycle inversion node
2019-03-06T00:00:00+00:00,Gann Square-of-9 (8²=64 days from Jan 1),low,time_cycle,gann_rules,Rule5: 'Square of time' — 8²=64 calendar days from 2019-01-01; reversal zone in Gann Square-of-9 methodology
2019-03-15T16:15:27+00:00,Gann 360-Day Cycle from Spring Equinox,high,time_cycle,gann_rules,Rule3: 'Nodes=pressure points' — 360-day cycle completes from Spring Equinox (2018-03-20); Annual cycle completion — full revolution
2019-03-18T10:07:17+00:00,Gann 270-Day Cycle from Summer Solstice,high,time_cycle,gann_rules,Rule3: 'Nodes=pressure points' — 270-day cycle completes from Summer Solstice (2018-06-21); 3/4 annual node — final seasonal turn
2019-03-21T22:22:43+00:00,Gann 90-Day Cycle from Winter Solstice,high,time_cycle,gann_rules,Rule3: 'Nodes=pressure points' — 90-day cycle completes from Winter Solstice (2018-12-21); Quarter-year node — seasonal turn zone
2019-03-22T01:54:05+00:00,Gann 180-Day Cycle from Autumn Equinox,high,time_cycle,gann_rules,Rule3: 'Nodes=pressure points' — 180-day cycle completes from Autumn Equinox (2018-09-23); Half-year reversal node — cycle midpoint
2019-03-23T00:00:00+00:00,Gann Square-of-9 (9²=81 days from Jan 1),medium,time_cycle,gann_rules,Rule5: 'Square of time' — 9²=81 calendar days from 2019-01-01; reversal zone in Gann Square-of-9 methodology
2019-03-27T21:58:27+00:00,Gann 7-Day Cycle from Spring Equinox,low,time_cycle,gann_rules,Rule3: 'Nodes=pressure points' — 7-day cycle completes from Spring Equinox (2019-03-20); Weekly rhythm node
2019-03-28T13:58:52+00:00,Mercury Station Direct,medium,planetary_station,swisseph,Rule3: 'Nodes=pressure points' — Mercury turns direct at 346.10° (Pisces); cycle resumption node
2019-04-03T21:58:27+00:00,Gann 14-Day Cycle from Spring Equinox,low,time_cycle,gann_rules,Rule3: 'Nodes=pressure points' — 14-day cycle completes from Spring Equinox (2019-03-20); 2-week minor node
2019-04-10T12:00:00+00:00,Gann Pressure Point (3 cycles align),medium,pressure_point,gann_rules,"Rule1:'Time hits node=MOVE' | Rule3:'Nodes=pressure points' | Rule4:'Cycle within cycle' | 3 confluences from [planetary_station, time_cycle] | cycles: Gann Square-of-9 (10²=100 days from Jan 1); Jupiter Station Retrograde; Gann 21-Day Cycle from Spring Equinox"
2019-04-10T17:00:34+00:00,Jupiter Station Retrograde,high,planetary_station,swisseph,Rule1: 'Time hits node=MOVE' — Jupiter turns retrograde at 264.35° (Sagittarius); cycle inversion node
2019-04-10T21:58:27+00:00,Gann 21-Day Cycle from Spring Equinox,low,time_cycle,gann_rules,Rule3: 'Nodes=pressure points' — 21-day cycle completes from Spring Equinox (2019-03-20); 3-week minor node
2019-04-11T00:00:00+00:00,Gann Square-of-9 (10²=100 days from Jan 1),medium,time_cycle,gann_rules,Rule5: 'Square of time' — 10²=100 calendar days from 2019-01-01; reversal zone in Gann Square-of-9 methodology
2019-04-19T21:58:27+00:00,Gann 30-Day Cycle from Spring Equinox,medium,time_cycle,gann_rules,Rule3: 'Nodes=pressure points' — 30-day cycle completes from Spring Equinox (2019-03-20); Monthly node — 1/12 annual cycle
2019-04-20T22:22:43+00:00,Gann 120-Day Cycle from Winter Solstice,medium,time_cycle,gann_rules,Rule3: 'Nodes=pressure points' — 120-day cycle completes from Winter Solstice (2018-12-21); 1/3 annual cycle node
2019-04-21T01:54:05+00:00,Gann 210-Day Cycle from Autumn Equinox,low,time_cycle,gann_rules,Rule3: 'Nodes=pressure points' — 210-day cycle completes from Autumn Equinox (2018-09-23); 7-month node
2019-04-30T00:54:02+00:00,Saturn Station Retrograde,high,planetary_station,swisseph,Rule1: 'Time hits node=MOVE' — Saturn turns retrograde at 290.52° (Capricorn); cycle inversion node
2019-05-02T00:00:00+00:00,Gann Square-of-9 (11²=121 days from Jan 1),medium,time_cycle,gann_rules,Rule5: 'Square of time' — 11²=121 calendar days from 2019-01-01; reversal zone in Gann Square-of-9 methodology
2019-05-02T10:07:17+00:00,Gann 315-Day Cycle from Summer Solstice,medium,time_cycle,gann_rules,Rule3: 'Nodes=pressure points' — 315-day cycle completes from Summer Solstice (2018-06-21); 7/8 annual node
2019-05-02T12:00:00+00:00,Gann Pressure Point (4 cycles align),medium,pressure_point,gann_rules,"Rule1:'Time hits node=MOVE' | Rule3:'Nodes=pressure points' | Rule4:'Cycle within cycle' | 4 confluences from [planetary_station, time_cycle] | cycles: Gann 315-Day Cycle from Summer Solstice; Saturn Station Retrograde; Gann Square-of-9 (11²=121 days from Jan 1); Gann 45-Day Cycle from Spring Equinox"
2019-05-04T21:58:27+00:00,Gann 45-Day Cycle from Spring Equinox,medium,time_cycle,gann_rules,Rule3: 'Nodes=pressure points' — 45-day cycle completes from Spring Equinox (2019-03-20); 1/8 annual cycle — first seasonal octave
2019-05-14T22:22:43+00:00,Gann 144-Day Cycle from Winter Solstice,high,time_cycle,gann_rules,Rule3: 'Nodes=pressure points' — 144-day cycle completes from Winter Solstice (2018-12-21); Gann sacred number — inner 144° cycle
2019-05-19T21:58:27+00:00,Gann 60-Day Cycle from Spring Equinox,medium,time_cycle,gann_rules,Rule3: 'Nodes=pressure points' — 60-day cycle completes from Spring Equinox (2019-03-20); 2-month node — 1/6 annual cycle
2019-05-25T00:00:00+00:00,Gann Square-of-9 (12²=144 days from Jan 1),high,time_cycle,gann_rules,Rule5: 'Square of time' — 12²=144 calendar days from 2019-01-01; reversal zone in Gann Square-of-9 methodology
2019-06-16T10:07:17+00:00,Gann 360-Day Cycle from Summer Solstice,high,time_cycle,gann_rules,Rule3: 'Nodes=pressure points' — 360-day cycle completes from Summer Solstice (2018-06-21); Annual cycle completion — full revolution
2019-06-18T21:58:27+00:00,Gann 90-Day Cycle from Spring Equinox,high,time_cycle,gann_rules,Rule3: 'Nodes=pressure points' — 90-day cycle completes from Spring Equinox (2019-03-20); Quarter-year node — seasonal turn zone
2019-06-19T00:00:00+00:00,Gann Square-of-9 (13²=169 days from Jan 1),low,time_cycle,gann_rules,Rule5: 'Square of time' — 13²=169 calendar days from 2019-01-01; reversal zone in Gann Square-of-9 methodology
2019-06-19T22:22:43+00:00,Gann 180-Day Cycle from Winter Solstice,high,time_cycle,gann_rules,Rule3: 'Nodes=pressure points' — 180-day cycle completes from Winter Solstice (2018-12-21); Half-year reversal node — cycle midpoint
2019-06-20T01:54:05+00:00,Gann 270-Day Cycle from Autumn Equinox,high,time_cycle,gann_rules,Rule3: 'Nodes=pressure points' — 270-day cycle completes from Autumn Equinox (2018-09-23); 3/4 annual node — final seasonal turn
2019-06-23T16:44:47+00:00,Venus–Jupiter opposition,medium,synodic_cycle,swisseph,"Rule4: 'Cycle within cycle' — Venus opposition Jupiter: Venus 77.8°, Jupiter 257.8°; synodic cycle completion node"
2019-06-28T15:54:15+00:00,Gann 7-Day Cycle from Summer Solstice,low,time_cycle,gann_rules,Rule3: 'Nodes=pressure points' — 7-day cycle completes from Summer Solstice (2019-06-21); Weekly rhythm node
2019-07-05T15:54:15+00:00,Gann 14-Day Cycle from Summer Solstice,low,time_cycle,gann_rules,Rule3: 'Nodes=pressure points' — 14-day cycle completes from Summer Solstice (2019-06-21); 2-week minor node
2019-07-07T23:14:32+00:00,Mercury Station Retrograde,high,planetary_station,swisseph,Rule1: 'Time hits node=MOVE' — Mercury turns retrograde at 124.46° (Leo); cycle inversion node
2019-07-12T15:54:15+00:00,Gann 21-Day Cycle from Summer Solstice,low,time_cycle,gann_rules,Rule3: 'Nodes=pressure points' — 21-day cycle completes from Summer Solstice (2019-06-21); 3-week minor node
2019-07-16T00:00:00+00:00,Gann Square-of-9 (14²=196 days from Jan 1),medium,time_cycle,gann_rules,Rule5: 'Square of time' — 14²=196 calendar days from 2019-01-01; reversal zone in Gann Square-of-9 methodology
2019-07-18T21:58:27+00:00,Gann 120-Day Cycle from Spring Equinox,medium,time_cycle,gann_rules,Rule3: 'Nodes=pressure points' — 120-day cycle completes from Spring Equinox (2019-03-20); 1/3 annual cycle node
2019-07-19T22:22:43+00:00,Gann 210-Day Cycle from Winter Solstice,low,time_cycle,gann_rules,Rule3: 'Nodes=pressure points' — 210-day cycle completes from Winter Solstice (2018-12-21); 7-month node
2019-07-21T15:54:15+00:00,Gann 30-Day Cycle from Summer Solstice,medium,time_cycle,gann_rules,Rule3: 'Nodes=pressure points' — 30-day cycle completes from Summer Solstice (2019-06-21); Monthly node — 1/12 annual cycle
2019-08-01T03:57:52+00:00,Mercury Station Direct,medium,planetary_station,swisseph,Rule3: 'Nodes=pressure points' — Mercury turns direct at 113.95° (Cancer); cycle resumption node
2019-08-04T01:54:05+00:00,Gann 315-Day Cycle from Autumn Equinox,medium,time_cycle,gann_rules,Rule3: 'Nodes=pressure points' — 315-day cycle completes from Autumn Equinox (2018-09-23); 7/8 annual node
2019-08-05T15:54:15+00:00,Gann 45-Day Cycle from Summer Solstice,medium,time_cycle,gann_rules,Rule3: 'Nodes=pressure points' — 45-day cycle completes from Summer Solstice (2019-06-21); 1/8 annual cycle — first seasonal octave
2019-08-11T13:37:20+00:00,Jupiter Station Direct,medium,planetary_station,swisseph,Rule3: 'Nodes=pressure points' — Jupiter turns direct at 254.51° (Sagittarius); cycle resumption node
2019-08-11T21:58:27+00:00,Gann 144-Day Cycle from Spring Equinox,high,time_cycle,gann_rules,Rule3: 'Nodes=pressure points' — 144-day cycle completes from Spring Equinox (2019-03-20); Gann sacred number — inner 144° cycle
2019-08-14T00:00:00+00:00,Gann Square-of-9 (15²=225 days from Jan 1),high,time_cycle,gann_rules,Rule5: 'Square of time' — 15²=225 calendar days from 2019-01-01; reversal zone in Gann Square-of-9 methodology
2019-08-20T15:54:15+00:00,Gann 60-Day Cycle from Summer Solstice,medium,time_cycle,gann_rules,Rule3: 'Nodes=pressure points' — 60-day cycle completes from Summer Solstice (2019-06-21); 2-month node — 1/6 annual cycle
2019-09-14T00:00:00+00:00,Gann Square-of-9 (16²=256 days from Jan 1),low,time_cycle,gann_rules,Rule5: 'Square of time' — 16²=256 calendar days from 2019-01-01; reversal zone in Gann Square-of-9 methodology
2019-09-16T12:00:00+00:00,Gann Pressure Point (5 cycles align),high,pressure_point,gann_rules,"Rule1:'Time hits node=MOVE' | Rule3:'Nodes=pressure points' | Rule4:'Cycle within cycle' | 5 confluences from [planetary_station, time_cycle] | cycles: Gann 360-Day Cycle from Autumn Equinox; Gann Square-of-9 (16²=256 days from Jan 1); Gann 270-Day Cycle from Winter Solstice; Saturn Station Direct; Gann 180-Day Cycle from Spring Equinox"
2019-09-16T21:58:27+00:00,Gann 180-Day Cycle from Spring Equinox,high,time_cycle,gann_rules,Rule3: 'Nodes=pressure points' — 180-day cycle completes from Spring Equinox (2019-03-20); Half-year reversal node — cycle midpoint
2019-09-17T22:22:43+00:00,Gann 270-Day Cycle from Winter Solstice,high,time_cycle,gann_rules,Rule3: 'Nodes=pressure points' — 270-day cycle completes from Winter Solstice (2018-12-21); 3/4 annual node — final seasonal turn
2019-09-18T01:54:05+00:00,Gann 360-Day Cycle from Autumn Equinox,high,time_cycle,gann_rules,Rule3: 'Nodes=pressure points' — 360-day cycle completes from Autumn Equinox (2018-09-23); Annual cycle completion — full revolution
2019-09-18T08:46:41+00:00,Saturn Station Direct,medium,planetary_station,swisseph,Rule3: 'Nodes=pressure points' — Saturn turns direct at 283.91° (Capricorn); cycle resumption node
2019-09-19T15:54:15+00:00,Gann 90-Day Cycle from Summer Solstice,high,time_cycle,gann_rules,Rule3: 'Nodes=pressure points' — 90-day cycle completes from Summer Solstice (2019-06-21); Quarter-year node — seasonal turn zone
2019-09-30T07:50:10+00:00,Gann 7-Day Cycle from Autumn Equinox,low,time_cycle,gann_rules,Rule3: 'Nodes=pressure points' — 7-day cycle completes from Autumn Equinox (2019-09-23); Weekly rhythm node
2019-10-07T07:50:10+00:00,Gann 14-Day Cycle from Autumn Equinox,low,time_cycle,gann_rules,Rule3: 'Nodes=pressure points' — 14-day cycle completes from Autumn Equinox (2019-09-23); 2-week minor node
2019-10-14T07:50:10+00:00,Gann 21-Day Cycle from Autumn Equinox,low,time_cycle,gann_rules,Rule3: 'Nodes=pressure points' — 21-day cycle completes from Autumn Equinox (2019-09-23); 3-week minor node
2019-10-16T21:58:27+00:00,Gann 210-Day Cycle from Spring Equinox,low,time_cycle,gann_rules,Rule3: 'Nodes=pressure points' — 210-day cycle completes from Spring Equinox (2019-03-20); 7-month node
2019-10-17T00:00:00+00:00,Gann Square-of-9 (17²=289 days from Jan 1),high,time_cycle,gann_rules,Rule5: 'Square of time' — 17²=289 calendar days from 2019-01-01; reversal zone in Gann Square-of-9 methodology
2019-10-19T15:54:15+00:00,Gann 120-Day Cycle from Summer Solstice,medium,time_cycle,gann_rules,Rule3: 'Nodes=pressure points' — 120-day cycle completes from Summer Solstice (2019-06-21); 1/3 annual cycle node
2019-10-23T07:50:10+00:00,Gann 30-Day Cycle from Autumn Equinox,medium,time_cycle,gann_rules,Rule3: 'Nodes=pressure points' — 30-day cycle completes from Autumn Equinox (2019-09-23); Monthly node — 1/12 annual cycle
2019-10-31T15:41:33+00:00,Mercury Station Retrograde,high,planetary_station,swisseph,Rule1: 'Time hits node=MOVE' — Mercury turns retrograde at 237.64° (Scorpio); cycle inversion node
2019-11-01T22:22:43+00:00,Gann 315-Day Cycle from Winter Solstice,medium,time_cycle,gann_rules,Rule3: 'Nodes=pressure points' — 315-day cycle completes from Winter Solstice (2018-12-21); 7/8 annual node
2019-11-07T07:50:10+00:00,Gann 45-Day Cycle from Autumn Equinox,medium,time_cycle,gann_rules,Rule3: 'Nodes=pressure points' — 45-day cycle completes from Autumn Equinox (2019-09-23); 1/8 annual cycle — first seasonal octave
2019-11-12T15:54:15+00:00,Gann 144-Day Cycle from Summer Solstice,high,time_cycle,gann_rules,Rule3: 'Nodes=pressure points' — 144-day cycle completes from Summer Solstice (2019-06-21); Gann sacred number — inner 144° cycle
2019-11-20T19:11:44+00:00,Mercury Station Direct,medium,planetary_station,swisseph,Rule3: 'Nodes=pressure points' — Mercury turns direct at 221.59° (Scorpio); cycle resumption node
2019-11-21T00:00:00+00:00,Gann Square-of-9 (18²=324 days from Jan 1),low,time_cycle,gann_rules,Rule5: 'Square of time' — 18²=324 calendar days from 2019-01-01; reversal zone in Gann Square-of-9 methodology
2019-11-22T07:50:10+00:00,Gann 60-Day Cycle from Autumn Equinox,medium,time_cycle,gann_rules,Rule3: 'Nodes=pressure points' — 60-day cycle completes from Autumn Equinox (2019-09-23); 2-month node — 1/6 annual cycle
2019-11-22T12:00:00+00:00,Gann Pressure Point (4 cycles align),high,pressure_point,gann_rules,"Rule1:'Time hits node=MOVE' | Rule3:'Nodes=pressure points' | Rule4:'Cycle within cycle' | 4 confluences from [planetary_station, synodic_cycle, time_cycle] | cycles: Gann Square-of-9 (18²=324 days from Jan 1); Gann 60-Day Cycle from Autumn Equinox; Venus–Jupiter conjunction; Mercury Station Direct"
2019-11-24T13:33:26+00:00,Venus–Jupiter conjunction,medium,synodic_cycle,swisseph,"Rule4: 'Cycle within cycle' — Venus conjunction Jupiter: Venus 268.2°, Jupiter 268.2°; synodic cycle completion node"
2019-12-15T21:58:27+00:00,Gann 270-Day Cycle from Spring Equinox,high,time_cycle,gann_rules,Rule3: 'Nodes=pressure points' — 270-day cycle completes from Spring Equinox (2019-03-20); 3/4 annual node — final seasonal turn
2019-12-16T22:22:43+00:00,Gann 360-Day Cycle from Winter Solstice,high,time_cycle,gann_rules,Rule3: 'Nodes=pressure points' — 360-day cycle completes from Winter Solstice (2018-12-21); Annual cycle completion — full revolution
2019-12-18T15:54:15+00:00,Gann 180-Day Cycle from Summer Solstice,high,time_cycle,gann_rules,Rule3: 'Nodes=pressure points' — 180-day cycle completes from Summer Solstice (2019-06-21); Half-year reversal node — cycle midpoint
2019-12-22T07:50:10+00:00,Gann 90-Day Cycle from Autumn Equinox,high,time_cycle,gann_rules,Rule3: 'Nodes=pressure points' — 90-day cycle completes from Autumn Equinox (2019-09-23); Quarter-year node — seasonal turn zone
2019-12-28T00:00:00+00:00,Gann Square-of-9 (19²=361 days from Jan 1),high,time_cycle,gann_rules,Rule5: 'Square of time' — 19²=361 calendar days from 2019-01-01; reversal zone in Gann Square-of-9 methodology
2019-12-29T04:19:25+00:00,Gann 7-Day Cycle from Winter Solstice,low,time_cycle,gann_rules,Rule3: 'Nodes=pressure points' — 7-day cycle completes from Winter Solstice (2019-12-22); Weekly rhythm node
2020-01-02T00:00:00+00:00,Gann Square-of-9 (1²=1 days from Jan 1),low,time_cycle,gann_rules,Rule5: 'Square of time' — 1²=1 calendar days from 2020-01-01; reversal zone in Gann Square-of-9 methodology
2020-01-05T00:00:00+00:00,Gann Square-of-9 (2²=4 days from Jan 1),low,time_cycle,gann_rules,Rule5: 'Square of time' — 2²=4 calendar days from 2020-01-01; reversal zone in Gann Square-of-9 methodology
2020-01-05T04:19:25+00:00,Gann 14-Day Cycle from Winter Solstice,low,time_cycle,gann_rules,Rule3: 'Nodes=pressure points' — 14-day cycle completes from Winter Solstice (2019-12-22); 2-week minor node
2020-01-10T00:00:00+00:00,Gann Square-of-9 (3²=9 days from Jan 1),low,time_cycle,gann_rules,Rule5: 'Square of time' — 3²=9 calendar days from 2020-01-01; reversal zone in Gann Square-of-9 methodology
2020-01-10T12:00:00+00:00,Gann Pressure Point (3 cycles align),high,pressure_point,gann_rules,"Rule1:'Time hits node=MOVE' | Rule3:'Nodes=pressure points' | Rule4:'Cycle within cycle' | 3 confluences from [synodic_cycle, time_cycle] | cycles: Gann 21-Day Cycle from Winter Solstice; Gann Square-of-9 (3²=9 days from Jan 1); Saturn–Pluto conjunction"
2020-01-12T04:19:25+00:00,Gann 21-Day Cycle from Winter Solstice,low,time_cycle,gann_rules,Rule3: 'Nodes=pressure points' — 21-day cycle completes from Winter Solstice (2019-12-22); 3-week minor node
2020-01-12T16:57:33+00:00,Saturn–Pluto conjunction,high,synodic_cycle,swisseph,"Rule4: 'Cycle within cycle' — Saturn conjunction Pluto: Saturn 292.8°, Pluto 292.8°; synodic cycle completion node"
2020-01-17T00:00:00+00:00,Gann Square-of-9 (4²=16 days from Jan 1),low,time_cycle,gann_rules,Rule5: 'Square of time' — 4²=16 calendar days from 2020-01-01; reversal zone in Gann Square-of-9 methodology
2020-01-17T15:54:15+00:00,Gann 210-Day Cycle from Summer Solstice,low,time_cycle,gann_rules,Rule3: 'Nodes=pressure points' — 210-day cycle completes from Summer Solstice (2019-06-21); 7-month node
2020-01-21T04:19:25+00:00,Gann 30-Day Cycle from Winter Solstice,medium,time_cycle,gann_rules,Rule3: 'Nodes=pressure points' — 30-day cycle completes from Winter Solstice (2019-12-22); Monthly node — 1/12 annual cycle
2020-01-21T07:50:10+00:00,Gann 120-Day Cycle from Autumn Equinox,medium,time_cycle,gann_rules,Rule3: 'Nodes=pressure points' — 120-day cycle completes from Autumn Equinox (2019-09-23); 1/3 annual cycle node
2020-01-26T00:00:00+00:00,Gann Square-of-9 (5²=25 days from Jan 1),low,time_cycle,gann_rules,Rule5: 'Square of time' — 5²=25 calendar days from 2020-01-01; reversal zone in Gann Square-of-9 methodology
2020-01-29T21:58:27+00:00,Gann 315-Day Cycle from Spring Equinox,medium,time_cycle,gann_rules,Rule3: 'Nodes=pressure points' — 315-day cycle completes from Spring Equinox (2019-03-20); 7/8 annual node
2020-02-05T00:00:00+00:00,Gann Square-of-9 (20²=400 days from Jan 1),low,time_cycle,gann_rules,Rule5: 'Square of time' — 20²=400 calendar days from 2019-01-01; reversal zone in Gann Square-of-9 methodology
2020-02-05T04:19:25+00:00,Gann 45-Day Cycle from Winter Solstice,medium,time_cycle,gann_rules,Rule3: 'Nodes=pressure points' — 45-day cycle completes from Winter Solstice (2019-12-22); 1/8 annual cycle — first seasonal octave
2020-02-06T00:00:00+00:00,Gann Square-of-9 (6²=36 days from Jan 1),low,time_cycle,gann_rules,Rule5: 'Square of time' — 6²=36 calendar days from 2020-01-01; reversal zone in Gann Square-of-9 methodology
2020-02-14T07:50:10+00:00,Gann 144-Day Cycle from Autumn Equinox,high,time_cycle,gann_rules,Rule3: 'Nodes=pressure points' — 144-day cycle completes from Autumn Equinox (2019-09-23); Gann sacred number — inner 144° cycle
2020-02-17T00:54:04+00:00,Mercury Station Retrograde,high,planetary_station,swisseph,Rule1: 'Time hits node=MOVE' — Mercury turns retrograde at 342.89° (Pisces); cycle inversion node
2020-02-19T00:00:00+00:00,Gann Square-of-9 (7²=49 days from Jan 1),low,time_cycle,gann_rules,Rule5: 'Square of time' — 7²=49 calendar days from 2020-01-01; reversal zone in Gann Square-of-9 methodology
2020-02-19T12:00:00+00:00,Gann Pressure Point (3 cycles align),medium,pressure_point,gann_rules,"Rule1:'Time hits node=MOVE' | Rule3:'Nodes=pressure points' | Rule4:'Cycle within cycle' | 3 confluences from [planetary_station, time_cycle] | cycles: Gann 60-Day Cycle from Winter Solstice; Mercury Station Retrograde; Gann Square-of-9 (7²=49 days from Jan 1)"
2020-02-20T04:19:25+00:00,Gann 60-Day Cycle from Winter Solstice,medium,time_cycle,gann_rules,Rule3: 'Nodes=pressure points' — 60-day cycle completes from Winter Solstice (2019-12-22); 2-month node — 1/6 annual cycle
2020-03-05T00:00:00+00:00,Gann Square-of-9 (8²=64 days from Jan 1),low,time_cycle,gann_rules,Rule5: 'Square of time' — 8²=64 calendar days from 2020-01-01; reversal zone in Gann Square-of-9 methodology
2020-03-10T03:48:37+00:00,Mercury Station Direct,medium,planetary_station,swisseph,Rule3: 'Nodes=pressure points' — Mercury turns direct at 328.21° (Aquarius); cycle resumption node
2020-03-14T21:58:27+00:00,Gann 360-Day Cycle from Spring Equinox,high,time_cycle,gann_rules,Rule3: 'Nodes=pressure points' — 360-day cycle completes from Spring Equinox (2019-03-20); Annual cycle completion — full revolution
2020-03-17T15:54:15+00:00,Gann 270-Day Cycle from Summer Solstice,high,time_cycle,gann_rules,Rule3: 'Nodes=pressure points' — 270-day cycle completes from Summer Solstice (2019-06-21); 3/4 annual node — final seasonal turn
2020-03-21T04:19:25+00:00,Gann 90-Day Cycle from Winter Solstice,high,time_cycle,gann_rules,Rule3: 'Nodes=pressure points' — 90-day cycle completes from Winter Solstice (2019-12-22); Quarter-year node — seasonal turn zone
2020-03-21T07:50:10+00:00,Gann 180-Day Cycle from Autumn Equinox,high,time_cycle,gann_rules,Rule3: 'Nodes=pressure points' — 180-day cycle completes from Autumn Equinox (2019-09-23); Half-year reversal node — cycle midpoint
2020-03-22T00:00:00+00:00,Gann Square-of-9 (9²=81 days from Jan 1),medium,time_cycle,gann_rules,Rule5: 'Square of time' — 9²=81 calendar days from 2020-01-01; reversal zone in Gann Square-of-9 methodology
2020-03-27T03:49:37+00:00,Gann 7-Day Cycle from Spring Equinox,low,time_cycle,gann_rules,Rule3: 'Nodes=pressure points' — 7-day cycle completes from Spring Equinox (2020-03-20); Weekly rhythm node
2020-04-03T03:49:37+00:00,Gann 14-Day Cycle from Spring Equinox,low,time_cycle,gann_rules,Rule3: 'Nodes=pressure points' — 14-day cycle completes from Spring Equinox (2020-03-20); 2-week minor node
2020-04-10T00:00:00+00:00,Gann Square-of-9 (10²=100 days from Jan 1),medium,time_cycle,gann_rules,Rule5: 'Square of time' — 10²=100 calendar days from 2020-01-01; reversal zone in Gann Square-of-9 methodology
2020-04-10T03:49:37+00:00,Gann 21-Day Cycle from Spring Equinox,low,time_cycle,gann_rules,Rule3: 'Nodes=pressure points' — 21-day cycle completes from Spring Equinox (2020-03-20); 3-week minor node
2020-04-19T03:49:37+00:00,Gann 30-Day Cycle from Spring Equinox,medium,time_cycle,gann_rules,Rule3: 'Nodes=pressure points' — 30-day cycle completes from Spring Equinox (2020-03-20); Monthly node — 1/12 annual cycle
2020-04-20T04:19:25+00:00,Gann 120-Day Cycle from Winter Solstice,medium,time_cycle,gann_rules,Rule3: 'Nodes=pressure points' — 120-day cycle completes from Winter Solstice (2019-12-22); 1/3 annual cycle node
2020-04-20T07:50:10+00:00,Gann 210-Day Cycle from Autumn Equinox,low,time_cycle,gann_rules,Rule3: 'Nodes=pressure points' — 210-day cycle completes from Autumn Equinox (2019-09-23); 7-month node
2020-05-01T00:00:00+00:00,Gann Square-of-9 (11²=121 days from Jan 1),medium,time_cycle,gann_rules,Rule5: 'Square of time' — 11²=121 calendar days from 2020-01-01; reversal zone in Gann Square-of-9 methodology
2020-05-01T15:54:15+00:00,Gann 315-Day Cycle from Summer Solstice,medium,time_cycle,gann_rules,Rule3: 'Nodes=pressure points' — 315-day cycle completes from Summer Solstice (2019-06-21); 7/8 annual node
2020-05-04T03:49:37+00:00,Gann 45-Day Cycle from Spring Equinox,medium,time_cycle,gann_rules,Rule3: 'Nodes=pressure points' — 45-day cycle completes from Spring Equinox (2020-03-20); 1/8 annual cycle — first seasonal octave
2020-05-11T04:09:25+00:00,Saturn Station Retrograde,high,planetary_station,swisseph,Rule1: 'Time hits node=MOVE' — Saturn turns retrograde at 301.96° (Aquarius); cycle inversion node
2020-05-13T06:45:05+00:00,Venus Station Retrograde,high,planetary_station,swisseph,Rule1: 'Time hits node=MOVE' — Venus turns retrograde at 81.84° (Gemini); cycle inversion node
2020-05-13T12:00:00+00:00,Gann Pressure Point (4 cycles align),medium,pressure_point,gann_rules,"Rule1:'Time hits node=MOVE' | Rule3:'Nodes=pressure points' | Rule4:'Cycle within cycle' | 4 confluences from [planetary_station, time_cycle] | cycles: Jupiter Station Retrograde; Saturn Station Retrograde; Venus Station Retrograde; Gann 144-Day Cycle from Winter Solstice"
2020-05-14T04:19:25+00:00,Gann 144-Day Cycle from Winter Solstice,high,time_cycle,gann_rules,Rule3: 'Nodes=pressure points' — 144-day cycle completes from Winter Solstice (2019-12-22); Gann sacred number — inner 144° cycle
2020-05-14T14:32:01+00:00,Jupiter Station Retrograde,high,planetary_station,swisseph,Rule1: 'Time hits node=MOVE' — Jupiter turns retrograde at 297.24° (Capricorn); cycle inversion node
2020-05-19T03:49:37+00:00,Gann 60-Day Cycle from Spring Equinox,medium,time_cycle,gann_rules,Rule3: 'Nodes=pressure points' — 60-day cycle completes from Spring Equinox (2020-03-20); 2-month node — 1/6 annual cycle
2020-05-24T00:00:00+00:00,Gann Square-of-9 (12²=144 days from Jan 1),high,time_cycle,gann_rules,Rule5: 'Square of time' — 12²=144 calendar days from 2020-01-01; reversal zone in Gann Square-of-9 methodology
2020-06-15T15:54:15+00:00,Gann 360-Day Cycle from Summer Solstice,high,time_cycle,gann_rules,Rule3: 'Nodes=pressure points' — 360-day cycle completes from Summer Solstice (2019-06-21); Annual cycle completion — full revolution
2020-06-18T00:00:00+00:00,Gann Square-of-9 (13²=169 days from Jan 1),low,time_cycle,gann_rules,Rule5: 'Square of time' — 13²=169 calendar days from 2020-01-01; reversal zone in Gann Square-of-9 methodology
2020-06-18T03:49:37+00:00,Gann 90-Day Cycle from Spring Equinox,high,time_cycle,gann_rules,Rule3: 'Nodes=pressure points' — 90-day cycle completes from Spring Equinox (2020-03-20); Quarter-year node — seasonal turn zone
2020-06-18T04:58:57+00:00,Mercury Station Retrograde,high,planetary_station,swisseph,Rule1: 'Time hits node=MOVE' — Mercury turns retrograde at 104.76° (Cancer); cycle inversion node
2020-06-18T12:00:00+00:00,Gann Pressure Point (5 cycles align),high,pressure_point,gann_rules,"Rule1:'Time hits node=MOVE' | Rule3:'Nodes=pressure points' | Rule4:'Cycle within cycle' | 5 confluences from [planetary_station, time_cycle] | cycles: Mercury Station Retrograde; Gann 180-Day Cycle from Winter Solstice; Gann Square-of-9 (13²=169 days from Jan 1); Gann 90-Day Cycle from Spring Equinox; Gann 270-Day Cycle from Autumn Equinox"
2020-06-19T04:19:25+00:00,Gann 180-Day Cycle from Winter Solstice,high,time_cycle,gann_rules,Rule3: 'Nodes=pressure points' — 180-day cycle completes from Winter Solstice (2019-12-22); Half-year reversal node — cycle midpoint
2020-06-19T07:50:10+00:00,Gann 270-Day Cycle from Autumn Equinox,high,time_cycle,gann_rules,Rule3: 'Nodes=pressure points' — 270-day cycle completes from Autumn Equinox (2019-09-23); 3/4 annual node — final seasonal turn
2020-06-25T06:48:16+00:00,Venus Station Direct,medium,planetary_station,swisseph,Rule3: 'Nodes=pressure points' — Venus turns direct at 65.34° (Gemini); cycle resumption node
2020-06-27T21:43:41+00:00,Gann 7-Day Cycle from Summer Solstice,low,time_cycle,gann_rules,Rule3: 'Nodes=pressure points' — 7-day cycle completes from Summer Solstice (2020-06-20); Weekly rhythm node
2020-07-04T21:43:41+00:00,Gann 14-Day Cycle from Summer Solstice,low,time_cycle,gann_rules,Rule3: 'Nodes=pressure points' — 14-day cycle completes from Summer Solstice (2020-06-20); 2-week minor node
2020-07-11T21:43:41+00:00,Gann 21-Day Cycle from Summer Solstice,low,time_cycle,gann_rules,Rule3: 'Nodes=pressure points' — 21-day cycle completes from Summer Solstice (2020-06-20); 3-week minor node
2020-07-12T08:26:28+00:00,Mercury Station Direct,medium,planetary_station,swisseph,Rule3: 'Nodes=pressure points' — Mercury turns direct at 95.49° (Cancer); cycle resumption node
2020-07-15T00:00:00+00:00,Gann Square-of-9 (14²=196 days from Jan 1),medium,time_cycle,gann_rules,Rule5: 'Square of time' — 14²=196 calendar days from 2020-01-01; reversal zone in Gann Square-of-9 methodology
2020-07-18T03:49:37+00:00,Gann 120-Day Cycle from Spring Equinox,medium,time_cycle,gann_rules,Rule3: 'Nodes=pressure points' — 120-day cycle completes from Spring Equinox (2020-03-20); 1/3 annual cycle node
2020-07-19T04:19:25+00:00,Gann 210-Day Cycle from Winter Solstice,low,time_cycle,gann_rules,Rule3: 'Nodes=pressure points' — 210-day cycle completes from Winter Solstice (2019-12-22); 7-month node
2020-07-20T21:43:41+00:00,Gann 30-Day Cycle from Summer Solstice,medium,time_cycle,gann_rules,Rule3: 'Nodes=pressure points' — 30-day cycle completes from Summer Solstice (2020-06-20); Monthly node — 1/12 annual cycle
2020-08-03T07:50:10+00:00,Gann 315-Day Cycle from Autumn Equinox,medium,time_cycle,gann_rules,Rule3: 'Nodes=pressure points' — 315-day cycle completes from Autumn Equinox (2019-09-23); 7/8 annual node
2020-08-04T21:43:41+00:00,Gann 45-Day Cycle from Summer Solstice,medium,time_cycle,gann_rules,Rule3: 'Nodes=pressure points' — 45-day cycle completes from Summer Solstice (2020-06-20); 1/8 annual cycle — first seasonal octave
2020-08-11T03:49:37+00:00,Gann 144-Day Cycle from Spring Equinox,high,time_cycle,gann_rules,Rule3: 'Nodes=pressure points' — 144-day cycle completes from Spring Equinox (2020-03-20); Gann sacred number — inner 144° cycle
2020-08-13T00:00:00+00:00,Gann Square-of-9 (15²=225 days from Jan 1),high,time_cycle,gann_rules,Rule5: 'Square of time' — 15²=225 calendar days from 2020-01-01; reversal zone in Gann Square-of-9 methodology
2020-08-19T21:43:41+00:00,Gann 60-Day Cycle from Summer Solstice,medium,time_cycle,gann_rules,Rule3: 'Nodes=pressure points' — 60-day cycle completes from Summer Solstice (2020-06-20); 2-month node — 1/6 annual cycle
2020-08-25T22:25:59+00:00,Venus–Jupiter opposition,medium,synodic_cycle,swisseph,"Rule4: 'Cycle within cycle' — Venus opposition Jupiter: Venus 107.9°, Jupiter 287.9°; synodic cycle completion node"
2020-09-09T22:22:22+00:00,Mars Station Retrograde,high,planetary_station,swisseph,Rule1: 'Time hits node=MOVE' — Mars turns retrograde at 28.14° (Aries); cycle inversion node
2020-09-13T00:00:00+00:00,Gann Square-of-9 (16²=256 days from Jan 1),low,time_cycle,gann_rules,Rule5: 'Square of time' — 16²=256 calendar days from 2020-01-01; reversal zone in Gann Square-of-9 methodology
2020-09-13T00:40:45+00:00,Jupiter Station Direct,medium,planetary_station,swisseph,Rule3: 'Nodes=pressure points' — Jupiter turns direct at 287.41° (Capricorn); cycle resumption node
2020-09-16T03:49:37+00:00,Gann 180-Day Cycle from Spring Equinox,high,time_cycle,gann_rules,Rule3: 'Nodes=pressure points' — 180-day cycle completes from Spring Equinox (2020-03-20); Half-year reversal node — cycle midpoint
2020-09-17T04:19:25+00:00,Gann 270-Day Cycle from Winter Solstice,high,time_cycle,gann_rules,Rule3: 'Nodes=pressure points' — 270-day cycle completes from Winter Solstice (2019-12-22); 3/4 annual node — final seasonal turn
2020-09-17T07:50:10+00:00,Gann 360-Day Cycle from Autumn Equinox,high,time_cycle,gann_rules,Rule3: 'Nodes=pressure points' — 360-day cycle completes from Autumn Equinox (2019-09-23); Annual cycle completion — full revolution
2020-09-18T21:43:41+00:00,Gann 90-Day Cycle from Summer Solstice,high,time_cycle,gann_rules,Rule3: 'Nodes=pressure points' — 90-day cycle completes from Summer Solstice (2020-06-20); Quarter-year node — seasonal turn zone
2020-09-29T05:11:12+00:00,Saturn Station Direct,medium,planetary_station,swisseph,Rule3: 'Nodes=pressure points' — Saturn turns direct at 295.34° (Capricorn); cycle resumption node
2020-09-29T13:30:39+00:00,Gann 7-Day Cycle from Autumn Equinox,low,time_cycle,gann_rules,Rule3: 'Nodes=pressure points' — 7-day cycle completes from Autumn Equinox (2020-09-22); Weekly rhythm node
2020-10-06T13:30:39+00:00,Gann 14-Day Cycle from Autumn Equinox,low,time_cycle,gann_rules,Rule3: 'Nodes=pressure points' — 14-day cycle completes from Autumn Equinox (2020-09-22); 2-week minor node
2020-10-13T13:30:39+00:00,Gann 21-Day Cycle from Autumn Equinox,low,time_cycle,gann_rules,Rule3: 'Nodes=pressure points' — 21-day cycle completes from Autumn Equinox (2020-09-22); 3-week minor node
2020-10-14T01:05:02+00:00,Mercury Station Retrograde,high,planetary_station,swisseph,Rule1: 'Time hits node=MOVE' — Mercury turns retrograde at 221.67° (Scorpio); cycle inversion node
2020-10-14T12:00:00+00:00,Gann Pressure Point (4 cycles align),medium,pressure_point,gann_rules,"Rule1:'Time hits node=MOVE' | Rule3:'Nodes=pressure points' | Rule4:'Cycle within cycle' | 4 confluences from [planetary_station, time_cycle] | cycles: Gann 21-Day Cycle from Autumn Equinox; Gann Square-of-9 (17²=289 days from Jan 1); Mercury Station Retrograde; Gann 210-Day Cycle from Spring Equinox"
2020-10-16T00:00:00+00:00,Gann Square-of-9 (17²=289 days from Jan 1),high,time_cycle,gann_rules,Rule5: 'Square of time' — 17²=289 calendar days from 2020-01-01; reversal zone in Gann Square-of-9 methodology
2020-10-16T03:49:37+00:00,Gann 210-Day Cycle from Spring Equinox,low,time_cycle,gann_rules,Rule3: 'Nodes=pressure points' — 210-day cycle completes from Spring Equinox (2020-03-20); 7-month node
2020-10-18T21:43:41+00:00,Gann 120-Day Cycle from Summer Solstice,medium,time_cycle,gann_rules,Rule3: 'Nodes=pressure points' — 120-day cycle completes from Summer Solstice (2020-06-20); 1/3 annual cycle node
2020-10-22T13:30:39+00:00,Gann 30-Day Cycle from Autumn Equinox,medium,time_cycle,gann_rules,Rule3: 'Nodes=pressure points' — 30-day cycle completes from Autumn Equinox (2020-09-22); Monthly node — 1/12 annual cycle
2020-11-01T04:19:25+00:00,Gann 315-Day Cycle from Winter Solstice,medium,time_cycle,gann_rules,Rule3: 'Nodes=pressure points' — 315-day cycle completes from Winter Solstice (2019-12-22); 7/8 annual node
2020-11-03T17:49:47+00:00,Mercury Station Direct,medium,planetary_station,swisseph,Rule3: 'Nodes=pressure points' — Mercury turns direct at 205.90° (Libra); cycle resumption node
2020-11-06T13:30:39+00:00,Gann 45-Day Cycle from Autumn Equinox,medium,time_cycle,gann_rules,Rule3: 'Nodes=pressure points' — 45-day cycle completes from Autumn Equinox (2020-09-22); 1/8 annual cycle — first seasonal octave
2020-11-11T21:43:41+00:00,Gann 144-Day Cycle from Summer Solstice,high,time_cycle,gann_rules,Rule3: 'Nodes=pressure points' — 144-day cycle completes from Summer Solstice (2020-06-20); Gann sacred number — inner 144° cycle
2020-11-14T00:35:43+00:00,Mars Station Direct,medium,planetary_station,swisseph,Rule3: 'Nodes=pressure points' — Mars turns direct at 15.23° (Aries); cycle resumption node
2020-11-20T00:00:00+00:00,Gann Square-of-9 (18²=324 days from Jan 1),low,time_cycle,gann_rules,Rule5: 'Square of time' — 18²=324 calendar days from 2020-01-01; reversal zone in Gann Square-of-9 methodology
2020-11-21T13:30:39+00:00,Gann 60-Day Cycle from Autumn Equinox,medium,time_cycle,gann_rules,Rule3: 'Nodes=pressure points' — 60-day cycle completes from Autumn Equinox (2020-09-22); 2-month node — 1/6 annual cycle
2020-12-15T03:49:37+00:00,Gann 270-Day Cycle from Spring Equinox,high,time_cycle,gann_rules,Rule3: 'Nodes=pressure points' — 270-day cycle completes from Spring Equinox (2020-03-20); 3/4 annual node — final seasonal turn
2020-12-16T04:19:25+00:00,Gann 360-Day Cycle from Winter Solstice,high,time_cycle,gann_rules,Rule3: 'Nodes=pressure points' — 360-day cycle completes from Winter Solstice (2019-12-22); Annual cycle completion — full revolution
2020-12-17T21:43:41+00:00,Gann 180-Day Cycle from Summer Solstice,high,time_cycle,gann_rules,Rule3: 'Nodes=pressure points' — 180-day cycle completes from Summer Solstice (2020-06-20); Half-year reversal node — cycle midpoint
2020-12-21T13:30:39+00:00,Gann 90-Day Cycle from Autumn Equinox,high,time_cycle,gann_rules,Rule3: 'Nodes=pressure points' — 90-day cycle completes from Autumn Equinox (2020-09-22); Quarter-year node — seasonal turn zone
2020-12-21T18:20:37+00:00,Jupiter–Saturn conjunction,high,synodic_cycle,swisseph,"Rule4: 'Cycle within cycle' — Jupiter conjunction Saturn: Jupiter 300.5°, Saturn 300.5°; synodic cycle completion node"
2020-12-27T00:00:00+00:00,Gann Square-of-9 (19²=361 days from Jan 1),high,time_cycle,gann_rules,Rule5: 'Square of time' — 19²=361 calendar days from 2020-01-01; reversal zone in Gann Square-of-9 methodology
2020-12-28T10:02:20+00:00,Gann 7-Day Cycle from Winter Solstice,low,time_cycle,gann_rules,Rule3: 'Nodes=pressure points' — 7-day cycle completes from Winter Solstice (2020-12-21); Weekly rhythm node
2021-01-02T00:00:00+00:00,Gann Square-of-9 (1²=1 days from Jan 1),low,time_cycle,gann_rules,Rule5: 'Square of time' — 1²=1 calendar days from 2021-01-01; reversal zone in Gann Square-of-9 methodology
2021-01-04T10:02:20+00:00,Gann 14-Day Cycle from Winter Solstice,low,time_cycle,gann_rules,Rule3: 'Nodes=pressure points' — 14-day cycle completes from Winter Solstice (2020-12-21); 2-week minor node
2021-01-05T00:00:00+00:00,Gann Square-of-9 (2²=4 days from Jan 1),low,time_cycle,gann_rules,Rule5: 'Square of time' — 2²=4 calendar days from 2021-01-01; reversal zone in Gann Square-of-9 methodology
2021-01-10T00:00:00+00:00,Gann Square-of-9 (3²=9 days from Jan 1),low,time_cycle,gann_rules,Rule5: 'Square of time' — 3²=9 calendar days from 2021-01-01; reversal zone in Gann Square-of-9 methodology
2021-01-11T10:02:20+00:00,Gann 21-Day Cycle from Winter Solstice,low,time_cycle,gann_rules,Rule3: 'Nodes=pressure points' — 21-day cycle completes from Winter Solstice (2020-12-21); 3-week minor node
2021-01-16T21:43:41+00:00,Gann 210-Day Cycle from Summer Solstice,low,time_cycle,gann_rules,Rule3: 'Nodes=pressure points' — 210-day cycle completes from Summer Solstice (2020-06-20); 7-month node
2021-01-17T00:00:00+00:00,Gann Square-of-9 (4²=16 days from Jan 1),low,time_cycle,gann_rules,Rule5: 'Square of time' — 4²=16 calendar days from 2021-01-01; reversal zone in Gann Square-of-9 methodology
2021-01-20T10:02:20+00:00,Gann 30-Day Cycle from Winter Solstice,medium,time_cycle,gann_rules,Rule3: 'Nodes=pressure points' — 30-day cycle completes from Winter Solstice (2020-12-21); Monthly node — 1/12 annual cycle
2021-01-20T13:30:39+00:00,Gann 120-Day Cycle from Autumn Equinox,medium,time_cycle,gann_rules,Rule3: 'Nodes=pressure points' — 120-day cycle completes from Autumn Equinox (2020-09-22); 1/3 annual cycle node
2021-01-26T00:00:00+00:00,Gann Square-of-9 (5²=25 days from Jan 1),low,time_cycle,gann_rules,Rule5: 'Square of time' — 5²=25 calendar days from 2021-01-01; reversal zone in Gann Square-of-9 methodology
2021-01-29T03:49:37+00:00,Gann 315-Day Cycle from Spring Equinox,medium,time_cycle,gann_rules,Rule3: 'Nodes=pressure points' — 315-day cycle completes from Spring Equinox (2020-03-20); 7/8 annual node
2021-01-30T15:51:47+00:00,Mercury Station Retrograde,high,planetary_station,swisseph,Rule1: 'Time hits node=MOVE' — Mercury turns retrograde at 326.49° (Aquarius); cycle inversion node
2021-02-04T00:00:00+00:00,Gann Square-of-9 (20²=400 days from Jan 1),low,time_cycle,gann_rules,Rule5: 'Square of time' — 20²=400 calendar days from 2020-01-01; reversal zone in Gann Square-of-9 methodology
2021-02-04T10:02:20+00:00,Gann 45-Day Cycle from Winter Solstice,medium,time_cycle,gann_rules,Rule3: 'Nodes=pressure points' — 45-day cycle completes from Winter Solstice (2020-12-21); 1/8 annual cycle — first seasonal octave
2021-02-06T00:00:00+00:00,Gann Square-of-9 (6²=36 days from Jan 1),low,time_cycle,gann_rules,Rule5: 'Square of time' — 6²=36 calendar days from 2021-01-01; reversal zone in Gann Square-of-9 methodology
2021-02-11T14:59:35+00:00,Venus–Jupiter conjunction,medium,synodic_cycle,swisseph,"Rule4: 'Cycle within cycle' — Venus conjunction Jupiter: Venus 312.6°, Jupiter 312.6°; synodic cycle completion node"
2021-02-13T13:30:39+00:00,Gann 144-Day Cycle from Autumn Equinox,high,time_cycle,gann_rules,Rule3: 'Nodes=pressure points' — 144-day cycle completes from Autumn Equinox (2020-09-22); Gann sacred number — inner 144° cycle
2021-02-19T00:00:00+00:00,Gann Square-of-9 (7²=49 days from Jan 1),low,time_cycle,gann_rules,Rule5: 'Square of time' — 7²=49 calendar days from 2021-01-01; reversal zone in Gann Square-of-9 methodology
2021-02-19T10:02:20+00:00,Gann 60-Day Cycle from Winter Solstice,medium,time_cycle,gann_rules,Rule3: 'Nodes=pressure points' — 60-day cycle completes from Winter Solstice (2020-12-21); 2-month node — 1/6 annual cycle
2021-02-19T12:00:00+00:00,Gann Pressure Point (3 cycles align),medium,pressure_point,gann_rules,"Rule1:'Time hits node=MOVE' | Rule3:'Nodes=pressure points' | Rule4:'Cycle within cycle' | 3 confluences from [planetary_station, time_cycle] | cycles: Gann 60-Day Cycle from Winter Solstice; Mercury Station Direct; Gann Square-of-9 (7²=49 days from Jan 1)"
2021-02-21T00:52:05+00:00,Mercury Station Direct,medium,planetary_station,swisseph,Rule3: 'Nodes=pressure points' — Mercury turns direct at 311.02° (Aquarius); cycle resumption node
2021-03-06T00:00:00+00:00,Gann Square-of-9 (8²=64 days from Jan 1),low,time_cycle,gann_rules,Rule5: 'Square of time' — 8²=64 calendar days from 2021-01-01; reversal zone in Gann Square-of-9 methodology
2021-03-15T03:49:37+00:00,Gann 360-Day Cycle from Spring Equinox,high,time_cycle,gann_rules,Rule3: 'Nodes=pressure points' — 360-day cycle completes from Spring Equinox (2020-03-20); Annual cycle completion — full revolution
2021-03-17T21:43:41+00:00,Gann 270-Day Cycle from Summer Solstice,high,time_cycle,gann_rules,Rule3: 'Nodes=pressure points' — 270-day cycle completes from Summer Solstice (2020-06-20); 3/4 annual node — final seasonal turn
2021-03-21T10:02:20+00:00,Gann 90-Day Cycle from Winter Solstice,high,time_cycle,gann_rules,Rule3: 'Nodes=pressure points' — 90-day cycle completes from Winter Solstice (2020-12-21); Quarter-year node — seasonal turn zone
2021-03-21T13:30:39+00:00,Gann 180-Day Cycle from Autumn Equinox,high,time_cycle,gann_rules,Rule3: 'Nodes=pressure points' — 180-day cycle completes from Autumn Equinox (2020-09-22); Half-year reversal node — cycle midpoint
2021-03-23T00:00:00+00:00,Gann Square-of-9 (9²=81 days from Jan 1),medium,time_cycle,gann_rules,Rule5: 'Square of time' — 9²=81 calendar days from 2021-01-01; reversal zone in Gann Square-of-9 methodology
2021-03-27T09:37:28+00:00,Gann 7-Day Cycle from Spring Equinox,low,time_cycle,gann_rules,Rule3: 'Nodes=pressure points' — 7-day cycle completes from Spring Equinox (2021-03-20); Weekly rhythm node
2021-04-03T09:37:28+00:00,Gann 14-Day Cycle from Spring Equinox,low,time_cycle,gann_rules,Rule3: 'Nodes=pressure points' — 14-day cycle completes from Spring Equinox (2021-03-20); 2-week minor node
2021-04-10T09:37:28+00:00,Gann 21-Day Cycle from Spring Equinox,low,time_cycle,gann_rules,Rule3: 'Nodes=pressure points' — 21-day cycle completes from Spring Equinox (2021-03-20); 3-week minor node
2021-04-11T00:00:00+00:00,Gann Square-of-9 (10²=100 days from Jan 1),medium,time_cycle,gann_rules,Rule5: 'Square of time' — 10²=100 calendar days from 2021-01-01; reversal zone in Gann Square-of-9 methodology
2021-04-19T09:37:28+00:00,Gann 30-Day Cycle from Spring Equinox,medium,time_cycle,gann_rules,Rule3: 'Nodes=pressure points' — 30-day cycle completes from Spring Equinox (2021-03-20); Monthly node — 1/12 annual cycle
2021-04-20T10:02:20+00:00,Gann 120-Day Cycle from Winter Solstice,medium,time_cycle,gann_rules,Rule3: 'Nodes=pressure points' — 120-day cycle completes from Winter Solstice (2020-12-21); 1/3 annual cycle node
2021-04-20T13:30:39+00:00,Gann 210-Day Cycle from Autumn Equinox,low,time_cycle,gann_rules,Rule3: 'Nodes=pressure points' — 210-day cycle completes from Autumn Equinox (2020-09-22); 7-month node
2021-05-01T21:43:41+00:00,Gann 315-Day Cycle from Summer Solstice,medium,time_cycle,gann_rules,Rule3: 'Nodes=pressure points' — 315-day cycle completes from Summer Solstice (2020-06-20); 7/8 annual node
2021-05-02T00:00:00+00:00,Gann Square-of-9 (11²=121 days from Jan 1),medium,time_cycle,gann_rules,Rule5: 'Square of time' — 11²=121 calendar days from 2021-01-01; reversal zone in Gann Square-of-9 methodology
2021-05-04T09:37:28+00:00,Gann 45-Day Cycle from Spring Equinox,medium,time_cycle,gann_rules,Rule3: 'Nodes=pressure points' — 45-day cycle completes from Spring Equinox (2021-03-20); 1/8 annual cycle — first seasonal octave
2021-05-14T10:02:20+00:00,Gann 144-Day Cycle from Winter Solstice,high,time_cycle,gann_rules,Rule3: 'Nodes=pressure points' — 144-day cycle completes from Winter Solstice (2020-12-21); Gann sacred number — inner 144° cycle
2021-05-19T09:37:28+00:00,Gann 60-Day Cycle from Spring Equinox,medium,time_cycle,gann_rules,Rule3: 'Nodes=pressure points' — 60-day cycle completes from Spring Equinox (2021-03-20); 2-month node — 1/6 annual cycle
2021-05-23T09:19:16+00:00,Saturn Station Retrograde,high,planetary_station,swisseph,Rule1: 'Time hits node=MOVE' — Saturn turns retrograde at 313.52° (Aquarius); cycle inversion node
2021-05-25T00:00:00+00:00,Gann Square-of-9 (12²=144 days from Jan 1),high,time_cycle,gann_rules,Rule5: 'Square of time' — 12²=144 calendar days from 2021-01-01; reversal zone in Gann Square-of-9 methodology
2021-05-29T22:34:08+00:00,Mercury Station Retrograde,high,planetary_station,swisseph,Rule1: 'Time hits node=MOVE' — Mercury turns retrograde at 84.72° (Gemini); cycle inversion node
2021-06-15T21:43:41+00:00,Gann 360-Day Cycle from Summer Solstice,high,time_cycle,gann_rules,Rule3: 'Nodes=pressure points' — 360-day cycle completes from Summer Solstice (2020-06-20); Annual cycle completion — full revolution
2021-06-18T09:37:28+00:00,Gann 90-Day Cycle from Spring Equinox,high,time_cycle,gann_rules,Rule3: 'Nodes=pressure points' — 90-day cycle completes from Spring Equinox (2021-03-20); Quarter-year node — seasonal turn zone
2021-06-19T00:00:00+00:00,Gann Square-of-9 (13²=169 days from Jan 1),low,time_cycle,gann_rules,Rule5: 'Square of time' — 13²=169 calendar days from 2021-01-01; reversal zone in Gann Square-of-9 methodology
2021-06-19T10:02:20+00:00,Gann 180-Day Cycle from Winter Solstice,high,time_cycle,gann_rules,Rule3: 'Nodes=pressure points' — 180-day cycle completes from Winter Solstice (2020-12-21); Half-year reversal node — cycle midpoint
2021-06-19T13:30:39+00:00,Gann 270-Day Cycle from Autumn Equinox,high,time_cycle,gann_rules,Rule3: 'Nodes=pressure points' — 270-day cycle completes from Autumn Equinox (2020-09-22); 3/4 annual node — final seasonal turn
2021-06-20T12:00:00+00:00,Gann Pressure Point (6 cycles align),high,pressure_point,gann_rules,"Rule1:'Time hits node=MOVE' | Rule3:'Nodes=pressure points' | Rule4:'Cycle within cycle' | 6 confluences from [planetary_station, time_cycle] | cycles: Jupiter Station Retrograde; Gann 180-Day Cycle from Winter Solstice; Gann Square-of-9 (13²=169 days from Jan 1); Gann 90-Day Cycle from Spring Equinox; Mercury Station Direct; Gann 270-Day Cycle from Autumn Equinox"
2021-06-20T15:05:11+00:00,Jupiter Station Retrograde,high,planetary_station,swisseph,Rule1: 'Time hits node=MOVE' — Jupiter turns retrograde at 332.18° (Pisces); cycle inversion node
2021-06-22T22:00:05+00:00,Mercury Station Direct,medium,planetary_station,swisseph,Rule3: 'Nodes=pressure points' — Mercury turns direct at 76.13° (Gemini); cycle resumption node
2021-06-28T03:32:10+00:00,Gann 7-Day Cycle from Summer Solstice,low,time_cycle,gann_rules,Rule3: 'Nodes=pressure points' — 7-day cycle completes from Summer Solstice (2021-06-21); Weekly rhythm node
2021-07-05T03:32:10+00:00,Gann 14-Day Cycle from Summer Solstice,low,time_cycle,gann_rules,Rule3: 'Nodes=pressure points' — 14-day cycle completes from Summer Solstice (2021-06-21); 2-week minor node
2021-07-12T03:32:10+00:00,Gann 21-Day Cycle from Summer Solstice,low,time_cycle,gann_rules,Rule3: 'Nodes=pressure points' — 21-day cycle completes from Summer Solstice (2021-06-21); 3-week minor node
2021-07-16T00:00:00+00:00,Gann Square-of-9 (14²=196 days from Jan 1),medium,time_cycle,gann_rules,Rule5: 'Square of time' — 14²=196 calendar days from 2021-01-01; reversal zone in Gann Square-of-9 methodology
2021-07-18T09:37:28+00:00,Gann 120-Day Cycle from Spring Equinox,medium,time_cycle,gann_rules,Rule3: 'Nodes=pressure points' — 120-day cycle completes from Spring Equinox (2021-03-20); 1/3 annual cycle node
2021-07-19T10:02:20+00:00,Gann 210-Day Cycle from Winter Solstice,low,time_cycle,gann_rules,Rule3: 'Nodes=pressure points' — 210-day cycle completes from Winter Solstice (2020-12-21); 7-month node
2021-07-21T03:32:10+00:00,Gann 30-Day Cycle from Summer Solstice,medium,time_cycle,gann_rules,Rule3: 'Nodes=pressure points' — 30-day cycle completes from Summer Solstice (2021-06-21); Monthly node — 1/12 annual cycle
2021-07-21T12:00:00+00:00,Gann Pressure Point (3 cycles align),high,pressure_point,gann_rules,"Rule1:'Time hits node=MOVE' | Rule3:'Nodes=pressure points' | Rule4:'Cycle within cycle' | 3 confluences from [synodic_cycle, time_cycle] | cycles: Venus–Jupiter opposition; Gann 30-Day Cycle from Summer Solstice; Gann 210-Day Cycle from Winter Solstice"
2021-07-22T12:44:49+00:00,Venus–Jupiter opposition,medium,synodic_cycle,swisseph,"Rule4: 'Cycle within cycle' — Venus opposition Jupiter: Venus 150.6°, Jupiter 330.6°; synodic cycle completion node"
2021-08-03T13:30:39+00:00,Gann 315-Day Cycle from Autumn Equinox,medium,time_cycle,gann_rules,Rule3: 'Nodes=pressure points' — 315-day cycle completes from Autumn Equinox (2020-09-22); 7/8 annual node
2021-08-05T03:32:10+00:00,Gann 45-Day Cycle from Summer Solstice,medium,time_cycle,gann_rules,Rule3: 'Nodes=pressure points' — 45-day cycle completes from Summer Solstice (2021-06-21); 1/8 annual cycle — first seasonal octave
2021-08-11T09:37:28+00:00,Gann 144-Day Cycle from Spring Equinox,high,time_cycle,gann_rules,Rule3: 'Nodes=pressure points' — 144-day cycle completes from Spring Equinox (2021-03-20); Gann sacred number — inner 144° cycle
2021-08-14T00:00:00+00:00,Gann Square-of-9 (15²=225 days from Jan 1),high,time_cycle,gann_rules,Rule5: 'Square of time' — 15²=225 calendar days from 2021-01-01; reversal zone in Gann Square-of-9 methodology
2021-08-20T03:32:10+00:00,Gann 60-Day Cycle from Summer Solstice,medium,time_cycle,gann_rules,Rule3: 'Nodes=pressure points' — 60-day cycle completes from Summer Solstice (2021-06-21); 2-month node — 1/6 annual cycle
2021-09-14T00:00:00+00:00,Gann Square-of-9 (16²=256 days from Jan 1),low,time_cycle,gann_rules,Rule5: 'Square of time' — 16²=256 calendar days from 2021-01-01; reversal zone in Gann Square-of-9 methodology
2021-09-16T09:37:28+00:00,Gann 180-Day Cycle from Spring Equinox,high,time_cycle,gann_rules,Rule3: 'Nodes=pressure points' — 180-day cycle completes from Spring Equinox (2021-03-20); Half-year reversal node — cycle midpoint
2021-09-17T10:02:20+00:00,Gann 270-Day Cycle from Winter Solstice,high,time_cycle,gann_rules,Rule3: 'Nodes=pressure points' — 270-day cycle completes from Winter Solstice (2020-12-21); 3/4 annual node — final seasonal turn
2021-09-17T13:30:39+00:00,Gann 360-Day Cycle from Autumn Equinox,high,time_cycle,gann_rules,Rule3: 'Nodes=pressure points' — 360-day cycle completes from Autumn Equinox (2020-09-22); Annual cycle completion — full revolution
2021-09-19T03:32:10+00:00,Gann 90-Day Cycle from Summer Solstice,high,time_cycle,gann_rules,Rule3: 'Nodes=pressure points' — 90-day cycle completes from Summer Solstice (2021-06-21); Quarter-year node — seasonal turn zone
2021-09-27T05:10:15+00:00,Mercury Station Retrograde,high,planetary_station,swisseph,Rule1: 'Time hits node=MOVE' — Mercury turns retrograde at 205.47° (Libra); cycle inversion node
2021-09-29T19:21:04+00:00,Gann 7-Day Cycle from Autumn Equinox,low,time_cycle,gann_rules,Rule3: 'Nodes=pressure points' — 7-day cycle completes from Autumn Equinox (2021-09-22); Weekly rhythm node
2021-10-06T19:21:04+00:00,Gann 14-Day Cycle from Autumn Equinox,low,time_cycle,gann_rules,Rule3: 'Nodes=pressure points' — 14-day cycle completes from Autumn Equinox (2021-09-22); 2-week minor node
2021-10-11T02:17:23+00:00,Saturn Station Direct,medium,planetary_station,swisseph,Rule3: 'Nodes=pressure points' — Saturn turns direct at 306.88° (Aquarius); cycle resumption node
2021-10-13T19:21:04+00:00,Gann 21-Day Cycle from Autumn Equinox,low,time_cycle,gann_rules,Rule3: 'Nodes=pressure points' — 21-day cycle completes from Autumn Equinox (2021-09-22); 3-week minor node
2021-10-16T09:37:28+00:00,Gann 210-Day Cycle from Spring Equinox,low,time_cycle,gann_rules,Rule3: 'Nodes=pressure points' — 210-day cycle completes from Spring Equinox (2021-03-20); 7-month node
2021-10-17T00:00:00+00:00,Gann Square-of-9 (17²=289 days from Jan 1),high,time_cycle,gann_rules,Rule5: 'Square of time' — 17²=289 calendar days from 2021-01-01; reversal zone in Gann Square-of-9 methodology
2021-10-17T12:00:00+00:00,Gann Pressure Point (5 cycles align),high,pressure_point,gann_rules,"Rule1:'Time hits node=MOVE' | Rule3:'Nodes=pressure points' | Rule4:'Cycle within cycle' | 5 confluences from [planetary_station, time_cycle] | cycles: Gann 210-Day Cycle from Spring Equinox; Jupiter Station Direct; Mercury Station Direct; Gann Square-of-9 (17²=289 days from Jan 1); Gann 120-Day Cycle from Summer Solstice"
2021-10-18T05:30:20+00:00,Jupiter Station Direct,medium,planetary_station,swisseph,Rule3: 'Nodes=pressure points' — Jupiter turns direct at 322.33° (Aquarius); cycle resumption node
2021-10-18T15:16:55+00:00,Mercury Station Direct,medium,planetary_station,swisseph,Rule3: 'Nodes=pressure points' — Mercury turns direct at 190.13° (Libra); cycle resumption node
2021-10-19T03:32:10+00:00,Gann 120-Day Cycle from Summer Solstice,medium,time_cycle,gann_rules,Rule3: 'Nodes=pressure points' — 120-day cycle completes from Summer Solstice (2021-06-21); 1/3 annual cycle node
2021-10-22T19:21:04+00:00,Gann 30-Day Cycle from Autumn Equinox,medium,time_cycle,gann_rules,Rule3: 'Nodes=pressure points' — 30-day cycle completes from Autumn Equinox (2021-09-22); Monthly node — 1/12 annual cycle
2021-11-01T10:02:20+00:00,Gann 315-Day Cycle from Winter Solstice,medium,time_cycle,gann_rules,Rule3: 'Nodes=pressure points' — 315-day cycle completes from Winter Solstice (2020-12-21); 7/8 annual node
2021-11-06T19:21:04+00:00,Gann 45-Day Cycle from Autumn Equinox,medium,time_cycle,gann_rules,Rule3: 'Nodes=pressure points' — 45-day cycle completes from Autumn Equinox (2021-09-22); 1/8 annual cycle — first seasonal octave
2021-11-12T03:32:10+00:00,Gann 144-Day Cycle from Summer Solstice,high,time_cycle,gann_rules,Rule3: 'Nodes=pressure points' — 144-day cycle completes from Summer Solstice (2021-06-21); Gann sacred number — inner 144° cycle
2021-11-21T00:00:00+00:00,Gann Square-of-9 (18²=324 days from Jan 1),low,time_cycle,gann_rules,Rule5: 'Square of time' — 18²=324 calendar days from 2021-01-01; reversal zone in Gann Square-of-9 methodology
2021-11-21T19:21:04+00:00,Gann 60-Day Cycle from Autumn Equinox,medium,time_cycle,gann_rules,Rule3: 'Nodes=pressure points' — 60-day cycle completes from Autumn Equinox (2021-09-22); 2-month node — 1/6 annual cycle
2021-12-15T09:37:28+00:00,Gann 270-Day Cycle from Spring Equinox,high,time_cycle,gann_rules,Rule3: 'Nodes=pressure points' — 270-day cycle completes from Spring Equinox (2021-03-20); 3/4 annual node — final seasonal turn
2021-12-16T10:02:20+00:00,Gann 360-Day Cycle from Winter Solstice,high,time_cycle,gann_rules,Rule3: 'Nodes=pressure points' — 360-day cycle completes from Winter Solstice (2020-12-21); Annual cycle completion — full revolution
2021-12-18T03:32:10+00:00,Gann 180-Day Cycle from Summer Solstice,high,time_cycle,gann_rules,Rule3: 'Nodes=pressure points' — 180-day cycle completes from Summer Solstice (2021-06-21); Half-year reversal node — cycle midpoint
2021-12-18T12:00:00+00:00,Gann Pressure Point (3 cycles align),medium,pressure_point,gann_rules,"Rule1:'Time hits node=MOVE' | Rule3:'Nodes=pressure points' | Rule4:'Cycle within cycle' | 3 confluences from [planetary_station, time_cycle] | cycles: Gann 180-Day Cycle from Summer Solstice; Gann 360-Day Cycle from Winter Solstice; Venus Station Retrograde"
2021-12-19T10:35:45+00:00,Venus Station Retrograde,high,planetary_station,swisseph,Rule1: 'Time hits node=MOVE' — Venus turns retrograde at 296.49° (Capricorn); cycle inversion node
2021-12-21T19:21:04+00:00,Gann 90-Day Cycle from Autumn Equinox,high,time_cycle,gann_rules,Rule3: 'Nodes=pressure points' — 90-day cycle completes from Autumn Equinox (2021-09-22); Quarter-year node — seasonal turn zone
2021-12-28T00:00:00+00:00,Gann Square-of-9 (19²=361 days from Jan 1),high,time_cycle,gann_rules,Rule5: 'Square of time' — 19²=361 calendar days from 2021-01-01; reversal zone in Gann Square-of-9 methodology
2021-12-28T15:59:19+00:00,Gann 7-Day Cycle from Winter Solstice,low,time_cycle,gann_rules,Rule3: 'Nodes=pressure points' — 7-day cycle completes from Winter Solstice (2021-12-21); Weekly rhythm node
2022-01-02T00:00:00+00:00,Gann Square-of-9 (1²=1 days from Jan 1),low,time_cycle,gann_rules,Rule5: 'Square of time' — 1²=1 calendar days from 2022-01-01; reversal zone in Gann Square-of-9 methodology
2022-01-04T15:59:19+00:00,Gann 14-Day Cycle from Winter Solstice,low,time_cycle,gann_rules,Rule3: 'Nodes=pressure points' — 14-day cycle completes from Winter Solstice (2021-12-21); 2-week minor node
2022-01-05T00:00:00+00:00,Gann Square-of-9 (2²=4 days from Jan 1),low,time_cycle,gann_rules,Rule5: 'Square of time' — 2²=4 calendar days from 2022-01-01; reversal zone in Gann Square-of-9 methodology
2022-01-10T00:00:00+00:00,Gann Square-of-9 (3²=9 days from Jan 1),low,time_cycle,gann_rules,Rule5: 'Square of time' — 3²=9 calendar days from 2022-01-01; reversal zone in Gann Square-of-9 methodology
2022-01-11T15:59:19+00:00,Gann 21-Day Cycle from Winter Solstice,low,time_cycle,gann_rules,Rule3: 'Nodes=pressure points' — 21-day cycle completes from Winter Solstice (2021-12-21); 3-week minor node
2022-01-14T11:41:33+00:00,Mercury Station Retrograde,high,planetary_station,swisseph,Rule1: 'Time hits node=MOVE' — Mercury turns retrograde at 310.34° (Aquarius); cycle inversion node
2022-01-17T00:00:00+00:00,Gann Square-of-9 (4²=16 days from Jan 1),low,time_cycle,gann_rules,Rule5: 'Square of time' — 4²=16 calendar days from 2022-01-01; reversal zone in Gann Square-of-9 methodology
2022-01-17T03:32:10+00:00,Gann 210-Day Cycle from Summer Solstice,low,time_cycle,gann_rules,Rule3: 'Nodes=pressure points' — 210-day cycle completes from Summer Solstice (2021-06-21); 7-month node
2022-01-20T15:59:19+00:00,Gann 30-Day Cycle from Winter Solstice,medium,time_cycle,gann_rules,Rule3: 'Nodes=pressure points' — 30-day cycle completes from Winter Solstice (2021-12-21); Monthly node — 1/12 annual cycle
2022-01-20T19:21:04+00:00,Gann 120-Day Cycle from Autumn Equinox,medium,time_cycle,gann_rules,Rule3: 'Nodes=pressure points' — 120-day cycle completes from Autumn Equinox (2021-09-22); 1/3 annual cycle node
2022-01-26T00:00:00+00:00,Gann Square-of-9 (5²=25 days from Jan 1),low,time_cycle,gann_rules,Rule5: 'Square of time' — 5²=25 calendar days from 2022-01-01; reversal zone in Gann Square-of-9 methodology
2022-01-29T08:45:55+00:00,Venus Station Direct,medium,planetary_station,swisseph,Rule3: 'Nodes=pressure points' — Venus turns direct at 281.08° (Capricorn); cycle resumption node
2022-01-29T09:37:28+00:00,Gann 315-Day Cycle from Spring Equinox,medium,time_cycle,gann_rules,Rule3: 'Nodes=pressure points' — 315-day cycle completes from Spring Equinox (2021-03-20); 7/8 annual node
2022-02-04T04:13:02+00:00,Mercury Station Direct,medium,planetary_station,swisseph,Rule3: 'Nodes=pressure points' — Mercury turns direct at 294.38° (Capricorn); cycle resumption node
2022-02-04T12:00:00+00:00,Gann Pressure Point (4 cycles align),medium,pressure_point,gann_rules,"Rule1:'Time hits node=MOVE' | Rule3:'Nodes=pressure points' | Rule4:'Cycle within cycle' | 4 confluences from [planetary_station, time_cycle] | cycles: Gann 45-Day Cycle from Winter Solstice; Gann Square-of-9 (20²=400 days from Jan 1); Mercury Station Direct; Gann Square-of-9 (6²=36 days from Jan 1)"
2022-02-04T15:59:19+00:00,Gann 45-Day Cycle from Winter Solstice,medium,time_cycle,gann_rules,Rule3: 'Nodes=pressure points' — 45-day cycle completes from Winter Solstice (2021-12-21); 1/8 annual cycle — first seasonal octave
2022-02-05T00:00:00+00:00,Gann Square-of-9 (20²=400 days from Jan 1),low,time_cycle,gann_rules,Rule5: 'Square of time' — 20²=400 calendar days from 2021-01-01; reversal zone in Gann Square-of-9 methodology
2022-02-06T00:00:00+00:00,Gann Square-of-9 (6²=36 days from Jan 1),low,time_cycle,gann_rules,Rule5: 'Square of time' — 6²=36 calendar days from 2022-01-01; reversal zone in Gann Square-of-9 methodology
2022-02-13T19:21:04+00:00,Gann 144-Day Cycle from Autumn Equinox,high,time_cycle,gann_rules,Rule3: 'Nodes=pressure points' — 144-day cycle completes from Autumn Equinox (2021-09-22); Gann sacred number — inner 144° cycle
2022-02-16T14:28:28+00:00,Mars–Venus conjunction,low,synodic_cycle,swisseph,"Rule4: 'Cycle within cycle' — Mars conjunction Venus: Mars 286.9°, Venus 286.9°; synodic cycle completion node"
2022-02-19T00:00:00+00:00,Gann Square-of-9 (7²=49 days from Jan 1),low,time_cycle,gann_rules,Rule5: 'Square of time' — 7²=49 calendar days from 2022-01-01; reversal zone in Gann Square-of-9 methodology
2022-02-19T15:59:19+00:00,Gann 60-Day Cycle from Winter Solstice,medium,time_cycle,gann_rules,Rule3: 'Nodes=pressure points' — 60-day cycle completes from Winter Solstice (2021-12-21); 2-month node — 1/6 annual cycle
2022-03-06T00:00:00+00:00,Gann Square-of-9 (8²=64 days from Jan 1),low,time_cycle,gann_rules,Rule5: 'Square of time' — 8²=64 calendar days from 2022-01-01; reversal zone in Gann Square-of-9 methodology
2022-03-15T09:37:28+00:00,Gann 360-Day Cycle from Spring Equinox,high,time_cycle,gann_rules,Rule3: 'Nodes=pressure points' — 360-day cycle completes from Spring Equinox (2021-03-20); Annual cycle completion — full revolution
2022-03-18T03:32:10+00:00,Gann 270-Day Cycle from Summer Solstice,high,time_cycle,gann_rules,Rule3: 'Nodes=pressure points' — 270-day cycle completes from Summer Solstice (2021-06-21); 3/4 annual node — final seasonal turn
2022-03-21T15:59:19+00:00,Gann 90-Day Cycle from Winter Solstice,high,time_cycle,gann_rules,Rule3: 'Nodes=pressure points' — 90-day cycle completes from Winter Solstice (2021-12-21); Quarter-year node — seasonal turn zone
2022-03-21T19:21:04+00:00,Gann 180-Day Cycle from Autumn Equinox,high,time_cycle,gann_rules,Rule3: 'Nodes=pressure points' — 180-day cycle completes from Autumn Equinox (2021-09-22); Half-year reversal node — cycle midpoint
2022-03-23T00:00:00+00:00,Gann Square-of-9 (9²=81 days from Jan 1),medium,time_cycle,gann_rules,Rule5: 'Square of time' — 9²=81 calendar days from 2022-01-01; reversal zone in Gann Square-of-9 methodology
2022-03-27T15:33:25+00:00,Gann 7-Day Cycle from Spring Equinox,low,time_cycle,gann_rules,Rule3: 'Nodes=pressure points' — 7-day cycle completes from Spring Equinox (2022-03-20); Weekly rhythm node
2022-04-03T15:33:25+00:00,Gann 14-Day Cycle from Spring Equinox,low,time_cycle,gann_rules,Rule3: 'Nodes=pressure points' — 14-day cycle completes from Spring Equinox (2022-03-20); 2-week minor node
2022-04-10T15:33:25+00:00,Gann 21-Day Cycle from Spring Equinox,low,time_cycle,gann_rules,Rule3: 'Nodes=pressure points' — 21-day cycle completes from Spring Equinox (2022-03-20); 3-week minor node
2022-04-11T00:00:00+00:00,Gann Square-of-9 (10²=100 days from Jan 1),medium,time_cycle,gann_rules,Rule5: 'Square of time' — 10²=100 calendar days from 2022-01-01; reversal zone in Gann Square-of-9 methodology
2022-04-19T15:33:25+00:00,Gann 30-Day Cycle from Spring Equinox,medium,time_cycle,gann_rules,Rule3: 'Nodes=pressure points' — 30-day cycle completes from Spring Equinox (2022-03-20); Monthly node — 1/12 annual cycle
2022-04-20T15:59:19+00:00,Gann 120-Day Cycle from Winter Solstice,medium,time_cycle,gann_rules,Rule3: 'Nodes=pressure points' — 120-day cycle completes from Winter Solstice (2021-12-21); 1/3 annual cycle node
2022-04-20T19:21:04+00:00,Gann 210-Day Cycle from Autumn Equinox,low,time_cycle,gann_rules,Rule3: 'Nodes=pressure points' — 210-day cycle completes from Autumn Equinox (2021-09-22); 7-month node
2022-04-30T21:14:00+00:00,Venus–Jupiter conjunction,medium,synodic_cycle,swisseph,"Rule4: 'Cycle within cycle' — Venus conjunction Jupiter: Venus 358.0°, Jupiter 358.0°; synodic cycle completion node"
2022-05-02T00:00:00+00:00,Gann Square-of-9 (11²=121 days from Jan 1),medium,time_cycle,gann_rules,Rule5: 'Square of time' — 11²=121 calendar days from 2022-01-01; reversal zone in Gann Square-of-9 methodology
2022-05-02T03:32:10+00:00,Gann 315-Day Cycle from Summer Solstice,medium,time_cycle,gann_rules,Rule3: 'Nodes=pressure points' — 315-day cycle completes from Summer Solstice (2021-06-21); 7/8 annual node
2022-05-02T12:00:00+00:00,Gann Pressure Point (4 cycles align),high,pressure_point,gann_rules,"Rule1:'Time hits node=MOVE' | Rule3:'Nodes=pressure points' | Rule4:'Cycle within cycle' | 4 confluences from [synodic_cycle, time_cycle] | cycles: Venus–Jupiter conjunction; Gann Square-of-9 (11²=121 days from Jan 1); Gann 45-Day Cycle from Spring Equinox; Gann 315-Day Cycle from Summer Solstice"
2022-05-04T15:33:25+00:00,Gann 45-Day Cycle from Spring Equinox,medium,time_cycle,gann_rules,Rule3: 'Nodes=pressure points' — 45-day cycle completes from Spring Equinox (2022-03-20); 1/8 annual cycle — first seasonal octave
2022-05-10T11:47:34+00:00,Mercury Station Retrograde,high,planetary_station,swisseph,Rule1: 'Time hits node=MOVE' — Mercury turns retrograde at 64.86° (Gemini); cycle inversion node
2022-05-14T15:59:19+00:00,Gann 144-Day Cycle from Winter Solstice,high,time_cycle,gann_rules,Rule3: 'Nodes=pressure points' — 144-day cycle completes from Winter Solstice (2021-12-21); Gann sacred number — inner 144° cycle
2022-05-19T15:33:25+00:00,Gann 60-Day Cycle from Spring Equinox,medium,time_cycle,gann_rules,Rule3: 'Nodes=pressure points' — 60-day cycle completes from Spring Equinox (2022-03-20); 2-month node — 1/6 annual cycle
2022-05-25T00:00:00+00:00,Gann Square-of-9 (12²=144 days from Jan 1),high,time_cycle,gann_rules,Rule5: 'Square of time' — 12²=144 calendar days from 2022-01-01; reversal zone in Gann Square-of-9 methodology
2022-06-03T08:00:17+00:00,Mercury Station Direct,medium,planetary_station,swisseph,Rule3: 'Nodes=pressure points' — Mercury turns direct at 56.09° (Taurus); cycle resumption node
2022-06-04T21:46:42+00:00,Saturn Station Retrograde,high,planetary_station,swisseph,Rule1: 'Time hits node=MOVE' — Saturn turns retrograde at 325.25° (Aquarius); cycle inversion node
2022-06-16T03:32:10+00:00,Gann 360-Day Cycle from Summer Solstice,high,time_cycle,gann_rules,Rule3: 'Nodes=pressure points' — 360-day cycle completes from Summer Solstice (2021-06-21); Annual cycle completion — full revolution
2022-06-18T15:33:25+00:00,Gann 90-Day Cycle from Spring Equinox,high,time_cycle,gann_rules,Rule3: 'Nodes=pressure points' — 90-day cycle completes from Spring Equinox (2022-03-20); Quarter-year node — seasonal turn zone
2022-06-19T00:00:00+00:00,Gann Square-of-9 (13²=169 days from Jan 1),low,time_cycle,gann_rules,Rule5: 'Square of time' — 13²=169 calendar days from 2022-01-01; reversal zone in Gann Square-of-9 methodology
2022-06-19T15:59:19+00:00,Gann 180-Day Cycle from Winter Solstice,high,time_cycle,gann_rules,Rule3: 'Nodes=pressure points' — 180-day cycle completes from Winter Solstice (2021-12-21); Half-year reversal node — cycle midpoint
2022-06-19T19:21:04+00:00,Gann 270-Day Cycle from Autumn Equinox,high,time_cycle,gann_rules,Rule3: 'Nodes=pressure points' — 270-day cycle completes from Autumn Equinox (2021-09-22); 3/4 annual node — final seasonal turn
2022-06-28T09:13:51+00:00,Gann 7-Day Cycle from Summer Solstice,low,time_cycle,gann_rules,Rule3: 'Nodes=pressure points' — 7-day cycle completes from Summer Solstice (2022-06-21); Weekly rhythm node
2022-07-05T09:13:51+00:00,Gann 14-Day Cycle from Summer Solstice,low,time_cycle,gann_rules,Rule3: 'Nodes=pressure points' — 14-day cycle completes from Summer Solstice (2022-06-21); 2-week minor node
2022-07-12T09:13:51+00:00,Gann 21-Day Cycle from Summer Solstice,low,time_cycle,gann_rules,Rule3: 'Nodes=pressure points' — 21-day cycle completes from Summer Solstice (2022-06-21); 3-week minor node
2022-07-16T00:00:00+00:00,Gann Square-of-9 (14²=196 days from Jan 1),medium,time_cycle,gann_rules,Rule5: 'Square of time' — 14²=196 calendar days from 2022-01-01; reversal zone in Gann Square-of-9 methodology
2022-07-18T15:33:25+00:00,Gann 120-Day Cycle from Spring Equinox,medium,time_cycle,gann_rules,Rule3: 'Nodes=pressure points' — 120-day cycle completes from Spring Equinox (2022-03-20); 1/3 annual cycle node
2022-07-19T15:59:19+00:00,Gann 210-Day Cycle from Winter Solstice,low,time_cycle,gann_rules,Rule3: 'Nodes=pressure points' — 210-day cycle completes from Winter Solstice (2021-12-21); 7-month node
2022-07-21T09:13:51+00:00,Gann 30-Day Cycle from Summer Solstice,medium,time_cycle,gann_rules,Rule3: 'Nodes=pressure points' — 30-day cycle completes from Summer Solstice (2022-06-21); Monthly node — 1/12 annual cycle
2022-07-28T20:37:33+00:00,Jupiter Station Retrograde,high,planetary_station,swisseph,Rule1: 'Time hits node=MOVE' — Jupiter turns retrograde at 8.72° (Aries); cycle inversion node
2022-08-03T19:21:04+00:00,Gann 315-Day Cycle from Autumn Equinox,medium,time_cycle,gann_rules,Rule3: 'Nodes=pressure points' — 315-day cycle completes from Autumn Equinox (2021-09-22); 7/8 annual node
2022-08-05T09:13:51+00:00,Gann 45-Day Cycle from Summer Solstice,medium,time_cycle,gann_rules,Rule3: 'Nodes=pressure points' — 45-day cycle completes from Summer Solstice (2022-06-21); 1/8 annual cycle — first seasonal octave
2022-08-11T15:33:25+00:00,Gann 144-Day Cycle from Spring Equinox,high,time_cycle,gann_rules,Rule3: 'Nodes=pressure points' — 144-day cycle completes from Spring Equinox (2022-03-20); Gann sacred number — inner 144° cycle
2022-08-14T00:00:00+00:00,Gann Square-of-9 (15²=225 days from Jan 1),high,time_cycle,gann_rules,Rule5: 'Square of time' — 15²=225 calendar days from 2022-01-01; reversal zone in Gann Square-of-9 methodology
2022-08-20T09:13:51+00:00,Gann 60-Day Cycle from Summer Solstice,medium,time_cycle,gann_rules,Rule3: 'Nodes=pressure points' — 60-day cycle completes from Summer Solstice (2022-06-21); 2-month node — 1/6 annual cycle
2022-09-10T03:38:07+00:00,Mercury Station Retrograde,high,planetary_station,swisseph,Rule1: 'Time hits node=MOVE' — Mercury turns retrograde at 188.92° (Libra); cycle inversion node
2022-09-14T00:00:00+00:00,Gann Square-of-9 (16²=256 days from Jan 1),low,time_cycle,gann_rules,Rule5: 'Square of time' — 16²=256 calendar days from 2022-01-01; reversal zone in Gann Square-of-9 methodology
2022-09-16T15:33:25+00:00,Gann 180-Day Cycle from Spring Equinox,high,time_cycle,gann_rules,Rule3: 'Nodes=pressure points' — 180-day cycle completes from Spring Equinox (2022-03-20); Half-year reversal node — cycle midpoint
2022-09-17T15:59:19+00:00,Gann 270-Day Cycle from Winter Solstice,high,time_cycle,gann_rules,Rule3: 'Nodes=pressure points' — 270-day cycle completes from Winter Solstice (2021-12-21); 3/4 annual node — final seasonal turn
2022-09-17T19:21:04+00:00,Gann 360-Day Cycle from Autumn Equinox,high,time_cycle,gann_rules,Rule3: 'Nodes=pressure points' — 360-day cycle completes from Autumn Equinox (2021-09-22); Annual cycle completion — full revolution
2022-09-19T09:13:51+00:00,Gann 90-Day Cycle from Summer Solstice,high,time_cycle,gann_rules,Rule3: 'Nodes=pressure points' — 90-day cycle completes from Summer Solstice (2022-06-21); Quarter-year node — seasonal turn zone
2022-09-30T01:03:42+00:00,Gann 7-Day Cycle from Autumn Equinox,low,time_cycle,gann_rules,Rule3: 'Nodes=pressure points' — 7-day cycle completes from Autumn Equinox (2022-09-23); Weekly rhythm node
2022-09-30T12:00:00+00:00,Gann Pressure Point (3 cycles align),high,pressure_point,gann_rules,"Rule1:'Time hits node=MOVE' | Rule3:'Nodes=pressure points' | Rule4:'Cycle within cycle' | 3 confluences from [planetary_station, synodic_cycle, time_cycle] | cycles: Gann 7-Day Cycle from Autumn Equinox; Venus–Jupiter opposition; Mercury Station Direct"
2022-10-01T18:11:44+00:00,Venus–Jupiter opposition,medium,synodic_cycle,swisseph,"Rule4: 'Cycle within cycle' — Venus opposition Jupiter: Venus 183.0°, Jupiter 3.0°; synodic cycle completion node"
2022-10-02T09:07:28+00:00,Mercury Station Direct,medium,planetary_station,swisseph,Rule3: 'Nodes=pressure points' — Mercury turns direct at 174.20° (Virgo); cycle resumption node
2022-10-07T01:03:42+00:00,Gann 14-Day Cycle from Autumn Equinox,low,time_cycle,gann_rules,Rule3: 'Nodes=pressure points' — 14-day cycle completes from Autumn Equinox (2022-09-23); 2-week minor node
2022-10-14T01:03:42+00:00,Gann 21-Day Cycle from Autumn Equinox,low,time_cycle,gann_rules,Rule3: 'Nodes=pressure points' — 21-day cycle completes from Autumn Equinox (2022-09-23); 3-week minor node
2022-10-16T15:33:25+00:00,Gann 210-Day Cycle from Spring Equinox,low,time_cycle,gann_rules,Rule3: 'Nodes=pressure points' — 210-day cycle completes from Spring Equinox (2022-03-20); 7-month node
2022-10-17T00:00:00+00:00,Gann Square-of-9 (17²=289 days from Jan 1),high,time_cycle,gann_rules,Rule5: 'Square of time' — 17²=289 calendar days from 2022-01-01; reversal zone in Gann Square-of-9 methodology
2022-10-19T09:13:51+00:00,Gann 120-Day Cycle from Summer Solstice,medium,time_cycle,gann_rules,Rule3: 'Nodes=pressure points' — 120-day cycle completes from Summer Solstice (2022-06-21); 1/3 annual cycle node
2022-10-23T01:03:42+00:00,Gann 30-Day Cycle from Autumn Equinox,medium,time_cycle,gann_rules,Rule3: 'Nodes=pressure points' — 30-day cycle completes from Autumn Equinox (2022-09-23); Monthly node — 1/12 annual cycle
2022-10-23T04:07:33+00:00,Saturn Station Direct,medium,planetary_station,swisseph,Rule3: 'Nodes=pressure points' — Saturn turns direct at 318.59° (Aquarius); cycle resumption node
2022-10-30T13:25:40+00:00,Mars Station Retrograde,high,planetary_station,swisseph,Rule1: 'Time hits node=MOVE' — Mars turns retrograde at 85.61° (Gemini); cycle inversion node
2022-11-01T15:59:19+00:00,Gann 315-Day Cycle from Winter Solstice,medium,time_cycle,gann_rules,Rule3: 'Nodes=pressure points' — 315-day cycle completes from Winter Solstice (2021-12-21); 7/8 annual node
2022-11-07T01:03:42+00:00,Gann 45-Day Cycle from Autumn Equinox,medium,time_cycle,gann_rules,Rule3: 'Nodes=pressure points' — 45-day cycle completes from Autumn Equinox (2022-09-23); 1/8 annual cycle — first seasonal octave
2022-11-12T09:13:51+00:00,Gann 144-Day Cycle from Summer Solstice,high,time_cycle,gann_rules,Rule3: 'Nodes=pressure points' — 144-day cycle completes from Summer Solstice (2022-06-21); Gann sacred number — inner 144° cycle
2022-11-21T00:00:00+00:00,Gann Square-of-9 (18²=324 days from Jan 1),low,time_cycle,gann_rules,Rule5: 'Square of time' — 18²=324 calendar days from 2022-01-01; reversal zone in Gann Square-of-9 methodology
2022-11-21T12:00:00+00:00,Gann Pressure Point (3 cycles align),medium,pressure_point,gann_rules,"Rule1:'Time hits node=MOVE' | Rule3:'Nodes=pressure points' | Rule4:'Cycle within cycle' | 3 confluences from [planetary_station, time_cycle] | cycles: Gann 60-Day Cycle from Autumn Equinox; Jupiter Station Direct; Gann Square-of-9 (18²=324 days from Jan 1)"
2022-11-22T01:03:42+00:00,Gann 60-Day Cycle from Autumn Equinox,medium,time_cycle,gann_rules,Rule3: 'Nodes=pressure points' — 60-day cycle completes from Autumn Equinox (2022-09-23); 2-month node — 1/6 annual cycle
2022-11-23T23:02:27+00:00,Jupiter Station Direct,medium,planetary_station,swisseph,Rule3: 'Nodes=pressure points' — Jupiter turns direct at 358.80° (Pisces); cycle resumption node
2022-12-15T15:33:25+00:00,Gann 270-Day Cycle from Spring Equinox,high,time_cycle,gann_rules,Rule3: 'Nodes=pressure points' — 270-day cycle completes from Spring Equinox (2022-03-20); 3/4 annual node — final seasonal turn
2022-12-16T15:59:19+00:00,Gann 360-Day Cycle from Winter Solstice,high,time_cycle,gann_rules,Rule3: 'Nodes=pressure points' — 360-day cycle completes from Winter Solstice (2021-12-21); Annual cycle completion — full revolution
2022-12-18T09:13:51+00:00,Gann 180-Day Cycle from Summer Solstice,high,time_cycle,gann_rules,Rule3: 'Nodes=pressure points' — 180-day cycle completes from Summer Solstice (2022-06-21); Half-year reversal node — cycle midpoint
2022-12-22T01:03:42+00:00,Gann 90-Day Cycle from Autumn Equinox,high,time_cycle,gann_rules,Rule3: 'Nodes=pressure points' — 90-day cycle completes from Autumn Equinox (2022-09-23); Quarter-year node — seasonal turn zone
2022-12-28T00:00:00+00:00,Gann Square-of-9 (19²=361 days from Jan 1),high,time_cycle,gann_rules,Rule5: 'Square of time' — 19²=361 calendar days from 2022-01-01; reversal zone in Gann Square-of-9 methodology
2022-12-28T12:00:00+00:00,Gann Pressure Point (3 cycles align),medium,pressure_point,gann_rules,"Rule1:'Time hits node=MOVE' | Rule3:'Nodes=pressure points' | Rule4:'Cycle within cycle' | 3 confluences from [planetary_station, time_cycle] | cycles: Gann 7-Day Cycle from Winter Solstice; Mercury Station Retrograde; Gann Square-of-9 (19²=361 days from Jan 1)"
2022-12-28T21:48:13+00:00,Gann 7-Day Cycle from Winter Solstice,low,time_cycle,gann_rules,Rule3: 'Nodes=pressure points' — 7-day cycle completes from Winter Solstice (2022-12-21); Weekly rhythm node
2022-12-29T09:31:54+00:00,Mercury Station Retrograde,high,planetary_station,swisseph,Rule1: 'Time hits node=MOVE' — Mercury turns retrograde at 294.36° (Capricorn); cycle inversion node
2023-01-02T00:00:00+00:00,Gann Square-of-9 (1²=1 days from Jan 1),low,time_cycle,gann_rules,Rule5: 'Square of time' — 1²=1 calendar days from 2023-01-01; reversal zone in Gann Square-of-9 methodology
2023-01-04T21:48:13+00:00,Gann 14-Day Cycle from Winter Solstice,low,time_cycle,gann_rules,Rule3: 'Nodes=pressure points' — 14-day cycle completes from Winter Solstice (2022-12-21); 2-week minor node
2023-01-05T00:00:00+00:00,Gann Square-of-9 (2²=4 days from Jan 1),low,time_cycle,gann_rules,Rule5: 'Square of time' — 2²=4 calendar days from 2023-01-01; reversal zone in Gann Square-of-9 methodology
2023-01-10T00:00:00+00:00,Gann Square-of-9 (3²=9 days from Jan 1),low,time_cycle,gann_rules,Rule5: 'Square of time' — 3²=9 calendar days from 2023-01-01; reversal zone in Gann Square-of-9 methodology
2023-01-10T12:00:00+00:00,Gann Pressure Point (3 cycles align),medium,pressure_point,gann_rules,"Rule1:'Time hits node=MOVE' | Rule3:'Nodes=pressure points' | Rule4:'Cycle within cycle' | 3 confluences from [planetary_station, time_cycle] | cycles: Mars Station Direct; Gann 21-Day Cycle from Winter Solstice; Gann Square-of-9 (3²=9 days from Jan 1)"
2023-01-11T21:48:13+00:00,Gann 21-Day Cycle from Winter Solstice,low,time_cycle,gann_rules,Rule3: 'Nodes=pressure points' — 21-day cycle completes from Winter Solstice (2022-12-21); 3-week minor node
2023-01-12T20:56:34+00:00,Mars Station Direct,medium,planetary_station,swisseph,Rule3: 'Nodes=pressure points' — Mars turns direct at 68.13° (Gemini); cycle resumption node
2023-01-17T00:00:00+00:00,Gann Square-of-9 (4²=16 days from Jan 1),low,time_cycle,gann_rules,Rule5: 'Square of time' — 4²=16 calendar days from 2023-01-01; reversal zone in Gann Square-of-9 methodology
2023-01-17T09:13:51+00:00,Gann 210-Day Cycle from Summer Solstice,low,time_cycle,gann_rules,Rule3: 'Nodes=pressure points' — 210-day cycle completes from Summer Solstice (2022-06-21); 7-month node
2023-01-18T12:00:00+00:00,Gann Pressure Point (4 cycles align),medium,pressure_point,gann_rules,"Rule1:'Time hits node=MOVE' | Rule3:'Nodes=pressure points' | Rule4:'Cycle within cycle' | 4 confluences from [planetary_station, time_cycle] | cycles: Gann 210-Day Cycle from Summer Solstice; Gann 30-Day Cycle from Winter Solstice; Mercury Station Direct; Gann Square-of-9 (4²=16 days from Jan 1)"
2023-01-18T13:11:59+00:00,Mercury Station Direct,medium,planetary_station,swisseph,Rule3: 'Nodes=pressure points' — Mercury turns direct at 278.14° (Capricorn); cycle resumption node
2023-01-20T21:48:13+00:00,Gann 30-Day Cycle from Winter Solstice,medium,time_cycle,gann_rules,Rule3: 'Nodes=pressure points' — 30-day cycle completes from Winter Solstice (2022-12-21); Monthly node — 1/12 annual cycle
2023-01-21T01:03:42+00:00,Gann 120-Day Cycle from Autumn Equinox,medium,time_cycle,gann_rules,Rule3: 'Nodes=pressure points' — 120-day cycle completes from Autumn Equinox (2022-09-23); 1/3 annual cycle node
2023-01-26T00:00:00+00:00,Gann Square-of-9 (5²=25 days from Jan 1),low,time_cycle,gann_rules,Rule5: 'Square of time' — 5²=25 calendar days from 2023-01-01; reversal zone in Gann Square-of-9 methodology
2023-01-29T15:33:25+00:00,Gann 315-Day Cycle from Spring Equinox,medium,time_cycle,gann_rules,Rule3: 'Nodes=pressure points' — 315-day cycle completes from Spring Equinox (2022-03-20); 7/8 annual node
2023-02-04T21:48:13+00:00,Gann 45-Day Cycle from Winter Solstice,medium,time_cycle,gann_rules,Rule3: 'Nodes=pressure points' — 45-day cycle completes from Winter Solstice (2022-12-21); 1/8 annual cycle — first seasonal octave
2023-02-05T00:00:00+00:00,Gann Square-of-9 (20²=400 days from Jan 1),low,time_cycle,gann_rules,Rule5: 'Square of time' — 20²=400 calendar days from 2022-01-01; reversal zone in Gann Square-of-9 methodology
2023-02-06T00:00:00+00:00,Gann Square-of-9 (6²=36 days from Jan 1),low,time_cycle,gann_rules,Rule5: 'Square of time' — 6²=36 calendar days from 2023-01-01; reversal zone in Gann Square-of-9 methodology
2023-02-14T01:03:42+00:00,Gann 144-Day Cycle from Autumn Equinox,high,time_cycle,gann_rules,Rule3: 'Nodes=pressure points' — 144-day cycle completes from Autumn Equinox (2022-09-23); Gann sacred number — inner 144° cycle
2023-02-19T00:00:00+00:00,Gann Square-of-9 (7²=49 days from Jan 1),low,time_cycle,gann_rules,Rule5: 'Square of time' — 7²=49 calendar days from 2023-01-01; reversal zone in Gann Square-of-9 methodology
2023-02-19T21:48:13+00:00,Gann 60-Day Cycle from Winter Solstice,medium,time_cycle,gann_rules,Rule3: 'Nodes=pressure points' — 60-day cycle completes from Winter Solstice (2022-12-21); 2-month node — 1/6 annual cycle
2023-03-02T05:35:54+00:00,Venus–Jupiter conjunction,medium,synodic_cycle,swisseph,"Rule4: 'Cycle within cycle' — Venus conjunction Jupiter: Venus 12.1°, Jupiter 12.1°; synodic cycle completion node"
2023-03-06T00:00:00+00:00,Gann Square-of-9 (8²=64 days from Jan 1),low,time_cycle,gann_rules,Rule5: 'Square of time' — 8²=64 calendar days from 2023-01-01; reversal zone in Gann Square-of-9 methodology
2023-03-15T15:33:25+00:00,Gann 360-Day Cycle from Spring Equinox,high,time_cycle,gann_rules,Rule3: 'Nodes=pressure points' — 360-day cycle completes from Spring Equinox (2022-03-20); Annual cycle completion — full revolution
2023-03-18T09:13:51+00:00,Gann 270-Day Cycle from Summer Solstice,high,time_cycle,gann_rules,Rule3: 'Nodes=pressure points' — 270-day cycle completes from Summer Solstice (2022-06-21); 3/4 annual node — final seasonal turn
2023-03-21T21:48:13+00:00,Gann 90-Day Cycle from Winter Solstice,high,time_cycle,gann_rules,Rule3: 'Nodes=pressure points' — 90-day cycle completes from Winter Solstice (2022-12-21); Quarter-year node — seasonal turn zone
2023-03-22T01:03:42+00:00,Gann 180-Day Cycle from Autumn Equinox,high,time_cycle,gann_rules,Rule3: 'Nodes=pressure points' — 180-day cycle completes from Autumn Equinox (2022-09-23); Half-year reversal node — cycle midpoint
2023-03-23T00:00:00+00:00,Gann Square-of-9 (9²=81 days from Jan 1),medium,time_cycle,gann_rules,Rule5: 'Square of time' — 9²=81 calendar days from 2023-01-01; reversal zone in Gann Square-of-9 methodology
2023-03-27T21:24:26+00:00,Gann 7-Day Cycle from Spring Equinox,low,time_cycle,gann_rules,Rule3: 'Nodes=pressure points' — 7-day cycle completes from Spring Equinox (2023-03-20); Weekly rhythm node
2023-04-03T21:24:26+00:00,Gann 14-Day Cycle from Spring Equinox,low,time_cycle,gann_rules,Rule3: 'Nodes=pressure points' — 14-day cycle completes from Spring Equinox (2023-03-20); 2-week minor node
2023-04-10T21:24:26+00:00,Gann 21-Day Cycle from Spring Equinox,low,time_cycle,gann_rules,Rule3: 'Nodes=pressure points' — 21-day cycle completes from Spring Equinox (2023-03-20); 3-week minor node
2023-04-11T00:00:00+00:00,Gann Square-of-9 (10²=100 days from Jan 1),medium,time_cycle,gann_rules,Rule5: 'Square of time' — 10²=100 calendar days from 2023-01-01; reversal zone in Gann Square-of-9 methodology
2023-04-19T12:00:00+00:00,Gann Pressure Point (4 cycles align),medium,pressure_point,gann_rules,"Rule1:'Time hits node=MOVE' | Rule3:'Nodes=pressure points' | Rule4:'Cycle within cycle' | 4 confluences from [planetary_station, time_cycle] | cycles: Gann 30-Day Cycle from Spring Equinox; Gann 120-Day Cycle from Winter Solstice; Mercury Station Retrograde; Gann 210-Day Cycle from Autumn Equinox"
2023-04-19T21:24:26+00:00,Gann 30-Day Cycle from Spring Equinox,medium,time_cycle,gann_rules,Rule3: 'Nodes=pressure points' — 30-day cycle completes from Spring Equinox (2023-03-20); Monthly node — 1/12 annual cycle
2023-04-20T21:48:13+00:00,Gann 120-Day Cycle from Winter Solstice,medium,time_cycle,gann_rules,Rule3: 'Nodes=pressure points' — 120-day cycle completes from Winter Solstice (2022-12-21); 1/3 annual cycle node
2023-04-21T01:03:42+00:00,Gann 210-Day Cycle from Autumn Equinox,low,time_cycle,gann_rules,Rule3: 'Nodes=pressure points' — 210-day cycle completes from Autumn Equinox (2022-09-23); 7-month node
2023-04-21T08:35:00+00:00,Mercury Station Retrograde,high,planetary_station,swisseph,Rule1: 'Time hits node=MOVE' — Mercury turns retrograde at 45.62° (Taurus); cycle inversion node
2023-05-02T00:00:00+00:00,Gann Square-of-9 (11²=121 days from Jan 1),medium,time_cycle,gann_rules,Rule5: 'Square of time' — 11²=121 calendar days from 2023-01-01; reversal zone in Gann Square-of-9 methodology
2023-05-02T09:13:51+00:00,Gann 315-Day Cycle from Summer Solstice,medium,time_cycle,gann_rules,Rule3: 'Nodes=pressure points' — 315-day cycle completes from Summer Solstice (2022-06-21); 7/8 annual node
2023-05-04T21:24:26+00:00,Gann 45-Day Cycle from Spring Equinox,medium,time_cycle,gann_rules,Rule3: 'Nodes=pressure points' — 45-day cycle completes from Spring Equinox (2023-03-20); 1/8 annual cycle — first seasonal octave
2023-05-14T21:48:13+00:00,Gann 144-Day Cycle from Winter Solstice,high,time_cycle,gann_rules,Rule3: 'Nodes=pressure points' — 144-day cycle completes from Winter Solstice (2022-12-21); Gann sacred number — inner 144° cycle
2023-05-15T03:16:49+00:00,Mercury Station Direct,medium,planetary_station,swisseph,Rule3: 'Nodes=pressure points' — Mercury turns direct at 35.85° (Taurus); cycle resumption node
2023-05-19T21:24:26+00:00,Gann 60-Day Cycle from Spring Equinox,medium,time_cycle,gann_rules,Rule3: 'Nodes=pressure points' — 60-day cycle completes from Spring Equinox (2023-03-20); 2-month node — 1/6 annual cycle
2023-05-25T00:00:00+00:00,Gann Square-of-9 (12²=144 days from Jan 1),high,time_cycle,gann_rules,Rule5: 'Square of time' — 12²=144 calendar days from 2023-01-01; reversal zone in Gann Square-of-9 methodology
2023-06-16T09:13:51+00:00,Gann 360-Day Cycle from Summer Solstice,high,time_cycle,gann_rules,Rule3: 'Nodes=pressure points' — 360-day cycle completes from Summer Solstice (2022-06-21); Annual cycle completion — full revolution
2023-06-17T17:27:30+00:00,Saturn Station Retrograde,high,planetary_station,swisseph,Rule1: 'Time hits node=MOVE' — Saturn turns retrograde at 337.21° (Pisces); cycle inversion node
2023-06-18T12:00:00+00:00,Gann Pressure Point (6 cycles align),high,pressure_point,gann_rules,"Rule1:'Time hits node=MOVE' | Rule3:'Nodes=pressure points' | Rule4:'Cycle within cycle' | 6 confluences from [planetary_station, time_cycle] | cycles: Gann 180-Day Cycle from Winter Solstice; Gann Square-of-9 (13²=169 days from Jan 1); Gann 90-Day Cycle from Spring Equinox; Saturn Station Retrograde; Gann 360-Day Cycle from Summer Solstice; Gann 270-Day Cycle from Autumn Equinox"
2023-06-18T21:24:26+00:00,Gann 90-Day Cycle from Spring Equinox,high,time_cycle,gann_rules,Rule3: 'Nodes=pressure points' — 90-day cycle completes from Spring Equinox (2023-03-20); Quarter-year node — seasonal turn zone
2023-06-19T00:00:00+00:00,Gann Square-of-9 (13²=169 days from Jan 1),low,time_cycle,gann_rules,Rule5: 'Square of time' — 13²=169 calendar days from 2023-01-01; reversal zone in Gann Square-of-9 methodology
2023-06-19T21:48:13+00:00,Gann 180-Day Cycle from Winter Solstice,high,time_cycle,gann_rules,Rule3: 'Nodes=pressure points' — 180-day cycle completes from Winter Solstice (2022-12-21); Half-year reversal node — cycle midpoint
2023-06-20T01:03:42+00:00,Gann 270-Day Cycle from Autumn Equinox,high,time_cycle,gann_rules,Rule3: 'Nodes=pressure points' — 270-day cycle completes from Autumn Equinox (2022-09-23); 3/4 annual node — final seasonal turn
2023-06-28T14:57:51+00:00,Gann 7-Day Cycle from Summer Solstice,low,time_cycle,gann_rules,Rule3: 'Nodes=pressure points' — 7-day cycle completes from Summer Solstice (2023-06-21); Weekly rhythm node
2023-07-05T14:57:51+00:00,Gann 14-Day Cycle from Summer Solstice,low,time_cycle,gann_rules,Rule3: 'Nodes=pressure points' — 14-day cycle completes from Summer Solstice (2023-06-21); 2-week minor node
2023-07-12T14:57:51+00:00,Gann 21-Day Cycle from Summer Solstice,low,time_cycle,gann_rules,Rule3: 'Nodes=pressure points' — 21-day cycle completes from Summer Solstice (2023-06-21); 3-week minor node
2023-07-16T00:00:00+00:00,Gann Square-of-9 (14²=196 days from Jan 1),medium,time_cycle,gann_rules,Rule5: 'Square of time' — 14²=196 calendar days from 2023-01-01; reversal zone in Gann Square-of-9 methodology
2023-07-18T21:24:26+00:00,Gann 120-Day Cycle from Spring Equinox,medium,time_cycle,gann_rules,Rule3: 'Nodes=pressure points' — 120-day cycle completes from Spring Equinox (2023-03-20); 1/3 annual cycle node
2023-07-19T21:48:13+00:00,Gann 210-Day Cycle from Winter Solstice,low,time_cycle,gann_rules,Rule3: 'Nodes=pressure points' — 210-day cycle completes from Winter Solstice (2022-12-21); 7-month node
2023-07-21T12:00:00+00:00,Gann Pressure Point (3 cycles align),medium,pressure_point,gann_rules,"Rule1:'Time hits node=MOVE' | Rule3:'Nodes=pressure points' | Rule4:'Cycle within cycle' | 3 confluences from [planetary_station, time_cycle] | cycles: Gann 30-Day Cycle from Summer Solstice; Venus Station Retrograde; Gann 210-Day Cycle from Winter Solstice"
2023-07-21T14:57:51+00:00,Gann 30-Day Cycle from Summer Solstice,medium,time_cycle,gann_rules,Rule3: 'Nodes=pressure points' — 30-day cycle completes from Summer Solstice (2023-06-21); Monthly node — 1/12 annual cycle
2023-07-23T01:32:42+00:00,Venus Station Retrograde,high,planetary_station,swisseph,Rule1: 'Time hits node=MOVE' — Venus turns retrograde at 148.60° (Leo); cycle inversion node
2023-08-04T01:03:42+00:00,Gann 315-Day Cycle from Autumn Equinox,medium,time_cycle,gann_rules,Rule3: 'Nodes=pressure points' — 315-day cycle completes from Autumn Equinox (2022-09-23); 7/8 annual node
2023-08-05T14:57:51+00:00,Gann 45-Day Cycle from Summer Solstice,medium,time_cycle,gann_rules,Rule3: 'Nodes=pressure points' — 45-day cycle completes from Summer Solstice (2023-06-21); 1/8 annual cycle — first seasonal octave
2023-08-11T21:24:26+00:00,Gann 144-Day Cycle from Spring Equinox,high,time_cycle,gann_rules,Rule3: 'Nodes=pressure points' — 144-day cycle completes from Spring Equinox (2023-03-20); Gann sacred number — inner 144° cycle
2023-08-14T00:00:00+00:00,Gann Square-of-9 (15²=225 days from Jan 1),high,time_cycle,gann_rules,Rule5: 'Square of time' — 15²=225 calendar days from 2023-01-01; reversal zone in Gann Square-of-9 methodology
2023-08-20T14:57:51+00:00,Gann 60-Day Cycle from Summer Solstice,medium,time_cycle,gann_rules,Rule3: 'Nodes=pressure points' — 60-day cycle completes from Summer Solstice (2023-06-21); 2-month node — 1/6 annual cycle
2023-08-23T19:59:32+00:00,Mercury Station Retrograde,high,planetary_station,swisseph,Rule1: 'Time hits node=MOVE' — Mercury turns retrograde at 171.85° (Virgo); cycle inversion node
2023-09-04T01:20:09+00:00,Venus Station Direct,medium,planetary_station,swisseph,Rule3: 'Nodes=pressure points' — Venus turns direct at 132.20° (Leo); cycle resumption node
2023-09-04T14:11:01+00:00,Jupiter Station Retrograde,high,planetary_station,swisseph,Rule1: 'Time hits node=MOVE' — Jupiter turns retrograde at 45.58° (Taurus); cycle inversion node
2023-09-14T00:00:00+00:00,Gann Square-of-9 (16²=256 days from Jan 1),low,time_cycle,gann_rules,Rule5: 'Square of time' — 16²=256 calendar days from 2023-01-01; reversal zone in Gann Square-of-9 methodology
2023-09-15T20:21:15+00:00,Mercury Station Direct,medium,planetary_station,swisseph,Rule3: 'Nodes=pressure points' — Mercury turns direct at 158.00° (Virgo); cycle resumption node
2023-09-16T12:00:00+00:00,Gann Pressure Point (5 cycles align),high,pressure_point,gann_rules,"Rule1:'Time hits node=MOVE' | Rule3:'Nodes=pressure points' | Rule4:'Cycle within cycle' | 5 confluences from [planetary_station, time_cycle] | cycles: Gann 360-Day Cycle from Autumn Equinox; Gann Square-of-9 (16²=256 days from Jan 1); Gann 270-Day Cycle from Winter Solstice; Gann 180-Day Cycle from Spring Equinox; Mercury Station Direct"
2023-09-16T21:24:26+00:00,Gann 180-Day Cycle from Spring Equinox,high,time_cycle,gann_rules,Rule3: 'Nodes=pressure points' — 180-day cycle completes from Spring Equinox (2023-03-20); Half-year reversal node — cycle midpoint
2023-09-17T21:48:13+00:00,Gann 270-Day Cycle from Winter Solstice,high,time_cycle,gann_rules,Rule3: 'Nodes=pressure points' — 270-day cycle completes from Winter Solstice (2022-12-21); 3/4 annual node — final seasonal turn
2023-09-18T01:03:42+00:00,Gann 360-Day Cycle from Autumn Equinox,high,time_cycle,gann_rules,Rule3: 'Nodes=pressure points' — 360-day cycle completes from Autumn Equinox (2022-09-23); Annual cycle completion — full revolution
2023-09-19T14:57:51+00:00,Gann 90-Day Cycle from Summer Solstice,high,time_cycle,gann_rules,Rule3: 'Nodes=pressure points' — 90-day cycle completes from Summer Solstice (2023-06-21); Quarter-year node — seasonal turn zone
2023-09-30T06:49:59+00:00,Gann 7-Day Cycle from Autumn Equinox,low,time_cycle,gann_rules,Rule3: 'Nodes=pressure points' — 7-day cycle completes from Autumn Equinox (2023-09-23); Weekly rhythm node
2023-10-07T06:49:59+00:00,Gann 14-Day Cycle from Autumn Equinox,low,time_cycle,gann_rules,Rule3: 'Nodes=pressure points' — 14-day cycle completes from Autumn Equinox (2023-09-23); 2-week minor node
2023-10-14T06:49:59+00:00,Gann 21-Day Cycle from Autumn Equinox,low,time_cycle,gann_rules,Rule3: 'Nodes=pressure points' — 21-day cycle completes from Autumn Equinox (2023-09-23); 3-week minor node
2023-10-16T21:24:26+00:00,Gann 210-Day Cycle from Spring Equinox,low,time_cycle,gann_rules,Rule3: 'Nodes=pressure points' — 210-day cycle completes from Spring Equinox (2023-03-20); 7-month node
2023-10-17T00:00:00+00:00,Gann Square-of-9 (17²=289 days from Jan 1),high,time_cycle,gann_rules,Rule5: 'Square of time' — 17²=289 calendar days from 2023-01-01; reversal zone in Gann Square-of-9 methodology
2023-10-19T14:57:51+00:00,Gann 120-Day Cycle from Summer Solstice,medium,time_cycle,gann_rules,Rule3: 'Nodes=pressure points' — 120-day cycle completes from Summer Solstice (2023-06-21); 1/3 annual cycle node
2023-10-23T06:49:59+00:00,Gann 30-Day Cycle from Autumn Equinox,medium,time_cycle,gann_rules,Rule3: 'Nodes=pressure points' — 30-day cycle completes from Autumn Equinox (2023-09-23); Monthly node — 1/12 annual cycle
2023-11-01T21:48:13+00:00,Gann 315-Day Cycle from Winter Solstice,medium,time_cycle,gann_rules,Rule3: 'Nodes=pressure points' — 315-day cycle completes from Winter Solstice (2022-12-21); 7/8 annual node
2023-11-04T07:02:37+00:00,Saturn Station Direct,medium,planetary_station,swisseph,Rule3: 'Nodes=pressure points' — Saturn turns direct at 330.51° (Pisces); cycle resumption node
2023-11-07T06:49:59+00:00,Gann 45-Day Cycle from Autumn Equinox,medium,time_cycle,gann_rules,Rule3: 'Nodes=pressure points' — 45-day cycle completes from Autumn Equinox (2023-09-23); 1/8 annual cycle — first seasonal octave
2023-11-12T14:57:51+00:00,Gann 144-Day Cycle from Summer Solstice,high,time_cycle,gann_rules,Rule3: 'Nodes=pressure points' — 144-day cycle completes from Summer Solstice (2023-06-21); Gann sacred number — inner 144° cycle
2023-11-21T00:00:00+00:00,Gann Square-of-9 (18²=324 days from Jan 1),low,time_cycle,gann_rules,Rule5: 'Square of time' — 18²=324 calendar days from 2023-01-01; reversal zone in Gann Square-of-9 methodology
2023-11-22T06:49:59+00:00,Gann 60-Day Cycle from Autumn Equinox,medium,time_cycle,gann_rules,Rule3: 'Nodes=pressure points' — 60-day cycle completes from Autumn Equinox (2023-09-23); 2-month node — 1/6 annual cycle
2023-12-10T03:34:56+00:00,Venus–Jupiter opposition,medium,synodic_cycle,swisseph,"Rule4: 'Cycle within cycle' — Venus opposition Jupiter: Venus 216.3°, Jupiter 36.3°; synodic cycle completion node"
2023-12-13T07:09:10+00:00,Mercury Station Retrograde,high,planetary_station,swisseph,Rule1: 'Time hits node=MOVE' — Mercury turns retrograde at 278.49° (Capricorn); cycle inversion node
2023-12-15T12:00:00+00:00,Gann Pressure Point (3 cycles align),medium,pressure_point,gann_rules,"Rule1:'Time hits node=MOVE' | Rule3:'Nodes=pressure points' | Rule4:'Cycle within cycle' | 3 confluences from [planetary_station, time_cycle] | cycles: Mercury Station Retrograde; Gann 360-Day Cycle from Winter Solstice; Gann 270-Day Cycle from Spring Equinox"
2023-12-15T21:24:26+00:00,Gann 270-Day Cycle from Spring Equinox,high,time_cycle,gann_rules,Rule3: 'Nodes=pressure points' — 270-day cycle completes from Spring Equinox (2023-03-20); 3/4 annual node — final seasonal turn
2023-12-16T21:48:13+00:00,Gann 360-Day Cycle from Winter Solstice,high,time_cycle,gann_rules,Rule3: 'Nodes=pressure points' — 360-day cycle completes from Winter Solstice (2022-12-21); Annual cycle completion — full revolution
2023-12-18T14:57:51+00:00,Gann 180-Day Cycle from Summer Solstice,high,time_cycle,gann_rules,Rule3: 'Nodes=pressure points' — 180-day cycle completes from Summer Solstice (2023-06-21); Half-year reversal node — cycle midpoint
2023-12-22T06:49:59+00:00,Gann 90-Day Cycle from Autumn Equinox,high,time_cycle,gann_rules,Rule3: 'Nodes=pressure points' — 90-day cycle completes from Autumn Equinox (2023-09-23); Quarter-year node — seasonal turn zone
2023-12-28T00:00:00+00:00,Gann Square-of-9 (19²=361 days from Jan 1),high,time_cycle,gann_rules,Rule5: 'Square of time' — 19²=361 calendar days from 2023-01-01; reversal zone in Gann Square-of-9 methodology
2023-12-29T03:27:23+00:00,Gann 7-Day Cycle from Winter Solstice,low,time_cycle,gann_rules,Rule3: 'Nodes=pressure points' — 7-day cycle completes from Winter Solstice (2023-12-22); Weekly rhythm node
2023-12-31T02:40:03+00:00,Jupiter Station Direct,medium,planetary_station,swisseph,Rule3: 'Nodes=pressure points' — Jupiter turns direct at 35.58° (Taurus); cycle resumption node
2023-12-31T12:00:00+00:00,Gann Pressure Point (4 cycles align),medium,pressure_point,gann_rules,"Rule1:'Time hits node=MOVE' | Rule3:'Nodes=pressure points' | Rule4:'Cycle within cycle' | 4 confluences from [planetary_station, time_cycle] | cycles: Gann 7-Day Cycle from Winter Solstice; Gann Square-of-9 (1²=1 days from Jan 1); Jupiter Station Direct; Mercury Station Direct"
2024-01-02T00:00:00+00:00,Gann Square-of-9 (1²=1 days from Jan 1),low,time_cycle,gann_rules,Rule5: 'Square of time' — 1²=1 calendar days from 2024-01-01; reversal zone in Gann Square-of-9 methodology
2024-01-02T03:07:38+00:00,Mercury Station Direct,medium,planetary_station,swisseph,Rule3: 'Nodes=pressure points' — Mercury turns direct at 262.18° (Sagittarius); cycle resumption node
2024-01-05T00:00:00+00:00,Gann Square-of-9 (2²=4 days from Jan 1),low,time_cycle,gann_rules,Rule5: 'Square of time' — 2²=4 calendar days from 2024-01-01; reversal zone in Gann Square-of-9 methodology
2024-01-05T03:27:23+00:00,Gann 14-Day Cycle from Winter Solstice,low,time_cycle,gann_rules,Rule3: 'Nodes=pressure points' — 14-day cycle completes from Winter Solstice (2023-12-22); 2-week minor node
2024-01-10T00:00:00+00:00,Gann Square-of-9 (3²=9 days from Jan 1),low,time_cycle,gann_rules,Rule5: 'Square of time' — 3²=9 calendar days from 2024-01-01; reversal zone in Gann Square-of-9 methodology
2024-01-12T03:27:23+00:00,Gann 21-Day Cycle from Winter Solstice,low,time_cycle,gann_rules,Rule3: 'Nodes=pressure points' — 21-day cycle completes from Winter Solstice (2023-12-22); 3-week minor node
2024-01-17T00:00:00+00:00,Gann Square-of-9 (4²=16 days from Jan 1),low,time_cycle,gann_rules,Rule5: 'Square of time' — 4²=16 calendar days from 2024-01-01; reversal zone in Gann Square-of-9 methodology
2024-01-17T14:57:51+00:00,Gann 210-Day Cycle from Summer Solstice,low,time_cycle,gann_rules,Rule3: 'Nodes=pressure points' — 210-day cycle completes from Summer Solstice (2023-06-21); 7-month node
2024-01-21T03:27:23+00:00,Gann 30-Day Cycle from Winter Solstice,medium,time_cycle,gann_rules,Rule3: 'Nodes=pressure points' — 30-day cycle completes from Winter Solstice (2023-12-22); Monthly node — 1/12 annual cycle
2024-01-21T06:49:59+00:00,Gann 120-Day Cycle from Autumn Equinox,medium,time_cycle,gann_rules,Rule3: 'Nodes=pressure points' — 120-day cycle completes from Autumn Equinox (2023-09-23); 1/3 annual cycle node
2024-01-26T00:00:00+00:00,Gann Square-of-9 (5²=25 days from Jan 1),low,time_cycle,gann_rules,Rule5: 'Square of time' — 5²=25 calendar days from 2024-01-01; reversal zone in Gann Square-of-9 methodology
2024-01-29T21:24:26+00:00,Gann 315-Day Cycle from Spring Equinox,medium,time_cycle,gann_rules,Rule3: 'Nodes=pressure points' — 315-day cycle completes from Spring Equinox (2023-03-20); 7/8 annual node
2024-02-05T00:00:00+00:00,Gann Square-of-9 (20²=400 days from Jan 1),low,time_cycle,gann_rules,Rule5: 'Square of time' — 20²=400 calendar days from 2023-01-01; reversal zone in Gann Square-of-9 methodology
2024-02-05T03:27:23+00:00,Gann 45-Day Cycle from Winter Solstice,medium,time_cycle,gann_rules,Rule3: 'Nodes=pressure points' — 45-day cycle completes from Winter Solstice (2023-12-22); 1/8 annual cycle — first seasonal octave
2024-02-06T00:00:00+00:00,Gann Square-of-9 (6²=36 days from Jan 1),low,time_cycle,gann_rules,Rule5: 'Square of time' — 6²=36 calendar days from 2024-01-01; reversal zone in Gann Square-of-9 methodology
2024-02-14T06:49:59+00:00,Gann 144-Day Cycle from Autumn Equinox,high,time_cycle,gann_rules,Rule3: 'Nodes=pressure points' — 144-day cycle completes from Autumn Equinox (2023-09-23); Gann sacred number — inner 144° cycle
2024-02-19T00:00:00+00:00,Gann Square-of-9 (7²=49 days from Jan 1),low,time_cycle,gann_rules,Rule5: 'Square of time' — 7²=49 calendar days from 2024-01-01; reversal zone in Gann Square-of-9 methodology
2024-02-20T03:27:23+00:00,Gann 60-Day Cycle from Winter Solstice,medium,time_cycle,gann_rules,Rule3: 'Nodes=pressure points' — 60-day cycle completes from Winter Solstice (2023-12-22); 2-month node — 1/6 annual cycle
2024-03-05T00:00:00+00:00,Gann Square-of-9 (8²=64 days from Jan 1),low,time_cycle,gann_rules,Rule5: 'Square of time' — 8²=64 calendar days from 2024-01-01; reversal zone in Gann Square-of-9 methodology
2024-03-14T21:24:26+00:00,Gann 360-Day Cycle from Spring Equinox,high,time_cycle,gann_rules,Rule3: 'Nodes=pressure points' — 360-day cycle completes from Spring Equinox (2023-03-20); Annual cycle completion — full revolution
2024-03-17T14:57:51+00:00,Gann 270-Day Cycle from Summer Solstice,high,time_cycle,gann_rules,Rule3: 'Nodes=pressure points' — 270-day cycle completes from Summer Solstice (2023-06-21); 3/4 annual node — final seasonal turn
2024-03-21T03:27:23+00:00,Gann 90-Day Cycle from Winter Solstice,high,time_cycle,gann_rules,Rule3: 'Nodes=pressure points' — 90-day cycle completes from Winter Solstice (2023-12-22); Quarter-year node — seasonal turn zone
2024-03-21T06:49:59+00:00,Gann 180-Day Cycle from Autumn Equinox,high,time_cycle,gann_rules,Rule3: 'Nodes=pressure points' — 180-day cycle completes from Autumn Equinox (2023-09-23); Half-year reversal node — cycle midpoint
2024-03-22T00:00:00+00:00,Gann Square-of-9 (9²=81 days from Jan 1),medium,time_cycle,gann_rules,Rule5: 'Square of time' — 9²=81 calendar days from 2024-01-01; reversal zone in Gann Square-of-9 methodology
2024-03-27T03:06:24+00:00,Gann 7-Day Cycle from Spring Equinox,low,time_cycle,gann_rules,Rule3: 'Nodes=pressure points' — 7-day cycle completes from Spring Equinox (2024-03-20); Weekly rhythm node
2024-04-01T22:14:34+00:00,Mercury Station Retrograde,high,planetary_station,swisseph,Rule1: 'Time hits node=MOVE' — Mercury turns retrograde at 27.22° (Aries); cycle inversion node
2024-04-03T03:06:24+00:00,Gann 14-Day Cycle from Spring Equinox,low,time_cycle,gann_rules,Rule3: 'Nodes=pressure points' — 14-day cycle completes from Spring Equinox (2024-03-20); 2-week minor node
2024-04-10T00:00:00+00:00,Gann Square-of-9 (10²=100 days from Jan 1),medium,time_cycle,gann_rules,Rule5: 'Square of time' — 10²=100 calendar days from 2024-01-01; reversal zone in Gann Square-of-9 methodology
2024-04-10T03:06:24+00:00,Gann 21-Day Cycle from Spring Equinox,low,time_cycle,gann_rules,Rule3: 'Nodes=pressure points' — 21-day cycle completes from Spring Equinox (2024-03-20); 3-week minor node
2024-04-19T03:06:24+00:00,Gann 30-Day Cycle from Spring Equinox,medium,time_cycle,gann_rules,Rule3: 'Nodes=pressure points' — 30-day cycle completes from Spring Equinox (2024-03-20); Monthly node — 1/12 annual cycle
2024-04-19T12:00:00+00:00,Gann Pressure Point (4 cycles align),high,pressure_point,gann_rules,"Rule1:'Time hits node=MOVE' | Rule3:'Nodes=pressure points' | Rule4:'Cycle within cycle' | 4 confluences from [synodic_cycle, time_cycle] | cycles: Gann 30-Day Cycle from Spring Equinox; Gann 120-Day Cycle from Winter Solstice; Gann 210-Day Cycle from Autumn Equinox; Jupiter–Uranus conjunction"
2024-04-20T03:27:23+00:00,Gann 120-Day Cycle from Winter Solstice,medium,time_cycle,gann_rules,Rule3: 'Nodes=pressure points' — 120-day cycle completes from Winter Solstice (2023-12-22); 1/3 annual cycle node
2024-04-20T06:49:59+00:00,Gann 210-Day Cycle from Autumn Equinox,low,time_cycle,gann_rules,Rule3: 'Nodes=pressure points' — 210-day cycle completes from Autumn Equinox (2023-09-23); 7-month node
2024-04-21T02:26:45+00:00,Jupiter–Uranus conjunction,high,synodic_cycle,swisseph,"Rule4: 'Cycle within cycle' — Jupiter conjunction Uranus: Jupiter 51.8°, Uranus 51.8°; synodic cycle completion node"
2024-04-25T12:54:12+00:00,Mercury Station Direct,medium,planetary_station,swisseph,Rule3: 'Nodes=pressure points' — Mercury turns direct at 15.98° (Aries); cycle resumption node
2024-05-01T00:00:00+00:00,Gann Square-of-9 (11²=121 days from Jan 1),medium,time_cycle,gann_rules,Rule5: 'Square of time' — 11²=121 calendar days from 2024-01-01; reversal zone in Gann Square-of-9 methodology
2024-05-01T14:57:51+00:00,Gann 315-Day Cycle from Summer Solstice,medium,time_cycle,gann_rules,Rule3: 'Nodes=pressure points' — 315-day cycle completes from Summer Solstice (2023-06-21); 7/8 annual node
2024-05-04T03:06:24+00:00,Gann 45-Day Cycle from Spring Equinox,medium,time_cycle,gann_rules,Rule3: 'Nodes=pressure points' — 45-day cycle completes from Spring Equinox (2024-03-20); 1/8 annual cycle — first seasonal octave
2024-05-14T03:27:23+00:00,Gann 144-Day Cycle from Winter Solstice,high,time_cycle,gann_rules,Rule3: 'Nodes=pressure points' — 144-day cycle completes from Winter Solstice (2023-12-22); Gann sacred number — inner 144° cycle
2024-05-19T03:06:24+00:00,Gann 60-Day Cycle from Spring Equinox,medium,time_cycle,gann_rules,Rule3: 'Nodes=pressure points' — 60-day cycle completes from Spring Equinox (2024-03-20); 2-month node — 1/6 annual cycle
2024-05-23T08:29:12+00:00,Venus–Jupiter conjunction,medium,synodic_cycle,swisseph,"Rule4: 'Cycle within cycle' — Venus conjunction Jupiter: Venus 59.4°, Jupiter 59.4°; synodic cycle completion node"
2024-05-24T00:00:00+00:00,Gann Square-of-9 (12²=144 days from Jan 1),high,time_cycle,gann_rules,Rule5: 'Square of time' — 12²=144 calendar days from 2024-01-01; reversal zone in Gann Square-of-9 methodology
2024-06-15T14:57:51+00:00,Gann 360-Day Cycle from Summer Solstice,high,time_cycle,gann_rules,Rule3: 'Nodes=pressure points' — 360-day cycle completes from Summer Solstice (2023-06-21); Annual cycle completion — full revolution
2024-06-18T00:00:00+00:00,Gann Square-of-9 (13²=169 days from Jan 1),low,time_cycle,gann_rules,Rule5: 'Square of time' — 13²=169 calendar days from 2024-01-01; reversal zone in Gann Square-of-9 methodology
2024-06-18T03:06:24+00:00,Gann 90-Day Cycle from Spring Equinox,high,time_cycle,gann_rules,Rule3: 'Nodes=pressure points' — 90-day cycle completes from Spring Equinox (2024-03-20); Quarter-year node — seasonal turn zone
2024-06-19T03:27:23+00:00,Gann 180-Day Cycle from Winter Solstice,high,time_cycle,gann_rules,Rule3: 'Nodes=pressure points' — 180-day cycle completes from Winter Solstice (2023-12-22); Half-year reversal node — cycle midpoint
2024-06-19T06:49:59+00:00,Gann 270-Day Cycle from Autumn Equinox,high,time_cycle,gann_rules,Rule3: 'Nodes=pressure points' — 270-day cycle completes from Autumn Equinox (2023-09-23); 3/4 annual node — final seasonal turn
2024-06-27T20:51:00+00:00,Gann 7-Day Cycle from Summer Solstice,low,time_cycle,gann_rules,Rule3: 'Nodes=pressure points' — 7-day cycle completes from Summer Solstice (2024-06-20); Weekly rhythm node
2024-06-29T19:06:23+00:00,Saturn Station Retrograde,high,planetary_station,swisseph,Rule1: 'Time hits node=MOVE' — Saturn turns retrograde at 349.43° (Pisces); cycle inversion node
2024-07-04T20:51:00+00:00,Gann 14-Day Cycle from Summer Solstice,low,time_cycle,gann_rules,Rule3: 'Nodes=pressure points' — 14-day cycle completes from Summer Solstice (2024-06-20); 2-week minor node
2024-07-11T20:51:00+00:00,Gann 21-Day Cycle from Summer Solstice,low,time_cycle,gann_rules,Rule3: 'Nodes=pressure points' — 21-day cycle completes from Summer Solstice (2024-06-20); 3-week minor node
2024-07-15T00:00:00+00:00,Gann Square-of-9 (14²=196 days from Jan 1),medium,time_cycle,gann_rules,Rule5: 'Square of time' — 14²=196 calendar days from 2024-01-01; reversal zone in Gann Square-of-9 methodology
2024-07-18T03:06:24+00:00,Gann 120-Day Cycle from Spring Equinox,medium,time_cycle,gann_rules,Rule3: 'Nodes=pressure points' — 120-day cycle completes from Spring Equinox (2024-03-20); 1/3 annual cycle node
2024-07-19T03:27:23+00:00,Gann 210-Day Cycle from Winter Solstice,low,time_cycle,gann_rules,Rule3: 'Nodes=pressure points' — 210-day cycle completes from Winter Solstice (2023-12-22); 7-month node
2024-07-20T20:51:00+00:00,Gann 30-Day Cycle from Summer Solstice,medium,time_cycle,gann_rules,Rule3: 'Nodes=pressure points' — 30-day cycle completes from Summer Solstice (2024-06-20); Monthly node — 1/12 annual cycle
2024-08-03T06:49:59+00:00,Gann 315-Day Cycle from Autumn Equinox,medium,time_cycle,gann_rules,Rule3: 'Nodes=pressure points' — 315-day cycle completes from Autumn Equinox (2023-09-23); 7/8 annual node
2024-08-03T12:00:00+00:00,Gann Pressure Point (3 cycles align),medium,pressure_point,gann_rules,"Rule1:'Time hits node=MOVE' | Rule3:'Nodes=pressure points' | Rule4:'Cycle within cycle' | 3 confluences from [planetary_station, time_cycle] | cycles: Gann 45-Day Cycle from Summer Solstice; Mercury Station Retrograde; Gann 315-Day Cycle from Autumn Equinox"
2024-08-04T20:51:00+00:00,Gann 45-Day Cycle from Summer Solstice,medium,time_cycle,gann_rules,Rule3: 'Nodes=pressure points' — 45-day cycle completes from Summer Solstice (2024-06-20); 1/8 annual cycle — first seasonal octave
2024-08-05T04:56:10+00:00,Mercury Station Retrograde,high,planetary_station,swisseph,Rule1: 'Time hits node=MOVE' — Mercury turns retrograde at 154.10° (Virgo); cycle inversion node
2024-08-11T03:06:24+00:00,Gann 144-Day Cycle from Spring Equinox,high,time_cycle,gann_rules,Rule3: 'Nodes=pressure points' — 144-day cycle completes from Spring Equinox (2024-03-20); Gann sacred number — inner 144° cycle
2024-08-13T00:00:00+00:00,Gann Square-of-9 (15²=225 days from Jan 1),high,time_cycle,gann_rules,Rule5: 'Square of time' — 15²=225 calendar days from 2024-01-01; reversal zone in Gann Square-of-9 methodology
2024-08-19T20:51:00+00:00,Gann 60-Day Cycle from Summer Solstice,medium,time_cycle,gann_rules,Rule3: 'Nodes=pressure points' — 60-day cycle completes from Summer Solstice (2024-06-20); 2-month node — 1/6 annual cycle
2024-08-28T21:14:03+00:00,Mercury Station Direct,medium,planetary_station,swisseph,Rule3: 'Nodes=pressure points' — Mercury turns direct at 141.41° (Leo); cycle resumption node
2024-09-13T00:00:00+00:00,Gann Square-of-9 (16²=256 days from Jan 1),low,time_cycle,gann_rules,Rule5: 'Square of time' — 16²=256 calendar days from 2024-01-01; reversal zone in Gann Square-of-9 methodology
2024-09-16T03:06:24+00:00,Gann 180-Day Cycle from Spring Equinox,high,time_cycle,gann_rules,Rule3: 'Nodes=pressure points' — 180-day cycle completes from Spring Equinox (2024-03-20); Half-year reversal node — cycle midpoint
2024-09-17T03:27:23+00:00,Gann 270-Day Cycle from Winter Solstice,high,time_cycle,gann_rules,Rule3: 'Nodes=pressure points' — 270-day cycle completes from Winter Solstice (2023-12-22); 3/4 annual node — final seasonal turn
2024-09-17T06:49:59+00:00,Gann 360-Day Cycle from Autumn Equinox,high,time_cycle,gann_rules,Rule3: 'Nodes=pressure points' — 360-day cycle completes from Autumn Equinox (2023-09-23); Annual cycle completion — full revolution
2024-09-18T20:51:00+00:00,Gann 90-Day Cycle from Summer Solstice,high,time_cycle,gann_rules,Rule3: 'Nodes=pressure points' — 90-day cycle completes from Summer Solstice (2024-06-20); Quarter-year node — seasonal turn zone
2024-09-29T12:43:39+00:00,Gann 7-Day Cycle from Autumn Equinox,low,time_cycle,gann_rules,Rule3: 'Nodes=pressure points' — 7-day cycle completes from Autumn Equinox (2024-09-22); Weekly rhythm node
2024-10-06T12:43:39+00:00,Gann 14-Day Cycle from Autumn Equinox,low,time_cycle,gann_rules,Rule3: 'Nodes=pressure points' — 14-day cycle completes from Autumn Equinox (2024-09-22); 2-week minor node
2024-10-09T07:05:12+00:00,Jupiter Station Retrograde,high,planetary_station,swisseph,Rule1: 'Time hits node=MOVE' — Jupiter turns retrograde at 81.34° (Gemini); cycle inversion node
2024-10-13T12:43:39+00:00,Gann 21-Day Cycle from Autumn Equinox,low,time_cycle,gann_rules,Rule3: 'Nodes=pressure points' — 21-day cycle completes from Autumn Equinox (2024-09-22); 3-week minor node
2024-10-16T00:00:00+00:00,Gann Square-of-9 (17²=289 days from Jan 1),high,time_cycle,gann_rules,Rule5: 'Square of time' — 17²=289 calendar days from 2024-01-01; reversal zone in Gann Square-of-9 methodology
2024-10-16T03:06:24+00:00,Gann 210-Day Cycle from Spring Equinox,low,time_cycle,gann_rules,Rule3: 'Nodes=pressure points' — 210-day cycle completes from Spring Equinox (2024-03-20); 7-month node
2024-10-18T20:51:00+00:00,Gann 120-Day Cycle from Summer Solstice,medium,time_cycle,gann_rules,Rule3: 'Nodes=pressure points' — 120-day cycle completes from Summer Solstice (2024-06-20); 1/3 annual cycle node
2024-10-22T12:43:39+00:00,Gann 30-Day Cycle from Autumn Equinox,medium,time_cycle,gann_rules,Rule3: 'Nodes=pressure points' — 30-day cycle completes from Autumn Equinox (2024-09-22); Monthly node — 1/12 annual cycle
2024-11-01T03:27:23+00:00,Gann 315-Day Cycle from Winter Solstice,medium,time_cycle,gann_rules,Rule3: 'Nodes=pressure points' — 315-day cycle completes from Winter Solstice (2023-12-22); 7/8 annual node
2024-11-03T15:25:09+00:00,Venus–Jupiter opposition,medium,synodic_cycle,swisseph,"Rule4: 'Cycle within cycle' — Venus opposition Jupiter: Venus 260.3°, Jupiter 80.3°; synodic cycle completion node"
2024-11-06T12:43:39+00:00,Gann 45-Day Cycle from Autumn Equinox,medium,time_cycle,gann_rules,Rule3: 'Nodes=pressure points' — 45-day cycle completes from Autumn Equinox (2024-09-22); 1/8 annual cycle — first seasonal octave
2024-11-11T20:51:00+00:00,Gann 144-Day Cycle from Summer Solstice,high,time_cycle,gann_rules,Rule3: 'Nodes=pressure points' — 144-day cycle completes from Summer Solstice (2024-06-20); Gann sacred number — inner 144° cycle
2024-11-15T14:21:16+00:00,Saturn Station Direct,medium,planetary_station,swisseph,Rule3: 'Nodes=pressure points' — Saturn turns direct at 342.69° (Pisces); cycle resumption node
2024-11-20T00:00:00+00:00,Gann Square-of-9 (18²=324 days from Jan 1),low,time_cycle,gann_rules,Rule5: 'Square of time' — 18²=324 calendar days from 2024-01-01; reversal zone in Gann Square-of-9 methodology
2024-11-21T12:43:39+00:00,Gann 60-Day Cycle from Autumn Equinox,medium,time_cycle,gann_rules,Rule3: 'Nodes=pressure points' — 60-day cycle completes from Autumn Equinox (2024-09-22); 2-month node — 1/6 annual cycle
2024-11-26T02:42:29+00:00,Mercury Station Retrograde,high,planetary_station,swisseph,Rule1: 'Time hits node=MOVE' — Mercury turns retrograde at 262.67° (Sagittarius); cycle inversion node
2024-12-06T23:33:12+00:00,Mars Station Retrograde,high,planetary_station,swisseph,Rule1: 'Time hits node=MOVE' — Mars turns retrograde at 126.17° (Leo); cycle inversion node
2024-12-15T03:06:24+00:00,Gann 270-Day Cycle from Spring Equinox,high,time_cycle,gann_rules,Rule3: 'Nodes=pressure points' — 270-day cycle completes from Spring Equinox (2024-03-20); 3/4 annual node — final seasonal turn
2024-12-15T12:00:00+00:00,Gann Pressure Point (4 cycles align),medium,pressure_point,gann_rules,"Rule1:'Time hits node=MOVE' | Rule3:'Nodes=pressure points' | Rule4:'Cycle within cycle' | 4 confluences from [planetary_station, time_cycle] | cycles: Gann 180-Day Cycle from Summer Solstice; Gann 360-Day Cycle from Winter Solstice; Mercury Station Direct; Gann 270-Day Cycle from Spring Equinox"
2024-12-15T20:56:22+00:00,Mercury Station Direct,medium,planetary_station,swisseph,Rule3: 'Nodes=pressure points' — Mercury turns direct at 246.40° (Sagittarius); cycle resumption node
2024-12-16T03:27:23+00:00,Gann 360-Day Cycle from Winter Solstice,high,time_cycle,gann_rules,Rule3: 'Nodes=pressure points' — 360-day cycle completes from Winter Solstice (2023-12-22); Annual cycle completion — full revolution
2024-12-17T20:51:00+00:00,Gann 180-Day Cycle from Summer Solstice,high,time_cycle,gann_rules,Rule3: 'Nodes=pressure points' — 180-day cycle completes from Summer Solstice (2024-06-20); Half-year reversal node — cycle midpoint
2024-12-21T12:43:39+00:00,Gann 90-Day Cycle from Autumn Equinox,high,time_cycle,gann_rules,Rule3: 'Nodes=pressure points' — 90-day cycle completes from Autumn Equinox (2024-09-22); Quarter-year node — seasonal turn zone
2024-12-27T00:00:00+00:00,Gann Square-of-9 (19²=361 days from Jan 1),high,time_cycle,gann_rules,Rule5: 'Square of time' — 19²=361 calendar days from 2024-01-01; reversal zone in Gann Square-of-9 methodology
2024-12-28T09:20:34+00:00,Gann 7-Day Cycle from Winter Solstice,low,time_cycle,gann_rules,Rule3: 'Nodes=pressure points' — 7-day cycle completes from Winter Solstice (2024-12-21); Weekly rhythm node
2025-01-02T00:00:00+00:00,Gann Square-of-9 (1²=1 days from Jan 1),low,time_cycle,gann_rules,Rule5: 'Square of time' — 1²=1 calendar days from 2025-01-01; reversal zone in Gann Square-of-9 methodology
2025-01-04T09:20:34+00:00,Gann 14-Day Cycle from Winter Solstice,low,time_cycle,gann_rules,Rule3: 'Nodes=pressure points' — 14-day cycle completes from Winter Solstice (2024-12-21); 2-week minor node
2025-01-05T00:00:00+00:00,Gann Square-of-9 (2²=4 days from Jan 1),low,time_cycle,gann_rules,Rule5: 'Square of time' — 2²=4 calendar days from 2025-01-01; reversal zone in Gann Square-of-9 methodology
2025-01-10T00:00:00+00:00,Gann Square-of-9 (3²=9 days from Jan 1),low,time_cycle,gann_rules,Rule5: 'Square of time' — 3²=9 calendar days from 2025-01-01; reversal zone in Gann Square-of-9 methodology
2025-01-11T09:20:34+00:00,Gann 21-Day Cycle from Winter Solstice,low,time_cycle,gann_rules,Rule3: 'Nodes=pressure points' — 21-day cycle completes from Winter Solstice (2024-12-21); 3-week minor node
2025-01-16T20:51:00+00:00,Gann 210-Day Cycle from Summer Solstice,low,time_cycle,gann_rules,Rule3: 'Nodes=pressure points' — 210-day cycle completes from Summer Solstice (2024-06-20); 7-month node
2025-01-17T00:00:00+00:00,Gann Square-of-9 (4²=16 days from Jan 1),low,time_cycle,gann_rules,Rule5: 'Square of time' — 4²=16 calendar days from 2025-01-01; reversal zone in Gann Square-of-9 methodology
2025-01-20T09:20:34+00:00,Gann 30-Day Cycle from Winter Solstice,medium,time_cycle,gann_rules,Rule3: 'Nodes=pressure points' — 30-day cycle completes from Winter Solstice (2024-12-21); Monthly node — 1/12 annual cycle
2025-01-20T12:43:39+00:00,Gann 120-Day Cycle from Autumn Equinox,medium,time_cycle,gann_rules,Rule3: 'Nodes=pressure points' — 120-day cycle completes from Autumn Equinox (2024-09-22); 1/3 annual cycle node
2025-01-26T00:00:00+00:00,Gann Square-of-9 (5²=25 days from Jan 1),low,time_cycle,gann_rules,Rule5: 'Square of time' — 5²=25 calendar days from 2025-01-01; reversal zone in Gann Square-of-9 methodology
2025-01-29T03:06:24+00:00,Gann 315-Day Cycle from Spring Equinox,medium,time_cycle,gann_rules,Rule3: 'Nodes=pressure points' — 315-day cycle completes from Spring Equinox (2024-03-20); 7/8 annual node
2025-02-04T00:00:00+00:00,Gann Square-of-9 (20²=400 days from Jan 1),low,time_cycle,gann_rules,Rule5: 'Square of time' — 20²=400 calendar days from 2024-01-01; reversal zone in Gann Square-of-9 methodology
2025-02-04T09:20:34+00:00,Gann 45-Day Cycle from Winter Solstice,medium,time_cycle,gann_rules,Rule3: 'Nodes=pressure points' — 45-day cycle completes from Winter Solstice (2024-12-21); 1/8 annual cycle — first seasonal octave
2025-02-04T09:40:45+00:00,Jupiter Station Direct,medium,planetary_station,swisseph,Rule3: 'Nodes=pressure points' — Jupiter turns direct at 71.28° (Gemini); cycle resumption node
2025-02-04T12:00:00+00:00,Gann Pressure Point (4 cycles align),medium,pressure_point,gann_rules,"Rule1:'Time hits node=MOVE' | Rule3:'Nodes=pressure points' | Rule4:'Cycle within cycle' | 4 confluences from [planetary_station, time_cycle] | cycles: Jupiter Station Direct; Gann Square-of-9 (20²=400 days from Jan 1); Gann 45-Day Cycle from Winter Solstice; Gann Square-of-9 (6²=36 days from Jan 1)"
2025-02-06T00:00:00+00:00,Gann Square-of-9 (6²=36 days from Jan 1),low,time_cycle,gann_rules,Rule5: 'Square of time' — 6²=36 calendar days from 2025-01-01; reversal zone in Gann Square-of-9 methodology
2025-02-13T12:43:39+00:00,Gann 144-Day Cycle from Autumn Equinox,high,time_cycle,gann_rules,Rule3: 'Nodes=pressure points' — 144-day cycle completes from Autumn Equinox (2024-09-22); Gann sacred number — inner 144° cycle
2025-02-19T00:00:00+00:00,Gann Square-of-9 (7²=49 days from Jan 1),low,time_cycle,gann_rules,Rule5: 'Square of time' — 7²=49 calendar days from 2025-01-01; reversal zone in Gann Square-of-9 methodology
2025-02-19T09:20:34+00:00,Gann 60-Day Cycle from Winter Solstice,medium,time_cycle,gann_rules,Rule3: 'Nodes=pressure points' — 60-day cycle completes from Winter Solstice (2024-12-21); 2-month node — 1/6 annual cycle
2025-02-24T01:59:57+00:00,Mars Station Direct,medium,planetary_station,swisseph,Rule3: 'Nodes=pressure points' — Mars turns direct at 107.02° (Cancer); cycle resumption node
2025-03-02T00:36:02+00:00,Venus Station Retrograde,high,planetary_station,swisseph,Rule1: 'Time hits node=MOVE' — Venus turns retrograde at 10.84° (Aries); cycle inversion node
2025-03-06T00:00:00+00:00,Gann Square-of-9 (8²=64 days from Jan 1),low,time_cycle,gann_rules,Rule5: 'Square of time' — 8²=64 calendar days from 2025-01-01; reversal zone in Gann Square-of-9 methodology
2025-03-15T03:06:24+00:00,Gann 360-Day Cycle from Spring Equinox,high,time_cycle,gann_rules,Rule3: 'Nodes=pressure points' — 360-day cycle completes from Spring Equinox (2024-03-20); Annual cycle completion — full revolution
2025-03-15T06:46:11+00:00,Mercury Station Retrograde,high,planetary_station,swisseph,Rule1: 'Time hits node=MOVE' — Mercury turns retrograde at 9.59° (Aries); cycle inversion node
2025-03-15T12:00:00+00:00,Gann Pressure Point (3 cycles align),medium,pressure_point,gann_rules,"Rule1:'Time hits node=MOVE' | Rule3:'Nodes=pressure points' | Rule4:'Cycle within cycle' | 3 confluences from [planetary_station, time_cycle] | cycles: Gann 270-Day Cycle from Summer Solstice; Mercury Station Retrograde; Gann 360-Day Cycle from Spring Equinox"
2025-03-17T20:51:00+00:00,Gann 270-Day Cycle from Summer Solstice,high,time_cycle,gann_rules,Rule3: 'Nodes=pressure points' — 270-day cycle completes from Summer Solstice (2024-06-20); 3/4 annual node — final seasonal turn
2025-03-21T09:20:34+00:00,Gann 90-Day Cycle from Winter Solstice,high,time_cycle,gann_rules,Rule3: 'Nodes=pressure points' — 90-day cycle completes from Winter Solstice (2024-12-21); Quarter-year node — seasonal turn zone
2025-03-21T12:43:39+00:00,Gann 180-Day Cycle from Autumn Equinox,high,time_cycle,gann_rules,Rule3: 'Nodes=pressure points' — 180-day cycle completes from Autumn Equinox (2024-09-22); Half-year reversal node — cycle midpoint
2025-03-23T00:00:00+00:00,Gann Square-of-9 (9²=81 days from Jan 1),medium,time_cycle,gann_rules,Rule5: 'Square of time' — 9²=81 calendar days from 2025-01-01; reversal zone in Gann Square-of-9 methodology
2025-03-27T09:01:29+00:00,Gann 7-Day Cycle from Spring Equinox,low,time_cycle,gann_rules,Rule3: 'Nodes=pressure points' — 7-day cycle completes from Spring Equinox (2025-03-20); Weekly rhythm node
2025-04-03T09:01:29+00:00,Gann 14-Day Cycle from Spring Equinox,low,time_cycle,gann_rules,Rule3: 'Nodes=pressure points' — 14-day cycle completes from Spring Equinox (2025-03-20); 2-week minor node
2025-04-07T11:07:40+00:00,Mercury Station Direct,medium,planetary_station,swisseph,Rule3: 'Nodes=pressure points' — Mercury turns direct at 356.83° (Pisces); cycle resumption node
2025-04-10T09:01:29+00:00,Gann 21-Day Cycle from Spring Equinox,low,time_cycle,gann_rules,Rule3: 'Nodes=pressure points' — 21-day cycle completes from Spring Equinox (2025-03-20); 3-week minor node
2025-04-11T00:00:00+00:00,Gann Square-of-9 (10²=100 days from Jan 1),medium,time_cycle,gann_rules,Rule5: 'Square of time' — 10²=100 calendar days from 2025-01-01; reversal zone in Gann Square-of-9 methodology
2025-04-11T12:00:00+00:00,Gann Pressure Point (3 cycles align),medium,pressure_point,gann_rules,"Rule1:'Time hits node=MOVE' | Rule3:'Nodes=pressure points' | Rule4:'Cycle within cycle' | 3 confluences from [planetary_station, time_cycle] | cycles: Gann Square-of-9 (10²=100 days from Jan 1); Venus Station Direct; Gann 21-Day Cycle from Spring Equinox"
2025-04-13T01:02:25+00:00,Venus Station Direct,medium,planetary_station,swisseph,Rule3: 'Nodes=pressure points' — Venus turns direct at 354.62° (Pisces); cycle resumption node
2025-04-19T09:01:29+00:00,Gann 30-Day Cycle from Spring Equinox,medium,time_cycle,gann_rules,Rule3: 'Nodes=pressure points' — 30-day cycle completes from Spring Equinox (2025-03-20); Monthly node — 1/12 annual cycle
2025-04-20T09:20:34+00:00,Gann 120-Day Cycle from Winter Solstice,medium,time_cycle,gann_rules,Rule3: 'Nodes=pressure points' — 120-day cycle completes from Winter Solstice (2024-12-21); 1/3 annual cycle node
2025-04-20T12:43:39+00:00,Gann 210-Day Cycle from Autumn Equinox,low,time_cycle,gann_rules,Rule3: 'Nodes=pressure points' — 210-day cycle completes from Autumn Equinox (2024-09-22); 7-month node
2025-05-01T20:51:00+00:00,Gann 315-Day Cycle from Summer Solstice,medium,time_cycle,gann_rules,Rule3: 'Nodes=pressure points' — 315-day cycle completes from Summer Solstice (2024-06-20); 7/8 annual node
2025-05-02T00:00:00+00:00,Gann Square-of-9 (11²=121 days from Jan 1),medium,time_cycle,gann_rules,Rule5: 'Square of time' — 11²=121 calendar days from 2025-01-01; reversal zone in Gann Square-of-9 methodology
2025-05-04T09:01:29+00:00,Gann 45-Day Cycle from Spring Equinox,medium,time_cycle,gann_rules,Rule3: 'Nodes=pressure points' — 45-day cycle completes from Spring Equinox (2025-03-20); 1/8 annual cycle — first seasonal octave
2025-05-14T09:20:34+00:00,Gann 144-Day Cycle from Winter Solstice,high,time_cycle,gann_rules,Rule3: 'Nodes=pressure points' — 144-day cycle completes from Winter Solstice (2024-12-21); Gann sacred number — inner 144° cycle
2025-05-19T09:01:29+00:00,Gann 60-Day Cycle from Spring Equinox,medium,time_cycle,gann_rules,Rule3: 'Nodes=pressure points' — 60-day cycle completes from Spring Equinox (2025-03-20); 2-month node — 1/6 annual cycle
2025-05-25T00:00:00+00:00,Gann Square-of-9 (12²=144 days from Jan 1),high,time_cycle,gann_rules,Rule5: 'Square of time' — 12²=144 calendar days from 2025-01-01; reversal zone in Gann Square-of-9 methodology
2025-06-15T20:51:00+00:00,Gann 360-Day Cycle from Summer Solstice,high,time_cycle,gann_rules,Rule3: 'Nodes=pressure points' — 360-day cycle completes from Summer Solstice (2024-06-20); Annual cycle completion — full revolution
2025-06-18T09:01:29+00:00,Gann 90-Day Cycle from Spring Equinox,high,time_cycle,gann_rules,Rule3: 'Nodes=pressure points' — 90-day cycle completes from Spring Equinox (2025-03-20); Quarter-year node — seasonal turn zone
2025-06-19T00:00:00+00:00,Gann Square-of-9 (13²=169 days from Jan 1),low,time_cycle,gann_rules,Rule5: 'Square of time' — 13²=169 calendar days from 2025-01-01; reversal zone in Gann Square-of-9 methodology
2025-06-19T09:20:34+00:00,Gann 180-Day Cycle from Winter Solstice,high,time_cycle,gann_rules,Rule3: 'Nodes=pressure points' — 180-day cycle completes from Winter Solstice (2024-12-21); Half-year reversal node — cycle midpoint
2025-06-19T12:43:39+00:00,Gann 270-Day Cycle from Autumn Equinox,high,time_cycle,gann_rules,Rule3: 'Nodes=pressure points' — 270-day cycle completes from Autumn Equinox (2024-09-22); 3/4 annual node — final seasonal turn
2025-06-28T02:42:16+00:00,Gann 7-Day Cycle from Summer Solstice,low,time_cycle,gann_rules,Rule3: 'Nodes=pressure points' — 7-day cycle completes from Summer Solstice (2025-06-21); Weekly rhythm node
2025-07-05T02:42:16+00:00,Gann 14-Day Cycle from Summer Solstice,low,time_cycle,gann_rules,Rule3: 'Nodes=pressure points' — 14-day cycle completes from Summer Solstice (2025-06-21); 2-week minor node
2025-07-12T02:42:16+00:00,Gann 21-Day Cycle from Summer Solstice,low,time_cycle,gann_rules,Rule3: 'Nodes=pressure points' — 21-day cycle completes from Summer Solstice (2025-06-21); 3-week minor node
2025-07-13T04:07:02+00:00,Saturn Station Retrograde,high,planetary_station,swisseph,Rule1: 'Time hits node=MOVE' — Saturn turns retrograde at 1.93° (Aries); cycle inversion node
2025-07-16T00:00:00+00:00,Gann Square-of-9 (14²=196 days from Jan 1),medium,time_cycle,gann_rules,Rule5: 'Square of time' — 14²=196 calendar days from 2025-01-01; reversal zone in Gann Square-of-9 methodology
2025-07-18T04:45:05+00:00,Mercury Station Retrograde,high,planetary_station,swisseph,Rule1: 'Time hits node=MOVE' — Mercury turns retrograde at 135.58° (Leo); cycle inversion node
2025-07-18T09:01:29+00:00,Gann 120-Day Cycle from Spring Equinox,medium,time_cycle,gann_rules,Rule3: 'Nodes=pressure points' — 120-day cycle completes from Spring Equinox (2025-03-20); 1/3 annual cycle node
2025-07-18T12:00:00+00:00,Gann Pressure Point (4 cycles align),medium,pressure_point,gann_rules,"Rule1:'Time hits node=MOVE' | Rule3:'Nodes=pressure points' | Rule4:'Cycle within cycle' | 4 confluences from [planetary_station, time_cycle] | cycles: Gann Square-of-9 (14²=196 days from Jan 1); Mercury Station Retrograde; Gann 120-Day Cycle from Spring Equinox; Gann 210-Day Cycle from Winter Solstice"
2025-07-19T09:20:34+00:00,Gann 210-Day Cycle from Winter Solstice,low,time_cycle,gann_rules,Rule3: 'Nodes=pressure points' — 210-day cycle completes from Winter Solstice (2024-12-21); 7-month node
2025-07-21T02:42:16+00:00,Gann 30-Day Cycle from Summer Solstice,medium,time_cycle,gann_rules,Rule3: 'Nodes=pressure points' — 30-day cycle completes from Summer Solstice (2025-06-21); Monthly node — 1/12 annual cycle
2025-08-03T12:43:39+00:00,Gann 315-Day Cycle from Autumn Equinox,medium,time_cycle,gann_rules,Rule3: 'Nodes=pressure points' — 315-day cycle completes from Autumn Equinox (2024-09-22); 7/8 annual node
2025-08-05T02:42:16+00:00,Gann 45-Day Cycle from Summer Solstice,medium,time_cycle,gann_rules,Rule3: 'Nodes=pressure points' — 45-day cycle completes from Summer Solstice (2025-06-21); 1/8 annual cycle — first seasonal octave
2025-08-11T07:29:57+00:00,Mercury Station Direct,medium,planetary_station,swisseph,Rule3: 'Nodes=pressure points' — Mercury turns direct at 124.25° (Leo); cycle resumption node
2025-08-11T09:01:29+00:00,Gann 144-Day Cycle from Spring Equinox,high,time_cycle,gann_rules,Rule3: 'Nodes=pressure points' — 144-day cycle completes from Spring Equinox (2025-03-20); Gann sacred number — inner 144° cycle
2025-08-12T05:30:18+00:00,Venus–Jupiter conjunction,medium,synodic_cycle,swisseph,"Rule4: 'Cycle within cycle' — Venus conjunction Jupiter: Venus 104.1°, Jupiter 104.1°; synodic cycle completion node"
2025-08-12T12:00:00+00:00,Gann Pressure Point (4 cycles align),high,pressure_point,gann_rules,"Rule1:'Time hits node=MOVE' | Rule3:'Nodes=pressure points' | Rule4:'Cycle within cycle' | 4 confluences from [planetary_station, synodic_cycle, time_cycle] | cycles: Gann 144-Day Cycle from Spring Equinox; Venus–Jupiter conjunction; Mercury Station Direct; Gann Square-of-9 (15²=225 days from Jan 1)"
2025-08-14T00:00:00+00:00,Gann Square-of-9 (15²=225 days from Jan 1),high,time_cycle,gann_rules,Rule5: 'Square of time' — 15²=225 calendar days from 2025-01-01; reversal zone in Gann Square-of-9 methodology
2025-08-20T02:42:16+00:00,Gann 60-Day Cycle from Summer Solstice,medium,time_cycle,gann_rules,Rule3: 'Nodes=pressure points' — 60-day cycle completes from Summer Solstice (2025-06-21); 2-month node — 1/6 annual cycle
2025-09-14T00:00:00+00:00,Gann Square-of-9 (16²=256 days from Jan 1),low,time_cycle,gann_rules,Rule5: 'Square of time' — 16²=256 calendar days from 2025-01-01; reversal zone in Gann Square-of-9 methodology
2025-09-16T09:01:29+00:00,Gann 180-Day Cycle from Spring Equinox,high,time_cycle,gann_rules,Rule3: 'Nodes=pressure points' — 180-day cycle completes from Spring Equinox (2025-03-20); Half-year reversal node — cycle midpoint
2025-09-17T09:20:34+00:00,Gann 270-Day Cycle from Winter Solstice,high,time_cycle,gann_rules,Rule3: 'Nodes=pressure points' — 270-day cycle completes from Winter Solstice (2024-12-21); 3/4 annual node — final seasonal turn
2025-09-17T12:43:39+00:00,Gann 360-Day Cycle from Autumn Equinox,high,time_cycle,gann_rules,Rule3: 'Nodes=pressure points' — 360-day cycle completes from Autumn Equinox (2024-09-22); Annual cycle completion — full revolution
2025-09-19T02:42:16+00:00,Gann 90-Day Cycle from Summer Solstice,high,time_cycle,gann_rules,Rule3: 'Nodes=pressure points' — 90-day cycle completes from Summer Solstice (2025-06-21); Quarter-year node — seasonal turn zone
2025-09-29T18:19:20+00:00,Gann 7-Day Cycle from Autumn Equinox,low,time_cycle,gann_rules,Rule3: 'Nodes=pressure points' — 7-day cycle completes from Autumn Equinox (2025-09-22); Weekly rhythm node
2025-10-06T18:19:20+00:00,Gann 14-Day Cycle from Autumn Equinox,low,time_cycle,gann_rules,Rule3: 'Nodes=pressure points' — 14-day cycle completes from Autumn Equinox (2025-09-22); 2-week minor node
2025-10-13T18:19:20+00:00,Gann 21-Day Cycle from Autumn Equinox,low,time_cycle,gann_rules,Rule3: 'Nodes=pressure points' — 21-day cycle completes from Autumn Equinox (2025-09-22); 3-week minor node
2025-10-16T09:01:29+00:00,Gann 210-Day Cycle from Spring Equinox,low,time_cycle,gann_rules,Rule3: 'Nodes=pressure points' — 210-day cycle completes from Spring Equinox (2025-03-20); 7-month node
2025-10-17T00:00:00+00:00,Gann Square-of-9 (17²=289 days from Jan 1),high,time_cycle,gann_rules,Rule5: 'Square of time' — 17²=289 calendar days from 2025-01-01; reversal zone in Gann Square-of-9 methodology
2025-10-19T02:42:16+00:00,Gann 120-Day Cycle from Summer Solstice,medium,time_cycle,gann_rules,Rule3: 'Nodes=pressure points' — 120-day cycle completes from Summer Solstice (2025-06-21); 1/3 annual cycle node
2025-10-22T18:19:20+00:00,Gann 30-Day Cycle from Autumn Equinox,medium,time_cycle,gann_rules,Rule3: 'Nodes=pressure points' — 30-day cycle completes from Autumn Equinox (2025-09-22); Monthly node — 1/12 annual cycle
2025-11-01T09:20:34+00:00,Gann 315-Day Cycle from Winter Solstice,medium,time_cycle,gann_rules,Rule3: 'Nodes=pressure points' — 315-day cycle completes from Winter Solstice (2024-12-21); 7/8 annual node
2025-11-06T18:19:20+00:00,Gann 45-Day Cycle from Autumn Equinox,medium,time_cycle,gann_rules,Rule3: 'Nodes=pressure points' — 45-day cycle completes from Autumn Equinox (2025-09-22); 1/8 annual cycle — first seasonal octave
2025-11-09T19:01:46+00:00,Mercury Station Retrograde,high,planetary_station,swisseph,Rule1: 'Time hits node=MOVE' — Mercury turns retrograde at 246.86° (Sagittarius); cycle inversion node
2025-11-11T12:00:00+00:00,Gann Pressure Point (3 cycles align),medium,pressure_point,gann_rules,"Rule1:'Time hits node=MOVE' | Rule3:'Nodes=pressure points' | Rule4:'Cycle within cycle' | 3 confluences from [planetary_station, time_cycle] | cycles: Jupiter Station Retrograde; Mercury Station Retrograde; Gann 144-Day Cycle from Summer Solstice"
2025-11-11T16:41:42+00:00,Jupiter Station Retrograde,high,planetary_station,swisseph,Rule1: 'Time hits node=MOVE' — Jupiter turns retrograde at 115.15° (Cancer); cycle inversion node
2025-11-12T02:42:16+00:00,Gann 144-Day Cycle from Summer Solstice,high,time_cycle,gann_rules,Rule3: 'Nodes=pressure points' — 144-day cycle completes from Summer Solstice (2025-06-21); Gann sacred number — inner 144° cycle
2025-11-21T00:00:00+00:00,Gann Square-of-9 (18²=324 days from Jan 1),low,time_cycle,gann_rules,Rule5: 'Square of time' — 18²=324 calendar days from 2025-01-01; reversal zone in Gann Square-of-9 methodology
2025-11-21T18:19:20+00:00,Gann 60-Day Cycle from Autumn Equinox,medium,time_cycle,gann_rules,Rule3: 'Nodes=pressure points' — 60-day cycle completes from Autumn Equinox (2025-09-22); 2-month node — 1/6 annual cycle
2025-11-28T03:51:30+00:00,Saturn Station Direct,medium,planetary_station,swisseph,Rule3: 'Nodes=pressure points' — Saturn turns direct at 355.16° (Pisces); cycle resumption node
2025-11-29T17:38:32+00:00,Mercury Station Direct,medium,planetary_station,swisseph,Rule3: 'Nodes=pressure points' — Mercury turns direct at 230.71° (Scorpio); cycle resumption node
2025-12-15T09:01:29+00:00,Gann 270-Day Cycle from Spring Equinox,high,time_cycle,gann_rules,Rule3: 'Nodes=pressure points' — 270-day cycle completes from Spring Equinox (2025-03-20); 3/4 annual node — final seasonal turn
2025-12-16T09:20:34+00:00,Gann 360-Day Cycle from Winter Solstice,high,time_cycle,gann_rules,Rule3: 'Nodes=pressure points' — 360-day cycle completes from Winter Solstice (2024-12-21); Annual cycle completion — full revolution
2025-12-18T02:42:16+00:00,Gann 180-Day Cycle from Summer Solstice,high,time_cycle,gann_rules,Rule3: 'Nodes=pressure points' — 180-day cycle completes from Summer Solstice (2025-06-21); Half-year reversal node — cycle midpoint
2025-12-21T18:19:20+00:00,Gann 90-Day Cycle from Autumn Equinox,high,time_cycle,gann_rules,Rule3: 'Nodes=pressure points' — 90-day cycle completes from Autumn Equinox (2025-09-22); Quarter-year node — seasonal turn zone
2025-12-28T00:00:00+00:00,Gann Square-of-9 (19²=361 days from Jan 1),high,time_cycle,gann_rules,Rule5: 'Square of time' — 19²=361 calendar days from 2025-01-01; reversal zone in Gann Square-of-9 methodology
2025-12-28T15:03:05+00:00,Gann 7-Day Cycle from Winter Solstice,low,time_cycle,gann_rules,Rule3: 'Nodes=pressure points' — 7-day cycle completes from Winter Solstice (2025-12-21); Weekly rhythm node
2026-01-02T00:00:00+00:00,Gann Square-of-9 (1²=1 days from Jan 1),low,time_cycle,gann_rules,Rule5: 'Square of time' — 1²=1 calendar days from 2026-01-01; reversal zone in Gann Square-of-9 methodology
2026-01-04T15:03:05+00:00,Gann 14-Day Cycle from Winter Solstice,low,time_cycle,gann_rules,Rule3: 'Nodes=pressure points' — 14-day cycle completes from Winter Solstice (2025-12-21); 2-week minor node
2026-01-05T00:00:00+00:00,Gann Square-of-9 (2²=4 days from Jan 1),low,time_cycle,gann_rules,Rule5: 'Square of time' — 2²=4 calendar days from 2026-01-01; reversal zone in Gann Square-of-9 methodology
2026-01-09T12:00:00+00:00,Gann Pressure Point (3 cycles align),high,pressure_point,gann_rules,"Rule1:'Time hits node=MOVE' | Rule3:'Nodes=pressure points' | Rule4:'Cycle within cycle' | 3 confluences from [synodic_cycle, time_cycle] | cycles: Venus–Jupiter opposition; Gann 21-Day Cycle from Winter Solstice; Gann Square-of-9 (3²=9 days from Jan 1)"
2026-01-09T17:34:59+00:00,Venus–Jupiter opposition,medium,synodic_cycle,swisseph,"Rule4: 'Cycle within cycle' — Venus opposition Jupiter: Venus 290.2°, Jupiter 110.2°; synodic cycle completion node"
2026-01-10T00:00:00+00:00,Gann Square-of-9 (3²=9 days from Jan 1),low,time_cycle,gann_rules,Rule5: 'Square of time' — 3²=9 calendar days from 2026-01-01; reversal zone in Gann Square-of-9 methodology
2026-01-11T15:03:05+00:00,Gann 21-Day Cycle from Winter Solstice,low,time_cycle,gann_rules,Rule3: 'Nodes=pressure points' — 21-day cycle completes from Winter Solstice (2025-12-21); 3-week minor node
2026-01-17T00:00:00+00:00,Gann Square-of-9 (4²=16 days from Jan 1),low,time_cycle,gann_rules,Rule5: 'Square of time' — 4²=16 calendar days from 2026-01-01; reversal zone in Gann Square-of-9 methodology
2026-01-17T02:42:16+00:00,Gann 210-Day Cycle from Summer Solstice,low,time_cycle,gann_rules,Rule3: 'Nodes=pressure points' — 210-day cycle completes from Summer Solstice (2025-06-21); 7-month node
2026-01-20T15:03:05+00:00,Gann 30-Day Cycle from Winter Solstice,medium,time_cycle,gann_rules,Rule3: 'Nodes=pressure points' — 30-day cycle completes from Winter Solstice (2025-12-21); Monthly node — 1/12 annual cycle
2026-01-20T18:19:20+00:00,Gann 120-Day Cycle from Autumn Equinox,medium,time_cycle,gann_rules,Rule3: 'Nodes=pressure points' — 120-day cycle completes from Autumn Equinox (2025-09-22); 1/3 annual cycle node
2026-01-26T00:00:00+00:00,Gann Square-of-9 (5²=25 days from Jan 1),low,time_cycle,gann_rules,Rule5: 'Square of time' — 5²=25 calendar days from 2026-01-01; reversal zone in Gann Square-of-9 methodology
2026-01-29T09:01:29+00:00,Gann 315-Day Cycle from Spring Equinox,medium,time_cycle,gann_rules,Rule3: 'Nodes=pressure points' — 315-day cycle completes from Spring Equinox (2025-03-20); 7/8 annual node
2026-02-04T15:03:05+00:00,Gann 45-Day Cycle from Winter Solstice,medium,time_cycle,gann_rules,Rule3: 'Nodes=pressure points' — 45-day cycle completes from Winter Solstice (2025-12-21); 1/8 annual cycle — first seasonal octave
2026-02-05T00:00:00+00:00,Gann Square-of-9 (20²=400 days from Jan 1),low,time_cycle,gann_rules,Rule5: 'Square of time' — 20²=400 calendar days from 2025-01-01; reversal zone in Gann Square-of-9 methodology
2026-02-06T00:00:00+00:00,Gann Square-of-9 (6²=36 days from Jan 1),low,time_cycle,gann_rules,Rule5: 'Square of time' — 6²=36 calendar days from 2026-01-01; reversal zone in Gann Square-of-9 methodology
2026-02-13T18:19:20+00:00,Gann 144-Day Cycle from Autumn Equinox,high,time_cycle,gann_rules,Rule3: 'Nodes=pressure points' — 144-day cycle completes from Autumn Equinox (2025-09-22); Gann sacred number — inner 144° cycle
2026-02-19T00:00:00+00:00,Gann Square-of-9 (7²=49 days from Jan 1),low,time_cycle,gann_rules,Rule5: 'Square of time' — 7²=49 calendar days from 2026-01-01; reversal zone in Gann Square-of-9 methodology
2026-02-19T15:03:05+00:00,Gann 60-Day Cycle from Winter Solstice,medium,time_cycle,gann_rules,Rule3: 'Nodes=pressure points' — 60-day cycle completes from Winter Solstice (2025-12-21); 2-month node — 1/6 annual cycle
2026-02-26T06:48:14+00:00,Mercury Station Retrograde,high,planetary_station,swisseph,Rule1: 'Time hits node=MOVE' — Mercury turns retrograde at 352.57° (Pisces); cycle inversion node
2026-03-06T00:00:00+00:00,Gann Square-of-9 (8²=64 days from Jan 1),low,time_cycle,gann_rules,Rule5: 'Square of time' — 8²=64 calendar days from 2026-01-01; reversal zone in Gann Square-of-9 methodology
2026-03-11T03:30:08+00:00,Jupiter Station Direct,medium,planetary_station,swisseph,Rule3: 'Nodes=pressure points' — Jupiter turns direct at 105.09° (Cancer); cycle resumption node
2026-03-15T09:01:29+00:00,Gann 360-Day Cycle from Spring Equinox,high,time_cycle,gann_rules,Rule3: 'Nodes=pressure points' — 360-day cycle completes from Spring Equinox (2025-03-20); Annual cycle completion — full revolution
2026-03-18T02:42:16+00:00,Gann 270-Day Cycle from Summer Solstice,high,time_cycle,gann_rules,Rule3: 'Nodes=pressure points' — 270-day cycle completes from Summer Solstice (2025-06-21); 3/4 annual node — final seasonal turn
2026-03-20T12:00:00+00:00,Gann Pressure Point (4 cycles align),medium,pressure_point,gann_rules,"Rule1:'Time hits node=MOVE' | Rule3:'Nodes=pressure points' | Rule4:'Cycle within cycle' | 4 confluences from [planetary_station, time_cycle] | cycles: Gann 270-Day Cycle from Summer Solstice; Gann 90-Day Cycle from Winter Solstice; Gann 180-Day Cycle from Autumn Equinox; Mercury Station Direct"
2026-03-20T19:32:54+00:00,Mercury Station Direct,medium,planetary_station,swisseph,Rule3: 'Nodes=pressure points' — Mercury turns direct at 338.49° (Pisces); cycle resumption node
2026-03-21T15:03:05+00:00,Gann 90-Day Cycle from Winter Solstice,high,time_cycle,gann_rules,Rule3: 'Nodes=pressure points' — 90-day cycle completes from Winter Solstice (2025-12-21); Quarter-year node — seasonal turn zone
2026-03-21T18:19:20+00:00,Gann 180-Day Cycle from Autumn Equinox,high,time_cycle,gann_rules,Rule3: 'Nodes=pressure points' — 180-day cycle completes from Autumn Equinox (2025-09-22); Half-year reversal node — cycle midpoint
2026-03-23T00:00:00+00:00,Gann Square-of-9 (9²=81 days from Jan 1),medium,time_cycle,gann_rules,Rule5: 'Square of time' — 9²=81 calendar days from 2026-01-01; reversal zone in Gann Square-of-9 methodology
2026-03-27T14:45:58+00:00,Gann 7-Day Cycle from Spring Equinox,low,time_cycle,gann_rules,Rule3: 'Nodes=pressure points' — 7-day cycle completes from Spring Equinox (2026-03-20); Weekly rhythm node
2026-04-03T14:45:58+00:00,Gann 14-Day Cycle from Spring Equinox,low,time_cycle,gann_rules,Rule3: 'Nodes=pressure points' — 14-day cycle completes from Spring Equinox (2026-03-20); 2-week minor node
2026-04-10T14:45:58+00:00,Gann 21-Day Cycle from Spring Equinox,low,time_cycle,gann_rules,Rule3: 'Nodes=pressure points' — 21-day cycle completes from Spring Equinox (2026-03-20); 3-week minor node
2026-04-11T00:00:00+00:00,Gann Square-of-9 (10²=100 days from Jan 1),medium,time_cycle,gann_rules,Rule5: 'Square of time' — 10²=100 calendar days from 2026-01-01; reversal zone in Gann Square-of-9 methodology
2026-04-19T14:45:58+00:00,Gann 30-Day Cycle from Spring Equinox,medium,time_cycle,gann_rules,Rule3: 'Nodes=pressure points' — 30-day cycle completes from Spring Equinox (2026-03-20); Monthly node — 1/12 annual cycle
2026-04-20T15:03:05+00:00,Gann 120-Day Cycle from Winter Solstice,medium,time_cycle,gann_rules,Rule3: 'Nodes=pressure points' — 120-day cycle completes from Winter Solstice (2025-12-21); 1/3 annual cycle node
2026-04-20T18:19:20+00:00,Gann 210-Day Cycle from Autumn Equinox,low,time_cycle,gann_rules,Rule3: 'Nodes=pressure points' — 210-day cycle completes from Autumn Equinox (2025-09-22); 7-month node
2026-05-02T00:00:00+00:00,Gann Square-of-9 (11²=121 days from Jan 1),medium,time_cycle,gann_rules,Rule5: 'Square of time' — 11²=121 calendar days from 2026-01-01; reversal zone in Gann Square-of-9 methodology
2026-05-02T02:42:16+00:00,Gann 315-Day Cycle from Summer Solstice,medium,time_cycle,gann_rules,Rule3: 'Nodes=pressure points' — 315-day cycle completes from Summer Solstice (2025-06-21); 7/8 annual node
2026-05-04T14:45:58+00:00,Gann 45-Day Cycle from Spring Equinox,medium,time_cycle,gann_rules,Rule3: 'Nodes=pressure points' — 45-day cycle completes from Spring Equinox (2026-03-20); 1/8 annual cycle — first seasonal octave
2026-05-14T15:03:05+00:00,Gann 144-Day Cycle from Winter Solstice,high,time_cycle,gann_rules,Rule3: 'Nodes=pressure points' — 144-day cycle completes from Winter Solstice (2025-12-21); Gann sacred number — inner 144° cycle
2026-05-19T14:45:58+00:00,Gann 60-Day Cycle from Spring Equinox,medium,time_cycle,gann_rules,Rule3: 'Nodes=pressure points' — 60-day cycle completes from Spring Equinox (2026-03-20); 2-month node — 1/6 annual cycle
2026-05-25T00:00:00+00:00,Gann Square-of-9 (12²=144 days from Jan 1),high,time_cycle,gann_rules,Rule5: 'Square of time' — 12²=144 calendar days from 2026-01-01; reversal zone in Gann Square-of-9 methodology
2026-06-09T19:59:15+00:00,Venus–Jupiter conjunction,medium,synodic_cycle,swisseph,"Rule4: 'Cycle within cycle' — Venus conjunction Jupiter: Venus 115.8°, Jupiter 115.8°; synodic cycle completion node"
2026-06-16T02:42:16+00:00,Gann 360-Day Cycle from Summer Solstice,high,time_cycle,gann_rules,Rule3: 'Nodes=pressure points' — 360-day cycle completes from Summer Solstice (2025-06-21); Annual cycle completion — full revolution
2026-06-18T14:45:58+00:00,Gann 90-Day Cycle from Spring Equinox,high,time_cycle,gann_rules,Rule3: 'Nodes=pressure points' — 90-day cycle completes from Spring Equinox (2026-03-20); Quarter-year node — seasonal turn zone
2026-06-19T00:00:00+00:00,Gann Square-of-9 (13²=169 days from Jan 1),low,time_cycle,gann_rules,Rule5: 'Square of time' — 13²=169 calendar days from 2026-01-01; reversal zone in Gann Square-of-9 methodology
2026-06-19T15:03:05+00:00,Gann 180-Day Cycle from Winter Solstice,high,time_cycle,gann_rules,Rule3: 'Nodes=pressure points' — 180-day cycle completes from Winter Solstice (2025-12-21); Half-year reversal node — cycle midpoint
2026-06-19T18:19:20+00:00,Gann 270-Day Cycle from Autumn Equinox,high,time_cycle,gann_rules,Rule3: 'Nodes=pressure points' — 270-day cycle completes from Autumn Equinox (2025-09-22); 3/4 annual node — final seasonal turn
2026-06-28T08:24:31+00:00,Gann 7-Day Cycle from Summer Solstice,low,time_cycle,gann_rules,Rule3: 'Nodes=pressure points' — 7-day cycle completes from Summer Solstice (2026-06-21); Weekly rhythm node
2026-06-29T17:35:59+00:00,Mercury Station Retrograde,high,planetary_station,swisseph,Rule1: 'Time hits node=MOVE' — Mercury turns retrograde at 116.26° (Cancer); cycle inversion node
2026-07-05T08:24:31+00:00,Gann 14-Day Cycle from Summer Solstice,low,time_cycle,gann_rules,Rule3: 'Nodes=pressure points' — 14-day cycle completes from Summer Solstice (2026-06-21); 2-week minor node
2026-07-12T08:24:31+00:00,Gann 21-Day Cycle from Summer Solstice,low,time_cycle,gann_rules,Rule3: 'Nodes=pressure points' — 21-day cycle completes from Summer Solstice (2026-06-21); 3-week minor node
2026-07-16T00:00:00+00:00,Gann Square-of-9 (14²=196 days from Jan 1),medium,time_cycle,gann_rules,Rule5: 'Square of time' — 14²=196 calendar days from 2026-01-01; reversal zone in Gann Square-of-9 methodology
2026-07-18T14:45:58+00:00,Gann 120-Day Cycle from Spring Equinox,medium,time_cycle,gann_rules,Rule3: 'Nodes=pressure points' — 120-day cycle completes from Spring Equinox (2026-03-20); 1/3 annual cycle node
2026-07-19T15:03:05+00:00,Gann 210-Day Cycle from Winter Solstice,low,time_cycle,gann_rules,Rule3: 'Nodes=pressure points' — 210-day cycle completes from Winter Solstice (2025-12-21); 7-month node
2026-07-21T08:24:31+00:00,Gann 30-Day Cycle from Summer Solstice,medium,time_cycle,gann_rules,Rule3: 'Nodes=pressure points' — 30-day cycle completes from Summer Solstice (2026-06-21); Monthly node — 1/12 annual cycle
2026-07-21T12:00:00+00:00,Gann Pressure Point (3 cycles align),medium,pressure_point,gann_rules,"Rule1:'Time hits node=MOVE' | Rule3:'Nodes=pressure points' | Rule4:'Cycle within cycle' | 3 confluences from [planetary_station, time_cycle] | cycles: Gann 30-Day Cycle from Summer Solstice; Mercury Station Direct; Gann 210-Day Cycle from Winter Solstice"
2026-07-23T22:57:55+00:00,Mercury Station Direct,medium,planetary_station,swisseph,Rule3: 'Nodes=pressure points' — Mercury turns direct at 106.32° (Cancer); cycle resumption node
2026-07-26T19:56:48+00:00,Saturn Station Retrograde,high,planetary_station,swisseph,Rule1: 'Time hits node=MOVE' — Saturn turns retrograde at 14.75° (Aries); cycle inversion node
2026-08-03T18:19:20+00:00,Gann 315-Day Cycle from Autumn Equinox,medium,time_cycle,gann_rules,Rule3: 'Nodes=pressure points' — 315-day cycle completes from Autumn Equinox (2025-09-22); 7/8 annual node
2026-08-05T08:24:31+00:00,Gann 45-Day Cycle from Summer Solstice,medium,time_cycle,gann_rules,Rule3: 'Nodes=pressure points' — 45-day cycle completes from Summer Solstice (2026-06-21); 1/8 annual cycle — first seasonal octave
2026-08-11T14:45:58+00:00,Gann 144-Day Cycle from Spring Equinox,high,time_cycle,gann_rules,Rule3: 'Nodes=pressure points' — 144-day cycle completes from Spring Equinox (2026-03-20); Gann sacred number — inner 144° cycle
2026-08-14T00:00:00+00:00,Gann Square-of-9 (15²=225 days from Jan 1),high,time_cycle,gann_rules,Rule5: 'Square of time' — 15²=225 calendar days from 2026-01-01; reversal zone in Gann Square-of-9 methodology
2026-08-20T08:24:31+00:00,Gann 60-Day Cycle from Summer Solstice,medium,time_cycle,gann_rules,Rule3: 'Nodes=pressure points' — 60-day cycle completes from Summer Solstice (2026-06-21); 2-month node — 1/6 annual cycle
2026-09-14T00:00:00+00:00,Gann Square-of-9 (16²=256 days from Jan 1),low,time_cycle,gann_rules,Rule5: 'Square of time' — 16²=256 calendar days from 2026-01-01; reversal zone in Gann Square-of-9 methodology
2026-09-16T14:45:58+00:00,Gann 180-Day Cycle from Spring Equinox,high,time_cycle,gann_rules,Rule3: 'Nodes=pressure points' — 180-day cycle completes from Spring Equinox (2026-03-20); Half-year reversal node — cycle midpoint
2026-09-17T15:03:05+00:00,Gann 270-Day Cycle from Winter Solstice,high,time_cycle,gann_rules,Rule3: 'Nodes=pressure points' — 270-day cycle completes from Winter Solstice (2025-12-21); 3/4 annual node — final seasonal turn
2026-09-17T18:19:20+00:00,Gann 360-Day Cycle from Autumn Equinox,high,time_cycle,gann_rules,Rule3: 'Nodes=pressure points' — 360-day cycle completes from Autumn Equinox (2025-09-22); Annual cycle completion — full revolution
2026-09-19T08:24:31+00:00,Gann 90-Day Cycle from Summer Solstice,high,time_cycle,gann_rules,Rule3: 'Nodes=pressure points' — 90-day cycle completes from Summer Solstice (2026-06-21); Quarter-year node — seasonal turn zone
2026-09-30T00:05:13+00:00,Gann 7-Day Cycle from Autumn Equinox,low,time_cycle,gann_rules,Rule3: 'Nodes=pressure points' — 7-day cycle completes from Autumn Equinox (2026-09-23); Weekly rhythm node
2026-10-03T07:15:51+00:00,Venus Station Retrograde,high,planetary_station,swisseph,Rule1: 'Time hits node=MOVE' — Venus turns retrograde at 218.49° (Scorpio); cycle inversion node
2026-10-07T00:05:13+00:00,Gann 14-Day Cycle from Autumn Equinox,low,time_cycle,gann_rules,Rule3: 'Nodes=pressure points' — 14-day cycle completes from Autumn Equinox (2026-09-23); 2-week minor node
2026-10-14T00:05:13+00:00,Gann 21-Day Cycle from Autumn Equinox,low,time_cycle,gann_rules,Rule3: 'Nodes=pressure points' — 21-day cycle completes from Autumn Equinox (2026-09-23); 3-week minor node
2026-10-16T14:45:58+00:00,Gann 210-Day Cycle from Spring Equinox,low,time_cycle,gann_rules,Rule3: 'Nodes=pressure points' — 210-day cycle completes from Spring Equinox (2026-03-20); 7-month node
2026-10-17T00:00:00+00:00,Gann Square-of-9 (17²=289 days from Jan 1),high,time_cycle,gann_rules,Rule5: 'Square of time' — 17²=289 calendar days from 2026-01-01; reversal zone in Gann Square-of-9 methodology
2026-10-19T08:24:31+00:00,Gann 120-Day Cycle from Summer Solstice,medium,time_cycle,gann_rules,Rule3: 'Nodes=pressure points' — 120-day cycle completes from Summer Solstice (2026-06-21); 1/3 annual cycle node
2026-10-23T00:05:13+00:00,Gann 30-Day Cycle from Autumn Equinox,medium,time_cycle,gann_rules,Rule3: 'Nodes=pressure points' — 30-day cycle completes from Autumn Equinox (2026-09-23); Monthly node — 1/12 annual cycle
2026-10-24T07:12:48+00:00,Mercury Station Retrograde,high,planetary_station,swisseph,Rule1: 'Time hits node=MOVE' — Mercury turns retrograde at 230.98° (Scorpio); cycle inversion node
2026-11-01T15:03:05+00:00,Gann 315-Day Cycle from Winter Solstice,medium,time_cycle,gann_rules,Rule3: 'Nodes=pressure points' — 315-day cycle completes from Winter Solstice (2025-12-21); 7/8 annual node
2026-11-07T00:05:13+00:00,Gann 45-Day Cycle from Autumn Equinox,medium,time_cycle,gann_rules,Rule3: 'Nodes=pressure points' — 45-day cycle completes from Autumn Equinox (2026-09-23); 1/8 annual cycle — first seasonal octave
2026-11-12T08:24:31+00:00,Gann 144-Day Cycle from Summer Solstice,high,time_cycle,gann_rules,Rule3: 'Nodes=pressure points' — 144-day cycle completes from Summer Solstice (2026-06-21); Gann sacred number — inner 144° cycle
2026-11-12T12:00:00+00:00,Gann Pressure Point (3 cycles align),medium,pressure_point,gann_rules,"Rule1:'Time hits node=MOVE' | Rule3:'Nodes=pressure points' | Rule4:'Cycle within cycle' | 3 confluences from [planetary_station, time_cycle] | cycles: Venus Station Direct; Mercury Station Direct; Gann 144-Day Cycle from Summer Solstice"
2026-11-13T15:53:57+00:00,Mercury Station Direct,medium,planetary_station,swisseph,Rule3: 'Nodes=pressure points' — Mercury turns direct at 215.03° (Scorpio); cycle resumption node
2026-11-14T00:27:30+00:00,Venus Station Direct,medium,planetary_station,swisseph,Rule3: 'Nodes=pressure points' — Venus turns direct at 202.86° (Libra); cycle resumption node
2026-11-21T00:00:00+00:00,Gann Square-of-9 (18²=324 days from Jan 1),low,time_cycle,gann_rules,Rule5: 'Square of time' — 18²=324 calendar days from 2026-01-01; reversal zone in Gann Square-of-9 methodology
2026-11-22T00:05:13+00:00,Gann 60-Day Cycle from Autumn Equinox,medium,time_cycle,gann_rules,Rule3: 'Nodes=pressure points' — 60-day cycle completes from Autumn Equinox (2026-09-23); 2-month node — 1/6 annual cycle
2026-12-10T23:31:02+00:00,Saturn Station Direct,medium,planetary_station,swisseph,Rule3: 'Nodes=pressure points' — Saturn turns direct at 7.93° (Aries); cycle resumption node
2026-12-13T00:56:36+00:00,Jupiter Station Retrograde,high,planetary_station,swisseph,Rule1: 'Time hits node=MOVE' — Jupiter turns retrograde at 147.02° (Leo); cycle inversion node
2026-12-15T12:00:00+00:00,Gann Pressure Point (3 cycles align),medium,pressure_point,gann_rules,"Rule1:'Time hits node=MOVE' | Rule3:'Nodes=pressure points' | Rule4:'Cycle within cycle' | 3 confluences from [planetary_station, time_cycle] | cycles: Jupiter Station Retrograde; Gann 360-Day Cycle from Winter Solstice; Gann 270-Day Cycle from Spring Equinox"
2026-12-15T14:45:58+00:00,Gann 270-Day Cycle from Spring Equinox,high,time_cycle,gann_rules,Rule3: 'Nodes=pressure points' — 270-day cycle completes from Spring Equinox (2026-03-20); 3/4 annual node — final seasonal turn
2026-12-16T15:03:05+00:00,Gann 360-Day Cycle from Winter Solstice,high,time_cycle,gann_rules,Rule3: 'Nodes=pressure points' — 360-day cycle completes from Winter Solstice (2025-12-21); Annual cycle completion — full revolution
2026-12-18T08:24:31+00:00,Gann 180-Day Cycle from Summer Solstice,high,time_cycle,gann_rules,Rule3: 'Nodes=pressure points' — 180-day cycle completes from Summer Solstice (2026-06-21); Half-year reversal node — cycle midpoint
2026-12-22T00:05:13+00:00,Gann 90-Day Cycle from Autumn Equinox,high,time_cycle,gann_rules,Rule3: 'Nodes=pressure points' — 90-day cycle completes from Autumn Equinox (2026-09-23); Quarter-year node — seasonal turn zone
2026-12-28T00:00:00+00:00,Gann Square-of-9 (19²=361 days from Jan 1),high,time_cycle,gann_rules,Rule5: 'Square of time' — 19²=361 calendar days from 2026-01-01; reversal zone in Gann Square-of-9 methodology
2026-12-28T20:50:15+00:00,Gann 7-Day Cycle from Winter Solstice,low,time_cycle,gann_rules,Rule3: 'Nodes=pressure points' — 7-day cycle completes from Winter Solstice (2026-12-21); Weekly rhythm node
