Date,Time,Event,Impact,Currency,Category,Source,Actual,Forecast,Previous,Surprise,Unit,Revised
2004-06-14,13:30,US Producer Price Index (PPI) YoY,medium,USD,inflation,synthetic_calendar,,,,,,
2004-06-15,13:30,US Retail Sales MoM,medium,USD,consumption,synthetic_calendar,,,,,,
2004-06-16,18:00,FOMC Rate Decision,high,USD,rates,synthetic_calendar,,,,,,
2004-06-30,13:30,US Core PCE Price Index MoM,high,USD,inflation,synthetic_calendar,,,,,,
2004-07-01,15:00,US ISM Manufacturing PMI,medium,USD,growth,synthetic_calendar,,,,,,
2004-07-02,13:30,US Non-Farm Payrolls (NFP),high,USD,labor,synthetic_calendar,,,,,,
2004-07-07,13:15,US ADP Non-Farm Employment Change,medium,USD,labor,synthetic_calendar,,,,,,
2004-07-12,13:30,US Consumer Price Index (CPI) YoY,high,USD,inflation,synthetic_calendar,,,,,,
2004-07-13,13:30,US Producer Price Index (PPI) YoY,medium,USD,inflation,synthetic_calendar,,,,,,
2004-07-15,13:30,US Retail Sales MoM,medium,USD,consumption,synthetic_calendar,,,,,,
2004-07-21,18:00,FOMC Rate Decision,high,USD,rates,synthetic_calendar,,,,,,
2004-07-26,13:30,US GDP Annualized QoQ,high,USD,growth,synthetic_calendar,,,,,,
2004-07-30,13:30,US Core PCE Price Index MoM,high,USD,inflation,synthetic_calendar,,,,,,
2004-08-02,15:00,US ISM Manufacturing PMI,medium,USD,growth,synthetic_calendar,,,,,,
2004-08-04,13:15,US ADP Non-Farm Employment Change,medium,USD,labor,synthetic_calendar,,,,,,
2004-08-06,13:30,US Non-Farm Payrolls (NFP),high,USD,labor,synthetic_calendar,,,,,,
2004-08-10,13:30,US Consumer Price Index (CPI) YoY,high,USD,inflation,synthetic_calendar,,,,,,
2004-08-13,13:30,US Producer Price Index (PPI) YoY,medium,USD,inflation,synthetic_calendar,,,,,,
2004-08-16,13:30,US Retail Sales MoM,medium,USD,consumption,synthetic_calendar,,,,,,
2004-08-31,13:30,US Core PCE Price Index MoM,high,USD,inflation,synthetic_calendar,,,,,,
2004-09-01,13:15,US ADP Non-Farm Employment Change,medium,USD,labor,synthetic_calendar,,,,,,
2004-09-01,15:00,US ISM Manufacturing PMI,medium,USD,growth,synthetic_calendar,,,,,,
2004-09-03,13:30,US Non-Farm Payrolls (NFP),high,USD,labor,synthetic_calendar,,,,,,
2004-09-10,13:30,US Consumer Price Index (CPI) YoY,high,USD,inflation,synthetic_calendar,,,,,,
2004-09-13,13:30,US Producer Price Index (PPI) YoY,medium,USD,inflation,synthetic_calendar,,,,,,
2004-09-15,13:30,US Retail Sales MoM,medium,USD,consumption,synthetic_calendar,,,,,,
2004-09-15,18:00,FOMC Rate Decision,high,USD,rates,synthetic_calendar,,,,,,
2004-09-30,13:30,US Core PCE Price Index MoM,high,USD,inflation,synthetic_calendar,,,,,,
2004-10-01,13:30,US Non-Farm Payrolls (NFP),high,USD,labor,synthetic_calendar,,,,,,
2004-10-01,15:00,US ISM Manufacturing PMI,medium,USD,growth,synthetic_calendar,,,,,,
2004-10-06,13:15,US ADP Non-Farm Employment Change,medium,USD,labor,synthetic_calendar,,,,,,
2004-10-11,13:30,US Consumer Price Index (CPI) YoY,high,USD,inflation,synthetic_calendar,,,,,,
2004-10-13,13:30,US Producer Price Index (PPI) YoY,medium,USD,inflation,synthetic_calendar,,,,,,
2004-10-15,13:30,US Retail Sales MoM,medium,USD,consumption,synthetic_calendar,,,,,,
2004-10-26,13:30,US GDP Annualized QoQ,high,USD,growth,synthetic_calendar,,,,,,
2004-10-29,13:30,US Core PCE Price Index MoM,high,USD,inflation,synthetic_calendar,,,,,,
2004-11-01,15:00,US ISM Manufacturing PMI,medium,USD,growth,synthetic_calendar,,,,,,
2004-11-03,13:15,US ADP Non-Farm Employment Change,medium,USD,labor,synthetic_calendar,,,,,,
2004-11-05,13:30,US Non-Farm Payrolls (NFP),high,USD,labor,synthetic_calendar,,,,,,
2004-11-10,13:30,US Consumer Price Index (CPI) YoY,high,USD,inflation,synthetic_calendar,,,,,,
2004-11-15,13:30,US Producer Price Index (PPI) YoY,medium,USD,inflation,synthetic_calendar,,,,,,
2004-11-15,13:30,US Retail Sales MoM,medium,USD,consumption,synthetic_calendar,,,,,,
2004-11-17,18:00,FOMC Rate Decision,high,USD,rates,synthetic_calendar,,,,,,
2004-11-30,13:30,US Core PCE Price Index MoM,high,USD,inflation,synthetic_calendar,,,,,,
2004-12-01,13:15,US ADP Non-Farm Employment Change,medium,USD,labor,synthetic_calendar,,,,,,
2004-12-01,15:00,US ISM Manufacturing PMI,medium,USD,growth,synthetic_calendar,,,,,,
2004-12-03,13:30,US Non-Farm Payrolls (NFP),high,USD,labor,synthetic_calendar,,,,,,
2004-12-10,13:30,US Consumer Price Index (CPI) YoY,high,USD,inflation,synthetic_calendar,,,,,,
2004-12-13,13:30,US Producer Price Index (PPI) YoY,medium,USD,inflation,synthetic_calendar,,,,,,
2004-12-15,13:30,US Retail Sales MoM,medium,USD,consumption,synthetic_calendar,,,,,,
2004-12-15,18:00,FOMC Rate Decision,high,USD,rates,synthetic_calendar,,,,,,
2004-12-31,13:30,US Core PCE Price Index MoM,high,USD,inflation,synthetic_calendar,,,,,,
2005-01-03,15:00,US ISM Manufacturing PMI,medium,USD,growth,synthetic_calendar,,,,,,
2005-01-05,13:15,US ADP Non-Farm Employment Change,medium,USD,labor,synthetic_calendar,,,,,,
2005-01-07,13:30,US Non-Farm Payrolls (NFP),high,USD,labor,synthetic_calendar,,,,,,
2005-01-10,13:30,US Consumer Price Index (CPI) YoY,high,USD,inflation,synthetic_calendar,,,,,,
2005-01-13,13:30,US Producer Price Index (PPI) YoY,medium,USD,inflation,synthetic_calendar,,,,,,
2005-01-17,13:30,US Retail Sales MoM,medium,USD,consumption,synthetic_calendar,,,,,,
2005-01-19,18:00,FOMC Rate Decision,high,USD,rates,synthetic_calendar,,,,,,
2005-01-26,13:30,US GDP Annualized QoQ,high,USD,growth,synthetic_calendar,,,,,,
2005-01-31,13:30,US Core PCE Price Index MoM,high,USD,inflation,synthetic_calendar,,,,,,
2005-02-01,15:00,US ISM Manufacturing PMI,medium,USD,growth,synthetic_calendar,,,,,,
2005-02-02,13:15,US ADP Non-Farm Employment Change,medium,USD,labor,synthetic_calendar,,,,,,
2005-02-04,13:30,US Non-Farm Payrolls (NFP),high,USD,labor,synthetic_calendar,,,,,,
2005-02-10,13:30,US Consumer Price Index (CPI) YoY,high,USD,inflation,synthetic_calendar,,,,,,
2005-02-14,13:30,US Producer Price Index (PPI) YoY,medium,USD,inflation,synthetic_calendar,,,,,,
2005-02-15,13:30,US Retail Sales MoM,medium,USD,consumption,synthetic_calendar,,,,,,
2005-02-28,13:30,US Core PCE Price Index MoM,high,USD,inflation,synthetic_calendar,,,,,,
2005-03-01,15:00,US ISM Manufacturing PMI,medium,USD,growth,synthetic_calendar,,,,,,
2005-03-02,13:15,US ADP Non-Farm Employment Change,medium,USD,labor,synthetic_calendar,,,,,,
2005-03-04,13:30,US Non-Farm Payrolls (NFP),high,USD,labor,synthetic_calendar,,,,,,
2005-03-10,13:30,US Consumer Price Index (CPI) YoY,high,USD,inflation,synthetic_calendar,,,,,,
2005-03-14,13:30,US Producer Price Index (PPI) YoY,medium,USD,inflation,synthetic_calendar,,,,,,
2005-03-15,13:30,US Retail Sales MoM,medium,USD,consumption,synthetic_calendar,,,,,,
2005-03-16,18:00,FOMC Rate Decision,high,USD,rates,synthetic_calendar,,,,,,
2005-03-31,13:30,US Core PCE Price Index MoM,high,USD,inflation,synthetic_calendar,,,,,,
2005-04-01,13:30,US Non-Farm Payrolls (NFP),high,USD,labor,synthetic_calendar,,,,,,
2005-04-01,15:00,US ISM Manufacturing PMI,medium,USD,growth,synthetic_calendar,,,,,,
2005-04-06,13:15,US ADP Non-Farm Employment Change,medium,USD,labor,synthetic_calendar,,,,,,
2005-04-11,13:30,US Consumer Price Index (CPI) YoY,high,USD,inflation,synthetic_calendar,,,,,,
2005-04-13,13:30,US Producer Price Index (PPI) YoY,medium,USD,inflation,synthetic_calendar,,,,,,
2005-04-15,13:30,US Retail Sales MoM,medium,USD,consumption,synthetic_calendar,,,,,,
2005-04-26,13:30,US GDP Annualized QoQ,high,USD,growth,synthetic_calendar,,,,,,
2005-04-29,13:30,US Core PCE Price Index MoM,high,USD,inflation,synthetic_calendar,,,,,,
2005-05-02,15:00,US ISM Manufacturing PMI,medium,USD,growth,synthetic_calendar,,,,,,
2005-05-04,13:15,US ADP Non-Farm Employment Change,medium,USD,labor,synthetic_calendar,,,,,,
2005-05-06,13:30,US Non-Farm Payrolls (NFP),high,USD,labor,synthetic_calendar,,,,,,
2005-05-10,13:30,US Consumer Price Index (CPI) YoY,high,USD,inflation,synthetic_calendar,,,,,,
2005-05-13,13:30,US Producer Price Index (PPI) YoY,medium,USD,inflation,synthetic_calendar,,,,,,
2005-05-16,13:30,US Retail Sales MoM,medium,USD,consumption,synthetic_calendar,,,,,,
2005-05-18,18:00,FOMC Rate Decision,high,USD,rates,synthetic_calendar,,,,,,
2005-05-31,13:30,US Core PCE Price Index MoM,high,USD,inflation,synthetic_calendar,,,,,,
2005-06-01,13:15,US ADP Non-Farm Employment Change,medium,USD,labor,synthetic_calendar,,,,,,
2005-06-01,15:00,US ISM Manufacturing PMI,medium,USD,growth,synthetic_calendar,,,,,,
2005-06-03,13:30,US Non-Farm Payrolls (NFP),high,USD,labor,synthetic_calendar,,,,,,
2005-06-10,13:30,US Consumer Price Index (CPI) YoY,high,USD,inflation,synthetic_calendar,,,,,,
2005-06-13,13:30,US Producer Price Index (PPI) YoY,medium,USD,inflation,synthetic_calendar,,,,,,
2005-06-15,13:30,US Retail Sales MoM,medium,USD,consumption,synthetic_calendar,,,,,,
2005-06-15,18:00,FOMC Rate Decision,high,USD,rates,synthetic_calendar,,,,,,
2005-06-30,13:30,US Core PCE Price Index MoM,high,USD,inflation,synthetic_calendar,,,,,,
2005-07-01,13:30,US Non-Farm Payrolls (NFP),high,USD,labor,synthetic_calendar,,,,,,
2005-07-01,15:00,US ISM Manufacturing PMI,medium,USD,growth,synthetic_calendar,,,,,,
2005-07-06,13:15,US ADP Non-Farm Employment Change,medium,USD,labor,synthetic_calendar,,,,,,
2005-07-11,13:30,US Consumer Price Index (CPI) YoY,high,USD,inflation,synthetic_calendar,,,,,,
2005-07-13,13:30,US Producer Price Index (PPI) YoY,medium,USD,inflation,synthetic_calendar,,,,,,
2005-07-15,13:30,US Retail Sales MoM,medium,USD,consumption,synthetic_calendar,,,,,,
2005-07-20,18:00,FOMC Rate Decision,high,USD,rates,synthetic_calendar,,,,,,
2005-07-26,13:30,US GDP Annualized QoQ,high,USD,growth,synthetic_calendar,,,,,,
2005-07-29,13:30,US Core PCE Price Index MoM,high,USD,inflation,synthetic_calendar,,,,,,
2005-08-01,15:00,US ISM Manufacturing PMI,medium,USD,growth,synthetic_calendar,,,,,,
2005-08-03,13:15,US ADP Non-Farm Employment Change,medium,USD,labor,synthetic_calendar,,,,,,
2005-08-05,13:30,US Non-Farm Payrolls (NFP),high,USD,labor,synthetic_calendar,,,,,,
2005-08-10,13:30,US Consumer Price Index (CPI) YoY,high,USD,inflation,synthetic_calendar,,,,,,
2005-08-15,13:30,US Producer Price Index (PPI) YoY,medium,USD,inflation,synthetic_calendar,,,,,,
2005-08-15,13:30,US Retail Sales MoM,medium,USD,consumption,synthetic_calendar,,,,,,
2005-08-31,13:30,US Core PCE Price Index MoM,high,USD,inflation,synthetic_calendar,,,,,,
2005-09-01,15:00,US ISM Manufacturing PMI,medium,USD,growth,synthetic_calendar,,,,,,
2005-09-02,13:30,US Non-Farm Payrolls (NFP),high,USD,labor,synthetic_calendar,,,,,,
2005-09-07,13:15,US ADP Non-Farm Employment Change,medium,USD,labor,synthetic_calendar,,,,,,
2005-09-12,13:30,US Consumer Price Index (CPI) YoY,high,USD,inflation,synthetic_calendar,,,,,,
2005-09-13,13:30,US Producer Price Index (PPI) YoY,medium,USD,inflation,synthetic_calendar,,,,,,
2005-09-15,13:30,US Retail Sales MoM,medium,USD,consumption,synthetic_calendar,,,,,,
2005-09-21,18:00,FOMC Rate Decision,high,USD,rates,synthetic_calendar,,,,,,
2005-09-30,13:30,US Core PCE Price Index MoM,high,USD,inflation,synthetic_calendar,,,,,,
2005-10-03,15:00,US ISM Manufacturing PMI,medium,USD,growth,synthetic_calendar,,,,,,
2005-10-05,13:15,US ADP Non-Farm Employment Change,medium,USD,labor,synthetic_calendar,,,,,,
2005-10-07,13:30,US Non-Farm Payrolls (NFP),high,USD,labor,synthetic_calendar,,,,,,
2005-10-10,13:30,US Consumer Price Index (CPI) YoY,high,USD,inflation,synthetic_calendar,,,,,,
2005-10-13,13:30,US Producer Price Index (PPI) YoY,medium,USD,inflation,synthetic_calendar,,,,,,
2005-10-17,13:30,US Retail Sales MoM,medium,USD,consumption,synthetic_calendar,,,,,,
2005-10-26,13:30,US GDP Annualized QoQ,high,USD,growth,synthetic_calendar,,,,,,
2005-10-31,13:30,US Core PCE Price Index MoM,high,USD,inflation,synthetic_calendar,,,,,,
2005-11-01,15:00,US ISM Manufacturing PMI,medium,USD,growth,synthetic_calendar,,,,,,
2005-11-02,13:15,US ADP Non-Farm Employment Change,medium,USD,labor,synthetic_calendar,,,,,,
2005-11-04,13:30,US Non-Farm Payrolls (NFP),high,USD,labor,synthetic_calendar,,,,,,
2005-11-10,13:30,US Consumer Price Index (CPI) YoY,high,USD,inflation,synthetic_calendar,,,,,,
2005-11-14,13:30,US Producer Price Index (PPI) YoY,medium,USD,inflation,synthetic_calendar,,,,,,
2005-11-15,13:30,US Retail Sales MoM,medium,USD,consumption,synthetic_calendar,,,,,,
2005-11-16,18:00,FOMC Rate Decision,high,USD,rates,synthetic_calendar,,,,,,
2005-11-30,13:30,US Core PCE Price Index MoM,high,USD,inflation,synthetic_calendar,,,,,,
2005-12-01,15:00,US ISM Manufacturing PMI,medium,USD,growth,synthetic_calendar,,,,,,
2005-12-02,13:30,US Non-Farm Payrolls (NFP),high,USD,labor,synthetic_calendar,,,,,,
2005-12-07,13:15,US ADP Non-Farm Employment Change,medium,USD,labor,synthetic_calendar,,,,,,
2005-12-12,13:30,US Consumer Price Index (CPI) YoY,high,USD,inflation,synthetic_calendar,,,,,,
2005-12-13,13:30,US Producer Price Index (PPI) YoY,medium,USD,inflation,synthetic_calendar,,,,,,
2005-12-15,13:30,US Retail Sales MoM,medium,USD,consumption,synthetic_calendar,,,,,,
2005-12-21,18:00,FOMC Rate Decision,high,USD,rates,synthetic_calendar,,,,,,
2005-12-30,13:30,US Core PCE Price Index MoM,high,USD,inflation,synthetic_calendar,,,,,,
2006-01-02,15:00,US ISM Manufacturing PMI,medium,USD,growth,synthetic_calendar,,,,,,
2006-01-04,13:15,US ADP Non-Farm Employment Change,medium,USD,labor,synthetic_calendar,,,,,,
2006-01-06,13:30,US Non-Farm Payrolls (NFP),high,USD,labor,synthetic_calendar,,,,,,
2006-01-10,13:30,US Consumer Price Index (CPI) YoY,high,USD,inflation,synthetic_calendar,,,,,,
2006-01-13,13:30,US Producer Price Index (PPI) YoY,medium,USD,inflation,synthetic_calendar,,,,,,
2006-01-16,13:30,US Retail Sales MoM,medium,USD,consumption,synthetic_calendar,,,,,,
2006-01-18,18:00,FOMC Rate Decision,high,USD,rates,synthetic_calendar,,,,,,
2006-01-26,13:30,US GDP Annualized QoQ,high,USD,growth,synthetic_calendar,,,,,,
2006-01-31,13:30,US Core PCE Price Index MoM,high,USD,inflation,synthetic_calendar,,,,,,
2006-02-01,13:15,US ADP Non-Farm Employment Change,medium,USD,labor,synthetic_calendar,,,,,,
2006-02-01,15:00,US ISM Manufacturing PMI,medium,USD,growth,synthetic_calendar,,,,,,
2006-02-03,13:30,US Non-Farm Payrolls (NFP),high,USD,labor,synthetic_calendar,,,,,,
2006-02-10,13:30,US Consumer Price Index (CPI) YoY,high,USD,inflation,synthetic_calendar,,,,,,
2006-02-13,13:30,US Producer Price Index (PPI) YoY,medium,USD,inflation,synthetic_calendar,,,,,,
2006-02-15,13:30,US Retail Sales MoM,medium,USD,consumption,synthetic_calendar,,,,,,
2006-02-28,13:30,US Core PCE Price Index MoM,high,USD,inflation,synthetic_calendar,,,,,,
2006-03-01,13:15,US ADP Non-Farm Employment Change,medium,USD,labor,synthetic_calendar,,,,,,
2006-03-01,15:00,US ISM Manufacturing PMI,medium,USD,growth,synthetic_calendar,,,,,,
2006-03-03,13:30,US Non-Farm Payrolls (NFP),high,USD,labor,synthetic_calendar,,,,,,
2006-03-10,13:30,US Consumer Price Index (CPI) YoY,high,USD,inflation,synthetic_calendar,,,,,,
2006-03-13,13:30,US Producer Price Index (PPI) YoY,medium,USD,inflation,synthetic_calendar,,,,,,
2006-03-15,13:30,US Retail Sales MoM,medium,USD,consumption,synthetic_calendar,,,,,,
2006-03-15,18:00,FOMC Rate Decision,high,USD,rates,synthetic_calendar,,,,,,
2006-03-31,13:30,US Core PCE Price Index MoM,high,USD,inflation,synthetic_calendar,,,,,,
2006-04-03,15:00,US ISM Manufacturing PMI,medium,USD,growth,synthetic_calendar,,,,,,
2006-04-05,13:15,US ADP Non-Farm Employment Change,medium,USD,labor,synthetic_calendar,,,,,,
2006-04-07,13:30,US Non-Farm Payrolls (NFP),high,USD,labor,synthetic_calendar,,,,,,
2006-04-10,13:30,US Consumer Price Index (CPI) YoY,high,USD,inflation,synthetic_calendar,,,,,,
2006-04-13,13:30,US Producer Price Index (PPI) YoY,medium,USD,inflation,synthetic_calendar,,,,,,
2006-04-17,13:30,US Retail Sales MoM,medium,USD,consumption,synthetic_calendar,,,,,,
2006-04-26,13:30,US GDP Annualized QoQ,high,USD,growth,synthetic_calendar,,,,,,
2006-04-28,13:30,US Core PCE Price Index MoM,high,USD,inflation,synthetic_calendar,,,,,,
2006-05-01,15:00,US ISM Manufacturing PMI,medium,USD,growth,synthetic_calendar,,,,,,
2006-05-03,13:15,US ADP Non-Farm Employment Change,medium,USD,labor,synthetic_calendar,,,,,,
2006-05-05,13:30,US Non-Farm Payrolls (NFP),high,USD,labor,synthetic_calendar,,,,,,
2006-05-10,13:30,US Consumer Price Index (CPI) YoY,high,USD,inflation,synthetic_calendar,,,,,,
2006-05-15,13:30,US Producer Price Index (PPI) YoY,medium,USD,inflation,synthetic_calendar,,,,,,
2006-05-15,13:30,US Retail Sales MoM,medium,USD,consumption,synthetic_calendar,,,,,,
2006-05-17,18:00,FOMC Rate Decision,high,USD,rates,synthetic_calendar,,,,,,
2006-05-31,13:30,US Core PCE Price Index MoM,high,USD,inflation,synthetic_calendar,,,,,,
2006-06-01,15:00,US ISM Manufacturing PMI,medium,USD,growth,synthetic_calendar,,,,,,
2006-06-02,13:30,US Non-Farm Payrolls (NFP),high,USD,labor,synthetic_calendar,,,,,,
2006-06-07,13:15,US ADP Non-Farm Employment Change,medium,USD,labor,synthetic_calendar,,,,,,
2006-06-12,13:30,US Consumer Price Index (CPI) YoY,high,USD,inflation,synthetic_calendar,,,,,,
2006-06-13,13:30,US Producer Price Index (PPI) YoY,medium,USD,inflation,synthetic_calendar,,,,,,
2006-06-15,13:30,US Retail Sales MoM,medium,USD,consumption,synthetic_calendar,,,,,,
2006-06-21,18:00,FOMC Rate Decision,high,USD,rates,synthetic_calendar,,,,,,
2006-06-30,13:30,US Core PCE Price Index MoM,high,USD,inflation,synthetic_calendar,,,,,,
2006-07-03,15:00,US ISM Manufacturing PMI,medium,USD,growth,synthetic_calendar,,,,,,
2006-07-05,13:15,US ADP Non-Farm Employment Change,medium,USD,labor,synthetic_calendar,,,,,,
2006-07-07,13:30,US Non-Farm Payrolls (NFP),high,USD,labor,synthetic_calendar,,,,,,
2006-07-10,13:30,US Consumer Price Index (CPI) YoY,high,USD,inflation,synthetic_calendar,,,,,,
2006-07-13,13:30,US Producer Price Index (PPI) YoY,medium,USD,inflation,synthetic_calendar,,,,,,
2006-07-17,13:30,US Retail Sales MoM,medium,USD,consumption,synthetic_calendar,,,,,,
2006-07-19,18:00,FOMC Rate Decision,high,USD,rates,synthetic_calendar,,,,,,
2006-07-26,13:30,US GDP Annualized QoQ,high,USD,growth,synthetic_calendar,,,,,,
2006-07-31,13:30,US Core PCE Price Index MoM,high,USD,inflation,synthetic_calendar,,,,,,
2006-08-01,15:00,US ISM Manufacturing PMI,medium,USD,growth,synthetic_calendar,,,,,,
2006-08-02,13:15,US ADP Non-Farm Employment Change,medium,USD,labor,synthetic_calendar,,,,,,
2006-08-04,13:30,US Non-Farm Payrolls (NFP),high,USD,labor,synthetic_calendar,,,,,,
2006-08-10,13:30,US Consumer Price Index (CPI) YoY,high,USD,inflation,synthetic_calendar,,,,,,
2006-08-14,13:30,US Producer Price Index (PPI) YoY,medium,USD,inflation,synthetic_calendar,,,,,,
2006-08-15,13:30,US Retail Sales MoM,medium,USD,consumption,synthetic_calendar,,,,,,
2006-08-31,13:30,US Core PCE Price Index MoM,high,USD,inflation,synthetic_calendar,,,,,,
2006-09-01,13:30,US Non-Farm Payrolls (NFP),high,USD,labor,synthetic_calendar,,,,,,
2006-09-01,15:00,US ISM Manufacturing PMI,medium,USD,growth,synthetic_calendar,,,,,,
2006-09-06,13:15,US ADP Non-Farm Employment Change,medium,USD,labor,synthetic_calendar,,,,,,
2006-09-11,13:30,US Consumer Price Index (CPI) YoY,high,USD,inflation,synthetic_calendar,,,,,,
2006-09-13,13:30,US Producer Price Index (PPI) YoY,medium,USD,inflation,synthetic_calendar,,,,,,
2006-09-15,13:30,US Retail Sales MoM,medium,USD,consumption,synthetic_calendar,,,,,,
2006-09-20,18:00,FOMC Rate Decision,high,USD,rates,synthetic_calendar,,,,,,
2006-09-29,13:30,US Core PCE Price Index MoM,high,USD,inflation,synthetic_calendar,,,,,,
2006-10-02,15:00,US ISM Manufacturing PMI,medium,USD,growth,synthetic_calendar,,,,,,
2006-10-04,13:15,US ADP Non-Farm Employment Change,medium,USD,labor,synthetic_calendar,,,,,,
2006-10-06,13:30,US Non-Farm Payrolls (NFP),high,USD,labor,synthetic_calendar,,,,,,
2006-10-10,13:30,US Consumer Price Index (CPI) YoY,high,USD,inflation,synthetic_calendar,,,,,,
2006-10-13,13:30,US Producer Price Index (PPI) YoY,medium,USD,inflation,synthetic_calendar,,,,,,
2006-10-16,13:30,US Retail Sales MoM,medium,USD,consumption,synthetic_calendar,,,,,,
2006-10-26,13:30,US GDP Annualized QoQ,high,USD,growth,synthetic_calendar,,,,,,
2006-10-31,13:30,US Core PCE Price Index MoM,high,USD,inflation,synthetic_calendar,,,,,,
2006-11-01,13:15,US ADP Non-Farm Employment Change,medium,USD,labor,synthetic_calendar,,,,,,
2006-11-01,15:00,US ISM Manufacturing PMI,medium,USD,growth,synthetic_calendar,,,,,,
2006-11-03,13:30,US Non-Farm Payrolls (NFP),high,USD,labor,synthetic_calendar,,,,,,
2006-11-10,13:30,US Consumer Price Index (CPI) YoY,high,USD,inflation,synthetic_calendar,,,,,,
2006-11-13,13:30,US Producer Price Index (PPI) YoY,medium,USD,inflation,synthetic_calendar,,,,,,
2006-11-15,13:30,US Retail Sales MoM,medium,USD,consumption,synthetic_calendar,,,,,,
2006-11-15,18:00,FOMC Rate Decision,high,USD,rates,synthetic_calendar,,,,,,
2006-11-30,13:30,US Core PCE Price Index MoM,high,USD,inflation,synthetic_calendar,,,,,,
2006-12-01,13:30,US Non-Farm Payrolls (NFP),high,USD,labor,synthetic_calendar,,,,,,
2006-12-01,15:00,US ISM Manufacturing PMI,medium,USD,growth,synthetic_calendar,,,,,,
2006-12-06,13:15,US ADP Non-Farm Employment Change,medium,USD,labor,synthetic_calendar,,,,,,
2006-12-11,13:30,US Consumer Price Index (CPI) YoY,high,USD,inflation,synthetic_calendar,,,,,,
2006-12-13,13:30,US Producer Price Index (PPI) YoY,medium,USD,inflation,synthetic_calendar,,,,,,
2006-12-15,13:30,US Retail Sales MoM,medium,USD,consumption,synthetic_calendar,,,,,,
2006-12-20,18:00,FOMC Rate Decision,high,USD,rates,synthetic_calendar,,,,,,
2006-12-29,13:30,US Core PCE Price Index MoM,high,USD,inflation,synthetic_calendar,,,,,,
2007-01-01,15:00,US ISM Manufacturing PMI,medium,USD,growth,synthetic_calendar,,,,,,
2007-01-03,13:15,US ADP Non-Farm Employment Change,medium,USD,labor,synthetic_calendar,,,,,,
2007-01-05,13:30,US Non-Farm Payrolls (NFP),high,USD,labor,synthetic_calendar,,,,,,
2007-01-10,13:30,US Consumer Price Index (CPI) YoY,high,USD,inflation,synthetic_calendar,,,,,,
2007-01-15,13:30,US Producer Price Index (PPI) YoY,medium,USD,inflation,synthetic_calendar,,,,,,
2007-01-15,13:30,US Retail Sales MoM,medium,USD,consumption,synthetic_calendar,,,,,,
2007-01-17,18:00,FOMC Rate Decision,high,USD,rates,synthetic_calendar,,,,,,
2007-01-26,13:30,US GDP Annualized QoQ,high,USD,growth,synthetic_calendar,,,,,,
2007-01-31,13:30,US Core PCE Price Index MoM,high,USD,inflation,synthetic_calendar,,,,,,
2007-02-01,15:00,US ISM Manufacturing PMI,medium,USD,growth,synthetic_calendar,,,,,,
2007-02-02,13:30,US Non-Farm Payrolls (NFP),high,USD,labor,synthetic_calendar,,,,,,
2007-02-07,13:15,US ADP Non-Farm Employment Change,medium,USD,labor,synthetic_calendar,,,,,,
2007-02-12,13:30,US Consumer Price Index (CPI) YoY,high,USD,inflation,synthetic_calendar,,,,,,
2007-02-13,13:30,US Producer Price Index (PPI) YoY,medium,USD,inflation,synthetic_calendar,,,,,,
2007-02-15,13:30,US Retail Sales MoM,medium,USD,consumption,synthetic_calendar,,,,,,
2007-02-28,13:30,US Core PCE Price Index MoM,high,USD,inflation,synthetic_calendar,,,,,,
2007-03-01,15:00,US ISM Manufacturing PMI,medium,USD,growth,synthetic_calendar,,,,,,
2007-03-02,13:30,US Non-Farm Payrolls (NFP),high,USD,labor,synthetic_calendar,,,,,,
2007-03-07,13:15,US ADP Non-Farm Employment Change,medium,USD,labor,synthetic_calendar,,,,,,
2007-03-12,13:30,US Consumer Price Index (CPI) YoY,high,USD,inflation,synthetic_calendar,,,,,,
2007-03-13,13:30,US Producer Price Index (PPI) YoY,medium,USD,inflation,synthetic_calendar,,,,,,
2007-03-15,13:30,US Retail Sales MoM,medium,USD,consumption,synthetic_calendar,,,,,,
2007-03-21,18:00,FOMC Rate Decision,high,USD,rates,synthetic_calendar,,,,,,
2007-03-30,13:30,US Core PCE Price Index MoM,high,USD,inflation,synthetic_calendar,,,,,,
2007-04-02,15:00,US ISM Manufacturing PMI,medium,USD,growth,synthetic_calendar,,,,,,
2007-04-04,13:15,US ADP Non-Farm Employment Change,medium,USD,labor,synthetic_calendar,,,,,,
2007-04-06,13:30,US Non-Farm Payrolls (NFP),high,USD,labor,synthetic_calendar,,,,,,
2007-04-10,13:30,US Consumer Price Index (CPI) YoY,high,USD,inflation,synthetic_calendar,,,,,,
2007-04-13,13:30,US Producer Price Index (PPI) YoY,medium,USD,inflation,synthetic_calendar,,,,,,
2007-04-16,13:30,US Retail Sales MoM,medium,USD,consumption,synthetic_calendar,,,,,,
2007-04-26,13:30,US GDP Annualized QoQ,high,USD,growth,synthetic_calendar,,,,,,
2007-04-30,13:30,US Core PCE Price Index MoM,high,USD,inflation,synthetic_calendar,,,,,,
2007-05-01,15:00,US ISM Manufacturing PMI,medium,USD,growth,synthetic_calendar,,,,,,
2007-05-02,13:15,US ADP Non-Farm Employment Change,medium,USD,labor,synthetic_calendar,,,,,,
2007-05-04,13:30,US Non-Farm Payrolls (NFP),high,USD,labor,synthetic_calendar,,,,,,
2007-05-10,13:30,US Consumer Price Index (CPI) YoY,high,USD,inflation,synthetic_calendar,,,,,,
2007-05-14,13:30,US Producer Price Index (PPI) YoY,medium,USD,inflation,synthetic_calendar,,,,,,
2007-05-15,13:30,US Retail Sales MoM,medium,USD,consumption,synthetic_calendar,,,,,,
2007-05-16,18:00,FOMC Rate Decision,high,USD,rates,synthetic_calendar,,,,,,
2007-05-31,13:30,US Core PCE Price Index MoM,high,USD,inflation,synthetic_calendar,,,,,,
2007-06-01,13:30,US Non-Farm Payrolls (NFP),high,USD,labor,synthetic_calendar,,,,,,
2007-06-01,15:00,US ISM Manufacturing PMI,medium,USD,growth,synthetic_calendar,,,,,,
2007-06-06,13:15,US ADP Non-Farm Employment Change,medium,USD,labor,synthetic_calendar,,,,,,
2007-06-11,13:30,US Consumer Price Index (CPI) YoY,high,USD,inflation,synthetic_calendar,,,,,,
2007-06-13,13:30,US Producer Price Index (PPI) YoY,medium,USD,inflation,synthetic_calendar,,,,,,
2007-06-15,13:30,US Retail Sales MoM,medium,USD,consumption,synthetic_calendar,,,,,,
2007-06-20,18:00,FOMC Rate Decision,high,USD,rates,synthetic_calendar,,,,,,
2007-06-29,13:30,US Core PCE Price Index MoM,high,USD,inflation,synthetic_calendar,,,,,,
2007-07-02,15:00,US ISM Manufacturing PMI,medium,USD,growth,synthetic_calendar,,,,,,
2007-07-04,13:15,US ADP Non-Farm Employment Change,medium,USD,labor,synthetic_calendar,,,,,,
2007-07-06,13:30,US Non-Farm Payrolls (NFP),high,USD,labor,synthetic_calendar,,,,,,
2007-07-10,13:30,US Consumer Price Index (CPI) YoY,high,USD,inflation,synthetic_calendar,,,,,,
2007-07-13,13:30,US Producer Price Index (PPI) YoY,medium,USD,inflation,synthetic_calendar,,,,,,
2007-07-16,13:30,US Retail Sales MoM,medium,USD,consumption,synthetic_calendar,,,,,,
2007-07-18,18:00,FOMC Rate Decision,high,USD,rates,synthetic_calendar,,,,,,
2007-07-26,13:30,US GDP Annualized QoQ,high,USD,growth,synthetic_calendar,,,,,,
2007-07-31,13:30,US Core PCE Price Index MoM,high,USD,inflation,synthetic_calendar,,,,,,
2007-08-01,13:15,US ADP Non-Farm Employment Change,medium,USD,labor,synthetic_calendar,,,,,,
2007-08-01,15:00,US ISM Manufacturing PMI,medium,USD,growth,synthetic_calendar,,,,,,
2007-08-03,13:30,US Non-Farm Payrolls (NFP),high,USD,labor,synthetic_calendar,,,,,,
2007-08-10,13:30,US Consumer Price Index (CPI) YoY,high,USD,inflation,synthetic_calendar,,,,,,
2007-08-13,13:30,US Producer Price Index (PPI) YoY,medium,USD,inflation,synthetic_calendar,,,,,,
2007-08-15,13:30,US Retail Sales MoM,medium,USD,consumption,synthetic_calendar,,,,,,
2007-08-31,13:30,US Core PCE Price Index MoM,high,USD,inflation,synthetic_calendar,,,,,,
2007-09-03,15:00,US ISM Manufacturing PMI,medium,USD,growth,synthetic_calendar,,,,,,
2007-09-05,13:15,US ADP Non-Farm Employment Change,medium,USD,labor,synthetic_calendar,,,,,,
2007-09-07,13:30,US Non-Farm Payrolls (NFP),high,USD,labor,synthetic_calendar,,,,,,
2007-09-10,13:30,US Consumer Price Index (CPI) YoY,high,USD,inflation,synthetic_calendar,,,,,,
2007-09-13,13:30,US Producer Price Index (PPI) YoY,medium,USD,inflation,synthetic_calendar,,,,,,
2007-09-17,13:30,US Retail Sales MoM,medium,USD,consumption,synthetic_calendar,,,,,,
2007-09-19,18:00,FOMC Rate Decision,high,USD,rates,synthetic_calendar,,,,,,
2007-09-28,13:30,US Core PCE Price Index MoM,high,USD,inflation,synthetic_calendar,,,,,,
2007-10-01,15:00,US ISM Manufacturing PMI,medium,USD,growth,synthetic_calendar,,,,,,
2007-10-03,13:15,US ADP Non-Farm Employment Change,medium,USD,labor,synthetic_calendar,,,,,,
2007-10-05,13:30,US Non-Farm Payrolls (NFP),high,USD,labor,synthetic_calendar,,,,,,
2007-10-10,13:30,US Consumer Price Index (CPI) YoY,high,USD,inflation,synthetic_calendar,,,,,,
2007-10-15,13:30,US Producer Price Index (PPI) YoY,medium,USD,inflation,synthetic_calendar,,,,,,
2007-10-15,13:30,US Retail Sales MoM,medium,USD,consumption,synthetic_calendar,,,,,,
2007-10-26,13:30,US GDP Annualized QoQ,high,USD,growth,synthetic_calendar,,,,,,
2007-10-31,13:30,US Core PCE Price Index MoM,high,USD,inflation,synthetic_calendar,,,,,,
2007-11-01,15:00,US ISM Manufacturing PMI,medium,USD,growth,synthetic_calendar,,,,,,
2007-11-02,13:30,US Non-Farm Payrolls (NFP),high,USD,labor,synthetic_calendar,,,,,,
2007-11-07,13:15,US ADP Non-Farm Employment Change,medium,USD,labor,synthetic_calendar,,,,,,
2007-11-12,13:30,US Consumer Price Index (CPI) YoY,high,USD,inflation,synthetic_calendar,,,,,,
2007-11-13,13:30,US Producer Price Index (PPI) YoY,medium,USD,inflation,synthetic_calendar,,,,,,
2007-11-15,13:30,US Retail Sales MoM,medium,USD,consumption,synthetic_calendar,,,,,,
2007-11-21,18:00,FOMC Rate Decision,high,USD,rates,synthetic_calendar,,,,,,
2007-11-30,13:30,US Core PCE Price Index MoM,high,USD,inflation,synthetic_calendar,,,,,,
2007-12-03,15:00,US ISM Manufacturing PMI,medium,USD,growth,synthetic_calendar,,,,,,
2007-12-05,13:15,US ADP Non-Farm Employment Change,medium,USD,labor,synthetic_calendar,,,,,,
2007-12-07,13:30,US Non-Farm Payrolls (NFP),high,USD,labor,synthetic_calendar,,,,,,
2007-12-10,13:30,US Consumer Price Index (CPI) YoY,high,USD,inflation,synthetic_calendar,,,,,,
2007-12-13,13:30,US Producer Price Index (PPI) YoY,medium,USD,inflation,synthetic_calendar,,,,,,
2007-12-17,13:30,US Retail Sales MoM,medium,USD,consumption,synthetic_calendar,,,,,,
2007-12-19,18:00,FOMC Rate Decision,high,USD,rates,synthetic_calendar,,,,,,
2007-12-31,13:30,US Core PCE Price Index MoM,high,USD,inflation,synthetic_calendar,,,,,,
2008-01-01,15:00,US ISM Manufacturing PMI,medium,USD,growth,synthetic_calendar,,,,,,
2008-01-02,13:15,US ADP Non-Farm Employment Change,medium,USD,labor,synthetic_calendar,,,,,,
2008-01-04,13:30,US Non-Farm Payrolls (NFP),high,USD,labor,synthetic_calendar,,,,,,
2008-01-10,13:30,US Consumer Price Index (CPI) YoY,high,USD,inflation,synthetic_calendar,,,,,,
2008-01-14,13:30,US Producer Price Index (PPI) YoY,medium,USD,inflation,synthetic_calendar,,,,,,
2008-01-15,13:30,US Retail Sales MoM,medium,USD,consumption,synthetic_calendar,,,,,,
2008-01-16,18:00,FOMC Rate Decision,high,USD,rates,synthetic_calendar,,,,,,
2008-01-28,13:30,US GDP Annualized QoQ,high,USD,growth,synthetic_calendar,,,,,,
2008-01-31,13:30,US Core PCE Price Index MoM,high,USD,inflation,synthetic_calendar,,,,,,
2008-02-01,13:30,US Non-Farm Payrolls (NFP),high,USD,labor,synthetic_calendar,,,,,,
2008-02-01,15:00,US ISM Manufacturing PMI,medium,USD,growth,synthetic_calendar,,,,,,
2008-02-06,13:15,US ADP Non-Farm Employment Change,medium,USD,labor,synthetic_calendar,,,,,,
2008-02-11,13:30,US Consumer Price Index (CPI) YoY,high,USD,inflation,synthetic_calendar,,,,,,
2008-02-13,13:30,US Producer Price Index (PPI) YoY,medium,USD,inflation,synthetic_calendar,,,,,,
2008-02-15,13:30,US Retail Sales MoM,medium,USD,consumption,synthetic_calendar,,,,,,
2008-02-29,13:30,US Core PCE Price Index MoM,high,USD,inflation,synthetic_calendar,,,,,,
2008-03-03,15:00,US ISM Manufacturing PMI,medium,USD,growth,synthetic_calendar,,,,,,
2008-03-05,13:15,US ADP Non-Farm Employment Change,medium,USD,labor,synthetic_calendar,,,,,,
2008-03-07,13:30,US Non-Farm Payrolls (NFP),high,USD,labor,synthetic_calendar,,,,,,
2008-03-10,13:30,US Consumer Price Index (CPI) YoY,high,USD,inflation,synthetic_calendar,,,,,,
2008-03-13,13:30,US Producer Price Index (PPI) YoY,medium,USD,inflation,synthetic_calendar,,,,,,
2008-03-17,13:30,US Retail Sales MoM,medium,USD,consumption,synthetic_calendar,,,,,,
2008-03-19,18:00,FOMC Rate Decision,high,USD,rates,synthetic_calendar,,,,,,
2008-03-31,13:30,US Core PCE Price Index MoM,high,USD,inflation,synthetic_calendar,,,,,,
2008-04-01,15:00,US ISM Manufacturing PMI,medium,USD,growth,synthetic_calendar,,,,,,
2008-04-02,13:15,US ADP Non-Farm Employment Change,medium,USD,labor,synthetic_calendar,,,,,,
2008-04-04,13:30,US Non-Farm Payrolls (NFP),high,USD,labor,synthetic_calendar,,,,,,
2008-04-10,13:30,US Consumer Price Index (CPI) YoY,high,USD,inflation,synthetic_calendar,,,,,,
2008-04-14,13:30,US Producer Price Index (PPI) YoY,medium,USD,inflation,synthetic_calendar,,,,,,
2008-04-15,13:30,US Retail Sales MoM,medium,USD,consumption,synthetic_calendar,,,,,,
2008-04-28,13:30,US GDP Annualized QoQ,high,USD,growth,synthetic_calendar,,,,,,
2008-04-30,13:30,US Core PCE Price Index MoM,high,USD,inflation,synthetic_calendar,,,,,,
2008-05-01,15:00,US ISM Manufacturing PMI,medium,USD,growth,synthetic_calendar,,,,,,
2008-05-02,13:30,US Non-Farm Payrolls (NFP),high,USD,labor,synthetic_calendar,,,,,,
2008-05-07,13:15,US ADP Non-Farm Employment Change,medium,USD,labor,synthetic_calendar,,,,,,
2008-05-12,13:30,US Consumer Price Index (CPI) YoY,high,USD,inflation,synthetic_calendar,,,,,,
2008-05-13,13:30,US Producer Price Index (PPI) YoY,medium,USD,inflation,synthetic_calendar,,,,,,
2008-05-15,13:30,US Retail Sales MoM,medium,USD,consumption,synthetic_calendar,,,,,,
2008-05-21,18:00,FOMC Rate Decision,high,USD,rates,synthetic_calendar,,,,,,
2008-05-30,13:30,US Core PCE Price Index MoM,high,USD,inflation,synthetic_calendar,,,,,,
2008-06-02,15:00,US ISM Manufacturing PMI,medium,USD,growth,synthetic_calendar,,,,,,
2008-06-04,13:15,US ADP Non-Farm Employment Change,medium,USD,labor,synthetic_calendar,,,,,,
2008-06-06,13:30,US Non-Farm Payrolls (NFP),high,USD,labor,synthetic_calendar,,,,,,
2008-06-10,13:30,US Consumer Price Index (CPI) YoY,high,USD,inflation,synthetic_calendar,,,,,,
2008-06-13,13:30,US Producer Price Index (PPI) YoY,medium,USD,inflation,synthetic_calendar,,,,,,
2008-06-16,13:30,US Retail Sales MoM,medium,USD,consumption,synthetic_calendar,,,,,,
2008-06-18,18:00,FOMC Rate Decision,high,USD,rates,synthetic_calendar,,,,,,
2008-06-30,13:30,US Core PCE Price Index MoM,high,USD,inflation,synthetic_calendar,,,,,,
2008-07-01,15:00,US ISM Manufacturing PMI,medium,USD,growth,synthetic_calendar,,,,,,
2008-07-02,13:15,US ADP Non-Farm Employment Change,medium,USD,labor,synthetic_calendar,,,,,,
2008-07-04,13:30,US Non-Farm Payrolls (NFP),high,USD,labor,synthetic_calendar,,,,,,
2008-07-10,13:30,US Consumer Price Index (CPI) YoY,high,USD,inflation,synthetic_calendar,,,,,,
2008-07-14,13:30,US Producer Price Index (PPI) YoY,medium,USD,inflation,synthetic_calendar,,,,,,
2008-07-15,13:30,US Retail Sales MoM,medium,USD,consumption,synthetic_calendar,,,,,,
2008-07-16,18:00,FOMC Rate Decision,high,USD,rates,synthetic_calendar,,,,,,
2008-07-28,13:30,US GDP Annualized QoQ,high,USD,growth,synthetic_calendar,,,,,,
2008-07-31,13:30,US Core PCE Price Index MoM,high,USD,inflation,synthetic_calendar,,,,,,
2008-08-01,13:30,US Non-Farm Payrolls (NFP),high,USD,labor,synthetic_calendar,,,,,,
2008-08-01,15:00,US ISM Manufacturing PMI,medium,USD,growth,synthetic_calendar,,,,,,
2008-08-06,13:15,US ADP Non-Farm Employment Change,medium,USD,labor,synthetic_calendar,,,,,,
2008-08-11,13:30,US Consumer Price Index (CPI) YoY,high,USD,inflation,synthetic_calendar,,,,,,
2008-08-13,13:30,US Producer Price Index (PPI) YoY,medium,USD,inflation,synthetic_calendar,,,,,,
2008-08-15,13:30,US Retail Sales MoM,medium,USD,consumption,synthetic_calendar,,,,,,
2008-08-29,13:30,US Core PCE Price Index MoM,high,USD,inflation,synthetic_calendar,,,,,,
2008-09-01,15:00,US ISM Manufacturing PMI,medium,USD,growth,synthetic_calendar,,,,,,
2008-09-03,13:15,US ADP Non-Farm Employment Change,medium,USD,labor,synthetic_calendar,,,,,,
2008-09-05,13:30,US Non-Farm Payrolls (NFP),high,USD,labor,synthetic_calendar,,,,,,
2008-09-10,13:30,US Consumer Price Index (CPI) YoY,high,USD,inflation,synthetic_calendar,,,,,,
2008-09-15,13:30,US Producer Price Index (PPI) YoY,medium,USD,inflation,synthetic_calendar,,,,,,
2008-09-15,13:30,US Retail Sales MoM,medium,USD,consumption,synthetic_calendar,,,,,,
2008-09-17,18:00,FOMC Rate Decision,high,USD,rates,synthetic_calendar,,,,,,
2008-09-30,13:30,US Core PCE Price Index MoM,high,USD,inflation,synthetic_calendar,,,,,,
2008-10-01,13:15,US ADP Non-Farm Employment Change,medium,USD,labor,synthetic_calendar,,,,,,
2008-10-01,15:00,US ISM Manufacturing PMI,medium,USD,growth,synthetic_calendar,,,,,,
2008-10-03,13:30,US Non-Farm Payrolls (NFP),high,USD,labor,synthetic_calendar,,,,,,
2008-10-10,13:30,US Consumer Price Index (CPI) YoY,high,USD,inflation,synthetic_calendar,,,,,,
2008-10-13,13:30,US Producer Price Index (PPI) YoY,medium,USD,inflation,synthetic_calendar,,,,,,
2008-10-15,13:30,US Retail Sales MoM,medium,USD,consumption,synthetic_calendar,,,,,,
2008-10-27,13:30,US GDP Annualized QoQ,high,USD,growth,synthetic_calendar,,,,,,
2008-10-31,13:30,US Core PCE Price Index MoM,high,USD,inflation,synthetic_calendar,,,,,,
2008-11-03,15:00,US ISM Manufacturing PMI,medium,USD,growth,synthetic_calendar,,,,,,
2008-11-05,13:15,US ADP Non-Farm Employment Change,medium,USD,labor,synthetic_calendar,,,,,,
2008-11-07,13:30,US Non-Farm Payrolls (NFP),high,USD,labor,synthetic_calendar,,,,,,
2008-11-10,13:30,US Consumer Price Index (CPI) YoY,high,USD,inflation,synthetic_calendar,,,,,,
2008-11-13,13:30,US Producer Price Index (PPI) YoY,medium,USD,inflation,synthetic_calendar,,,,,,
2008-11-17,13:30,US Retail Sales MoM,medium,USD,consumption,synthetic_calendar,,,,,,
2008-11-19,18:00,FOMC Rate Decision,high,USD,rates,synthetic_calendar,,,,,,
2008-11-28,13:30,US Core PCE Price Index MoM,high,USD,inflation,synthetic_calendar,,,,,,
2008-12-01,15:00,US ISM Manufacturing PMI,medium,USD,growth,synthetic_calendar,,,,,,
2008-12-03,13:15,US ADP Non-Farm Employment Change,medium,USD,labor,synthetic_calendar,,,,,,
2008-12-05,13:30,US Non-Farm Payrolls (NFP),high,USD,labor,synthetic_calendar,,,,,,
2008-12-10,13:30,US Consumer Price Index (CPI) YoY,high,USD,inflation,synthetic_calendar,,,,,,
2008-12-15,13:30,US Producer Price Index (PPI) YoY,medium,USD,inflation,synthetic_calendar,,,,,,
2008-12-15,13:30,US Retail Sales MoM,medium,USD,consumption,synthetic_calendar,,,,,,
2008-12-17,18:00,FOMC Rate Decision,high,USD,rates,synthetic_calendar,,,,,,
2008-12-31,13:30,US Core PCE Price Index MoM,high,USD,inflation,synthetic_calendar,,,,,,
2009-01-01,15:00,US ISM Manufacturing PMI,medium,USD,growth,synthetic_calendar,,,,,,
2009-01-02,13:30,US Non-Farm Payrolls (NFP),high,USD,labor,synthetic_calendar,,,,,,
2009-01-07,13:15,US ADP Non-Farm Employment Change,medium,USD,labor,synthetic_calendar,,,,,,
2009-01-12,13:30,US Consumer Price Index (CPI) YoY,high,USD,inflation,synthetic_calendar,,,,,,
2009-01-13,13:30,US Producer Price Index (PPI) YoY,medium,USD,inflation,synthetic_calendar,,,,,,
2009-01-15,13:30,US Retail Sales MoM,medium,USD,consumption,synthetic_calendar,,,,,,
2009-01-21,18:00,FOMC Rate Decision,high,USD,rates,synthetic_calendar,,,,,,
2009-01-26,13:30,US GDP Annualized QoQ,high,USD,growth,synthetic_calendar,,,,,,
2009-01-30,13:30,US Core PCE Price Index MoM,high,USD,inflation,synthetic_calendar,,,,,,
2009-02-02,15:00,US ISM Manufacturing PMI,medium,USD,growth,synthetic_calendar,,,,,,
2009-02-04,13:15,US ADP Non-Farm Employment Change,medium,USD,labor,synthetic_calendar,,,,,,
2009-02-06,13:30,US Non-Farm Payrolls (NFP),high,USD,labor,synthetic_calendar,,,,,,
2009-02-10,13:30,US Consumer Price Index (CPI) YoY,high,USD,inflation,synthetic_calendar,,,,,,
2009-02-13,13:30,US Producer Price Index (PPI) YoY,medium,USD,inflation,synthetic_calendar,,,,,,
2009-02-16,13:30,US Retail Sales MoM,medium,USD,consumption,synthetic_calendar,,,,,,
2009-02-27,13:30,US Core PCE Price Index MoM,high,USD,inflation,synthetic_calendar,,,,,,
2009-03-02,15:00,US ISM Manufacturing PMI,medium,USD,growth,synthetic_calendar,,,,,,
2009-03-04,13:15,US ADP Non-Farm Employment Change,medium,USD,labor,synthetic_calendar,,,,,,
2009-03-06,13:30,US Non-Farm Payrolls (NFP),high,USD,labor,synthetic_calendar,,,,,,
2009-03-10,13:30,US Consumer Price Index (CPI) YoY,high,USD,inflation,synthetic_calendar,,,,,,
2009-03-13,13:30,US Producer Price Index (PPI) YoY,medium,USD,inflation,synthetic_calendar,,,,,,
2009-03-16,13:30,US Retail Sales MoM,medium,USD,consumption,synthetic_calendar,,,,,,
2009-03-18,18:00,FOMC Rate Decision,high,USD,rates,synthetic_calendar,,,,,,
2009-03-31,13:30,US Core PCE Price Index MoM,high,USD,inflation,synthetic_calendar,,,,,,
2009-04-01,13:15,US ADP Non-Farm Employment Change,medium,USD,labor,synthetic_calendar,,,,,,
2009-04-01,15:00,US ISM Manufacturing PMI,medium,USD,growth,synthetic_calendar,,,,,,
2009-04-03,13:30,US Non-Farm Payrolls (NFP),high,USD,labor,synthetic_calendar,,,,,,
2009-04-10,13:30,US Consumer Price Index (CPI) YoY,high,USD,inflation,synthetic_calendar,,,,,,
2009-04-13,13:30,US Producer Price Index (PPI) YoY,medium,USD,inflation,synthetic_calendar,,,,,,
2009-04-15,13:30,US Retail Sales MoM,medium,USD,consumption,synthetic_calendar,,,,,,
2009-04-27,13:30,US GDP Annualized QoQ,high,USD,growth,synthetic_calendar,,,,,,
2009-04-30,13:30,US Core PCE Price Index MoM,high,USD,inflation,synthetic_calendar,,,,,,
2009-05-01,13:30,US Non-Farm Payrolls (NFP),high,USD,labor,synthetic_calendar,,,,,,
2009-05-01,15:00,US ISM Manufacturing PMI,medium,USD,growth,synthetic_calendar,,,,,,
2009-05-06,13:15,US ADP Non-Farm Employment Change,medium,USD,labor,synthetic_calendar,,,,,,
2009-05-11,13:30,US Consumer Price Index (CPI) YoY,high,USD,inflation,synthetic_calendar,,,,,,
2009-05-13,13:30,US Producer Price Index (PPI) YoY,medium,USD,inflation,synthetic_calendar,,,,,,
2009-05-15,13:30,US Retail Sales MoM,medium,USD,consumption,synthetic_calendar,,,,,,
2009-05-20,18:00,FOMC Rate Decision,high,USD,rates,synthetic_calendar,,,,,,
2009-05-29,13:30,US Core PCE Price Index MoM,high,USD,inflation,synthetic_calendar,,,,,,
2009-06-01,15:00,US ISM Manufacturing PMI,medium,USD,growth,synthetic_calendar,,,,,,
2009-06-03,13:15,US ADP Non-Farm Employment Change,medium,USD,labor,synthetic_calendar,,,,,,
2009-06-05,13:30,US Non-Farm Payrolls (NFP),high,USD,labor,synthetic_calendar,,,,,,
2009-06-10,13:30,US Consumer Price Index (CPI) YoY,high,USD,inflation,synthetic_calendar,,,,,,
2009-06-15,13:30,US Producer Price Index (PPI) YoY,medium,USD,inflation,synthetic_calendar,,,,,,
2009-06-15,13:30,US Retail Sales MoM,medium,USD,consumption,synthetic_calendar,,,,,,
2009-06-17,18:00,FOMC Rate Decision,high,USD,rates,synthetic_calendar,,,,,,
2009-06-30,13:30,US Core PCE Price Index MoM,high,USD,inflation,synthetic_calendar,,,,,,
2009-07-01,13:15,US ADP Non-Farm Employment Change,medium,USD,labor,synthetic_calendar,,,,,,
2009-07-01,15:00,US ISM Manufacturing PMI,medium,USD,growth,synthetic_calendar,,,,,,
2009-07-03,13:30,US Non-Farm Payrolls (NFP),high,USD,labor,synthetic_calendar,,,,,,
2009-07-10,13:30,US Consumer Price Index (CPI) YoY,high,USD,inflation,synthetic_calendar,,,,,,
2009-07-13,13:30,US Producer Price Index (PPI) YoY,medium,USD,inflation,synthetic_calendar,,,,,,
2009-07-15,13:30,US Retail Sales MoM,medium,USD,consumption,synthetic_calendar,,,,,,
2009-07-15,18:00,FOMC Rate Decision,high,USD,rates,synthetic_calendar,,,,,,
2009-07-27,13:30,US GDP Annualized QoQ,high,USD,growth,synthetic_calendar,,,,,,
2009-07-31,13:30,US Core PCE Price Index MoM,high,USD,inflation,synthetic_calendar,,,,,,
2009-08-03,15:00,US ISM Manufacturing PMI,medium,USD,growth,synthetic_calendar,,,,,,
2009-08-05,13:15,US ADP Non-Farm Employment Change,medium,USD,labor,synthetic_calendar,,,,,,
2009-08-07,13:30,US Non-Farm Payrolls (NFP),high,USD,labor,synthetic_calendar,,,,,,
2009-08-10,13:30,US Consumer Price Index (CPI) YoY,high,USD,inflation,synthetic_calendar,,,,,,
2009-08-13,13:30,US Producer Price Index (PPI) YoY,medium,USD,inflation,synthetic_calendar,,,,,,
2009-08-17,13:30,US Retail Sales MoM,medium,USD,consumption,synthetic_calendar,,,,,,
2009-08-31,13:30,US Core PCE Price Index MoM,high,USD,inflation,synthetic_calendar,,,,,,
2009-09-01,15:00,US ISM Manufacturing PMI,medium,USD,growth,synthetic_calendar,,,,,,
2009-09-02,13:15,US ADP Non-Farm Employment Change,medium,USD,labor,synthetic_calendar,,,,,,
2009-09-04,13:30,US Non-Farm Payrolls (NFP),high,USD,labor,synthetic_calendar,,,,,,
2009-09-10,13:30,US Consumer Price Index (CPI) YoY,high,USD,inflation,synthetic_calendar,,,,,,
2009-09-14,13:30,US Producer Price Index (PPI) YoY,medium,USD,inflation,synthetic_calendar,,,,,,
2009-09-15,13:30,US Retail Sales MoM,medium,USD,consumption,synthetic_calendar,,,,,,
2009-09-16,18:00,FOMC Rate Decision,high,USD,rates,synthetic_calendar,,,,,,
2009-09-30,13:30,US Core PCE Price Index MoM,high,USD,inflation,synthetic_calendar,,,,,,
2009-10-01,15:00,US ISM Manufacturing PMI,medium,USD,growth,synthetic_calendar,,,,,,
2009-10-02,13:30,US Non-Farm Payrolls (NFP),high,USD,labor,synthetic_calendar,,,,,,
2009-10-07,13:15,US ADP Non-Farm Employment Change,medium,USD,labor,synthetic_calendar,,,,,,
2009-10-12,13:30,US Consumer Price Index (CPI) YoY,high,USD,inflation,synthetic_calendar,,,,,,
2009-10-13,13:30,US Producer Price Index (PPI) YoY,medium,USD,inflation,synthetic_calendar,,,,,,
2009-10-15,13:30,US Retail Sales MoM,medium,USD,consumption,synthetic_calendar,,,,,,
2009-10-26,13:30,US GDP Annualized QoQ,high,USD,growth,synthetic_calendar,,,,,,
2009-10-30,13:30,US Core PCE Price Index MoM,high,USD,inflation,synthetic_calendar,,,,,,
2009-11-02,15:00,US ISM Manufacturing PMI,medium,USD,growth,synthetic_calendar,,,,,,
2009-11-04,13:15,US ADP Non-Farm Employment Change,medium,USD,labor,synthetic_calendar,,,,,,
2009-11-06,13:30,US Non-Farm Payrolls (NFP),high,USD,labor,synthetic_calendar,,,,,,
2009-11-10,13:30,US Consumer Price Index (CPI) YoY,high,USD,inflation,synthetic_calendar,,,,,,
2009-11-13,13:30,US Producer Price Index (PPI) YoY,medium,USD,inflation,synthetic_calendar,,,,,,
2009-11-16,13:30,US Retail Sales MoM,medium,USD,consumption,synthetic_calendar,,,,,,
2009-11-18,18:00,FOMC Rate Decision,high,USD,rates,synthetic_calendar,,,,,,
2009-11-30,13:30,US Core PCE Price Index MoM,high,USD,inflation,synthetic_calendar,,,,,,
2009-12-01,15:00,US ISM Manufacturing PMI,medium,USD,growth,synthetic_calendar,,,,,,
2009-12-02,13:15,US ADP Non-Farm Employment Change,medium,USD,labor,synthetic_calendar,,,,,,
2009-12-04,13:30,US Non-Farm Payrolls (NFP),high,USD,labor,synthetic_calendar,,,,,,
2009-12-10,13:30,US Consumer Price Index (CPI) YoY,high,USD,inflation,synthetic_calendar,,,,,,
2009-12-14,13:30,US Producer Price Index (PPI) YoY,medium,USD,inflation,synthetic_calendar,,,,,,
2009-12-15,13:30,US Retail Sales MoM,medium,USD,consumption,synthetic_calendar,,,,,,
2009-12-16,18:00,FOMC Rate Decision,high,USD,rates,synthetic_calendar,,,,,,
2009-12-31,13:30,US Core PCE Price Index MoM,high,USD,inflation,synthetic_calendar,,,,,,
2010-01-01,13:30,US Non-Farm Payrolls (NFP),high,USD,labor,synthetic_calendar,,,,,,
2010-01-01,15:00,US ISM Manufacturing PMI,medium,USD,growth,synthetic_calendar,,,,,,
2010-01-06,13:15,US ADP Non-Farm Employment Change,medium,USD,labor,synthetic_calendar,,,,,,
2010-01-11,13:30,US Consumer Price Index (CPI) YoY,high,USD,inflation,synthetic_calendar,,,,,,
2010-01-13,13:30,US Producer Price Index (PPI) YoY,medium,USD,inflation,synthetic_calendar,,,,,,
2010-01-15,13:30,US Retail Sales MoM,medium,USD,consumption,synthetic_calendar,,,,,,
2010-01-20,18:00,FOMC Rate Decision,high,USD,rates,synthetic_calendar,,,,,,
2010-01-26,13:30,US GDP Annualized QoQ,high,USD,growth,synthetic_calendar,,,,,,
2010-01-29,13:30,US Core PCE Price Index MoM,high,USD,inflation,synthetic_calendar,,,,,,
2010-02-01,15:00,US ISM Manufacturing PMI,medium,USD,growth,synthetic_calendar,,,,,,
2010-02-03,13:15,US ADP Non-Farm Employment Change,medium,USD,labor,synthetic_calendar,,,,,,
2010-02-05,13:30,US Non-Farm Payrolls (NFP),high,USD,labor,synthetic_calendar,,,,,,
2010-02-10,13:30,US Consumer Price Index (CPI) YoY,high,USD,inflation,synthetic_calendar,,,,,,
2010-02-15,13:30,US Producer Price Index (PPI) YoY,medium,USD,inflation,synthetic_calendar,,,,,,
2010-02-15,13:30,US Retail Sales MoM,medium,USD,consumption,synthetic_calendar,,,,,,
2010-02-26,13:30,US Core PCE Price Index MoM,high,USD,inflation,synthetic_calendar,,,,,,
2010-03-01,15:00,US ISM Manufacturing PMI,medium,USD,growth,synthetic_calendar,,,,,,
2010-03-03,13:15,US ADP Non-Farm Employment Change,medium,USD,labor,synthetic_calendar,,,,,,
2010-03-05,13:30,US Non-Farm Payrolls (NFP),high,USD,labor,synthetic_calendar,,,,,,
2010-03-10,13:30,US Consumer Price Index (CPI) YoY,high,USD,inflation,synthetic_calendar,,,,,,
2010-03-15,13:30,US Producer Price Index (PPI) YoY,medium,USD,inflation,synthetic_calendar,,,,,,
2010-03-15,13:30,US Retail Sales MoM,medium,USD,consumption,synthetic_calendar,,,,,,
2010-03-17,18:00,FOMC Rate Decision,high,USD,rates,synthetic_calendar,,,,,,
2010-03-31,13:30,US Core PCE Price Index MoM,high,USD,inflation,synthetic_calendar,,,,,,
2010-04-01,15:00,US ISM Manufacturing PMI,medium,USD,growth,synthetic_calendar,,,,,,
2010-04-02,13:30,US Non-Farm Payrolls (NFP),high,USD,labor,synthetic_calendar,,,,,,
2010-04-07,13:15,US ADP Non-Farm Employment Change,medium,USD,labor,synthetic_calendar,,,,,,
2010-04-12,13:30,US Consumer Price Index (CPI) YoY,high,USD,inflation,synthetic_calendar,,,,,,
2010-04-13,13:30,US Producer Price Index (PPI) YoY,medium,USD,inflation,synthetic_calendar,,,,,,
2010-04-15,13:30,US Retail Sales MoM,medium,USD,consumption,synthetic_calendar,,,,,,
2010-04-26,13:30,US GDP Annualized QoQ,high,USD,growth,synthetic_calendar,,,,,,
2010-04-30,13:30,US Core PCE Price Index MoM,high,USD,inflation,synthetic_calendar,,,,,,
2010-05-03,15:00,US ISM Manufacturing PMI,medium,USD,growth,synthetic_calendar,,,,,,
2010-05-05,13:15,US ADP Non-Farm Employment Change,medium,USD,labor,synthetic_calendar,,,,,,
2010-05-07,13:30,US Non-Farm Payrolls (NFP),high,USD,labor,synthetic_calendar,,,,,,
2010-05-10,13:30,US Consumer Price Index (CPI) YoY,high,USD,inflation,synthetic_calendar,,,,,,
2010-05-13,13:30,US Producer Price Index (PPI) YoY,medium,USD,inflation,synthetic_calendar,,,,,,
2010-05-17,13:30,US Retail Sales MoM,medium,USD,consumption,synthetic_calendar,,,,,,
2010-05-19,18:00,FOMC Rate Decision,high,USD,rates,synthetic_calendar,,,,,,
2010-05-31,13:30,US Core PCE Price Index MoM,high,USD,inflation,synthetic_calendar,,,,,,
2010-06-01,15:00,US ISM Manufacturing PMI,medium,USD,growth,synthetic_calendar,,,,,,
2010-06-02,13:15,US ADP Non-Farm Employment Change,medium,USD,labor,synthetic_calendar,,,,,,
2010-06-04,13:30,US Non-Farm Payrolls (NFP),high,USD,labor,synthetic_calendar,,,,,,
2010-06-10,13:30,US Consumer Price Index (CPI) YoY,high,USD,inflation,synthetic_calendar,,,,,,
2010-06-14,13:30,US Producer Price Index (PPI) YoY,medium,USD,inflation,synthetic_calendar,,,,,,
2010-06-15,13:30,US Retail Sales MoM,medium,USD,consumption,synthetic_calendar,,,,,,
2010-06-16,18:00,FOMC Rate Decision,high,USD,rates,synthetic_calendar,,,,,,
2010-06-30,13:30,US Core PCE Price Index MoM,high,USD,inflation,synthetic_calendar,,,,,,
2010-07-01,15:00,US ISM Manufacturing PMI,medium,USD,growth,synthetic_calendar,,,,,,
2010-07-02,13:30,US Non-Farm Payrolls (NFP),high,USD,labor,synthetic_calendar,,,,,,
2010-07-07,13:15,US ADP Non-Farm Employment Change,medium,USD,labor,synthetic_calendar,,,,,,
2010-07-12,13:30,US Consumer Price Index (CPI) YoY,high,USD,inflation,synthetic_calendar,,,,,,
2010-07-13,13:30,US Producer Price Index (PPI) YoY,medium,USD,inflation,synthetic_calendar,,,,,,
2010-07-15,13:30,US Retail Sales MoM,medium,USD,consumption,synthetic_calendar,,,,,,
2010-07-21,18:00,FOMC Rate Decision,high,USD,rates,synthetic_calendar,,,,,,
2010-07-26,13:30,US GDP Annualized QoQ,high,USD,growth,synthetic_calendar,,,,,,
2010-07-30,13:30,US Core PCE Price Index MoM,high,USD,inflation,synthetic_calendar,,,,,,
2010-08-02,15:00,US ISM Manufacturing PMI,medium,USD,growth,synthetic_calendar,,,,,,
2010-08-04,13:15,US ADP Non-Farm Employment Change,medium,USD,labor,synthetic_calendar,,,,,,
2010-08-06,13:30,US Non-Farm Payrolls (NFP),high,USD,labor,synthetic_calendar,,,,,,
2010-08-10,13:30,US Consumer Price Index (CPI) YoY,high,USD,inflation,synthetic_calendar,,,,,,
2010-08-13,13:30,US Producer Price Index (PPI) YoY,medium,USD,inflation,synthetic_calendar,,,,,,
2010-08-16,13:30,US Retail Sales MoM,medium,USD,consumption,synthetic_calendar,,,,,,
2010-08-31,13:30,US Core PCE Price Index MoM,high,USD,inflation,synthetic_calendar,,,,,,
2010-09-01,13:15,US ADP Non-Farm Employment Change,medium,USD,labor,synthetic_calendar,,,,,,
2010-09-01,15:00,US ISM Manufacturing PMI,medium,USD,growth,synthetic_calendar,,,,,,
2010-09-03,13:30,US Non-Farm Payrolls (NFP),high,USD,labor,synthetic_calendar,,,,,,
2010-09-10,13:30,US Consumer Price Index (CPI) YoY,high,USD,inflation,synthetic_calendar,,,,,,
2010-09-13,13:30,US Producer Price Index (PPI) YoY,medium,USD,inflation,synthetic_calendar,,,,,,
2010-09-15,13:30,US Retail Sales MoM,medium,USD,consumption,synthetic_calendar,,,,,,
2010-09-15,18:00,FOMC Rate Decision,high,USD,rates,synthetic_calendar,,,,,,
2010-09-30,13:30,US Core PCE Price Index MoM,high,USD,inflation,synthetic_calendar,,,,,,
2010-10-01,13:30,US Non-Farm Payrolls (NFP),high,USD,labor,synthetic_calendar,,,,,,
2010-10-01,15:00,US ISM Manufacturing PMI,medium,USD,growth,synthetic_calendar,,,,,,
2010-10-06,13:15,US ADP Non-Farm Employment Change,medium,USD,labor,synthetic_calendar,,,,,,
2010-10-11,13:30,US Consumer Price Index (CPI) YoY,high,USD,inflation,synthetic_calendar,,,,,,
2010-10-13,13:30,US Producer Price Index (PPI) YoY,medium,USD,inflation,synthetic_calendar,,,,,,
2010-10-15,13:30,US Retail Sales MoM,medium,USD,consumption,synthetic_calendar,,,,,,
2010-10-26,13:30,US GDP Annualized QoQ,high,USD,growth,synthetic_calendar,,,,,,
2010-10-29,13:30,US Core PCE Price Index MoM,high,USD,inflation,synthetic_calendar,,,,,,
2010-11-01,15:00,US ISM Manufacturing PMI,medium,USD,growth,synthetic_calendar,,,,,,
2010-11-03,13:15,US ADP Non-Farm Employment Change,medium,USD,labor,synthetic_calendar,,,,,,
2010-11-05,13:30,US Non-Farm Payrolls (NFP),high,USD,labor,synthetic_calendar,,,,,,
2010-11-10,13:30,US Consumer Price Index (CPI) YoY,high,USD,inflation,synthetic_calendar,,,,,,
2010-11-15,13:30,US Producer Price Index (PPI) YoY,medium,USD,inflation,synthetic_calendar,,,,,,
2010-11-15,13:30,US Retail Sales MoM,medium,USD,consumption,synthetic_calendar,,,,,,
2010-11-17,18:00,FOMC Rate Decision,high,USD,rates,synthetic_calendar,,,,,,
2010-11-30,13:30,US Core PCE Price Index MoM,high,USD,inflation,synthetic_calendar,,,,,,
2010-12-01,13:15,US ADP Non-Farm Employment Change,medium,USD,labor,synthetic_calendar,,,,,,
2010-12-01,15:00,US ISM Manufacturing PMI,medium,USD,growth,synthetic_calendar,,,,,,
2010-12-03,13:30,US Non-Farm Payrolls (NFP),high,USD,labor,synthetic_calendar,,,,,,
2010-12-10,13:30,US Consumer Price Index (CPI) YoY,high,USD,inflation,synthetic_calendar,,,,,,
2010-12-13,13:30,US Producer Price Index (PPI) YoY,medium,USD,inflation,synthetic_calendar,,,,,,
2010-12-15,13:30,US Retail Sales MoM,medium,USD,consumption,synthetic_calendar,,,,,,
2010-12-15,18:00,FOMC Rate Decision,high,USD,rates,synthetic_calendar,,,,,,
2010-12-31,13:30,US Core PCE Price Index MoM,high,USD,inflation,synthetic_calendar,,,,,,
2011-01-03,15:00,US ISM Manufacturing PMI,medium,USD,growth,synthetic_calendar,,,,,,
2011-01-05,13:15,US ADP Non-Farm Employment Change,medium,USD,labor,synthetic_calendar,,,,,,
2011-01-07,13:30,US Non-Farm Payrolls (NFP),high,USD,labor,synthetic_calendar,,,,,,
2011-01-10,13:30,US Consumer Price Index (CPI) YoY,high,USD,inflation,synthetic_calendar,,,,,,
2011-01-13,13:30,US Producer Price Index (PPI) YoY,medium,USD,inflation,synthetic_calendar,,,,,,
2011-01-17,13:30,US Retail Sales MoM,medium,USD,consumption,synthetic_calendar,,,,,,
2011-01-19,18:00,FOMC Rate Decision,high,USD,rates,synthetic_calendar,,,,,,
2011-01-26,13:30,US GDP Annualized QoQ,high,USD,growth,synthetic_calendar,,,,,,
2011-01-31,13:30,US Core PCE Price Index MoM,high,USD,inflation,synthetic_calendar,,,,,,
2011-02-01,15:00,US ISM Manufacturing PMI,medium,USD,growth,synthetic_calendar,,,,,,
2011-02-02,13:15,US ADP Non-Farm Employment Change,medium,USD,labor,synthetic_calendar,,,,,,
2011-02-04,13:30,US Non-Farm Payrolls (NFP),high,USD,labor,synthetic_calendar,,,,,,
2011-02-10,13:30,US Consumer Price Index (CPI) YoY,high,USD,inflation,synthetic_calendar,,,,,,
2011-02-14,13:30,US Producer Price Index (PPI) YoY,medium,USD,inflation,synthetic_calendar,,,,,,
2011-02-15,13:30,US Retail Sales MoM,medium,USD,consumption,synthetic_calendar,,,,,,
2011-02-28,13:30,US Core PCE Price Index MoM,high,USD,inflation,synthetic_calendar,,,,,,
2011-03-01,15:00,US ISM Manufacturing PMI,medium,USD,growth,synthetic_calendar,,,,,,
2011-03-02,13:15,US ADP Non-Farm Employment Change,medium,USD,labor,synthetic_calendar,,,,,,
2011-03-04,13:30,US Non-Farm Payrolls (NFP),high,USD,labor,synthetic_calendar,,,,,,
2011-03-10,13:30,US Consumer Price Index (CPI) YoY,high,USD,inflation,synthetic_calendar,,,,,,
2011-03-14,13:30,US Producer Price Index (PPI) YoY,medium,USD,inflation,synthetic_calendar,,,,,,
2011-03-15,13:30,US Retail Sales MoM,medium,USD,consumption,synthetic_calendar,,,,,,
2011-03-16,18:00,FOMC Rate Decision,high,USD,rates,synthetic_calendar,,,,,,
2011-03-31,13:30,US Core PCE Price Index MoM,high,USD,inflation,synthetic_calendar,,,,,,
2011-04-01,13:30,US Non-Farm Payrolls (NFP),high,USD,labor,synthetic_calendar,,,,,,
2011-04-01,15:00,US ISM Manufacturing PMI,medium,USD,growth,synthetic_calendar,,,,,,
2011-04-06,13:15,US ADP Non-Farm Employment Change,medium,USD,labor,synthetic_calendar,,,,,,
2011-04-11,13:30,US Consumer Price Index (CPI) YoY,high,USD,inflation,synthetic_calendar,,,,,,
2011-04-13,13:30,US Producer Price Index (PPI) YoY,medium,USD,inflation,synthetic_calendar,,,,,,
2011-04-15,13:30,US Retail Sales MoM,medium,USD,consumption,synthetic_calendar,,,,,,
2011-04-26,13:30,US GDP Annualized QoQ,high,USD,growth,synthetic_calendar,,,,,,
2011-04-29,13:30,US Core PCE Price Index MoM,high,USD,inflation,synthetic_calendar,,,,,,
2011-05-02,15:00,US ISM Manufacturing PMI,medium,USD,growth,synthetic_calendar,,,,,,
2011-05-04,13:15,US ADP Non-Farm Employment Change,medium,USD,labor,synthetic_calendar,,,,,,
2011-05-06,13:30,US Non-Farm Payrolls (NFP),high,USD,labor,synthetic_calendar,,,,,,
2011-05-10,13:30,US Consumer Price Index (CPI) YoY,high,USD,inflation,synthetic_calendar,,,,,,
2011-05-13,13:30,US Producer Price Index (PPI) YoY,medium,USD,inflation,synthetic_calendar,,,,,,
2011-05-16,13:30,US Retail Sales MoM,medium,USD,consumption,synthetic_calendar,,,,,,
2011-05-18,18:00,FOMC Rate Decision,high,USD,rates,synthetic_calendar,,,,,,
2011-05-31,13:30,US Core PCE Price Index MoM,high,USD,inflation,synthetic_calendar,,,,,,
2011-06-01,13:15,US ADP Non-Farm Employment Change,medium,USD,labor,synthetic_calendar,,,,,,
2011-06-01,15:00,US ISM Manufacturing PMI,medium,USD,growth,synthetic_calendar,,,,,,
2011-06-03,13:30,US Non-Farm Payrolls (NFP),high,USD,labor,synthetic_calendar,,,,,,
2011-06-10,13:30,US Consumer Price Index (CPI) YoY,high,USD,inflation,synthetic_calendar,,,,,,
2011-06-13,13:30,US Producer Price Index (PPI) YoY,medium,USD,inflation,synthetic_calendar,,,,,,
2011-06-15,13:30,US Retail Sales MoM,medium,USD,consumption,synthetic_calendar,,,,,,
2011-06-15,18:00,FOMC Rate Decision,high,USD,rates,synthetic_calendar,,,,,,
2011-06-30,13:30,US Core PCE Price Index MoM,high,USD,inflation,synthetic_calendar,,,,,,
2011-07-01,13:30,US Non-Farm Payrolls (NFP),high,USD,labor,synthetic_calendar,,,,,,
2011-07-01,15:00,US ISM Manufacturing PMI,medium,USD,growth,synthetic_calendar,,,,,,
2011-07-06,13:15,US ADP Non-Farm Employment Change,medium,USD,labor,synthetic_calendar,,,,,,
2011-07-11,13:30,US Consumer Price Index (CPI) YoY,high,USD,inflation,synthetic_calendar,,,,,,
2011-07-13,13:30,US Producer Price Index (PPI) YoY,medium,USD,inflation,synthetic_calendar,,,,,,
2011-07-15,13:30,US Retail Sales MoM,medium,USD,consumption,synthetic_calendar,,,,,,
2011-07-20,18:00,FOMC Rate Decision,high,USD,rates,synthetic_calendar,,,,,,
2011-07-26,13:30,US GDP Annualized QoQ,high,USD,growth,synthetic_calendar,,,,,,
2011-07-29,13:30,US Core PCE Price Index MoM,high,USD,inflation,synthetic_calendar,,,,,,
2011-08-01,15:00,US ISM Manufacturing PMI,medium,USD,growth,synthetic_calendar,,,,,,
2011-08-03,13:15,US ADP Non-Farm Employment Change,medium,USD,labor,synthetic_calendar,,,,,,
2011-08-05,13:30,US Non-Farm Payrolls (NFP),high,USD,labor,synthetic_calendar,,,,,,
2011-08-10,13:30,US Consumer Price Index (CPI) YoY,high,USD,inflation,synthetic_calendar,,,,,,
2011-08-15,13:30,US Producer Price Index (PPI) YoY,medium,USD,inflation,synthetic_calendar,,,,,,
2011-08-15,13:30,US Retail Sales MoM,medium,USD,consumption,synthetic_calendar,,,,,,
2011-08-31,13:30,US Core PCE Price Index MoM,high,USD,inflation,synthetic_calendar,,,,,,
2011-09-01,15:00,US ISM Manufacturing PMI,medium,USD,growth,synthetic_calendar,,,,,,
2011-09-02,13:30,US Non-Farm Payrolls (NFP),high,USD,labor,synthetic_calendar,,,,,,
2011-09-07,13:15,US ADP Non-Farm Employment Change,medium,USD,labor,synthetic_calendar,,,,,,
2011-09-12,13:30,US Consumer Price Index (CPI) YoY,high,USD,inflation,synthetic_calendar,,,,,,
2011-09-13,13:30,US Producer Price Index (PPI) YoY,medium,USD,inflation,synthetic_calendar,,,,,,
2011-09-15,13:30,US Retail Sales MoM,medium,USD,consumption,synthetic_calendar,,,,,,
2011-09-21,18:00,FOMC Rate Decision,high,USD,rates,synthetic_calendar,,,,,,
2011-09-30,13:30,US Core PCE Price Index MoM,high,USD,inflation,synthetic_calendar,,,,,,
2011-10-03,15:00,US ISM Manufacturing PMI,medium,USD,growth,synthetic_calendar,,,,,,
2011-10-05,13:15,US ADP Non-Farm Employment Change,medium,USD,labor,synthetic_calendar,,,,,,
2011-10-07,13:30,US Non-Farm Payrolls (NFP),high,USD,labor,synthetic_calendar,,,,,,
2011-10-10,13:30,US Consumer Price Index (CPI) YoY,high,USD,inflation,synthetic_calendar,,,,,,
2011-10-13,13:30,US Producer Price Index (PPI) YoY,medium,USD,inflation,synthetic_calendar,,,,,,
2011-10-17,13:30,US Retail Sales MoM,medium,USD,consumption,synthetic_calendar,,,,,,
2011-10-26,13:30,US GDP Annualized QoQ,high,USD,growth,synthetic_calendar,,,,,,
2011-10-31,13:30,US Core PCE Price Index MoM,high,USD,inflation,synthetic_calendar,,,,,,
2011-11-01,15:00,US ISM Manufacturing PMI,medium,USD,growth,synthetic_calendar,,,,,,
2011-11-02,13:15,US ADP Non-Farm Employment Change,medium,USD,labor,synthetic_calendar,,,,,,
2011-11-04,13:30,US Non-Farm Payrolls (NFP),high,USD,labor,synthetic_calendar,,,,,,
2011-11-10,13:30,US Consumer Price Index (CPI) YoY,high,USD,inflation,synthetic_calendar,,,,,,
2011-11-14,13:30,US Producer Price Index (PPI) YoY,medium,USD,inflation,synthetic_calendar,,,,,,
2011-11-15,13:30,US Retail Sales MoM,medium,USD,consumption,synthetic_calendar,,,,,,
2011-11-16,18:00,FOMC Rate Decision,high,USD,rates,synthetic_calendar,,,,,,
2011-11-30,13:30,US Core PCE Price Index MoM,high,USD,inflation,synthetic_calendar,,,,,,
2011-12-01,15:00,US ISM Manufacturing PMI,medium,USD,growth,synthetic_calendar,,,,,,
2011-12-02,13:30,US Non-Farm Payrolls (NFP),high,USD,labor,synthetic_calendar,,,,,,
2011-12-07,13:15,US ADP Non-Farm Employment Change,medium,USD,labor,synthetic_calendar,,,,,,
2011-12-12,13:30,US Consumer Price Index (CPI) YoY,high,USD,inflation,synthetic_calendar,,,,,,
2011-12-13,13:30,US Producer Price Index (PPI) YoY,medium,USD,inflation,synthetic_calendar,,,,,,
2011-12-15,13:30,US Retail Sales MoM,medium,USD,consumption,synthetic_calendar,,,,,,
2011-12-21,18:00,FOMC Rate Decision,high,USD,rates,synthetic_calendar,,,,,,
2011-12-30,13:30,US Core PCE Price Index MoM,high,USD,inflation,synthetic_calendar,,,,,,
2012-01-02,15:00,US ISM Manufacturing PMI,medium,USD,growth,synthetic_calendar,,,,,,
2012-01-04,13:15,US ADP Non-Farm Employment Change,medium,USD,labor,synthetic_calendar,,,,,,
2012-01-06,13:30,US Non-Farm Payrolls (NFP),high,USD,labor,synthetic_calendar,,,,,,
2012-01-10,13:30,US Consumer Price Index (CPI) YoY,high,USD,inflation,synthetic_calendar,,,,,,
2012-01-13,13:30,US Producer Price Index (PPI) YoY,medium,USD,inflation,synthetic_calendar,,,,,,
2012-01-16,13:30,US Retail Sales MoM,medium,USD,consumption,synthetic_calendar,,,,,,
2012-01-18,18:00,FOMC Rate Decision,high,USD,rates,synthetic_calendar,,,,,,
2012-01-26,13:30,US GDP Annualized QoQ,high,USD,growth,synthetic_calendar,,,,,,
2012-01-31,13:30,US Core PCE Price Index MoM,high,USD,inflation,synthetic_calendar,,,,,,
2012-02-01,13:15,US ADP Non-Farm Employment Change,medium,USD,labor,synthetic_calendar,,,,,,
2012-02-01,15:00,US ISM Manufacturing PMI,medium,USD,growth,synthetic_calendar,,,,,,
2012-02-03,13:30,US Non-Farm Payrolls (NFP),high,USD,labor,synthetic_calendar,,,,,,
2012-02-10,13:30,US Consumer Price Index (CPI) YoY,high,USD,inflation,synthetic_calendar,,,,,,
2012-02-13,13:30,US Producer Price Index (PPI) YoY,medium,USD,inflation,synthetic_calendar,,,,,,
2012-02-15,13:30,US Retail Sales MoM,medium,USD,consumption,synthetic_calendar,,,,,,
2012-02-29,13:30,US Core PCE Price Index MoM,high,USD,inflation,synthetic_calendar,,,,,,
2012-03-01,15:00,US ISM Manufacturing PMI,medium,USD,growth,synthetic_calendar,,,,,,
2012-03-02,13:30,US Non-Farm Payrolls (NFP),high,USD,labor,synthetic_calendar,,,,,,
2012-03-07,13:15,US ADP Non-Farm Employment Change,medium,USD,labor,synthetic_calendar,,,,,,
2012-03-12,13:30,US Consumer Price Index (CPI) YoY,high,USD,inflation,synthetic_calendar,,,,,,
2012-03-13,13:30,US Producer Price Index (PPI) YoY,medium,USD,inflation,synthetic_calendar,,,,,,
2012-03-15,13:30,US Retail Sales MoM,medium,USD,consumption,synthetic_calendar,,,,,,
2012-03-21,18:00,FOMC Rate Decision,high,USD,rates,synthetic_calendar,,,,,,
2012-03-30,13:30,US Core PCE Price Index MoM,high,USD,inflation,synthetic_calendar,,,,,,
2012-04-02,15:00,US ISM Manufacturing PMI,medium,USD,growth,synthetic_calendar,,,,,,
2012-04-04,13:15,US ADP Non-Farm Employment Change,medium,USD,labor,synthetic_calendar,,,,,,
2012-04-06,13:30,US Non-Farm Payrolls (NFP),high,USD,labor,synthetic_calendar,,,,,,
2012-04-10,13:30,US Consumer Price Index (CPI) YoY,high,USD,inflation,synthetic_calendar,,,,,,
2012-04-13,13:30,US Producer Price Index (PPI) YoY,medium,USD,inflation,synthetic_calendar,,,,,,
2012-04-16,13:30,US Retail Sales MoM,medium,USD,consumption,synthetic_calendar,,,,,,
2012-04-26,13:30,US GDP Annualized QoQ,high,USD,growth,synthetic_calendar,,,,,,
2012-04-30,13:30,US Core PCE Price Index MoM,high,USD,inflation,synthetic_calendar,,,,,,
2012-05-01,15:00,US ISM Manufacturing PMI,medium,USD,growth,synthetic_calendar,,,,,,
2012-05-02,13:15,US ADP Non-Farm Employment Change,medium,USD,labor,synthetic_calendar,,,,,,
2012-05-04,13:30,US Non-Farm Payrolls (NFP),high,USD,labor,synthetic_calendar,,,,,,
2012-05-10,13:30,US Consumer Price Index (CPI) YoY,high,USD,inflation,synthetic_calendar,,,,,,
2012-05-14,13:30,US Producer Price Index (PPI) YoY,medium,USD,inflation,synthetic_calendar,,,,,,
2012-05-15,13:30,US Retail Sales MoM,medium,USD,consumption,synthetic_calendar,,,,,,
2012-05-16,18:00,FOMC Rate Decision,high,USD,rates,synthetic_calendar,,,,,,
2012-05-31,13:30,US Core PCE Price Index MoM,high,USD,inflation,synthetic_calendar,,,,,,
2012-06-01,13:30,US Non-Farm Payrolls (NFP),high,USD,labor,synthetic_calendar,,,,,,
2012-06-01,15:00,US ISM Manufacturing PMI,medium,USD,growth,synthetic_calendar,,,,,,
2012-06-06,13:15,US ADP Non-Farm Employment Change,medium,USD,labor,synthetic_calendar,,,,,,
2012-06-11,13:30,US Consumer Price Index (CPI) YoY,high,USD,inflation,synthetic_calendar,,,,,,
2012-06-13,13:30,US Producer Price Index (PPI) YoY,medium,USD,inflation,synthetic_calendar,,,,,,
2012-06-15,13:30,US Retail Sales MoM,medium,USD,consumption,synthetic_calendar,,,,,,
2012-06-20,18:00,FOMC Rate Decision,high,USD,rates,synthetic_calendar,,,,,,
2012-06-29,13:30,US Core PCE Price Index MoM,high,USD,inflation,synthetic_calendar,,,,,,
2012-07-02,15:00,US ISM Manufacturing PMI,medium,USD,growth,synthetic_calendar,,,,,,
2012-07-04,13:15,US ADP Non-Farm Employment Change,medium,USD,labor,synthetic_calendar,,,,,,
2012-07-06,13:30,US Non-Farm Payrolls (NFP),high,USD,labor,synthetic_calendar,,,,,,
2012-07-10,13:30,US Consumer Price Index (CPI) YoY,high,USD,inflation,synthetic_calendar,,,,,,
2012-07-13,13:30,US Producer Price Index (PPI) YoY,medium,USD,inflation,synthetic_calendar,,,,,,
2012-07-16,13:30,US Retail Sales MoM,medium,USD,consumption,synthetic_calendar,,,,,,
2012-07-18,18:00,FOMC Rate Decision,high,USD,rates,synthetic_calendar,,,,,,
2012-07-26,13:30,US GDP Annualized QoQ,high,USD,growth,synthetic_calendar,,,,,,
2012-07-31,13:30,US Core PCE Price Index MoM,high,USD,inflation,synthetic_calendar,,,,,,
2012-08-01,13:15,US ADP Non-Farm Employment Change,medium,USD,labor,synthetic_calendar,,,,,,
2012-08-01,15:00,US ISM Manufacturing PMI,medium,USD,growth,synthetic_calendar,,,,,,
2012-08-03,13:30,US Non-Farm Payrolls (NFP),high,USD,labor,synthetic_calendar,,,,,,
2012-08-10,13:30,US Consumer Price Index (CPI) YoY,high,USD,inflation,synthetic_calendar,,,,,,
2012-08-13,13:30,US Producer Price Index (PPI) YoY,medium,USD,inflation,synthetic_calendar,,,,,,
2012-08-15,13:30,US Retail Sales MoM,medium,USD,consumption,synthetic_calendar,,,,,,
2012-08-31,13:30,US Core PCE Price Index MoM,high,USD,inflation,synthetic_calendar,,,,,,
2012-09-03,15:00,US ISM Manufacturing PMI,medium,USD,growth,synthetic_calendar,,,,,,
2012-09-05,13:15,US ADP Non-Farm Employment Change,medium,USD,labor,synthetic_calendar,,,,,,
2012-09-07,13:30,US Non-Farm Payrolls (NFP),high,USD,labor,synthetic_calendar,,,,,,
2012-09-10,13:30,US Consumer Price Index (CPI) YoY,high,USD,inflation,synthetic_calendar,,,,,,
2012-09-13,13:30,US Producer Price Index (PPI) YoY,medium,USD,inflation,synthetic_calendar,,,,,,
2012-09-17,13:30,US Retail Sales MoM,medium,USD,consumption,synthetic_calendar,,,,,,
2012-09-19,18:00,FOMC Rate Decision,high,USD,rates,synthetic_calendar,,,,,,
2012-09-28,13:30,US Core PCE Price Index MoM,high,USD,inflation,synthetic_calendar,,,,,,
2012-10-01,15:00,US ISM Manufacturing PMI,medium,USD,growth,synthetic_calendar,,,,,,
2012-10-03,13:15,US ADP Non-Farm Employment Change,medium,USD,labor,synthetic_calendar,,,,,,
2012-10-05,13:30,US Non-Farm Payrolls (NFP),high,USD,labor,synthetic_calendar,,,,,,
2012-10-10,13:30,US Consumer Price Index (CPI) YoY,high,USD,inflation,synthetic_calendar,,,,,,
2012-10-15,13:30,US Producer Price Index (PPI) YoY,medium,USD,inflation,synthetic_calendar,,,,,,
2012-10-15,13:30,US Retail Sales MoM,medium,USD,consumption,synthetic_calendar,,,,,,
2012-10-26,13:30,US GDP Annualized QoQ,high,USD,growth,synthetic_calendar,,,,,,
2012-10-31,13:30,US Core PCE Price Index MoM,high,USD,inflation,synthetic_calendar,,,,,,
2012-11-01,15:00,US ISM Manufacturing PMI,medium,USD,growth,synthetic_calendar,,,,,,
2012-11-02,13:30,US Non-Farm Payrolls (NFP),high,USD,labor,synthetic_calendar,,,,,,
2012-11-07,13:15,US ADP Non-Farm Employment Change,medium,USD,labor,synthetic_calendar,,,,,,
2012-11-12,13:30,US Consumer Price Index (CPI) YoY,high,USD,inflation,synthetic_calendar,,,,,,
2012-11-13,13:30,US Producer Price Index (PPI) YoY,medium,USD,inflation,synthetic_calendar,,,,,,
2012-11-15,13:30,US Retail Sales MoM,medium,USD,consumption,synthetic_calendar,,,,,,
2012-11-21,18:00,FOMC Rate Decision,high,USD,rates,synthetic_calendar,,,,,,
2012-11-30,13:30,US Core PCE Price Index MoM,high,USD,inflation,synthetic_calendar,,,,,,
2012-12-03,15:00,US ISM Manufacturing PMI,medium,USD,growth,synthetic_calendar,,,,,,
2012-12-05,13:15,US ADP Non-Farm Employment Change,medium,USD,labor,synthetic_calendar,,,,,,
2012-12-07,13:30,US Non-Farm Payrolls (NFP),high,USD,labor,synthetic_calendar,,,,,,
2012-12-10,13:30,US Consumer Price Index (CPI) YoY,high,USD,inflation,synthetic_calendar,,,,,,
2012-12-13,13:30,US Producer Price Index (PPI) YoY,medium,USD,inflation,synthetic_calendar,,,,,,
2012-12-17,13:30,US Retail Sales MoM,medium,USD,consumption,synthetic_calendar,,,,,,
2012-12-19,18:00,FOMC Rate Decision,high,USD,rates,synthetic_calendar,,,,,,
2012-12-31,13:30,US Core PCE Price Index MoM,high,USD,inflation,synthetic_calendar,,,,,,
2013-01-01,15:00,US ISM Manufacturing PMI,medium,USD,growth,synthetic_calendar,,,,,,
2013-01-02,13:15,US ADP Non-Farm Employment Change,medium,USD,labor,synthetic_calendar,,,,,,
2013-01-04,13:30,US Non-Farm Payrolls (NFP),high,USD,labor,synthetic_calendar,,,,,,
2013-01-10,13:30,US Consumer Price Index (CPI) YoY,high,USD,inflation,synthetic_calendar,,,,,,
2013-01-14,13:30,US Producer Price Index (PPI) YoY,medium,USD,inflation,synthetic_calendar,,,,,,
2013-01-15,13:30,US Retail Sales MoM,medium,USD,consumption,synthetic_calendar,,,,,,
2013-01-16,18:00,FOMC Rate Decision,high,USD,rates,synthetic_calendar,,,,,,
2013-01-28,13:30,US GDP Annualized QoQ,high,USD,growth,synthetic_calendar,,,,,,
2013-01-31,13:30,US Core PCE Price Index MoM,high,USD,inflation,synthetic_calendar,,,,,,
2013-02-01,13:30,US Non-Farm Payrolls (NFP),high,USD,labor,synthetic_calendar,,,,,,
2013-02-01,15:00,US ISM Manufacturing PMI,medium,USD,growth,synthetic_calendar,,,,,,
2013-02-06,13:15,US ADP Non-Farm Employment Change,medium,USD,labor,synthetic_calendar,,,,,,
2013-02-11,13:30,US Consumer Price Index (CPI) YoY,high,USD,inflation,synthetic_calendar,,,,,,
2013-02-13,13:30,US Producer Price Index (PPI) YoY,medium,USD,inflation,synthetic_calendar,,,,,,
2013-02-15,13:30,US Retail Sales MoM,medium,USD,consumption,synthetic_calendar,,,,,,
2013-02-28,13:30,US Core PCE Price Index MoM,high,USD,inflation,synthetic_calendar,,,,,,
2013-03-01,13:30,US Non-Farm Payrolls (NFP),high,USD,labor,synthetic_calendar,,,,,,
2013-03-01,15:00,US ISM Manufacturing PMI,medium,USD,growth,synthetic_calendar,,,,,,
2013-03-06,13:15,US ADP Non-Farm Employment Change,medium,USD,labor,synthetic_calendar,,,,,,
2013-03-11,13:30,US Consumer Price Index (CPI) YoY,high,USD,inflation,synthetic_calendar,,,,,,
2013-03-13,13:30,US Producer Price Index (PPI) YoY,medium,USD,inflation,synthetic_calendar,,,,,,
2013-03-15,13:30,US Retail Sales MoM,medium,USD,consumption,synthetic_calendar,,,,,,
2013-03-20,18:00,FOMC Rate Decision,high,USD,rates,synthetic_calendar,,,,,,
2013-03-29,13:30,US Core PCE Price Index MoM,high,USD,inflation,synthetic_calendar,,,,,,
2013-04-01,15:00,US ISM Manufacturing PMI,medium,USD,growth,synthetic_calendar,,,,,,
2013-04-03,13:15,US ADP Non-Farm Employment Change,medium,USD,labor,synthetic_calendar,,,,,,
2013-04-05,13:30,US Non-Farm Payrolls (NFP),high,USD,labor,synthetic_calendar,,,,,,
2013-04-10,13:30,US Consumer Price Index (CPI) YoY,high,USD,inflation,synthetic_calendar,,,,,,
2013-04-15,13:30,US Producer Price Index (PPI) YoY,medium,USD,inflation,synthetic_calendar,,,,,,
2013-04-15,13:30,US Retail Sales MoM,medium,USD,consumption,synthetic_calendar,,,,,,
2013-04-26,13:30,US GDP Annualized QoQ,high,USD,growth,synthetic_calendar,,,,,,
2013-04-30,13:30,US Core PCE Price Index MoM,high,USD,inflation,synthetic_calendar,,,,,,
2013-05-01,13:15,US ADP Non-Farm Employment Change,medium,USD,labor,synthetic_calendar,,,,,,
2013-05-01,15:00,US ISM Manufacturing PMI,medium,USD,growth,synthetic_calendar,,,,,,
2013-05-03,13:30,US Non-Farm Payrolls (NFP),high,USD,labor,synthetic_calendar,,,,,,
2013-05-10,13:30,US Consumer Price Index (CPI) YoY,high,USD,inflation,synthetic_calendar,,,,,,
2013-05-13,13:30,US Producer Price Index (PPI) YoY,medium,USD,inflation,synthetic_calendar,,,,,,
2013-05-15,13:30,US Retail Sales MoM,medium,USD,consumption,synthetic_calendar,,,,,,
2013-05-15,18:00,FOMC Rate Decision,high,USD,rates,synthetic_calendar,,,,,,
2013-05-31,13:30,US Core PCE Price Index MoM,high,USD,inflation,synthetic_calendar,,,,,,
2013-06-03,15:00,US ISM Manufacturing PMI,medium,USD,growth,synthetic_calendar,,,,,,
2013-06-05,13:15,US ADP Non-Farm Employment Change,medium,USD,labor,synthetic_calendar,,,,,,
2013-06-07,13:30,US Non-Farm Payrolls (NFP),high,USD,labor,synthetic_calendar,,,,,,
2013-06-10,13:30,US Consumer Price Index (CPI) YoY,high,USD,inflation,synthetic_calendar,,,,,,
2013-06-13,13:30,US Producer Price Index (PPI) YoY,medium,USD,inflation,synthetic_calendar,,,,,,
2013-06-17,13:30,US Retail Sales MoM,medium,USD,consumption,synthetic_calendar,,,,,,
2013-06-19,18:00,FOMC Rate Decision,high,USD,rates,synthetic_calendar,,,,,,
2013-06-28,13:30,US Core PCE Price Index MoM,high,USD,inflation,synthetic_calendar,,,,,,
2013-07-01,15:00,US ISM Manufacturing PMI,medium,USD,growth,synthetic_calendar,,,,,,
2013-07-03,13:15,US ADP Non-Farm Employment Change,medium,USD,labor,synthetic_calendar,,,,,,
2013-07-05,13:30,US Non-Farm Payrolls (NFP),high,USD,labor,synthetic_calendar,,,,,,
2013-07-10,13:30,US Consumer Price Index (CPI) YoY,high,USD,inflation,synthetic_calendar,,,,,,
2013-07-15,13:30,US Producer Price Index (PPI) YoY,medium,USD,inflation,synthetic_calendar,,,,,,
2013-07-15,13:30,US Retail Sales MoM,medium,USD,consumption,synthetic_calendar,,,,,,
2013-07-17,18:00,FOMC Rate Decision,high,USD,rates,synthetic_calendar,,,,,,
2013-07-26,13:30,US GDP Annualized QoQ,high,USD,growth,synthetic_calendar,,,,,,
2013-07-31,13:30,US Core PCE Price Index MoM,high,USD,inflation,synthetic_calendar,,,,,,
2013-08-01,15:00,US ISM Manufacturing PMI,medium,USD,growth,synthetic_calendar,,,,,,
2013-08-02,13:30,US Non-Farm Payrolls (NFP),high,USD,labor,synthetic_calendar,,,,,,
2013-08-07,13:15,US ADP Non-Farm Employment Change,medium,USD,labor,synthetic_calendar,,,,,,
2013-08-12,13:30,US Consumer Price Index (CPI) YoY,high,USD,inflation,synthetic_calendar,,,,,,
2013-08-13,13:30,US Producer Price Index (PPI) YoY,medium,USD,inflation,synthetic_calendar,,,,,,
2013-08-15,13:30,US Retail Sales MoM,medium,USD,consumption,synthetic_calendar,,,,,,
2013-08-30,13:30,US Core PCE Price Index MoM,high,USD,inflation,synthetic_calendar,,,,,,
2013-09-02,15:00,US ISM Manufacturing PMI,medium,USD,growth,synthetic_calendar,,,,,,
2013-09-04,13:15,US ADP Non-Farm Employment Change,medium,USD,labor,synthetic_calendar,,,,,,
2013-09-06,13:30,US Non-Farm Payrolls (NFP),high,USD,labor,synthetic_calendar,,,,,,
2013-09-10,13:30,US Consumer Price Index (CPI) YoY,high,USD,inflation,synthetic_calendar,,,,,,
2013-09-13,13:30,US Producer Price Index (PPI) YoY,medium,USD,inflation,synthetic_calendar,,,,,,
2013-09-16,13:30,US Retail Sales MoM,medium,USD,consumption,synthetic_calendar,,,,,,
2013-09-18,18:00,FOMC Rate Decision,high,USD,rates,synthetic_calendar,,,,,,
2013-09-30,13:30,US Core PCE Price Index MoM,high,USD,inflation,synthetic_calendar,,,,,,
2013-10-01,15:00,US ISM Manufacturing PMI,medium,USD,growth,synthetic_calendar,,,,,,
2013-10-02,13:15,US ADP Non-Farm Employment Change,medium,USD,labor,synthetic_calendar,,,,,,
2013-10-04,13:30,US Non-Farm Payrolls (NFP),high,USD,labor,synthetic_calendar,,,,,,
2013-10-10,13:30,US Consumer Price Index (CPI) YoY,high,USD,inflation,synthetic_calendar,,,,,,
2013-10-14,13:30,US Producer Price Index (PPI) YoY,medium,USD,inflation,synthetic_calendar,,,,,,
2013-10-15,13:30,US Retail Sales MoM,medium,USD,consumption,synthetic_calendar,,,,,,
2013-10-28,13:30,US GDP Annualized QoQ,high,USD,growth,synthetic_calendar,,,,,,
2013-10-31,13:30,US Core PCE Price Index MoM,high,USD,inflation,synthetic_calendar,,,,,,
2013-11-01,13:30,US Non-Farm Payrolls (NFP),high,USD,labor,synthetic_calendar,,,,,,
2013-11-01,15:00,US ISM Manufacturing PMI,medium,USD,growth,synthetic_calendar,,,,,,
2013-11-06,13:15,US ADP Non-Farm Employment Change,medium,USD,labor,synthetic_calendar,,,,,,
2013-11-11,13:30,US Consumer Price Index (CPI) YoY,high,USD,inflation,synthetic_calendar,,,,,,
2013-11-13,13:30,US Producer Price Index (PPI) YoY,medium,USD,inflation,synthetic_calendar,,,,,,
2013-11-15,13:30,US Retail Sales MoM,medium,USD,consumption,synthetic_calendar,,,,,,
2013-11-20,18:00,FOMC Rate Decision,high,USD,rates,synthetic_calendar,,,,,,
2013-11-29,13:30,US Core PCE Price Index MoM,high,USD,inflation,synthetic_calendar,,,,,,
2013-12-02,15:00,US ISM Manufacturing PMI,medium,USD,growth,synthetic_calendar,,,,,,
2013-12-04,13:15,US ADP Non-Farm Employment Change,medium,USD,labor,synthetic_calendar,,,,,,
2013-12-06,13:30,US Non-Farm Payrolls (NFP),high,USD,labor,synthetic_calendar,,,,,,
2013-12-10,13:30,US Consumer Price Index (CPI) YoY,high,USD,inflation,synthetic_calendar,,,,,,
2013-12-13,13:30,US Producer Price Index (PPI) YoY,medium,USD,inflation,synthetic_calendar,,,,,,
2013-12-16,13:30,US Retail Sales MoM,medium,USD,consumption,synthetic_calendar,,,,,,
2013-12-18,18:00,FOMC Rate Decision,high,USD,rates,synthetic_calendar,,,,,,
2013-12-31,13:30,US Core PCE Price Index MoM,high,USD,inflation,synthetic_calendar,,,,,,
2014-01-01,13:15,US ADP Non-Farm Employment Change,medium,USD,labor,synthetic_calendar,,,,,,
2014-01-01,15:00,US ISM Manufacturing PMI,medium,USD,growth,synthetic_calendar,,,,,,
2014-01-03,13:30,US Non-Farm Payrolls (NFP),high,USD,labor,synthetic_calendar,,,,,,
2014-01-10,13:30,US Consumer Price Index (CPI) YoY,high,USD,inflation,synthetic_calendar,,,,,,
2014-01-13,13:30,US Producer Price Index (PPI) YoY,medium,USD,inflation,synthetic_calendar,,,,,,
2014-01-15,13:30,US Retail Sales MoM,medium,USD,consumption,synthetic_calendar,,,,,,
2014-01-15,18:00,FOMC Rate Decision,high,USD,rates,synthetic_calendar,,,,,,
2014-01-27,13:30,US GDP Annualized QoQ,high,USD,growth,synthetic_calendar,,,,,,
2014-01-31,13:30,US Core PCE Price Index MoM,high,USD,inflation,synthetic_calendar,,,,,,
2014-02-03,15:00,US ISM Manufacturing PMI,medium,USD,growth,synthetic_calendar,,,,,,
2014-02-05,13:15,US ADP Non-Farm Employment Change,medium,USD,labor,synthetic_calendar,,,,,,
2014-02-07,13:30,US Non-Farm Payrolls (NFP),high,USD,labor,synthetic_calendar,,,,,,
2014-02-10,13:30,US Consumer Price Index (CPI) YoY,high,USD,inflation,synthetic_calendar,,,,,,
2014-02-13,13:30,US Producer Price Index (PPI) YoY,medium,USD,inflation,synthetic_calendar,,,,,,
2014-02-17,13:30,US Retail Sales MoM,medium,USD,consumption,synthetic_calendar,,,,,,
2014-02-28,13:30,US Core PCE Price Index MoM,high,USD,inflation,synthetic_calendar,,,,,,
2014-03-03,15:00,US ISM Manufacturing PMI,medium,USD,growth,synthetic_calendar,,,,,,
2014-03-05,13:15,US ADP Non-Farm Employment Change,medium,USD,labor,synthetic_calendar,,,,,,
2014-03-07,13:30,US Non-Farm Payrolls (NFP),high,USD,labor,synthetic_calendar,,,,,,
2014-03-10,13:30,US Consumer Price Index (CPI) YoY,high,USD,inflation,synthetic_calendar,,,,,,
2014-03-13,13:30,US Producer Price Index (PPI) YoY,medium,USD,inflation,synthetic_calendar,,,,,,
2014-03-17,13:30,US Retail Sales MoM,medium,USD,consumption,synthetic_calendar,,,,,,
2014-03-19,18:00,FOMC Rate Decision,high,USD,rates,synthetic_calendar,,,,,,
2014-03-31,13:30,US Core PCE Price Index MoM,high,USD,inflation,synthetic_calendar,,,,,,
2014-04-01,15:00,US ISM Manufacturing PMI,medium,USD,growth,synthetic_calendar,,,,,,
2014-04-02,13:15,US ADP Non-Farm Employment Change,medium,USD,labor,synthetic_calendar,,,,,,
2014-04-04,13:30,US Non-Farm Payrolls (NFP),high,USD,labor,synthetic_calendar,,,,,,
2014-04-10,13:30,US Consumer Price Index (CPI) YoY,high,USD,inflation,synthetic_calendar,,,,,,
2014-04-14,13:30,US Producer Price Index (PPI) YoY,medium,USD,inflation,synthetic_calendar,,,,,,
2014-04-15,13:30,US Retail Sales MoM,medium,USD,consumption,synthetic_calendar,,,,,,
2014-04-28,13:30,US GDP Annualized QoQ,high,USD,growth,synthetic_calendar,,,,,,
2014-04-30,13:30,US Core PCE Price Index MoM,high,USD,inflation,synthetic_calendar,,,,,,
2014-05-01,15:00,US ISM Manufacturing PMI,medium,USD,growth,synthetic_calendar,,,,,,
2014-05-02,13:30,US Non-Farm Payrolls (NFP),high,USD,labor,synthetic_calendar,,,,,,
2014-05-07,13:15,US ADP Non-Farm Employment Change,medium,USD,labor,synthetic_calendar,,,,,,
2014-05-12,13:30,US Consumer Price Index (CPI) YoY,high,USD,inflation,synthetic_calendar,,,,,,
2014-05-13,13:30,US Producer Price Index (PPI) YoY,medium,USD,inflation,synthetic_calendar,,,,,,
2014-05-15,13:30,US Retail Sales MoM,medium,USD,consumption,synthetic_calendar,,,,,,
2014-05-21,18:00,FOMC Rate Decision,high,USD,rates,synthetic_calendar,,,,,,
2014-05-30,13:30,US Core PCE Price Index MoM,high,USD,inflation,synthetic_calendar,,,,,,
2014-06-02,15:00,US ISM Manufacturing PMI,medium,USD,growth,synthetic_calendar,,,,,,
2014-06-04,13:15,US ADP Non-Farm Employment Change,medium,USD,labor,synthetic_calendar,,,,,,
2014-06-06,13:30,US Non-Farm Payrolls (NFP),high,USD,labor,synthetic_calendar,,,,,,
2014-06-10,13:30,US Consumer Price Index (CPI) YoY,high,USD,inflation,synthetic_calendar,,,,,,
2014-06-13,13:30,US Producer Price Index (PPI) YoY,medium,USD,inflation,synthetic_calendar,,,,,,
2014-06-16,13:30,US Retail Sales MoM,medium,USD,consumption,synthetic_calendar,,,,,,
2014-06-18,18:00,FOMC Rate Decision,high,USD,rates,synthetic_calendar,,,,,,
2014-06-30,13:30,US Core PCE Price Index MoM,high,USD,inflation,synthetic_calendar,,,,,,
2014-07-01,15:00,US ISM Manufacturing PMI,medium,USD,growth,synthetic_calendar,,,,,,
2014-07-02,13:15,US ADP Non-Farm Employment Change,medium,USD,labor,synthetic_calendar,,,,,,
2014-07-04,13:30,US Non-Farm Payrolls (NFP),high,USD,labor,synthetic_calendar,,,,,,
2014-07-10,13:30,US Consumer Price Index (CPI) YoY,high,USD,inflation,synthetic_calendar,,,,,,
2014-07-14,13:30,US Producer Price Index (PPI) YoY,medium,USD,inflation,synthetic_calendar,,,,,,
2014-07-15,13:30,US Retail Sales MoM,medium,USD,consumption,synthetic_calendar,,,,,,
2014-07-16,18:00,FOMC Rate Decision,high,USD,rates,synthetic_calendar,,,,,,
2014-07-28,13:30,US GDP Annualized QoQ,high,USD,growth,synthetic_calendar,,,,,,
2014-07-31,13:30,US Core PCE Price Index MoM,high,USD,inflation,synthetic_calendar,,,,,,
2014-08-01,13:30,US Non-Farm Payrolls (NFP),high,USD,labor,synthetic_calendar,,,,,,
2014-08-01,15:00,US ISM Manufacturing PMI,medium,USD,growth,synthetic_calendar,,,,,,
2014-08-06,13:15,US ADP Non-Farm Employment Change,medium,USD,labor,synthetic_calendar,,,,,,
2014-08-11,13:30,US Consumer Price Index (CPI) YoY,high,USD,inflation,synthetic_calendar,,,,,,
2014-08-13,13:30,US Producer Price Index (PPI) YoY,medium,USD,inflation,synthetic_calendar,,,,,,
2014-08-15,13:30,US Retail Sales MoM,medium,USD,consumption,synthetic_calendar,,,,,,
2014-08-29,13:30,US Core PCE Price Index MoM,high,USD,inflation,synthetic_calendar,,,,,,
2014-09-01,15:00,US ISM Manufacturing PMI,medium,USD,growth,synthetic_calendar,,,,,,
2014-09-03,13:15,US ADP Non-Farm Employment Change,medium,USD,labor,synthetic_calendar,,,,,,
2014-09-05,13:30,US Non-Farm Payrolls (NFP),high,USD,labor,synthetic_calendar,,,,,,
2014-09-10,13:30,US Consumer Price Index (CPI) YoY,high,USD,inflation,synthetic_calendar,,,,,,
2014-09-15,13:30,US Producer Price Index (PPI) YoY,medium,USD,inflation,synthetic_calendar,,,,,,
2014-09-15,13:30,US Retail Sales MoM,medium,USD,consumption,synthetic_calendar,,,,,,
2014-09-17,18:00,FOMC Rate Decision,high,USD,rates,synthetic_calendar,,,,,,
2014-09-30,13:30,US Core PCE Price Index MoM,high,USD,inflation,synthetic_calendar,,,,,,
2014-10-01,13:15,US ADP Non-Farm Employment Change,medium,USD,labor,synthetic_calendar,,,,,,
2014-10-01,15:00,US ISM Manufacturing PMI,medium,USD,growth,synthetic_calendar,,,,,,
2014-10-03,13:30,US Non-Farm Payrolls (NFP),high,USD,labor,synthetic_calendar,,,,,,
2014-10-10,13:30,US Consumer Price Index (CPI) YoY,high,USD,inflation,synthetic_calendar,,,,,,
2014-10-13,13:30,US Producer Price Index (PPI) YoY,medium,USD,inflation,synthetic_calendar,,,,,,
2014-10-15,13:30,US Retail Sales MoM,medium,USD,consumption,synthetic_calendar,,,,,,
2014-10-27,13:30,US GDP Annualized QoQ,high,USD,growth,synthetic_calendar,,,,,,
2014-10-31,13:30,US Core PCE Price Index MoM,high,USD,inflation,synthetic_calendar,,,,,,
2014-11-03,15:00,US ISM Manufacturing PMI,medium,USD,growth,synthetic_calendar,,,,,,
2014-11-05,13:15,US ADP Non-Farm Employment Change,medium,USD,labor,synthetic_calendar,,,,,,
2014-11-07,13:30,US Non-Farm Payrolls (NFP),high,USD,labor,synthetic_calendar,,,,,,
2014-11-10,13:30,US Consumer Price Index (CPI) YoY,high,USD,inflation,synthetic_calendar,,,,,,
2014-11-13,13:30,US Producer Price Index (PPI) YoY,medium,USD,inflation,synthetic_calendar,,,,,,
2014-11-17,13:30,US Retail Sales MoM,medium,USD,consumption,synthetic_calendar,,,,,,
2014-11-19,18:00,FOMC Rate Decision,high,USD,rates,synthetic_calendar,,,,,,
2014-11-28,13:30,US Core PCE Price Index MoM,high,USD,inflation,synthetic_calendar,,,,,,
2014-12-01,15:00,US ISM Manufacturing PMI,medium,USD,growth,synthetic_calendar,,,,,,
2014-12-03,13:15,US ADP Non-Farm Employment Change,medium,USD,labor,synthetic_calendar,,,,,,
2014-12-05,13:30,US Non-Farm Payrolls (NFP),high,USD,labor,synthetic_calendar,,,,,,
2014-12-10,13:30,US Consumer Price Index (CPI) YoY,high,USD,inflation,synthetic_calendar,,,,,,
2014-12-15,13:30,US Producer Price Index (PPI) YoY,medium,USD,inflation,synthetic_calendar,,,,,,
2014-12-15,13:30,US Retail Sales MoM,medium,USD,consumption,synthetic_calendar,,,,,,
2014-12-17,18:00,FOMC Rate Decision,high,USD,rates,synthetic_calendar,,,,,,
2014-12-31,13:30,US Core PCE Price Index MoM,high,USD,inflation,synthetic_calendar,,,,,,
2015-01-01,15:00,US ISM Manufacturing PMI,medium,USD,growth,synthetic_calendar,,,,,,
2015-01-02,13:30,US Non-Farm Payrolls (NFP),high,USD,labor,synthetic_calendar,,,,,,
2015-01-07,13:15,US ADP Non-Farm Employment Change,medium,USD,labor,synthetic_calendar,,,,,,
2015-01-12,13:30,US Consumer Price Index (CPI) YoY,high,USD,inflation,synthetic_calendar,,,,,,
2015-01-13,13:30,US Producer Price Index (PPI) YoY,medium,USD,inflation,synthetic_calendar,,,,,,
2015-01-15,13:30,US Retail Sales MoM,medium,USD,consumption,synthetic_calendar,,,,,,
2015-01-21,18:00,FOMC Rate Decision,high,USD,rates,synthetic_calendar,,,,,,
2015-01-26,13:30,US GDP Annualized QoQ,high,USD,growth,synthetic_calendar,,,,,,
2015-01-30,13:30,US Core PCE Price Index MoM,high,USD,inflation,synthetic_calendar,,,,,,
2015-02-02,15:00,US ISM Manufacturing PMI,medium,USD,growth,synthetic_calendar,,,,,,
2015-02-04,13:15,US ADP Non-Farm Employment Change,medium,USD,labor,synthetic_calendar,,,,,,
2015-02-06,13:30,US Non-Farm Payrolls (NFP),high,USD,labor,synthetic_calendar,,,,,,
2015-02-10,13:30,US Consumer Price Index (CPI) YoY,high,USD,inflation,synthetic_calendar,,,,,,
2015-02-13,13:30,US Producer Price Index (PPI) YoY,medium,USD,inflation,synthetic_calendar,,,,,,
2015-02-16,13:30,US Retail Sales MoM,medium,USD,consumption,synthetic_calendar,,,,,,
2015-02-27,13:30,US Core PCE Price Index MoM,high,USD,inflation,synthetic_calendar,,,,,,
2015-03-02,15:00,US ISM Manufacturing PMI,medium,USD,growth,synthetic_calendar,,,,,,
2015-03-04,13:15,US ADP Non-Farm Employment Change,medium,USD,labor,synthetic_calendar,,,,,,
2015-03-06,13:30,US Non-Farm Payrolls (NFP),high,USD,labor,synthetic_calendar,,,,,,
2015-03-10,13:30,US Consumer Price Index (CPI) YoY,high,USD,inflation,synthetic_calendar,,,,,,
2015-03-13,13:30,US Producer Price Index (PPI) YoY,medium,USD,inflation,synthetic_calendar,,,,,,
2015-03-16,13:30,US Retail Sales MoM,medium,USD,consumption,synthetic_calendar,,,,,,
2015-03-18,18:00,FOMC Rate Decision,high,USD,rates,synthetic_calendar,,,,,,
2015-03-31,13:30,US Core PCE Price Index MoM,high,USD,inflation,synthetic_calendar,,,,,,
2015-04-01,13:15,US ADP Non-Farm Employment Change,medium,USD,labor,synthetic_calendar,,,,,,
2015-04-01,15:00,US ISM Manufacturing PMI,medium,USD,growth,synthetic_calendar,,,,,,
2015-04-03,13:30,US Non-Farm Payrolls (NFP),high,USD,labor,synthetic_calendar,,,,,,
2015-04-10,13:30,US Consumer Price Index (CPI) YoY,high,USD,inflation,synthetic_calendar,,,,,,
2015-04-13,13:30,US Producer Price Index (PPI) YoY,medium,USD,inflation,synthetic_calendar,,,,,,
2015-04-15,13:30,US Retail Sales MoM,medium,USD,consumption,synthetic_calendar,,,,,,
2015-04-27,13:30,US GDP Annualized QoQ,high,USD,growth,synthetic_calendar,,,,,,
2015-04-30,13:30,US Core PCE Price Index MoM,high,USD,inflation,synthetic_calendar,,,,,,
2015-05-01,13:30,US Non-Farm Payrolls (NFP),high,USD,labor,synthetic_calendar,,,,,,
2015-05-01,15:00,US ISM Manufacturing PMI,medium,USD,growth,synthetic_calendar,,,,,,
2015-05-06,13:15,US ADP Non-Farm Employment Change,medium,USD,labor,synthetic_calendar,,,,,,
2015-05-11,13:30,US Consumer Price Index (CPI) YoY,high,USD,inflation,synthetic_calendar,,,,,,
2015-05-13,13:30,US Producer Price Index (PPI) YoY,medium,USD,inflation,synthetic_calendar,,,,,,
2015-05-15,13:30,US Retail Sales MoM,medium,USD,consumption,synthetic_calendar,,,,,,
2015-05-20,18:00,FOMC Rate Decision,high,USD,rates,synthetic_calendar,,,,,,
2015-05-29,13:30,US Core PCE Price Index MoM,high,USD,inflation,synthetic_calendar,,,,,,
2015-06-01,15:00,US ISM Manufacturing PMI,medium,USD,growth,synthetic_calendar,,,,,,
2015-06-03,13:15,US ADP Non-Farm Employment Change,medium,USD,labor,synthetic_calendar,,,,,,
2015-06-05,13:30,US Non-Farm Payrolls (NFP),high,USD,labor,synthetic_calendar,,,,,,
2015-06-10,13:30,US Consumer Price Index (CPI) YoY,high,USD,inflation,synthetic_calendar,,,,,,
2015-06-15,13:30,US Producer Price Index (PPI) YoY,medium,USD,inflation,synthetic_calendar,,,,,,
2015-06-15,13:30,US Retail Sales MoM,medium,USD,consumption,synthetic_calendar,,,,,,
2015-06-17,18:00,FOMC Rate Decision,high,USD,rates,synthetic_calendar,,,,,,
2015-06-30,13:30,US Core PCE Price Index MoM,high,USD,inflation,synthetic_calendar,,,,,,
2015-07-01,13:15,US ADP Non-Farm Employment Change,medium,USD,labor,synthetic_calendar,,,,,,
2015-07-01,15:00,US ISM Manufacturing PMI,medium,USD,growth,synthetic_calendar,,,,,,
2015-07-03,13:30,US Non-Farm Payrolls (NFP),high,USD,labor,synthetic_calendar,,,,,,
2015-07-10,13:30,US Consumer Price Index (CPI) YoY,high,USD,inflation,synthetic_calendar,,,,,,
2015-07-13,13:30,US Producer Price Index (PPI) YoY,medium,USD,inflation,synthetic_calendar,,,,,,
2015-07-15,13:30,US Retail Sales MoM,medium,USD,consumption,synthetic_calendar,,,,,,
2015-07-15,18:00,FOMC Rate Decision,high,USD,rates,synthetic_calendar,,,,,,
2015-07-27,13:30,US GDP Annualized QoQ,high,USD,growth,synthetic_calendar,,,,,,
2015-07-31,13:30,US Core PCE Price Index MoM,high,USD,inflation,synthetic_calendar,,,,,,
2015-08-03,15:00,US ISM Manufacturing PMI,medium,USD,growth,synthetic_calendar,,,,,,
2015-08-05,13:15,US ADP Non-Farm Employment Change,medium,USD,labor,synthetic_calendar,,,,,,
2015-08-07,13:30,US Non-Farm Payrolls (NFP),high,USD,labor,synthetic_calendar,,,,,,
2015-08-10,13:30,US Consumer Price Index (CPI) YoY,high,USD,inflation,synthetic_calendar,,,,,,
2015-08-13,13:30,US Producer Price Index (PPI) YoY,medium,USD,inflation,synthetic_calendar,,,,,,
2015-08-17,13:30,US Retail Sales MoM,medium,USD,consumption,synthetic_calendar,,,,,,
2015-08-31,13:30,US Core PCE Price Index MoM,high,USD,inflation,synthetic_calendar,,,,,,
2015-09-01,15:00,US ISM Manufacturing PMI,medium,USD,growth,synthetic_calendar,,,,,,
2015-09-02,13:15,US ADP Non-Farm Employment Change,medium,USD,labor,synthetic_calendar,,,,,,
2015-09-04,13:30,US Non-Farm Payrolls (NFP),high,USD,labor,synthetic_calendar,,,,,,
2015-09-10,13:30,US Consumer Price Index (CPI) YoY,high,USD,inflation,synthetic_calendar,,,,,,
2015-09-14,13:30,US Producer Price Index (PPI) YoY,medium,USD,inflation,synthetic_calendar,,,,,,
2015-09-15,13:30,US Retail Sales MoM,medium,USD,consumption,synthetic_calendar,,,,,,
2015-09-16,18:00,FOMC Rate Decision,high,USD,rates,synthetic_calendar,,,,,,
2015-09-30,13:30,US Core PCE Price Index MoM,high,USD,inflation,synthetic_calendar,,,,,,
2015-10-01,15:00,US ISM Manufacturing PMI,medium,USD,growth,synthetic_calendar,,,,,,
2015-10-02,13:30,US Non-Farm Payrolls (NFP),high,USD,labor,synthetic_calendar,,,,,,
2015-10-07,13:15,US ADP Non-Farm Employment Change,medium,USD,labor,synthetic_calendar,,,,,,
2015-10-12,13:30,US Consumer Price Index (CPI) YoY,high,USD,inflation,synthetic_calendar,,,,,,
2015-10-13,13:30,US Producer Price Index (PPI) YoY,medium,USD,inflation,synthetic_calendar,,,,,,
2015-10-15,13:30,US Retail Sales MoM,medium,USD,consumption,synthetic_calendar,,,,,,
2015-10-26,13:30,US GDP Annualized QoQ,high,USD,growth,synthetic_calendar,,,,,,
2015-10-30,13:30,US Core PCE Price Index MoM,high,USD,inflation,synthetic_calendar,,,,,,
2015-11-02,15:00,US ISM Manufacturing PMI,medium,USD,growth,synthetic_calendar,,,,,,
2015-11-04,13:15,US ADP Non-Farm Employment Change,medium,USD,labor,synthetic_calendar,,,,,,
2015-11-06,13:30,US Non-Farm Payrolls (NFP),high,USD,labor,synthetic_calendar,,,,,,
2015-11-10,13:30,US Consumer Price Index (CPI) YoY,high,USD,inflation,synthetic_calendar,,,,,,
2015-11-13,13:30,US Producer Price Index (PPI) YoY,medium,USD,inflation,synthetic_calendar,,,,,,
2015-11-16,13:30,US Retail Sales MoM,medium,USD,consumption,synthetic_calendar,,,,,,
2015-11-18,18:00,FOMC Rate Decision,high,USD,rates,synthetic_calendar,,,,,,
2015-11-30,13:30,US Core PCE Price Index MoM,high,USD,inflation,synthetic_calendar,,,,,,
2015-12-01,15:00,US ISM Manufacturing PMI,medium,USD,growth,synthetic_calendar,,,,,,
2015-12-02,13:15,US ADP Non-Farm Employment Change,medium,USD,labor,synthetic_calendar,,,,,,
2015-12-04,13:30,US Non-Farm Payrolls (NFP),high,USD,labor,synthetic_calendar,,,,,,
2015-12-10,13:30,US Consumer Price Index (CPI) YoY,high,USD,inflation,synthetic_calendar,,,,,,
2015-12-14,13:30,US Producer Price Index (PPI) YoY,medium,USD,inflation,synthetic_calendar,,,,,,
2015-12-15,13:30,US Retail Sales MoM,medium,USD,consumption,synthetic_calendar,,,,,,
2015-12-16,18:00,FOMC Rate Decision,high,USD,rates,synthetic_calendar,,,,,,
2015-12-31,13:30,US Core PCE Price Index MoM,high,USD,inflation,synthetic_calendar,,,,,,
2016-01-01,13:30,US Non-Farm Payrolls (NFP),high,USD,labor,synthetic_calendar,,,,,,
2016-01-01,15:00,US ISM Manufacturing PMI,medium,USD,growth,synthetic_calendar,,,,,,
2016-01-06,13:15,US ADP Non-Farm Employment Change,medium,USD,labor,synthetic_calendar,,,,,,
2016-01-11,13:30,US Consumer Price Index (CPI) YoY,high,USD,inflation,synthetic_calendar,,,,,,
2016-01-13,13:30,US Producer Price Index (PPI) YoY,medium,USD,inflation,synthetic_calendar,,,,,,
2016-01-15,13:30,US Retail Sales MoM,medium,USD,consumption,synthetic_calendar,,,,,,
2016-01-20,18:00,FOMC Rate Decision,high,USD,rates,synthetic_calendar,,,,,,
2016-01-26,13:30,US GDP Annualized QoQ,high,USD,growth,synthetic_calendar,,,,,,
2016-01-29,13:30,US Core PCE Price Index MoM,high,USD,inflation,synthetic_calendar,,,,,,
2016-02-01,15:00,US ISM Manufacturing PMI,medium,USD,growth,synthetic_calendar,,,,,,
2016-02-03,13:15,US ADP Non-Farm Employment Change,medium,USD,labor,synthetic_calendar,,,,,,
2016-02-05,13:30,US Non-Farm Payrolls (NFP),high,USD,labor,synthetic_calendar,,,,,,
2016-02-10,13:30,US Consumer Price Index (CPI) YoY,high,USD,inflation,synthetic_calendar,,,,,,
2016-02-15,13:30,US Producer Price Index (PPI) YoY,medium,USD,inflation,synthetic_calendar,,,,,,
2016-02-15,13:30,US Retail Sales MoM,medium,USD,consumption,synthetic_calendar,,,,,,
2016-02-29,13:30,US Core PCE Price Index MoM,high,USD,inflation,synthetic_calendar,,,,,,
2016-03-01,15:00,US ISM Manufacturing PMI,medium,USD,growth,synthetic_calendar,,,,,,
2016-03-02,13:15,US ADP Non-Farm Employment Change,medium,USD,labor,synthetic_calendar,,,,,,
2016-03-04,13:30,US Non-Farm Payrolls (NFP),high,USD,labor,synthetic_calendar,,,,,,
2016-03-10,13:30,US Consumer Price Index (CPI) YoY,high,USD,inflation,synthetic_calendar,,,,,,
2016-03-14,13:30,US Producer Price Index (PPI) YoY,medium,USD,inflation,synthetic_calendar,,,,,,
2016-03-15,13:30,US Retail Sales MoM,medium,USD,consumption,synthetic_calendar,,,,,,
2016-03-16,18:00,FOMC Rate Decision,high,USD,rates,synthetic_calendar,,,,,,
2016-03-31,13:30,US Core PCE Price Index MoM,high,USD,inflation,synthetic_calendar,,,,,,
2016-04-01,13:30,US Non-Farm Payrolls (NFP),high,USD,labor,synthetic_calendar,,,,,,
2016-04-01,15:00,US ISM Manufacturing PMI,medium,USD,growth,synthetic_calendar,,,,,,
2016-04-06,13:15,US ADP Non-Farm Employment Change,medium,USD,labor,synthetic_calendar,,,,,,
2016-04-11,13:30,US Consumer Price Index (CPI) YoY,high,USD,inflation,synthetic_calendar,,,,,,
2016-04-13,13:30,US Producer Price Index (PPI) YoY,medium,USD,inflation,synthetic_calendar,,,,,,
2016-04-15,13:30,US Retail Sales MoM,medium,USD,consumption,synthetic_calendar,,,,,,
2016-04-26,13:30,US GDP Annualized QoQ,high,USD,growth,synthetic_calendar,,,,,,
2016-04-29,13:30,US Core PCE Price Index MoM,high,USD,inflation,synthetic_calendar,,,,,,
2016-05-02,15:00,US ISM Manufacturing PMI,medium,USD,growth,synthetic_calendar,,,,,,
2016-05-04,13:15,US ADP Non-Farm Employment Change,medium,USD,labor,synthetic_calendar,,,,,,
2016-05-06,13:30,US Non-Farm Payrolls (NFP),high,USD,labor,synthetic_calendar,,,,,,
2016-05-10,13:30,US Consumer Price Index (CPI) YoY,high,USD,inflation,synthetic_calendar,,,,,,
2016-05-13,13:30,US Producer Price Index (PPI) YoY,medium,USD,inflation,synthetic_calendar,,,,,,
2016-05-16,13:30,US Retail Sales MoM,medium,USD,consumption,synthetic_calendar,,,,,,
2016-05-18,18:00,FOMC Rate Decision,high,USD,rates,synthetic_calendar,,,,,,
2016-05-31,13:30,US Core PCE Price Index MoM,high,USD,inflation,synthetic_calendar,,,,,,
2016-06-01,13:15,US ADP Non-Farm Employment Change,medium,USD,labor,synthetic_calendar,,,,,,
2016-06-01,15:00,US ISM Manufacturing PMI,medium,USD,growth,synthetic_calendar,,,,,,
2016-06-03,13:30,US Non-Farm Payrolls (NFP),high,USD,labor,synthetic_calendar,,,,,,
2016-06-10,13:30,US Consumer Price Index (CPI) YoY,high,USD,inflation,synthetic_calendar,,,,,,
2016-06-13,13:30,US Producer Price Index (PPI) YoY,medium,USD,inflation,synthetic_calendar,,,,,,
2016-06-15,13:30,US Retail Sales MoM,medium,USD,consumption,synthetic_calendar,,,,,,
2016-06-15,18:00,FOMC Rate Decision,high,USD,rates,synthetic_calendar,,,,,,
2016-06-30,13:30,US Core PCE Price Index MoM,high,USD,inflation,synthetic_calendar,,,,,,
2016-07-01,13:30,US Non-Farm Payrolls (NFP),high,USD,labor,synthetic_calendar,,,,,,
2016-07-01,15:00,US ISM Manufacturing PMI,medium,USD,growth,synthetic_calendar,,,,,,
2016-07-06,13:15,US ADP Non-Farm Employment Change,medium,USD,labor,synthetic_calendar,,,,,,
2016-07-11,13:30,US Consumer Price Index (CPI) YoY,high,USD,inflation,synthetic_calendar,,,,,,
2016-07-13,13:30,US Producer Price Index (PPI) YoY,medium,USD,inflation,synthetic_calendar,,,,,,
2016-07-15,13:30,US Retail Sales MoM,medium,USD,consumption,synthetic_calendar,,,,,,
2016-07-20,18:00,FOMC Rate Decision,high,USD,rates,synthetic_calendar,,,,,,
2016-07-26,13:30,US GDP Annualized QoQ,high,USD,growth,synthetic_calendar,,,,,,
2016-07-29,13:30,US Core PCE Price Index MoM,high,USD,inflation,synthetic_calendar,,,,,,
2016-08-01,15:00,US ISM Manufacturing PMI,medium,USD,growth,synthetic_calendar,,,,,,
2016-08-03,13:15,US ADP Non-Farm Employment Change,medium,USD,labor,synthetic_calendar,,,,,,
2016-08-05,13:30,US Non-Farm Payrolls (NFP),high,USD,labor,synthetic_calendar,,,,,,
2016-08-10,13:30,US Consumer Price Index (CPI) YoY,high,USD,inflation,synthetic_calendar,,,,,,
2016-08-15,13:30,US Producer Price Index (PPI) YoY,medium,USD,inflation,synthetic_calendar,,,,,,
2016-08-15,13:30,US Retail Sales MoM,medium,USD,consumption,synthetic_calendar,,,,,,
2016-08-31,13:30,US Core PCE Price Index MoM,high,USD,inflation,synthetic_calendar,,,,,,
2016-09-01,15:00,US ISM Manufacturing PMI,medium,USD,growth,synthetic_calendar,,,,,,
2016-09-02,13:30,US Non-Farm Payrolls (NFP),high,USD,labor,synthetic_calendar,,,,,,
2016-09-07,13:15,US ADP Non-Farm Employment Change,medium,USD,labor,synthetic_calendar,,,,,,
2016-09-12,13:30,US Consumer Price Index (CPI) YoY,high,USD,inflation,synthetic_calendar,,,,,,
2016-09-13,13:30,US Producer Price Index (PPI) YoY,medium,USD,inflation,synthetic_calendar,,,,,,
2016-09-15,13:30,US Retail Sales MoM,medium,USD,consumption,synthetic_calendar,,,,,,
2016-09-21,18:00,FOMC Rate Decision,high,USD,rates,synthetic_calendar,,,,,,
2016-09-30,13:30,US Core PCE Price Index MoM,high,USD,inflation,synthetic_calendar,,,,,,
2016-10-03,15:00,US ISM Manufacturing PMI,medium,USD,growth,synthetic_calendar,,,,,,
2016-10-05,13:15,US ADP Non-Farm Employment Change,medium,USD,labor,synthetic_calendar,,,,,,
2016-10-07,13:30,US Non-Farm Payrolls (NFP),high,USD,labor,synthetic_calendar,,,,,,
2016-10-10,13:30,US Consumer Price Index (CPI) YoY,high,USD,inflation,synthetic_calendar,,,,,,
2016-10-13,13:30,US Producer Price Index (PPI) YoY,medium,USD,inflation,synthetic_calendar,,,,,,
2016-10-17,13:30,US Retail Sales MoM,medium,USD,consumption,synthetic_calendar,,,,,,
2016-10-26,13:30,US GDP Annualized QoQ,high,USD,growth,synthetic_calendar,,,,,,
2016-10-31,13:30,US Core PCE Price Index MoM,high,USD,inflation,synthetic_calendar,,,,,,
2016-11-01,15:00,US ISM Manufacturing PMI,medium,USD,growth,synthetic_calendar,,,,,,
2016-11-02,13:15,US ADP Non-Farm Employment Change,medium,USD,labor,synthetic_calendar,,,,,,
2016-11-04,13:30,US Non-Farm Payrolls (NFP),high,USD,labor,synthetic_calendar,,,,,,
2016-11-10,13:30,US Consumer Price Index (CPI) YoY,high,USD,inflation,synthetic_calendar,,,,,,
2016-11-14,13:30,US Producer Price Index (PPI) YoY,medium,USD,inflation,synthetic_calendar,,,,,,
2016-11-15,13:30,US Retail Sales MoM,medium,USD,consumption,synthetic_calendar,,,,,,
2016-11-16,18:00,FOMC Rate Decision,high,USD,rates,synthetic_calendar,,,,,,
2016-11-30,13:30,US Core PCE Price Index MoM,high,USD,inflation,synthetic_calendar,,,,,,
2016-12-01,15:00,US ISM Manufacturing PMI,medium,USD,growth,synthetic_calendar,,,,,,
2016-12-02,13:30,US Non-Farm Payrolls (NFP),high,USD,labor,synthetic_calendar,,,,,,
2016-12-07,13:15,US ADP Non-Farm Employment Change,medium,USD,labor,synthetic_calendar,,,,,,
2016-12-12,13:30,US Consumer Price Index (CPI) YoY,high,USD,inflation,synthetic_calendar,,,,,,
2016-12-13,13:30,US Producer Price Index (PPI) YoY,medium,USD,inflation,synthetic_calendar,,,,,,
2016-12-15,13:30,US Retail Sales MoM,medium,USD,consumption,synthetic_calendar,,,,,,
2016-12-21,18:00,FOMC Rate Decision,high,USD,rates,synthetic_calendar,,,,,,
2016-12-30,13:30,US Core PCE Price Index MoM,high,USD,inflation,synthetic_calendar,,,,,,
2017-01-02,15:00,US ISM Manufacturing PMI,medium,USD,growth,synthetic_calendar,,,,,,
2017-01-04,13:15,US ADP Non-Farm Employment Change,medium,USD,labor,synthetic_calendar,,,,,,
2017-01-06,13:30,US Non-Farm Payrolls (NFP),high,USD,labor,synthetic_calendar,,,,,,
2017-01-10,13:30,US Consumer Price Index (CPI) YoY,high,USD,inflation,synthetic_calendar,,,,,,
2017-01-13,13:30,US Producer Price Index (PPI) YoY,medium,USD,inflation,synthetic_calendar,,,,,,
2017-01-16,13:30,US Retail Sales MoM,medium,USD,consumption,synthetic_calendar,,,,,,
2017-01-18,18:00,FOMC Rate Decision,high,USD,rates,synthetic_calendar,,,,,,
2017-01-26,13:30,US GDP Annualized QoQ,high,USD,growth,synthetic_calendar,,,,,,
2017-01-31,13:30,US Core PCE Price Index MoM,high,USD,inflation,synthetic_calendar,,,,,,
2017-02-01,13:15,US ADP Non-Farm Employment Change,medium,USD,labor,synthetic_calendar,,,,,,
2017-02-01,15:00,US ISM Manufacturing PMI,medium,USD,growth,synthetic_calendar,,,,,,
2017-02-03,13:30,US Non-Farm Payrolls (NFP),high,USD,labor,synthetic_calendar,,,,,,
2017-02-10,13:30,US Consumer Price Index (CPI) YoY,high,USD,inflation,synthetic_calendar,,,,,,
2017-02-13,13:30,US Producer Price Index (PPI) YoY,medium,USD,inflation,synthetic_calendar,,,,,,
2017-02-15,13:30,US Retail Sales MoM,medium,USD,consumption,synthetic_calendar,,,,,,
2017-02-28,13:30,US Core PCE Price Index MoM,high,USD,inflation,synthetic_calendar,,,,,,
2017-03-01,13:15,US ADP Non-Farm Employment Change,medium,USD,labor,synthetic_calendar,,,,,,
2017-03-01,15:00,US ISM Manufacturing PMI,medium,USD,growth,synthetic_calendar,,,,,,
2017-03-03,13:30,US Non-Farm Payrolls (NFP),high,USD,labor,synthetic_calendar,,,,,,
2017-03-10,13:30,US Consumer Price Index (CPI) YoY,high,USD,inflation,synthetic_calendar,,,,,,
2017-03-13,13:30,US Producer Price Index (PPI) YoY,medium,USD,inflation,synthetic_calendar,,,,,,
2017-03-15,13:30,US Retail Sales MoM,medium,USD,consumption,synthetic_calendar,,,,,,
2017-03-15,18:00,FOMC Rate Decision,high,USD,rates,synthetic_calendar,,,,,,
2017-03-31,13:30,US Core PCE Price Index MoM,high,USD,inflation,synthetic_calendar,,,,,,
2017-04-03,15:00,US ISM Manufacturing PMI,medium,USD,growth,synthetic_calendar,,,,,,
2017-04-05,13:15,US ADP Non-Farm Employment Change,medium,USD,labor,synthetic_calendar,,,,,,
2017-04-07,13:30,US Non-Farm Payrolls (NFP),high,USD,labor,synthetic_calendar,,,,,,
2017-04-10,13:30,US Consumer Price Index (CPI) YoY,high,USD,inflation,synthetic_calendar,,,,,,
2017-04-13,13:30,US Producer Price Index (PPI) YoY,medium,USD,inflation,synthetic_calendar,,,,,,
2017-04-17,13:30,US Retail Sales MoM,medium,USD,consumption,synthetic_calendar,,,,,,
2017-04-26,13:30,US GDP Annualized QoQ,high,USD,growth,synthetic_calendar,,,,,,
2017-04-28,13:30,US Core PCE Price Index MoM,high,USD,inflation,synthetic_calendar,,,,,,
2017-05-01,15:00,US ISM Manufacturing PMI,medium,USD,growth,synthetic_calendar,,,,,,
2017-05-03,13:15,US ADP Non-Farm Employment Change,medium,USD,labor,synthetic_calendar,,,,,,
2017-05-05,13:30,US Non-Farm Payrolls (NFP),high,USD,labor,synthetic_calendar,,,,,,
2017-05-10,13:30,US Consumer Price Index (CPI) YoY,high,USD,inflation,synthetic_calendar,,,,,,
2017-05-15,13:30,US Producer Price Index (PPI) YoY,medium,USD,inflation,synthetic_calendar,,,,,,
2017-05-15,13:30,US Retail Sales MoM,medium,USD,consumption,synthetic_calendar,,,,,,
2017-05-17,18:00,FOMC Rate Decision,high,USD,rates,synthetic_calendar,,,,,,
2017-05-31,13:30,US Core PCE Price Index MoM,high,USD,inflation,synthetic_calendar,,,,,,
2017-06-01,15:00,US ISM Manufacturing PMI,medium,USD,growth,synthetic_calendar,,,,,,
2017-06-02,13:30,US Non-Farm Payrolls (NFP),high,USD,labor,synthetic_calendar,,,,,,
2017-06-07,13:15,US ADP Non-Farm Employment Change,medium,USD,labor,synthetic_calendar,,,,,,
2017-06-12,13:30,US Consumer Price Index (CPI) YoY,high,USD,inflation,synthetic_calendar,,,,,,
2017-06-13,13:30,US Producer Price Index (PPI) YoY,medium,USD,inflation,synthetic_calendar,,,,,,
2017-06-15,13:30,US Retail Sales MoM,medium,USD,consumption,synthetic_calendar,,,,,,
2017-06-21,18:00,FOMC Rate Decision,high,USD,rates,synthetic_calendar,,,,,,
2017-06-30,13:30,US Core PCE Price Index MoM,high,USD,inflation,synthetic_calendar,,,,,,
2017-07-03,15:00,US ISM Manufacturing PMI,medium,USD,growth,synthetic_calendar,,,,,,
2017-07-05,13:15,US ADP Non-Farm Employment Change,medium,USD,labor,synthetic_calendar,,,,,,
2017-07-07,13:30,US Non-Farm Payrolls (NFP),high,USD,labor,synthetic_calendar,,,,,,
2017-07-10,13:30,US Consumer Price Index (CPI) YoY,high,USD,inflation,synthetic_calendar,,,,,,
2017-07-13,13:30,US Producer Price Index (PPI) YoY,medium,USD,inflation,synthetic_calendar,,,,,,
2017-07-17,13:30,US Retail Sales MoM,medium,USD,consumption,synthetic_calendar,,,,,,
2017-07-19,18:00,FOMC Rate Decision,high,USD,rates,synthetic_calendar,,,,,,
2017-07-26,13:30,US GDP Annualized QoQ,high,USD,growth,synthetic_calendar,,,,,,
2017-07-31,13:30,US Core PCE Price Index MoM,high,USD,inflation,synthetic_calendar,,,,,,
2017-08-01,15:00,US ISM Manufacturing PMI,medium,USD,growth,synthetic_calendar,,,,,,
2017-08-02,13:15,US ADP Non-Farm Employment Change,medium,USD,labor,synthetic_calendar,,,,,,
2017-08-04,13:30,US Non-Farm Payrolls (NFP),high,USD,labor,synthetic_calendar,,,,,,
2017-08-10,13:30,US Consumer Price Index (CPI) YoY,high,USD,inflation,synthetic_calendar,,,,,,
2017-08-14,13:30,US Producer Price Index (PPI) YoY,medium,USD,inflation,synthetic_calendar,,,,,,
2017-08-15,13:30,US Retail Sales MoM,medium,USD,consumption,synthetic_calendar,,,,,,
2017-08-31,13:30,US Core PCE Price Index MoM,high,USD,inflation,synthetic_calendar,,,,,,
2017-09-01,13:30,US Non-Farm Payrolls (NFP),high,USD,labor,synthetic_calendar,,,,,,
2017-09-01,15:00,US ISM Manufacturing PMI,medium,USD,growth,synthetic_calendar,,,,,,
2017-09-06,13:15,US ADP Non-Farm Employment Change,medium,USD,labor,synthetic_calendar,,,,,,
2017-09-11,13:30,US Consumer Price Index (CPI) YoY,high,USD,inflation,synthetic_calendar,,,,,,
2017-09-13,13:30,US Producer Price Index (PPI) YoY,medium,USD,inflation,synthetic_calendar,,,,,,
2017-09-15,13:30,US Retail Sales MoM,medium,USD,consumption,synthetic_calendar,,,,,,
2017-09-20,18:00,FOMC Rate Decision,high,USD,rates,synthetic_calendar,,,,,,
2017-09-29,13:30,US Core PCE Price Index MoM,high,USD,inflation,synthetic_calendar,,,,,,
2017-10-02,15:00,US ISM Manufacturing PMI,medium,USD,growth,synthetic_calendar,,,,,,
2017-10-04,13:15,US ADP Non-Farm Employment Change,medium,USD,labor,synthetic_calendar,,,,,,
2017-10-06,13:30,US Non-Farm Payrolls (NFP),high,USD,labor,synthetic_calendar,,,,,,
2017-10-10,13:30,US Consumer Price Index (CPI) YoY,high,USD,inflation,synthetic_calendar,,,,,,
2017-10-13,13:30,US Producer Price Index (PPI) YoY,medium,USD,inflation,synthetic_calendar,,,,,,
2017-10-16,13:30,US Retail Sales MoM,medium,USD,consumption,synthetic_calendar,,,,,,
2017-10-26,13:30,US GDP Annualized QoQ,high,USD,growth,synthetic_calendar,,,,,,
2017-10-31,13:30,US Core PCE Price Index MoM,high,USD,inflation,synthetic_calendar,,,,,,
2017-11-01,13:15,US ADP Non-Farm Employment Change,medium,USD,labor,synthetic_calendar,,,,,,
2017-11-01,15:00,US ISM Manufacturing PMI,medium,USD,growth,synthetic_calendar,,,,,,
2017-11-03,13:30,US Non-Farm Payrolls (NFP),high,USD,labor,synthetic_calendar,,,,,,
2017-11-10,13:30,US Consumer Price Index (CPI) YoY,high,USD,inflation,synthetic_calendar,,,,,,
2017-11-13,13:30,US Producer Price Index (PPI) YoY,medium,USD,inflation,synthetic_calendar,,,,,,
2017-11-15,13:30,US Retail Sales MoM,medium,USD,consumption,synthetic_calendar,,,,,,
2017-11-15,18:00,FOMC Rate Decision,high,USD,rates,synthetic_calendar,,,,,,
2017-11-30,13:30,US Core PCE Price Index MoM,high,USD,inflation,synthetic_calendar,,,,,,
2017-12-01,13:30,US Non-Farm Payrolls (NFP),high,USD,labor,synthetic_calendar,,,,,,
2017-12-01,15:00,US ISM Manufacturing PMI,medium,USD,growth,synthetic_calendar,,,,,,
2017-12-06,13:15,US ADP Non-Farm Employment Change,medium,USD,labor,synthetic_calendar,,,,,,
2017-12-11,13:30,US Consumer Price Index (CPI) YoY,high,USD,inflation,synthetic_calendar,,,,,,
2017-12-13,13:30,US Producer Price Index (PPI) YoY,medium,USD,inflation,synthetic_calendar,,,,,,
2017-12-15,13:30,US Retail Sales MoM,medium,USD,consumption,synthetic_calendar,,,,,,
2017-12-20,18:00,FOMC Rate Decision,high,USD,rates,synthetic_calendar,,,,,,
2017-12-29,13:30,US Core PCE Price Index MoM,high,USD,inflation,synthetic_calendar,,,,,,
2018-01-01,15:00,US ISM Manufacturing PMI,medium,USD,growth,synthetic_calendar,,,,,,
2018-01-03,13:15,US ADP Non-Farm Employment Change,medium,USD,labor,synthetic_calendar,,,,,,
2018-01-05,13:30,US Non-Farm Payrolls (NFP),high,USD,labor,synthetic_calendar,,,,,,
2018-01-10,13:30,US Consumer Price Index (CPI) YoY,high,USD,inflation,synthetic_calendar,,,,,,
2018-01-15,13:30,US Producer Price Index (PPI) YoY,medium,USD,inflation,synthetic_calendar,,,,,,
2018-01-15,13:30,US Retail Sales MoM,medium,USD,consumption,synthetic_calendar,,,,,,
2018-01-17,18:00,FOMC Rate Decision,high,USD,rates,synthetic_calendar,,,,,,
2018-01-26,13:30,US GDP Annualized QoQ,high,USD,growth,synthetic_calendar,,,,,,
2018-01-31,13:30,US Core PCE Price Index MoM,high,USD,inflation,synthetic_calendar,,,,,,
2018-02-01,15:00,US ISM Manufacturing PMI,medium,USD,growth,synthetic_calendar,,,,,,
2018-02-02,13:30,US Non-Farm Payrolls (NFP),high,USD,labor,synthetic_calendar,,,,,,
2018-02-07,13:15,US ADP Non-Farm Employment Change,medium,USD,labor,synthetic_calendar,,,,,,
2018-02-12,13:30,US Consumer Price Index (CPI) YoY,high,USD,inflation,synthetic_calendar,,,,,,
2018-02-13,13:30,US Producer Price Index (PPI) YoY,medium,USD,inflation,synthetic_calendar,,,,,,
2018-02-15,13:30,US Retail Sales MoM,medium,USD,consumption,synthetic_calendar,,,,,,
2018-02-28,13:30,US Core PCE Price Index MoM,high,USD,inflation,synthetic_calendar,,,,,,
2018-03-01,15:00,US ISM Manufacturing PMI,medium,USD,growth,synthetic_calendar,,,,,,
2018-03-02,13:30,US Non-Farm Payrolls (NFP),high,USD,labor,synthetic_calendar,,,,,,
2018-03-07,13:15,US ADP Non-Farm Employment Change,medium,USD,labor,synthetic_calendar,,,,,,
2018-03-12,13:30,US Consumer Price Index (CPI) YoY,high,USD,inflation,synthetic_calendar,,,,,,
2018-03-13,13:30,US Producer Price Index (PPI) YoY,medium,USD,inflation,synthetic_calendar,,,,,,
2018-03-15,13:30,US Retail Sales MoM,medium,USD,consumption,synthetic_calendar,,,,,,
2018-03-21,18:00,FOMC Rate Decision,high,USD,rates,synthetic_calendar,,,,,,
2018-03-30,13:30,US Core PCE Price Index MoM,high,USD,inflation,synthetic_calendar,,,,,,
2018-04-02,15:00,US ISM Manufacturing PMI,medium,USD,growth,synthetic_calendar,,,,,,
2018-04-04,13:15,US ADP Non-Farm Employment Change,medium,USD,labor,synthetic_calendar,,,,,,
2018-04-06,13:30,US Non-Farm Payrolls (NFP),high,USD,labor,synthetic_calendar,,,,,,
2018-04-10,13:30,US Consumer Price Index (CPI) YoY,high,USD,inflation,synthetic_calendar,,,,,,
2018-04-13,13:30,US Producer Price Index (PPI) YoY,medium,USD,inflation,synthetic_calendar,,,,,,
2018-04-16,13:30,US Retail Sales MoM,medium,USD,consumption,synthetic_calendar,,,,,,
2018-04-26,13:30,US GDP Annualized QoQ,high,USD,growth,synthetic_calendar,,,,,,
2018-04-30,13:30,US Core PCE Price Index MoM,high,USD,inflation,synthetic_calendar,,,,,,
2018-05-01,15:00,US ISM Manufacturing PMI,medium,USD,growth,synthetic_calendar,,,,,,
2018-05-02,13:15,US ADP Non-Farm Employment Change,medium,USD,labor,synthetic_calendar,,,,,,
2018-05-04,13:30,US Non-Farm Payrolls (NFP),high,USD,labor,synthetic_calendar,,,,,,
2018-05-10,13:30,US Consumer Price Index (CPI) YoY,high,USD,inflation,synthetic_calendar,,,,,,
2018-05-14,13:30,US Producer Price Index (PPI) YoY,medium,USD,inflation,synthetic_calendar,,,,,,
2018-05-15,13:30,US Retail Sales MoM,medium,USD,consumption,synthetic_calendar,,,,,,
2018-05-16,18:00,FOMC Rate Decision,high,USD,rates,synthetic_calendar,,,,,,
2018-05-31,13:30,US Core PCE Price Index MoM,high,USD,inflation,synthetic_calendar,,,,,,
2018-06-01,13:30,US Non-Farm Payrolls (NFP),high,USD,labor,synthetic_calendar,,,,,,
2018-06-01,15:00,US ISM Manufacturing PMI,medium,USD,growth,synthetic_calendar,,,,,,
2018-06-06,13:15,US ADP Non-Farm Employment Change,medium,USD,labor,synthetic_calendar,,,,,,
2018-06-11,13:30,US Consumer Price Index (CPI) YoY,high,USD,inflation,synthetic_calendar,,,,,,
2018-06-13,13:30,US Producer Price Index (PPI) YoY,medium,USD,inflation,synthetic_calendar,,,,,,
2018-06-15,13:30,US Retail Sales MoM,medium,USD,consumption,synthetic_calendar,,,,,,
2018-06-20,18:00,FOMC Rate Decision,high,USD,rates,synthetic_calendar,,,,,,
2018-06-29,13:30,US Core PCE Price Index MoM,high,USD,inflation,synthetic_calendar,,,,,,
2018-07-02,15:00,US ISM Manufacturing PMI,medium,USD,growth,synthetic_calendar,,,,,,
2018-07-04,13:15,US ADP Non-Farm Employment Change,medium,USD,labor,synthetic_calendar,,,,,,
2018-07-06,13:30,US Non-Farm Payrolls (NFP),high,USD,labor,synthetic_calendar,,,,,,
2018-07-10,13:30,US Consumer Price Index (CPI) YoY,high,USD,inflation,synthetic_calendar,,,,,,
2018-07-13,13:30,US Producer Price Index (PPI) YoY,medium,USD,inflation,synthetic_calendar,,,,,,
2018-07-16,13:30,US Retail Sales MoM,medium,USD,consumption,synthetic_calendar,,,,,,
2018-07-18,18:00,FOMC Rate Decision,high,USD,rates,synthetic_calendar,,,,,,
2018-07-26,13:30,US GDP Annualized QoQ,high,USD,growth,synthetic_calendar,,,,,,
2018-07-31,13:30,US Core PCE Price Index MoM,high,USD,inflation,synthetic_calendar,,,,,,
2018-08-01,13:15,US ADP Non-Farm Employment Change,medium,USD,labor,synthetic_calendar,,,,,,
2018-08-01,15:00,US ISM Manufacturing PMI,medium,USD,growth,synthetic_calendar,,,,,,
2018-08-03,13:30,US Non-Farm Payrolls (NFP),high,USD,labor,synthetic_calendar,,,,,,
2018-08-10,13:30,US Consumer Price Index (CPI) YoY,high,USD,inflation,synthetic_calendar,,,,,,
2018-08-13,13:30,US Producer Price Index (PPI) YoY,medium,USD,inflation,synthetic_calendar,,,,,,
2018-08-15,13:30,US Retail Sales MoM,medium,USD,consumption,synthetic_calendar,,,,,,
2018-08-31,13:30,US Core PCE Price Index MoM,high,USD,inflation,synthetic_calendar,,,,,,
2018-09-03,15:00,US ISM Manufacturing PMI,medium,USD,growth,synthetic_calendar,,,,,,
2018-09-05,13:15,US ADP Non-Farm Employment Change,medium,USD,labor,synthetic_calendar,,,,,,
2018-09-07,13:30,US Non-Farm Payrolls (NFP),high,USD,labor,synthetic_calendar,,,,,,
2018-09-10,13:30,US Consumer Price Index (CPI) YoY,high,USD,inflation,synthetic_calendar,,,,,,
2018-09-13,13:30,US Producer Price Index (PPI) YoY,medium,USD,inflation,synthetic_calendar,,,,,,
2018-09-17,13:30,US Retail Sales MoM,medium,USD,consumption,synthetic_calendar,,,,,,
2018-09-19,18:00,FOMC Rate Decision,high,USD,rates,synthetic_calendar,,,,,,
2018-09-28,13:30,US Core PCE Price Index MoM,high,USD,inflation,synthetic_calendar,,,,,,
2018-10-01,15:00,US ISM Manufacturing PMI,medium,USD,growth,synthetic_calendar,,,,,,
2018-10-03,13:15,US ADP Non-Farm Employment Change,medium,USD,labor,synthetic_calendar,,,,,,
2018-10-05,13:30,US Non-Farm Payrolls (NFP),high,USD,labor,synthetic_calendar,,,,,,
2018-10-10,13:30,US Consumer Price Index (CPI) YoY,high,USD,inflation,synthetic_calendar,,,,,,
2018-10-15,13:30,US Producer Price Index (PPI) YoY,medium,USD,inflation,synthetic_calendar,,,,,,
2018-10-15,13:30,US Retail Sales MoM,medium,USD,consumption,synthetic_calendar,,,,,,
2018-10-26,13:30,US GDP Annualized QoQ,high,USD,growth,synthetic_calendar,,,,,,
2018-10-31,13:30,US Core PCE Price Index MoM,high,USD,inflation,synthetic_calendar,,,,,,
2018-11-01,15:00,US ISM Manufacturing PMI,medium,USD,growth,synthetic_calendar,,,,,,
2018-11-02,13:30,US Non-Farm Payrolls (NFP),high,USD,labor,synthetic_calendar,,,,,,
2018-11-07,13:15,US ADP Non-Farm Employment Change,medium,USD,labor,synthetic_calendar,,,,,,
2018-11-12,13:30,US Consumer Price Index (CPI) YoY,high,USD,inflation,synthetic_calendar,,,,,,
2018-11-13,13:30,US Producer Price Index (PPI) YoY,medium,USD,inflation,synthetic_calendar,,,,,,
2018-11-15,13:30,US Retail Sales MoM,medium,USD,consumption,synthetic_calendar,,,,,,
2018-11-21,18:00,FOMC Rate Decision,high,USD,rates,synthetic_calendar,,,,,,
2018-11-30,13:30,US Core PCE Price Index MoM,high,USD,inflation,synthetic_calendar,,,,,,
2018-12-03,15:00,US ISM Manufacturing PMI,medium,USD,growth,synthetic_calendar,,,,,,
2018-12-05,13:15,US ADP Non-Farm Employment Change,medium,USD,labor,synthetic_calendar,,,,,,
2018-12-07,13:30,US Non-Farm Payrolls (NFP),high,USD,labor,synthetic_calendar,,,,,,
2018-12-10,13:30,US Consumer Price Index (CPI) YoY,high,USD,inflation,synthetic_calendar,,,,,,
2018-12-13,13:30,US Producer Price Index (PPI) YoY,medium,USD,inflation,synthetic_calendar,,,,,,
2018-12-17,13:30,US Retail Sales MoM,medium,USD,consumption,synthetic_calendar,,,,,,
2018-12-19,18:00,FOMC Rate Decision,high,USD,rates,synthetic_calendar,,,,,,
2018-12-31,13:30,US Core PCE Price Index MoM,high,USD,inflation,synthetic_calendar,,,,,,
2019-01-01,15:00,US ISM Manufacturing PMI,medium,USD,growth,synthetic_calendar,,,,,,
2019-01-02,13:15,US ADP Non-Farm Employment Change,medium,USD,labor,synthetic_calendar,,,,,,
2019-01-04,13:30,US Non-Farm Payrolls (NFP),high,USD,labor,synthetic_calendar,,,,,,
2019-01-10,13:30,US Consumer Price Index (CPI) YoY,high,USD,inflation,synthetic_calendar,,,,,,
2019-01-14,13:30,US Producer Price Index (PPI) YoY,medium,USD,inflation,synthetic_calendar,,,,,,
2019-01-15,13:30,US Retail Sales MoM,medium,USD,consumption,synthetic_calendar,,,,,,
2019-01-16,18:00,FOMC Rate Decision,high,USD,rates,synthetic_calendar,,,,,,
2019-01-28,13:30,US GDP Annualized QoQ,high,USD,growth,synthetic_calendar,,,,,,
2019-01-31,13:30,US Core PCE Price Index MoM,high,USD,inflation,synthetic_calendar,,,,,,
2019-02-01,13:30,US Non-Farm Payrolls (NFP),high,USD,labor,synthetic_calendar,,,,,,
2019-02-01,15:00,US ISM Manufacturing PMI,medium,USD,growth,synthetic_calendar,,,,,,
2019-02-06,13:15,US ADP Non-Farm Employment Change,medium,USD,labor,synthetic_calendar,,,,,,
2019-02-11,13:30,US Consumer Price Index (CPI) YoY,high,USD,inflation,synthetic_calendar,,,,,,
2019-02-13,13:30,US Producer Price Index (PPI) YoY,medium,USD,inflation,synthetic_calendar,,,,,,
2019-02-15,13:30,US Retail Sales MoM,medium,USD,consumption,synthetic_calendar,,,,,,
2019-02-28,13:30,US Core PCE Price Index MoM,high,USD,inflation,synthetic_calendar,,,,,,
2019-03-01,13:30,US Non-Farm Payrolls (NFP),high,USD,labor,synthetic_calendar,,,,,,
2019-03-01,15:00,US ISM Manufacturing PMI,medium,USD,growth,synthetic_calendar,,,,,,
2019-03-06,13:15,US ADP Non-Farm Employment Change,medium,USD,labor,synthetic_calendar,,,,,,
2019-03-11,13:30,US Consumer Price Index (CPI) YoY,high,USD,inflation,synthetic_calendar,,,,,,
2019-03-13,13:30,US Producer Price Index (PPI) YoY,medium,USD,inflation,synthetic_calendar,,,,,,
2019-03-15,13:30,US Retail Sales MoM,medium,USD,consumption,synthetic_calendar,,,,,,
2019-03-20,18:00,FOMC Rate Decision,high,USD,rates,synthetic_calendar,,,,,,
2019-03-29,13:30,US Core PCE Price Index MoM,high,USD,inflation,synthetic_calendar,,,,,,
2019-04-01,15:00,US ISM Manufacturing PMI,medium,USD,growth,synthetic_calendar,,,,,,
2019-04-03,13:15,US ADP Non-Farm Employment Change,medium,USD,labor,synthetic_calendar,,,,,,
2019-04-05,13:30,US Non-Farm Payrolls (NFP),high,USD,labor,synthetic_calendar,,,,,,
2019-04-10,13:30,US Consumer Price Index (CPI) YoY,high,USD,inflation,synthetic_calendar,,,,,,
2019-04-15,13:30,US Producer Price Index (PPI) YoY,medium,USD,inflation,synthetic_calendar,,,,,,
2019-04-15,13:30,US Retail Sales MoM,medium,USD,consumption,synthetic_calendar,,,,,,
2019-04-26,13:30,US GDP Annualized QoQ,high,USD,growth,synthetic_calendar,,,,,,
2019-04-30,13:30,US Core PCE Price Index MoM,high,USD,inflation,synthetic_calendar,,,,,,
2019-05-01,13:15,US ADP Non-Farm Employment Change,medium,USD,labor,synthetic_calendar,,,,,,
2019-05-01,15:00,US ISM Manufacturing PMI,medium,USD,growth,synthetic_calendar,,,,,,
2019-05-03,13:30,US Non-Farm Payrolls (NFP),high,USD,labor,synthetic_calendar,,,,,,
2019-05-10,13:30,US Consumer Price Index (CPI) YoY,high,USD,inflation,synthetic_calendar,,,,,,
2019-05-13,13:30,US Producer Price Index (PPI) YoY,medium,USD,inflation,synthetic_calendar,,,,,,
2019-05-15,13:30,US Retail Sales MoM,medium,USD,consumption,synthetic_calendar,,,,,,
2019-05-15,18:00,FOMC Rate Decision,high,USD,rates,synthetic_calendar,,,,,,
2019-05-31,13:30,US Core PCE Price Index MoM,high,USD,inflation,synthetic_calendar,,,,,,
2019-06-03,15:00,US ISM Manufacturing PMI,medium,USD,growth,synthetic_calendar,,,,,,
2019-06-05,13:15,US ADP Non-Farm Employment Change,medium,USD,labor,synthetic_calendar,,,,,,
2019-06-07,13:30,US Non-Farm Payrolls (NFP),high,USD,labor,synthetic_calendar,,,,,,
2019-06-10,13:30,US Consumer Price Index (CPI) YoY,high,USD,inflation,synthetic_calendar,,,,,,
2019-06-13,13:30,US Producer Price Index (PPI) YoY,medium,USD,inflation,synthetic_calendar,,,,,,
2019-06-17,13:30,US Retail Sales MoM,medium,USD,consumption,synthetic_calendar,,,,,,
2019-06-19,18:00,FOMC Rate Decision,high,USD,rates,synthetic_calendar,,,,,,
2019-06-28,13:30,US Core PCE Price Index MoM,high,USD,inflation,synthetic_calendar,,,,,,
2019-07-01,15:00,US ISM Manufacturing PMI,medium,USD,growth,synthetic_calendar,,,,,,
2019-07-03,13:15,US ADP Non-Farm Employment Change,medium,USD,labor,synthetic_calendar,,,,,,
2019-07-05,13:30,US Non-Farm Payrolls (NFP),high,USD,labor,synthetic_calendar,,,,,,
2019-07-10,13:30,US Consumer Price Index (CPI) YoY,high,USD,inflation,synthetic_calendar,,,,,,
2019-07-15,13:30,US Producer Price Index (PPI) YoY,medium,USD,inflation,synthetic_calendar,,,,,,
2019-07-15,13:30,US Retail Sales MoM,medium,USD,consumption,synthetic_calendar,,,,,,
2019-07-17,18:00,FOMC Rate Decision,high,USD,rates,synthetic_calendar,,,,,,
2019-07-26,13:30,US GDP Annualized QoQ,high,USD,growth,synthetic_calendar,,,,,,
2019-07-31,13:30,US Core PCE Price Index MoM,high,USD,inflation,synthetic_calendar,,,,,,
2019-08-01,15:00,US ISM Manufacturing PMI,medium,USD,growth,synthetic_calendar,,,,,,
2019-08-02,13:30,US Non-Farm Payrolls (NFP),high,USD,labor,synthetic_calendar,,,,,,
2019-08-07,13:15,US ADP Non-Farm Employment Change,medium,USD,labor,synthetic_calendar,,,,,,
2019-08-12,13:30,US Consumer Price Index (CPI) YoY,high,USD,inflation,synthetic_calendar,,,,,,
2019-08-13,13:30,US Producer Price Index (PPI) YoY,medium,USD,inflation,synthetic_calendar,,,,,,
2019-08-15,13:30,US Retail Sales MoM,medium,USD,consumption,synthetic_calendar,,,,,,
2019-08-30,13:30,US Core PCE Price Index MoM,high,USD,inflation,synthetic_calendar,,,,,,
2019-09-02,15:00,US ISM Manufacturing PMI,medium,USD,growth,synthetic_calendar,,,,,,
2019-09-04,13:15,US ADP Non-Farm Employment Change,medium,USD,labor,synthetic_calendar,,,,,,
2019-09-06,13:30,US Non-Farm Payrolls (NFP),high,USD,labor,synthetic_calendar,,,,,,
2019-09-10,13:30,US Consumer Price Index (CPI) YoY,high,USD,inflation,synthetic_calendar,,,,,,
2019-09-13,13:30,US Producer Price Index (PPI) YoY,medium,USD,inflation,synthetic_calendar,,,,,,
2019-09-16,13:30,US Retail Sales MoM,medium,USD,consumption,synthetic_calendar,,,,,,
2019-09-18,18:00,FOMC Rate Decision,high,USD,rates,synthetic_calendar,,,,,,
2019-09-30,13:30,US Core PCE Price Index MoM,high,USD,inflation,synthetic_calendar,,,,,,
2019-10-01,15:00,US ISM Manufacturing PMI,medium,USD,growth,synthetic_calendar,,,,,,
2019-10-02,13:15,US ADP Non-Farm Employment Change,medium,USD,labor,synthetic_calendar,,,,,,
2019-10-04,13:30,US Non-Farm Payrolls (NFP),high,USD,labor,synthetic_calendar,,,,,,
2019-10-10,13:30,US Consumer Price Index (CPI) YoY,high,USD,inflation,synthetic_calendar,,,,,,
2019-10-14,13:30,US Producer Price Index (PPI) YoY,medium,USD,inflation,synthetic_calendar,,,,,,
2019-10-15,13:30,US Retail Sales MoM,medium,USD,consumption,synthetic_calendar,,,,,,
2019-10-28,13:30,US GDP Annualized QoQ,high,USD,growth,synthetic_calendar,,,,,,
2019-10-31,13:30,US Core PCE Price Index MoM,high,USD,inflation,synthetic_calendar,,,,,,
2019-11-01,13:30,US Non-Farm Payrolls (NFP),high,USD,labor,synthetic_calendar,,,,,,
2019-11-01,15:00,US ISM Manufacturing PMI,medium,USD,growth,synthetic_calendar,,,,,,
2019-11-06,13:15,US ADP Non-Farm Employment Change,medium,USD,labor,synthetic_calendar,,,,,,
2019-11-11,13:30,US Consumer Price Index (CPI) YoY,high,USD,inflation,synthetic_calendar,,,,,,
2019-11-13,13:30,US Producer Price Index (PPI) YoY,medium,USD,inflation,synthetic_calendar,,,,,,
2019-11-15,13:30,US Retail Sales MoM,medium,USD,consumption,synthetic_calendar,,,,,,
2019-11-20,18:00,FOMC Rate Decision,high,USD,rates,synthetic_calendar,,,,,,
2019-11-29,13:30,US Core PCE Price Index MoM,high,USD,inflation,synthetic_calendar,,,,,,
2019-12-02,15:00,US ISM Manufacturing PMI,medium,USD,growth,synthetic_calendar,,,,,,
2019-12-04,13:15,US ADP Non-Farm Employment Change,medium,USD,labor,synthetic_calendar,,,,,,
2019-12-06,13:30,US Non-Farm Payrolls (NFP),high,USD,labor,synthetic_calendar,,,,,,
2019-12-10,13:30,US Consumer Price Index (CPI) YoY,high,USD,inflation,synthetic_calendar,,,,,,
2019-12-13,13:30,US Producer Price Index (PPI) YoY,medium,USD,inflation,synthetic_calendar,,,,,,
2019-12-16,13:30,US Retail Sales MoM,medium,USD,consumption,synthetic_calendar,,,,,,
2019-12-18,18:00,FOMC Rate Decision,high,USD,rates,synthetic_calendar,,,,,,
2019-12-31,13:30,US Core PCE Price Index MoM,high,USD,inflation,synthetic_calendar,,,,,,
2020-01-01,13:15,US ADP Non-Farm Employment Change,medium,USD,labor,synthetic_calendar,,,,,,
2020-01-01,15:00,US ISM Manufacturing PMI,medium,USD,growth,synthetic_calendar,,,,,,
2020-01-03,13:30,US Non-Farm Payrolls (NFP),high,USD,labor,synthetic_calendar,,,,,,
2020-01-10,13:30,US Consumer Price Index (CPI) YoY,high,USD,inflation,synthetic_calendar,,,,,,
2020-01-13,13:30,US Producer Price Index (PPI) YoY,medium,USD,inflation,synthetic_calendar,,,,,,
2020-01-15,13:30,US Retail Sales MoM,medium,USD,consumption,synthetic_calendar,,,,,,
2020-01-15,18:00,FOMC Rate Decision,high,USD,rates,synthetic_calendar,,,,,,
2020-01-27,13:30,US GDP Annualized QoQ,high,USD,growth,synthetic_calendar,,,,,,
2020-01-31,13:30,US Core PCE Price Index MoM,high,USD,inflation,synthetic_calendar,,,,,,
2020-02-03,15:00,US ISM Manufacturing PMI,medium,USD,growth,synthetic_calendar,,,,,,
2020-02-05,13:15,US ADP Non-Farm Employment Change,medium,USD,labor,synthetic_calendar,,,,,,
2020-02-07,13:30,US Non-Farm Payrolls (NFP),high,USD,labor,synthetic_calendar,,,,,,
2020-02-10,13:30,US Consumer Price Index (CPI) YoY,high,USD,inflation,synthetic_calendar,,,,,,
2020-02-13,13:30,US Producer Price Index (PPI) YoY,medium,USD,inflation,synthetic_calendar,,,,,,
2020-02-17,13:30,US Retail Sales MoM,medium,USD,consumption,synthetic_calendar,,,,,,
2020-02-28,13:30,US Core PCE Price Index MoM,high,USD,inflation,synthetic_calendar,,,,,,
2020-03-02,15:00,US ISM Manufacturing PMI,medium,USD,growth,synthetic_calendar,,,,,,
2020-03-04,13:15,US ADP Non-Farm Employment Change,medium,USD,labor,synthetic_calendar,,,,,,
2020-03-06,13:30,US Non-Farm Payrolls (NFP),high,USD,labor,synthetic_calendar,,,,,,
2020-03-10,13:30,US Consumer Price Index (CPI) YoY,high,USD,inflation,synthetic_calendar,,,,,,
2020-03-13,13:30,US Producer Price Index (PPI) YoY,medium,USD,inflation,synthetic_calendar,,,,,,
2020-03-16,13:30,US Retail Sales MoM,medium,USD,consumption,synthetic_calendar,,,,,,
2020-03-18,18:00,FOMC Rate Decision,high,USD,rates,synthetic_calendar,,,,,,
2020-03-31,13:30,US Core PCE Price Index MoM,high,USD,inflation,synthetic_calendar,,,,,,
2020-04-01,13:15,US ADP Non-Farm Employment Change,medium,USD,labor,synthetic_calendar,,,,,,
2020-04-01,15:00,US ISM Manufacturing PMI,medium,USD,growth,synthetic_calendar,,,,,,
2020-04-03,13:30,US Non-Farm Payrolls (NFP),high,USD,labor,synthetic_calendar,,,,,,
2020-04-10,13:30,US Consumer Price Index (CPI) YoY,high,USD,inflation,synthetic_calendar,,,,,,
2020-04-13,13:30,US Producer Price Index (PPI) YoY,medium,USD,inflation,synthetic_calendar,,,,,,
2020-04-15,13:30,US Retail Sales MoM,medium,USD,consumption,synthetic_calendar,,,,,,
2020-04-27,13:30,US GDP Annualized QoQ,high,USD,growth,synthetic_calendar,,,,,,
2020-04-30,13:30,US Core PCE Price Index MoM,high,USD,inflation,synthetic_calendar,,,,,,
2020-05-01,13:30,US Non-Farm Payrolls (NFP),high,USD,labor,synthetic_calendar,,,,,,
2020-05-01,15:00,US ISM Manufacturing PMI,medium,USD,growth,synthetic_calendar,,,,,,
2020-05-06,13:15,US ADP Non-Farm Employment Change,medium,USD,labor,synthetic_calendar,,,,,,
2020-05-11,13:30,US Consumer Price Index (CPI) YoY,high,USD,inflation,synthetic_calendar,,,,,,
2020-05-13,13:30,US Producer Price Index (PPI) YoY,medium,USD,inflation,synthetic_calendar,,,,,,
2020-05-15,13:30,US Retail Sales MoM,medium,USD,consumption,synthetic_calendar,,,,,,
2020-05-20,18:00,FOMC Rate Decision,high,USD,rates,synthetic_calendar,,,,,,
2020-05-29,13:30,US Core PCE Price Index MoM,high,USD,inflation,synthetic_calendar,,,,,,
2020-06-01,15:00,US ISM Manufacturing PMI,medium,USD,growth,synthetic_calendar,,,,,,
2020-06-03,13:15,US ADP Non-Farm Employment Change,medium,USD,labor,synthetic_calendar,,,,,,
2020-06-05,13:30,US Non-Farm Payrolls (NFP),high,USD,labor,synthetic_calendar,,,,,,
2020-06-10,13:30,US Consumer Price Index (CPI) YoY,high,USD,inflation,synthetic_calendar,,,,,,
2020-06-15,13:30,US Producer Price Index (PPI) YoY,medium,USD,inflation,synthetic_calendar,,,,,,
2020-06-15,13:30,US Retail Sales MoM,medium,USD,consumption,synthetic_calendar,,,,,,
2020-06-17,18:00,FOMC Rate Decision,high,USD,rates,synthetic_calendar,,,,,,
2020-06-30,13:30,US Core PCE Price Index MoM,high,USD,inflation,synthetic_calendar,,,,,,
2020-07-01,13:15,US ADP Non-Farm Employment Change,medium,USD,labor,synthetic_calendar,,,,,,
2020-07-01,15:00,US ISM Manufacturing PMI,medium,USD,growth,synthetic_calendar,,,,,,
2020-07-03,13:30,US Non-Farm Payrolls (NFP),high,USD,labor,synthetic_calendar,,,,,,
2020-07-10,13:30,US Consumer Price Index (CPI) YoY,high,USD,inflation,synthetic_calendar,,,,,,
2020-07-13,13:30,US Producer Price Index (PPI) YoY,medium,USD,inflation,synthetic_calendar,,,,,,
2020-07-15,13:30,US Retail Sales MoM,medium,USD,consumption,synthetic_calendar,,,,,,
2020-07-15,18:00,FOMC Rate Decision,high,USD,rates,synthetic_calendar,,,,,,
2020-07-27,13:30,US GDP Annualized QoQ,high,USD,growth,synthetic_calendar,,,,,,
2020-07-31,13:30,US Core PCE Price Index MoM,high,USD,inflation,synthetic_calendar,,,,,,
2020-08-03,15:00,US ISM Manufacturing PMI,medium,USD,growth,synthetic_calendar,,,,,,
2020-08-05,13:15,US ADP Non-Farm Employment Change,medium,USD,labor,synthetic_calendar,,,,,,
2020-08-07,13:30,US Non-Farm Payrolls (NFP),high,USD,labor,synthetic_calendar,,,,,,
2020-08-10,13:30,US Consumer Price Index (CPI) YoY,high,USD,inflation,synthetic_calendar,,,,,,
2020-08-13,13:30,US Producer Price Index (PPI) YoY,medium,USD,inflation,synthetic_calendar,,,,,,
2020-08-17,13:30,US Retail Sales MoM,medium,USD,consumption,synthetic_calendar,,,,,,
2020-08-31,13:30,US Core PCE Price Index MoM,high,USD,inflation,synthetic_calendar,,,,,,
2020-09-01,15:00,US ISM Manufacturing PMI,medium,USD,growth,synthetic_calendar,,,,,,
2020-09-02,13:15,US ADP Non-Farm Employment Change,medium,USD,labor,synthetic_calendar,,,,,,
2020-09-04,13:30,US Non-Farm Payrolls (NFP),high,USD,labor,synthetic_calendar,,,,,,
2020-09-10,13:30,US Consumer Price Index (CPI) YoY,high,USD,inflation,synthetic_calendar,,,,,,
2020-09-14,13:30,US Producer Price Index (PPI) YoY,medium,USD,inflation,synthetic_calendar,,,,,,
2020-09-15,13:30,US Retail Sales MoM,medium,USD,consumption,synthetic_calendar,,,,,,
2020-09-16,18:00,FOMC Rate Decision,high,USD,rates,synthetic_calendar,,,,,,
2020-09-30,13:30,US Core PCE Price Index MoM,high,USD,inflation,synthetic_calendar,,,,,,
2020-10-01,15:00,US ISM Manufacturing PMI,medium,USD,growth,synthetic_calendar,,,,,,
2020-10-02,13:30,US Non-Farm Payrolls (NFP),high,USD,labor,synthetic_calendar,,,,,,
2020-10-07,13:15,US ADP Non-Farm Employment Change,medium,USD,labor,synthetic_calendar,,,,,,
2020-10-12,13:30,US Consumer Price Index (CPI) YoY,high,USD,inflation,synthetic_calendar,,,,,,
2020-10-13,13:30,US Producer Price Index (PPI) YoY,medium,USD,inflation,synthetic_calendar,,,,,,
2020-10-15,13:30,US Retail Sales MoM,medium,USD,consumption,synthetic_calendar,,,,,,
2020-10-26,13:30,US GDP Annualized QoQ,high,USD,growth,synthetic_calendar,,,,,,
2020-10-30,13:30,US Core PCE Price Index MoM,high,USD,inflation,synthetic_calendar,,,,,,
2020-11-02,15:00,US ISM Manufacturing PMI,medium,USD,growth,synthetic_calendar,,,,,,
2020-11-04,13:15,US ADP Non-Farm Employment Change,medium,USD,labor,synthetic_calendar,,,,,,
2020-11-06,13:30,US Non-Farm Payrolls (NFP),high,USD,labor,synthetic_calendar,,,,,,
2020-11-10,13:30,US Consumer Price Index (CPI) YoY,high,USD,inflation,synthetic_calendar,,,,,,
2020-11-13,13:30,US Producer Price Index (PPI) YoY,medium,USD,inflation,synthetic_calendar,,,,,,
2020-11-16,13:30,US Retail Sales MoM,medium,USD,consumption,synthetic_calendar,,,,,,
2020-11-18,18:00,FOMC Rate Decision,high,USD,rates,synthetic_calendar,,,,,,
2020-11-30,13:30,US Core PCE Price Index MoM,high,USD,inflation,synthetic_calendar,,,,,,
2020-12-01,15:00,US ISM Manufacturing PMI,medium,USD,growth,synthetic_calendar,,,,,,
2020-12-02,13:15,US ADP Non-Farm Employment Change,medium,USD,labor,synthetic_calendar,,,,,,
2020-12-04,13:30,US Non-Farm Payrolls (NFP),high,USD,labor,synthetic_calendar,,,,,,
2020-12-10,13:30,US Consumer Price Index (CPI) YoY,high,USD,inflation,synthetic_calendar,,,,,,
2020-12-14,13:30,US Producer Price Index (PPI) YoY,medium,USD,inflation,synthetic_calendar,,,,,,
2020-12-15,13:30,US Retail Sales MoM,medium,USD,consumption,synthetic_calendar,,,,,,
2020-12-16,18:00,FOMC Rate Decision,high,USD,rates,synthetic_calendar,,,,,,
2020-12-31,13:30,US Core PCE Price Index MoM,high,USD,inflation,synthetic_calendar,,,,,,
2021-01-01,13:30,US Non-Farm Payrolls (NFP),high,USD,labor,synthetic_calendar,,,,,,
2021-01-01,15:00,US ISM Manufacturing PMI,medium,USD,growth,synthetic_calendar,,,,,,
2021-01-06,13:15,US ADP Non-Farm Employment Change,medium,USD,labor,synthetic_calendar,,,,,,
2021-01-11,13:30,US Consumer Price Index (CPI) YoY,high,USD,inflation,synthetic_calendar,,,,,,
2021-01-13,13:30,US Producer Price Index (PPI) YoY,medium,USD,inflation,synthetic_calendar,,,,,,
2021-01-15,13:30,US Retail Sales MoM,medium,USD,consumption,synthetic_calendar,,,,,,
2021-01-20,18:00,FOMC Rate Decision,high,USD,rates,synthetic_calendar,,,,,,
2021-01-26,13:30,US GDP Annualized QoQ,high,USD,growth,synthetic_calendar,,,,,,
2021-01-29,13:30,US Core PCE Price Index MoM,high,USD,inflation,synthetic_calendar,,,,,,
2021-02-01,15:00,US ISM Manufacturing PMI,medium,USD,growth,synthetic_calendar,,,,,,
2021-02-03,13:15,US ADP Non-Farm Employment Change,medium,USD,labor,synthetic_calendar,,,,,,
2021-02-05,13:30,US Non-Farm Payrolls (NFP),high,USD,labor,synthetic_calendar,,,,,,
2021-02-10,13:30,US Consumer Price Index (CPI) YoY,high,USD,inflation,synthetic_calendar,,,,,,
2021-02-15,13:30,US Producer Price Index (PPI) YoY,medium,USD,inflation,synthetic_calendar,,,,,,
2021-02-15,13:30,US Retail Sales MoM,medium,USD,consumption,synthetic_calendar,,,,,,
2021-02-26,13:30,US Core PCE Price Index MoM,high,USD,inflation,synthetic_calendar,,,,,,
2021-03-01,15:00,US ISM Manufacturing PMI,medium,USD,growth,synthetic_calendar,,,,,,
2021-03-03,13:15,US ADP Non-Farm Employment Change,medium,USD,labor,synthetic_calendar,,,,,,
2021-03-05,13:30,US Non-Farm Payrolls (NFP),high,USD,labor,synthetic_calendar,,,,,,
2021-03-10,13:30,US Consumer Price Index (CPI) YoY,high,USD,inflation,synthetic_calendar,,,,,,
2021-03-15,13:30,US Producer Price Index (PPI) YoY,medium,USD,inflation,synthetic_calendar,,,,,,
2021-03-15,13:30,US Retail Sales MoM,medium,USD,consumption,synthetic_calendar,,,,,,
2021-03-17,18:00,FOMC Rate Decision,high,USD,rates,synthetic_calendar,,,,,,
2021-03-31,13:30,US Core PCE Price Index MoM,high,USD,inflation,synthetic_calendar,,,,,,
2021-04-01,15:00,US ISM Manufacturing PMI,medium,USD,growth,synthetic_calendar,,,,,,
2021-04-02,13:30,US Non-Farm Payrolls (NFP),high,USD,labor,synthetic_calendar,,,,,,
2021-04-07,13:15,US ADP Non-Farm Employment Change,medium,USD,labor,synthetic_calendar,,,,,,
2021-04-12,13:30,US Consumer Price Index (CPI) YoY,high,USD,inflation,synthetic_calendar,,,,,,
2021-04-13,13:30,US Producer Price Index (PPI) YoY,medium,USD,inflation,synthetic_calendar,,,,,,
2021-04-15,13:30,US Retail Sales MoM,medium,USD,consumption,synthetic_calendar,,,,,,
2021-04-26,13:30,US GDP Annualized QoQ,high,USD,growth,synthetic_calendar,,,,,,
2021-04-30,13:30,US Core PCE Price Index MoM,high,USD,inflation,synthetic_calendar,,,,,,
2021-05-03,15:00,US ISM Manufacturing PMI,medium,USD,growth,synthetic_calendar,,,,,,
2021-05-05,13:15,US ADP Non-Farm Employment Change,medium,USD,labor,synthetic_calendar,,,,,,
2021-05-07,13:30,US Non-Farm Payrolls (NFP),high,USD,labor,synthetic_calendar,,,,,,
2021-05-10,13:30,US Consumer Price Index (CPI) YoY,high,USD,inflation,synthetic_calendar,,,,,,
2021-05-13,13:30,US Producer Price Index (PPI) YoY,medium,USD,inflation,synthetic_calendar,,,,,,
2021-05-17,13:30,US Retail Sales MoM,medium,USD,consumption,synthetic_calendar,,,,,,
2021-05-19,18:00,FOMC Rate Decision,high,USD,rates,synthetic_calendar,,,,,,
2021-05-31,13:30,US Core PCE Price Index MoM,high,USD,inflation,synthetic_calendar,,,,,,
2021-06-01,15:00,US ISM Manufacturing PMI,medium,USD,growth,synthetic_calendar,,,,,,
2021-06-02,13:15,US ADP Non-Farm Employment Change,medium,USD,labor,synthetic_calendar,,,,,,
2021-06-04,13:30,US Non-Farm Payrolls (NFP),high,USD,labor,synthetic_calendar,,,,,,
2021-06-10,13:30,US Consumer Price Index (CPI) YoY,high,USD,inflation,synthetic_calendar,,,,,,
2021-06-14,13:30,US Producer Price Index (PPI) YoY,medium,USD,inflation,synthetic_calendar,,,,,,
2021-06-15,13:30,US Retail Sales MoM,medium,USD,consumption,synthetic_calendar,,,,,,
2021-06-16,18:00,FOMC Rate Decision,high,USD,rates,synthetic_calendar,,,,,,
2021-06-30,13:30,US Core PCE Price Index MoM,high,USD,inflation,synthetic_calendar,,,,,,
2021-07-01,15:00,US ISM Manufacturing PMI,medium,USD,growth,synthetic_calendar,,,,,,
2021-07-02,13:30,US Non-Farm Payrolls (NFP),high,USD,labor,synthetic_calendar,,,,,,
2021-07-07,13:15,US ADP Non-Farm Employment Change,medium,USD,labor,synthetic_calendar,,,,,,
2021-07-12,13:30,US Consumer Price Index (CPI) YoY,high,USD,inflation,synthetic_calendar,,,,,,
2021-07-13,13:30,US Producer Price Index (PPI) YoY,medium,USD,inflation,synthetic_calendar,,,,,,
2021-07-15,13:30,US Retail Sales MoM,medium,USD,consumption,synthetic_calendar,,,,,,
2021-07-21,18:00,FOMC Rate Decision,high,USD,rates,synthetic_calendar,,,,,,
2021-07-26,13:30,US GDP Annualized QoQ,high,USD,growth,synthetic_calendar,,,,,,
2021-07-30,13:30,US Core PCE Price Index MoM,high,USD,inflation,synthetic_calendar,,,,,,
2021-08-02,15:00,US ISM Manufacturing PMI,medium,USD,growth,synthetic_calendar,,,,,,
2021-08-04,13:15,US ADP Non-Farm Employment Change,medium,USD,labor,synthetic_calendar,,,,,,
2021-08-06,13:30,US Non-Farm Payrolls (NFP),high,USD,labor,synthetic_calendar,,,,,,
2021-08-10,13:30,US Consumer Price Index (CPI) YoY,high,USD,inflation,synthetic_calendar,,,,,,
2021-08-13,13:30,US Producer Price Index (PPI) YoY,medium,USD,inflation,synthetic_calendar,,,,,,
2021-08-16,13:30,US Retail Sales MoM,medium,USD,consumption,synthetic_calendar,,,,,,
2021-08-31,13:30,US Core PCE Price Index MoM,high,USD,inflation,synthetic_calendar,,,,,,
2021-09-01,13:15,US ADP Non-Farm Employment Change,medium,USD,labor,synthetic_calendar,,,,,,
2021-09-01,15:00,US ISM Manufacturing PMI,medium,USD,growth,synthetic_calendar,,,,,,
2021-09-03,13:30,US Non-Farm Payrolls (NFP),high,USD,labor,synthetic_calendar,,,,,,
2021-09-10,13:30,US Consumer Price Index (CPI) YoY,high,USD,inflation,synthetic_calendar,,,,,,
2021-09-13,13:30,US Producer Price Index (PPI) YoY,medium,USD,inflation,synthetic_calendar,,,,,,
2021-09-15,13:30,US Retail Sales MoM,medium,USD,consumption,synthetic_calendar,,,,,,
2021-09-15,18:00,FOMC Rate Decision,high,USD,rates,synthetic_calendar,,,,,,
2021-09-30,13:30,US Core PCE Price Index MoM,high,USD,inflation,synthetic_calendar,,,,,,
2021-10-01,13:30,US Non-Farm Payrolls (NFP),high,USD,labor,synthetic_calendar,,,,,,
2021-10-01,15:00,US ISM Manufacturing PMI,medium,USD,growth,synthetic_calendar,,,,,,
2021-10-06,13:15,US ADP Non-Farm Employment Change,medium,USD,labor,synthetic_calendar,,,,,,
2021-10-11,13:30,US Consumer Price Index (CPI) YoY,high,USD,inflation,synthetic_calendar,,,,,,
2021-10-13,13:30,US Producer Price Index (PPI) YoY,medium,USD,inflation,synthetic_calendar,,,,,,
2021-10-15,13:30,US Retail Sales MoM,medium,USD,consumption,synthetic_calendar,,,,,,
2021-10-26,13:30,US GDP Annualized QoQ,high,USD,growth,synthetic_calendar,,,,,,
2021-10-29,13:30,US Core PCE Price Index MoM,high,USD,inflation,synthetic_calendar,,,,,,
2021-11-01,15:00,US ISM Manufacturing PMI,medium,USD,growth,synthetic_calendar,,,,,,
2021-11-03,13:15,US ADP Non-Farm Employment Change,medium,USD,labor,synthetic_calendar,,,,,,
2021-11-05,13:30,US Non-Farm Payrolls (NFP),high,USD,labor,synthetic_calendar,,,,,,
2021-11-10,13:30,US Consumer Price Index (CPI) YoY,high,USD,inflation,synthetic_calendar,,,,,,
2021-11-15,13:30,US Producer Price Index (PPI) YoY,medium,USD,inflation,synthetic_calendar,,,,,,
2021-11-15,13:30,US Retail Sales MoM,medium,USD,consumption,synthetic_calendar,,,,,,
2021-11-17,18:00,FOMC Rate Decision,high,USD,rates,synthetic_calendar,,,,,,
2021-11-30,13:30,US Core PCE Price Index MoM,high,USD,inflation,synthetic_calendar,,,,,,
2021-12-01,13:15,US ADP Non-Farm Employment Change,medium,USD,labor,synthetic_calendar,,,,,,
2021-12-01,15:00,US ISM Manufacturing PMI,medium,USD,growth,synthetic_calendar,,,,,,
2021-12-03,13:30,US Non-Farm Payrolls (NFP),high,USD,labor,synthetic_calendar,,,,,,
2021-12-10,13:30,US Consumer Price Index (CPI) YoY,high,USD,inflation,synthetic_calendar,,,,,,
2021-12-13,13:30,US Producer Price Index (PPI) YoY,medium,USD,inflation,synthetic_calendar,,,,,,
2021-12-15,13:30,US Retail Sales MoM,medium,USD,consumption,synthetic_calendar,,,,,,
2021-12-15,18:00,FOMC Rate Decision,high,USD,rates,synthetic_calendar,,,,,,
2021-12-31,13:30,US Core PCE Price Index MoM,high,USD,inflation,synthetic_calendar,,,,,,
2022-01-03,15:00,US ISM Manufacturing PMI,medium,USD,growth,synthetic_calendar,,,,,,
2022-01-05,13:15,US ADP Non-Farm Employment Change,medium,USD,labor,synthetic_calendar,,,,,,
2022-01-07,13:30,US Non-Farm Payrolls (NFP),high,USD,labor,synthetic_calendar,,,,,,
2022-01-10,13:30,US Consumer Price Index (CPI) YoY,high,USD,inflation,synthetic_calendar,,,,,,
2022-01-13,13:30,US Producer Price Index (PPI) YoY,medium,USD,inflation,synthetic_calendar,,,,,,
2022-01-17,13:30,US Retail Sales MoM,medium,USD,consumption,synthetic_calendar,,,,,,
2022-01-19,18:00,FOMC Rate Decision,high,USD,rates,synthetic_calendar,,,,,,
2022-01-26,13:30,US GDP Annualized QoQ,high,USD,growth,synthetic_calendar,,,,,,
2022-01-31,13:30,US Core PCE Price Index MoM,high,USD,inflation,synthetic_calendar,,,,,,
2022-02-01,15:00,US ISM Manufacturing PMI,medium,USD,growth,synthetic_calendar,,,,,,
2022-02-02,13:15,US ADP Non-Farm Employment Change,medium,USD,labor,synthetic_calendar,,,,,,
2022-02-04,13:30,US Non-Farm Payrolls (NFP),high,USD,labor,synthetic_calendar,,,,,,
2022-02-10,13:30,US Consumer Price Index (CPI) YoY,high,USD,inflation,synthetic_calendar,,,,,,
2022-02-14,13:30,US Producer Price Index (PPI) YoY,medium,USD,inflation,synthetic_calendar,,,,,,
2022-02-15,13:30,US Retail Sales MoM,medium,USD,consumption,synthetic_calendar,,,,,,
2022-02-28,13:30,US Core PCE Price Index MoM,high,USD,inflation,synthetic_calendar,,,,,,
2022-03-01,15:00,US ISM Manufacturing PMI,medium,USD,growth,synthetic_calendar,,,,,,
2022-03-02,13:15,US ADP Non-Farm Employment Change,medium,USD,labor,synthetic_calendar,,,,,,
2022-03-04,13:30,US Non-Farm Payrolls (NFP),high,USD,labor,synthetic_calendar,,,,,,
2022-03-10,13:30,US Consumer Price Index (CPI) YoY,high,USD,inflation,synthetic_calendar,,,,,,
2022-03-14,13:30,US Producer Price Index (PPI) YoY,medium,USD,inflation,synthetic_calendar,,,,,,
2022-03-15,13:30,US Retail Sales MoM,medium,USD,consumption,synthetic_calendar,,,,,,
2022-03-16,18:00,FOMC Rate Decision,high,USD,rates,synthetic_calendar,,,,,,
2022-03-31,13:30,US Core PCE Price Index MoM,high,USD,inflation,synthetic_calendar,,,,,,
2022-04-01,13:30,US Non-Farm Payrolls (NFP),high,USD,labor,synthetic_calendar,,,,,,
2022-04-01,15:00,US ISM Manufacturing PMI,medium,USD,growth,synthetic_calendar,,,,,,
2022-04-06,13:15,US ADP Non-Farm Employment Change,medium,USD,labor,synthetic_calendar,,,,,,
2022-04-11,13:30,US Consumer Price Index (CPI) YoY,high,USD,inflation,synthetic_calendar,,,,,,
2022-04-13,13:30,US Producer Price Index (PPI) YoY,medium,USD,inflation,synthetic_calendar,,,,,,
2022-04-15,13:30,US Retail Sales MoM,medium,USD,consumption,synthetic_calendar,,,,,,
2022-04-26,13:30,US GDP Annualized QoQ,high,USD,growth,synthetic_calendar,,,,,,
2022-04-29,13:30,US Core PCE Price Index MoM,high,USD,inflation,synthetic_calendar,,,,,,
2022-05-02,15:00,US ISM Manufacturing PMI,medium,USD,growth,synthetic_calendar,,,,,,
2022-05-04,13:15,US ADP Non-Farm Employment Change,medium,USD,labor,synthetic_calendar,,,,,,
2022-05-06,13:30,US Non-Farm Payrolls (NFP),high,USD,labor,synthetic_calendar,,,,,,
2022-05-10,13:30,US Consumer Price Index (CPI) YoY,high,USD,inflation,synthetic_calendar,,,,,,
2022-05-13,13:30,US Producer Price Index (PPI) YoY,medium,USD,inflation,synthetic_calendar,,,,,,
2022-05-16,13:30,US Retail Sales MoM,medium,USD,consumption,synthetic_calendar,,,,,,
2022-05-18,18:00,FOMC Rate Decision,high,USD,rates,synthetic_calendar,,,,,,
2022-05-31,13:30,US Core PCE Price Index MoM,high,USD,inflation,synthetic_calendar,,,,,,
2022-06-01,13:15,US ADP Non-Farm Employment Change,medium,USD,labor,synthetic_calendar,,,,,,
2022-06-01,15:00,US ISM Manufacturing PMI,medium,USD,growth,synthetic_calendar,,,,,,
2022-06-03,13:30,US Non-Farm Payrolls (NFP),high,USD,labor,synthetic_calendar,,,,,,
2022-06-10,13:30,US Consumer Price Index (CPI) YoY,high,USD,inflation,synthetic_calendar,,,,,,
2022-06-13,13:30,US Producer Price Index (PPI) YoY,medium,USD,inflation,synthetic_calendar,,,,,,
2022-06-15,13:30,US Retail Sales MoM,medium,USD,consumption,synthetic_calendar,,,,,,
2022-06-15,18:00,FOMC Rate Decision,high,USD,rates,synthetic_calendar,,,,,,
2022-06-30,13:30,US Core PCE Price Index MoM,high,USD,inflation,synthetic_calendar,,,,,,
2022-07-01,13:30,US Non-Farm Payrolls (NFP),high,USD,labor,synthetic_calendar,,,,,,
2022-07-01,15:00,US ISM Manufacturing PMI,medium,USD,growth,synthetic_calendar,,,,,,
2022-07-06,13:15,US ADP Non-Farm Employment Change,medium,USD,labor,synthetic_calendar,,,,,,
2022-07-11,13:30,US Consumer Price Index (CPI) YoY,high,USD,inflation,synthetic_calendar,,,,,,
2022-07-13,13:30,US Producer Price Index (PPI) YoY,medium,USD,inflation,synthetic_calendar,,,,,,
2022-07-15,13:30,US Retail Sales MoM,medium,USD,consumption,synthetic_calendar,,,,,,
2022-07-20,18:00,FOMC Rate Decision,high,USD,rates,synthetic_calendar,,,,,,
2022-07-26,13:30,US GDP Annualized QoQ,high,USD,growth,synthetic_calendar,,,,,,
2022-07-29,13:30,US Core PCE Price Index MoM,high,USD,inflation,synthetic_calendar,,,,,,
2022-08-01,15:00,US ISM Manufacturing PMI,medium,USD,growth,synthetic_calendar,,,,,,
2022-08-03,13:15,US ADP Non-Farm Employment Change,medium,USD,labor,synthetic_calendar,,,,,,
2022-08-05,13:30,US Non-Farm Payrolls (NFP),high,USD,labor,synthetic_calendar,,,,,,
2022-08-10,13:30,US Consumer Price Index (CPI) YoY,high,USD,inflation,synthetic_calendar,,,,,,
2022-08-15,13:30,US Producer Price Index (PPI) YoY,medium,USD,inflation,synthetic_calendar,,,,,,
2022-08-15,13:30,US Retail Sales MoM,medium,USD,consumption,synthetic_calendar,,,,,,
2022-08-31,13:30,US Core PCE Price Index MoM,high,USD,inflation,synthetic_calendar,,,,,,
2022-09-01,15:00,US ISM Manufacturing PMI,medium,USD,growth,synthetic_calendar,,,,,,
2022-09-02,13:30,US Non-Farm Payrolls (NFP),high,USD,labor,synthetic_calendar,,,,,,
2022-09-07,13:15,US ADP Non-Farm Employment Change,medium,USD,labor,synthetic_calendar,,,,,,
2022-09-12,13:30,US Consumer Price Index (CPI) YoY,high,USD,inflation,synthetic_calendar,,,,,,
2022-09-13,13:30,US Producer Price Index (PPI) YoY,medium,USD,inflation,synthetic_calendar,,,,,,
2022-09-15,13:30,US Retail Sales MoM,medium,USD,consumption,synthetic_calendar,,,,,,
2022-09-21,18:00,FOMC Rate Decision,high,USD,rates,synthetic_calendar,,,,,,
2022-09-30,13:30,US Core PCE Price Index MoM,high,USD,inflation,synthetic_calendar,,,,,,
2022-10-03,15:00,US ISM Manufacturing PMI,medium,USD,growth,synthetic_calendar,,,,,,
2022-10-05,13:15,US ADP Non-Farm Employment Change,medium,USD,labor,synthetic_calendar,,,,,,
2022-10-07,13:30,US Non-Farm Payrolls (NFP),high,USD,labor,synthetic_calendar,,,,,,
2022-10-10,13:30,US Consumer Price Index (CPI) YoY,high,USD,inflation,synthetic_calendar,,,,,,
2022-10-13,13:30,US Producer Price Index (PPI) YoY,medium,USD,inflation,synthetic_calendar,,,,,,
2022-10-17,13:30,US Retail Sales MoM,medium,USD,consumption,synthetic_calendar,,,,,,
2022-10-26,13:30,US GDP Annualized QoQ,high,USD,growth,synthetic_calendar,,,,,,
2022-10-31,13:30,US Core PCE Price Index MoM,high,USD,inflation,synthetic_calendar,,,,,,
2022-11-01,15:00,US ISM Manufacturing PMI,medium,USD,growth,synthetic_calendar,,,,,,
2022-11-02,13:15,US ADP Non-Farm Employment Change,medium,USD,labor,synthetic_calendar,,,,,,
2022-11-04,13:30,US Non-Farm Payrolls (NFP),high,USD,labor,synthetic_calendar,,,,,,
2022-11-10,13:30,US Consumer Price Index (CPI) YoY,high,USD,inflation,synthetic_calendar,,,,,,
2022-11-14,13:30,US Producer Price Index (PPI) YoY,medium,USD,inflation,synthetic_calendar,,,,,,
2022-11-15,13:30,US Retail Sales MoM,medium,USD,consumption,synthetic_calendar,,,,,,
2022-11-16,18:00,FOMC Rate Decision,high,USD,rates,synthetic_calendar,,,,,,
2022-11-30,13:30,US Core PCE Price Index MoM,high,USD,inflation,synthetic_calendar,,,,,,
2022-12-01,15:00,US ISM Manufacturing PMI,medium,USD,growth,synthetic_calendar,,,,,,
2022-12-02,13:30,US Non-Farm Payrolls (NFP),high,USD,labor,synthetic_calendar,,,,,,
2022-12-07,13:15,US ADP Non-Farm Employment Change,medium,USD,labor,synthetic_calendar,,,,,,
2022-12-12,13:30,US Consumer Price Index (CPI) YoY,high,USD,inflation,synthetic_calendar,,,,,,
2022-12-13,13:30,US Producer Price Index (PPI) YoY,medium,USD,inflation,synthetic_calendar,,,,,,
2022-12-15,13:30,US Retail Sales MoM,medium,USD,consumption,synthetic_calendar,,,,,,
2022-12-21,18:00,FOMC Rate Decision,high,USD,rates,synthetic_calendar,,,,,,
2022-12-30,13:30,US Core PCE Price Index MoM,high,USD,inflation,synthetic_calendar,,,,,,
2023-01-02,15:00,US ISM Manufacturing PMI,medium,USD,growth,synthetic_calendar,,,,,,
2023-01-04,13:15,US ADP Non-Farm Employment Change,medium,USD,labor,synthetic_calendar,,,,,,
2023-01-06,13:30,US Non-Farm Payrolls (NFP),high,USD,labor,synthetic_calendar,,,,,,
2023-01-10,13:30,US Consumer Price Index (CPI) YoY,high,USD,inflation,synthetic_calendar,,,,,,
2023-01-13,13:30,US Producer Price Index (PPI) YoY,medium,USD,inflation,synthetic_calendar,,,,,,
2023-01-16,13:30,US Retail Sales MoM,medium,USD,consumption,synthetic_calendar,,,,,,
2023-01-18,18:00,FOMC Rate Decision,high,USD,rates,synthetic_calendar,,,,,,
2023-01-26,13:30,US GDP Annualized QoQ,high,USD,growth,synthetic_calendar,,,,,,
2023-01-31,13:30,US Core PCE Price Index MoM,high,USD,inflation,synthetic_calendar,,,,,,
2023-02-01,13:15,US ADP Non-Farm Employment Change,medium,USD,labor,synthetic_calendar,,,,,,
2023-02-01,15:00,US ISM Manufacturing PMI,medium,USD,growth,synthetic_calendar,,,,,,
2023-02-03,13:30,US Non-Farm Payrolls (NFP),high,USD,labor,synthetic_calendar,,,,,,
2023-02-10,13:30,US Consumer Price Index (CPI) YoY,high,USD,inflation,synthetic_calendar,,,,,,
2023-02-13,13:30,US Producer Price Index (PPI) YoY,medium,USD,inflation,synthetic_calendar,,,,,,
2023-02-15,13:30,US Retail Sales MoM,medium,USD,consumption,synthetic_calendar,,,,,,
2023-02-28,13:30,US Core PCE Price Index MoM,high,USD,inflation,synthetic_calendar,,,,,,
2023-03-01,13:15,US ADP Non-Farm Employment Change,medium,USD,labor,synthetic_calendar,,,,,,
2023-03-01,15:00,US ISM Manufacturing PMI,medium,USD,growth,synthetic_calendar,,,,,,
2023-03-03,13:30,US Non-Farm Payrolls (NFP),high,USD,labor,synthetic_calendar,,,,,,
2023-03-10,13:30,US Consumer Price Index (CPI) YoY,high,USD,inflation,synthetic_calendar,,,,,,
2023-03-13,13:30,US Producer Price Index (PPI) YoY,medium,USD,inflation,synthetic_calendar,,,,,,
2023-03-15,13:30,US Retail Sales MoM,medium,USD,consumption,synthetic_calendar,,,,,,
2023-03-15,18:00,FOMC Rate Decision,high,USD,rates,synthetic_calendar,,,,,,
2023-03-31,13:30,US Core PCE Price Index MoM,high,USD,inflation,synthetic_calendar,,,,,,
2023-04-03,15:00,US ISM Manufacturing PMI,medium,USD,growth,synthetic_calendar,,,,,,
2023-04-05,13:15,US ADP Non-Farm Employment Change,medium,USD,labor,synthetic_calendar,,,,,,
2023-04-07,13:30,US Non-Farm Payrolls (NFP),high,USD,labor,synthetic_calendar,,,,,,
2023-04-10,13:30,US Consumer Price Index (CPI) YoY,high,USD,inflation,synthetic_calendar,,,,,,
2023-04-13,13:30,US Producer Price Index (PPI) YoY,medium,USD,inflation,synthetic_calendar,,,,,,
2023-04-17,13:30,US Retail Sales MoM,medium,USD,consumption,synthetic_calendar,,,,,,
2023-04-26,13:30,US GDP Annualized QoQ,high,USD,growth,synthetic_calendar,,,,,,
2023-04-28,13:30,US Core PCE Price Index MoM,high,USD,inflation,synthetic_calendar,,,,,,
2023-05-01,15:00,US ISM Manufacturing PMI,medium,USD,growth,synthetic_calendar,,,,,,
2023-05-03,13:15,US ADP Non-Farm Employment Change,medium,USD,labor,synthetic_calendar,,,,,,
2023-05-05,13:30,US Non-Farm Payrolls (NFP),high,USD,labor,synthetic_calendar,,,,,,
2023-05-10,13:30,US Consumer Price Index (CPI) YoY,high,USD,inflation,synthetic_calendar,,,,,,
2023-05-15,13:30,US Producer Price Index (PPI) YoY,medium,USD,inflation,synthetic_calendar,,,,,,
2023-05-15,13:30,US Retail Sales MoM,medium,USD,consumption,synthetic_calendar,,,,,,
2023-05-17,18:00,FOMC Rate Decision,high,USD,rates,synthetic_calendar,,,,,,
2023-05-31,13:30,US Core PCE Price Index MoM,high,USD,inflation,synthetic_calendar,,,,,,
2023-06-01,15:00,US ISM Manufacturing PMI,medium,USD,growth,synthetic_calendar,,,,,,
2023-06-02,13:30,US Non-Farm Payrolls (NFP),high,USD,labor,synthetic_calendar,,,,,,
2023-06-07,13:15,US ADP Non-Farm Employment Change,medium,USD,labor,synthetic_calendar,,,,,,
2023-06-12,13:30,US Consumer Price Index (CPI) YoY,high,USD,inflation,synthetic_calendar,,,,,,
2023-06-13,13:30,US Producer Price Index (PPI) YoY,medium,USD,inflation,synthetic_calendar,,,,,,
2023-06-15,13:30,US Retail Sales MoM,medium,USD,consumption,synthetic_calendar,,,,,,
2023-06-21,18:00,FOMC Rate Decision,high,USD,rates,synthetic_calendar,,,,,,
2023-06-30,13:30,US Core PCE Price Index MoM,high,USD,inflation,synthetic_calendar,,,,,,
2023-07-03,15:00,US ISM Manufacturing PMI,medium,USD,growth,synthetic_calendar,,,,,,
2023-07-05,13:15,US ADP Non-Farm Employment Change,medium,USD,labor,synthetic_calendar,,,,,,
2023-07-07,13:30,US Non-Farm Payrolls (NFP),high,USD,labor,synthetic_calendar,,,,,,
2023-07-10,13:30,US Consumer Price Index (CPI) YoY,high,USD,inflation,synthetic_calendar,,,,,,
2023-07-13,13:30,US Producer Price Index (PPI) YoY,medium,USD,inflation,synthetic_calendar,,,,,,
2023-07-17,13:30,US Retail Sales MoM,medium,USD,consumption,synthetic_calendar,,,,,,
2023-07-19,18:00,FOMC Rate Decision,high,USD,rates,synthetic_calendar,,,,,,
2023-07-26,13:30,US GDP Annualized QoQ,high,USD,growth,synthetic_calendar,,,,,,
2023-07-31,13:30,US Core PCE Price Index MoM,high,USD,inflation,synthetic_calendar,,,,,,
2023-08-01,15:00,US ISM Manufacturing PMI,medium,USD,growth,synthetic_calendar,,,,,,
2023-08-02,13:15,US ADP Non-Farm Employment Change,medium,USD,labor,synthetic_calendar,,,,,,
2023-08-04,13:30,US Non-Farm Payrolls (NFP),high,USD,labor,synthetic_calendar,,,,,,
2023-08-10,13:30,US Consumer Price Index (CPI) YoY,high,USD,inflation,synthetic_calendar,,,,,,
2023-08-14,13:30,US Producer Price Index (PPI) YoY,medium,USD,inflation,synthetic_calendar,,,,,,
2023-08-15,13:30,US Retail Sales MoM,medium,USD,consumption,synthetic_calendar,,,,,,
2023-08-31,13:30,US Core PCE Price Index MoM,high,USD,inflation,synthetic_calendar,,,,,,
2023-09-01,13:30,US Non-Farm Payrolls (NFP),high,USD,labor,synthetic_calendar,,,,,,
2023-09-01,15:00,US ISM Manufacturing PMI,medium,USD,growth,synthetic_calendar,,,,,,
2023-09-06,13:15,US ADP Non-Farm Employment Change,medium,USD,labor,synthetic_calendar,,,,,,
2023-09-11,13:30,US Consumer Price Index (CPI) YoY,high,USD,inflation,synthetic_calendar,,,,,,
2023-09-13,13:30,US Producer Price Index (PPI) YoY,medium,USD,inflation,synthetic_calendar,,,,,,
2023-09-15,13:30,US Retail Sales MoM,medium,USD,consumption,synthetic_calendar,,,,,,
2023-09-20,18:00,FOMC Rate Decision,high,USD,rates,synthetic_calendar,,,,,,
2023-09-29,13:30,US Core PCE Price Index MoM,high,USD,inflation,synthetic_calendar,,,,,,
2023-10-02,15:00,US ISM Manufacturing PMI,medium,USD,growth,synthetic_calendar,,,,,,
2023-10-04,13:15,US ADP Non-Farm Employment Change,medium,USD,labor,synthetic_calendar,,,,,,
2023-10-06,13:30,US Non-Farm Payrolls (NFP),high,USD,labor,synthetic_calendar,,,,,,
2023-10-10,13:30,US Consumer Price Index (CPI) YoY,high,USD,inflation,synthetic_calendar,,,,,,
2023-10-13,13:30,US Producer Price Index (PPI) YoY,medium,USD,inflation,synthetic_calendar,,,,,,
2023-10-16,13:30,US Retail Sales MoM,medium,USD,consumption,synthetic_calendar,,,,,,
2023-10-26,13:30,US GDP Annualized QoQ,high,USD,growth,synthetic_calendar,,,,,,
2023-10-31,13:30,US Core PCE Price Index MoM,high,USD,inflation,synthetic_calendar,,,,,,
2023-11-01,13:15,US ADP Non-Farm Employment Change,medium,USD,labor,synthetic_calendar,,,,,,
2023-11-01,15:00,US ISM Manufacturing PMI,medium,USD,growth,synthetic_calendar,,,,,,
2023-11-03,13:30,US Non-Farm Payrolls (NFP),high,USD,labor,synthetic_calendar,,,,,,
2023-11-10,13:30,US Consumer Price Index (CPI) YoY,high,USD,inflation,synthetic_calendar,,,,,,
2023-11-13,13:30,US Producer Price Index (PPI) YoY,medium,USD,inflation,synthetic_calendar,,,,,,
2023-11-15,13:30,US Retail Sales MoM,medium,USD,consumption,synthetic_calendar,,,,,,
2023-11-15,18:00,FOMC Rate Decision,high,USD,rates,synthetic_calendar,,,,,,
2023-11-30,13:30,US Core PCE Price Index MoM,high,USD,inflation,synthetic_calendar,,,,,,
2023-12-01,13:30,US Non-Farm Payrolls (NFP),high,USD,labor,synthetic_calendar,,,,,,
2023-12-01,15:00,US ISM Manufacturing PMI,medium,USD,growth,synthetic_calendar,,,,,,
2023-12-06,13:15,US ADP Non-Farm Employment Change,medium,USD,labor,synthetic_calendar,,,,,,
2023-12-11,13:30,US Consumer Price Index (CPI) YoY,high,USD,inflation,synthetic_calendar,,,,,,
2023-12-13,13:30,US Producer Price Index (PPI) YoY,medium,USD,inflation,synthetic_calendar,,,,,,
2023-12-15,13:30,US Retail Sales MoM,medium,USD,consumption,synthetic_calendar,,,,,,
2023-12-20,18:00,FOMC Rate Decision,high,USD,rates,synthetic_calendar,,,,,,
2023-12-29,13:30,US Core PCE Price Index MoM,high,USD,inflation,synthetic_calendar,,,,,,
2024-01-01,15:00,US ISM Manufacturing PMI,medium,USD,growth,synthetic_calendar,,,,,,
2024-01-03,13:15,US ADP Non-Farm Employment Change,medium,USD,labor,synthetic_calendar,,,,,,
2024-01-05,13:30,US Non-Farm Payrolls (NFP),high,USD,labor,synthetic_calendar,,,,,,
2024-01-10,13:30,US Consumer Price Index (CPI) YoY,high,USD,inflation,synthetic_calendar,,,,,,
2024-01-15,13:30,US Producer Price Index (PPI) YoY,medium,USD,inflation,synthetic_calendar,,,,,,
2024-01-15,13:30,US Retail Sales MoM,medium,USD,consumption,synthetic_calendar,,,,,,
2024-01-17,18:00,FOMC Rate Decision,high,USD,rates,synthetic_calendar,,,,,,
2024-01-26,13:30,US GDP Annualized QoQ,high,USD,growth,synthetic_calendar,,,,,,
2024-01-31,13:30,US Core PCE Price Index MoM,high,USD,inflation,synthetic_calendar,,,,,,
2024-02-01,15:00,US ISM Manufacturing PMI,medium,USD,growth,synthetic_calendar,,,,,,
2024-02-02,13:30,US Non-Farm Payrolls (NFP),high,USD,labor,synthetic_calendar,,,,,,
2024-02-07,13:15,US ADP Non-Farm Employment Change,medium,USD,labor,synthetic_calendar,,,,,,
2024-02-12,13:30,US Consumer Price Index (CPI) YoY,high,USD,inflation,synthetic_calendar,,,,,,
2024-02-13,13:30,US Producer Price Index (PPI) YoY,medium,USD,inflation,synthetic_calendar,,,,,,
2024-02-15,13:30,US Retail Sales MoM,medium,USD,consumption,synthetic_calendar,,,,,,
2024-02-29,13:30,US Core PCE Price Index MoM,high,USD,inflation,synthetic_calendar,,,,,,
2024-03-01,13:30,US Non-Farm Payrolls (NFP),high,USD,labor,synthetic_calendar,,,,,,
2024-03-01,15:00,US ISM Manufacturing PMI,medium,USD,growth,synthetic_calendar,,,,,,
2024-03-06,13:15,US ADP Non-Farm Employment Change,medium,USD,labor,synthetic_calendar,,,,,,
2024-03-11,13:30,US Consumer Price Index (CPI) YoY,high,USD,inflation,synthetic_calendar,,,,,,
2024-03-13,13:30,US Producer Price Index (PPI) YoY,medium,USD,inflation,synthetic_calendar,,,,,,
2024-03-15,13:30,US Retail Sales MoM,medium,USD,consumption,synthetic_calendar,,,,,,
2024-03-20,18:00,FOMC Rate Decision,high,USD,rates,synthetic_calendar,,,,,,
2024-03-29,13:30,US Core PCE Price Index MoM,high,USD,inflation,synthetic_calendar,,,,,,
2024-04-01,15:00,US ISM Manufacturing PMI,medium,USD,growth,synthetic_calendar,,,,,,
2024-04-03,13:15,US ADP Non-Farm Employment Change,medium,USD,labor,synthetic_calendar,,,,,,
2024-04-05,13:30,US Non-Farm Payrolls (NFP),high,USD,labor,synthetic_calendar,,,,,,
2024-04-10,13:30,US Consumer Price Index (CPI) YoY,high,USD,inflation,synthetic_calendar,,,,,,
2024-04-15,13:30,US Producer Price Index (PPI) YoY,medium,USD,inflation,synthetic_calendar,,,,,,
2024-04-15,13:30,US Retail Sales MoM,medium,USD,consumption,synthetic_calendar,,,,,,
2024-04-26,13:30,US GDP Annualized QoQ,high,USD,growth,synthetic_calendar,,,,,,
2024-04-30,13:30,US Core PCE Price Index MoM,high,USD,inflation,synthetic_calendar,,,,,,
2024-05-01,13:15,US ADP Non-Farm Employment Change,medium,USD,labor,synthetic_calendar,,,,,,
2024-05-01,15:00,US ISM Manufacturing PMI,medium,USD,growth,synthetic_calendar,,,,,,
2024-05-03,13:30,US Non-Farm Payrolls (NFP),high,USD,labor,synthetic_calendar,,,,,,
2024-05-10,13:30,US Consumer Price Index (CPI) YoY,high,USD,inflation,synthetic_calendar,,,,,,
2024-05-13,13:30,US Producer Price Index (PPI) YoY,medium,USD,inflation,synthetic_calendar,,,,,,
2024-05-15,13:30,US Retail Sales MoM,medium,USD,consumption,synthetic_calendar,,,,,,
2024-05-15,18:00,FOMC Rate Decision,high,USD,rates,synthetic_calendar,,,,,,
2024-05-31,13:30,US Core PCE Price Index MoM,high,USD,inflation,synthetic_calendar,,,,,,
2024-06-03,15:00,US ISM Manufacturing PMI,medium,USD,growth,synthetic_calendar,,,,,,
2024-06-05,13:15,US ADP Non-Farm Employment Change,medium,USD,labor,synthetic_calendar,,,,,,
2024-06-07,13:30,US Non-Farm Payrolls (NFP),high,USD,labor,synthetic_calendar,,,,,,
2024-06-10,13:30,US Consumer Price Index (CPI) YoY,high,USD,inflation,synthetic_calendar,,,,,,
2024-06-13,13:30,US Producer Price Index (PPI) YoY,medium,USD,inflation,synthetic_calendar,,,,,,
2024-06-17,13:30,US Retail Sales MoM,medium,USD,consumption,synthetic_calendar,,,,,,
2024-06-19,18:00,FOMC Rate Decision,high,USD,rates,synthetic_calendar,,,,,,
2024-06-28,13:30,US Core PCE Price Index MoM,high,USD,inflation,synthetic_calendar,,,,,,
2024-07-01,15:00,US ISM Manufacturing PMI,medium,USD,growth,synthetic_calendar,,,,,,
2024-07-03,13:15,US ADP Non-Farm Employment Change,medium,USD,labor,synthetic_calendar,,,,,,
2024-07-05,13:30,US Non-Farm Payrolls (NFP),high,USD,labor,synthetic_calendar,,,,,,
2024-07-10,13:30,US Consumer Price Index (CPI) YoY,high,USD,inflation,synthetic_calendar,,,,,,
2024-07-15,13:30,US Producer Price Index (PPI) YoY,medium,USD,inflation,synthetic_calendar,,,,,,
2024-07-15,13:30,US Retail Sales MoM,medium,USD,consumption,synthetic_calendar,,,,,,
2024-07-17,18:00,FOMC Rate Decision,high,USD,rates,synthetic_calendar,,,,,,
2024-07-26,13:30,US GDP Annualized QoQ,high,USD,growth,synthetic_calendar,,,,,,
2024-07-31,13:30,US Core PCE Price Index MoM,high,USD,inflation,synthetic_calendar,,,,,,
2024-08-01,15:00,US ISM Manufacturing PMI,medium,USD,growth,synthetic_calendar,,,,,,
2024-08-02,13:30,US Non-Farm Payrolls (NFP),high,USD,labor,synthetic_calendar,,,,,,
2024-08-07,13:15,US ADP Non-Farm Employment Change,medium,USD,labor,synthetic_calendar,,,,,,
2024-08-12,13:30,US Consumer Price Index (CPI) YoY,high,USD,inflation,synthetic_calendar,,,,,,
2024-08-13,13:30,US Producer Price Index (PPI) YoY,medium,USD,inflation,synthetic_calendar,,,,,,
2024-08-15,13:30,US Retail Sales MoM,medium,USD,consumption,synthetic_calendar,,,,,,
2024-08-30,13:30,US Core PCE Price Index MoM,high,USD,inflation,synthetic_calendar,,,,,,
2024-09-02,15:00,US ISM Manufacturing PMI,medium,USD,growth,synthetic_calendar,,,,,,
2024-09-04,13:15,US ADP Non-Farm Employment Change,medium,USD,labor,synthetic_calendar,,,,,,
2024-09-06,13:30,US Non-Farm Payrolls (NFP),high,USD,labor,synthetic_calendar,,,,,,
2024-09-10,13:30,US Consumer Price Index (CPI) YoY,high,USD,inflation,synthetic_calendar,,,,,,
2024-09-13,13:30,US Producer Price Index (PPI) YoY,medium,USD,inflation,synthetic_calendar,,,,,,
2024-09-16,13:30,US Retail Sales MoM,medium,USD,consumption,synthetic_calendar,,,,,,
2024-09-18,18:00,FOMC Rate Decision,high,USD,rates,synthetic_calendar,,,,,,
2024-09-30,13:30,US Core PCE Price Index MoM,high,USD,inflation,synthetic_calendar,,,,,,
2024-10-01,15:00,US ISM Manufacturing PMI,medium,USD,growth,synthetic_calendar,,,,,,
2024-10-02,13:15,US ADP Non-Farm Employment Change,medium,USD,labor,synthetic_calendar,,,,,,
2024-10-04,13:30,US Non-Farm Payrolls (NFP),high,USD,labor,synthetic_calendar,,,,,,
2024-10-10,13:30,US Consumer Price Index (CPI) YoY,high,USD,inflation,synthetic_calendar,,,,,,
2024-10-14,13:30,US Producer Price Index (PPI) YoY,medium,USD,inflation,synthetic_calendar,,,,,,
2024-10-15,13:30,US Retail Sales MoM,medium,USD,consumption,synthetic_calendar,,,,,,
2024-10-28,13:30,US GDP Annualized QoQ,high,USD,growth,synthetic_calendar,,,,,,
2024-10-31,13:30,US Core PCE Price Index MoM,high,USD,inflation,synthetic_calendar,,,,,,
2024-11-01,13:30,US Non-Farm Payrolls (NFP),high,USD,labor,synthetic_calendar,,,,,,
2024-11-01,15:00,US ISM Manufacturing PMI,medium,USD,growth,synthetic_calendar,,,,,,
2024-11-06,13:15,US ADP Non-Farm Employment Change,medium,USD,labor,synthetic_calendar,,,,,,
2024-11-11,13:30,US Consumer Price Index (CPI) YoY,high,USD,inflation,synthetic_calendar,,,,,,
2024-11-13,13:30,US Producer Price Index (PPI) YoY,medium,USD,inflation,synthetic_calendar,,,,,,
2024-11-15,13:30,US Retail Sales MoM,medium,USD,consumption,synthetic_calendar,,,,,,
2024-11-20,18:00,FOMC Rate Decision,high,USD,rates,synthetic_calendar,,,,,,
2024-11-29,13:30,US Core PCE Price Index MoM,high,USD,inflation,synthetic_calendar,,,,,,
2024-12-02,15:00,US ISM Manufacturing PMI,medium,USD,growth,synthetic_calendar,,,,,,
2024-12-04,13:15,US ADP Non-Farm Employment Change,medium,USD,labor,synthetic_calendar,,,,,,
2024-12-06,13:30,US Non-Farm Payrolls (NFP),high,USD,labor,synthetic_calendar,,,,,,
2024-12-10,13:30,US Consumer Price Index (CPI) YoY,high,USD,inflation,synthetic_calendar,,,,,,
2024-12-13,13:30,US Producer Price Index (PPI) YoY,medium,USD,inflation,synthetic_calendar,,,,,,
2024-12-16,13:30,US Retail Sales MoM,medium,USD,consumption,synthetic_calendar,,,,,,
2024-12-18,18:00,FOMC Rate Decision,high,USD,rates,synthetic_calendar,,,,,,
2024-12-31,13:30,US Core PCE Price Index MoM,high,USD,inflation,synthetic_calendar,,,,,,
2025-01-01,13:15,US ADP Non-Farm Employment Change,medium,USD,labor,synthetic_calendar,,,,,,
2025-01-01,15:00,US ISM Manufacturing PMI,medium,USD,growth,synthetic_calendar,,,,,,
2025-01-03,13:30,US Non-Farm Payrolls (NFP),high,USD,labor,synthetic_calendar,,,,,,
2025-01-10,13:30,US Consumer Price Index (CPI) YoY,high,USD,inflation,synthetic_calendar,,,,,,
2025-01-13,13:30,US Producer Price Index (PPI) YoY,medium,USD,inflation,synthetic_calendar,,,,,,
2025-01-15,13:30,US Retail Sales MoM,medium,USD,consumption,synthetic_calendar,,,,,,
2025-01-15,18:00,FOMC Rate Decision,high,USD,rates,synthetic_calendar,,,,,,
2025-01-27,13:30,US GDP Annualized QoQ,high,USD,growth,synthetic_calendar,,,,,,
2025-01-31,13:30,US Core PCE Price Index MoM,high,USD,inflation,synthetic_calendar,,,,,,
2025-02-03,15:00,US ISM Manufacturing PMI,medium,USD,growth,synthetic_calendar,,,,,,
2025-02-05,13:15,US ADP Non-Farm Employment Change,medium,USD,labor,synthetic_calendar,,,,,,
2025-02-07,13:30,US Non-Farm Payrolls (NFP),high,USD,labor,synthetic_calendar,,,,,,
2025-02-10,13:30,US Consumer Price Index (CPI) YoY,high,USD,inflation,synthetic_calendar,,,,,,
2025-02-13,13:30,US Producer Price Index (PPI) YoY,medium,USD,inflation,synthetic_calendar,,,,,,
2025-02-17,13:30,US Retail Sales MoM,medium,USD,consumption,synthetic_calendar,,,,,,
2025-02-28,13:30,US Core PCE Price Index MoM,high,USD,inflation,synthetic_calendar,,,,,,
2025-03-03,15:00,US ISM Manufacturing PMI,medium,USD,growth,synthetic_calendar,,,,,,
2025-03-05,13:15,US ADP Non-Farm Employment Change,medium,USD,labor,synthetic_calendar,,,,,,
2025-03-07,13:30,US Non-Farm Payrolls (NFP),high,USD,labor,synthetic_calendar,,,,,,
2025-03-10,13:30,US Consumer Price Index (CPI) YoY,high,USD,inflation,synthetic_calendar,,,,,,
2025-03-13,13:30,US Producer Price Index (PPI) YoY,medium,USD,inflation,synthetic_calendar,,,,,,
2025-03-17,13:30,US Retail Sales MoM,medium,USD,consumption,synthetic_calendar,,,,,,
2025-03-19,18:00,FOMC Rate Decision,high,USD,rates,synthetic_calendar,,,,,,
2025-03-31,13:30,US Core PCE Price Index MoM,high,USD,inflation,synthetic_calendar,,,,,,
2025-04-01,15:00,US ISM Manufacturing PMI,medium,USD,growth,synthetic_calendar,,,,,,
2025-04-02,13:15,US ADP Non-Farm Employment Change,medium,USD,labor,synthetic_calendar,,,,,,
2025-04-04,13:30,US Non-Farm Payrolls (NFP),high,USD,labor,synthetic_calendar,,,,,,
2025-04-10,13:30,US Consumer Price Index (CPI) YoY,high,USD,inflation,synthetic_calendar,,,,,,
2025-04-14,13:30,US Producer Price Index (PPI) YoY,medium,USD,inflation,synthetic_calendar,,,,,,
2025-04-15,13:30,US Retail Sales MoM,medium,USD,consumption,synthetic_calendar,,,,,,
2025-04-28,13:30,US GDP Annualized QoQ,high,USD,growth,synthetic_calendar,,,,,,
2025-04-30,13:30,US Core PCE Price Index MoM,high,USD,inflation,synthetic_calendar,,,,,,
2025-05-01,15:00,US ISM Manufacturing PMI,medium,USD,growth,synthetic_calendar,,,,,,
2025-05-02,13:30,US Non-Farm Payrolls (NFP),high,USD,labor,synthetic_calendar,,,,,,
2025-05-07,13:15,US ADP Non-Farm Employment Change,medium,USD,labor,synthetic_calendar,,,,,,
2025-05-12,13:30,US Consumer Price Index (CPI) YoY,high,USD,inflation,synthetic_calendar,,,,,,
2025-05-13,13:30,US Producer Price Index (PPI) YoY,medium,USD,inflation,synthetic_calendar,,,,,,
2025-05-15,13:30,US Retail Sales MoM,medium,USD,consumption,synthetic_calendar,,,,,,
2025-05-21,18:00,FOMC Rate Decision,high,USD,rates,synthetic_calendar,,,,,,
2025-05-30,13:30,US Core PCE Price Index MoM,high,USD,inflation,synthetic_calendar,,,,,,
2025-06-02,15:00,US ISM Manufacturing PMI,medium,USD,growth,synthetic_calendar,,,,,,
2025-06-04,13:15,US ADP Non-Farm Employment Change,medium,USD,labor,synthetic_calendar,,,,,,
2025-06-06,13:30,US Non-Farm Payrolls (NFP),high,USD,labor,synthetic_calendar,,,,,,
2025-06-10,13:30,US Consumer Price Index (CPI) YoY,high,USD,inflation,synthetic_calendar,,,,,,
2025-06-13,13:30,US Producer Price Index (PPI) YoY,medium,USD,inflation,synthetic_calendar,,,,,,
2025-06-16,13:30,US Retail Sales MoM,medium,USD,consumption,synthetic_calendar,,,,,,
2025-06-18,18:00,FOMC Rate Decision,high,USD,rates,synthetic_calendar,,,,,,
2025-06-30,13:30,US Core PCE Price Index MoM,high,USD,inflation,synthetic_calendar,,,,,,
2025-07-01,15:00,US ISM Manufacturing PMI,medium,USD,growth,synthetic_calendar,,,,,,
2025-07-02,13:15,US ADP Non-Farm Employment Change,medium,USD,labor,synthetic_calendar,,,,,,
2025-07-04,13:30,US Non-Farm Payrolls (NFP),high,USD,labor,synthetic_calendar,,,,,,
2025-07-10,13:30,US Consumer Price Index (CPI) YoY,high,USD,inflation,synthetic_calendar,,,,,,
2025-07-14,13:30,US Producer Price Index (PPI) YoY,medium,USD,inflation,synthetic_calendar,,,,,,
2025-07-15,13:30,US Retail Sales MoM,medium,USD,consumption,synthetic_calendar,,,,,,
2025-07-16,18:00,FOMC Rate Decision,high,USD,rates,synthetic_calendar,,,,,,
2025-07-28,13:30,US GDP Annualized QoQ,high,USD,growth,synthetic_calendar,,,,,,
2025-07-31,13:30,US Core PCE Price Index MoM,high,USD,inflation,synthetic_calendar,,,,,,
2025-08-01,13:30,US Non-Farm Payrolls (NFP),high,USD,labor,synthetic_calendar,,,,,,
2025-08-01,15:00,US ISM Manufacturing PMI,medium,USD,growth,synthetic_calendar,,,,,,
2025-08-06,13:15,US ADP Non-Farm Employment Change,medium,USD,labor,synthetic_calendar,,,,,,
2025-08-11,13:30,US Consumer Price Index (CPI) YoY,high,USD,inflation,synthetic_calendar,,,,,,
2025-08-13,13:30,US Producer Price Index (PPI) YoY,medium,USD,inflation,synthetic_calendar,,,,,,
2025-08-15,13:30,US Retail Sales MoM,medium,USD,consumption,synthetic_calendar,,,,,,
2025-08-29,13:30,US Core PCE Price Index MoM,high,USD,inflation,synthetic_calendar,,,,,,
2025-09-01,15:00,US ISM Manufacturing PMI,medium,USD,growth,synthetic_calendar,,,,,,
2025-09-03,13:15,US ADP Non-Farm Employment Change,medium,USD,labor,synthetic_calendar,,,,,,
2025-09-05,13:30,US Non-Farm Payrolls (NFP),high,USD,labor,synthetic_calendar,,,,,,
2025-09-10,13:30,US Consumer Price Index (CPI) YoY,high,USD,inflation,synthetic_calendar,,,,,,
2025-09-15,13:30,US Producer Price Index (PPI) YoY,medium,USD,inflation,synthetic_calendar,,,,,,
2025-09-15,13:30,US Retail Sales MoM,medium,USD,consumption,synthetic_calendar,,,,,,
2025-09-17,18:00,FOMC Rate Decision,high,USD,rates,synthetic_calendar,,,,,,
2025-09-30,13:30,US Core PCE Price Index MoM,high,USD,inflation,synthetic_calendar,,,,,,
2025-10-01,13:15,US ADP Non-Farm Employment Change,medium,USD,labor,synthetic_calendar,,,,,,
2025-10-01,15:00,US ISM Manufacturing PMI,medium,USD,growth,synthetic_calendar,,,,,,
2025-10-03,13:30,US Non-Farm Payrolls (NFP),high,USD,labor,synthetic_calendar,,,,,,
2025-10-10,13:30,US Consumer Price Index (CPI) YoY,high,USD,inflation,synthetic_calendar,,,,,,
2025-10-13,13:30,US Producer Price Index (PPI) YoY,medium,USD,inflation,synthetic_calendar,,,,,,
2025-10-15,13:30,US Retail Sales MoM,medium,USD,consumption,synthetic_calendar,,,,,,
2025-10-27,13:30,US GDP Annualized QoQ,high,USD,growth,synthetic_calendar,,,,,,
2025-10-31,13:30,US Core PCE Price Index MoM,high,USD,inflation,synthetic_calendar,,,,,,
2025-11-03,15:00,US ISM Manufacturing PMI,medium,USD,growth,synthetic_calendar,,,,,,
2025-11-05,13:15,US ADP Non-Farm Employment Change,medium,USD,labor,synthetic_calendar,,,,,,
2025-11-07,13:30,US Non-Farm Payrolls (NFP),high,USD,labor,synthetic_calendar,,,,,,
2025-11-10,13:30,US Consumer Price Index (CPI) YoY,high,USD,inflation,synthetic_calendar,,,,,,
2025-11-13,13:30,US Producer Price Index (PPI) YoY,medium,USD,inflation,synthetic_calendar,,,,,,
2025-11-17,13:30,US Retail Sales MoM,medium,USD,consumption,synthetic_calendar,,,,,,
2025-11-19,18:00,FOMC Rate Decision,high,USD,rates,synthetic_calendar,,,,,,
2025-11-28,13:30,US Core PCE Price Index MoM,high,USD,inflation,synthetic_calendar,,,,,,
2025-12-01,15:00,US ISM Manufacturing PMI,medium,USD,growth,synthetic_calendar,,,,,,
2025-12-03,13:15,US ADP Non-Farm Employment Change,medium,USD,labor,synthetic_calendar,,,,,,
2025-12-05,13:30,US Non-Farm Payrolls (NFP),high,USD,labor,synthetic_calendar,,,,,,
2025-12-10,13:30,US Consumer Price Index (CPI) YoY,high,USD,inflation,synthetic_calendar,,,,,,
2025-12-15,13:30,US Producer Price Index (PPI) YoY,medium,USD,inflation,synthetic_calendar,,,,,,
2025-12-15,13:30,US Retail Sales MoM,medium,USD,consumption,synthetic_calendar,,,,,,
2025-12-17,18:00,FOMC Rate Decision,high,USD,rates,synthetic_calendar,,,,,,
2025-12-31,13:30,US Core PCE Price Index MoM,high,USD,inflation,synthetic_calendar,,,,,,
2026-01-03,13:30,US Non-Farm Payrolls (NFP),high,USD,labor,synthetic_calendar,,,,,,
2026-01-08,15:00,US ISM Services PMI,medium,USD,growth,synthetic_calendar,,,,,,
2026-01-15,13:30,US Consumer Price Index (CPI) YoY,high,USD,inflation,synthetic_calendar,,,,,,
2026-01-15,13:30,US Core CPI MoM,high,USD,inflation,synthetic_calendar,,,,,,
2026-01-17,13:30,US Producer Price Index (PPI) YoY,medium,USD,inflation,synthetic_calendar,,,,,,
2026-01-17,13:30,US Retail Sales MoM,medium,USD,consumption,synthetic_calendar,,,,,,
2026-01-21,18:00,FOMC Rate Decision,high,USD,rates,synthetic_calendar,,,,,,
2026-01-30,13:30,US Core PCE Price Index MoM,high,USD,inflation,synthetic_calendar,,,,,,
2026-02-06,13:30,US Non-Farm Payrolls (NFP),high,USD,labor,synthetic_calendar,,,,,,
2026-02-12,13:30,US Consumer Price Index (CPI) YoY,high,USD,inflation,synthetic_calendar,,,,,,
2026-02-19,18:00,FOMC Meeting Minutes,medium,USD,rates,synthetic_calendar,,,,,,
2026-02-27,13:30,US Core PCE Price Index MoM,high,USD,inflation,synthetic_calendar,,,,,,
2026-03-06,13:30,US Non-Farm Payrolls (NFP),high,USD,labor,synthetic_calendar,,,,,,
2026-03-12,13:30,US Consumer Price Index (CPI) YoY,high,USD,inflation,synthetic_calendar,,,,,,
2026-03-18,18:00,FOMC Rate Decision,high,USD,rates,synthetic_calendar,,,,,,
2026-03-21,20:00,Fed Chair Press Conference,high,USD,rates,synthetic_calendar,,,,,,
2026-03-27,13:30,US Core PCE Price Index MoM,high,USD,inflation,synthetic_calendar,,,,,,
2026-04-03,13:30,US Non-Farm Payrolls (NFP),high,USD,labor,synthetic_calendar,,,,,,
2026-04-04,13:30,US Core PCE Price Index MoM,high,USD,inflation,synthetic_calendar,,,,,,
2026-04-10,13:30,US Consumer Price Index (CPI) YoY,high,USD,inflation,synthetic_calendar,,,,,,
2026-04-10,13:30,US Core CPI MoM,high,USD,inflation,synthetic_calendar,,,,,,
2026-04-14,13:30,US Producer Price Index (PPI) YoY,medium,USD,inflation,synthetic_calendar,,,,,,
2026-04-14,13:30,US Retail Sales MoM,medium,USD,consumption,synthetic_calendar,,,,,,
2026-04-22,18:00,FOMC Rate Decision,high,USD,rates,synthetic_calendar,,,,,,
2026-04-30,13:30,US GDP QoQ (Advance),high,USD,growth,synthetic_calendar,,,,,,
2026-05-01,18:30,Fed Chair Press Conference,high,USD,rates,synthetic_calendar,,,,,,
2026-05-08,13:30,US Non-Farm Payrolls (NFP),high,USD,labor,synthetic_calendar,,,,,,
2026-05-14,13:30,US Consumer Price Index (CPI) YoY,high,USD,inflation,synthetic_calendar,,,,,,
2026-05-29,13:30,US Core PCE Price Index MoM,high,USD,inflation,synthetic_calendar,,,,,,
2026-06-05,13:30,US Non-Farm Payrolls (NFP),high,USD,labor,synthetic_calendar,,,,,,
2026-06-11,13:30,US Consumer Price Index (CPI) YoY,high,USD,inflation,synthetic_calendar,,,,,,
2026-06-17,18:00,FOMC Rate Decision,high,USD,rates,synthetic_calendar,,,,,,
