observation_id,recorded_at_utc,symbol,requested_timeframe,applied_timeframe,lookback_years,source_mode,signal,trend_label,trend_start_time,trend_start_price,trend_duration_hours,latest_time,latest_price,signal_start_time,signal_end_time,signal_start_price,signal_end_price,signal_window_hours,signal_projected_move,signal_projected_move_pct,signal_window_basis,gann_nearest_key_angle,gann_angle_proximity,numerology_cycle_runtime,numerology_harmonious_runtime,structure_major_runtime,structure_bos_runtime,physics_momentum_runtime,physics_acceleration_runtime,confirmation_geometry,confirmation_time,confirmation_structure,confirmation_tape_action,gann_mindset_bias,gann_time_phase,gann_recommended_signal,gann_mindset_narration,news_previous_time,news_previous_event,news_previous_impact,news_previous_minutes_ago,news_next_time,news_next_event,news_next_impact,news_next_minutes_ahead,price_degree,gann_degree,gann_cycle_degree,gann_cycle_quadrant,gann_cycle_description,gann_nearest_angles,gann_price_time_status,gann_price_time_ratio,nakshatra,nakshatra_pada,geometry_slope_price_per_hour,geometry_angle_deg,physics_velocity_price_per_hour,physics_acceleration_price_per_hour2,price_time_ratio,degree_time_ratio,date_time_code
fd99a437b788455f,2026-04-04T03:17:54.896009+00:00,GC.FUT,5m,4h,25,historical_first,WAIT,DOWN,2025-12-31T16:00:00,4321.95,4.0,2025-12-31T20:00:00,4318.36,2025-12-31T16:00:00,2026-01-03T20:00:00,4321.95,4243.295792,72.0,-75.064208,-1.738257,physics_projection,315.0,EXACT,NEUTRAL,False,CONSOLIDATION,False,NEUTRAL,0.007808,NO,NO,NO,NO,SELL_CONTINUATION,NEUTRAL (mixed),WAIT,"Price has reached a cardinal angle near 315deg (current 313.4771deg), and time is in phase with neutral during active window 2025-12-31T16:00:00 to 2026-01-03T20:00:00. Structure has not fully confirmed, and force is still pushing (momentum=NEUTRAL). This is not random movement; this is organized decline. Start price 4321.9500, target zone 4243.2958. Therefore: SELL continuation bias, not blind chase.",2026-04-03T13:30:00+00:00,US Non-Farm Payrolls (NFP),high,827.9,2026-04-04T13:30:00+00:00,US Core PCE Price Index MoM,high,612.1,313.4771,313.4771,62.24,1,ACCUMULATION,1x1,PRICE_LEADS,13.7955,Shatabhisha,3,-1.32364286,-52.929289,-1.32364286,0.0078079004,1079.59,78.369275,202512312000
13998405c0c84be6,2026-04-04T09:51:01.291335+00:00,XAUUSD,4h,4h,25,historical_first,WAIT,DOWN,2025-12-31T16:00:00,4321.95,4.0,2025-12-31T20:00:00,4318.36,2025-12-31T16:00:00,2026-01-03T20:00:00,4321.95,4243.295792,72.0,-75.064208,-1.738257,physics_projection,315.0,EXACT,NEUTRAL,False,CONSOLIDATION,False,NEUTRAL,0.007808,NO,NO,NO,NO,SELL_CONTINUATION,NEUTRAL (mixed),WAIT,"Price has reached a cardinal angle near 315deg (current 313.4771deg), and time is in phase with neutral during active window 2025-12-31T16:00:00 to 2026-01-03T20:00:00. Structure has not fully confirmed, and force is still pushing (momentum=NEUTRAL). This is not random movement; this is organized decline. Start price 4321.9500, target zone 4243.2958. Therefore: SELL continuation bias, not blind chase.",2026-04-03T13:30:00+00:00,US Non-Farm Payrolls (NFP),high,1221.0,2026-04-04T13:30:00+00:00,US Core PCE Price Index MoM,high,219.0,313.4771,313.4771,62.24,1,ACCUMULATION,1x1,PRICE_LEADS,13.7955,Shatabhisha,3,-1.32364286,-52.929289,-1.32364286,0.0078079004,1079.59,78.369275,202512312000
98e261ac215f4bbe,2026-04-04T09:51:07.212159+00:00,XAUUSD,1d,4h,25,historical_first,WAIT,DOWN,2025-12-31T16:00:00,4321.95,4.0,2025-12-31T20:00:00,4318.36,2025-12-31T16:00:00,2026-01-03T20:00:00,4321.95,4243.295792,72.0,-75.064208,-1.738257,physics_projection,315.0,EXACT,NEUTRAL,False,CONSOLIDATION,False,NEUTRAL,0.007808,NO,NO,NO,NO,SELL_CONTINUATION,NEUTRAL (mixed),WAIT,"Price has reached a cardinal angle near 315deg (current 313.4771deg), and time is in phase with neutral during active window 2025-12-31T16:00:00 to 2026-01-03T20:00:00. Structure has not fully confirmed, and force is still pushing (momentum=NEUTRAL). This is not random movement; this is organized decline. Start price 4321.9500, target zone 4243.2958. Therefore: SELL continuation bias, not blind chase.",2026-04-03T13:30:00+00:00,US Non-Farm Payrolls (NFP),high,1221.1,2026-04-04T13:30:00+00:00,US Core PCE Price Index MoM,high,218.9,313.4771,313.4771,62.24,1,ACCUMULATION,1x1,PRICE_LEADS,13.7955,Shatabhisha,3,-1.32364286,-52.929289,-1.32364286,0.0078079004,1079.59,78.369275,202512312000
868bdb5a812e4546,2026-04-04T09:53:44.029424+00:00,XAUUSD,1w,4h,25,historical_first,WAIT,DOWN,2025-12-31T16:00:00,4321.95,4.0,2025-12-31T20:00:00,4318.36,2025-12-31T16:00:00,2026-01-03T20:00:00,4321.95,4243.295792,72.0,-75.064208,-1.738257,physics_projection,315.0,EXACT,NEUTRAL,False,CONSOLIDATION,False,NEUTRAL,0.007808,NO,NO,NO,NO,SELL_CONTINUATION,NEUTRAL (mixed),WAIT,"Price has reached a cardinal angle near 315deg (current 313.4771deg), and time is in phase with neutral during active window 2025-12-31T16:00:00 to 2026-01-03T20:00:00. Structure has not fully confirmed, and force is still pushing (momentum=NEUTRAL). This is not random movement; this is organized decline. Start price 4321.9500, target zone 4243.2958. Therefore: SELL continuation bias, not blind chase.",2026-04-03T13:30:00+00:00,US Non-Farm Payrolls (NFP),high,1223.7,2026-04-04T13:30:00+00:00,US Core PCE Price Index MoM,high,216.3,313.4771,313.4771,62.24,1,ACCUMULATION,1x1,PRICE_LEADS,13.7955,Shatabhisha,3,-1.32364286,-52.929289,-1.32364286,0.0078079004,1079.59,78.369275,202512312000
ad055683e9cb44f0,2026-04-04T09:54:29.023915+00:00,XAUUSD,1h,1h,25,historical_first,WAIT,DOWN,2025-12-31T20:00:00,4319.57,3.0,2025-12-31T23:00:00,4318.36,2025-12-31T20:00:00,2026-01-01T02:45:00,4319.57,4311.682929,3.75,-6.677071,-0.154621,physics_projection,315.0,EXACT,NEUTRAL,False,CONSOLIDATION,False,NEUTRAL,-0.003806,NO,NO,NO,NO,SELL_CONTINUATION,NEUTRAL (mixed),WAIT,"Price has reached a cardinal angle near 315deg (current 310.2184deg), and time is in phase with neutral during active window 2025-12-31T20:00:00 to 2026-01-01T02:45:00. Structure has not fully confirmed, and motion is decaying (momentum=NEUTRAL). This is not random movement; this is organized decline. Start price 4319.5700, target zone 4311.6829. Therefore: SELL continuation bias, not blind chase.",2026-04-03T13:30:00+00:00,US Non-Farm Payrolls (NFP),high,1224.5,2026-04-04T13:30:00+00:00,US Core PCE Price Index MoM,high,215.5,310.2184,310.2184,59.68,1,ACCUMULATION,1x1,PRICE_LEADS,10.013,Shatabhisha,2,-1.77341667,-60.582076,-1.77341667,-0.0038056316,1439.45333333,103.40613333,202512312300
b657c4e0e227433d,2026-04-04T09:54:32.190389+00:00,XAUUSD,30m,30m,25,historical_first,WAIT,DOWN,2025-12-31T23:30:00,4318.36,0.0,2025-12-31T23:30:00,4318.36,2025-12-31T23:30:00,2026-01-03T23:30:00,4318.36,4189.143125,72.0,-129.216875,-2.992267,physics_projection,315.0,NEAR,NEUTRAL,False,CONSOLIDATION,False,NEUTRAL,0.022197,NO,NO,NO,NO,SELL_CONTINUATION,NEUTRAL (mixed),WAIT,"Price has reached a cardinal angle near 315deg (current 301.6704deg), and time is in phase with neutral during active window 2025-12-31T23:30:00 to 2026-01-03T23:30:00. Structure has not fully confirmed, and force is still pushing (momentum=NEUTRAL). This is not random movement; this is organized decline. Start price 4318.3600, target zone 4189.1431. Therefore: SELL continuation bias, not blind chase.",2026-04-03T13:30:00+00:00,US Non-Farm Payrolls (NFP),high,1224.5,2026-04-04T13:30:00+00:00,US Core PCE Price Index MoM,high,215.5,301.6704,301.6704,52.62,1,ACCUMULATION,2x1,PRICE_LEADS,9.447,Dhanishtha,3,-2.59376812,-68.91638,-2.59376812,0.0221969252,4318.36,301.6704,202512312330
b602265f57a745ff,2026-04-04T09:54:44.776244+00:00,XAUUSD,1d,4h,25,historical_first,WAIT,DOWN,2025-12-31T16:00:00,4321.95,4.0,2025-12-31T20:00:00,4318.36,2025-12-31T16:00:00,2026-01-03T20:00:00,4321.95,4243.295792,72.0,-75.064208,-1.738257,physics_projection,315.0,EXACT,NEUTRAL,False,CONSOLIDATION,False,NEUTRAL,0.007808,NO,NO,NO,NO,SELL_CONTINUATION,NEUTRAL (mixed),WAIT,"Price has reached a cardinal angle near 315deg (current 313.4771deg), and time is in phase with neutral during active window 2025-12-31T16:00:00 to 2026-01-03T20:00:00. Structure has not fully confirmed, and force is still pushing (momentum=NEUTRAL). This is not random movement; this is organized decline. Start price 4321.9500, target zone 4243.2958. Therefore: SELL continuation bias, not blind chase.",2026-04-03T13:30:00+00:00,US Non-Farm Payrolls (NFP),high,1224.7,2026-04-04T13:30:00+00:00,US Core PCE Price Index MoM,high,215.3,313.4771,313.4771,62.24,1,ACCUMULATION,1x1,PRICE_LEADS,13.7955,Shatabhisha,3,-1.32364286,-52.929289,-1.32364286,0.0078079004,1079.59,78.369275,202512312000
5db30198e247421d,2026-04-04T09:54:45.372231+00:00,XAUUSD,4h,4h,25,historical_first,WAIT,DOWN,2025-12-31T16:00:00,4321.95,4.0,2025-12-31T20:00:00,4318.36,2025-12-31T16:00:00,2026-01-03T20:00:00,4321.95,4243.295792,72.0,-75.064208,-1.738257,physics_projection,315.0,EXACT,NEUTRAL,False,CONSOLIDATION,False,NEUTRAL,0.007808,NO,NO,NO,NO,SELL_CONTINUATION,NEUTRAL (mixed),WAIT,"Price has reached a cardinal angle near 315deg (current 313.4771deg), and time is in phase with neutral during active window 2025-12-31T16:00:00 to 2026-01-03T20:00:00. Structure has not fully confirmed, and force is still pushing (momentum=NEUTRAL). This is not random movement; this is organized decline. Start price 4321.9500, target zone 4243.2958. Therefore: SELL continuation bias, not blind chase.",2026-04-03T13:30:00+00:00,US Non-Farm Payrolls (NFP),high,1224.8,2026-04-04T13:30:00+00:00,US Core PCE Price Index MoM,high,215.2,313.4771,313.4771,62.24,1,ACCUMULATION,1x1,PRICE_LEADS,13.7955,Shatabhisha,3,-1.32364286,-52.929289,-1.32364286,0.0078079004,1079.59,78.369275,202512312000
7e86ae39d9d044a0,2026-04-04T09:54:47.285995+00:00,XAUUSD,1month,4h,25,historical_first,WAIT,DOWN,2025-12-31T16:00:00,4321.95,4.0,2025-12-31T20:00:00,4318.36,2025-12-31T16:00:00,2026-01-03T20:00:00,4321.95,4243.295792,72.0,-75.064208,-1.738257,physics_projection,315.0,EXACT,NEUTRAL,False,CONSOLIDATION,False,NEUTRAL,0.007808,NO,NO,NO,NO,SELL_CONTINUATION,NEUTRAL (mixed),WAIT,"Price has reached a cardinal angle near 315deg (current 313.4771deg), and time is in phase with neutral during active window 2025-12-31T16:00:00 to 2026-01-03T20:00:00. Structure has not fully confirmed, and force is still pushing (momentum=NEUTRAL). This is not random movement; this is organized decline. Start price 4321.9500, target zone 4243.2958. Therefore: SELL continuation bias, not blind chase.",2026-04-03T13:30:00+00:00,US Non-Farm Payrolls (NFP),high,1224.8,2026-04-04T13:30:00+00:00,US Core PCE Price Index MoM,high,215.2,313.4771,313.4771,62.24,1,ACCUMULATION,1x1,PRICE_LEADS,13.7955,Shatabhisha,3,-1.32364286,-52.929289,-1.32364286,0.0078079004,1079.59,78.369275,202512312000
be80704479f24a96,2026-04-04T09:55:11.528435+00:00,XAUUSD,1w,4h,25,historical_first,WAIT,DOWN,2025-12-31T16:00:00,4321.95,4.0,2025-12-31T20:00:00,4318.36,2025-12-31T16:00:00,2026-01-03T20:00:00,4321.95,4243.295792,72.0,-75.064208,-1.738257,physics_projection,315.0,EXACT,NEUTRAL,False,CONSOLIDATION,False,NEUTRAL,0.007808,NO,NO,NO,NO,SELL_CONTINUATION,NEUTRAL (mixed),WAIT,"Price has reached a cardinal angle near 315deg (current 313.4771deg), and time is in phase with neutral during active window 2025-12-31T16:00:00 to 2026-01-03T20:00:00. Structure has not fully confirmed, and force is still pushing (momentum=NEUTRAL). This is not random movement; this is organized decline. Start price 4321.9500, target zone 4243.2958. Therefore: SELL continuation bias, not blind chase.",2026-04-03T13:30:00+00:00,US Non-Farm Payrolls (NFP),high,1225.2,2026-04-04T13:30:00+00:00,US Core PCE Price Index MoM,high,214.8,313.4771,313.4771,62.24,1,ACCUMULATION,1x1,PRICE_LEADS,13.7955,Shatabhisha,3,-1.32364286,-52.929289,-1.32364286,0.0078079004,1079.59,78.369275,202512312000
60df5fd9f6db43a9,2026-04-04T09:55:30.732757+00:00,XAUUSD,1month,4h,25,historical_first,WAIT,DOWN,2025-12-31T16:00:00,4321.95,4.0,2025-12-31T20:00:00,4318.36,2025-12-31T16:00:00,2026-01-03T20:00:00,4321.95,4243.295792,72.0,-75.064208,-1.738257,physics_projection,315.0,EXACT,NEUTRAL,False,CONSOLIDATION,False,NEUTRAL,0.007808,NO,NO,NO,NO,SELL_CONTINUATION,NEUTRAL (mixed),WAIT,"Price has reached a cardinal angle near 315deg (current 313.4771deg), and time is in phase with neutral during active window 2025-12-31T16:00:00 to 2026-01-03T20:00:00. Structure has not fully confirmed, and force is still pushing (momentum=NEUTRAL). This is not random movement; this is organized decline. Start price 4321.9500, target zone 4243.2958. Therefore: SELL continuation bias, not blind chase.",2026-04-03T13:30:00+00:00,US Non-Farm Payrolls (NFP),high,1225.5,2026-04-04T13:30:00+00:00,US Core PCE Price Index MoM,high,214.5,313.4771,313.4771,62.24,1,ACCUMULATION,1x1,PRICE_LEADS,13.7955,Shatabhisha,3,-1.32364286,-52.929289,-1.32364286,0.0078079004,1079.59,78.369275,202512312000
c8f320f6314d44c8,2026-04-04T09:56:15.820601+00:00,XAUUSD,15m,5m,25,historical_first,WAIT,DOWN,2025-12-31T23:55:00,4318.36,0.0,2025-12-31T23:55:00,4318.36,2025-12-31T23:55:00,2026-01-02T23:18:55.574698657,4318.36,4254.70757,47.3988,-63.65243,-1.473995,physics_projection,315.0,NEAR,NEUTRAL,False,CONSOLIDATION,False,NEUTRAL,0.056664,NO,NO,NO,NO,SELL_CONTINUATION,NEUTRAL (mixed),WAIT,"Price has reached a cardinal angle near 315deg (current 307.2054deg), and time is in phase with neutral during active window 2025-12-31T23:55:00 to 2026-01-02T23:18:55.574698657. Structure has not fully confirmed, and force is still pushing (momentum=NEUTRAL). This is not random movement; this is organized decline. Start price 4318.3600, target zone 4254.7076. Therefore: SELL continuation bias, not blind chase.",2026-04-03T13:30:00+00:00,US Non-Farm Payrolls (NFP),high,1226.3,2026-04-04T13:30:00+00:00,US Core PCE Price Index MoM,high,213.7,307.2054,307.2054,6.99,1,ACCUMULATION,1x1,PRICE_LEADS,5.314,Shatabhisha,1,-2.68582619,-69.578448,-2.68582619,0.0566644693,4318.36,307.2054,202512312355
0db2d73ca7c14b0e,2026-04-04T09:56:18.042110+00:00,XAUUSD,5m,5m,25,historical_first,WAIT,DOWN,2025-12-31T23:55:00,4318.36,0.0,2025-12-31T23:55:00,4318.36,2025-12-31T23:55:00,2026-01-02T23:18:55.574698657,4318.36,4254.70757,47.3988,-63.65243,-1.473995,physics_projection,315.0,NEAR,NEUTRAL,False,CONSOLIDATION,False,NEUTRAL,0.056664,NO,NO,NO,NO,SELL_CONTINUATION,NEUTRAL (mixed),WAIT,"Price has reached a cardinal angle near 315deg (current 307.2054deg), and time is in phase with neutral during active window 2025-12-31T23:55:00 to 2026-01-02T23:18:55.574698657. Structure has not fully confirmed, and force is still pushing (momentum=NEUTRAL). This is not random movement; this is organized decline. Start price 4318.3600, target zone 4254.7076. Therefore: SELL continuation bias, not blind chase.",2026-04-03T13:30:00+00:00,US Non-Farm Payrolls (NFP),high,1226.3,2026-04-04T13:30:00+00:00,US Core PCE Price Index MoM,high,213.7,307.2054,307.2054,6.99,1,ACCUMULATION,1x1,PRICE_LEADS,5.314,Shatabhisha,1,-2.68582619,-69.578448,-2.68582619,0.0566644693,4318.36,307.2054,202512312355
dfb0b35d5e054077,2026-04-04T09:56:20.112028+00:00,XAUUSD,1h,1h,25,historical_first,WAIT,DOWN,2025-12-31T20:00:00,4319.57,3.0,2025-12-31T23:00:00,4318.36,2025-12-31T20:00:00,2026-01-01T02:45:00,4319.57,4311.682929,3.75,-6.677071,-0.154621,physics_projection,315.0,EXACT,NEUTRAL,False,CONSOLIDATION,False,NEUTRAL,-0.003806,NO,NO,NO,NO,SELL_CONTINUATION,NEUTRAL (mixed),WAIT,"Price has reached a cardinal angle near 315deg (current 310.2184deg), and time is in phase with neutral during active window 2025-12-31T20:00:00 to 2026-01-01T02:45:00. Structure has not fully confirmed, and motion is decaying (momentum=NEUTRAL). This is not random movement; this is organized decline. Start price 4319.5700, target zone 4311.6829. Therefore: SELL continuation bias, not blind chase.",2026-04-03T13:30:00+00:00,US Non-Farm Payrolls (NFP),high,1226.3,2026-04-04T13:30:00+00:00,US Core PCE Price Index MoM,high,213.7,310.2184,310.2184,59.68,1,ACCUMULATION,1x1,PRICE_LEADS,10.013,Shatabhisha,2,-1.77341667,-60.582076,-1.77341667,-0.0038056316,1439.45333333,103.40613333,202512312300
92333b86efce4c90,2026-04-04T09:56:21.768236+00:00,XAUUSD,30m,30m,25,historical_first,WAIT,DOWN,2025-12-31T23:30:00,4318.36,0.0,2025-12-31T23:30:00,4318.36,2025-12-31T23:30:00,2026-01-03T23:30:00,4318.36,4189.143125,72.0,-129.216875,-2.992267,physics_projection,315.0,NEAR,NEUTRAL,False,CONSOLIDATION,False,NEUTRAL,0.022197,NO,NO,NO,NO,SELL_CONTINUATION,NEUTRAL (mixed),WAIT,"Price has reached a cardinal angle near 315deg (current 301.6704deg), and time is in phase with neutral during active window 2025-12-31T23:30:00 to 2026-01-03T23:30:00. Structure has not fully confirmed, and force is still pushing (momentum=NEUTRAL). This is not random movement; this is organized decline. Start price 4318.3600, target zone 4189.1431. Therefore: SELL continuation bias, not blind chase.",2026-04-03T13:30:00+00:00,US Non-Farm Payrolls (NFP),high,1226.4,2026-04-04T13:30:00+00:00,US Core PCE Price Index MoM,high,213.6,301.6704,301.6704,52.62,1,ACCUMULATION,2x1,PRICE_LEADS,9.447,Dhanishtha,3,-2.59376812,-68.91638,-2.59376812,0.0221969252,4318.36,301.6704,202512312330
db64ef802538444c,2026-04-04T09:56:38.988322+00:00,XAUUSD,5m,5m,25,historical_first,WAIT,DOWN,2025-12-31T23:55:00,4318.36,0.0,2025-12-31T23:55:00,4318.36,2025-12-31T23:55:00,2026-01-02T23:18:55.574698657,4318.36,4254.70757,47.3988,-63.65243,-1.473995,physics_projection,315.0,NEAR,NEUTRAL,False,CONSOLIDATION,False,NEUTRAL,0.056664,NO,NO,NO,NO,SELL_CONTINUATION,NEUTRAL (mixed),WAIT,"Price has reached a cardinal angle near 315deg (current 307.2054deg), and time is in phase with neutral during active window 2025-12-31T23:55:00 to 2026-01-02T23:18:55.574698657. Structure has not fully confirmed, and force is still pushing (momentum=NEUTRAL). This is not random movement; this is organized decline. Start price 4318.3600, target zone 4254.7076. Therefore: SELL continuation bias, not blind chase.",2026-04-03T13:30:00+00:00,US Non-Farm Payrolls (NFP),high,1226.6,2026-04-04T13:30:00+00:00,US Core PCE Price Index MoM,high,213.4,307.2054,307.2054,6.99,1,ACCUMULATION,1x1,PRICE_LEADS,5.314,Shatabhisha,1,-2.68582619,-69.578448,-2.68582619,0.0566644693,4318.36,307.2054,202512312355
e2f21873009f47f6,2026-04-04T09:56:39.341191+00:00,XAUUSD,15m,5m,25,historical_first,WAIT,DOWN,2025-12-31T23:55:00,4318.36,0.0,2025-12-31T23:55:00,4318.36,2025-12-31T23:55:00,2026-01-02T23:18:55.574698657,4318.36,4254.70757,47.3988,-63.65243,-1.473995,physics_projection,315.0,NEAR,NEUTRAL,False,CONSOLIDATION,False,NEUTRAL,0.056664,NO,NO,NO,NO,SELL_CONTINUATION,NEUTRAL (mixed),WAIT,"Price has reached a cardinal angle near 315deg (current 307.2054deg), and time is in phase with neutral during active window 2025-12-31T23:55:00 to 2026-01-02T23:18:55.574698657. Structure has not fully confirmed, and force is still pushing (momentum=NEUTRAL). This is not random movement; this is organized decline. Start price 4318.3600, target zone 4254.7076. Therefore: SELL continuation bias, not blind chase.",2026-04-03T13:30:00+00:00,US Non-Farm Payrolls (NFP),high,1226.7,2026-04-04T13:30:00+00:00,US Core PCE Price Index MoM,high,213.3,307.2054,307.2054,6.99,1,ACCUMULATION,1x1,PRICE_LEADS,5.314,Shatabhisha,1,-2.68582619,-69.578448,-2.68582619,0.0566644693,4318.36,307.2054,202512312355
0faa6b42b3274f40,2026-04-04T09:57:13.857778+00:00,XAUUSD,1m,5m,25,historical_first,WAIT,DOWN,2025-12-31T23:55:00,4318.36,0.0,2025-12-31T23:55:00,4318.36,2025-12-31T23:55:00,2026-01-02T23:18:55.574698657,4318.36,4254.70757,47.3988,-63.65243,-1.473995,physics_projection,315.0,NEAR,NEUTRAL,False,CONSOLIDATION,False,NEUTRAL,0.056664,NO,NO,NO,NO,SELL_CONTINUATION,NEUTRAL (mixed),WAIT,"Price has reached a cardinal angle near 315deg (current 307.2054deg), and time is in phase with neutral during active window 2025-12-31T23:55:00 to 2026-01-02T23:18:55.574698657. Structure has not fully confirmed, and force is still pushing (momentum=NEUTRAL). This is not random movement; this is organized decline. Start price 4318.3600, target zone 4254.7076. Therefore: SELL continuation bias, not blind chase.",2026-04-03T13:30:00+00:00,US Non-Farm Payrolls (NFP),high,1227.2,2026-04-04T13:30:00+00:00,US Core PCE Price Index MoM,high,212.8,307.2054,307.2054,6.99,1,ACCUMULATION,1x1,PRICE_LEADS,5.314,Shatabhisha,1,-2.68582619,-69.578448,-2.68582619,0.0566644693,4318.36,307.2054,202512312355
aa9a0bd42895436f,2026-04-04T09:59:22.114659+00:00,XAUUSD,1d,4h,1,historical_first,WAIT,DOWN,2025-12-31T16:00:00,4321.95,4.0,2025-12-31T20:00:00,4318.36,2025-12-31T16:00:00,2026-01-03T20:00:00,4321.95,4243.295792,72.0,-75.064208,-1.738257,physics_projection,315.0,EXACT,NEUTRAL,False,CONSOLIDATION,False,NEUTRAL,0.007808,NO,NO,NO,NO,SELL_CONTINUATION,NEUTRAL (mixed),WAIT,"Price has reached a cardinal angle near 315deg (current 313.4771deg), and time is in phase with neutral during active window 2025-12-31T16:00:00 to 2026-01-03T20:00:00. Structure has not fully confirmed, and force is still pushing (momentum=NEUTRAL). This is not random movement; this is organized decline. Start price 4321.9500, target zone 4243.2958. Therefore: SELL continuation bias, not blind chase.",2026-04-03T13:30:00+00:00,US Non-Farm Payrolls (NFP),high,1229.4,2026-04-04T13:30:00+00:00,US Core PCE Price Index MoM,high,210.6,313.4771,313.4771,62.24,1,ACCUMULATION,1x1,PRICE_LEADS,13.7955,Shatabhisha,3,-1.32364286,-52.929289,-1.32364286,0.0078079004,1079.59,78.369275,202512312000
26099488bef14ab3,2026-04-04T10:19:44.905576+00:00,XAUUSD,1d,4h,25,combined,WAIT,DOWN,2025-12-31T16:00:00,4321.95,4.0,2025-12-31T20:00:00,4318.36,2025-12-31T16:00:00,2026-01-03T20:00:00,4321.95,4243.295792,72.0,-75.064208,-1.738257,physics_projection,315.0,EXACT,NEUTRAL,False,CONSOLIDATION,False,NEUTRAL,0.007808,NO,NO,NO,NO,SELL_CONTINUATION,NEUTRAL (mixed),WAIT,"Price has reached a cardinal angle near 315deg (current 313.4771deg), and time is in phase with neutral during active window 2025-12-31T16:00:00 to 2026-01-03T20:00:00. Structure has not fully confirmed, and force is still pushing (momentum=NEUTRAL). This is not random movement; this is organized decline. Start price 4321.9500, target zone 4243.2958. Therefore: SELL continuation bias, not blind chase.",2026-04-03T13:30:00+00:00,US Non-Farm Payrolls (NFP),high,1249.7,2026-04-04T13:30:00+00:00,US Core PCE Price Index MoM,high,190.3,313.4771,313.4771,62.24,1,ACCUMULATION,1x1,PRICE_LEADS,13.7955,Shatabhisha,3,-1.32364286,-52.929289,-1.32364286,0.0078079004,1079.59,78.369275,202512312000
86c4eca4e17a4ce2,2026-04-04T10:24:02.609079+00:00,XAUUSD,1d,4h,25,combined,WAIT,DOWN,2025-12-31T16:00:00,4321.95,4.0,2025-12-31T20:00:00,4318.36,2025-12-31T16:00:00,2026-01-03T20:00:00,4321.95,4243.295792,72.0,-75.064208,-1.738257,physics_projection,315.0,EXACT,NEUTRAL,False,CONSOLIDATION,False,NEUTRAL,0.007808,NO,NO,NO,NO,SELL_CONTINUATION,NEUTRAL (mixed),WAIT,"Price has reached a cardinal angle near 315deg (current 313.4771deg), and time is in phase with neutral during active window 2025-12-31T16:00:00 to 2026-01-03T20:00:00. Structure has not fully confirmed, and force is still pushing (momentum=NEUTRAL). This is not random movement; this is organized decline. Start price 4321.9500, target zone 4243.2958. Therefore: SELL continuation bias, not blind chase.",2026-04-03T13:30:00+00:00,US Non-Farm Payrolls (NFP),high,1254.0,2026-04-04T13:30:00+00:00,US Core PCE Price Index MoM,high,186.0,313.4771,313.4771,62.24,1,ACCUMULATION,1x1,PRICE_LEADS,13.7955,Shatabhisha,3,-1.32364286,-52.929289,-1.32364286,0.0078079004,1079.59,78.369275,202512312000
f71b0ff27c3b4e6e,2026-04-04T10:24:48.887675+00:00,XAUUSD,4h,4h,25,combined,WAIT,DOWN,2025-12-31T16:00:00,4321.95,4.0,2025-12-31T20:00:00,4318.36,2025-12-31T16:00:00,2026-01-03T20:00:00,4321.95,4243.295792,72.0,-75.064208,-1.738257,physics_projection,315.0,EXACT,NEUTRAL,False,CONSOLIDATION,False,NEUTRAL,0.007808,NO,NO,NO,NO,SELL_CONTINUATION,NEUTRAL (mixed),WAIT,"Price has reached a cardinal angle near 315deg (current 313.4771deg), and time is in phase with neutral during active window 2025-12-31T16:00:00 to 2026-01-03T20:00:00. Structure has not fully confirmed, and force is still pushing (momentum=NEUTRAL). This is not random movement; this is organized decline. Start price 4321.9500, target zone 4243.2958. Therefore: SELL continuation bias, not blind chase.",2026-04-03T13:30:00+00:00,US Non-Farm Payrolls (NFP),high,1254.8,2026-04-04T13:30:00+00:00,US Core PCE Price Index MoM,high,185.2,313.4771,313.4771,62.24,1,ACCUMULATION,1x1,PRICE_LEADS,13.7955,Shatabhisha,3,-1.32364286,-52.929289,-1.32364286,0.0078079004,1079.59,78.369275,202512312000
ff37340e27c34745,2026-04-04T10:26:17.872530+00:00,XAUUSD,1month,4h,25,combined,WAIT,DOWN,2025-12-31T16:00:00,4321.95,4.0,2025-12-31T20:00:00,4318.36,2025-12-31T16:00:00,2026-01-03T20:00:00,4321.95,4243.295792,72.0,-75.064208,-1.738257,physics_projection,315.0,EXACT,NEUTRAL,False,CONSOLIDATION,False,NEUTRAL,0.007808,NO,NO,NO,NO,SELL_CONTINUATION,NEUTRAL (mixed),WAIT,"Price has reached a cardinal angle near 315deg (current 313.4771deg), and time is in phase with neutral during active window 2025-12-31T16:00:00 to 2026-01-03T20:00:00. Structure has not fully confirmed, and force is still pushing (momentum=NEUTRAL). This is not random movement; this is organized decline. Start price 4321.9500, target zone 4243.2958. Therefore: SELL continuation bias, not blind chase.",2026-04-03T13:30:00+00:00,US Non-Farm Payrolls (NFP),high,1256.3,2026-04-04T13:30:00+00:00,US Core PCE Price Index MoM,high,183.7,313.4771,313.4771,62.24,1,ACCUMULATION,1x1,PRICE_LEADS,13.7955,Shatabhisha,3,-1.32364286,-52.929289,-1.32364286,0.0078079004,1079.59,78.369275,202512312000
7dfbdf5869a84c6c,2026-04-04T10:26:28.086637+00:00,XAUUSD,1w,4h,25,combined,WAIT,DOWN,2025-12-31T16:00:00,4321.95,4.0,2025-12-31T20:00:00,4318.36,2025-12-31T16:00:00,2026-01-03T20:00:00,4321.95,4243.295792,72.0,-75.064208,-1.738257,physics_projection,315.0,EXACT,NEUTRAL,False,CONSOLIDATION,False,NEUTRAL,0.007808,NO,NO,NO,NO,SELL_CONTINUATION,NEUTRAL (mixed),WAIT,"Price has reached a cardinal angle near 315deg (current 313.4771deg), and time is in phase with neutral during active window 2025-12-31T16:00:00 to 2026-01-03T20:00:00. Structure has not fully confirmed, and force is still pushing (momentum=NEUTRAL). This is not random movement; this is organized decline. Start price 4321.9500, target zone 4243.2958. Therefore: SELL continuation bias, not blind chase.",2026-04-03T13:30:00+00:00,US Non-Farm Payrolls (NFP),high,1256.5,2026-04-04T13:30:00+00:00,US Core PCE Price Index MoM,high,183.5,313.4771,313.4771,62.24,1,ACCUMULATION,1x1,PRICE_LEADS,13.7955,Shatabhisha,3,-1.32364286,-52.929289,-1.32364286,0.0078079004,1079.59,78.369275,202512312000
6c13880096594256,2026-04-04T10:26:30.076683+00:00,XAUUSD,1w,4h,25,combined,WAIT,DOWN,2025-12-31T16:00:00,4321.95,4.0,2025-12-31T20:00:00,4318.36,2025-12-31T16:00:00,2026-01-03T20:00:00,4321.95,4243.295792,72.0,-75.064208,-1.738257,physics_projection,315.0,EXACT,NEUTRAL,False,CONSOLIDATION,False,NEUTRAL,0.007808,NO,NO,NO,NO,SELL_CONTINUATION,NEUTRAL (mixed),WAIT,"Price has reached a cardinal angle near 315deg (current 313.4771deg), and time is in phase with neutral during active window 2025-12-31T16:00:00 to 2026-01-03T20:00:00. Structure has not fully confirmed, and force is still pushing (momentum=NEUTRAL). This is not random movement; this is organized decline. Start price 4321.9500, target zone 4243.2958. Therefore: SELL continuation bias, not blind chase.",2026-04-03T13:30:00+00:00,US Non-Farm Payrolls (NFP),high,1256.5,2026-04-04T13:30:00+00:00,US Core PCE Price Index MoM,high,183.5,313.4771,313.4771,62.24,1,ACCUMULATION,1x1,PRICE_LEADS,13.7955,Shatabhisha,3,-1.32364286,-52.929289,-1.32364286,0.0078079004,1079.59,78.369275,202512312000
769885a2190c4f33,2026-04-04T10:26:30.879715+00:00,XAUUSD,1month,4h,25,combined,WAIT,DOWN,2025-12-31T16:00:00,4321.95,4.0,2025-12-31T20:00:00,4318.36,2025-12-31T16:00:00,2026-01-03T20:00:00,4321.95,4243.295792,72.0,-75.064208,-1.738257,physics_projection,315.0,EXACT,NEUTRAL,False,CONSOLIDATION,False,NEUTRAL,0.007808,NO,NO,NO,NO,SELL_CONTINUATION,NEUTRAL (mixed),WAIT,"Price has reached a cardinal angle near 315deg (current 313.4771deg), and time is in phase with neutral during active window 2025-12-31T16:00:00 to 2026-01-03T20:00:00. Structure has not fully confirmed, and force is still pushing (momentum=NEUTRAL). This is not random movement; this is organized decline. Start price 4321.9500, target zone 4243.2958. Therefore: SELL continuation bias, not blind chase.",2026-04-03T13:30:00+00:00,US Non-Farm Payrolls (NFP),high,1256.5,2026-04-04T13:30:00+00:00,US Core PCE Price Index MoM,high,183.5,313.4771,313.4771,62.24,1,ACCUMULATION,1x1,PRICE_LEADS,13.7955,Shatabhisha,3,-1.32364286,-52.929289,-1.32364286,0.0078079004,1079.59,78.369275,202512312000
f6ddc0e7f6df4e95,2026-04-04T10:26:46.708815+00:00,XAUUSD,4h,4h,25,combined,WAIT,DOWN,2025-12-31T16:00:00,4321.95,4.0,2025-12-31T20:00:00,4318.36,2025-12-31T16:00:00,2026-01-03T20:00:00,4321.95,4243.295792,72.0,-75.064208,-1.738257,physics_projection,315.0,EXACT,NEUTRAL,False,CONSOLIDATION,False,NEUTRAL,0.007808,NO,NO,NO,NO,SELL_CONTINUATION,NEUTRAL (mixed),WAIT,"Price has reached a cardinal angle near 315deg (current 313.4771deg), and time is in phase with neutral during active window 2025-12-31T16:00:00 to 2026-01-03T20:00:00. Structure has not fully confirmed, and force is still pushing (momentum=NEUTRAL). This is not random movement; this is organized decline. Start price 4321.9500, target zone 4243.2958. Therefore: SELL continuation bias, not blind chase.",2026-04-03T13:30:00+00:00,US Non-Farm Payrolls (NFP),high,1256.8,2026-04-04T13:30:00+00:00,US Core PCE Price Index MoM,high,183.2,313.4771,313.4771,62.24,1,ACCUMULATION,1x1,PRICE_LEADS,13.7955,Shatabhisha,3,-1.32364286,-52.929289,-1.32364286,0.0078079004,1079.59,78.369275,202512312000
7261142e5541447e,2026-04-04T10:27:15.104974+00:00,XAUUSD,1h,1h,25,combined,WAIT,DOWN,2025-12-31T20:00:00,4319.57,3.0,2025-12-31T23:00:00,4318.36,2025-12-31T20:00:00,2026-01-01T02:45:00,4319.57,4311.682929,3.75,-6.677071,-0.154621,physics_projection,315.0,EXACT,NEUTRAL,False,CONSOLIDATION,False,NEUTRAL,-0.003806,NO,NO,NO,NO,SELL_CONTINUATION,NEUTRAL (mixed),WAIT,"Price has reached a cardinal angle near 315deg (current 310.2184deg), and time is in phase with neutral during active window 2025-12-31T20:00:00 to 2026-01-01T02:45:00. Structure has not fully confirmed, and motion is decaying (momentum=NEUTRAL). This is not random movement; this is organized decline. Start price 4319.5700, target zone 4311.6829. Therefore: SELL continuation bias, not blind chase.",2026-04-03T13:30:00+00:00,US Non-Farm Payrolls (NFP),high,1257.3,2026-04-04T13:30:00+00:00,US Core PCE Price Index MoM,high,182.7,310.2184,310.2184,59.68,1,ACCUMULATION,1x1,PRICE_LEADS,10.013,Shatabhisha,2,-1.77341667,-60.582076,-1.77341667,-0.0038056316,1439.45333333,103.40613333,202512312300
eec98dd5e6684ee1,2026-04-04T10:27:18.893895+00:00,XAUUSD,30m,30m,25,combined,WAIT,DOWN,2025-12-31T23:30:00,4318.36,0.0,2025-12-31T23:30:00,4318.36,2025-12-31T23:30:00,2026-01-03T23:30:00,4318.36,4189.143125,72.0,-129.216875,-2.992267,physics_projection,315.0,NEAR,NEUTRAL,False,CONSOLIDATION,False,NEUTRAL,0.022197,NO,NO,NO,NO,SELL_CONTINUATION,NEUTRAL (mixed),WAIT,"Price has reached a cardinal angle near 315deg (current 301.6704deg), and time is in phase with neutral during active window 2025-12-31T23:30:00 to 2026-01-03T23:30:00. Structure has not fully confirmed, and force is still pushing (momentum=NEUTRAL). This is not random movement; this is organized decline. Start price 4318.3600, target zone 4189.1431. Therefore: SELL continuation bias, not blind chase.",2026-04-03T13:30:00+00:00,US Non-Farm Payrolls (NFP),high,1257.3,2026-04-04T13:30:00+00:00,US Core PCE Price Index MoM,high,182.7,301.6704,301.6704,52.62,1,ACCUMULATION,2x1,PRICE_LEADS,9.447,Dhanishtha,3,-2.59376812,-68.91638,-2.59376812,0.0221969252,4318.36,301.6704,202512312330
8250f0260d7d4268,2026-04-04T10:27:36.707986+00:00,XAUUSD,15m,5m,25,combined,WAIT,DOWN,2025-12-31T23:55:00,4318.36,0.0,2025-12-31T23:55:00,4318.36,2025-12-31T23:55:00,2026-01-02T23:18:55.574698657,4318.36,4254.70757,47.3988,-63.65243,-1.473995,physics_projection,315.0,NEAR,NEUTRAL,False,CONSOLIDATION,False,NEUTRAL,0.056664,NO,NO,NO,NO,SELL_CONTINUATION,NEUTRAL (mixed),WAIT,"Price has reached a cardinal angle near 315deg (current 307.2054deg), and time is in phase with neutral during active window 2025-12-31T23:55:00 to 2026-01-02T23:18:55.574698657. Structure has not fully confirmed, and force is still pushing (momentum=NEUTRAL). This is not random movement; this is organized decline. Start price 4318.3600, target zone 4254.7076. Therefore: SELL continuation bias, not blind chase.",2026-04-03T13:30:00+00:00,US Non-Farm Payrolls (NFP),high,1257.6,2026-04-04T13:30:00+00:00,US Core PCE Price Index MoM,high,182.4,307.2054,307.2054,6.99,1,ACCUMULATION,1x1,PRICE_LEADS,5.314,Shatabhisha,1,-2.68582619,-69.578448,-2.68582619,0.0566644693,4318.36,307.2054,202512312355
65fc7aed255f4234,2026-04-04T10:28:04.325936+00:00,XAUUSD,1h,1h,25,combined,WAIT,DOWN,2025-12-31T20:00:00,4319.57,3.0,2025-12-31T23:00:00,4318.36,2025-12-31T20:00:00,2026-01-01T02:45:00,4319.57,4311.682929,3.75,-6.677071,-0.154621,physics_projection,315.0,EXACT,NEUTRAL,False,CONSOLIDATION,False,NEUTRAL,-0.003806,NO,NO,NO,NO,SELL_CONTINUATION,NEUTRAL (mixed),WAIT,"Price has reached a cardinal angle near 315deg (current 310.2184deg), and time is in phase with neutral during active window 2025-12-31T20:00:00 to 2026-01-01T02:45:00. Structure has not fully confirmed, and motion is decaying (momentum=NEUTRAL). This is not random movement; this is organized decline. Start price 4319.5700, target zone 4311.6829. Therefore: SELL continuation bias, not blind chase.",2026-04-03T13:30:00+00:00,US Non-Farm Payrolls (NFP),high,1258.1,2026-04-04T13:30:00+00:00,US Core PCE Price Index MoM,high,181.9,310.2184,310.2184,59.68,1,ACCUMULATION,1x1,PRICE_LEADS,10.013,Shatabhisha,2,-1.77341667,-60.582076,-1.77341667,-0.0038056316,1439.45333333,103.40613333,202512312300
6e142ac1e5e24501,2026-04-04T10:28:05.508847+00:00,XAUUSD,5m,5m,25,combined,WAIT,DOWN,2025-12-31T23:55:00,4318.36,0.0,2025-12-31T23:55:00,4318.36,2025-12-31T23:55:00,2026-01-02T23:18:55.574698657,4318.36,4254.70757,47.3988,-63.65243,-1.473995,physics_projection,315.0,NEAR,NEUTRAL,False,CONSOLIDATION,False,NEUTRAL,0.056664,NO,NO,NO,NO,SELL_CONTINUATION,NEUTRAL (mixed),WAIT,"Price has reached a cardinal angle near 315deg (current 307.2054deg), and time is in phase with neutral during active window 2025-12-31T23:55:00 to 2026-01-02T23:18:55.574698657. Structure has not fully confirmed, and force is still pushing (momentum=NEUTRAL). This is not random movement; this is organized decline. Start price 4318.3600, target zone 4254.7076. Therefore: SELL continuation bias, not blind chase.",2026-04-03T13:30:00+00:00,US Non-Farm Payrolls (NFP),high,1258.1,2026-04-04T13:30:00+00:00,US Core PCE Price Index MoM,high,181.9,307.2054,307.2054,6.99,1,ACCUMULATION,1x1,PRICE_LEADS,5.314,Shatabhisha,1,-2.68582619,-69.578448,-2.68582619,0.0566644693,4318.36,307.2054,202512312355
8e74e202a6f74c1c,2026-04-04T10:28:09.204627+00:00,XAUUSD,5m,5m,25,combined,WAIT,DOWN,2025-12-31T23:55:00,4318.36,0.0,2025-12-31T23:55:00,4318.36,2025-12-31T23:55:00,2026-01-02T23:18:55.574698657,4318.36,4254.70757,47.3988,-63.65243,-1.473995,physics_projection,315.0,NEAR,NEUTRAL,False,CONSOLIDATION,False,NEUTRAL,0.056664,NO,NO,NO,NO,SELL_CONTINUATION,NEUTRAL (mixed),WAIT,"Price has reached a cardinal angle near 315deg (current 307.2054deg), and time is in phase with neutral during active window 2025-12-31T23:55:00 to 2026-01-02T23:18:55.574698657. Structure has not fully confirmed, and force is still pushing (momentum=NEUTRAL). This is not random movement; this is organized decline. Start price 4318.3600, target zone 4254.7076. Therefore: SELL continuation bias, not blind chase.",2026-04-03T13:30:00+00:00,US Non-Farm Payrolls (NFP),high,1258.2,2026-04-04T13:30:00+00:00,US Core PCE Price Index MoM,high,181.8,307.2054,307.2054,6.99,1,ACCUMULATION,1x1,PRICE_LEADS,5.314,Shatabhisha,1,-2.68582619,-69.578448,-2.68582619,0.0566644693,4318.36,307.2054,202512312355
5f13b4a9fa9d4e58,2026-04-04T10:28:40.967851+00:00,XAUUSD,1m,5m,25,combined,WAIT,DOWN,2025-12-31T23:55:00,4318.36,0.0,2025-12-31T23:55:00,4318.36,2025-12-31T23:55:00,2026-01-02T23:18:55.574698657,4318.36,4254.70757,47.3988,-63.65243,-1.473995,physics_projection,315.0,NEAR,NEUTRAL,False,CONSOLIDATION,False,NEUTRAL,0.056664,NO,NO,NO,NO,SELL_CONTINUATION,NEUTRAL (mixed),WAIT,"Price has reached a cardinal angle near 315deg (current 307.2054deg), and time is in phase with neutral during active window 2025-12-31T23:55:00 to 2026-01-02T23:18:55.574698657. Structure has not fully confirmed, and force is still pushing (momentum=NEUTRAL). This is not random movement; this is organized decline. Start price 4318.3600, target zone 4254.7076. Therefore: SELL continuation bias, not blind chase.",2026-04-03T13:30:00+00:00,US Non-Farm Payrolls (NFP),high,1258.7,2026-04-04T13:30:00+00:00,US Core PCE Price Index MoM,high,181.3,307.2054,307.2054,6.99,1,ACCUMULATION,1x1,PRICE_LEADS,5.314,Shatabhisha,1,-2.68582619,-69.578448,-2.68582619,0.0566644693,4318.36,307.2054,202512312355
58f37158656b4f0c,2026-04-04T10:28:44.261459+00:00,XAUUSD,1m,5m,25,combined,WAIT,DOWN,2025-12-31T23:55:00,4318.36,0.0,2025-12-31T23:55:00,4318.36,2025-12-31T23:55:00,2026-01-02T23:18:55.574698657,4318.36,4254.70757,47.3988,-63.65243,-1.473995,physics_projection,315.0,NEAR,NEUTRAL,False,CONSOLIDATION,False,NEUTRAL,0.056664,NO,NO,NO,NO,SELL_CONTINUATION,NEUTRAL (mixed),WAIT,"Price has reached a cardinal angle near 315deg (current 307.2054deg), and time is in phase with neutral during active window 2025-12-31T23:55:00 to 2026-01-02T23:18:55.574698657. Structure has not fully confirmed, and force is still pushing (momentum=NEUTRAL). This is not random movement; this is organized decline. Start price 4318.3600, target zone 4254.7076. Therefore: SELL continuation bias, not blind chase.",2026-04-03T13:30:00+00:00,US Non-Farm Payrolls (NFP),high,1258.7,2026-04-04T13:30:00+00:00,US Core PCE Price Index MoM,high,181.3,307.2054,307.2054,6.99,1,ACCUMULATION,1x1,PRICE_LEADS,5.314,Shatabhisha,1,-2.68582619,-69.578448,-2.68582619,0.0566644693,4318.36,307.2054,202512312355
a9b644eb9a444226,2026-04-04T13:17:48.106467+00:00,XAUUSD,1d,4h,25,combined,WAIT,DOWN,2025-12-31T16:00:00,4321.95,4.0,2025-12-31T20:00:00,4318.36,2025-12-31T16:00:00,2026-01-03T20:00:00,4321.95,4243.295792,72.0,-75.064208,-1.738257,physics_projection,315.0,EXACT,NEUTRAL,False,CONSOLIDATION,False,NEUTRAL,0.007808,NO,NO,NO,NO,SELL_CONTINUATION,NEUTRAL (mixed),WAIT,"Price has reached a cardinal angle near 315deg (current 313.4771deg), and time is in phase with neutral during active window 2025-12-31T16:00:00 to 2026-01-03T20:00:00. Structure has not fully confirmed, and force is still pushing (momentum=NEUTRAL). This is not random movement; this is organized decline. Start price 4321.9500, target zone 4243.2958. Therefore: SELL continuation bias, not blind chase.",2026-04-03T13:30:00+00:00,US Non-Farm Payrolls (NFP),high,1427.8,2026-04-04T13:30:00+00:00,US Core PCE Price Index MoM,high,12.2,313.4771,313.4771,62.24,1,ACCUMULATION,1x1,PRICE_LEADS,13.7955,Shatabhisha,3,-1.32364286,-52.929289,-1.32364286,0.0078079004,1079.59,78.369275,202512312000
f8acb400fbf24b2f,2026-04-04T13:19:20.423337+00:00,XAUUSD,1d,4h,25,combined,WAIT,DOWN,2025-12-31T16:00:00,4321.95,4.0,2025-12-31T20:00:00,4318.36,2025-12-31T16:00:00,2026-01-03T20:00:00,4321.95,4243.295792,72.0,-75.064208,-1.738257,physics_projection,315.0,EXACT,NEUTRAL,False,CONSOLIDATION,False,NEUTRAL,0.007808,NO,NO,NO,NO,SELL_CONTINUATION,NEUTRAL (mixed),WAIT,"Price has reached a cardinal angle near 315deg (current 313.4771deg), and time is in phase with neutral during active window 2025-12-31T16:00:00 to 2026-01-03T20:00:00. Structure has not fully confirmed, and force is still pushing (momentum=NEUTRAL). This is not random movement; this is organized decline. Start price 4321.9500, target zone 4243.2958. Therefore: SELL continuation bias, not blind chase.",2026-04-03T13:30:00+00:00,US Non-Farm Payrolls (NFP),high,1429.3,2026-04-04T13:30:00+00:00,US Core PCE Price Index MoM,high,10.7,313.4771,313.4771,62.24,1,ACCUMULATION,1x1,PRICE_LEADS,13.7955,Shatabhisha,3,-1.32364286,-52.929289,-1.32364286,0.0078079004,1079.59,78.369275,202512312000
698f53aaa35a4adc,2026-04-04T13:20:50.911008+00:00,XAUUSD,1d,4h,25,combined,WAIT,DOWN,2025-12-31T16:00:00,4321.95,4.0,2025-12-31T20:00:00,4318.36,2025-12-31T16:00:00,2026-01-03T20:00:00,4321.95,4243.295792,72.0,-75.064208,-1.738257,physics_projection,315.0,EXACT,NEUTRAL,False,CONSOLIDATION,False,NEUTRAL,0.007808,NO,NO,NO,NO,SELL_CONTINUATION,NEUTRAL (mixed),WAIT,"Price has reached a cardinal angle near 315deg (current 313.4771deg), and time is in phase with neutral during active window 2025-12-31T16:00:00 to 2026-01-03T20:00:00. Structure has not fully confirmed, and force is still pushing (momentum=NEUTRAL). This is not random movement; this is organized decline. Start price 4321.9500, target zone 4243.2958. Therefore: SELL continuation bias, not blind chase.",2026-04-03T13:30:00+00:00,US Non-Farm Payrolls (NFP),high,1430.8,2026-04-04T13:30:00+00:00,US Core PCE Price Index MoM,high,9.2,313.4771,313.4771,62.24,1,ACCUMULATION,1x1,PRICE_LEADS,13.7955,Shatabhisha,3,-1.32364286,-52.929289,-1.32364286,0.0078079004,1079.59,78.369275,202512312000
0981b76dcc894a36,2026-04-04T13:28:25.037238+00:00,XAUUSD,4h,4h,25,combined,WAIT,DOWN,2025-12-31T16:00:00,4321.95,4.0,2025-12-31T20:00:00,4318.36,2025-12-31T16:00:00,2026-01-03T20:00:00,4321.95,4243.295792,72.0,-75.064208,-1.738257,physics_projection,315.0,EXACT,NEUTRAL,False,CONSOLIDATION,False,NEUTRAL,0.007808,NO,NO,NO,NO,SELL_CONTINUATION,NEUTRAL (mixed),WAIT,"Price has reached a cardinal angle near 315deg (current 313.4771deg), and time is in phase with neutral during active window 2025-12-31T16:00:00 to 2026-01-03T20:00:00. Structure has not fully confirmed, and force is still pushing (momentum=NEUTRAL). This is not random movement; this is organized decline. Start price 4321.9500, target zone 4243.2958. Therefore: SELL continuation bias, not blind chase.",2026-04-03T13:30:00+00:00,US Non-Farm Payrolls (NFP),high,1438.4,2026-04-04T13:30:00+00:00,US Core PCE Price Index MoM,high,1.6,313.4771,313.4771,62.24,1,ACCUMULATION,1x1,PRICE_LEADS,13.7955,Shatabhisha,3,-1.32364286,-52.929289,-1.32364286,0.0078079004,1079.59,78.369275,202512312000
ba9a79beb64c4117,2026-04-04T13:31:44.322163+00:00,XAUUSD,1month,4h,25,combined,WAIT,DOWN,2025-12-31T16:00:00,4321.95,4.0,2025-12-31T20:00:00,4318.36,2025-12-31T16:00:00,2026-01-03T20:00:00,4321.95,4243.295792,72.0,-75.064208,-1.738257,physics_projection,315.0,EXACT,NEUTRAL,False,CONSOLIDATION,False,NEUTRAL,0.007808,NO,NO,NO,NO,SELL_CONTINUATION,NEUTRAL (mixed),WAIT,"Price has reached a cardinal angle near 315deg (current 313.4771deg), and time is in phase with neutral during active window 2025-12-31T16:00:00 to 2026-01-03T20:00:00. Structure has not fully confirmed, and force is still pushing (momentum=NEUTRAL). This is not random movement; this is organized decline. Start price 4321.9500, target zone 4243.2958. Therefore: SELL continuation bias, not blind chase.",2026-04-04T13:30:00+00:00,US Core PCE Price Index MoM,high,1.7,2026-04-10T13:30:00+00:00,US Consumer Price Index (CPI) YoY,high,8638.3,313.4771,313.4771,62.24,1,ACCUMULATION,1x1,PRICE_LEADS,13.7955,Shatabhisha,3,-1.32364286,-52.929289,-1.32364286,0.0078079004,1079.59,78.369275,202512312000
edd6537dc7d04b1e,2026-04-04T13:32:00.405630+00:00,XAUUSD,1w,4h,25,combined,WAIT,DOWN,2025-12-31T16:00:00,4321.95,4.0,2025-12-31T20:00:00,4318.36,2025-12-31T16:00:00,2026-01-03T20:00:00,4321.95,4243.295792,72.0,-75.064208,-1.738257,physics_projection,315.0,EXACT,NEUTRAL,False,CONSOLIDATION,False,NEUTRAL,0.007808,NO,NO,NO,NO,SELL_CONTINUATION,NEUTRAL (mixed),WAIT,"Price has reached a cardinal angle near 315deg (current 313.4771deg), and time is in phase with neutral during active window 2025-12-31T16:00:00 to 2026-01-03T20:00:00. Structure has not fully confirmed, and force is still pushing (momentum=NEUTRAL). This is not random movement; this is organized decline. Start price 4321.9500, target zone 4243.2958. Therefore: SELL continuation bias, not blind chase.",2026-04-04T13:30:00+00:00,US Core PCE Price Index MoM,high,2.0,2026-04-10T13:30:00+00:00,US Consumer Price Index (CPI) YoY,high,8638.0,313.4771,313.4771,62.24,1,ACCUMULATION,1x1,PRICE_LEADS,13.7955,Shatabhisha,3,-1.32364286,-52.929289,-1.32364286,0.0078079004,1079.59,78.369275,202512312000
82ac4cd172b04511,2026-04-04T13:33:59.463660+00:00,XAUUSD,4h,4h,25,combined,WAIT,DOWN,2025-12-31T16:00:00,4321.95,4.0,2025-12-31T20:00:00,4318.36,2025-12-31T16:00:00,2026-01-03T20:00:00,4321.95,4243.295792,72.0,-75.064208,-1.738257,physics_projection,315.0,EXACT,NEUTRAL,False,CONSOLIDATION,False,NEUTRAL,0.007808,NO,NO,NO,NO,SELL_CONTINUATION,NEUTRAL (mixed),WAIT,"Price has reached a cardinal angle near 315deg (current 313.4771deg), and time is in phase with neutral during active window 2025-12-31T16:00:00 to 2026-01-03T20:00:00. Structure has not fully confirmed, and force is still pushing (momentum=NEUTRAL). This is not random movement; this is organized decline. Start price 4321.9500, target zone 4243.2958. Therefore: SELL continuation bias, not blind chase.",2026-04-04T13:30:00+00:00,US Core PCE Price Index MoM,high,4.0,2026-04-10T13:30:00+00:00,US Consumer Price Index (CPI) YoY,high,8636.0,313.4771,313.4771,62.24,1,ACCUMULATION,1x1,PRICE_LEADS,13.7955,Shatabhisha,3,-1.32364286,-52.929289,-1.32364286,0.0078079004,1079.59,78.369275,202512312000
4b6dca76d5ba4231,2026-04-04T13:34:07.280379+00:00,XAUUSD,1d,4h,25,combined,WAIT,DOWN,2025-12-31T16:00:00,4321.95,4.0,2025-12-31T20:00:00,4318.36,2025-12-31T16:00:00,2026-01-03T20:00:00,4321.95,4243.295792,72.0,-75.064208,-1.738257,physics_projection,315.0,EXACT,NEUTRAL,False,CONSOLIDATION,False,NEUTRAL,0.007808,NO,NO,NO,NO,SELL_CONTINUATION,NEUTRAL (mixed),WAIT,"Price has reached a cardinal angle near 315deg (current 313.4771deg), and time is in phase with neutral during active window 2025-12-31T16:00:00 to 2026-01-03T20:00:00. Structure has not fully confirmed, and force is still pushing (momentum=NEUTRAL). This is not random movement; this is organized decline. Start price 4321.9500, target zone 4243.2958. Therefore: SELL continuation bias, not blind chase.",2026-04-04T13:30:00+00:00,US Core PCE Price Index MoM,high,4.1,2026-04-10T13:30:00+00:00,US Consumer Price Index (CPI) YoY,high,8635.9,313.4771,313.4771,62.24,1,ACCUMULATION,1x1,PRICE_LEADS,13.7955,Shatabhisha,3,-1.32364286,-52.929289,-1.32364286,0.0078079004,1079.59,78.369275,202512312000
d9f0d93c3f8748ce,2026-04-04T13:34:55.581486+00:00,XAUUSD,1h,1h,25,combined,WAIT,DOWN,2025-12-31T20:00:00,4319.57,3.0,2025-12-31T23:00:00,4318.36,2025-12-31T20:00:00,2026-01-01T02:45:00,4319.57,4311.682929,3.75,-6.677071,-0.154621,physics_projection,315.0,EXACT,NEUTRAL,False,CONSOLIDATION,False,NEUTRAL,-0.003806,NO,NO,NO,NO,SELL_CONTINUATION,NEUTRAL (mixed),WAIT,"Price has reached a cardinal angle near 315deg (current 310.2184deg), and time is in phase with neutral during active window 2025-12-31T20:00:00 to 2026-01-01T02:45:00. Structure has not fully confirmed, and motion is decaying (momentum=NEUTRAL). This is not random movement; this is organized decline. Start price 4319.5700, target zone 4311.6829. Therefore: SELL continuation bias, not blind chase.",2026-04-04T13:30:00+00:00,US Core PCE Price Index MoM,high,4.9,2026-04-10T13:30:00+00:00,US Consumer Price Index (CPI) YoY,high,8635.1,310.2184,310.2184,59.68,1,ACCUMULATION,1x1,PRICE_LEADS,10.013,Shatabhisha,2,-1.77341667,-60.582076,-1.77341667,-0.0038056316,1439.45333333,103.40613333,202512312300
94c6aa7835ae4324,2026-04-04T13:34:57.447396+00:00,XAUUSD,30m,30m,25,combined,WAIT,DOWN,2025-12-31T23:30:00,4318.36,0.0,2025-12-31T23:30:00,4318.36,2025-12-31T23:30:00,2026-01-03T23:30:00,4318.36,4189.143125,72.0,-129.216875,-2.992267,physics_projection,315.0,NEAR,NEUTRAL,False,CONSOLIDATION,False,NEUTRAL,0.022197,NO,NO,NO,NO,SELL_CONTINUATION,NEUTRAL (mixed),WAIT,"Price has reached a cardinal angle near 315deg (current 301.6704deg), and time is in phase with neutral during active window 2025-12-31T23:30:00 to 2026-01-03T23:30:00. Structure has not fully confirmed, and force is still pushing (momentum=NEUTRAL). This is not random movement; this is organized decline. Start price 4318.3600, target zone 4189.1431. Therefore: SELL continuation bias, not blind chase.",2026-04-04T13:30:00+00:00,US Core PCE Price Index MoM,high,5.0,2026-04-10T13:30:00+00:00,US Consumer Price Index (CPI) YoY,high,8635.0,301.6704,301.6704,52.62,1,ACCUMULATION,2x1,PRICE_LEADS,9.447,Dhanishtha,3,-2.59376812,-68.91638,-2.59376812,0.0221969252,4318.36,301.6704,202512312330
5bf4b1ac1899435b,2026-04-04T13:35:09.017369+00:00,XAUUSD,1month,4h,25,combined,WAIT,DOWN,2025-12-31T16:00:00,4321.95,4.0,2025-12-31T20:00:00,4318.36,2025-12-31T16:00:00,2026-01-03T20:00:00,4321.95,4243.295792,72.0,-75.064208,-1.738257,physics_projection,315.0,EXACT,NEUTRAL,False,CONSOLIDATION,False,NEUTRAL,0.007808,NO,NO,NO,NO,SELL_CONTINUATION,NEUTRAL (mixed),WAIT,"Price has reached a cardinal angle near 315deg (current 313.4771deg), and time is in phase with neutral during active window 2025-12-31T16:00:00 to 2026-01-03T20:00:00. Structure has not fully confirmed, and force is still pushing (momentum=NEUTRAL). This is not random movement; this is organized decline. Start price 4321.9500, target zone 4243.2958. Therefore: SELL continuation bias, not blind chase.",2026-04-04T13:30:00+00:00,US Core PCE Price Index MoM,high,5.2,2026-04-10T13:30:00+00:00,US Consumer Price Index (CPI) YoY,high,8634.8,313.4771,313.4771,62.24,1,ACCUMULATION,1x1,PRICE_LEADS,13.7955,Shatabhisha,3,-1.32364286,-52.929289,-1.32364286,0.0078079004,1079.59,78.369275,202512312000
0a3e276f464845f9,2026-04-04T13:35:14.493503+00:00,XAUUSD,1w,4h,25,combined,WAIT,DOWN,2025-12-31T16:00:00,4321.95,4.0,2025-12-31T20:00:00,4318.36,2025-12-31T16:00:00,2026-01-03T20:00:00,4321.95,4243.295792,72.0,-75.064208,-1.738257,physics_projection,315.0,EXACT,NEUTRAL,False,CONSOLIDATION,False,NEUTRAL,0.007808,NO,NO,NO,NO,SELL_CONTINUATION,NEUTRAL (mixed),WAIT,"Price has reached a cardinal angle near 315deg (current 313.4771deg), and time is in phase with neutral during active window 2025-12-31T16:00:00 to 2026-01-03T20:00:00. Structure has not fully confirmed, and force is still pushing (momentum=NEUTRAL). This is not random movement; this is organized decline. Start price 4321.9500, target zone 4243.2958. Therefore: SELL continuation bias, not blind chase.",2026-04-04T13:30:00+00:00,US Core PCE Price Index MoM,high,5.2,2026-04-10T13:30:00+00:00,US Consumer Price Index (CPI) YoY,high,8634.8,313.4771,313.4771,62.24,1,ACCUMULATION,1x1,PRICE_LEADS,13.7955,Shatabhisha,3,-1.32364286,-52.929289,-1.32364286,0.0078079004,1079.59,78.369275,202512312000
eef410e4e9e34279,2026-04-04T13:35:56.434562+00:00,XAUUSD,1d,4h,25,combined,WAIT,DOWN,2025-12-31T16:00:00,4321.95,4.0,2025-12-31T20:00:00,4318.36,2025-12-31T16:00:00,2026-01-03T20:00:00,4321.95,4243.295792,72.0,-75.064208,-1.738257,physics_projection,315.0,EXACT,NEUTRAL,False,CONSOLIDATION,False,NEUTRAL,0.007808,NO,NO,NO,NO,SELL_CONTINUATION,NEUTRAL (mixed),WAIT,"Price has reached a cardinal angle near 315deg (current 313.4771deg), and time is in phase with neutral during active window 2025-12-31T16:00:00 to 2026-01-03T20:00:00. Structure has not fully confirmed, and force is still pushing (momentum=NEUTRAL). This is not random movement; this is organized decline. Start price 4321.9500, target zone 4243.2958. Therefore: SELL continuation bias, not blind chase.",2026-04-04T13:30:00+00:00,US Core PCE Price Index MoM,high,5.9,2026-04-10T13:30:00+00:00,US Consumer Price Index (CPI) YoY,high,8634.1,313.4771,313.4771,62.24,1,ACCUMULATION,1x1,PRICE_LEADS,13.7955,Shatabhisha,3,-1.32364286,-52.929289,-1.32364286,0.0078079004,1079.59,78.369275,202512312000
a50d91138c274555,2026-04-04T13:36:00.678746+00:00,XAUUSD,15m,5m,25,combined,WAIT,DOWN,2025-12-31T23:55:00,4318.36,0.0,2025-12-31T23:55:00,4318.36,2025-12-31T23:55:00,2026-01-02T23:18:55.574698657,4318.36,4254.70757,47.3988,-63.65243,-1.473995,physics_projection,315.0,NEAR,NEUTRAL,False,CONSOLIDATION,False,NEUTRAL,0.056664,NO,NO,NO,NO,SELL_CONTINUATION,NEUTRAL (mixed),WAIT,"Price has reached a cardinal angle near 315deg (current 307.2054deg), and time is in phase with neutral during active window 2025-12-31T23:55:00 to 2026-01-02T23:18:55.574698657. Structure has not fully confirmed, and force is still pushing (momentum=NEUTRAL). This is not random movement; this is organized decline. Start price 4318.3600, target zone 4254.7076. Therefore: SELL continuation bias, not blind chase.",2026-04-04T13:30:00+00:00,US Core PCE Price Index MoM,high,6.0,2026-04-10T13:30:00+00:00,US Consumer Price Index (CPI) YoY,high,8634.0,307.2054,307.2054,6.99,1,ACCUMULATION,1x1,PRICE_LEADS,5.314,Shatabhisha,1,-2.68582619,-69.578448,-2.68582619,0.0566644693,4318.36,307.2054,202512312355
af4cb198374b4f54,2026-04-04T13:36:04.430096+00:00,XAUUSD,4h,4h,25,combined,WAIT,DOWN,2025-12-31T16:00:00,4321.95,4.0,2025-12-31T20:00:00,4318.36,2025-12-31T16:00:00,2026-01-03T20:00:00,4321.95,4243.295792,72.0,-75.064208,-1.738257,physics_projection,315.0,EXACT,NEUTRAL,False,CONSOLIDATION,False,NEUTRAL,0.007808,NO,NO,NO,NO,SELL_CONTINUATION,NEUTRAL (mixed),WAIT,"Price has reached a cardinal angle near 315deg (current 313.4771deg), and time is in phase with neutral during active window 2025-12-31T16:00:00 to 2026-01-03T20:00:00. Structure has not fully confirmed, and force is still pushing (momentum=NEUTRAL). This is not random movement; this is organized decline. Start price 4321.9500, target zone 4243.2958. Therefore: SELL continuation bias, not blind chase.",2026-04-04T13:30:00+00:00,US Core PCE Price Index MoM,high,6.1,2026-04-10T13:30:00+00:00,US Consumer Price Index (CPI) YoY,high,8633.9,313.4771,313.4771,62.24,1,ACCUMULATION,1x1,PRICE_LEADS,13.7955,Shatabhisha,3,-1.32364286,-52.929289,-1.32364286,0.0078079004,1079.59,78.369275,202512312000
8e7a495f6f614bee,2026-04-04T13:36:30.155727+00:00,XAUUSD,1month,4h,25,combined,WAIT,DOWN,2025-12-31T16:00:00,4321.95,4.0,2025-12-31T20:00:00,4318.36,2025-12-31T16:00:00,2026-01-03T20:00:00,4321.95,4243.295792,72.0,-75.064208,-1.738257,physics_projection,315.0,EXACT,NEUTRAL,False,CONSOLIDATION,False,NEUTRAL,0.007808,NO,NO,NO,NO,SELL_CONTINUATION,NEUTRAL (mixed),WAIT,"Price has reached a cardinal angle near 315deg (current 313.4771deg), and time is in phase with neutral during active window 2025-12-31T16:00:00 to 2026-01-03T20:00:00. Structure has not fully confirmed, and force is still pushing (momentum=NEUTRAL). This is not random movement; this is organized decline. Start price 4321.9500, target zone 4243.2958. Therefore: SELL continuation bias, not blind chase.",2026-04-04T13:30:00+00:00,US Core PCE Price Index MoM,high,6.5,2026-04-10T13:30:00+00:00,US Consumer Price Index (CPI) YoY,high,8633.5,313.4771,313.4771,62.24,1,ACCUMULATION,1x1,PRICE_LEADS,13.7955,Shatabhisha,3,-1.32364286,-52.929289,-1.32364286,0.0078079004,1079.59,78.369275,202512312000
db9e653fd7ee4c25,2026-04-04T13:36:32.337390+00:00,XAUUSD,1month,4h,25,combined,WAIT,DOWN,2025-12-31T16:00:00,4321.95,4.0,2025-12-31T20:00:00,4318.36,2025-12-31T16:00:00,2026-01-03T20:00:00,4321.95,4243.295792,72.0,-75.064208,-1.738257,physics_projection,315.0,EXACT,NEUTRAL,False,CONSOLIDATION,False,NEUTRAL,0.007808,NO,NO,NO,NO,SELL_CONTINUATION,NEUTRAL (mixed),WAIT,"Price has reached a cardinal angle near 315deg (current 313.4771deg), and time is in phase with neutral during active window 2025-12-31T16:00:00 to 2026-01-03T20:00:00. Structure has not fully confirmed, and force is still pushing (momentum=NEUTRAL). This is not random movement; this is organized decline. Start price 4321.9500, target zone 4243.2958. Therefore: SELL continuation bias, not blind chase.",2026-04-04T13:30:00+00:00,US Core PCE Price Index MoM,high,6.5,2026-04-10T13:30:00+00:00,US Consumer Price Index (CPI) YoY,high,8633.5,313.4771,313.4771,62.24,1,ACCUMULATION,1x1,PRICE_LEADS,13.7955,Shatabhisha,3,-1.32364286,-52.929289,-1.32364286,0.0078079004,1079.59,78.369275,202512312000
0c41f3d97d3f4a61,2026-04-04T13:36:35.666391+00:00,XAUUSD,1w,4h,25,combined,WAIT,DOWN,2025-12-31T16:00:00,4321.95,4.0,2025-12-31T20:00:00,4318.36,2025-12-31T16:00:00,2026-01-03T20:00:00,4321.95,4243.295792,72.0,-75.064208,-1.738257,physics_projection,315.0,EXACT,NEUTRAL,False,CONSOLIDATION,False,NEUTRAL,0.007808,NO,NO,NO,NO,SELL_CONTINUATION,NEUTRAL (mixed),WAIT,"Price has reached a cardinal angle near 315deg (current 313.4771deg), and time is in phase with neutral during active window 2025-12-31T16:00:00 to 2026-01-03T20:00:00. Structure has not fully confirmed, and force is still pushing (momentum=NEUTRAL). This is not random movement; this is organized decline. Start price 4321.9500, target zone 4243.2958. Therefore: SELL continuation bias, not blind chase.",2026-04-04T13:30:00+00:00,US Core PCE Price Index MoM,high,6.6,2026-04-10T13:30:00+00:00,US Consumer Price Index (CPI) YoY,high,8633.4,313.4771,313.4771,62.24,1,ACCUMULATION,1x1,PRICE_LEADS,13.7955,Shatabhisha,3,-1.32364286,-52.929289,-1.32364286,0.0078079004,1079.59,78.369275,202512312000
c8ddc3fe977b4748,2026-04-04T13:37:42.492684+00:00,XAUUSD,5m,5m,25,combined,WAIT,DOWN,2025-12-31T23:55:00,4318.36,0.0,2025-12-31T23:55:00,4318.36,2025-12-31T23:55:00,2026-01-02T23:18:55.574698657,4318.36,4254.70757,47.3988,-63.65243,-1.473995,physics_projection,315.0,NEAR,NEUTRAL,False,CONSOLIDATION,False,NEUTRAL,0.056664,NO,NO,NO,NO,SELL_CONTINUATION,NEUTRAL (mixed),WAIT,"Price has reached a cardinal angle near 315deg (current 307.2054deg), and time is in phase with neutral during active window 2025-12-31T23:55:00 to 2026-01-02T23:18:55.574698657. Structure has not fully confirmed, and force is still pushing (momentum=NEUTRAL). This is not random movement; this is organized decline. Start price 4318.3600, target zone 4254.7076. Therefore: SELL continuation bias, not blind chase.",2026-04-04T13:30:00+00:00,US Core PCE Price Index MoM,high,7.7,2026-04-10T13:30:00+00:00,US Consumer Price Index (CPI) YoY,high,8632.3,307.2054,307.2054,6.99,1,ACCUMULATION,1x1,PRICE_LEADS,5.314,Shatabhisha,1,-2.68582619,-69.578448,-2.68582619,0.0566644693,4318.36,307.2054,202512312355
a520c82f60324d38,2026-04-04T13:37:48.395011+00:00,XAUUSD,5m,5m,25,combined,WAIT,DOWN,2025-12-31T23:55:00,4318.36,0.0,2025-12-31T23:55:00,4318.36,2025-12-31T23:55:00,2026-01-02T23:18:55.574698657,4318.36,4254.70757,47.3988,-63.65243,-1.473995,physics_projection,315.0,NEAR,NEUTRAL,False,CONSOLIDATION,False,NEUTRAL,0.056664,NO,NO,NO,NO,SELL_CONTINUATION,NEUTRAL (mixed),WAIT,"Price has reached a cardinal angle near 315deg (current 307.2054deg), and time is in phase with neutral during active window 2025-12-31T23:55:00 to 2026-01-02T23:18:55.574698657. Structure has not fully confirmed, and force is still pushing (momentum=NEUTRAL). This is not random movement; this is organized decline. Start price 4318.3600, target zone 4254.7076. Therefore: SELL continuation bias, not blind chase.",2026-04-04T13:30:00+00:00,US Core PCE Price Index MoM,high,7.8,2026-04-10T13:30:00+00:00,US Consumer Price Index (CPI) YoY,high,8632.2,307.2054,307.2054,6.99,1,ACCUMULATION,1x1,PRICE_LEADS,5.314,Shatabhisha,1,-2.68582619,-69.578448,-2.68582619,0.0566644693,4318.36,307.2054,202512312355
f331e5f698d7439c,2026-04-04T13:38:05.545203+00:00,XAUUSD,1h,1h,25,combined,WAIT,DOWN,2025-12-31T20:00:00,4319.57,3.0,2025-12-31T23:00:00,4318.36,2025-12-31T20:00:00,2026-01-01T02:45:00,4319.57,4311.682929,3.75,-6.677071,-0.154621,physics_projection,315.0,EXACT,NEUTRAL,False,CONSOLIDATION,False,NEUTRAL,-0.003806,NO,NO,NO,NO,SELL_CONTINUATION,NEUTRAL (mixed),WAIT,"Price has reached a cardinal angle near 315deg (current 310.2184deg), and time is in phase with neutral during active window 2025-12-31T20:00:00 to 2026-01-01T02:45:00. Structure has not fully confirmed, and motion is decaying (momentum=NEUTRAL). This is not random movement; this is organized decline. Start price 4319.5700, target zone 4311.6829. Therefore: SELL continuation bias, not blind chase.",2026-04-04T13:30:00+00:00,US Core PCE Price Index MoM,high,8.1,2026-04-10T13:30:00+00:00,US Consumer Price Index (CPI) YoY,high,8631.9,310.2184,310.2184,59.68,1,ACCUMULATION,1x1,PRICE_LEADS,10.013,Shatabhisha,2,-1.77341667,-60.582076,-1.77341667,-0.0038056316,1439.45333333,103.40613333,202512312300
85ff1059d02a4b64,2026-04-04T13:38:07.430432+00:00,XAUUSD,30m,30m,25,combined,WAIT,DOWN,2025-12-31T23:30:00,4318.36,0.0,2025-12-31T23:30:00,4318.36,2025-12-31T23:30:00,2026-01-03T23:30:00,4318.36,4189.143125,72.0,-129.216875,-2.992267,physics_projection,315.0,NEAR,NEUTRAL,False,CONSOLIDATION,False,NEUTRAL,0.022197,NO,NO,NO,NO,SELL_CONTINUATION,NEUTRAL (mixed),WAIT,"Price has reached a cardinal angle near 315deg (current 301.6704deg), and time is in phase with neutral during active window 2025-12-31T23:30:00 to 2026-01-03T23:30:00. Structure has not fully confirmed, and force is still pushing (momentum=NEUTRAL). This is not random movement; this is organized decline. Start price 4318.3600, target zone 4189.1431. Therefore: SELL continuation bias, not blind chase.",2026-04-04T13:30:00+00:00,US Core PCE Price Index MoM,high,8.1,2026-04-10T13:30:00+00:00,US Consumer Price Index (CPI) YoY,high,8631.9,301.6704,301.6704,52.62,1,ACCUMULATION,2x1,PRICE_LEADS,9.447,Dhanishtha,3,-2.59376812,-68.91638,-2.59376812,0.0221969252,4318.36,301.6704,202512312330
65595991a9224d58,2026-04-04T13:39:00.410114+00:00,XAUUSD,30m,30m,25,combined,WAIT,DOWN,2025-12-31T23:30:00,4318.36,0.0,2025-12-31T23:30:00,4318.36,2025-12-31T23:30:00,2026-01-03T23:30:00,4318.36,4189.143125,72.0,-129.216875,-2.992267,physics_projection,315.0,NEAR,NEUTRAL,False,CONSOLIDATION,False,NEUTRAL,0.022197,NO,NO,NO,NO,SELL_CONTINUATION,NEUTRAL (mixed),WAIT,"Price has reached a cardinal angle near 315deg (current 301.6704deg), and time is in phase with neutral during active window 2025-12-31T23:30:00 to 2026-01-03T23:30:00. Structure has not fully confirmed, and force is still pushing (momentum=NEUTRAL). This is not random movement; this is organized decline. Start price 4318.3600, target zone 4189.1431. Therefore: SELL continuation bias, not blind chase.",2026-04-04T13:30:00+00:00,US Core PCE Price Index MoM,high,9.0,2026-04-10T13:30:00+00:00,US Consumer Price Index (CPI) YoY,high,8631.0,301.6704,301.6704,52.62,1,ACCUMULATION,2x1,PRICE_LEADS,9.447,Dhanishtha,3,-2.59376812,-68.91638,-2.59376812,0.0221969252,4318.36,301.6704,202512312330
7f5fd2a5c53143ad,2026-04-04T13:39:00.898428+00:00,XAUUSD,1h,1h,25,combined,WAIT,DOWN,2025-12-31T20:00:00,4319.57,3.0,2025-12-31T23:00:00,4318.36,2025-12-31T20:00:00,2026-01-01T02:45:00,4319.57,4311.682929,3.75,-6.677071,-0.154621,physics_projection,315.0,EXACT,NEUTRAL,False,CONSOLIDATION,False,NEUTRAL,-0.003806,NO,NO,NO,NO,SELL_CONTINUATION,NEUTRAL (mixed),WAIT,"Price has reached a cardinal angle near 315deg (current 310.2184deg), and time is in phase with neutral during active window 2025-12-31T20:00:00 to 2026-01-01T02:45:00. Structure has not fully confirmed, and motion is decaying (momentum=NEUTRAL). This is not random movement; this is organized decline. Start price 4319.5700, target zone 4311.6829. Therefore: SELL continuation bias, not blind chase.",2026-04-04T13:30:00+00:00,US Core PCE Price Index MoM,high,9.0,2026-04-10T13:30:00+00:00,US Consumer Price Index (CPI) YoY,high,8631.0,310.2184,310.2184,59.68,1,ACCUMULATION,1x1,PRICE_LEADS,10.013,Shatabhisha,2,-1.77341667,-60.582076,-1.77341667,-0.0038056316,1439.45333333,103.40613333,202512312300
5989ccf905bc43a2,2026-04-04T13:39:04.310274+00:00,XAUUSD,5m,5m,25,combined,WAIT,DOWN,2025-12-31T23:55:00,4318.36,0.0,2025-12-31T23:55:00,4318.36,2025-12-31T23:55:00,2026-01-02T23:18:55.574698657,4318.36,4254.70757,47.3988,-63.65243,-1.473995,physics_projection,315.0,NEAR,NEUTRAL,False,CONSOLIDATION,False,NEUTRAL,0.056664,NO,NO,NO,NO,SELL_CONTINUATION,NEUTRAL (mixed),WAIT,"Price has reached a cardinal angle near 315deg (current 307.2054deg), and time is in phase with neutral during active window 2025-12-31T23:55:00 to 2026-01-02T23:18:55.574698657. Structure has not fully confirmed, and force is still pushing (momentum=NEUTRAL). This is not random movement; this is organized decline. Start price 4318.3600, target zone 4254.7076. Therefore: SELL continuation bias, not blind chase.",2026-04-04T13:30:00+00:00,US Core PCE Price Index MoM,high,9.1,2026-04-10T13:30:00+00:00,US Consumer Price Index (CPI) YoY,high,8630.9,307.2054,307.2054,6.99,1,ACCUMULATION,1x1,PRICE_LEADS,5.314,Shatabhisha,1,-2.68582619,-69.578448,-2.68582619,0.0566644693,4318.36,307.2054,202512312355
0d8aa4f4d4bf498c,2026-04-04T13:39:06.558510+00:00,XAUUSD,15m,5m,25,combined,WAIT,DOWN,2025-12-31T23:55:00,4318.36,0.0,2025-12-31T23:55:00,4318.36,2025-12-31T23:55:00,2026-01-02T23:18:55.574698657,4318.36,4254.70757,47.3988,-63.65243,-1.473995,physics_projection,315.0,NEAR,NEUTRAL,False,CONSOLIDATION,False,NEUTRAL,0.056664,NO,NO,NO,NO,SELL_CONTINUATION,NEUTRAL (mixed),WAIT,"Price has reached a cardinal angle near 315deg (current 307.2054deg), and time is in phase with neutral during active window 2025-12-31T23:55:00 to 2026-01-02T23:18:55.574698657. Structure has not fully confirmed, and force is still pushing (momentum=NEUTRAL). This is not random movement; this is organized decline. Start price 4318.3600, target zone 4254.7076. Therefore: SELL continuation bias, not blind chase.",2026-04-04T13:30:00+00:00,US Core PCE Price Index MoM,high,9.1,2026-04-10T13:30:00+00:00,US Consumer Price Index (CPI) YoY,high,8630.9,307.2054,307.2054,6.99,1,ACCUMULATION,1x1,PRICE_LEADS,5.314,Shatabhisha,1,-2.68582619,-69.578448,-2.68582619,0.0566644693,4318.36,307.2054,202512312355
45d923bcb62c4434,2026-04-04T13:39:07.608863+00:00,XAUUSD,15m,5m,25,combined,WAIT,DOWN,2025-12-31T23:55:00,4318.36,0.0,2025-12-31T23:55:00,4318.36,2025-12-31T23:55:00,2026-01-02T23:18:55.574698657,4318.36,4254.70757,47.3988,-63.65243,-1.473995,physics_projection,315.0,NEAR,NEUTRAL,False,CONSOLIDATION,False,NEUTRAL,0.056664,NO,NO,NO,NO,SELL_CONTINUATION,NEUTRAL (mixed),WAIT,"Price has reached a cardinal angle near 315deg (current 307.2054deg), and time is in phase with neutral during active window 2025-12-31T23:55:00 to 2026-01-02T23:18:55.574698657. Structure has not fully confirmed, and force is still pushing (momentum=NEUTRAL). This is not random movement; this is organized decline. Start price 4318.3600, target zone 4254.7076. Therefore: SELL continuation bias, not blind chase.",2026-04-04T13:30:00+00:00,US Core PCE Price Index MoM,high,9.1,2026-04-10T13:30:00+00:00,US Consumer Price Index (CPI) YoY,high,8630.9,307.2054,307.2054,6.99,1,ACCUMULATION,1x1,PRICE_LEADS,5.314,Shatabhisha,1,-2.68582619,-69.578448,-2.68582619,0.0566644693,4318.36,307.2054,202512312355
936f50bd44a54259,2026-04-04T13:39:11.537626+00:00,XAUUSD,5m,5m,25,combined,WAIT,DOWN,2025-12-31T23:55:00,4318.36,0.0,2025-12-31T23:55:00,4318.36,2025-12-31T23:55:00,2026-01-02T23:18:55.574698657,4318.36,4254.70757,47.3988,-63.65243,-1.473995,physics_projection,315.0,NEAR,NEUTRAL,False,CONSOLIDATION,False,NEUTRAL,0.056664,NO,NO,NO,NO,SELL_CONTINUATION,NEUTRAL (mixed),WAIT,"Price has reached a cardinal angle near 315deg (current 307.2054deg), and time is in phase with neutral during active window 2025-12-31T23:55:00 to 2026-01-02T23:18:55.574698657. Structure has not fully confirmed, and force is still pushing (momentum=NEUTRAL). This is not random movement; this is organized decline. Start price 4318.3600, target zone 4254.7076. Therefore: SELL continuation bias, not blind chase.",2026-04-04T13:30:00+00:00,US Core PCE Price Index MoM,high,9.2,2026-04-10T13:30:00+00:00,US Consumer Price Index (CPI) YoY,high,8630.8,307.2054,307.2054,6.99,1,ACCUMULATION,1x1,PRICE_LEADS,5.314,Shatabhisha,1,-2.68582619,-69.578448,-2.68582619,0.0566644693,4318.36,307.2054,202512312355
7b0e368b33f04e63,2026-04-04T13:39:23.331721+00:00,XAUUSD,15m,5m,25,combined,WAIT,DOWN,2025-12-31T23:55:00,4318.36,0.0,2025-12-31T23:55:00,4318.36,2025-12-31T23:55:00,2026-01-02T23:18:55.574698657,4318.36,4254.70757,47.3988,-63.65243,-1.473995,physics_projection,315.0,NEAR,NEUTRAL,False,CONSOLIDATION,False,NEUTRAL,0.056664,NO,NO,NO,NO,SELL_CONTINUATION,NEUTRAL (mixed),WAIT,"Price has reached a cardinal angle near 315deg (current 307.2054deg), and time is in phase with neutral during active window 2025-12-31T23:55:00 to 2026-01-02T23:18:55.574698657. Structure has not fully confirmed, and force is still pushing (momentum=NEUTRAL). This is not random movement; this is organized decline. Start price 4318.3600, target zone 4254.7076. Therefore: SELL continuation bias, not blind chase.",2026-04-04T13:30:00+00:00,US Core PCE Price Index MoM,high,9.4,2026-04-10T13:30:00+00:00,US Consumer Price Index (CPI) YoY,high,8630.6,307.2054,307.2054,6.99,1,ACCUMULATION,1x1,PRICE_LEADS,5.314,Shatabhisha,1,-2.68582619,-69.578448,-2.68582619,0.0566644693,4318.36,307.2054,202512312355
5137c15ae3a741bc,2026-04-04T13:39:24.522227+00:00,XAUUSD,15m,5m,25,combined,WAIT,DOWN,2025-12-31T23:55:00,4318.36,0.0,2025-12-31T23:55:00,4318.36,2025-12-31T23:55:00,2026-01-02T23:18:55.574698657,4318.36,4254.70757,47.3988,-63.65243,-1.473995,physics_projection,315.0,NEAR,NEUTRAL,False,CONSOLIDATION,False,NEUTRAL,0.056664,NO,NO,NO,NO,SELL_CONTINUATION,NEUTRAL (mixed),WAIT,"Price has reached a cardinal angle near 315deg (current 307.2054deg), and time is in phase with neutral during active window 2025-12-31T23:55:00 to 2026-01-02T23:18:55.574698657. Structure has not fully confirmed, and force is still pushing (momentum=NEUTRAL). This is not random movement; this is organized decline. Start price 4318.3600, target zone 4254.7076. Therefore: SELL continuation bias, not blind chase.",2026-04-04T13:30:00+00:00,US Core PCE Price Index MoM,high,9.4,2026-04-10T13:30:00+00:00,US Consumer Price Index (CPI) YoY,high,8630.6,307.2054,307.2054,6.99,1,ACCUMULATION,1x1,PRICE_LEADS,5.314,Shatabhisha,1,-2.68582619,-69.578448,-2.68582619,0.0566644693,4318.36,307.2054,202512312355
d2d1b8224e8a4ab3,2026-04-04T13:39:26.799741+00:00,XAUUSD,5m,5m,25,combined,WAIT,DOWN,2025-12-31T23:55:00,4318.36,0.0,2025-12-31T23:55:00,4318.36,2025-12-31T23:55:00,2026-01-02T23:18:55.574698657,4318.36,4254.70757,47.3988,-63.65243,-1.473995,physics_projection,315.0,NEAR,NEUTRAL,False,CONSOLIDATION,False,NEUTRAL,0.056664,NO,NO,NO,NO,SELL_CONTINUATION,NEUTRAL (mixed),WAIT,"Price has reached a cardinal angle near 315deg (current 307.2054deg), and time is in phase with neutral during active window 2025-12-31T23:55:00 to 2026-01-02T23:18:55.574698657. Structure has not fully confirmed, and force is still pushing (momentum=NEUTRAL). This is not random movement; this is organized decline. Start price 4318.3600, target zone 4254.7076. Therefore: SELL continuation bias, not blind chase.",2026-04-04T13:30:00+00:00,US Core PCE Price Index MoM,high,9.4,2026-04-10T13:30:00+00:00,US Consumer Price Index (CPI) YoY,high,8630.6,307.2054,307.2054,6.99,1,ACCUMULATION,1x1,PRICE_LEADS,5.314,Shatabhisha,1,-2.68582619,-69.578448,-2.68582619,0.0566644693,4318.36,307.2054,202512312355
6e351f9bcdd64f2b,2026-04-04T13:39:53.032735+00:00,XAUUSD,1m,5m,25,combined,WAIT,DOWN,2025-12-31T23:55:00,4318.36,0.0,2025-12-31T23:55:00,4318.36,2025-12-31T23:55:00,2026-01-02T23:18:55.574698657,4318.36,4254.70757,47.3988,-63.65243,-1.473995,physics_projection,315.0,NEAR,NEUTRAL,False,CONSOLIDATION,False,NEUTRAL,0.056664,NO,NO,NO,NO,SELL_CONTINUATION,NEUTRAL (mixed),WAIT,"Price has reached a cardinal angle near 315deg (current 307.2054deg), and time is in phase with neutral during active window 2025-12-31T23:55:00 to 2026-01-02T23:18:55.574698657. Structure has not fully confirmed, and force is still pushing (momentum=NEUTRAL). This is not random movement; this is organized decline. Start price 4318.3600, target zone 4254.7076. Therefore: SELL continuation bias, not blind chase.",2026-04-04T13:30:00+00:00,US Core PCE Price Index MoM,high,9.9,2026-04-10T13:30:00+00:00,US Consumer Price Index (CPI) YoY,high,8630.1,307.2054,307.2054,6.99,1,ACCUMULATION,1x1,PRICE_LEADS,5.314,Shatabhisha,1,-2.68582619,-69.578448,-2.68582619,0.0566644693,4318.36,307.2054,202512312355
71c4d388e5d040aa,2026-04-04T13:39:57.111626+00:00,XAUUSD,1m,5m,25,combined,WAIT,DOWN,2025-12-31T23:55:00,4318.36,0.0,2025-12-31T23:55:00,4318.36,2025-12-31T23:55:00,2026-01-02T23:18:55.574698657,4318.36,4254.70757,47.3988,-63.65243,-1.473995,physics_projection,315.0,NEAR,NEUTRAL,False,CONSOLIDATION,False,NEUTRAL,0.056664,NO,NO,NO,NO,SELL_CONTINUATION,NEUTRAL (mixed),WAIT,"Price has reached a cardinal angle near 315deg (current 307.2054deg), and time is in phase with neutral during active window 2025-12-31T23:55:00 to 2026-01-02T23:18:55.574698657. Structure has not fully confirmed, and force is still pushing (momentum=NEUTRAL). This is not random movement; this is organized decline. Start price 4318.3600, target zone 4254.7076. Therefore: SELL continuation bias, not blind chase.",2026-04-04T13:30:00+00:00,US Core PCE Price Index MoM,high,10.0,2026-04-10T13:30:00+00:00,US Consumer Price Index (CPI) YoY,high,8630.0,307.2054,307.2054,6.99,1,ACCUMULATION,1x1,PRICE_LEADS,5.314,Shatabhisha,1,-2.68582619,-69.578448,-2.68582619,0.0566644693,4318.36,307.2054,202512312355
9968bb9bca7e41b1,2026-04-04T15:40:33.294180+00:00,XAUUSD,1d,4h,5,combined,WAIT,DOWN,2025-12-31T16:00:00,4321.95,4.0,2025-12-31T20:00:00,4318.36,2025-12-31T16:00:00,2026-01-03T20:00:00,4321.95,4243.295792,72.0,-75.064208,-1.738257,physics_projection,315.0,EXACT,NEUTRAL,False,CONSOLIDATION,False,NEUTRAL,0.007808,NO,NO,NO,NO,SELL_CONTINUATION,NEUTRAL (mixed),WAIT,"Price has reached a cardinal angle near 315deg (current 313.4771deg), and time is in phase with neutral during active window 2025-12-31T16:00:00 to 2026-01-03T20:00:00. Structure has not fully confirmed, and force is still pushing (momentum=NEUTRAL). This is not random movement; this is organized decline. Start price 4321.9500, target zone 4243.2958. Therefore: SELL continuation bias, not blind chase.",2026-04-04T13:30:00+00:00,US Core PCE Price Index MoM,high,130.6,2026-04-10T13:30:00+00:00,US Consumer Price Index (CPI) YoY,high,8509.4,313.4771,313.4771,62.24,1,ACCUMULATION,1x1,PRICE_LEADS,13.7955,Shatabhisha,3,-1.32364286,-52.929289,-1.32364286,0.0078079004,1079.59,78.369275,202512312000
5fb27578cc4048a3,2026-04-04T15:40:58.326558+00:00,XAUUSD,1d,4h,5,historical_first,WAIT,DOWN,2025-12-31T16:00:00,4321.95,4.0,2025-12-31T20:00:00,4318.36,2025-12-31T16:00:00,2026-01-03T20:00:00,4321.95,4243.295792,72.0,-75.064208,-1.738257,physics_projection,315.0,EXACT,NEUTRAL,False,CONSOLIDATION,False,NEUTRAL,0.007808,NO,NO,NO,NO,SELL_CONTINUATION,NEUTRAL (mixed),WAIT,"Price has reached a cardinal angle near 315deg (current 313.4771deg), and time is in phase with neutral during active window 2025-12-31T16:00:00 to 2026-01-03T20:00:00. Structure has not fully confirmed, and force is still pushing (momentum=NEUTRAL). This is not random movement; this is organized decline. Start price 4321.9500, target zone 4243.2958. Therefore: SELL continuation bias, not blind chase.",2026-04-04T13:30:00+00:00,US Core PCE Price Index MoM,high,131.0,2026-04-10T13:30:00+00:00,US Consumer Price Index (CPI) YoY,high,8509.0,313.4771,313.4771,62.24,1,ACCUMULATION,1x1,PRICE_LEADS,13.7955,Shatabhisha,3,-1.32364286,-52.929289,-1.32364286,0.0078079004,1079.59,78.369275,202512312000
93ca8fa933854cb5,2026-04-04T15:51:31.849528+00:00,XAUUSD,1d,4h,5,historical_first,WAIT,DOWN,2025-12-31T16:00:00,4321.95,4.0,2025-12-31T20:00:00,4318.36,2025-12-31T16:00:00,2026-01-03T20:00:00,4321.95,4243.295792,72.0,-75.064208,-1.738257,physics_projection,315.0,EXACT,NEUTRAL,False,CONSOLIDATION,False,NEUTRAL,0.007808,NO,NO,NO,NO,SELL_CONTINUATION,NEUTRAL (mixed),WAIT,"Price has reached a cardinal angle near 315deg (current 313.4771deg), and time is in phase with neutral during active window 2025-12-31T16:00:00 to 2026-01-03T20:00:00. Structure has not fully confirmed, and force is still pushing (momentum=NEUTRAL). This is not random movement; this is organized decline. Start price 4321.9500, target zone 4243.2958. Therefore: SELL continuation bias, not blind chase.",2026-04-04T13:30:00+00:00,US Core PCE Price Index MoM,high,141.5,2026-04-10T13:30:00+00:00,US Consumer Price Index (CPI) YoY,high,8498.5,313.4771,313.4771,62.24,1,ACCUMULATION,1x1,PRICE_LEADS,13.7955,Shatabhisha,3,-1.32364286,-52.929289,-1.32364286,0.0078079004,1079.59,78.369275,202512312000
2db18dff6e8045a3,2026-04-04T15:55:08.031350+00:00,XAUUSD,1d,4h,2,historical_only,WAIT,DOWN,2025-12-31T16:00:00,4321.95,4.0,2025-12-31T20:00:00,4318.36,2025-12-31T16:00:00,2026-01-03T20:00:00,4321.95,4243.295792,72.0,-75.064208,-1.738257,physics_projection,315.0,EXACT,NEUTRAL,False,CONSOLIDATION,False,NEUTRAL,0.007808,NO,NO,NO,NO,SELL_CONTINUATION,NEUTRAL (mixed),WAIT,"Price has reached a cardinal angle near 315deg (current 313.4771deg), and time is in phase with neutral during active window 2025-12-31T16:00:00 to 2026-01-03T20:00:00. Structure has not fully confirmed, and force is still pushing (momentum=NEUTRAL). This is not random movement; this is organized decline. Start price 4321.9500, target zone 4243.2958. Therefore: SELL continuation bias, not blind chase.",2026-04-04T13:30:00+00:00,US Core PCE Price Index MoM,high,145.1,2026-04-10T13:30:00+00:00,US Consumer Price Index (CPI) YoY,high,8494.9,313.4771,313.4771,62.24,1,ACCUMULATION,1x1,PRICE_LEADS,13.7955,Shatabhisha,3,-1.32364286,-52.929289,-1.32364286,0.0078079004,1079.59,78.369275,202512312000
3b61a150e43f4c5b,2026-04-04T15:59:07.807593+00:00,XAUUSD,4h,4h,2,historical_only,WAIT,DOWN,2025-12-31T16:00:00,4321.95,4.0,2025-12-31T20:00:00,4318.36,2025-12-31T16:00:00,2026-01-03T20:00:00,4321.95,4243.295792,72.0,-75.064208,-1.738257,physics_projection,315.0,EXACT,NEUTRAL,False,CONSOLIDATION,False,NEUTRAL,0.007808,NO,NO,NO,NO,SELL_CONTINUATION,NEUTRAL (mixed),WAIT,"Price has reached a cardinal angle near 315deg (current 313.4771deg), and time is in phase with neutral during active window 2025-12-31T16:00:00 to 2026-01-03T20:00:00. Structure has not fully confirmed, and force is still pushing (momentum=NEUTRAL). This is not random movement; this is organized decline. Start price 4321.9500, target zone 4243.2958. Therefore: SELL continuation bias, not blind chase.",2025-12-31T13:30:00,US Core PCE Price Index MoM,high,390.0,2026-01-03T13:30:00,US Non-Farm Payrolls (NFP),high,3930.0,313.4771,313.4771,62.24,1,ACCUMULATION,1x1,PRICE_LEADS,13.7955,Shatabhisha,3,-1.32364286,-52.929289,-1.32364286,0.0078079004,1079.59,78.369275,202512312000
4487cacd34414327,2026-04-04T16:04:01.195336+00:00,XAUUSD,4h,4h,1,historical_only,WAIT,DOWN,2025-12-31T16:00:00,4321.95,4.0,2025-12-31T20:00:00,4318.36,2025-12-31T16:00:00,2026-01-03T20:00:00,4321.95,4243.295792,72.0,-75.064208,-1.738257,physics_projection,315.0,EXACT,NEUTRAL,False,CONSOLIDATION,False,NEUTRAL,0.007808,NO,NO,NO,NO,SELL_CONTINUATION,NEUTRAL (mixed),WAIT,"Price has reached a cardinal angle near 315deg (current 313.4771deg), and time is in phase with neutral during active window 2025-12-31T16:00:00 to 2026-01-03T20:00:00. Structure has not fully confirmed, and force is still pushing (momentum=NEUTRAL). This is not random movement; this is organized decline. Start price 4321.9500, target zone 4243.2958. Therefore: SELL continuation bias, not blind chase.",2025-12-31T13:30:00,US Core PCE Price Index MoM,high,390.0,2026-01-03T13:30:00,US Non-Farm Payrolls (NFP),high,3930.0,313.4771,313.4771,62.24,1,ACCUMULATION,1x1,PRICE_LEADS,13.7955,Shatabhisha,3,-1.32364286,-52.929289,-1.32364286,0.0078079004,1079.59,78.369275,202512312000
f8936f755279476d,2026-04-04T16:04:36.115182+00:00,XAUUSD,4h,4h,1,historical_only,WAIT,DOWN,2025-12-31T16:00:00,4321.95,4.0,2025-12-31T20:00:00,4318.36,2025-12-31T16:00:00,2026-01-03T20:00:00,4321.95,4243.295792,72.0,-75.064208,-1.738257,physics_projection,315.0,EXACT,NEUTRAL,False,CONSOLIDATION,False,NEUTRAL,0.007808,NO,NO,NO,NO,SELL_CONTINUATION,NEUTRAL (mixed),WAIT,"Price has reached a cardinal angle near 315deg (current 313.4771deg), and time is in phase with neutral during active window 2025-12-31T16:00:00 to 2026-01-03T20:00:00. Structure has not fully confirmed, and force is still pushing (momentum=NEUTRAL). This is not random movement; this is organized decline. Start price 4321.9500, target zone 4243.2958. Therefore: SELL continuation bias, not blind chase.",2025-12-31T13:30:00,US Core PCE Price Index MoM,high,390.0,2026-01-03T13:30:00,US Non-Farm Payrolls (NFP),high,3930.0,313.4771,313.4771,62.24,1,ACCUMULATION,1x1,PRICE_LEADS,13.7955,Shatabhisha,3,-1.32364286,-52.929289,-1.32364286,0.0078079004,1079.59,78.369275,202512312000
c1afbb5a03b14c0e,2026-04-04T16:05:15.718266+00:00,XAUUSD,4h,4h,1,historical_only,WAIT,DOWN,2025-12-31T16:00:00,4321.95,4.0,2025-12-31T20:00:00,4318.36,2025-12-31T16:00:00,2026-01-03T20:00:00,4321.95,4243.295792,72.0,-75.064208,-1.738257,physics_projection,315.0,EXACT,NEUTRAL,False,CONSOLIDATION,False,NEUTRAL,0.007808,NO,NO,NO,NO,SELL_CONTINUATION,NEUTRAL (mixed),WAIT,"Price has reached a cardinal angle near 315deg (current 313.4771deg), and time is in phase with neutral during active window 2025-12-31T16:00:00 to 2026-01-03T20:00:00. Structure has not fully confirmed, and force is still pushing (momentum=NEUTRAL). This is not random movement; this is organized decline. Start price 4321.9500, target zone 4243.2958. Therefore: SELL continuation bias, not blind chase.",2025-12-31T13:30:00,US Core PCE Price Index MoM,high,390.0,2026-01-03T13:30:00,US Non-Farm Payrolls (NFP),high,3930.0,313.4771,313.4771,62.24,1,ACCUMULATION,1x1,PRICE_LEADS,13.7955,Shatabhisha,3,-1.32364286,-52.929289,-1.32364286,0.0078079004,1079.59,78.369275,202512312000
aeb1693ca1ee470f,2026-04-04T16:10:23.721601+00:00,XAUUSD,4h,4h,1,historical_only,WAIT,DOWN,2025-12-31T16:00:00,4321.95,4.0,2025-12-31T20:00:00,4318.36,2025-12-31T16:00:00,2026-01-03T20:00:00,4321.95,4243.295792,72.0,-75.064208,-1.738257,physics_projection,315.0,EXACT,NEUTRAL,False,CONSOLIDATION,False,NEUTRAL,0.007808,NO,NO,NO,NO,SELL_CONTINUATION,NEUTRAL (mixed),WAIT,"Price has reached a cardinal angle near 315deg (current 313.4771deg), and time is in phase with neutral during active window 2025-12-31T16:00:00 to 2026-01-03T20:00:00. Structure has not fully confirmed, and force is still pushing (momentum=NEUTRAL). This is not random movement; this is organized decline. Start price 4321.9500, target zone 4243.2958. Therefore: SELL continuation bias, not blind chase.",2025-12-31T13:30:00,US Core PCE Price Index MoM,high,390.0,2026-01-03T13:30:00,US Non-Farm Payrolls (NFP),high,3930.0,313.4771,313.4771,62.24,1,ACCUMULATION,1x1,PRICE_LEADS,13.7955,Shatabhisha,3,-1.32364286,-52.929289,-1.32364286,0.0078079004,1079.59,78.369275,202512312000
036730666ff24048,2026-04-04T16:23:35.897033+00:00,XAUUSD,1d,4h,25,historical_first,WAIT,DOWN,2025-12-31T16:00:00,4321.95,4.0,2025-12-31T20:00:00,4318.36,2025-12-31T16:00:00,2026-01-03T20:00:00,4321.95,4243.295792,72.0,-75.064208,-1.738257,physics_projection,315.0,EXACT,NEUTRAL,False,CONSOLIDATION,False,NEUTRAL,0.007808,YES,NO,NO,NO,SELL_CONTINUATION,NEUTRAL (mixed),WAIT,"Price has reached a cardinal angle near 315deg (current 313.4771deg), and time is in phase with neutral during active window 2025-12-31T16:00:00 to 2026-01-03T20:00:00. Structure has not fully confirmed, and force is still pushing (momentum=NEUTRAL). This is not random movement; this is organized decline. Start price 4321.9500, target zone 4243.2958. Therefore: SELL continuation bias, not blind chase.",2025-12-31T13:30:00,US Core PCE Price Index MoM,high,390.0,2026-01-03T13:30:00,US Non-Farm Payrolls (NFP),high,3930.0,313.4771,313.4771,62.24,1,ACCUMULATION,1x1,PRICE_LEADS,13.7955,Shatabhisha,3,-1.32364286,-52.929289,-1.32364286,0.0078079004,1079.59,78.369275,202512312000
86ace6670e0e4283,2026-04-04T16:46:36.818631+00:00,XAUUSD,1d,4h,25,combined,WAIT,DOWN,2025-12-31T16:00:00,4321.95,4.0,2025-12-31T20:00:00,4318.36,2025-12-31T16:00:00,2026-01-03T20:00:00,4321.95,4243.295792,72.0,-75.064208,-1.738257,physics_projection,315,EXACT,NEUTRAL,False,CONSOLIDATION,False,NEUTRAL,0.007808,YES,NO,NO,NO,SELL_CONTINUATION,NEUTRAL (mixed),WAIT,"Price has reached a cardinal angle near 315deg (current 313.4771deg), and time is in phase with neutral during active window 2025-12-31T16:00:00 to 2026-01-03T20:00:00. Structure has not fully confirmed, and force is still pushing (momentum=NEUTRAL). This is not random movement; this is organized decline. Start price 4321.9500, target zone 4243.2958. Therefore: SELL continuation bias, not blind chase.",2025-12-31T13:30:00,US Core PCE Price Index MoM,high,390.0,2026-01-03T13:30:00,US Non-Farm Payrolls (NFP),high,3930.0,313.4771,313.4771,62.24,1,ACCUMULATION,1x1,PRICE_LEADS,13.7955,Shatabhisha,3,-1.32364286,-52.929289,-1.32364286,0.0078079004,1079.59,78.369275,202512312000
f877c2cf7b5f47db,2026-04-04T18:01:11.304815+00:00,XAUUSD,1d,4h,25,historical_first,WAIT,DOWN,2025-12-31T16:00:00,4321.95,4.0,2025-12-31T20:00:00,4318.36,2025-12-31T16:00:00,2026-01-03T20:00:00,4321.95,4243.295792,72.0,-75.064208,-1.738257,physics_projection,315,EXACT,NEUTRAL,False,CONSOLIDATION,False,NEUTRAL,0.007808,YES,NO,NO,NO,SELL_CONTINUATION,NEUTRAL (mixed),WAIT,"Price has reached a cardinal angle near 315deg (current 313.4771deg), and time is in phase with neutral during active window 2025-12-31T16:00:00 to 2026-01-03T20:00:00. Structure has not fully confirmed, and force is still pushing (momentum=NEUTRAL). This is not random movement; this is organized decline. Start price 4321.9500, target zone 4243.2958. Therefore: SELL continuation bias, not blind chase.",2025-12-31T13:30:00,US Core PCE Price Index MoM,high,390.0,2026-01-03T13:30:00,US Non-Farm Payrolls (NFP),high,3930.0,313.4771,313.4771,62.24,1,ACCUMULATION,1x1,PRICE_LEADS,13.7955,Shatabhisha,3,-1.32364286,-52.929289,-1.32364286,0.0078079004,1079.59,78.369275,202512312000
21ddcfe623ee4315,2026-04-04T18:01:32.784660+00:00,XAUUSD,1d,4h,25,historical_first,WAIT,DOWN,2025-12-31T16:00:00,4321.95,4.0,2025-12-31T20:00:00,4318.36,2025-12-31T16:00:00,2026-01-03T20:00:00,4321.95,4243.295792,72.0,-75.064208,-1.738257,physics_projection,315,EXACT,NEUTRAL,False,CONSOLIDATION,False,NEUTRAL,0.007808,YES,NO,NO,NO,SELL_CONTINUATION,NEUTRAL (mixed),WAIT,"Price has reached a cardinal angle near 315deg (current 313.4771deg), and time is in phase with neutral during active window 2025-12-31T16:00:00 to 2026-01-03T20:00:00. Structure has not fully confirmed, and force is still pushing (momentum=NEUTRAL). This is not random movement; this is organized decline. Start price 4321.9500, target zone 4243.2958. Therefore: SELL continuation bias, not blind chase.",2025-12-31T13:30:00,US Core PCE Price Index MoM,high,390.0,2026-01-03T13:30:00,US Non-Farm Payrolls (NFP),high,3930.0,313.4771,313.4771,62.24,1,ACCUMULATION,1x1,PRICE_LEADS,13.7955,Shatabhisha,3,-1.32364286,-52.929289,-1.32364286,0.0078079004,1079.59,78.369275,202512312000
73d8f9a7058b4c64,2026-04-04T18:01:50.924670+00:00,XAUUSD,1d,4h,25,historical_first,WAIT,DOWN,2025-12-31T16:00:00,4321.95,4.0,2025-12-31T20:00:00,4318.36,2025-12-31T16:00:00,2026-01-03T20:00:00,4321.95,4243.295792,72.0,-75.064208,-1.738257,physics_projection,315,EXACT,NEUTRAL,False,CONSOLIDATION,False,NEUTRAL,0.007808,YES,NO,NO,NO,SELL_CONTINUATION,NEUTRAL (mixed),WAIT,"Price has reached a cardinal angle near 315deg (current 313.4771deg), and time is in phase with neutral during active window 2025-12-31T16:00:00 to 2026-01-03T20:00:00. Structure has not fully confirmed, and force is still pushing (momentum=NEUTRAL). This is not random movement; this is organized decline. Start price 4321.9500, target zone 4243.2958. Therefore: SELL continuation bias, not blind chase.",2025-12-31T13:30:00,US Core PCE Price Index MoM,high,390.0,2026-01-03T13:30:00,US Non-Farm Payrolls (NFP),high,3930.0,313.4771,313.4771,62.24,1,ACCUMULATION,1x1,PRICE_LEADS,13.7955,Shatabhisha,3,-1.32364286,-52.929289,-1.32364286,0.0078079004,1079.59,78.369275,202512312000
35cd2e5705b94759,2026-04-05T02:17:35.432711+00:00,XAUUSD,1d,4h,25,combined,WAIT,DOWN,2025-12-31T16:00:00,4321.95,4.0,2025-12-31T20:00:00,4318.36,2025-12-31T16:00:00,2026-01-03T20:00:00,4321.95,4243.295792,72.0,-75.064208,-1.738257,physics_projection,315,EXACT,NEUTRAL,False,CONSOLIDATION,False,NEUTRAL,0.007808,YES,NO,NO,NO,SELL_CONTINUATION,NEUTRAL (mixed),WAIT,"Price has reached a cardinal angle near 315deg (current 313.4771deg), and time is in phase with neutral during active window 2025-12-31T16:00:00 to 2026-01-03T20:00:00. Structure has not fully confirmed, and force is still pushing (momentum=NEUTRAL). This is not random movement; this is organized decline. Start price 4321.9500, target zone 4243.2958. Therefore: SELL continuation bias, not blind chase.",2025-12-31T13:30:00,US Core PCE Price Index MoM,high,390.0,2026-01-03T13:30:00,US Non-Farm Payrolls (NFP),high,3930.0,313.4771,313.4771,62.24,1,ACCUMULATION,1x1,PRICE_LEADS,13.7955,Shatabhisha,3,-1.32364286,-52.929289,-1.32364286,0.0078079004,1079.59,78.369275,202512312000
3e8a5e1c99514764,2026-04-05T02:19:10.964478+00:00,XAUUSD,4h,4h,25,combined,WAIT,DOWN,2025-12-31T16:00:00,4321.95,4.0,2025-12-31T20:00:00,4318.36,2025-12-31T16:00:00,2026-01-03T20:00:00,4321.95,4243.295792,72.0,-75.064208,-1.738257,physics_projection,315,EXACT,NEUTRAL,False,CONSOLIDATION,False,NEUTRAL,0.007808,YES,NO,NO,NO,SELL_CONTINUATION,NEUTRAL (mixed),WAIT,"Price has reached a cardinal angle near 315deg (current 313.4771deg), and time is in phase with neutral during active window 2025-12-31T16:00:00 to 2026-01-03T20:00:00. Structure has not fully confirmed, and force is still pushing (momentum=NEUTRAL). This is not random movement; this is organized decline. Start price 4321.9500, target zone 4243.2958. Therefore: SELL continuation bias, not blind chase.",2025-12-31T13:30:00,US Core PCE Price Index MoM,high,390.0,2026-01-03T13:30:00,US Non-Farm Payrolls (NFP),high,3930.0,313.4771,313.4771,62.24,1,ACCUMULATION,1x1,PRICE_LEADS,13.7955,Shatabhisha,3,-1.32364286,-52.929289,-1.32364286,0.0078079004,1079.59,78.369275,202512312000
8d6d4f3668ce4ea0,2026-04-05T02:23:09.521112+00:00,XAUUSD,4h,4h,25,combined,WAIT,DOWN,2025-12-31T16:00:00,4321.95,4.0,2025-12-31T20:00:00,4318.36,2025-12-31T16:00:00,2026-01-03T20:00:00,4321.95,4243.295792,72.0,-75.064208,-1.738257,physics_projection,315,EXACT,NEUTRAL,False,CONSOLIDATION,False,NEUTRAL,0.007808,YES,NO,NO,NO,SELL_CONTINUATION,NEUTRAL (mixed),WAIT,"Price has reached a cardinal angle near 315deg (current 313.4771deg), and time is in phase with neutral during active window 2025-12-31T16:00:00 to 2026-01-03T20:00:00. Structure has not fully confirmed, and force is still pushing (momentum=NEUTRAL). This is not random movement; this is organized decline. Start price 4321.9500, target zone 4243.2958. Therefore: SELL continuation bias, not blind chase.",2025-12-31T13:30:00,US Core PCE Price Index MoM,high,390.0,2026-01-03T13:30:00,US Non-Farm Payrolls (NFP),high,3930.0,313.4771,313.4771,62.24,1,ACCUMULATION,1x1,PRICE_LEADS,13.7955,Shatabhisha,3,-1.32364286,-52.929289,-1.32364286,0.0078079004,1079.59,78.369275,202512312000
86ed7596689645fc,2026-04-05T02:27:10.995907+00:00,XAUUSD,1w,4h,25,combined,WAIT,DOWN,2025-12-31T16:00:00,4321.95,4.0,2025-12-31T20:00:00,4318.36,2025-12-31T16:00:00,2026-01-03T20:00:00,4321.95,4243.295792,72.0,-75.064208,-1.738257,physics_projection,315,EXACT,NEUTRAL,False,CONSOLIDATION,False,NEUTRAL,0.007808,YES,NO,NO,NO,SELL_CONTINUATION,NEUTRAL (mixed),WAIT,"Price has reached a cardinal angle near 315deg (current 313.4771deg), and time is in phase with neutral during active window 2025-12-31T16:00:00 to 2026-01-03T20:00:00. Structure has not fully confirmed, and force is still pushing (momentum=NEUTRAL). This is not random movement; this is organized decline. Start price 4321.9500, target zone 4243.2958. Therefore: SELL continuation bias, not blind chase.",2025-12-31T13:30:00,US Core PCE Price Index MoM,high,390.0,2026-01-03T13:30:00,US Non-Farm Payrolls (NFP),high,3930.0,313.4771,313.4771,62.24,1,ACCUMULATION,1x1,PRICE_LEADS,13.7955,Shatabhisha,3,-1.32364286,-52.929289,-1.32364286,0.0078079004,1079.59,78.369275,202512312000
d9900ac2ae244551,2026-04-05T02:27:21.239341+00:00,XAUUSD,1month,4h,25,combined,WAIT,DOWN,2025-12-31T16:00:00,4321.95,4.0,2025-12-31T20:00:00,4318.36,2025-12-31T16:00:00,2026-01-03T20:00:00,4321.95,4243.295792,72.0,-75.064208,-1.738257,physics_projection,315,EXACT,NEUTRAL,False,CONSOLIDATION,False,NEUTRAL,0.007808,YES,NO,NO,NO,SELL_CONTINUATION,NEUTRAL (mixed),WAIT,"Price has reached a cardinal angle near 315deg (current 313.4771deg), and time is in phase with neutral during active window 2025-12-31T16:00:00 to 2026-01-03T20:00:00. Structure has not fully confirmed, and force is still pushing (momentum=NEUTRAL). This is not random movement; this is organized decline. Start price 4321.9500, target zone 4243.2958. Therefore: SELL continuation bias, not blind chase.",2025-12-31T13:30:00,US Core PCE Price Index MoM,high,390.0,2026-01-03T13:30:00,US Non-Farm Payrolls (NFP),high,3930.0,313.4771,313.4771,62.24,1,ACCUMULATION,1x1,PRICE_LEADS,13.7955,Shatabhisha,3,-1.32364286,-52.929289,-1.32364286,0.0078079004,1079.59,78.369275,202512312000
5b72a410830c42be,2026-04-05T02:28:26.437036+00:00,XAUUSD,1d,4h,25,combined,WAIT,DOWN,2025-12-31T16:00:00,4321.95,4.0,2025-12-31T20:00:00,4318.36,2025-12-31T16:00:00,2026-01-03T20:00:00,4321.95,4243.295792,72.0,-75.064208,-1.738257,physics_projection,315,EXACT,NEUTRAL,False,CONSOLIDATION,False,NEUTRAL,0.007808,YES,NO,NO,NO,SELL_CONTINUATION,NEUTRAL (mixed),WAIT,"Price has reached a cardinal angle near 315deg (current 313.4771deg), and time is in phase with neutral during active window 2025-12-31T16:00:00 to 2026-01-03T20:00:00. Structure has not fully confirmed, and force is still pushing (momentum=NEUTRAL). This is not random movement; this is organized decline. Start price 4321.9500, target zone 4243.2958. Therefore: SELL continuation bias, not blind chase.",2025-12-31T13:30:00,US Core PCE Price Index MoM,high,390.0,2026-01-03T13:30:00,US Non-Farm Payrolls (NFP),high,3930.0,313.4771,313.4771,62.24,1,ACCUMULATION,1x1,PRICE_LEADS,13.7955,Shatabhisha,3,-1.32364286,-52.929289,-1.32364286,0.0078079004,1079.59,78.369275,202512312000
106ecc0ef5c84239,2026-04-05T02:30:11.078717+00:00,XAUUSD,1h,1h,25,combined,WAIT,DOWN,2025-12-31T20:00:00,4319.57,3.0,2025-12-31T23:00:00,4318.36,2025-12-31T20:00:00,2026-01-01T02:45:00,4319.57,4311.682929,3.75,-6.677071,-0.154621,physics_projection,315,EXACT,NEUTRAL,False,CONSOLIDATION,False,NEUTRAL,-0.003806,YES,NO,NO,NO,SELL_CONTINUATION,NEUTRAL (mixed),WAIT,"Price has reached a cardinal angle near 315deg (current 310.2184deg), and time is in phase with neutral during active window 2025-12-31T20:00:00 to 2026-01-01T02:45:00. Structure has not fully confirmed, and motion is decaying (momentum=NEUTRAL). This is not random movement; this is organized decline. Start price 4319.5700, target zone 4311.6829. Therefore: SELL continuation bias, not blind chase.",2025-12-31T13:30:00,US Core PCE Price Index MoM,high,570.0,2026-01-03T13:30:00,US Non-Farm Payrolls (NFP),high,3750.0,310.2184,310.2184,59.68,1,ACCUMULATION,1x1,PRICE_LEADS,10.013,Shatabhisha,2,-1.77341667,-60.582076,-1.77341667,-0.0038056316,1439.45333333,103.40613333,202512312300
ed6ea05a41d94c3a,2026-04-05T02:30:17.351836+00:00,XAUUSD,30m,30m,25,combined,WAIT,DOWN,2025-12-31T23:30:00,4318.36,0.0,2025-12-31T23:30:00,4318.36,2025-12-31T23:30:00,2026-01-03T23:30:00,4318.36,4189.143125,72.0,-129.216875,-2.992267,physics_projection,315,NEAR,NEUTRAL,False,CONSOLIDATION,False,NEUTRAL,0.022197,YES,NO,NO,NO,SELL_CONTINUATION,NEUTRAL (mixed),WAIT,"Price has reached a cardinal angle near 315deg (current 301.6704deg), and time is in phase with neutral during active window 2025-12-31T23:30:00 to 2026-01-03T23:30:00. Structure has not fully confirmed, and force is still pushing (momentum=NEUTRAL). This is not random movement; this is organized decline. Start price 4318.3600, target zone 4189.1431. Therefore: SELL continuation bias, not blind chase.",2025-12-31T13:30:00,US Core PCE Price Index MoM,high,600.0,2026-01-03T13:30:00,US Non-Farm Payrolls (NFP),high,3720.0,301.6704,301.6704,52.62,1,ACCUMULATION,2x1,PRICE_LEADS,9.447,Dhanishtha,3,-2.59376812,-68.91638,-2.59376812,0.0221969252,4318.36,301.6704,202512312330
36ebde93a31a4e54,2026-04-05T02:31:32.509410+00:00,XAUUSD,15m,5m,25,combined,WAIT,DOWN,2025-12-31T23:55:00,4318.36,0.0,2025-12-31T23:55:00,4318.36,2025-12-31T23:55:00,2026-01-02T23:18:55.574698657,4318.36,4254.70757,47.3988,-63.65243,-1.473995,physics_projection,315,NEAR,NEUTRAL,False,CONSOLIDATION,False,NEUTRAL,0.056664,YES,NO,NO,NO,SELL_CONTINUATION,NEUTRAL (mixed),WAIT,"Price has reached a cardinal angle near 315deg (current 307.2054deg), and time is in phase with neutral during active window 2025-12-31T23:55:00 to 2026-01-02T23:18:55.574698657. Structure has not fully confirmed, and force is still pushing (momentum=NEUTRAL). This is not random movement; this is organized decline. Start price 4318.3600, target zone 4254.7076. Therefore: SELL continuation bias, not blind chase.",2025-12-31T13:30:00,US Core PCE Price Index MoM,high,625.0,2026-01-03T13:30:00,US Non-Farm Payrolls (NFP),high,3695.0,307.2054,307.2054,6.99,1,ACCUMULATION,1x1,PRICE_LEADS,5.314,Shatabhisha,1,-2.68582619,-69.578448,-2.68582619,0.0566644693,4318.36,307.2054,202512312355
d2895e69dc794b7c,2026-04-05T02:32:04.758652+00:00,XAUUSD,1w,4h,25,combined,WAIT,DOWN,2025-12-31T16:00:00,4321.95,4.0,2025-12-31T20:00:00,4318.36,2025-12-31T16:00:00,2026-01-03T20:00:00,4321.95,4243.295792,72.0,-75.064208,-1.738257,physics_projection,315,EXACT,NEUTRAL,False,CONSOLIDATION,False,NEUTRAL,0.007808,YES,NO,NO,NO,SELL_CONTINUATION,NEUTRAL (mixed),WAIT,"Price has reached a cardinal angle near 315deg (current 313.4771deg), and time is in phase with neutral during active window 2025-12-31T16:00:00 to 2026-01-03T20:00:00. Structure has not fully confirmed, and force is still pushing (momentum=NEUTRAL). This is not random movement; this is organized decline. Start price 4321.9500, target zone 4243.2958. Therefore: SELL continuation bias, not blind chase.",2025-12-31T13:30:00,US Core PCE Price Index MoM,high,390.0,2026-01-03T13:30:00,US Non-Farm Payrolls (NFP),high,3930.0,313.4771,313.4771,62.24,1,ACCUMULATION,1x1,PRICE_LEADS,13.7955,Shatabhisha,3,-1.32364286,-52.929289,-1.32364286,0.0078079004,1079.59,78.369275,202512312000
1e96a11ed9684acc,2026-04-05T02:32:26.070288+00:00,XAUUSD,1month,4h,25,combined,WAIT,DOWN,2025-12-31T16:00:00,4321.95,4.0,2025-12-31T20:00:00,4318.36,2025-12-31T16:00:00,2026-01-03T20:00:00,4321.95,4243.295792,72.0,-75.064208,-1.738257,physics_projection,315,EXACT,NEUTRAL,False,CONSOLIDATION,False,NEUTRAL,0.007808,YES,NO,NO,NO,SELL_CONTINUATION,NEUTRAL (mixed),WAIT,"Price has reached a cardinal angle near 315deg (current 313.4771deg), and time is in phase with neutral during active window 2025-12-31T16:00:00 to 2026-01-03T20:00:00. Structure has not fully confirmed, and force is still pushing (momentum=NEUTRAL). This is not random movement; this is organized decline. Start price 4321.9500, target zone 4243.2958. Therefore: SELL continuation bias, not blind chase.",2025-12-31T13:30:00,US Core PCE Price Index MoM,high,390.0,2026-01-03T13:30:00,US Non-Farm Payrolls (NFP),high,3930.0,313.4771,313.4771,62.24,1,ACCUMULATION,1x1,PRICE_LEADS,13.7955,Shatabhisha,3,-1.32364286,-52.929289,-1.32364286,0.0078079004,1079.59,78.369275,202512312000
9af3f6239de043a2,2026-04-05T02:33:26.431367+00:00,XAUUSD,4h,4h,25,combined,WAIT,DOWN,2025-12-31T16:00:00,4321.95,4.0,2025-12-31T20:00:00,4318.36,2025-12-31T16:00:00,2026-01-03T20:00:00,4321.95,4243.295792,72.0,-75.064208,-1.738257,physics_projection,315,EXACT,NEUTRAL,False,CONSOLIDATION,False,NEUTRAL,0.007808,YES,NO,NO,NO,SELL_CONTINUATION,NEUTRAL (mixed),WAIT,"Price has reached a cardinal angle near 315deg (current 313.4771deg), and time is in phase with neutral during active window 2025-12-31T16:00:00 to 2026-01-03T20:00:00. Structure has not fully confirmed, and force is still pushing (momentum=NEUTRAL). This is not random movement; this is organized decline. Start price 4321.9500, target zone 4243.2958. Therefore: SELL continuation bias, not blind chase.",2025-12-31T13:30:00,US Core PCE Price Index MoM,high,390.0,2026-01-03T13:30:00,US Non-Farm Payrolls (NFP),high,3930.0,313.4771,313.4771,62.24,1,ACCUMULATION,1x1,PRICE_LEADS,13.7955,Shatabhisha,3,-1.32364286,-52.929289,-1.32364286,0.0078079004,1079.59,78.369275,202512312000
25af95a03cd84bdf,2026-04-05T02:33:39.250257+00:00,XAUUSD,5m,5m,25,combined,WAIT,DOWN,2025-12-31T23:55:00,4318.36,0.0,2025-12-31T23:55:00,4318.36,2025-12-31T23:55:00,2026-01-02T23:18:55.574698657,4318.36,4254.70757,47.3988,-63.65243,-1.473995,physics_projection,315,NEAR,NEUTRAL,False,CONSOLIDATION,False,NEUTRAL,0.056664,YES,NO,NO,NO,SELL_CONTINUATION,NEUTRAL (mixed),WAIT,"Price has reached a cardinal angle near 315deg (current 307.2054deg), and time is in phase with neutral during active window 2025-12-31T23:55:00 to 2026-01-02T23:18:55.574698657. Structure has not fully confirmed, and force is still pushing (momentum=NEUTRAL). This is not random movement; this is organized decline. Start price 4318.3600, target zone 4254.7076. Therefore: SELL continuation bias, not blind chase.",2025-12-31T13:30:00,US Core PCE Price Index MoM,high,625.0,2026-01-03T13:30:00,US Non-Farm Payrolls (NFP),high,3695.0,307.2054,307.2054,6.99,1,ACCUMULATION,1x1,PRICE_LEADS,5.314,Shatabhisha,1,-2.68582619,-69.578448,-2.68582619,0.0566644693,4318.36,307.2054,202512312355
03ecad08a05e4497,2026-04-05T02:33:56.368776+00:00,XAUUSD,1h,1h,25,combined,WAIT,DOWN,2025-12-31T20:00:00,4319.57,3.0,2025-12-31T23:00:00,4318.36,2025-12-31T20:00:00,2026-01-01T02:45:00,4319.57,4311.682929,3.75,-6.677071,-0.154621,physics_projection,315,EXACT,NEUTRAL,False,CONSOLIDATION,False,NEUTRAL,-0.003806,YES,NO,NO,NO,SELL_CONTINUATION,NEUTRAL (mixed),WAIT,"Price has reached a cardinal angle near 315deg (current 310.2184deg), and time is in phase with neutral during active window 2025-12-31T20:00:00 to 2026-01-01T02:45:00. Structure has not fully confirmed, and motion is decaying (momentum=NEUTRAL). This is not random movement; this is organized decline. Start price 4319.5700, target zone 4311.6829. Therefore: SELL continuation bias, not blind chase.",2025-12-31T13:30:00,US Core PCE Price Index MoM,high,570.0,2026-01-03T13:30:00,US Non-Farm Payrolls (NFP),high,3750.0,310.2184,310.2184,59.68,1,ACCUMULATION,1x1,PRICE_LEADS,10.013,Shatabhisha,2,-1.77341667,-60.582076,-1.77341667,-0.0038056316,1439.45333333,103.40613333,202512312300
18537222ef504f92,2026-04-05T02:34:02.102016+00:00,XAUUSD,5m,5m,25,combined,WAIT,DOWN,2025-12-31T23:55:00,4318.36,0.0,2025-12-31T23:55:00,4318.36,2025-12-31T23:55:00,2026-01-02T23:18:55.574698657,4318.36,4254.70757,47.3988,-63.65243,-1.473995,physics_projection,315,NEAR,NEUTRAL,False,CONSOLIDATION,False,NEUTRAL,0.056664,YES,NO,NO,NO,SELL_CONTINUATION,NEUTRAL (mixed),WAIT,"Price has reached a cardinal angle near 315deg (current 307.2054deg), and time is in phase with neutral during active window 2025-12-31T23:55:00 to 2026-01-02T23:18:55.574698657. Structure has not fully confirmed, and force is still pushing (momentum=NEUTRAL). This is not random movement; this is organized decline. Start price 4318.3600, target zone 4254.7076. Therefore: SELL continuation bias, not blind chase.",2025-12-31T13:30:00,US Core PCE Price Index MoM,high,625.0,2026-01-03T13:30:00,US Non-Farm Payrolls (NFP),high,3695.0,307.2054,307.2054,6.99,1,ACCUMULATION,1x1,PRICE_LEADS,5.314,Shatabhisha,1,-2.68582619,-69.578448,-2.68582619,0.0566644693,4318.36,307.2054,202512312355
b8c5bf8c3e5f4f8e,2026-04-05T02:34:11.818468+00:00,XAUUSD,1d,4h,25,combined,WAIT,DOWN,2025-12-31T16:00:00,4321.95,4.0,2025-12-31T20:00:00,4318.36,2025-12-31T16:00:00,2026-01-03T20:00:00,4321.95,4243.295792,72.0,-75.064208,-1.738257,physics_projection,315,EXACT,NEUTRAL,False,CONSOLIDATION,False,NEUTRAL,0.007808,YES,NO,NO,NO,SELL_CONTINUATION,NEUTRAL (mixed),WAIT,"Price has reached a cardinal angle near 315deg (current 313.4771deg), and time is in phase with neutral during active window 2025-12-31T16:00:00 to 2026-01-03T20:00:00. Structure has not fully confirmed, and force is still pushing (momentum=NEUTRAL). This is not random movement; this is organized decline. Start price 4321.9500, target zone 4243.2958. Therefore: SELL continuation bias, not blind chase.",2025-12-31T13:30:00,US Core PCE Price Index MoM,high,390.0,2026-01-03T13:30:00,US Non-Farm Payrolls (NFP),high,3930.0,313.4771,313.4771,62.24,1,ACCUMULATION,1x1,PRICE_LEADS,13.7955,Shatabhisha,3,-1.32364286,-52.929289,-1.32364286,0.0078079004,1079.59,78.369275,202512312000
9f54ebfb3228437d,2026-04-05T02:34:12.289804+00:00,XAUUSD,4h,4h,25,combined,WAIT,DOWN,2025-12-31T16:00:00,4321.95,4.0,2025-12-31T20:00:00,4318.36,2025-12-31T16:00:00,2026-01-03T20:00:00,4321.95,4243.295792,72.0,-75.064208,-1.738257,physics_projection,315,EXACT,NEUTRAL,False,CONSOLIDATION,False,NEUTRAL,0.007808,YES,NO,NO,NO,SELL_CONTINUATION,NEUTRAL (mixed),WAIT,"Price has reached a cardinal angle near 315deg (current 313.4771deg), and time is in phase with neutral during active window 2025-12-31T16:00:00 to 2026-01-03T20:00:00. Structure has not fully confirmed, and force is still pushing (momentum=NEUTRAL). This is not random movement; this is organized decline. Start price 4321.9500, target zone 4243.2958. Therefore: SELL continuation bias, not blind chase.",2025-12-31T13:30:00,US Core PCE Price Index MoM,high,390.0,2026-01-03T13:30:00,US Non-Farm Payrolls (NFP),high,3930.0,313.4771,313.4771,62.24,1,ACCUMULATION,1x1,PRICE_LEADS,13.7955,Shatabhisha,3,-1.32364286,-52.929289,-1.32364286,0.0078079004,1079.59,78.369275,202512312000
dd431126689948f3,2026-04-05T02:34:28.194321+00:00,XAUUSD,30m,30m,25,combined,WAIT,DOWN,2025-12-31T23:30:00,4318.36,0.0,2025-12-31T23:30:00,4318.36,2025-12-31T23:30:00,2026-01-03T23:30:00,4318.36,4189.143125,72.0,-129.216875,-2.992267,physics_projection,315,NEAR,NEUTRAL,False,CONSOLIDATION,False,NEUTRAL,0.022197,YES,NO,NO,NO,SELL_CONTINUATION,NEUTRAL (mixed),WAIT,"Price has reached a cardinal angle near 315deg (current 301.6704deg), and time is in phase with neutral during active window 2025-12-31T23:30:00 to 2026-01-03T23:30:00. Structure has not fully confirmed, and force is still pushing (momentum=NEUTRAL). This is not random movement; this is organized decline. Start price 4318.3600, target zone 4189.1431. Therefore: SELL continuation bias, not blind chase.",2025-12-31T13:30:00,US Core PCE Price Index MoM,high,600.0,2026-01-03T13:30:00,US Non-Farm Payrolls (NFP),high,3720.0,301.6704,301.6704,52.62,1,ACCUMULATION,2x1,PRICE_LEADS,9.447,Dhanishtha,3,-2.59376812,-68.91638,-2.59376812,0.0221969252,4318.36,301.6704,202512312330
46dca2eaabd14bbc,2026-04-05T02:34:34.693955+00:00,XAUUSD,1w,4h,25,combined,WAIT,DOWN,2025-12-31T16:00:00,4321.95,4.0,2025-12-31T20:00:00,4318.36,2025-12-31T16:00:00,2026-01-03T20:00:00,4321.95,4243.295792,72.0,-75.064208,-1.738257,physics_projection,315,EXACT,NEUTRAL,False,CONSOLIDATION,False,NEUTRAL,0.007808,YES,NO,NO,NO,SELL_CONTINUATION,NEUTRAL (mixed),WAIT,"Price has reached a cardinal angle near 315deg (current 313.4771deg), and time is in phase with neutral during active window 2025-12-31T16:00:00 to 2026-01-03T20:00:00. Structure has not fully confirmed, and force is still pushing (momentum=NEUTRAL). This is not random movement; this is organized decline. Start price 4321.9500, target zone 4243.2958. Therefore: SELL continuation bias, not blind chase.",2025-12-31T13:30:00,US Core PCE Price Index MoM,high,390.0,2026-01-03T13:30:00,US Non-Farm Payrolls (NFP),high,3930.0,313.4771,313.4771,62.24,1,ACCUMULATION,1x1,PRICE_LEADS,13.7955,Shatabhisha,3,-1.32364286,-52.929289,-1.32364286,0.0078079004,1079.59,78.369275,202512312000
85fd22e527d84925,2026-04-05T02:34:42.351484+00:00,XAUUSD,1d,4h,25,combined,WAIT,DOWN,2025-12-31T16:00:00,4321.95,4.0,2025-12-31T20:00:00,4318.36,2025-12-31T16:00:00,2026-01-03T20:00:00,4321.95,4243.295792,72.0,-75.064208,-1.738257,physics_projection,315,EXACT,NEUTRAL,False,CONSOLIDATION,False,NEUTRAL,0.007808,YES,NO,NO,NO,SELL_CONTINUATION,NEUTRAL (mixed),WAIT,"Price has reached a cardinal angle near 315deg (current 313.4771deg), and time is in phase with neutral during active window 2025-12-31T16:00:00 to 2026-01-03T20:00:00. Structure has not fully confirmed, and force is still pushing (momentum=NEUTRAL). This is not random movement; this is organized decline. Start price 4321.9500, target zone 4243.2958. Therefore: SELL continuation bias, not blind chase.",2025-12-31T13:30:00,US Core PCE Price Index MoM,high,390.0,2026-01-03T13:30:00,US Non-Farm Payrolls (NFP),high,3930.0,313.4771,313.4771,62.24,1,ACCUMULATION,1x1,PRICE_LEADS,13.7955,Shatabhisha,3,-1.32364286,-52.929289,-1.32364286,0.0078079004,1079.59,78.369275,202512312000
0841ab6b9e1e4a88,2026-04-05T02:34:55.212415+00:00,XAUUSD,1month,4h,25,combined,WAIT,DOWN,2025-12-31T16:00:00,4321.95,4.0,2025-12-31T20:00:00,4318.36,2025-12-31T16:00:00,2026-01-03T20:00:00,4321.95,4243.295792,72.0,-75.064208,-1.738257,physics_projection,315,EXACT,NEUTRAL,False,CONSOLIDATION,False,NEUTRAL,0.007808,YES,NO,NO,NO,SELL_CONTINUATION,NEUTRAL (mixed),WAIT,"Price has reached a cardinal angle near 315deg (current 313.4771deg), and time is in phase with neutral during active window 2025-12-31T16:00:00 to 2026-01-03T20:00:00. Structure has not fully confirmed, and force is still pushing (momentum=NEUTRAL). This is not random movement; this is organized decline. Start price 4321.9500, target zone 4243.2958. Therefore: SELL continuation bias, not blind chase.",2025-12-31T13:30:00,US Core PCE Price Index MoM,high,390.0,2026-01-03T13:30:00,US Non-Farm Payrolls (NFP),high,3930.0,313.4771,313.4771,62.24,1,ACCUMULATION,1x1,PRICE_LEADS,13.7955,Shatabhisha,3,-1.32364286,-52.929289,-1.32364286,0.0078079004,1079.59,78.369275,202512312000
f81c73b0761e47d3,2026-04-05T02:35:08.906284+00:00,XAUUSD,15m,5m,25,combined,WAIT,DOWN,2025-12-31T23:55:00,4318.36,0.0,2025-12-31T23:55:00,4318.36,2025-12-31T23:55:00,2026-01-02T23:18:55.574698657,4318.36,4254.70757,47.3988,-63.65243,-1.473995,physics_projection,315,NEAR,NEUTRAL,False,CONSOLIDATION,False,NEUTRAL,0.056664,YES,NO,NO,NO,SELL_CONTINUATION,NEUTRAL (mixed),WAIT,"Price has reached a cardinal angle near 315deg (current 307.2054deg), and time is in phase with neutral during active window 2025-12-31T23:55:00 to 2026-01-02T23:18:55.574698657. Structure has not fully confirmed, and force is still pushing (momentum=NEUTRAL). This is not random movement; this is organized decline. Start price 4318.3600, target zone 4254.7076. Therefore: SELL continuation bias, not blind chase.",2025-12-31T13:30:00,US Core PCE Price Index MoM,high,625.0,2026-01-03T13:30:00,US Non-Farm Payrolls (NFP),high,3695.0,307.2054,307.2054,6.99,1,ACCUMULATION,1x1,PRICE_LEADS,5.314,Shatabhisha,1,-2.68582619,-69.578448,-2.68582619,0.0566644693,4318.36,307.2054,202512312355
99b937d0bb9c4a98,2026-04-05T02:35:13.015275+00:00,XAUUSD,5m,5m,25,combined,WAIT,DOWN,2025-12-31T23:55:00,4318.36,0.0,2025-12-31T23:55:00,4318.36,2025-12-31T23:55:00,2026-01-02T23:18:55.574698657,4318.36,4254.70757,47.3988,-63.65243,-1.473995,physics_projection,315,NEAR,NEUTRAL,False,CONSOLIDATION,False,NEUTRAL,0.056664,YES,NO,NO,NO,SELL_CONTINUATION,NEUTRAL (mixed),WAIT,"Price has reached a cardinal angle near 315deg (current 307.2054deg), and time is in phase with neutral during active window 2025-12-31T23:55:00 to 2026-01-02T23:18:55.574698657. Structure has not fully confirmed, and force is still pushing (momentum=NEUTRAL). This is not random movement; this is organized decline. Start price 4318.3600, target zone 4254.7076. Therefore: SELL continuation bias, not blind chase.",2025-12-31T13:30:00,US Core PCE Price Index MoM,high,625.0,2026-01-03T13:30:00,US Non-Farm Payrolls (NFP),high,3695.0,307.2054,307.2054,6.99,1,ACCUMULATION,1x1,PRICE_LEADS,5.314,Shatabhisha,1,-2.68582619,-69.578448,-2.68582619,0.0566644693,4318.36,307.2054,202512312355
347150549aa04839,2026-04-05T02:36:04.643251+00:00,XAUUSD,1h,1h,25,combined,WAIT,DOWN,2025-12-31T20:00:00,4319.57,3.0,2025-12-31T23:00:00,4318.36,2025-12-31T20:00:00,2026-01-01T02:45:00,4319.57,4311.682929,3.75,-6.677071,-0.154621,physics_projection,315,EXACT,NEUTRAL,False,CONSOLIDATION,False,NEUTRAL,-0.003806,YES,NO,NO,NO,SELL_CONTINUATION,NEUTRAL (mixed),WAIT,"Price has reached a cardinal angle near 315deg (current 310.2184deg), and time is in phase with neutral during active window 2025-12-31T20:00:00 to 2026-01-01T02:45:00. Structure has not fully confirmed, and motion is decaying (momentum=NEUTRAL). This is not random movement; this is organized decline. Start price 4319.5700, target zone 4311.6829. Therefore: SELL continuation bias, not blind chase.",2025-12-31T13:30:00,US Core PCE Price Index MoM,high,570.0,2026-01-03T13:30:00,US Non-Farm Payrolls (NFP),high,3750.0,310.2184,310.2184,59.68,1,ACCUMULATION,1x1,PRICE_LEADS,10.013,Shatabhisha,2,-1.77341667,-60.582076,-1.77341667,-0.0038056316,1439.45333333,103.40613333,202512312300
8b70b2bafa8f4ab7,2026-04-05T02:36:07.782704+00:00,XAUUSD,30m,30m,25,combined,WAIT,DOWN,2025-12-31T23:30:00,4318.36,0.0,2025-12-31T23:30:00,4318.36,2025-12-31T23:30:00,2026-01-03T23:30:00,4318.36,4189.143125,72.0,-129.216875,-2.992267,physics_projection,315,NEAR,NEUTRAL,False,CONSOLIDATION,False,NEUTRAL,0.022197,YES,NO,NO,NO,SELL_CONTINUATION,NEUTRAL (mixed),WAIT,"Price has reached a cardinal angle near 315deg (current 301.6704deg), and time is in phase with neutral during active window 2025-12-31T23:30:00 to 2026-01-03T23:30:00. Structure has not fully confirmed, and force is still pushing (momentum=NEUTRAL). This is not random movement; this is organized decline. Start price 4318.3600, target zone 4189.1431. Therefore: SELL continuation bias, not blind chase.",2025-12-31T13:30:00,US Core PCE Price Index MoM,high,600.0,2026-01-03T13:30:00,US Non-Farm Payrolls (NFP),high,3720.0,301.6704,301.6704,52.62,1,ACCUMULATION,2x1,PRICE_LEADS,9.447,Dhanishtha,3,-2.59376812,-68.91638,-2.59376812,0.0221969252,4318.36,301.6704,202512312330
9460d42f6ce64df8,2026-04-05T02:36:23.279234+00:00,XAUUSD,15m,5m,25,combined,WAIT,DOWN,2025-12-31T23:55:00,4318.36,0.0,2025-12-31T23:55:00,4318.36,2025-12-31T23:55:00,2026-01-02T23:18:55.574698657,4318.36,4254.70757,47.3988,-63.65243,-1.473995,physics_projection,315,NEAR,NEUTRAL,False,CONSOLIDATION,False,NEUTRAL,0.056664,YES,NO,NO,NO,SELL_CONTINUATION,NEUTRAL (mixed),WAIT,"Price has reached a cardinal angle near 315deg (current 307.2054deg), and time is in phase with neutral during active window 2025-12-31T23:55:00 to 2026-01-02T23:18:55.574698657. Structure has not fully confirmed, and force is still pushing (momentum=NEUTRAL). This is not random movement; this is organized decline. Start price 4318.3600, target zone 4254.7076. Therefore: SELL continuation bias, not blind chase.",2025-12-31T13:30:00,US Core PCE Price Index MoM,high,625.0,2026-01-03T13:30:00,US Non-Farm Payrolls (NFP),high,3695.0,307.2054,307.2054,6.99,1,ACCUMULATION,1x1,PRICE_LEADS,5.314,Shatabhisha,1,-2.68582619,-69.578448,-2.68582619,0.0566644693,4318.36,307.2054,202512312355
830fafc541de4b9b,2026-04-05T02:36:23.548495+00:00,XAUUSD,5m,5m,25,combined,WAIT,DOWN,2025-12-31T23:55:00,4318.36,0.0,2025-12-31T23:55:00,4318.36,2025-12-31T23:55:00,2026-01-02T23:18:55.574698657,4318.36,4254.70757,47.3988,-63.65243,-1.473995,physics_projection,315,NEAR,NEUTRAL,False,CONSOLIDATION,False,NEUTRAL,0.056664,YES,NO,NO,NO,SELL_CONTINUATION,NEUTRAL (mixed),WAIT,"Price has reached a cardinal angle near 315deg (current 307.2054deg), and time is in phase with neutral during active window 2025-12-31T23:55:00 to 2026-01-02T23:18:55.574698657. Structure has not fully confirmed, and force is still pushing (momentum=NEUTRAL). This is not random movement; this is organized decline. Start price 4318.3600, target zone 4254.7076. Therefore: SELL continuation bias, not blind chase.",2025-12-31T13:30:00,US Core PCE Price Index MoM,high,625.0,2026-01-03T13:30:00,US Non-Farm Payrolls (NFP),high,3695.0,307.2054,307.2054,6.99,1,ACCUMULATION,1x1,PRICE_LEADS,5.314,Shatabhisha,1,-2.68582619,-69.578448,-2.68582619,0.0566644693,4318.36,307.2054,202512312355
e45da0d8275d4ad2,2026-04-05T02:36:25.538046+00:00,XAUUSD,30m,30m,25,combined,WAIT,DOWN,2025-12-31T23:30:00,4318.36,0.0,2025-12-31T23:30:00,4318.36,2025-12-31T23:30:00,2026-01-03T23:30:00,4318.36,4189.143125,72.0,-129.216875,-2.992267,physics_projection,315,NEAR,NEUTRAL,False,CONSOLIDATION,False,NEUTRAL,0.022197,YES,NO,NO,NO,SELL_CONTINUATION,NEUTRAL (mixed),WAIT,"Price has reached a cardinal angle near 315deg (current 301.6704deg), and time is in phase with neutral during active window 2025-12-31T23:30:00 to 2026-01-03T23:30:00. Structure has not fully confirmed, and force is still pushing (momentum=NEUTRAL). This is not random movement; this is organized decline. Start price 4318.3600, target zone 4189.1431. Therefore: SELL continuation bias, not blind chase.",2025-12-31T13:30:00,US Core PCE Price Index MoM,high,600.0,2026-01-03T13:30:00,US Non-Farm Payrolls (NFP),high,3720.0,301.6704,301.6704,52.62,1,ACCUMULATION,2x1,PRICE_LEADS,9.447,Dhanishtha,3,-2.59376812,-68.91638,-2.59376812,0.0221969252,4318.36,301.6704,202512312330
3a20ae05e6164e13,2026-04-05T02:36:32.135282+00:00,XAUUSD,15m,5m,25,combined,WAIT,DOWN,2025-12-31T23:55:00,4318.36,0.0,2025-12-31T23:55:00,4318.36,2025-12-31T23:55:00,2026-01-02T23:18:55.574698657,4318.36,4254.70757,47.3988,-63.65243,-1.473995,physics_projection,315,NEAR,NEUTRAL,False,CONSOLIDATION,False,NEUTRAL,0.056664,YES,NO,NO,NO,SELL_CONTINUATION,NEUTRAL (mixed),WAIT,"Price has reached a cardinal angle near 315deg (current 307.2054deg), and time is in phase with neutral during active window 2025-12-31T23:55:00 to 2026-01-02T23:18:55.574698657. Structure has not fully confirmed, and force is still pushing (momentum=NEUTRAL). This is not random movement; this is organized decline. Start price 4318.3600, target zone 4254.7076. Therefore: SELL continuation bias, not blind chase.",2025-12-31T13:30:00,US Core PCE Price Index MoM,high,625.0,2026-01-03T13:30:00,US Non-Farm Payrolls (NFP),high,3695.0,307.2054,307.2054,6.99,1,ACCUMULATION,1x1,PRICE_LEADS,5.314,Shatabhisha,1,-2.68582619,-69.578448,-2.68582619,0.0566644693,4318.36,307.2054,202512312355
7fcef61d12664dbe,2026-04-05T02:36:59.049155+00:00,XAUUSD,1m,5m,25,combined,WAIT,DOWN,2025-12-31T23:55:00,4318.36,0.0,2025-12-31T23:55:00,4318.36,2025-12-31T23:55:00,2026-01-02T23:18:55.574698657,4318.36,4254.70757,47.3988,-63.65243,-1.473995,physics_projection,315,NEAR,NEUTRAL,False,CONSOLIDATION,False,NEUTRAL,0.056664,YES,NO,NO,NO,SELL_CONTINUATION,NEUTRAL (mixed),WAIT,"Price has reached a cardinal angle near 315deg (current 307.2054deg), and time is in phase with neutral during active window 2025-12-31T23:55:00 to 2026-01-02T23:18:55.574698657. Structure has not fully confirmed, and force is still pushing (momentum=NEUTRAL). This is not random movement; this is organized decline. Start price 4318.3600, target zone 4254.7076. Therefore: SELL continuation bias, not blind chase.",2025-12-31T13:30:00,US Core PCE Price Index MoM,high,625.0,2026-01-03T13:30:00,US Non-Farm Payrolls (NFP),high,3695.0,307.2054,307.2054,6.99,1,ACCUMULATION,1x1,PRICE_LEADS,5.314,Shatabhisha,1,-2.68582619,-69.578448,-2.68582619,0.0566644693,4318.36,307.2054,202512312355
2ea15e8adb5a4647,2026-04-05T02:48:23.253356+00:00,XAUUSD,1d,4h,25,historical_first,WAIT,DOWN,2025-12-31T16:00:00,4321.95,4.0,2025-12-31T20:00:00,4318.36,2025-12-31T16:00:00,2026-01-03T20:00:00,4321.95,4243.295792,72.0,-75.064208,-1.738257,physics_projection,315,EXACT,NEUTRAL,False,CONSOLIDATION,False,NEUTRAL,0.007808,YES,NO,NO,NO,SELL_CONTINUATION,NEUTRAL (mixed),WAIT,"Price has reached a cardinal angle near 315deg (current 313.4771deg), and time is in phase with neutral during active window 2025-12-31T16:00:00 to 2026-01-03T20:00:00. Structure has not fully confirmed, and force is still pushing (momentum=NEUTRAL). This is not random movement; this is organized decline. Start price 4321.9500, target zone 4243.2958. Therefore: SELL continuation bias, not blind chase.",2025-12-31T13:30:00,US Core PCE Price Index MoM,high,390.0,2026-01-03T13:30:00,US Non-Farm Payrolls (NFP),high,3930.0,313.4771,313.4771,62.24,1,ACCUMULATION,1x1,PRICE_LEADS,13.7955,Shatabhisha,3,-1.32364286,-52.929289,-1.32364286,0.0078079004,1079.59,78.369275,202512312000
b29c84ddb4494ff3,2026-04-05T08:53:17.246821+00:00,XAUUSD,1d,4h,25,historical_first,WAIT,DOWN,2025-12-31T16:00:00,4321.95,4.0,2025-12-31T20:00:00,4318.36,2025-12-31T16:00:00,2026-01-03T20:00:00,4321.95,4243.295792,72.0,-75.064208,-1.738257,physics_projection,315,EXACT,NEUTRAL,False,CONSOLIDATION,False,NEUTRAL,0.007808,YES,NO,NO,NO,SELL_CONTINUATION,NEUTRAL (mixed),WAIT,"Price has reached a cardinal angle near 315deg (current 313.4771deg), and time is in phase with neutral during active window 2025-12-31T16:00:00 to 2026-01-03T20:00:00. Structure has not fully confirmed, and force is still pushing (momentum=NEUTRAL). This is not random movement; this is organized decline. Start price 4321.9500, target zone 4243.2958. Therefore: SELL continuation bias, not blind chase.",2025-12-31T13:30:00,US Core PCE Price Index MoM,high,390.0,2026-01-03T13:30:00,US Non-Farm Payrolls (NFP),high,3930.0,313.4771,313.4771,62.24,1,ACCUMULATION,1x1,PRICE_LEADS,13.7955,Shatabhisha,3,-1.32364286,-52.929289,-1.32364286,0.0078079004,1079.59,78.369275,202512312000
82ff9ec739cd4aa8,2026-04-05T11:33:34.965170+00:00,XAUUSD,1d,4h,25,historical_first,WAIT,DOWN,2025-12-31T16:00:00,4321.95,4.0,2025-12-31T20:00:00,4318.36,2025-12-31T16:00:00,2026-01-03T20:00:00,4321.95,4243.295792,72.0,-75.064208,-1.738257,physics_projection,315,EXACT,NEUTRAL,False,CONSOLIDATION,False,NEUTRAL,0.007808,YES,NO,NO,NO,SELL_CONTINUATION,NEUTRAL (mixed),WAIT,"Price has reached a cardinal angle near 315deg (current 313.4771deg), and time is in phase with neutral during active window 2025-12-31T16:00:00 to 2026-01-03T20:00:00. Structure has not fully confirmed, and force is still pushing (momentum=NEUTRAL). This is not random movement; this is organized decline. Start price 4321.9500, target zone 4243.2958. Therefore: SELL continuation bias, not blind chase.",2025-12-31T13:30:00,US Core PCE Price Index MoM,high,390.0,2026-01-03T13:30:00,US Non-Farm Payrolls (NFP),high,3930.0,313.4771,313.4771,62.24,1,ACCUMULATION,1x1,PRICE_LEADS,13.7955,Shatabhisha,3,-1.32364286,-52.929289,-1.32364286,0.0078079004,1079.59,78.369275,202512312000
379528ceeafa4183,2026-04-05T11:35:28.032282+00:00,XAUUSD,1d,4h,25,historical_first,WAIT,DOWN,2025-12-31T16:00:00,4321.95,4.0,2025-12-31T20:00:00,4318.36,2025-12-31T16:00:00,2026-01-03T20:00:00,4321.95,4243.295792,72.0,-75.064208,-1.738257,physics_projection,315,EXACT,NEUTRAL,False,CONSOLIDATION,False,NEUTRAL,0.007808,YES,NO,NO,NO,SELL_CONTINUATION,NEUTRAL (mixed),WAIT,"Price has reached a cardinal angle near 315deg (current 313.4771deg), and time is in phase with neutral during active window 2025-12-31T16:00:00 to 2026-01-03T20:00:00. Structure has not fully confirmed, and force is still pushing (momentum=NEUTRAL). This is not random movement; this is organized decline. Start price 4321.9500, target zone 4243.2958. Therefore: SELL continuation bias, not blind chase.",2025-12-31T13:30:00,US Core PCE Price Index MoM,high,390.0,2026-01-03T13:30:00,US Non-Farm Payrolls (NFP),high,3930.0,313.4771,313.4771,62.24,1,ACCUMULATION,1x1,PRICE_LEADS,13.7955,Shatabhisha,3,-1.32364286,-52.929289,-1.32364286,0.0078079004,1079.59,78.369275,202512312000
b65527faad734d2e,2026-04-05T11:35:56.089247+00:00,XAUUSD,1d,4h,25,historical_first,WAIT,DOWN,2025-12-31T16:00:00,4321.95,4.0,2025-12-31T20:00:00,4318.36,2025-12-31T16:00:00,2026-01-03T20:00:00,4321.95,4243.295792,72.0,-75.064208,-1.738257,physics_projection,315,EXACT,NEUTRAL,False,CONSOLIDATION,False,NEUTRAL,0.007808,YES,NO,NO,NO,SELL_CONTINUATION,NEUTRAL (mixed),WAIT,"Price has reached a cardinal angle near 315deg (current 313.4771deg), and time is in phase with neutral during active window 2025-12-31T16:00:00 to 2026-01-03T20:00:00. Structure has not fully confirmed, and force is still pushing (momentum=NEUTRAL). This is not random movement; this is organized decline. Start price 4321.9500, target zone 4243.2958. Therefore: SELL continuation bias, not blind chase.",2025-12-31T13:30:00,US Core PCE Price Index MoM,high,390.0,2026-01-03T13:30:00,US Non-Farm Payrolls (NFP),high,3930.0,313.4771,313.4771,62.24,1,ACCUMULATION,1x1,PRICE_LEADS,13.7955,Shatabhisha,3,-1.32364286,-52.929289,-1.32364286,0.0078079004,1079.59,78.369275,202512312000
92e2db44f8e04312,2026-04-05T11:36:52.992410+00:00,XAUUSD,1d,4h,1,historical_first,WAIT,DOWN,2025-12-31T16:00:00,4321.95,4.0,2025-12-31T20:00:00,4318.36,2025-12-31T16:00:00,2026-01-03T20:00:00,4321.95,4243.295792,72.0,-75.064208,-1.738257,physics_projection,315,EXACT,NEUTRAL,False,CONSOLIDATION,False,NEUTRAL,0.007808,YES,NO,NO,NO,SELL_CONTINUATION,NEUTRAL (mixed),WAIT,"Price has reached a cardinal angle near 315deg (current 313.4771deg), and time is in phase with neutral during active window 2025-12-31T16:00:00 to 2026-01-03T20:00:00. Structure has not fully confirmed, and force is still pushing (momentum=NEUTRAL). This is not random movement; this is organized decline. Start price 4321.9500, target zone 4243.2958. Therefore: SELL continuation bias, not blind chase.",2025-12-31T13:30:00,US Core PCE Price Index MoM,high,390.0,2026-01-03T13:30:00,US Non-Farm Payrolls (NFP),high,3930.0,313.4771,313.4771,62.24,1,ACCUMULATION,1x1,PRICE_LEADS,13.7955,Shatabhisha,3,-1.32364286,-52.929289,-1.32364286,0.0078079004,1079.59,78.369275,202512312000
35c19398c3214f0f,2026-04-05T11:40:59.257958+00:00,XAUUSD,1d,4h,25,historical_first,WAIT,DOWN,2025-12-31T16:00:00,4321.95,4.0,2025-12-31T20:00:00,4318.36,2025-12-31T16:00:00,2026-01-03T20:00:00,4321.95,4243.295792,72.0,-75.064208,-1.738257,physics_projection,315,EXACT,NEUTRAL,False,CONSOLIDATION,False,NEUTRAL,0.007808,YES,NO,NO,NO,SELL_CONTINUATION,NEUTRAL (mixed),WAIT,"Price has reached a cardinal angle near 315deg (current 313.4771deg), and time is in phase with neutral during active window 2025-12-31T16:00:00 to 2026-01-03T20:00:00. Structure has not fully confirmed, and force is still pushing (momentum=NEUTRAL). This is not random movement; this is organized decline. Start price 4321.9500, target zone 4243.2958. Therefore: SELL continuation bias, not blind chase.",2025-12-31T13:30:00,US Core PCE Price Index MoM,high,390.0,2026-01-03T13:30:00,US Non-Farm Payrolls (NFP),high,3930.0,313.4771,313.4771,62.24,1,ACCUMULATION,1x1,PRICE_LEADS,13.7955,Shatabhisha,3,-1.32364286,-52.929289,-1.32364286,0.0078079004,1079.59,78.369275,202512312000
d0e97ac8fbf14205,2026-04-05T11:41:00.672718+00:00,XAUUSD,4h,4h,25,historical_first,WAIT,DOWN,2025-12-31T16:00:00,4321.95,4.0,2025-12-31T20:00:00,4318.36,2025-12-31T16:00:00,2026-01-03T20:00:00,4321.95,4243.295792,72.0,-75.064208,-1.738257,physics_projection,315,EXACT,NEUTRAL,False,CONSOLIDATION,False,NEUTRAL,0.007808,YES,NO,NO,NO,SELL_CONTINUATION,NEUTRAL (mixed),WAIT,"Price has reached a cardinal angle near 315deg (current 313.4771deg), and time is in phase with neutral during active window 2025-12-31T16:00:00 to 2026-01-03T20:00:00. Structure has not fully confirmed, and force is still pushing (momentum=NEUTRAL). This is not random movement; this is organized decline. Start price 4321.9500, target zone 4243.2958. Therefore: SELL continuation bias, not blind chase.",2025-12-31T13:30:00,US Core PCE Price Index MoM,high,390.0,2026-01-03T13:30:00,US Non-Farm Payrolls (NFP),high,3930.0,313.4771,313.4771,62.24,1,ACCUMULATION,1x1,PRICE_LEADS,13.7955,Shatabhisha,3,-1.32364286,-52.929289,-1.32364286,0.0078079004,1079.59,78.369275,202512312000
760c658f878045dd,2026-04-05T11:42:07.964719+00:00,XAUUSD,1w,4h,25,historical_first,WAIT,DOWN,2025-12-31T16:00:00,4321.95,4.0,2025-12-31T20:00:00,4318.36,2025-12-31T16:00:00,2026-01-03T20:00:00,4321.95,4243.295792,72.0,-75.064208,-1.738257,physics_projection,315,EXACT,NEUTRAL,False,CONSOLIDATION,False,NEUTRAL,0.007808,YES,NO,NO,NO,SELL_CONTINUATION,NEUTRAL (mixed),WAIT,"Price has reached a cardinal angle near 315deg (current 313.4771deg), and time is in phase with neutral during active window 2025-12-31T16:00:00 to 2026-01-03T20:00:00. Structure has not fully confirmed, and force is still pushing (momentum=NEUTRAL). This is not random movement; this is organized decline. Start price 4321.9500, target zone 4243.2958. Therefore: SELL continuation bias, not blind chase.",2025-12-31T13:30:00,US Core PCE Price Index MoM,high,390.0,2026-01-03T13:30:00,US Non-Farm Payrolls (NFP),high,3930.0,313.4771,313.4771,62.24,1,ACCUMULATION,1x1,PRICE_LEADS,13.7955,Shatabhisha,3,-1.32364286,-52.929289,-1.32364286,0.0078079004,1079.59,78.369275,202512312000
90bbfc7eb68e4056,2026-04-05T11:42:28.425591+00:00,XAUUSD,1h,1h,25,historical_first,WAIT,DOWN,2025-12-31T20:00:00,4319.57,3.0,2025-12-31T23:00:00,4318.36,2025-12-31T20:00:00,2026-01-01T02:45:00,4319.57,4311.682929,3.75,-6.677071,-0.154621,physics_projection,315,EXACT,NEUTRAL,False,CONSOLIDATION,False,NEUTRAL,-0.003806,YES,NO,NO,NO,SELL_CONTINUATION,NEUTRAL (mixed),WAIT,"Price has reached a cardinal angle near 315deg (current 310.2184deg), and time is in phase with neutral during active window 2025-12-31T20:00:00 to 2026-01-01T02:45:00. Structure has not fully confirmed, and motion is decaying (momentum=NEUTRAL). This is not random movement; this is organized decline. Start price 4319.5700, target zone 4311.6829. Therefore: SELL continuation bias, not blind chase.",2025-12-31T13:30:00,US Core PCE Price Index MoM,high,570.0,2026-01-03T13:30:00,US Non-Farm Payrolls (NFP),high,3750.0,310.2184,310.2184,59.68,1,ACCUMULATION,1x1,PRICE_LEADS,10.013,Shatabhisha,2,-1.77341667,-60.582076,-1.77341667,-0.0038056316,1439.45333333,103.40613333,202512312300
3a0319b56a5b455f,2026-04-05T11:42:31.173858+00:00,XAUUSD,30m,30m,25,historical_first,WAIT,DOWN,2025-12-31T23:30:00,4318.36,0.0,2025-12-31T23:30:00,4318.36,2025-12-31T23:30:00,2026-01-03T23:30:00,4318.36,4189.143125,72.0,-129.216875,-2.992267,physics_projection,315,NEAR,NEUTRAL,False,CONSOLIDATION,False,NEUTRAL,0.022197,YES,NO,NO,NO,SELL_CONTINUATION,NEUTRAL (mixed),WAIT,"Price has reached a cardinal angle near 315deg (current 301.6704deg), and time is in phase with neutral during active window 2025-12-31T23:30:00 to 2026-01-03T23:30:00. Structure has not fully confirmed, and force is still pushing (momentum=NEUTRAL). This is not random movement; this is organized decline. Start price 4318.3600, target zone 4189.1431. Therefore: SELL continuation bias, not blind chase.",2025-12-31T13:30:00,US Core PCE Price Index MoM,high,600.0,2026-01-03T13:30:00,US Non-Farm Payrolls (NFP),high,3720.0,301.6704,301.6704,52.62,1,ACCUMULATION,2x1,PRICE_LEADS,9.447,Dhanishtha,3,-2.59376812,-68.91638,-2.59376812,0.0221969252,4318.36,301.6704,202512312330
b052f66e3b374b75,2026-04-05T11:42:31.847167+00:00,XAUUSD,1month,4h,25,historical_first,WAIT,DOWN,2025-12-31T16:00:00,4321.95,4.0,2025-12-31T20:00:00,4318.36,2025-12-31T16:00:00,2026-01-03T20:00:00,4321.95,4243.295792,72.0,-75.064208,-1.738257,physics_projection,315,EXACT,NEUTRAL,False,CONSOLIDATION,False,NEUTRAL,0.007808,YES,NO,NO,NO,SELL_CONTINUATION,NEUTRAL (mixed),WAIT,"Price has reached a cardinal angle near 315deg (current 313.4771deg), and time is in phase with neutral during active window 2025-12-31T16:00:00 to 2026-01-03T20:00:00. Structure has not fully confirmed, and force is still pushing (momentum=NEUTRAL). This is not random movement; this is organized decline. Start price 4321.9500, target zone 4243.2958. Therefore: SELL continuation bias, not blind chase.",2025-12-31T13:30:00,US Core PCE Price Index MoM,high,390.0,2026-01-03T13:30:00,US Non-Farm Payrolls (NFP),high,3930.0,313.4771,313.4771,62.24,1,ACCUMULATION,1x1,PRICE_LEADS,13.7955,Shatabhisha,3,-1.32364286,-52.929289,-1.32364286,0.0078079004,1079.59,78.369275,202512312000
01b9110fe4be4053,2026-04-05T11:43:10.360270+00:00,XAUUSD,15m,5m,25,historical_first,WAIT,DOWN,2025-12-31T23:55:00,4318.36,0.0,2025-12-31T23:55:00,4318.36,2025-12-31T23:55:00,2026-01-02T23:18:55.574698657,4318.36,4254.70757,47.3988,-63.65243,-1.473995,physics_projection,315,NEAR,NEUTRAL,False,CONSOLIDATION,False,NEUTRAL,0.056664,YES,NO,NO,NO,SELL_CONTINUATION,NEUTRAL (mixed),WAIT,"Price has reached a cardinal angle near 315deg (current 307.2054deg), and time is in phase with neutral during active window 2025-12-31T23:55:00 to 2026-01-02T23:18:55.574698657. Structure has not fully confirmed, and force is still pushing (momentum=NEUTRAL). This is not random movement; this is organized decline. Start price 4318.3600, target zone 4254.7076. Therefore: SELL continuation bias, not blind chase.",2025-12-31T13:30:00,US Core PCE Price Index MoM,high,625.0,2026-01-03T13:30:00,US Non-Farm Payrolls (NFP),high,3695.0,307.2054,307.2054,6.99,1,ACCUMULATION,1x1,PRICE_LEADS,5.314,Shatabhisha,1,-2.68582619,-69.578448,-2.68582619,0.0566644693,4318.36,307.2054,202512312355
6bd97151f6d1496f,2026-04-05T11:43:12.909840+00:00,XAUUSD,5m,5m,25,historical_first,WAIT,DOWN,2025-12-31T23:55:00,4318.36,0.0,2025-12-31T23:55:00,4318.36,2025-12-31T23:55:00,2026-01-02T23:18:55.574698657,4318.36,4254.70757,47.3988,-63.65243,-1.473995,physics_projection,315,NEAR,NEUTRAL,False,CONSOLIDATION,False,NEUTRAL,0.056664,YES,NO,NO,NO,SELL_CONTINUATION,NEUTRAL (mixed),WAIT,"Price has reached a cardinal angle near 315deg (current 307.2054deg), and time is in phase with neutral during active window 2025-12-31T23:55:00 to 2026-01-02T23:18:55.574698657. Structure has not fully confirmed, and force is still pushing (momentum=NEUTRAL). This is not random movement; this is organized decline. Start price 4318.3600, target zone 4254.7076. Therefore: SELL continuation bias, not blind chase.",2025-12-31T13:30:00,US Core PCE Price Index MoM,high,625.0,2026-01-03T13:30:00,US Non-Farm Payrolls (NFP),high,3695.0,307.2054,307.2054,6.99,1,ACCUMULATION,1x1,PRICE_LEADS,5.314,Shatabhisha,1,-2.68582619,-69.578448,-2.68582619,0.0566644693,4318.36,307.2054,202512312355
aebd604b986349f7,2026-04-05T11:43:46.441368+00:00,XAUUSD,1m,5m,25,historical_first,WAIT,DOWN,2025-12-31T23:55:00,4318.36,0.0,2025-12-31T23:55:00,4318.36,2025-12-31T23:55:00,2026-01-02T23:18:55.574698657,4318.36,4254.70757,47.3988,-63.65243,-1.473995,physics_projection,315,NEAR,NEUTRAL,False,CONSOLIDATION,False,NEUTRAL,0.056664,YES,NO,NO,NO,SELL_CONTINUATION,NEUTRAL (mixed),WAIT,"Price has reached a cardinal angle near 315deg (current 307.2054deg), and time is in phase with neutral during active window 2025-12-31T23:55:00 to 2026-01-02T23:18:55.574698657. Structure has not fully confirmed, and force is still pushing (momentum=NEUTRAL). This is not random movement; this is organized decline. Start price 4318.3600, target zone 4254.7076. Therefore: SELL continuation bias, not blind chase.",2025-12-31T13:30:00,US Core PCE Price Index MoM,high,625.0,2026-01-03T13:30:00,US Non-Farm Payrolls (NFP),high,3695.0,307.2054,307.2054,6.99,1,ACCUMULATION,1x1,PRICE_LEADS,5.314,Shatabhisha,1,-2.68582619,-69.578448,-2.68582619,0.0566644693,4318.36,307.2054,202512312355
280bd52a10e4499b,2026-04-05T11:51:56.538477+00:00,XAUUSD,1d,4h,25,historical_first,WAIT,DOWN,2025-12-31T16:00:00,4321.95,4.0,2025-12-31T20:00:00,4318.36,2025-12-31T16:00:00,2026-01-03T20:00:00,4321.95,4243.295792,72.0,-75.064208,-1.738257,physics_projection,315,EXACT,NEUTRAL,False,CONSOLIDATION,False,NEUTRAL,0.007808,YES,NO,NO,NO,SELL_CONTINUATION,NEUTRAL (mixed),WAIT,"Price has reached a cardinal angle near 315deg (current 313.4771deg), and time is in phase with neutral during active window 2025-12-31T16:00:00 to 2026-01-03T20:00:00. Structure has not fully confirmed, and force is still pushing (momentum=NEUTRAL). This is not random movement; this is organized decline. Start price 4321.9500, target zone 4243.2958. Therefore: SELL continuation bias, not blind chase.",2025-12-31T13:30:00,US Core PCE Price Index MoM,high,390.0,2026-01-03T13:30:00,US Non-Farm Payrolls (NFP),high,3930.0,313.4771,313.4771,62.24,1,ACCUMULATION,1x1,PRICE_LEADS,13.7955,Shatabhisha,3,-1.32364286,-52.929289,-1.32364286,0.0078079004,1079.59,78.369275,202512312000
78c2e6a703b941f2,2026-04-05T11:51:57.584317+00:00,XAUUSD,4h,4h,25,historical_first,WAIT,DOWN,2025-12-31T16:00:00,4321.95,4.0,2025-12-31T20:00:00,4318.36,2025-12-31T16:00:00,2026-01-03T20:00:00,4321.95,4243.295792,72.0,-75.064208,-1.738257,physics_projection,315,EXACT,NEUTRAL,False,CONSOLIDATION,False,NEUTRAL,0.007808,YES,NO,NO,NO,SELL_CONTINUATION,NEUTRAL (mixed),WAIT,"Price has reached a cardinal angle near 315deg (current 313.4771deg), and time is in phase with neutral during active window 2025-12-31T16:00:00 to 2026-01-03T20:00:00. Structure has not fully confirmed, and force is still pushing (momentum=NEUTRAL). This is not random movement; this is organized decline. Start price 4321.9500, target zone 4243.2958. Therefore: SELL continuation bias, not blind chase.",2025-12-31T13:30:00,US Core PCE Price Index MoM,high,390.0,2026-01-03T13:30:00,US Non-Farm Payrolls (NFP),high,3930.0,313.4771,313.4771,62.24,1,ACCUMULATION,1x1,PRICE_LEADS,13.7955,Shatabhisha,3,-1.32364286,-52.929289,-1.32364286,0.0078079004,1079.59,78.369275,202512312000
43dea721ed004aa4,2026-04-05T11:52:38.468017+00:00,XAUUSD,1d,4h,25,historical_first,WAIT,DOWN,2025-12-31T16:00:00,4321.95,4.0,2025-12-31T20:00:00,4318.36,2025-12-31T16:00:00,2026-01-03T20:00:00,4321.95,4243.295792,72.0,-75.064208,-1.738257,physics_projection,315,EXACT,NEUTRAL,False,CONSOLIDATION,False,NEUTRAL,0.007808,YES,NO,NO,NO,SELL_CONTINUATION,NEUTRAL (mixed),WAIT,"Price has reached a cardinal angle near 315deg (current 313.4771deg), and time is in phase with neutral during active window 2025-12-31T16:00:00 to 2026-01-03T20:00:00. Structure has not fully confirmed, and force is still pushing (momentum=NEUTRAL). This is not random movement; this is organized decline. Start price 4321.9500, target zone 4243.2958. Therefore: SELL continuation bias, not blind chase.",2025-12-31T13:30:00,US Core PCE Price Index MoM,high,390.0,2026-01-03T13:30:00,US Non-Farm Payrolls (NFP),high,3930.0,313.4771,313.4771,62.24,1,ACCUMULATION,1x1,PRICE_LEADS,13.7955,Shatabhisha,3,-1.32364286,-52.929289,-1.32364286,0.0078079004,1079.59,78.369275,202512312000
ecefc6e837ee417d,2026-04-05T11:53:08.253175+00:00,XAUUSD,1w,4h,25,historical_first,WAIT,DOWN,2025-12-31T16:00:00,4321.95,4.0,2025-12-31T20:00:00,4318.36,2025-12-31T16:00:00,2026-01-03T20:00:00,4321.95,4243.295792,72.0,-75.064208,-1.738257,physics_projection,315,EXACT,NEUTRAL,False,CONSOLIDATION,False,NEUTRAL,0.007808,YES,NO,NO,NO,SELL_CONTINUATION,NEUTRAL (mixed),WAIT,"Price has reached a cardinal angle near 315deg (current 313.4771deg), and time is in phase with neutral during active window 2025-12-31T16:00:00 to 2026-01-03T20:00:00. Structure has not fully confirmed, and force is still pushing (momentum=NEUTRAL). This is not random movement; this is organized decline. Start price 4321.9500, target zone 4243.2958. Therefore: SELL continuation bias, not blind chase.",2025-12-31T13:30:00,US Core PCE Price Index MoM,high,390.0,2026-01-03T13:30:00,US Non-Farm Payrolls (NFP),high,3930.0,313.4771,313.4771,62.24,1,ACCUMULATION,1x1,PRICE_LEADS,13.7955,Shatabhisha,3,-1.32364286,-52.929289,-1.32364286,0.0078079004,1079.59,78.369275,202512312000
92402aa67f154177,2026-04-05T11:53:29.033294+00:00,XAUUSD,1h,1h,25,historical_first,WAIT,DOWN,2025-12-31T20:00:00,4319.57,3.0,2025-12-31T23:00:00,4318.36,2025-12-31T20:00:00,2026-01-01T02:45:00,4319.57,4311.682929,3.75,-6.677071,-0.154621,physics_projection,315,EXACT,NEUTRAL,False,CONSOLIDATION,False,NEUTRAL,-0.003806,YES,NO,NO,NO,SELL_CONTINUATION,NEUTRAL (mixed),WAIT,"Price has reached a cardinal angle near 315deg (current 310.2184deg), and time is in phase with neutral during active window 2025-12-31T20:00:00 to 2026-01-01T02:45:00. Structure has not fully confirmed, and motion is decaying (momentum=NEUTRAL). This is not random movement; this is organized decline. Start price 4319.5700, target zone 4311.6829. Therefore: SELL continuation bias, not blind chase.",2025-12-31T13:30:00,US Core PCE Price Index MoM,high,570.0,2026-01-03T13:30:00,US Non-Farm Payrolls (NFP),high,3750.0,310.2184,310.2184,59.68,1,ACCUMULATION,1x1,PRICE_LEADS,10.013,Shatabhisha,2,-1.77341667,-60.582076,-1.77341667,-0.0038056316,1439.45333333,103.40613333,202512312300
60de2dee605d4885,2026-04-05T11:53:33.657734+00:00,XAUUSD,1month,4h,25,historical_first,WAIT,DOWN,2025-12-31T16:00:00,4321.95,4.0,2025-12-31T20:00:00,4318.36,2025-12-31T16:00:00,2026-01-03T20:00:00,4321.95,4243.295792,72.0,-75.064208,-1.738257,physics_projection,315,EXACT,NEUTRAL,False,CONSOLIDATION,False,NEUTRAL,0.007808,YES,NO,NO,NO,SELL_CONTINUATION,NEUTRAL (mixed),WAIT,"Price has reached a cardinal angle near 315deg (current 313.4771deg), and time is in phase with neutral during active window 2025-12-31T16:00:00 to 2026-01-03T20:00:00. Structure has not fully confirmed, and force is still pushing (momentum=NEUTRAL). This is not random movement; this is organized decline. Start price 4321.9500, target zone 4243.2958. Therefore: SELL continuation bias, not blind chase.",2025-12-31T13:30:00,US Core PCE Price Index MoM,high,390.0,2026-01-03T13:30:00,US Non-Farm Payrolls (NFP),high,3930.0,313.4771,313.4771,62.24,1,ACCUMULATION,1x1,PRICE_LEADS,13.7955,Shatabhisha,3,-1.32364286,-52.929289,-1.32364286,0.0078079004,1079.59,78.369275,202512312000
92b8c96ec5d64d95,2026-04-05T11:53:35.961167+00:00,XAUUSD,30m,30m,25,historical_first,WAIT,DOWN,2025-12-31T23:30:00,4318.36,0.0,2025-12-31T23:30:00,4318.36,2025-12-31T23:30:00,2026-01-03T23:30:00,4318.36,4189.143125,72.0,-129.216875,-2.992267,physics_projection,315,NEAR,NEUTRAL,False,CONSOLIDATION,False,NEUTRAL,0.022197,YES,NO,NO,NO,SELL_CONTINUATION,NEUTRAL (mixed),WAIT,"Price has reached a cardinal angle near 315deg (current 301.6704deg), and time is in phase with neutral during active window 2025-12-31T23:30:00 to 2026-01-03T23:30:00. Structure has not fully confirmed, and force is still pushing (momentum=NEUTRAL). This is not random movement; this is organized decline. Start price 4318.3600, target zone 4189.1431. Therefore: SELL continuation bias, not blind chase.",2025-12-31T13:30:00,US Core PCE Price Index MoM,high,600.0,2026-01-03T13:30:00,US Non-Farm Payrolls (NFP),high,3720.0,301.6704,301.6704,52.62,1,ACCUMULATION,2x1,PRICE_LEADS,9.447,Dhanishtha,3,-2.59376812,-68.91638,-2.59376812,0.0221969252,4318.36,301.6704,202512312330
c4806cc30cf04bce,2026-04-05T11:54:16.301807+00:00,XAUUSD,5m,5m,25,historical_first,WAIT,DOWN,2025-12-31T23:55:00,4318.36,0.0,2025-12-31T23:55:00,4318.36,2025-12-31T23:55:00,2026-01-02T23:18:55.574698657,4318.36,4254.70757,47.3988,-63.65243,-1.473995,physics_projection,315,NEAR,NEUTRAL,False,CONSOLIDATION,False,NEUTRAL,0.056664,YES,NO,NO,NO,SELL_CONTINUATION,NEUTRAL (mixed),WAIT,"Price has reached a cardinal angle near 315deg (current 307.2054deg), and time is in phase with neutral during active window 2025-12-31T23:55:00 to 2026-01-02T23:18:55.574698657. Structure has not fully confirmed, and force is still pushing (momentum=NEUTRAL). This is not random movement; this is organized decline. Start price 4318.3600, target zone 4254.7076. Therefore: SELL continuation bias, not blind chase.",2025-12-31T13:30:00,US Core PCE Price Index MoM,high,625.0,2026-01-03T13:30:00,US Non-Farm Payrolls (NFP),high,3695.0,307.2054,307.2054,6.99,1,ACCUMULATION,1x1,PRICE_LEADS,5.314,Shatabhisha,1,-2.68582619,-69.578448,-2.68582619,0.0566644693,4318.36,307.2054,202512312355
dbfb53a65c2d4f91,2026-04-05T11:54:16.453221+00:00,XAUUSD,15m,5m,25,historical_first,WAIT,DOWN,2025-12-31T23:55:00,4318.36,0.0,2025-12-31T23:55:00,4318.36,2025-12-31T23:55:00,2026-01-02T23:18:55.574698657,4318.36,4254.70757,47.3988,-63.65243,-1.473995,physics_projection,315,NEAR,NEUTRAL,False,CONSOLIDATION,False,NEUTRAL,0.056664,YES,NO,NO,NO,SELL_CONTINUATION,NEUTRAL (mixed),WAIT,"Price has reached a cardinal angle near 315deg (current 307.2054deg), and time is in phase with neutral during active window 2025-12-31T23:55:00 to 2026-01-02T23:18:55.574698657. Structure has not fully confirmed, and force is still pushing (momentum=NEUTRAL). This is not random movement; this is organized decline. Start price 4318.3600, target zone 4254.7076. Therefore: SELL continuation bias, not blind chase.",2025-12-31T13:30:00,US Core PCE Price Index MoM,high,625.0,2026-01-03T13:30:00,US Non-Farm Payrolls (NFP),high,3695.0,307.2054,307.2054,6.99,1,ACCUMULATION,1x1,PRICE_LEADS,5.314,Shatabhisha,1,-2.68582619,-69.578448,-2.68582619,0.0566644693,4318.36,307.2054,202512312355
1e109b16b4864733,2026-04-05T11:54:50.345999+00:00,XAUUSD,1m,5m,25,historical_first,WAIT,DOWN,2025-12-31T23:55:00,4318.36,0.0,2025-12-31T23:55:00,4318.36,2025-12-31T23:55:00,2026-01-02T23:18:55.574698657,4318.36,4254.70757,47.3988,-63.65243,-1.473995,physics_projection,315,NEAR,NEUTRAL,False,CONSOLIDATION,False,NEUTRAL,0.056664,YES,NO,NO,NO,SELL_CONTINUATION,NEUTRAL (mixed),WAIT,"Price has reached a cardinal angle near 315deg (current 307.2054deg), and time is in phase with neutral during active window 2025-12-31T23:55:00 to 2026-01-02T23:18:55.574698657. Structure has not fully confirmed, and force is still pushing (momentum=NEUTRAL). This is not random movement; this is organized decline. Start price 4318.3600, target zone 4254.7076. Therefore: SELL continuation bias, not blind chase.",2025-12-31T13:30:00,US Core PCE Price Index MoM,high,625.0,2026-01-03T13:30:00,US Non-Farm Payrolls (NFP),high,3695.0,307.2054,307.2054,6.99,1,ACCUMULATION,1x1,PRICE_LEADS,5.314,Shatabhisha,1,-2.68582619,-69.578448,-2.68582619,0.0566644693,4318.36,307.2054,202512312355
61d1f5958b3049f3,2026-04-05T12:01:47.779522+00:00,XAUUSD,1d,4h,25,historical_first,WAIT,DOWN,2025-12-31T16:00:00,4321.95,4.0,2025-12-31T20:00:00,4318.36,2025-12-31T16:00:00,2026-01-03T20:00:00,4321.95,4243.295792,72.0,-75.064208,-1.738257,physics_projection,315,EXACT,NEUTRAL,False,CONSOLIDATION,False,NEUTRAL,0.007808,YES,NO,NO,NO,SELL_CONTINUATION,NEUTRAL (mixed),WAIT,"Price has reached a cardinal angle near 315deg (current 313.4771deg), and time is in phase with neutral during active window 2025-12-31T16:00:00 to 2026-01-03T20:00:00. Structure has not fully confirmed, and force is still pushing (momentum=NEUTRAL). This is not random movement; this is organized decline. Start price 4321.9500, target zone 4243.2958. Therefore: SELL continuation bias, not blind chase.",2025-12-31T13:30:00,US Core PCE Price Index MoM,high,390.0,2026-01-03T13:30:00,US Non-Farm Payrolls (NFP),high,3930.0,313.4771,313.4771,62.24,1,ACCUMULATION,1x1,PRICE_LEADS,13.7955,Shatabhisha,3,-1.32364286,-52.929289,-1.32364286,0.0078079004,1079.59,78.369275,202512312000
8c204b6591004aeb,2026-04-05T12:04:08.587873+00:00,XAUUSD,4h,4h,25,historical_first,WAIT,DOWN,2025-12-31T16:00:00,4321.95,4.0,2025-12-31T20:00:00,4318.36,2025-12-31T16:00:00,2026-01-03T20:00:00,4321.95,4243.295792,72.0,-75.064208,-1.738257,physics_projection,315,EXACT,NEUTRAL,False,CONSOLIDATION,False,NEUTRAL,0.007808,YES,NO,NO,NO,SELL_CONTINUATION,NEUTRAL (mixed),WAIT,"Price has reached a cardinal angle near 315deg (current 313.4771deg), and time is in phase with neutral during active window 2025-12-31T16:00:00 to 2026-01-03T20:00:00. Structure has not fully confirmed, and force is still pushing (momentum=NEUTRAL). This is not random movement; this is organized decline. Start price 4321.9500, target zone 4243.2958. Therefore: SELL continuation bias, not blind chase.",2025-12-31T13:30:00,US Core PCE Price Index MoM,high,390.0,2026-01-03T13:30:00,US Non-Farm Payrolls (NFP),high,3930.0,313.4771,313.4771,62.24,1,ACCUMULATION,1x1,PRICE_LEADS,13.7955,Shatabhisha,3,-1.32364286,-52.929289,-1.32364286,0.0078079004,1079.59,78.369275,202512312000
89826738032d4506,2026-04-05T12:05:04.051623+00:00,XAUUSD,1month,4h,25,historical_first,WAIT,DOWN,2025-12-31T16:00:00,4321.95,4.0,2025-12-31T20:00:00,4318.36,2025-12-31T16:00:00,2026-01-03T20:00:00,4321.95,4243.295792,72.0,-75.064208,-1.738257,physics_projection,315,EXACT,NEUTRAL,False,CONSOLIDATION,False,NEUTRAL,0.007808,YES,NO,NO,NO,SELL_CONTINUATION,NEUTRAL (mixed),WAIT,"Price has reached a cardinal angle near 315deg (current 313.4771deg), and time is in phase with neutral during active window 2025-12-31T16:00:00 to 2026-01-03T20:00:00. Structure has not fully confirmed, and force is still pushing (momentum=NEUTRAL). This is not random movement; this is organized decline. Start price 4321.9500, target zone 4243.2958. Therefore: SELL continuation bias, not blind chase.",2025-12-31T13:30:00,US Core PCE Price Index MoM,high,390.0,2026-01-03T13:30:00,US Non-Farm Payrolls (NFP),high,3930.0,313.4771,313.4771,62.24,1,ACCUMULATION,1x1,PRICE_LEADS,13.7955,Shatabhisha,3,-1.32364286,-52.929289,-1.32364286,0.0078079004,1079.59,78.369275,202512312000
01be2054c1d94ea7,2026-04-05T12:05:07.544946+00:00,XAUUSD,1w,4h,25,historical_first,WAIT,DOWN,2025-12-31T16:00:00,4321.95,4.0,2025-12-31T20:00:00,4318.36,2025-12-31T16:00:00,2026-01-03T20:00:00,4321.95,4243.295792,72.0,-75.064208,-1.738257,physics_projection,315,EXACT,NEUTRAL,False,CONSOLIDATION,False,NEUTRAL,0.007808,YES,NO,NO,NO,SELL_CONTINUATION,NEUTRAL (mixed),WAIT,"Price has reached a cardinal angle near 315deg (current 313.4771deg), and time is in phase with neutral during active window 2025-12-31T16:00:00 to 2026-01-03T20:00:00. Structure has not fully confirmed, and force is still pushing (momentum=NEUTRAL). This is not random movement; this is organized decline. Start price 4321.9500, target zone 4243.2958. Therefore: SELL continuation bias, not blind chase.",2025-12-31T13:30:00,US Core PCE Price Index MoM,high,390.0,2026-01-03T13:30:00,US Non-Farm Payrolls (NFP),high,3930.0,313.4771,313.4771,62.24,1,ACCUMULATION,1x1,PRICE_LEADS,13.7955,Shatabhisha,3,-1.32364286,-52.929289,-1.32364286,0.0078079004,1079.59,78.369275,202512312000
0ca46f38c9f04f8c,2026-04-05T12:05:30.413469+00:00,XAUUSD,1h,1h,25,historical_first,WAIT,DOWN,2025-12-31T20:00:00,4319.57,3.0,2025-12-31T23:00:00,4318.36,2025-12-31T20:00:00,2026-01-01T02:45:00,4319.57,4311.682929,3.75,-6.677071,-0.154621,physics_projection,315,EXACT,NEUTRAL,False,CONSOLIDATION,False,NEUTRAL,-0.003806,YES,NO,NO,NO,SELL_CONTINUATION,NEUTRAL (mixed),WAIT,"Price has reached a cardinal angle near 315deg (current 310.2184deg), and time is in phase with neutral during active window 2025-12-31T20:00:00 to 2026-01-01T02:45:00. Structure has not fully confirmed, and motion is decaying (momentum=NEUTRAL). This is not random movement; this is organized decline. Start price 4319.5700, target zone 4311.6829. Therefore: SELL continuation bias, not blind chase.",2025-12-31T13:30:00,US Core PCE Price Index MoM,high,570.0,2026-01-03T13:30:00,US Non-Farm Payrolls (NFP),high,3750.0,310.2184,310.2184,59.68,1,ACCUMULATION,1x1,PRICE_LEADS,10.013,Shatabhisha,2,-1.77341667,-60.582076,-1.77341667,-0.0038056316,1439.45333333,103.40613333,202512312300
aa292d1a8d494f7b,2026-04-05T12:05:31.786435+00:00,XAUUSD,30m,30m,25,historical_first,WAIT,DOWN,2025-12-31T23:30:00,4318.36,0.0,2025-12-31T23:30:00,4318.36,2025-12-31T23:30:00,2026-01-03T23:30:00,4318.36,4189.143125,72.0,-129.216875,-2.992267,physics_projection,315,NEAR,NEUTRAL,False,CONSOLIDATION,False,NEUTRAL,0.022197,YES,NO,NO,NO,SELL_CONTINUATION,NEUTRAL (mixed),WAIT,"Price has reached a cardinal angle near 315deg (current 301.6704deg), and time is in phase with neutral during active window 2025-12-31T23:30:00 to 2026-01-03T23:30:00. Structure has not fully confirmed, and force is still pushing (momentum=NEUTRAL). This is not random movement; this is organized decline. Start price 4318.3600, target zone 4189.1431. Therefore: SELL continuation bias, not blind chase.",2025-12-31T13:30:00,US Core PCE Price Index MoM,high,600.0,2026-01-03T13:30:00,US Non-Farm Payrolls (NFP),high,3720.0,301.6704,301.6704,52.62,1,ACCUMULATION,2x1,PRICE_LEADS,9.447,Dhanishtha,3,-2.59376812,-68.91638,-2.59376812,0.0221969252,4318.36,301.6704,202512312330
292f01f78768460d,2026-04-05T12:05:41.803620+00:00,XAUUSD,15m,5m,25,historical_first,WAIT,DOWN,2025-12-31T23:55:00,4318.36,0.0,2025-12-31T23:55:00,4318.36,2025-12-31T23:55:00,2026-01-02T23:18:55.574698657,4318.36,4254.70757,47.3988,-63.65243,-1.473995,physics_projection,315,NEAR,NEUTRAL,False,CONSOLIDATION,False,NEUTRAL,0.056664,YES,NO,NO,NO,SELL_CONTINUATION,NEUTRAL (mixed),WAIT,"Price has reached a cardinal angle near 315deg (current 307.2054deg), and time is in phase with neutral during active window 2025-12-31T23:55:00 to 2026-01-02T23:18:55.574698657. Structure has not fully confirmed, and force is still pushing (momentum=NEUTRAL). This is not random movement; this is organized decline. Start price 4318.3600, target zone 4254.7076. Therefore: SELL continuation bias, not blind chase.",2025-12-31T13:30:00,US Core PCE Price Index MoM,high,625.0,2026-01-03T13:30:00,US Non-Farm Payrolls (NFP),high,3695.0,307.2054,307.2054,6.99,1,ACCUMULATION,1x1,PRICE_LEADS,5.314,Shatabhisha,1,-2.68582619,-69.578448,-2.68582619,0.0566644693,4318.36,307.2054,202512312355
63b528dad47a4705,2026-04-05T12:06:05.101645+00:00,XAUUSD,5m,5m,25,historical_first,WAIT,DOWN,2025-12-31T23:55:00,4318.36,0.0,2025-12-31T23:55:00,4318.36,2025-12-31T23:55:00,2026-01-02T23:18:55.574698657,4318.36,4254.70757,47.3988,-63.65243,-1.473995,physics_projection,315,NEAR,NEUTRAL,False,CONSOLIDATION,False,NEUTRAL,0.056664,YES,NO,NO,NO,SELL_CONTINUATION,NEUTRAL (mixed),WAIT,"Price has reached a cardinal angle near 315deg (current 307.2054deg), and time is in phase with neutral during active window 2025-12-31T23:55:00 to 2026-01-02T23:18:55.574698657. Structure has not fully confirmed, and force is still pushing (momentum=NEUTRAL). This is not random movement; this is organized decline. Start price 4318.3600, target zone 4254.7076. Therefore: SELL continuation bias, not blind chase.",2025-12-31T13:30:00,US Core PCE Price Index MoM,high,625.0,2026-01-03T13:30:00,US Non-Farm Payrolls (NFP),high,3695.0,307.2054,307.2054,6.99,1,ACCUMULATION,1x1,PRICE_LEADS,5.314,Shatabhisha,1,-2.68582619,-69.578448,-2.68582619,0.0566644693,4318.36,307.2054,202512312355
6e51440edd054a72,2026-04-05T12:06:40.131713+00:00,XAUUSD,1m,5m,25,historical_first,WAIT,DOWN,2025-12-31T23:55:00,4318.36,0.0,2025-12-31T23:55:00,4318.36,2025-12-31T23:55:00,2026-01-02T23:18:55.574698657,4318.36,4254.70757,47.3988,-63.65243,-1.473995,physics_projection,315,NEAR,NEUTRAL,False,CONSOLIDATION,False,NEUTRAL,0.056664,YES,NO,NO,NO,SELL_CONTINUATION,NEUTRAL (mixed),WAIT,"Price has reached a cardinal angle near 315deg (current 307.2054deg), and time is in phase with neutral during active window 2025-12-31T23:55:00 to 2026-01-02T23:18:55.574698657. Structure has not fully confirmed, and force is still pushing (momentum=NEUTRAL). This is not random movement; this is organized decline. Start price 4318.3600, target zone 4254.7076. Therefore: SELL continuation bias, not blind chase.",2025-12-31T13:30:00,US Core PCE Price Index MoM,high,625.0,2026-01-03T13:30:00,US Non-Farm Payrolls (NFP),high,3695.0,307.2054,307.2054,6.99,1,ACCUMULATION,1x1,PRICE_LEADS,5.314,Shatabhisha,1,-2.68582619,-69.578448,-2.68582619,0.0566644693,4318.36,307.2054,202512312355
eceebc74ef8e495b,2026-04-05T12:10:54.966240+00:00,XAUUSD,1d,4h,25,historical_first,WAIT,DOWN,2025-12-31T16:00:00,4321.95,4.0,2025-12-31T20:00:00,4318.36,2025-12-31T16:00:00,2026-01-03T20:00:00,4321.95,4243.295792,72.0,-75.064208,-1.738257,physics_projection,315,EXACT,NEUTRAL,False,CONSOLIDATION,False,NEUTRAL,0.007808,YES,NO,NO,NO,SELL_CONTINUATION,NEUTRAL (mixed),WAIT,"Price has reached a cardinal angle near 315deg (current 313.4771deg), and time is in phase with neutral during active window 2025-12-31T16:00:00 to 2026-01-03T20:00:00. Structure has not fully confirmed, and force is still pushing (momentum=NEUTRAL). This is not random movement; this is organized decline. Start price 4321.9500, target zone 4243.2958. Therefore: SELL continuation bias, not blind chase.",2025-12-31T13:30:00,US Core PCE Price Index MoM,high,390.0,2026-01-03T13:30:00,US Non-Farm Payrolls (NFP),high,3930.0,313.4771,313.4771,62.24,1,ACCUMULATION,1x1,PRICE_LEADS,13.7955,Shatabhisha,3,-1.32364286,-52.929289,-1.32364286,0.0078079004,1079.59,78.369275,202512312000
6aef3b54527442c1,2026-04-05T12:13:33.176089+00:00,XAUUSD,4h,4h,25,historical_first,WAIT,DOWN,2025-12-31T16:00:00,4321.95,4.0,2025-12-31T20:00:00,4318.36,2025-12-31T16:00:00,2026-01-03T20:00:00,4321.95,4243.295792,72.0,-75.064208,-1.738257,physics_projection,315,EXACT,NEUTRAL,False,CONSOLIDATION,False,NEUTRAL,0.007808,YES,NO,NO,NO,SELL_CONTINUATION,NEUTRAL (mixed),WAIT,"Price has reached a cardinal angle near 315deg (current 313.4771deg), and time is in phase with neutral during active window 2025-12-31T16:00:00 to 2026-01-03T20:00:00. Structure has not fully confirmed, and force is still pushing (momentum=NEUTRAL). This is not random movement; this is organized decline. Start price 4321.9500, target zone 4243.2958. Therefore: SELL continuation bias, not blind chase.",2025-12-31T13:30:00,US Core PCE Price Index MoM,high,390.0,2026-01-03T13:30:00,US Non-Farm Payrolls (NFP),high,3930.0,313.4771,313.4771,62.24,1,ACCUMULATION,1x1,PRICE_LEADS,13.7955,Shatabhisha,3,-1.32364286,-52.929289,-1.32364286,0.0078079004,1079.59,78.369275,202512312000
9fbda2b0d8b8436d,2026-04-05T12:15:08.123432+00:00,XAUUSD,30m,30m,25,historical_first,WAIT,DOWN,2025-12-31T23:30:00,4318.36,0.0,2025-12-31T23:30:00,4318.36,2025-12-31T23:30:00,2026-01-03T23:30:00,4318.36,4189.143125,72.0,-129.216875,-2.992267,physics_projection,315,NEAR,NEUTRAL,False,CONSOLIDATION,False,NEUTRAL,0.022197,YES,NO,NO,NO,SELL_CONTINUATION,NEUTRAL (mixed),WAIT,"Price has reached a cardinal angle near 315deg (current 301.6704deg), and time is in phase with neutral during active window 2025-12-31T23:30:00 to 2026-01-03T23:30:00. Structure has not fully confirmed, and force is still pushing (momentum=NEUTRAL). This is not random movement; this is organized decline. Start price 4318.3600, target zone 4189.1431. Therefore: SELL continuation bias, not blind chase.",2025-12-31T13:30:00,US Core PCE Price Index MoM,high,600.0,2026-01-03T13:30:00,US Non-Farm Payrolls (NFP),high,3720.0,301.6704,301.6704,52.62,1,ACCUMULATION,2x1,PRICE_LEADS,9.447,Dhanishtha,3,-2.59376812,-68.91638,-2.59376812,0.0221969252,4318.36,301.6704,202512312330
cf64321c936e49d6,2026-04-05T12:15:13.787093+00:00,XAUUSD,1h,1h,25,historical_first,WAIT,DOWN,2025-12-31T20:00:00,4319.57,3.0,2025-12-31T23:00:00,4318.36,2025-12-31T20:00:00,2026-01-01T02:45:00,4319.57,4311.682929,3.75,-6.677071,-0.154621,physics_projection,315,EXACT,NEUTRAL,False,CONSOLIDATION,False,NEUTRAL,-0.003806,YES,NO,NO,NO,SELL_CONTINUATION,NEUTRAL (mixed),WAIT,"Price has reached a cardinal angle near 315deg (current 310.2184deg), and time is in phase with neutral during active window 2025-12-31T20:00:00 to 2026-01-01T02:45:00. Structure has not fully confirmed, and motion is decaying (momentum=NEUTRAL). This is not random movement; this is organized decline. Start price 4319.5700, target zone 4311.6829. Therefore: SELL continuation bias, not blind chase.",2025-12-31T13:30:00,US Core PCE Price Index MoM,high,570.0,2026-01-03T13:30:00,US Non-Farm Payrolls (NFP),high,3750.0,310.2184,310.2184,59.68,1,ACCUMULATION,1x1,PRICE_LEADS,10.013,Shatabhisha,2,-1.77341667,-60.582076,-1.77341667,-0.0038056316,1439.45333333,103.40613333,202512312300
cc49b9e14b94417e,2026-04-05T12:15:26.114293+00:00,XAUUSD,15m,5m,25,historical_first,WAIT,DOWN,2025-12-31T23:55:00,4318.36,0.0,2025-12-31T23:55:00,4318.36,2025-12-31T23:55:00,2026-01-02T23:18:55.574698657,4318.36,4254.70757,47.3988,-63.65243,-1.473995,physics_projection,315,NEAR,NEUTRAL,False,CONSOLIDATION,False,NEUTRAL,0.056664,YES,NO,NO,NO,SELL_CONTINUATION,NEUTRAL (mixed),WAIT,"Price has reached a cardinal angle near 315deg (current 307.2054deg), and time is in phase with neutral during active window 2025-12-31T23:55:00 to 2026-01-02T23:18:55.574698657. Structure has not fully confirmed, and force is still pushing (momentum=NEUTRAL). This is not random movement; this is organized decline. Start price 4318.3600, target zone 4254.7076. Therefore: SELL continuation bias, not blind chase.",2025-12-31T13:30:00,US Core PCE Price Index MoM,high,625.0,2026-01-03T13:30:00,US Non-Farm Payrolls (NFP),high,3695.0,307.2054,307.2054,6.99,1,ACCUMULATION,1x1,PRICE_LEADS,5.314,Shatabhisha,1,-2.68582619,-69.578448,-2.68582619,0.0566644693,4318.36,307.2054,202512312355
8c901a64fdd04034,2026-04-05T12:15:55.657341+00:00,XAUUSD,1w,4h,25,historical_first,WAIT,DOWN,2025-12-31T16:00:00,4321.95,4.0,2025-12-31T20:00:00,4318.36,2025-12-31T16:00:00,2026-01-03T20:00:00,4321.95,4243.295792,72.0,-75.064208,-1.738257,physics_projection,315,EXACT,NEUTRAL,False,CONSOLIDATION,False,NEUTRAL,0.007808,YES,NO,NO,NO,SELL_CONTINUATION,NEUTRAL (mixed),WAIT,"Price has reached a cardinal angle near 315deg (current 313.4771deg), and time is in phase with neutral during active window 2025-12-31T16:00:00 to 2026-01-03T20:00:00. Structure has not fully confirmed, and force is still pushing (momentum=NEUTRAL). This is not random movement; this is organized decline. Start price 4321.9500, target zone 4243.2958. Therefore: SELL continuation bias, not blind chase.",2025-12-31T13:30:00,US Core PCE Price Index MoM,high,390.0,2026-01-03T13:30:00,US Non-Farm Payrolls (NFP),high,3930.0,313.4771,313.4771,62.24,1,ACCUMULATION,1x1,PRICE_LEADS,13.7955,Shatabhisha,3,-1.32364286,-52.929289,-1.32364286,0.0078079004,1079.59,78.369275,202512312000
2cf64faf5a0748af,2026-04-05T12:15:55.887382+00:00,XAUUSD,1month,4h,25,historical_first,WAIT,DOWN,2025-12-31T16:00:00,4321.95,4.0,2025-12-31T20:00:00,4318.36,2025-12-31T16:00:00,2026-01-03T20:00:00,4321.95,4243.295792,72.0,-75.064208,-1.738257,physics_projection,315,EXACT,NEUTRAL,False,CONSOLIDATION,False,NEUTRAL,0.007808,YES,NO,NO,NO,SELL_CONTINUATION,NEUTRAL (mixed),WAIT,"Price has reached a cardinal angle near 315deg (current 313.4771deg), and time is in phase with neutral during active window 2025-12-31T16:00:00 to 2026-01-03T20:00:00. Structure has not fully confirmed, and force is still pushing (momentum=NEUTRAL). This is not random movement; this is organized decline. Start price 4321.9500, target zone 4243.2958. Therefore: SELL continuation bias, not blind chase.",2025-12-31T13:30:00,US Core PCE Price Index MoM,high,390.0,2026-01-03T13:30:00,US Non-Farm Payrolls (NFP),high,3930.0,313.4771,313.4771,62.24,1,ACCUMULATION,1x1,PRICE_LEADS,13.7955,Shatabhisha,3,-1.32364286,-52.929289,-1.32364286,0.0078079004,1079.59,78.369275,202512312000
8654e0284e194d2e,2026-04-05T12:16:36.884518+00:00,XAUUSD,5m,5m,25,historical_first,WAIT,DOWN,2025-12-31T23:55:00,4318.36,0.0,2025-12-31T23:55:00,4318.36,2025-12-31T23:55:00,2026-01-02T23:18:55.574698657,4318.36,4254.70757,47.3988,-63.65243,-1.473995,physics_projection,315,NEAR,NEUTRAL,False,CONSOLIDATION,False,NEUTRAL,0.056664,YES,NO,NO,NO,SELL_CONTINUATION,NEUTRAL (mixed),WAIT,"Price has reached a cardinal angle near 315deg (current 307.2054deg), and time is in phase with neutral during active window 2025-12-31T23:55:00 to 2026-01-02T23:18:55.574698657. Structure has not fully confirmed, and force is still pushing (momentum=NEUTRAL). This is not random movement; this is organized decline. Start price 4318.3600, target zone 4254.7076. Therefore: SELL continuation bias, not blind chase.",2025-12-31T13:30:00,US Core PCE Price Index MoM,high,625.0,2026-01-03T13:30:00,US Non-Farm Payrolls (NFP),high,3695.0,307.2054,307.2054,6.99,1,ACCUMULATION,1x1,PRICE_LEADS,5.314,Shatabhisha,1,-2.68582619,-69.578448,-2.68582619,0.0566644693,4318.36,307.2054,202512312355
97174337b2874220,2026-04-05T12:17:10.497322+00:00,XAUUSD,1m,5m,25,historical_first,WAIT,DOWN,2025-12-31T23:55:00,4318.36,0.0,2025-12-31T23:55:00,4318.36,2025-12-31T23:55:00,2026-01-02T23:18:55.574698657,4318.36,4254.70757,47.3988,-63.65243,-1.473995,physics_projection,315,NEAR,NEUTRAL,False,CONSOLIDATION,False,NEUTRAL,0.056664,YES,NO,NO,NO,SELL_CONTINUATION,NEUTRAL (mixed),WAIT,"Price has reached a cardinal angle near 315deg (current 307.2054deg), and time is in phase with neutral during active window 2025-12-31T23:55:00 to 2026-01-02T23:18:55.574698657. Structure has not fully confirmed, and force is still pushing (momentum=NEUTRAL). This is not random movement; this is organized decline. Start price 4318.3600, target zone 4254.7076. Therefore: SELL continuation bias, not blind chase.",2025-12-31T13:30:00,US Core PCE Price Index MoM,high,625.0,2026-01-03T13:30:00,US Non-Farm Payrolls (NFP),high,3695.0,307.2054,307.2054,6.99,1,ACCUMULATION,1x1,PRICE_LEADS,5.314,Shatabhisha,1,-2.68582619,-69.578448,-2.68582619,0.0566644693,4318.36,307.2054,202512312355
881a551ab8314696,2026-04-05T12:21:01.624488+00:00,XAUUSD,1d,4h,25,historical_first,WAIT,DOWN,2025-12-31T16:00:00,4321.95,4.0,2025-12-31T20:00:00,4318.36,2025-12-31T16:00:00,2026-01-03T20:00:00,4321.95,4243.295792,72.0,-75.064208,-1.738257,physics_projection,315,EXACT,NEUTRAL,False,CONSOLIDATION,False,NEUTRAL,0.007808,YES,NO,NO,NO,SELL_CONTINUATION,NEUTRAL (mixed),WAIT,"Price has reached a cardinal angle near 315deg (current 313.4771deg), and time is in phase with neutral during active window 2025-12-31T16:00:00 to 2026-01-03T20:00:00. Structure has not fully confirmed, and force is still pushing (momentum=NEUTRAL). This is not random movement; this is organized decline. Start price 4321.9500, target zone 4243.2958. Therefore: SELL continuation bias, not blind chase.",2025-12-31T13:30:00,US Core PCE Price Index MoM,high,390.0,2026-01-03T13:30:00,US Non-Farm Payrolls (NFP),high,3930.0,313.4771,313.4771,62.24,1,ACCUMULATION,1x1,PRICE_LEADS,13.7955,Shatabhisha,3,-1.32364286,-52.929289,-1.32364286,0.0078079004,1079.59,78.369275,202512312000
7b839d2353414499,2026-04-05T12:25:21.176281+00:00,XAUUSD,1w,4h,25,historical_first,WAIT,DOWN,2025-12-31T16:00:00,4321.95,4.0,2025-12-31T20:00:00,4318.36,2025-12-31T16:00:00,2026-01-03T20:00:00,4321.95,4243.295792,72.0,-75.064208,-1.738257,physics_projection,315,EXACT,NEUTRAL,False,CONSOLIDATION,False,NEUTRAL,0.007808,YES,NO,NO,NO,SELL_CONTINUATION,NEUTRAL (mixed),WAIT,"Price has reached a cardinal angle near 315deg (current 313.4771deg), and time is in phase with neutral during active window 2025-12-31T16:00:00 to 2026-01-03T20:00:00. Structure has not fully confirmed, and force is still pushing (momentum=NEUTRAL). This is not random movement; this is organized decline. Start price 4321.9500, target zone 4243.2958. Therefore: SELL continuation bias, not blind chase.",2025-12-31T13:30:00,US Core PCE Price Index MoM,high,390.0,2026-01-03T13:30:00,US Non-Farm Payrolls (NFP),high,3930.0,313.4771,313.4771,62.24,1,ACCUMULATION,1x1,PRICE_LEADS,13.7955,Shatabhisha,3,-1.32364286,-52.929289,-1.32364286,0.0078079004,1079.59,78.369275,202512312000
afa9770965694b55,2026-04-05T12:25:22.540962+00:00,XAUUSD,1month,4h,25,historical_first,WAIT,DOWN,2025-12-31T16:00:00,4321.95,4.0,2025-12-31T20:00:00,4318.36,2025-12-31T16:00:00,2026-01-03T20:00:00,4321.95,4243.295792,72.0,-75.064208,-1.738257,physics_projection,315,EXACT,NEUTRAL,False,CONSOLIDATION,False,NEUTRAL,0.007808,YES,NO,NO,NO,SELL_CONTINUATION,NEUTRAL (mixed),WAIT,"Price has reached a cardinal angle near 315deg (current 313.4771deg), and time is in phase with neutral during active window 2025-12-31T16:00:00 to 2026-01-03T20:00:00. Structure has not fully confirmed, and force is still pushing (momentum=NEUTRAL). This is not random movement; this is organized decline. Start price 4321.9500, target zone 4243.2958. Therefore: SELL continuation bias, not blind chase.",2025-12-31T13:30:00,US Core PCE Price Index MoM,high,390.0,2026-01-03T13:30:00,US Non-Farm Payrolls (NFP),high,3930.0,313.4771,313.4771,62.24,1,ACCUMULATION,1x1,PRICE_LEADS,13.7955,Shatabhisha,3,-1.32364286,-52.929289,-1.32364286,0.0078079004,1079.59,78.369275,202512312000
4462c3b775ee48a4,2026-04-05T12:25:22.787470+00:00,XAUUSD,4h,4h,25,historical_first,WAIT,DOWN,2025-12-31T16:00:00,4321.95,4.0,2025-12-31T20:00:00,4318.36,2025-12-31T16:00:00,2026-01-03T20:00:00,4321.95,4243.295792,72.0,-75.064208,-1.738257,physics_projection,315,EXACT,NEUTRAL,False,CONSOLIDATION,False,NEUTRAL,0.007808,YES,NO,NO,NO,SELL_CONTINUATION,NEUTRAL (mixed),WAIT,"Price has reached a cardinal angle near 315deg (current 313.4771deg), and time is in phase with neutral during active window 2025-12-31T16:00:00 to 2026-01-03T20:00:00. Structure has not fully confirmed, and force is still pushing (momentum=NEUTRAL). This is not random movement; this is organized decline. Start price 4321.9500, target zone 4243.2958. Therefore: SELL continuation bias, not blind chase.",2025-12-31T13:30:00,US Core PCE Price Index MoM,high,390.0,2026-01-03T13:30:00,US Non-Farm Payrolls (NFP),high,3930.0,313.4771,313.4771,62.24,1,ACCUMULATION,1x1,PRICE_LEADS,13.7955,Shatabhisha,3,-1.32364286,-52.929289,-1.32364286,0.0078079004,1079.59,78.369275,202512312000
2c6a5210d40d465c,2026-04-05T12:26:26.592768+00:00,XAUUSD,1h,1h,25,historical_first,WAIT,DOWN,2025-12-31T20:00:00,4319.57,3.0,2025-12-31T23:00:00,4318.36,2025-12-31T20:00:00,2026-01-01T02:45:00,4319.57,4311.682929,3.75,-6.677071,-0.154621,physics_projection,315,EXACT,NEUTRAL,False,CONSOLIDATION,False,NEUTRAL,-0.003806,YES,NO,NO,NO,SELL_CONTINUATION,NEUTRAL (mixed),WAIT,"Price has reached a cardinal angle near 315deg (current 310.2184deg), and time is in phase with neutral during active window 2025-12-31T20:00:00 to 2026-01-01T02:45:00. Structure has not fully confirmed, and motion is decaying (momentum=NEUTRAL). This is not random movement; this is organized decline. Start price 4319.5700, target zone 4311.6829. Therefore: SELL continuation bias, not blind chase.",2025-12-31T13:30:00,US Core PCE Price Index MoM,high,570.0,2026-01-03T13:30:00,US Non-Farm Payrolls (NFP),high,3750.0,310.2184,310.2184,59.68,1,ACCUMULATION,1x1,PRICE_LEADS,10.013,Shatabhisha,2,-1.77341667,-60.582076,-1.77341667,-0.0038056316,1439.45333333,103.40613333,202512312300
ff59bc791b754aa0,2026-04-05T12:26:30.063655+00:00,XAUUSD,30m,30m,25,historical_first,WAIT,DOWN,2025-12-31T23:30:00,4318.36,0.0,2025-12-31T23:30:00,4318.36,2025-12-31T23:30:00,2026-01-03T23:30:00,4318.36,4189.143125,72.0,-129.216875,-2.992267,physics_projection,315,NEAR,NEUTRAL,False,CONSOLIDATION,False,NEUTRAL,0.022197,YES,NO,NO,NO,SELL_CONTINUATION,NEUTRAL (mixed),WAIT,"Price has reached a cardinal angle near 315deg (current 301.6704deg), and time is in phase with neutral during active window 2025-12-31T23:30:00 to 2026-01-03T23:30:00. Structure has not fully confirmed, and force is still pushing (momentum=NEUTRAL). This is not random movement; this is organized decline. Start price 4318.3600, target zone 4189.1431. Therefore: SELL continuation bias, not blind chase.",2025-12-31T13:30:00,US Core PCE Price Index MoM,high,600.0,2026-01-03T13:30:00,US Non-Farm Payrolls (NFP),high,3720.0,301.6704,301.6704,52.62,1,ACCUMULATION,2x1,PRICE_LEADS,9.447,Dhanishtha,3,-2.59376812,-68.91638,-2.59376812,0.0221969252,4318.36,301.6704,202512312330
5eb84d9d79a54881,2026-04-05T12:26:33.621369+00:00,XAUUSD,15m,5m,25,historical_first,WAIT,DOWN,2025-12-31T23:55:00,4318.36,0.0,2025-12-31T23:55:00,4318.36,2025-12-31T23:55:00,2026-01-02T23:18:55.574698657,4318.36,4254.70757,47.3988,-63.65243,-1.473995,physics_projection,315,NEAR,NEUTRAL,False,CONSOLIDATION,False,NEUTRAL,0.056664,YES,NO,NO,NO,SELL_CONTINUATION,NEUTRAL (mixed),WAIT,"Price has reached a cardinal angle near 315deg (current 307.2054deg), and time is in phase with neutral during active window 2025-12-31T23:55:00 to 2026-01-02T23:18:55.574698657. Structure has not fully confirmed, and force is still pushing (momentum=NEUTRAL). This is not random movement; this is organized decline. Start price 4318.3600, target zone 4254.7076. Therefore: SELL continuation bias, not blind chase.",2025-12-31T13:30:00,US Core PCE Price Index MoM,high,625.0,2026-01-03T13:30:00,US Non-Farm Payrolls (NFP),high,3695.0,307.2054,307.2054,6.99,1,ACCUMULATION,1x1,PRICE_LEADS,5.314,Shatabhisha,1,-2.68582619,-69.578448,-2.68582619,0.0566644693,4318.36,307.2054,202512312355
d8930901c9a94423,2026-04-05T12:26:35.955533+00:00,XAUUSD,5m,5m,25,historical_first,WAIT,DOWN,2025-12-31T23:55:00,4318.36,0.0,2025-12-31T23:55:00,4318.36,2025-12-31T23:55:00,2026-01-02T23:18:55.574698657,4318.36,4254.70757,47.3988,-63.65243,-1.473995,physics_projection,315,NEAR,NEUTRAL,False,CONSOLIDATION,False,NEUTRAL,0.056664,YES,NO,NO,NO,SELL_CONTINUATION,NEUTRAL (mixed),WAIT,"Price has reached a cardinal angle near 315deg (current 307.2054deg), and time is in phase with neutral during active window 2025-12-31T23:55:00 to 2026-01-02T23:18:55.574698657. Structure has not fully confirmed, and force is still pushing (momentum=NEUTRAL). This is not random movement; this is organized decline. Start price 4318.3600, target zone 4254.7076. Therefore: SELL continuation bias, not blind chase.",2025-12-31T13:30:00,US Core PCE Price Index MoM,high,625.0,2026-01-03T13:30:00,US Non-Farm Payrolls (NFP),high,3695.0,307.2054,307.2054,6.99,1,ACCUMULATION,1x1,PRICE_LEADS,5.314,Shatabhisha,1,-2.68582619,-69.578448,-2.68582619,0.0566644693,4318.36,307.2054,202512312355
858081d7bce04d08,2026-04-05T12:27:13.143485+00:00,XAUUSD,1m,5m,25,historical_first,WAIT,DOWN,2025-12-31T23:55:00,4318.36,0.0,2025-12-31T23:55:00,4318.36,2025-12-31T23:55:00,2026-01-02T23:18:55.574698657,4318.36,4254.70757,47.3988,-63.65243,-1.473995,physics_projection,315,NEAR,NEUTRAL,False,CONSOLIDATION,False,NEUTRAL,0.056664,YES,NO,NO,NO,SELL_CONTINUATION,NEUTRAL (mixed),WAIT,"Price has reached a cardinal angle near 315deg (current 307.2054deg), and time is in phase with neutral during active window 2025-12-31T23:55:00 to 2026-01-02T23:18:55.574698657. Structure has not fully confirmed, and force is still pushing (momentum=NEUTRAL). This is not random movement; this is organized decline. Start price 4318.3600, target zone 4254.7076. Therefore: SELL continuation bias, not blind chase.",2025-12-31T13:30:00,US Core PCE Price Index MoM,high,625.0,2026-01-03T13:30:00,US Non-Farm Payrolls (NFP),high,3695.0,307.2054,307.2054,6.99,1,ACCUMULATION,1x1,PRICE_LEADS,5.314,Shatabhisha,1,-2.68582619,-69.578448,-2.68582619,0.0566644693,4318.36,307.2054,202512312355
888b0e305419413a,2026-04-05T12:42:00.635568+00:00,XAUUSD,1d,4h,25,historical_first,WAIT,DOWN,2025-12-31T16:00:00,4321.95,4.0,2025-12-31T20:00:00,4318.36,2025-12-31T16:00:00,2026-01-03T20:00:00,4321.95,4243.295792,72.0,-75.064208,-1.738257,physics_projection,315,EXACT,NEUTRAL,False,CONSOLIDATION,False,NEUTRAL,0.007808,YES,NO,NO,NO,SELL_CONTINUATION,NEUTRAL (mixed),WAIT,"Price has reached a cardinal angle near 315deg (current 313.4771deg), and time is in phase with neutral during active window 2025-12-31T16:00:00 to 2026-01-03T20:00:00. Structure has not fully confirmed, and force is still pushing (momentum=NEUTRAL). This is not random movement; this is organized decline. Start price 4321.9500, target zone 4243.2958. Therefore: SELL continuation bias, not blind chase.",2025-12-31T13:30:00,US Core PCE Price Index MoM,high,390.0,2026-01-03T13:30:00,US Non-Farm Payrolls (NFP),high,3930.0,313.4771,313.4771,62.24,1,ACCUMULATION,1x1,PRICE_LEADS,13.7955,Shatabhisha,3,-1.32364286,-52.929289,-1.32364286,0.0078079004,1079.59,78.369275,202512312000
1a166c658de547dc,2026-04-05T12:43:19.754829+00:00,XAUUSD,4h,4h,25,historical_first,WAIT,DOWN,2025-12-31T16:00:00,4321.95,4.0,2025-12-31T20:00:00,4318.36,2025-12-31T16:00:00,2026-01-03T20:00:00,4321.95,4243.295792,72.0,-75.064208,-1.738257,physics_projection,315,EXACT,NEUTRAL,False,CONSOLIDATION,False,NEUTRAL,0.007808,YES,NO,NO,NO,SELL_CONTINUATION,NEUTRAL (mixed),WAIT,"Price has reached a cardinal angle near 315deg (current 313.4771deg), and time is in phase with neutral during active window 2025-12-31T16:00:00 to 2026-01-03T20:00:00. Structure has not fully confirmed, and force is still pushing (momentum=NEUTRAL). This is not random movement; this is organized decline. Start price 4321.9500, target zone 4243.2958. Therefore: SELL continuation bias, not blind chase.",2025-12-31T13:30:00,US Core PCE Price Index MoM,high,390.0,2026-01-03T13:30:00,US Non-Farm Payrolls (NFP),high,3930.0,313.4771,313.4771,62.24,1,ACCUMULATION,1x1,PRICE_LEADS,13.7955,Shatabhisha,3,-1.32364286,-52.929289,-1.32364286,0.0078079004,1079.59,78.369275,202512312000
730efbe0e4d3464b,2026-04-05T12:45:11.566401+00:00,XAUUSD,1h,1h,25,historical_first,WAIT,DOWN,2025-12-31T20:00:00,4319.57,3.0,2025-12-31T23:00:00,4318.36,2025-12-31T20:00:00,2026-01-01T02:45:00,4319.57,4311.682929,3.75,-6.677071,-0.154621,physics_projection,315,EXACT,NEUTRAL,False,CONSOLIDATION,False,NEUTRAL,-0.003806,YES,NO,NO,NO,SELL_CONTINUATION,NEUTRAL (mixed),WAIT,"Price has reached a cardinal angle near 315deg (current 310.2184deg), and time is in phase with neutral during active window 2025-12-31T20:00:00 to 2026-01-01T02:45:00. Structure has not fully confirmed, and motion is decaying (momentum=NEUTRAL). This is not random movement; this is organized decline. Start price 4319.5700, target zone 4311.6829. Therefore: SELL continuation bias, not blind chase.",2025-12-31T13:30:00,US Core PCE Price Index MoM,high,570.0,2026-01-03T13:30:00,US Non-Farm Payrolls (NFP),high,3750.0,310.2184,310.2184,59.68,1,ACCUMULATION,1x1,PRICE_LEADS,10.013,Shatabhisha,2,-1.77341667,-60.582076,-1.77341667,-0.0038056316,1439.45333333,103.40613333,202512312300
c0d83f40bb8742e0,2026-04-05T12:46:49.852057+00:00,XAUUSD,15m,5m,25,historical_first,WAIT,DOWN,2025-12-31T23:55:00,4318.36,0.0,2025-12-31T23:55:00,4318.36,2025-12-31T23:55:00,2026-01-02T23:18:55.574698657,4318.36,4254.70757,47.3988,-63.65243,-1.473995,physics_projection,315,NEAR,NEUTRAL,False,CONSOLIDATION,False,NEUTRAL,0.056664,YES,NO,NO,NO,SELL_CONTINUATION,NEUTRAL (mixed),WAIT,"Price has reached a cardinal angle near 315deg (current 307.2054deg), and time is in phase with neutral during active window 2025-12-31T23:55:00 to 2026-01-02T23:18:55.574698657. Structure has not fully confirmed, and force is still pushing (momentum=NEUTRAL). This is not random movement; this is organized decline. Start price 4318.3600, target zone 4254.7076. Therefore: SELL continuation bias, not blind chase.",2025-12-31T13:30:00,US Core PCE Price Index MoM,high,625.0,2026-01-03T13:30:00,US Non-Farm Payrolls (NFP),high,3695.0,307.2054,307.2054,6.99,1,ACCUMULATION,1x1,PRICE_LEADS,5.314,Shatabhisha,1,-2.68582619,-69.578448,-2.68582619,0.0566644693,4318.36,307.2054,202512312355
f5fdba141fde4496,2026-04-05T12:59:35.247691+00:00,XAUUSD,1h,1h,25,historical_first,WAIT,DOWN,2025-12-31T20:00:00,4319.57,3.0,2025-12-31T23:00:00,4318.36,2025-12-31T20:00:00,2026-01-01T02:45:00,4319.57,4311.682929,3.75,-6.677071,-0.154621,physics_projection,315,EXACT,NEUTRAL,False,CONSOLIDATION,False,NEUTRAL,-0.003806,YES,NO,NO,NO,SELL_CONTINUATION,NEUTRAL (mixed),WAIT,"Price has reached a cardinal angle near 315deg (current 310.2184deg), and time is in phase with neutral during active window 2025-12-31T20:00:00 to 2026-01-01T02:45:00. Structure has not fully confirmed, and motion is decaying (momentum=NEUTRAL). This is not random movement; this is organized decline. Start price 4319.5700, target zone 4311.6829. Therefore: SELL continuation bias, not blind chase.",2025-12-31T13:30:00,US Core PCE Price Index MoM,high,570.0,2026-01-03T13:30:00,US Non-Farm Payrolls (NFP),high,3750.0,310.2184,310.2184,59.68,1,ACCUMULATION,1x1,PRICE_LEADS,10.013,Shatabhisha,2,-1.77341667,-60.582076,-1.77341667,-0.0038056316,1439.45333333,103.40613333,202512312300
904e7bafb4fe4a49,2026-04-05T13:01:16.521546+00:00,XAUUSD,15m,5m,25,historical_first,WAIT,DOWN,2025-12-31T23:55:00,4318.36,0.0,2025-12-31T23:55:00,4318.36,2025-12-31T23:55:00,2026-01-02T23:18:55.574698657,4318.36,4254.70757,47.3988,-63.65243,-1.473995,physics_projection,315,NEAR,NEUTRAL,False,CONSOLIDATION,False,NEUTRAL,0.056664,YES,NO,NO,NO,SELL_CONTINUATION,NEUTRAL (mixed),WAIT,"Price has reached a cardinal angle near 315deg (current 307.2054deg), and time is in phase with neutral during active window 2025-12-31T23:55:00 to 2026-01-02T23:18:55.574698657. Structure has not fully confirmed, and force is still pushing (momentum=NEUTRAL). This is not random movement; this is organized decline. Start price 4318.3600, target zone 4254.7076. Therefore: SELL continuation bias, not blind chase.",2025-12-31T13:30:00,US Core PCE Price Index MoM,high,625.0,2026-01-03T13:30:00,US Non-Farm Payrolls (NFP),high,3695.0,307.2054,307.2054,6.99,1,ACCUMULATION,1x1,PRICE_LEADS,5.314,Shatabhisha,1,-2.68582619,-69.578448,-2.68582619,0.0566644693,4318.36,307.2054,202512312355
26bc6b75f5ad457e,2026-04-05T13:03:28.745573+00:00,XAUUSD,1d,4h,25,historical_first,WAIT,DOWN,2025-12-31T16:00:00,4321.95,4.0,2025-12-31T20:00:00,4318.36,2025-12-31T16:00:00,2026-01-03T20:00:00,4321.95,4243.295792,72.0,-75.064208,-1.738257,physics_projection,315,EXACT,NEUTRAL,False,CONSOLIDATION,False,NEUTRAL,0.007808,YES,NO,NO,NO,SELL_CONTINUATION,NEUTRAL (mixed),WAIT,"Price has reached a cardinal angle near 315deg (current 313.4771deg), and time is in phase with neutral during active window 2025-12-31T16:00:00 to 2026-01-03T20:00:00. Structure has not fully confirmed, and force is still pushing (momentum=NEUTRAL). This is not random movement; this is organized decline. Start price 4321.9500, target zone 4243.2958. Therefore: SELL continuation bias, not blind chase.",2025-12-31T13:30:00,US Core PCE Price Index MoM,high,390.0,2026-01-03T13:30:00,US Non-Farm Payrolls (NFP),high,3930.0,313.4771,313.4771,62.24,1,ACCUMULATION,1x1,PRICE_LEADS,13.7955,Shatabhisha,3,-1.32364286,-52.929289,-1.32364286,0.0078079004,1079.59,78.369275,202512312000
9e1b1c72cb6941f9,2026-04-05T13:10:12.289601+00:00,XAUUSD,1d,4h,25,historical_first,WAIT,DOWN,2025-12-31T16:00:00,4321.95,4.0,2025-12-31T20:00:00,4318.36,2025-12-31T16:00:00,2026-01-03T20:00:00,4321.95,4243.295792,72.0,-75.064208,-1.738257,physics_projection,315,EXACT,NEUTRAL,False,CONSOLIDATION,False,NEUTRAL,0.007808,YES,NO,NO,NO,SELL_CONTINUATION,NEUTRAL (mixed),WAIT,"Price has reached a cardinal angle near 315deg (current 313.4771deg), and time is in phase with neutral during active window 2025-12-31T16:00:00 to 2026-01-03T20:00:00. Structure has not fully confirmed, and force is still pushing (momentum=NEUTRAL). This is not random movement; this is organized decline. Start price 4321.9500, target zone 4243.2958. Therefore: SELL continuation bias, not blind chase.",2025-12-31T13:30:00,US Core PCE Price Index MoM,high,390.0,2026-01-03T13:30:00,US Non-Farm Payrolls (NFP),high,3930.0,313.4771,313.4771,62.24,1,ACCUMULATION,1x1,PRICE_LEADS,13.7955,Shatabhisha,3,-1.32364286,-52.929289,-1.32364286,0.0078079004,1079.59,78.369275,202512312000
28d06739afe54673,2026-04-05T15:25:00.384318+00:00,XAUUSD,1d,4h,25,historical_first,WAIT,DOWN,2025-12-31T16:00:00,4321.95,4.0,2025-12-31T20:00:00,4318.36,2025-12-31T16:00:00,2026-01-03T20:00:00,4321.95,4243.295792,72.0,-75.064208,-1.738257,physics_projection,315,EXACT,NEUTRAL,False,CONSOLIDATION,False,NEUTRAL,0.007808,YES,NO,NO,NO,SELL_CONTINUATION,NEUTRAL (mixed),WAIT,"Price has reached a cardinal angle near 315deg (current 313.4771deg), and time is in phase with neutral during active window 2025-12-31T16:00:00 to 2026-01-03T20:00:00. Structure has not fully confirmed, and force is still pushing (momentum=NEUTRAL). This is not random movement; this is organized decline. Start price 4321.9500, target zone 4243.2958. Therefore: SELL continuation bias, not blind chase.",2025-12-31T13:30:00,US Core PCE Price Index MoM,high,390.0,2026-01-03T13:30:00,US Non-Farm Payrolls (NFP),high,3930.0,313.4771,313.4771,62.24,1,ACCUMULATION,1x1,PRICE_LEADS,13.7955,Shatabhisha,3,-1.32364286,-52.929289,-1.32364286,0.0078079004,1079.59,78.369275,202512312000
c3c924f8654e4de4,2026-04-05T15:29:32.708803+00:00,XAUUSD,4h,4h,25,historical_first,WAIT,DOWN,2025-12-31T16:00:00,4321.95,4.0,2025-12-31T20:00:00,4318.36,2025-12-31T16:00:00,2026-01-03T20:00:00,4321.95,4243.295792,72.0,-75.064208,-1.738257,physics_projection,315,EXACT,NEUTRAL,False,CONSOLIDATION,False,NEUTRAL,0.007808,YES,NO,NO,NO,SELL_CONTINUATION,NEUTRAL (mixed),WAIT,"Price has reached a cardinal angle near 315deg (current 313.4771deg), and time is in phase with neutral during active window 2025-12-31T16:00:00 to 2026-01-03T20:00:00. Structure has not fully confirmed, and force is still pushing (momentum=NEUTRAL). This is not random movement; this is organized decline. Start price 4321.9500, target zone 4243.2958. Therefore: SELL continuation bias, not blind chase.",2025-12-31T13:30:00,US Core PCE Price Index MoM,high,390.0,2026-01-03T13:30:00,US Non-Farm Payrolls (NFP),high,3930.0,313.4771,313.4771,62.24,1,ACCUMULATION,1x1,PRICE_LEADS,13.7955,Shatabhisha,3,-1.32364286,-52.929289,-1.32364286,0.0078079004,1079.59,78.369275,202512312000
e9d3401b3f1b42ad,2026-04-05T15:29:33.375497+00:00,XAUUSD,1month,4h,25,historical_first,WAIT,DOWN,2025-12-31T16:00:00,4321.95,4.0,2025-12-31T20:00:00,4318.36,2025-12-31T16:00:00,2026-01-03T20:00:00,4321.95,4243.295792,72.0,-75.064208,-1.738257,physics_projection,315,EXACT,NEUTRAL,False,CONSOLIDATION,False,NEUTRAL,0.007808,YES,NO,NO,NO,SELL_CONTINUATION,NEUTRAL (mixed),WAIT,"Price has reached a cardinal angle near 315deg (current 313.4771deg), and time is in phase with neutral during active window 2025-12-31T16:00:00 to 2026-01-03T20:00:00. Structure has not fully confirmed, and force is still pushing (momentum=NEUTRAL). This is not random movement; this is organized decline. Start price 4321.9500, target zone 4243.2958. Therefore: SELL continuation bias, not blind chase.",2025-12-31T13:30:00,US Core PCE Price Index MoM,high,390.0,2026-01-03T13:30:00,US Non-Farm Payrolls (NFP),high,3930.0,313.4771,313.4771,62.24,1,ACCUMULATION,1x1,PRICE_LEADS,13.7955,Shatabhisha,3,-1.32364286,-52.929289,-1.32364286,0.0078079004,1079.59,78.369275,202512312000
7fe654ad31f9461f,2026-04-05T15:29:36.535863+00:00,XAUUSD,1w,4h,25,historical_first,WAIT,DOWN,2025-12-31T16:00:00,4321.95,4.0,2025-12-31T20:00:00,4318.36,2025-12-31T16:00:00,2026-01-03T20:00:00,4321.95,4243.295792,72.0,-75.064208,-1.738257,physics_projection,315,EXACT,NEUTRAL,False,CONSOLIDATION,False,NEUTRAL,0.007808,YES,NO,NO,NO,SELL_CONTINUATION,NEUTRAL (mixed),WAIT,"Price has reached a cardinal angle near 315deg (current 313.4771deg), and time is in phase with neutral during active window 2025-12-31T16:00:00 to 2026-01-03T20:00:00. Structure has not fully confirmed, and force is still pushing (momentum=NEUTRAL). This is not random movement; this is organized decline. Start price 4321.9500, target zone 4243.2958. Therefore: SELL continuation bias, not blind chase.",2025-12-31T13:30:00,US Core PCE Price Index MoM,high,390.0,2026-01-03T13:30:00,US Non-Farm Payrolls (NFP),high,3930.0,313.4771,313.4771,62.24,1,ACCUMULATION,1x1,PRICE_LEADS,13.7955,Shatabhisha,3,-1.32364286,-52.929289,-1.32364286,0.0078079004,1079.59,78.369275,202512312000
5fd390d5d5b64dcb,2026-04-05T15:30:43.331787+00:00,XAUUSD,1h,1h,25,historical_first,WAIT,DOWN,2025-12-31T20:00:00,4319.57,3.0,2025-12-31T23:00:00,4318.36,2025-12-31T20:00:00,2026-01-01T02:45:00,4319.57,4311.682929,3.75,-6.677071,-0.154621,physics_projection,315,EXACT,NEUTRAL,False,CONSOLIDATION,False,NEUTRAL,-0.003806,YES,NO,NO,NO,SELL_CONTINUATION,NEUTRAL (mixed),WAIT,"Price has reached a cardinal angle near 315deg (current 310.2184deg), and time is in phase with neutral during active window 2025-12-31T20:00:00 to 2026-01-01T02:45:00. Structure has not fully confirmed, and motion is decaying (momentum=NEUTRAL). This is not random movement; this is organized decline. Start price 4319.5700, target zone 4311.6829. Therefore: SELL continuation bias, not blind chase.",2025-12-31T13:30:00,US Core PCE Price Index MoM,high,570.0,2026-01-03T13:30:00,US Non-Farm Payrolls (NFP),high,3750.0,310.2184,310.2184,59.68,1,ACCUMULATION,1x1,PRICE_LEADS,10.013,Shatabhisha,2,-1.77341667,-60.582076,-1.77341667,-0.0038056316,1439.45333333,103.40613333,202512312300
8539cb73aaa54f4c,2026-04-05T15:30:44.924127+00:00,XAUUSD,30m,30m,25,historical_first,WAIT,DOWN,2025-12-31T23:30:00,4318.36,0.0,2025-12-31T23:30:00,4318.36,2025-12-31T23:30:00,2026-01-03T23:30:00,4318.36,4189.143125,72.0,-129.216875,-2.992267,physics_projection,315,NEAR,NEUTRAL,False,CONSOLIDATION,False,NEUTRAL,0.022197,YES,NO,NO,NO,SELL_CONTINUATION,NEUTRAL (mixed),WAIT,"Price has reached a cardinal angle near 315deg (current 301.6704deg), and time is in phase with neutral during active window 2025-12-31T23:30:00 to 2026-01-03T23:30:00. Structure has not fully confirmed, and force is still pushing (momentum=NEUTRAL). This is not random movement; this is organized decline. Start price 4318.3600, target zone 4189.1431. Therefore: SELL continuation bias, not blind chase.",2025-12-31T13:30:00,US Core PCE Price Index MoM,high,600.0,2026-01-03T13:30:00,US Non-Farm Payrolls (NFP),high,3720.0,301.6704,301.6704,52.62,1,ACCUMULATION,2x1,PRICE_LEADS,9.447,Dhanishtha,3,-2.59376812,-68.91638,-2.59376812,0.0221969252,4318.36,301.6704,202512312330
a7f66099d202445b,2026-04-05T15:30:54.658201+00:00,XAUUSD,15m,5m,25,historical_first,WAIT,DOWN,2025-12-31T23:55:00,4318.36,0.0,2025-12-31T23:55:00,4318.36,2025-12-31T23:55:00,2026-01-02T23:18:55.574698657,4318.36,4254.70757,47.3988,-63.65243,-1.473995,physics_projection,315,NEAR,NEUTRAL,False,CONSOLIDATION,False,NEUTRAL,0.056664,YES,NO,NO,NO,SELL_CONTINUATION,NEUTRAL (mixed),WAIT,"Price has reached a cardinal angle near 315deg (current 307.2054deg), and time is in phase with neutral during active window 2025-12-31T23:55:00 to 2026-01-02T23:18:55.574698657. Structure has not fully confirmed, and force is still pushing (momentum=NEUTRAL). This is not random movement; this is organized decline. Start price 4318.3600, target zone 4254.7076. Therefore: SELL continuation bias, not blind chase.",2025-12-31T13:30:00,US Core PCE Price Index MoM,high,625.0,2026-01-03T13:30:00,US Non-Farm Payrolls (NFP),high,3695.0,307.2054,307.2054,6.99,1,ACCUMULATION,1x1,PRICE_LEADS,5.314,Shatabhisha,1,-2.68582619,-69.578448,-2.68582619,0.0566644693,4318.36,307.2054,202512312355
2039d5fbc5044b75,2026-04-05T15:30:56.694192+00:00,XAUUSD,5m,5m,25,historical_first,WAIT,DOWN,2025-12-31T23:55:00,4318.36,0.0,2025-12-31T23:55:00,4318.36,2025-12-31T23:55:00,2026-01-02T23:18:55.574698657,4318.36,4254.70757,47.3988,-63.65243,-1.473995,physics_projection,315,NEAR,NEUTRAL,False,CONSOLIDATION,False,NEUTRAL,0.056664,YES,NO,NO,NO,SELL_CONTINUATION,NEUTRAL (mixed),WAIT,"Price has reached a cardinal angle near 315deg (current 307.2054deg), and time is in phase with neutral during active window 2025-12-31T23:55:00 to 2026-01-02T23:18:55.574698657. Structure has not fully confirmed, and force is still pushing (momentum=NEUTRAL). This is not random movement; this is organized decline. Start price 4318.3600, target zone 4254.7076. Therefore: SELL continuation bias, not blind chase.",2025-12-31T13:30:00,US Core PCE Price Index MoM,high,625.0,2026-01-03T13:30:00,US Non-Farm Payrolls (NFP),high,3695.0,307.2054,307.2054,6.99,1,ACCUMULATION,1x1,PRICE_LEADS,5.314,Shatabhisha,1,-2.68582619,-69.578448,-2.68582619,0.0566644693,4318.36,307.2054,202512312355
cec3d7638265462a,2026-04-05T15:31:32.430053+00:00,XAUUSD,1m,5m,25,historical_first,WAIT,DOWN,2025-12-31T23:55:00,4318.36,0.0,2025-12-31T23:55:00,4318.36,2025-12-31T23:55:00,2026-01-02T23:18:55.574698657,4318.36,4254.70757,47.3988,-63.65243,-1.473995,physics_projection,315,NEAR,NEUTRAL,False,CONSOLIDATION,False,NEUTRAL,0.056664,YES,NO,NO,NO,SELL_CONTINUATION,NEUTRAL (mixed),WAIT,"Price has reached a cardinal angle near 315deg (current 307.2054deg), and time is in phase with neutral during active window 2025-12-31T23:55:00 to 2026-01-02T23:18:55.574698657. Structure has not fully confirmed, and force is still pushing (momentum=NEUTRAL). This is not random movement; this is organized decline. Start price 4318.3600, target zone 4254.7076. Therefore: SELL continuation bias, not blind chase.",2025-12-31T13:30:00,US Core PCE Price Index MoM,high,625.0,2026-01-03T13:30:00,US Non-Farm Payrolls (NFP),high,3695.0,307.2054,307.2054,6.99,1,ACCUMULATION,1x1,PRICE_LEADS,5.314,Shatabhisha,1,-2.68582619,-69.578448,-2.68582619,0.0566644693,4318.36,307.2054,202512312355
3a656f8422c0409c,2026-04-05T15:40:04.057422+00:00,XAUUSD,1d,4h,25,historical_first,WAIT,DOWN,2025-12-31T16:00:00,4321.95,4.0,2025-12-31T20:00:00,4318.36,2025-12-31T16:00:00,2026-01-03T20:00:00,4321.95,4243.295792,72.0,-75.064208,-1.738257,physics_projection,315,EXACT,NEUTRAL,False,CONSOLIDATION,False,NEUTRAL,0.007808,YES,NO,NO,NO,SELL_CONTINUATION,NEUTRAL (mixed),WAIT,"Price has reached a cardinal angle near 315deg (current 313.4771deg), and time is in phase with neutral during active window 2025-12-31T16:00:00 to 2026-01-03T20:00:00. Structure has not fully confirmed, and force is still pushing (momentum=NEUTRAL). This is not random movement; this is organized decline. Start price 4321.9500, target zone 4243.2958. Therefore: SELL continuation bias, not blind chase.",2025-12-31T13:30:00,US Core PCE Price Index MoM,high,390.0,2026-01-03T13:30:00,US Non-Farm Payrolls (NFP),high,3930.0,313.4771,313.4771,62.24,1,ACCUMULATION,1x1,PRICE_LEADS,13.7955,Shatabhisha,3,-1.32364286,-52.929289,-1.32364286,0.0078079004,1079.59,78.369275,202512312000
ea770b5388104f8d,2026-04-05T15:45:37.954170+00:00,XAUUSD,1d,4h,25,historical_first,WAIT,DOWN,2025-12-31T16:00:00,4321.95,4.0,2025-12-31T20:00:00,4318.36,2025-12-31T16:00:00,2026-01-03T20:00:00,4321.95,4243.295792,72.0,-75.064208,-1.738257,physics_projection,315,EXACT,NEUTRAL,False,CONSOLIDATION,False,NEUTRAL,0.007808,YES,NO,NO,NO,SELL_CONTINUATION,NEUTRAL (mixed),WAIT,"Price has reached a cardinal angle near 315deg (current 313.4771deg), and time is in phase with neutral during active window 2025-12-31T16:00:00 to 2026-01-03T20:00:00. Structure has not fully confirmed, and force is still pushing (momentum=NEUTRAL). This is not random movement; this is organized decline. Start price 4321.9500, target zone 4243.2958. Therefore: SELL continuation bias, not blind chase.",2025-12-31T13:30:00,US Core PCE Price Index MoM,high,390.0,2026-01-03T13:30:00,US Non-Farm Payrolls (NFP),high,3930.0,313.4771,313.4771,62.24,1,ACCUMULATION,1x1,PRICE_LEADS,13.7955,Shatabhisha,3,-1.32364286,-52.929289,-1.32364286,0.0078079004,1079.59,78.369275,202512312000
17c1cec8efb04cb6,2026-04-05T15:53:51.778410+00:00,XAUUSD,1month,4h,25,historical_first,WAIT,DOWN,2025-12-31T16:00:00,4321.95,4.0,2025-12-31T20:00:00,4318.36,2025-12-31T16:00:00,2026-01-03T20:00:00,4321.95,4243.295792,72.0,-75.064208,-1.738257,physics_projection,315,EXACT,NEUTRAL,False,CONSOLIDATION,False,NEUTRAL,0.007808,YES,NO,NO,NO,SELL_CONTINUATION,NEUTRAL (mixed),WAIT,"Price has reached a cardinal angle near 315deg (current 313.4771deg), and time is in phase with neutral during active window 2025-12-31T16:00:00 to 2026-01-03T20:00:00. Structure has not fully confirmed, and force is still pushing (momentum=NEUTRAL). This is not random movement; this is organized decline. Start price 4321.9500, target zone 4243.2958. Therefore: SELL continuation bias, not blind chase.",2025-12-31T13:30:00,US Core PCE Price Index MoM,high,390.0,2026-01-03T13:30:00,US Non-Farm Payrolls (NFP),high,3930.0,313.4771,313.4771,62.24,1,ACCUMULATION,1x1,PRICE_LEADS,13.7955,Shatabhisha,3,-1.32364286,-52.929289,-1.32364286,0.0078079004,1079.59,78.369275,202512312000
043bba0baec44445,2026-04-05T15:53:52.083877+00:00,XAUUSD,1w,4h,25,historical_first,WAIT,DOWN,2025-12-31T16:00:00,4321.95,4.0,2025-12-31T20:00:00,4318.36,2025-12-31T16:00:00,2026-01-03T20:00:00,4321.95,4243.295792,72.0,-75.064208,-1.738257,physics_projection,315,EXACT,NEUTRAL,False,CONSOLIDATION,False,NEUTRAL,0.007808,YES,NO,NO,NO,SELL_CONTINUATION,NEUTRAL (mixed),WAIT,"Price has reached a cardinal angle near 315deg (current 313.4771deg), and time is in phase with neutral during active window 2025-12-31T16:00:00 to 2026-01-03T20:00:00. Structure has not fully confirmed, and force is still pushing (momentum=NEUTRAL). This is not random movement; this is organized decline. Start price 4321.9500, target zone 4243.2958. Therefore: SELL continuation bias, not blind chase.",2025-12-31T13:30:00,US Core PCE Price Index MoM,high,390.0,2026-01-03T13:30:00,US Non-Farm Payrolls (NFP),high,3930.0,313.4771,313.4771,62.24,1,ACCUMULATION,1x1,PRICE_LEADS,13.7955,Shatabhisha,3,-1.32364286,-52.929289,-1.32364286,0.0078079004,1079.59,78.369275,202512312000
ee2676ede88f4d43,2026-04-05T15:53:57.564578+00:00,XAUUSD,4h,4h,25,historical_first,WAIT,DOWN,2025-12-31T16:00:00,4321.95,4.0,2025-12-31T20:00:00,4318.36,2025-12-31T16:00:00,2026-01-03T20:00:00,4321.95,4243.295792,72.0,-75.064208,-1.738257,physics_projection,315,EXACT,NEUTRAL,False,CONSOLIDATION,False,NEUTRAL,0.007808,YES,NO,NO,NO,SELL_CONTINUATION,NEUTRAL (mixed),WAIT,"Price has reached a cardinal angle near 315deg (current 313.4771deg), and time is in phase with neutral during active window 2025-12-31T16:00:00 to 2026-01-03T20:00:00. Structure has not fully confirmed, and force is still pushing (momentum=NEUTRAL). This is not random movement; this is organized decline. Start price 4321.9500, target zone 4243.2958. Therefore: SELL continuation bias, not blind chase.",2025-12-31T13:30:00,US Core PCE Price Index MoM,high,390.0,2026-01-03T13:30:00,US Non-Farm Payrolls (NFP),high,3930.0,313.4771,313.4771,62.24,1,ACCUMULATION,1x1,PRICE_LEADS,13.7955,Shatabhisha,3,-1.32364286,-52.929289,-1.32364286,0.0078079004,1079.59,78.369275,202512312000
9399a14c6ee845e2,2026-04-05T15:54:59.371349+00:00,XAUUSD,1h,1h,25,historical_first,WAIT,DOWN,2025-12-31T20:00:00,4319.57,3.0,2025-12-31T23:00:00,4318.36,2025-12-31T20:00:00,2026-01-01T02:45:00,4319.57,4311.682929,3.75,-6.677071,-0.154621,physics_projection,315,EXACT,NEUTRAL,False,CONSOLIDATION,False,NEUTRAL,-0.003806,YES,NO,NO,NO,SELL_CONTINUATION,NEUTRAL (mixed),WAIT,"Price has reached a cardinal angle near 315deg (current 310.2184deg), and time is in phase with neutral during active window 2025-12-31T20:00:00 to 2026-01-01T02:45:00. Structure has not fully confirmed, and motion is decaying (momentum=NEUTRAL). This is not random movement; this is organized decline. Start price 4319.5700, target zone 4311.6829. Therefore: SELL continuation bias, not blind chase.",2025-12-31T13:30:00,US Core PCE Price Index MoM,high,570.0,2026-01-03T13:30:00,US Non-Farm Payrolls (NFP),high,3750.0,310.2184,310.2184,59.68,1,ACCUMULATION,1x1,PRICE_LEADS,10.013,Shatabhisha,2,-1.77341667,-60.582076,-1.77341667,-0.0038056316,1439.45333333,103.40613333,202512312300
2611dbb2b05b4aee,2026-04-05T15:54:59.608938+00:00,XAUUSD,30m,30m,25,historical_first,WAIT,DOWN,2025-12-31T23:30:00,4318.36,0.0,2025-12-31T23:30:00,4318.36,2025-12-31T23:30:00,2026-01-03T23:30:00,4318.36,4189.143125,72.0,-129.216875,-2.992267,physics_projection,315,NEAR,NEUTRAL,False,CONSOLIDATION,False,NEUTRAL,0.022197,YES,NO,NO,NO,SELL_CONTINUATION,NEUTRAL (mixed),WAIT,"Price has reached a cardinal angle near 315deg (current 301.6704deg), and time is in phase with neutral during active window 2025-12-31T23:30:00 to 2026-01-03T23:30:00. Structure has not fully confirmed, and force is still pushing (momentum=NEUTRAL). This is not random movement; this is organized decline. Start price 4318.3600, target zone 4189.1431. Therefore: SELL continuation bias, not blind chase.",2025-12-31T13:30:00,US Core PCE Price Index MoM,high,600.0,2026-01-03T13:30:00,US Non-Farm Payrolls (NFP),high,3720.0,301.6704,301.6704,52.62,1,ACCUMULATION,2x1,PRICE_LEADS,9.447,Dhanishtha,3,-2.59376812,-68.91638,-2.59376812,0.0221969252,4318.36,301.6704,202512312330
c906db316c7344ab,2026-04-05T15:55:09.201470+00:00,XAUUSD,5m,5m,25,historical_first,WAIT,DOWN,2025-12-31T23:55:00,4318.36,0.0,2025-12-31T23:55:00,4318.36,2025-12-31T23:55:00,2026-01-02T23:18:55.574698657,4318.36,4254.70757,47.3988,-63.65243,-1.473995,physics_projection,315,NEAR,NEUTRAL,False,CONSOLIDATION,False,NEUTRAL,0.056664,YES,NO,NO,NO,SELL_CONTINUATION,NEUTRAL (mixed),WAIT,"Price has reached a cardinal angle near 315deg (current 307.2054deg), and time is in phase with neutral during active window 2025-12-31T23:55:00 to 2026-01-02T23:18:55.574698657. Structure has not fully confirmed, and force is still pushing (momentum=NEUTRAL). This is not random movement; this is organized decline. Start price 4318.3600, target zone 4254.7076. Therefore: SELL continuation bias, not blind chase.",2025-12-31T13:30:00,US Core PCE Price Index MoM,high,625.0,2026-01-03T13:30:00,US Non-Farm Payrolls (NFP),high,3695.0,307.2054,307.2054,6.99,1,ACCUMULATION,1x1,PRICE_LEADS,5.314,Shatabhisha,1,-2.68582619,-69.578448,-2.68582619,0.0566644693,4318.36,307.2054,202512312355
23d4b1f62be54503,2026-04-05T15:55:10.366449+00:00,XAUUSD,15m,5m,25,historical_first,WAIT,DOWN,2025-12-31T23:55:00,4318.36,0.0,2025-12-31T23:55:00,4318.36,2025-12-31T23:55:00,2026-01-02T23:18:55.574698657,4318.36,4254.70757,47.3988,-63.65243,-1.473995,physics_projection,315,NEAR,NEUTRAL,False,CONSOLIDATION,False,NEUTRAL,0.056664,YES,NO,NO,NO,SELL_CONTINUATION,NEUTRAL (mixed),WAIT,"Price has reached a cardinal angle near 315deg (current 307.2054deg), and time is in phase with neutral during active window 2025-12-31T23:55:00 to 2026-01-02T23:18:55.574698657. Structure has not fully confirmed, and force is still pushing (momentum=NEUTRAL). This is not random movement; this is organized decline. Start price 4318.3600, target zone 4254.7076. Therefore: SELL continuation bias, not blind chase.",2025-12-31T13:30:00,US Core PCE Price Index MoM,high,625.0,2026-01-03T13:30:00,US Non-Farm Payrolls (NFP),high,3695.0,307.2054,307.2054,6.99,1,ACCUMULATION,1x1,PRICE_LEADS,5.314,Shatabhisha,1,-2.68582619,-69.578448,-2.68582619,0.0566644693,4318.36,307.2054,202512312355
eb8d1736d4d244ca,2026-04-05T15:55:45.861382+00:00,XAUUSD,1m,5m,25,historical_first,WAIT,DOWN,2025-12-31T23:55:00,4318.36,0.0,2025-12-31T23:55:00,4318.36,2025-12-31T23:55:00,2026-01-02T23:18:55.574698657,4318.36,4254.70757,47.3988,-63.65243,-1.473995,physics_projection,315,NEAR,NEUTRAL,False,CONSOLIDATION,False,NEUTRAL,0.056664,YES,NO,NO,NO,SELL_CONTINUATION,NEUTRAL (mixed),WAIT,"Price has reached a cardinal angle near 315deg (current 307.2054deg), and time is in phase with neutral during active window 2025-12-31T23:55:00 to 2026-01-02T23:18:55.574698657. Structure has not fully confirmed, and force is still pushing (momentum=NEUTRAL). This is not random movement; this is organized decline. Start price 4318.3600, target zone 4254.7076. Therefore: SELL continuation bias, not blind chase.",2025-12-31T13:30:00,US Core PCE Price Index MoM,high,625.0,2026-01-03T13:30:00,US Non-Farm Payrolls (NFP),high,3695.0,307.2054,307.2054,6.99,1,ACCUMULATION,1x1,PRICE_LEADS,5.314,Shatabhisha,1,-2.68582619,-69.578448,-2.68582619,0.0566644693,4318.36,307.2054,202512312355
d9ef4583d75f4f71,2026-04-05T16:03:38.909505+00:00,XAUUSD,1d,4h,25,historical_first,WAIT,DOWN,2025-12-31T16:00:00,4321.95,4.0,2025-12-31T20:00:00,4318.36,2025-12-31T16:00:00,2026-01-03T20:00:00,4321.95,4243.295792,72.0,-75.064208,-1.738257,physics_projection,315,EXACT,NEUTRAL,False,CONSOLIDATION,False,NEUTRAL,0.007808,YES,NO,NO,NO,SELL_CONTINUATION,NEUTRAL (mixed),WAIT,"Price has reached a cardinal angle near 315deg (current 313.4771deg), and time is in phase with neutral during active window 2025-12-31T16:00:00 to 2026-01-03T20:00:00. Structure has not fully confirmed, and force is still pushing (momentum=NEUTRAL). This is not random movement; this is organized decline. Start price 4321.9500, target zone 4243.2958. Therefore: SELL continuation bias, not blind chase.",2025-12-31T13:30:00,US Core PCE Price Index MoM,high,390.0,2026-01-03T13:30:00,US Non-Farm Payrolls (NFP),high,3930.0,313.4771,313.4771,62.24,1,ACCUMULATION,1x1,PRICE_LEADS,13.7955,Shatabhisha,3,-1.32364286,-52.929289,-1.32364286,0.0078079004,1079.59,78.369275,202512312000
e8288db28d14466b,2026-04-05T16:26:14.545628+00:00,XAUUSD,5m,5m,25,historical_first,WAIT,DOWN,2025-12-31T23:55:00,4318.36,0.0,2025-12-31T23:55:00,4318.36,2025-12-31T23:55:00,2026-01-02T23:18:55.574698657,4318.36,4254.70757,47.3988,-63.65243,-1.473995,physics_projection,315,NEAR,NEUTRAL,False,CONSOLIDATION,False,NEUTRAL,0.056664,YES,NO,NO,NO,SELL_CONTINUATION,NEUTRAL (mixed),WAIT,"Price has reached a cardinal angle near 315deg (current 307.2054deg), and time is in phase with neutral during active window 2025-12-31T23:55:00 to 2026-01-02T23:18:55.574698657. Structure has not fully confirmed, and force is still pushing (momentum=NEUTRAL). This is not random movement; this is organized decline. Start price 4318.3600, target zone 4254.7076. Therefore: SELL continuation bias, not blind chase.",2025-12-31T13:30:00,US Core PCE Price Index MoM,high,625.0,2026-01-03T13:30:00,US Non-Farm Payrolls (NFP),high,3695.0,307.2054,307.2054,6.99,1,ACCUMULATION,1x1,PRICE_LEADS,5.314,Shatabhisha,1,-2.68582619,-69.578448,-2.68582619,0.0566644693,4318.36,307.2054,202512312355
a4fb5c43bb6846a6,2026-04-05T16:27:47.257119+00:00,XAUUSD,5m,5m,25,historical_first,WAIT,DOWN,2025-12-31T23:55:00,4318.36,0.0,2025-12-31T23:55:00,4318.36,2025-12-31T23:55:00,2026-01-02T23:18:55.574698657,4318.36,4254.70757,47.3988,-63.65243,-1.473995,physics_projection,315,NEAR,NEUTRAL,False,CONSOLIDATION,False,NEUTRAL,0.056664,YES,NO,NO,NO,SELL_CONTINUATION,NEUTRAL (mixed),WAIT,"Price has reached a cardinal angle near 315deg (current 307.2054deg), and time is in phase with neutral during active window 2025-12-31T23:55:00 to 2026-01-02T23:18:55.574698657. Structure has not fully confirmed, and force is still pushing (momentum=NEUTRAL). This is not random movement; this is organized decline. Start price 4318.3600, target zone 4254.7076. Therefore: SELL continuation bias, not blind chase.",2025-12-31T13:30:00,US Core PCE Price Index MoM,high,625.0,2026-01-03T13:30:00,US Non-Farm Payrolls (NFP),high,3695.0,307.2054,307.2054,6.99,1,ACCUMULATION,1x1,PRICE_LEADS,5.314,Shatabhisha,1,-2.68582619,-69.578448,-2.68582619,0.0566644693,4318.36,307.2054,202512312355
1f6e33952f7d43fb,2026-04-05T16:28:17.799821+00:00,XAUUSD,1d,4h,25,combined,WAIT,DOWN,2025-12-31T16:00:00,4321.95,4.0,2025-12-31T20:00:00,4318.36,2025-12-31T16:00:00,2026-01-03T20:00:00,4321.95,4243.295792,72.0,-75.064208,-1.738257,physics_projection,315,EXACT,NEUTRAL,False,CONSOLIDATION,False,NEUTRAL,0.007808,YES,NO,NO,NO,SELL_CONTINUATION,NEUTRAL (mixed),WAIT,"Price has reached a cardinal angle near 315deg (current 313.4771deg), and time is in phase with neutral during active window 2025-12-31T16:00:00 to 2026-01-03T20:00:00. Structure has not fully confirmed, and force is still pushing (momentum=NEUTRAL). This is not random movement; this is organized decline. Start price 4321.9500, target zone 4243.2958. Therefore: SELL continuation bias, not blind chase.",2025-12-31T13:30:00,US Core PCE Price Index MoM,high,390.0,2026-01-03T13:30:00,US Non-Farm Payrolls (NFP),high,3930.0,313.4771,313.4771,62.24,1,ACCUMULATION,1x1,PRICE_LEADS,13.7955,Shatabhisha,3,-1.32364286,-52.929289,-1.32364286,0.0078079004,1079.59,78.369275,202512312000
7aefc0eb3ce94114,2026-04-05T16:28:53.815203+00:00,XAUUSD,5m,5m,25,historical_first,WAIT,DOWN,2025-12-31T23:55:00,4318.36,0.0,2025-12-31T23:55:00,4318.36,2025-12-31T23:55:00,2026-01-02T23:18:55.574698657,4318.36,4254.70757,47.3988,-63.65243,-1.473995,physics_projection,315,NEAR,NEUTRAL,False,CONSOLIDATION,False,NEUTRAL,0.056664,YES,NO,NO,NO,SELL_CONTINUATION,NEUTRAL (mixed),WAIT,"Price has reached a cardinal angle near 315deg (current 307.2054deg), and time is in phase with neutral during active window 2025-12-31T23:55:00 to 2026-01-02T23:18:55.574698657. Structure has not fully confirmed, and force is still pushing (momentum=NEUTRAL). This is not random movement; this is organized decline. Start price 4318.3600, target zone 4254.7076. Therefore: SELL continuation bias, not blind chase.",2025-12-31T13:30:00,US Core PCE Price Index MoM,high,625.0,2026-01-03T13:30:00,US Non-Farm Payrolls (NFP),high,3695.0,307.2054,307.2054,6.99,1,ACCUMULATION,1x1,PRICE_LEADS,5.314,Shatabhisha,1,-2.68582619,-69.578448,-2.68582619,0.0566644693,4318.36,307.2054,202512312355
25763c0f4ac240ef,2026-04-05T16:29:24.357153+00:00,XAUUSD,5m,5m,25,historical_first,WAIT,DOWN,2025-12-31T23:55:00,4318.36,0.0,2025-12-31T23:55:00,4318.36,2025-12-31T23:55:00,2026-01-02T23:18:55.574698657,4318.36,4254.70757,47.3988,-63.65243,-1.473995,physics_projection,315,NEAR,NEUTRAL,False,CONSOLIDATION,False,NEUTRAL,0.056664,YES,NO,NO,NO,SELL_CONTINUATION,NEUTRAL (mixed),WAIT,"Price has reached a cardinal angle near 315deg (current 307.2054deg), and time is in phase with neutral during active window 2025-12-31T23:55:00 to 2026-01-02T23:18:55.574698657. Structure has not fully confirmed, and force is still pushing (momentum=NEUTRAL). This is not random movement; this is organized decline. Start price 4318.3600, target zone 4254.7076. Therefore: SELL continuation bias, not blind chase.",2025-12-31T13:30:00,US Core PCE Price Index MoM,high,625.0,2026-01-03T13:30:00,US Non-Farm Payrolls (NFP),high,3695.0,307.2054,307.2054,6.99,1,ACCUMULATION,1x1,PRICE_LEADS,5.314,Shatabhisha,1,-2.68582619,-69.578448,-2.68582619,0.0566644693,4318.36,307.2054,202512312355
14f2d2caeea14880,2026-04-05T16:29:53.731653+00:00,XAUUSD,5m,5m,25,historical_first,WAIT,DOWN,2025-12-31T23:55:00,4318.36,0.0,2025-12-31T23:55:00,4318.36,2025-12-31T23:55:00,2026-01-02T23:18:55.574698657,4318.36,4254.70757,47.3988,-63.65243,-1.473995,physics_projection,315,NEAR,NEUTRAL,False,CONSOLIDATION,False,NEUTRAL,0.056664,YES,NO,NO,NO,SELL_CONTINUATION,NEUTRAL (mixed),WAIT,"Price has reached a cardinal angle near 315deg (current 307.2054deg), and time is in phase with neutral during active window 2025-12-31T23:55:00 to 2026-01-02T23:18:55.574698657. Structure has not fully confirmed, and force is still pushing (momentum=NEUTRAL). This is not random movement; this is organized decline. Start price 4318.3600, target zone 4254.7076. Therefore: SELL continuation bias, not blind chase.",2025-12-31T13:30:00,US Core PCE Price Index MoM,high,625.0,2026-01-03T13:30:00,US Non-Farm Payrolls (NFP),high,3695.0,307.2054,307.2054,6.99,1,ACCUMULATION,1x1,PRICE_LEADS,5.314,Shatabhisha,1,-2.68582619,-69.578448,-2.68582619,0.0566644693,4318.36,307.2054,202512312355
98a00990a7d04e0f,2026-04-05T16:30:08.835560+00:00,XAUUSD,5m,5m,25,historical_first,WAIT,DOWN,2025-12-31T23:55:00,4318.36,0.0,2025-12-31T23:55:00,4318.36,2025-12-31T23:55:00,2026-01-02T23:18:55.574698657,4318.36,4254.70757,47.3988,-63.65243,-1.473995,physics_projection,315,NEAR,NEUTRAL,False,CONSOLIDATION,False,NEUTRAL,0.056664,YES,NO,NO,NO,SELL_CONTINUATION,NEUTRAL (mixed),WAIT,"Price has reached a cardinal angle near 315deg (current 307.2054deg), and time is in phase with neutral during active window 2025-12-31T23:55:00 to 2026-01-02T23:18:55.574698657. Structure has not fully confirmed, and force is still pushing (momentum=NEUTRAL). This is not random movement; this is organized decline. Start price 4318.3600, target zone 4254.7076. Therefore: SELL continuation bias, not blind chase.",2025-12-31T13:30:00,US Core PCE Price Index MoM,high,625.0,2026-01-03T13:30:00,US Non-Farm Payrolls (NFP),high,3695.0,307.2054,307.2054,6.99,1,ACCUMULATION,1x1,PRICE_LEADS,5.314,Shatabhisha,1,-2.68582619,-69.578448,-2.68582619,0.0566644693,4318.36,307.2054,202512312355
ec430f2bc51b4a2d,2026-04-05T16:30:18.551292+00:00,XAUUSD,5m,5m,25,historical_first,WAIT,DOWN,2025-12-31T23:55:00,4318.36,0.0,2025-12-31T23:55:00,4318.36,2025-12-31T23:55:00,2026-01-02T23:18:55.574698657,4318.36,4254.70757,47.3988,-63.65243,-1.473995,physics_projection,315,NEAR,NEUTRAL,False,CONSOLIDATION,False,NEUTRAL,0.056664,YES,NO,NO,NO,SELL_CONTINUATION,NEUTRAL (mixed),WAIT,"Price has reached a cardinal angle near 315deg (current 307.2054deg), and time is in phase with neutral during active window 2025-12-31T23:55:00 to 2026-01-02T23:18:55.574698657. Structure has not fully confirmed, and force is still pushing (momentum=NEUTRAL). This is not random movement; this is organized decline. Start price 4318.3600, target zone 4254.7076. Therefore: SELL continuation bias, not blind chase.",2025-12-31T13:30:00,US Core PCE Price Index MoM,high,625.0,2026-01-03T13:30:00,US Non-Farm Payrolls (NFP),high,3695.0,307.2054,307.2054,6.99,1,ACCUMULATION,1x1,PRICE_LEADS,5.314,Shatabhisha,1,-2.68582619,-69.578448,-2.68582619,0.0566644693,4318.36,307.2054,202512312355
d1e10085faf7482e,2026-04-05T16:30:32.359090+00:00,XAUUSD,5m,5m,25,historical_first,WAIT,DOWN,2025-12-31T23:55:00,4318.36,0.0,2025-12-31T23:55:00,4318.36,2025-12-31T23:55:00,2026-01-02T23:18:55.574698657,4318.36,4254.70757,47.3988,-63.65243,-1.473995,physics_projection,315,NEAR,NEUTRAL,False,CONSOLIDATION,False,NEUTRAL,0.056664,YES,NO,NO,NO,SELL_CONTINUATION,NEUTRAL (mixed),WAIT,"Price has reached a cardinal angle near 315deg (current 307.2054deg), and time is in phase with neutral during active window 2025-12-31T23:55:00 to 2026-01-02T23:18:55.574698657. Structure has not fully confirmed, and force is still pushing (momentum=NEUTRAL). This is not random movement; this is organized decline. Start price 4318.3600, target zone 4254.7076. Therefore: SELL continuation bias, not blind chase.",2025-12-31T13:30:00,US Core PCE Price Index MoM,high,625.0,2026-01-03T13:30:00,US Non-Farm Payrolls (NFP),high,3695.0,307.2054,307.2054,6.99,1,ACCUMULATION,1x1,PRICE_LEADS,5.314,Shatabhisha,1,-2.68582619,-69.578448,-2.68582619,0.0566644693,4318.36,307.2054,202512312355
d5a2ee8ed6984ccc,2026-04-05T16:30:32.971471+00:00,XAUUSD,5m,5m,25,historical_first,WAIT,DOWN,2025-12-31T23:55:00,4318.36,0.0,2025-12-31T23:55:00,4318.36,2025-12-31T23:55:00,2026-01-02T23:18:55.574698657,4318.36,4254.70757,47.3988,-63.65243,-1.473995,physics_projection,315,NEAR,NEUTRAL,False,CONSOLIDATION,False,NEUTRAL,0.056664,YES,NO,NO,NO,SELL_CONTINUATION,NEUTRAL (mixed),WAIT,"Price has reached a cardinal angle near 315deg (current 307.2054deg), and time is in phase with neutral during active window 2025-12-31T23:55:00 to 2026-01-02T23:18:55.574698657. Structure has not fully confirmed, and force is still pushing (momentum=NEUTRAL). This is not random movement; this is organized decline. Start price 4318.3600, target zone 4254.7076. Therefore: SELL continuation bias, not blind chase.",2025-12-31T13:30:00,US Core PCE Price Index MoM,high,625.0,2026-01-03T13:30:00,US Non-Farm Payrolls (NFP),high,3695.0,307.2054,307.2054,6.99,1,ACCUMULATION,1x1,PRICE_LEADS,5.314,Shatabhisha,1,-2.68582619,-69.578448,-2.68582619,0.0566644693,4318.36,307.2054,202512312355
bff58c735e734513,2026-04-05T16:30:33.187487+00:00,XAUUSD,15m,5m,25,combined,WAIT,DOWN,2025-12-31T23:55:00,4318.36,0.0,2025-12-31T23:55:00,4318.36,2025-12-31T23:55:00,2026-01-02T23:18:55.574698657,4318.36,4254.70757,47.3988,-63.65243,-1.473995,physics_projection,315,NEAR,NEUTRAL,False,CONSOLIDATION,False,NEUTRAL,0.056664,YES,NO,NO,NO,SELL_CONTINUATION,NEUTRAL (mixed),WAIT,"Price has reached a cardinal angle near 315deg (current 307.2054deg), and time is in phase with neutral during active window 2025-12-31T23:55:00 to 2026-01-02T23:18:55.574698657. Structure has not fully confirmed, and force is still pushing (momentum=NEUTRAL). This is not random movement; this is organized decline. Start price 4318.3600, target zone 4254.7076. Therefore: SELL continuation bias, not blind chase.",2025-12-31T13:30:00,US Core PCE Price Index MoM,high,625.0,2026-01-03T13:30:00,US Non-Farm Payrolls (NFP),high,3695.0,307.2054,307.2054,6.99,1,ACCUMULATION,1x1,PRICE_LEADS,5.314,Shatabhisha,1,-2.68582619,-69.578448,-2.68582619,0.0566644693,4318.36,307.2054,202512312355
7cbfba73c9564cb8,2026-04-05T16:32:18.633256+00:00,XAUUSD,5m,5m,25,historical_first,WAIT,DOWN,2025-12-31T23:55:00,4318.36,0.0,2025-12-31T23:55:00,4318.36,2025-12-31T23:55:00,2026-01-02T23:18:55.574698657,4318.36,4254.70757,47.3988,-63.65243,-1.473995,physics_projection,315,NEAR,NEUTRAL,False,CONSOLIDATION,False,NEUTRAL,0.056664,YES,NO,NO,NO,SELL_CONTINUATION,NEUTRAL (mixed),WAIT,"Price has reached a cardinal angle near 315deg (current 307.2054deg), and time is in phase with neutral during active window 2025-12-31T23:55:00 to 2026-01-02T23:18:55.574698657. Structure has not fully confirmed, and force is still pushing (momentum=NEUTRAL). This is not random movement; this is organized decline. Start price 4318.3600, target zone 4254.7076. Therefore: SELL continuation bias, not blind chase.",2025-12-31T13:30:00,US Core PCE Price Index MoM,high,625.0,2026-01-03T13:30:00,US Non-Farm Payrolls (NFP),high,3695.0,307.2054,307.2054,6.99,1,ACCUMULATION,1x1,PRICE_LEADS,5.314,Shatabhisha,1,-2.68582619,-69.578448,-2.68582619,0.0566644693,4318.36,307.2054,202512312355
bbe9fa2cac3e450d,2026-04-05T16:34:07.652692+00:00,XAUUSD,1d,4h,25,combined,WAIT,DOWN,2025-12-31T16:00:00,4321.95,4.0,2025-12-31T20:00:00,4318.36,2025-12-31T16:00:00,2026-01-03T20:00:00,4321.95,4243.295792,72.0,-75.064208,-1.738257,physics_projection,315,EXACT,NEUTRAL,False,CONSOLIDATION,False,NEUTRAL,0.007808,YES,NO,NO,NO,SELL_CONTINUATION,NEUTRAL (mixed),WAIT,"Price has reached a cardinal angle near 315deg (current 313.4771deg), and time is in phase with neutral during active window 2025-12-31T16:00:00 to 2026-01-03T20:00:00. Structure has not fully confirmed, and force is still pushing (momentum=NEUTRAL). This is not random movement; this is organized decline. Start price 4321.9500, target zone 4243.2958. Therefore: SELL continuation bias, not blind chase.",2025-12-31T13:30:00,US Core PCE Price Index MoM,high,390.0,2026-01-03T13:30:00,US Non-Farm Payrolls (NFP),high,3930.0,313.4771,313.4771,62.24,1,ACCUMULATION,1x1,PRICE_LEADS,13.7955,Shatabhisha,3,-1.32364286,-52.929289,-1.32364286,0.0078079004,1079.59,78.369275,202512312000
d9ad1aa36a354eed,2026-04-05T16:47:28.687281+00:00,XAUUSD,1d,4h,25,combined,WAIT,DOWN,2025-12-31T16:00:00,4321.95,4.0,2025-12-31T20:00:00,4318.36,2025-12-31T16:00:00,2026-01-03T20:00:00,4321.95,4243.295792,72.0,-75.064208,-1.738257,physics_projection,315,EXACT,NEUTRAL,False,CONSOLIDATION,False,NEUTRAL,0.007808,YES,NO,NO,NO,SELL_CONTINUATION,NEUTRAL (mixed),WAIT,"Price has reached a cardinal angle near 315deg (current 313.4771deg), and time is in phase with neutral during active window 2025-12-31T16:00:00 to 2026-01-03T20:00:00. Structure has not fully confirmed, and force is still pushing (momentum=NEUTRAL). This is not random movement; this is organized decline. Start price 4321.9500, target zone 4243.2958. Therefore: SELL continuation bias, not blind chase.",2025-12-31T13:30:00,US Core PCE Price Index MoM,high,390.0,2026-01-03T13:30:00,US Non-Farm Payrolls (NFP),high,3930.0,313.4771,313.4771,62.24,1,ACCUMULATION,1x1,PRICE_LEADS,13.7955,Shatabhisha,3,-1.32364286,-52.929289,-1.32364286,0.0078079004,1079.59,78.369275,202512312000
403cab47b53c42f8,2026-04-05T16:49:32.395285+00:00,XAUUSD,1d,4h,25,combined,WAIT,DOWN,2025-12-31T16:00:00,4321.95,4.0,2025-12-31T20:00:00,4318.36,2025-12-31T16:00:00,2026-01-03T20:00:00,4321.95,4243.295792,72.0,-75.064208,-1.738257,physics_projection,315,EXACT,NEUTRAL,False,CONSOLIDATION,False,NEUTRAL,0.007808,YES,NO,NO,NO,SELL_CONTINUATION,NEUTRAL (mixed),WAIT,"Price has reached a cardinal angle near 315deg (current 313.4771deg), and time is in phase with neutral during active window 2025-12-31T16:00:00 to 2026-01-03T20:00:00. Structure has not fully confirmed, and force is still pushing (momentum=NEUTRAL). This is not random movement; this is organized decline. Start price 4321.9500, target zone 4243.2958. Therefore: SELL continuation bias, not blind chase.",2025-12-31T13:30:00,US Core PCE Price Index MoM,high,390.0,2026-01-03T13:30:00,US Non-Farm Payrolls (NFP),high,3930.0,313.4771,313.4771,62.24,1,ACCUMULATION,1x1,PRICE_LEADS,13.7955,Shatabhisha,3,-1.32364286,-52.929289,-1.32364286,0.0078079004,1079.59,78.369275,202512312000
a60c503ec417441b,2026-04-05T16:57:32.014889+00:00,XAUUSD,4h,4h,25,combined,WAIT,DOWN,2025-12-31T16:00:00,4321.95,4.0,2025-12-31T20:00:00,4318.36,2025-12-31T16:00:00,2026-01-03T20:00:00,4321.95,4243.295792,72.0,-75.064208,-1.738257,physics_projection,315,EXACT,NEUTRAL,False,CONSOLIDATION,False,NEUTRAL,0.007808,YES,NO,NO,NO,SELL_CONTINUATION,NEUTRAL (mixed),WAIT,"Price has reached a cardinal angle near 315deg (current 313.4771deg), and time is in phase with neutral during active window 2025-12-31T16:00:00 to 2026-01-03T20:00:00. Structure has not fully confirmed, and force is still pushing (momentum=NEUTRAL). This is not random movement; this is organized decline. Start price 4321.9500, target zone 4243.2958. Therefore: SELL continuation bias, not blind chase.",2025-12-31T13:30:00,US Core PCE Price Index MoM,high,390.0,2026-01-03T13:30:00,US Non-Farm Payrolls (NFP),high,3930.0,313.4771,313.4771,62.24,1,ACCUMULATION,1x1,PRICE_LEADS,13.7955,Shatabhisha,3,-1.32364286,-52.929289,-1.32364286,0.0078079004,1079.59,78.369275,202512312000
ff2c279609f34b91,2026-04-05T16:57:32.330931+00:00,XAUUSD,1w,4h,25,combined,WAIT,DOWN,2025-12-31T16:00:00,4321.95,4.0,2025-12-31T20:00:00,4318.36,2025-12-31T16:00:00,2026-01-03T20:00:00,4321.95,4243.295792,72.0,-75.064208,-1.738257,physics_projection,315,EXACT,NEUTRAL,False,CONSOLIDATION,False,NEUTRAL,0.007808,YES,NO,NO,NO,SELL_CONTINUATION,NEUTRAL (mixed),WAIT,"Price has reached a cardinal angle near 315deg (current 313.4771deg), and time is in phase with neutral during active window 2025-12-31T16:00:00 to 2026-01-03T20:00:00. Structure has not fully confirmed, and force is still pushing (momentum=NEUTRAL). This is not random movement; this is organized decline. Start price 4321.9500, target zone 4243.2958. Therefore: SELL continuation bias, not blind chase.",2025-12-31T13:30:00,US Core PCE Price Index MoM,high,390.0,2026-01-03T13:30:00,US Non-Farm Payrolls (NFP),high,3930.0,313.4771,313.4771,62.24,1,ACCUMULATION,1x1,PRICE_LEADS,13.7955,Shatabhisha,3,-1.32364286,-52.929289,-1.32364286,0.0078079004,1079.59,78.369275,202512312000
2c1ec04334be43f3,2026-04-05T16:57:32.591322+00:00,XAUUSD,4h,4h,25,combined,WAIT,DOWN,2025-12-31T16:00:00,4321.95,4.0,2025-12-31T20:00:00,4318.36,2025-12-31T16:00:00,2026-01-03T20:00:00,4321.95,4243.295792,72.0,-75.064208,-1.738257,physics_projection,315,EXACT,NEUTRAL,False,CONSOLIDATION,False,NEUTRAL,0.007808,YES,NO,NO,NO,SELL_CONTINUATION,NEUTRAL (mixed),WAIT,"Price has reached a cardinal angle near 315deg (current 313.4771deg), and time is in phase with neutral during active window 2025-12-31T16:00:00 to 2026-01-03T20:00:00. Structure has not fully confirmed, and force is still pushing (momentum=NEUTRAL). This is not random movement; this is organized decline. Start price 4321.9500, target zone 4243.2958. Therefore: SELL continuation bias, not blind chase.",2025-12-31T13:30:00,US Core PCE Price Index MoM,high,390.0,2026-01-03T13:30:00,US Non-Farm Payrolls (NFP),high,3930.0,313.4771,313.4771,62.24,1,ACCUMULATION,1x1,PRICE_LEADS,13.7955,Shatabhisha,3,-1.32364286,-52.929289,-1.32364286,0.0078079004,1079.59,78.369275,202512312000
cf6c550ba5ac42c6,2026-04-05T16:57:32.747495+00:00,XAUUSD,1w,4h,25,combined,WAIT,DOWN,2025-12-31T16:00:00,4321.95,4.0,2025-12-31T20:00:00,4318.36,2025-12-31T16:00:00,2026-01-03T20:00:00,4321.95,4243.295792,72.0,-75.064208,-1.738257,physics_projection,315,EXACT,NEUTRAL,False,CONSOLIDATION,False,NEUTRAL,0.007808,YES,NO,NO,NO,SELL_CONTINUATION,NEUTRAL (mixed),WAIT,"Price has reached a cardinal angle near 315deg (current 313.4771deg), and time is in phase with neutral during active window 2025-12-31T16:00:00 to 2026-01-03T20:00:00. Structure has not fully confirmed, and force is still pushing (momentum=NEUTRAL). This is not random movement; this is organized decline. Start price 4321.9500, target zone 4243.2958. Therefore: SELL continuation bias, not blind chase.",2025-12-31T13:30:00,US Core PCE Price Index MoM,high,390.0,2026-01-03T13:30:00,US Non-Farm Payrolls (NFP),high,3930.0,313.4771,313.4771,62.24,1,ACCUMULATION,1x1,PRICE_LEADS,13.7955,Shatabhisha,3,-1.32364286,-52.929289,-1.32364286,0.0078079004,1079.59,78.369275,202512312000
864bb2644db84d5f,2026-04-05T16:57:32.820880+00:00,XAUUSD,1month,4h,25,combined,WAIT,DOWN,2025-12-31T16:00:00,4321.95,4.0,2025-12-31T20:00:00,4318.36,2025-12-31T16:00:00,2026-01-03T20:00:00,4321.95,4243.295792,72.0,-75.064208,-1.738257,physics_projection,315,EXACT,NEUTRAL,False,CONSOLIDATION,False,NEUTRAL,0.007808,YES,NO,NO,NO,SELL_CONTINUATION,NEUTRAL (mixed),WAIT,"Price has reached a cardinal angle near 315deg (current 313.4771deg), and time is in phase with neutral during active window 2025-12-31T16:00:00 to 2026-01-03T20:00:00. Structure has not fully confirmed, and force is still pushing (momentum=NEUTRAL). This is not random movement; this is organized decline. Start price 4321.9500, target zone 4243.2958. Therefore: SELL continuation bias, not blind chase.",2025-12-31T13:30:00,US Core PCE Price Index MoM,high,390.0,2026-01-03T13:30:00,US Non-Farm Payrolls (NFP),high,3930.0,313.4771,313.4771,62.24,1,ACCUMULATION,1x1,PRICE_LEADS,13.7955,Shatabhisha,3,-1.32364286,-52.929289,-1.32364286,0.0078079004,1079.59,78.369275,202512312000
ad13fab364844361,2026-04-05T16:57:41.853631+00:00,XAUUSD,1month,4h,25,combined,WAIT,DOWN,2025-12-31T16:00:00,4321.95,4.0,2025-12-31T20:00:00,4318.36,2025-12-31T16:00:00,2026-01-03T20:00:00,4321.95,4243.295792,72.0,-75.064208,-1.738257,physics_projection,315,EXACT,NEUTRAL,False,CONSOLIDATION,False,NEUTRAL,0.007808,YES,NO,NO,NO,SELL_CONTINUATION,NEUTRAL (mixed),WAIT,"Price has reached a cardinal angle near 315deg (current 313.4771deg), and time is in phase with neutral during active window 2025-12-31T16:00:00 to 2026-01-03T20:00:00. Structure has not fully confirmed, and force is still pushing (momentum=NEUTRAL). This is not random movement; this is organized decline. Start price 4321.9500, target zone 4243.2958. Therefore: SELL continuation bias, not blind chase.",2025-12-31T13:30:00,US Core PCE Price Index MoM,high,390.0,2026-01-03T13:30:00,US Non-Farm Payrolls (NFP),high,3930.0,313.4771,313.4771,62.24,1,ACCUMULATION,1x1,PRICE_LEADS,13.7955,Shatabhisha,3,-1.32364286,-52.929289,-1.32364286,0.0078079004,1079.59,78.369275,202512312000
73a9c46f62f0419a,2026-04-05T16:58:58.013481+00:00,XAUUSD,1d,4h,25,combined,WAIT,DOWN,2025-12-31T16:00:00,4321.95,4.0,2025-12-31T20:00:00,4318.36,2025-12-31T16:00:00,2026-01-03T20:00:00,4321.95,4243.295792,72.0,-75.064208,-1.738257,physics_projection,315,EXACT,NEUTRAL,False,CONSOLIDATION,False,NEUTRAL,0.007808,YES,NO,NO,NO,SELL_CONTINUATION,NEUTRAL (mixed),WAIT,"Price has reached a cardinal angle near 315deg (current 313.4771deg), and time is in phase with neutral during active window 2025-12-31T16:00:00 to 2026-01-03T20:00:00. Structure has not fully confirmed, and force is still pushing (momentum=NEUTRAL). This is not random movement; this is organized decline. Start price 4321.9500, target zone 4243.2958. Therefore: SELL continuation bias, not blind chase.",2025-12-31T13:30:00,US Core PCE Price Index MoM,high,390.0,2026-01-03T13:30:00,US Non-Farm Payrolls (NFP),high,3930.0,313.4771,313.4771,62.24,1,ACCUMULATION,1x1,PRICE_LEADS,13.7955,Shatabhisha,3,-1.32364286,-52.929289,-1.32364286,0.0078079004,1079.59,78.369275,202512312000
08f107952f8b4415,2026-04-05T16:59:06.270702+00:00,XAUUSD,1w,4h,25,combined,WAIT,DOWN,2025-12-31T16:00:00,4321.95,4.0,2025-12-31T20:00:00,4318.36,2025-12-31T16:00:00,2026-01-03T20:00:00,4321.95,4243.295792,72.0,-75.064208,-1.738257,physics_projection,315,EXACT,NEUTRAL,False,CONSOLIDATION,False,NEUTRAL,0.007808,YES,NO,NO,NO,SELL_CONTINUATION,NEUTRAL (mixed),WAIT,"Price has reached a cardinal angle near 315deg (current 313.4771deg), and time is in phase with neutral during active window 2025-12-31T16:00:00 to 2026-01-03T20:00:00. Structure has not fully confirmed, and force is still pushing (momentum=NEUTRAL). This is not random movement; this is organized decline. Start price 4321.9500, target zone 4243.2958. Therefore: SELL continuation bias, not blind chase.",2025-12-31T13:30:00,US Core PCE Price Index MoM,high,390.0,2026-01-03T13:30:00,US Non-Farm Payrolls (NFP),high,3930.0,313.4771,313.4771,62.24,1,ACCUMULATION,1x1,PRICE_LEADS,13.7955,Shatabhisha,3,-1.32364286,-52.929289,-1.32364286,0.0078079004,1079.59,78.369275,202512312000
e48cd5af13bf4f72,2026-04-05T16:59:08.442657+00:00,XAUUSD,4h,4h,25,combined,WAIT,DOWN,2025-12-31T16:00:00,4321.95,4.0,2025-12-31T20:00:00,4318.36,2025-12-31T16:00:00,2026-01-03T20:00:00,4321.95,4243.295792,72.0,-75.064208,-1.738257,physics_projection,315,EXACT,NEUTRAL,False,CONSOLIDATION,False,NEUTRAL,0.007808,YES,NO,NO,NO,SELL_CONTINUATION,NEUTRAL (mixed),WAIT,"Price has reached a cardinal angle near 315deg (current 313.4771deg), and time is in phase with neutral during active window 2025-12-31T16:00:00 to 2026-01-03T20:00:00. Structure has not fully confirmed, and force is still pushing (momentum=NEUTRAL). This is not random movement; this is organized decline. Start price 4321.9500, target zone 4243.2958. Therefore: SELL continuation bias, not blind chase.",2025-12-31T13:30:00,US Core PCE Price Index MoM,high,390.0,2026-01-03T13:30:00,US Non-Farm Payrolls (NFP),high,3930.0,313.4771,313.4771,62.24,1,ACCUMULATION,1x1,PRICE_LEADS,13.7955,Shatabhisha,3,-1.32364286,-52.929289,-1.32364286,0.0078079004,1079.59,78.369275,202512312000
8e0b3a881fa14f11,2026-04-05T16:59:11.687553+00:00,XAUUSD,4h,4h,25,combined,WAIT,DOWN,2025-12-31T16:00:00,4321.95,4.0,2025-12-31T20:00:00,4318.36,2025-12-31T16:00:00,2026-01-03T20:00:00,4321.95,4243.295792,72.0,-75.064208,-1.738257,physics_projection,315,EXACT,NEUTRAL,False,CONSOLIDATION,False,NEUTRAL,0.007808,YES,NO,NO,NO,SELL_CONTINUATION,NEUTRAL (mixed),WAIT,"Price has reached a cardinal angle near 315deg (current 313.4771deg), and time is in phase with neutral during active window 2025-12-31T16:00:00 to 2026-01-03T20:00:00. Structure has not fully confirmed, and force is still pushing (momentum=NEUTRAL). This is not random movement; this is organized decline. Start price 4321.9500, target zone 4243.2958. Therefore: SELL continuation bias, not blind chase.",2025-12-31T13:30:00,US Core PCE Price Index MoM,high,390.0,2026-01-03T13:30:00,US Non-Farm Payrolls (NFP),high,3930.0,313.4771,313.4771,62.24,1,ACCUMULATION,1x1,PRICE_LEADS,13.7955,Shatabhisha,3,-1.32364286,-52.929289,-1.32364286,0.0078079004,1079.59,78.369275,202512312000
cc382fad6a24419c,2026-04-05T16:59:11.757373+00:00,XAUUSD,4h,4h,25,combined,WAIT,DOWN,2025-12-31T16:00:00,4321.95,4.0,2025-12-31T20:00:00,4318.36,2025-12-31T16:00:00,2026-01-03T20:00:00,4321.95,4243.295792,72.0,-75.064208,-1.738257,physics_projection,315,EXACT,NEUTRAL,False,CONSOLIDATION,False,NEUTRAL,0.007808,YES,NO,NO,NO,SELL_CONTINUATION,NEUTRAL (mixed),WAIT,"Price has reached a cardinal angle near 315deg (current 313.4771deg), and time is in phase with neutral during active window 2025-12-31T16:00:00 to 2026-01-03T20:00:00. Structure has not fully confirmed, and force is still pushing (momentum=NEUTRAL). This is not random movement; this is organized decline. Start price 4321.9500, target zone 4243.2958. Therefore: SELL continuation bias, not blind chase.",2025-12-31T13:30:00,US Core PCE Price Index MoM,high,390.0,2026-01-03T13:30:00,US Non-Farm Payrolls (NFP),high,3930.0,313.4771,313.4771,62.24,1,ACCUMULATION,1x1,PRICE_LEADS,13.7955,Shatabhisha,3,-1.32364286,-52.929289,-1.32364286,0.0078079004,1079.59,78.369275,202512312000
e92aef2da10a43e0,2026-04-05T16:59:12.498545+00:00,XAUUSD,1month,4h,25,combined,WAIT,DOWN,2025-12-31T16:00:00,4321.95,4.0,2025-12-31T20:00:00,4318.36,2025-12-31T16:00:00,2026-01-03T20:00:00,4321.95,4243.295792,72.0,-75.064208,-1.738257,physics_projection,315,EXACT,NEUTRAL,False,CONSOLIDATION,False,NEUTRAL,0.007808,YES,NO,NO,NO,SELL_CONTINUATION,NEUTRAL (mixed),WAIT,"Price has reached a cardinal angle near 315deg (current 313.4771deg), and time is in phase with neutral during active window 2025-12-31T16:00:00 to 2026-01-03T20:00:00. Structure has not fully confirmed, and force is still pushing (momentum=NEUTRAL). This is not random movement; this is organized decline. Start price 4321.9500, target zone 4243.2958. Therefore: SELL continuation bias, not blind chase.",2025-12-31T13:30:00,US Core PCE Price Index MoM,high,390.0,2026-01-03T13:30:00,US Non-Farm Payrolls (NFP),high,3930.0,313.4771,313.4771,62.24,1,ACCUMULATION,1x1,PRICE_LEADS,13.7955,Shatabhisha,3,-1.32364286,-52.929289,-1.32364286,0.0078079004,1079.59,78.369275,202512312000
5e69cfe1e5fb44db,2026-04-05T16:59:17.823519+00:00,XAUUSD,1w,4h,25,combined,WAIT,DOWN,2025-12-31T16:00:00,4321.95,4.0,2025-12-31T20:00:00,4318.36,2025-12-31T16:00:00,2026-01-03T20:00:00,4321.95,4243.295792,72.0,-75.064208,-1.738257,physics_projection,315,EXACT,NEUTRAL,False,CONSOLIDATION,False,NEUTRAL,0.007808,YES,NO,NO,NO,SELL_CONTINUATION,NEUTRAL (mixed),WAIT,"Price has reached a cardinal angle near 315deg (current 313.4771deg), and time is in phase with neutral during active window 2025-12-31T16:00:00 to 2026-01-03T20:00:00. Structure has not fully confirmed, and force is still pushing (momentum=NEUTRAL). This is not random movement; this is organized decline. Start price 4321.9500, target zone 4243.2958. Therefore: SELL continuation bias, not blind chase.",2025-12-31T13:30:00,US Core PCE Price Index MoM,high,390.0,2026-01-03T13:30:00,US Non-Farm Payrolls (NFP),high,3930.0,313.4771,313.4771,62.24,1,ACCUMULATION,1x1,PRICE_LEADS,13.7955,Shatabhisha,3,-1.32364286,-52.929289,-1.32364286,0.0078079004,1079.59,78.369275,202512312000
c87f9fcfeb854775,2026-04-05T16:59:24.148516+00:00,XAUUSD,1month,4h,25,combined,WAIT,DOWN,2025-12-31T16:00:00,4321.95,4.0,2025-12-31T20:00:00,4318.36,2025-12-31T16:00:00,2026-01-03T20:00:00,4321.95,4243.295792,72.0,-75.064208,-1.738257,physics_projection,315,EXACT,NEUTRAL,False,CONSOLIDATION,False,NEUTRAL,0.007808,YES,NO,NO,NO,SELL_CONTINUATION,NEUTRAL (mixed),WAIT,"Price has reached a cardinal angle near 315deg (current 313.4771deg), and time is in phase with neutral during active window 2025-12-31T16:00:00 to 2026-01-03T20:00:00. Structure has not fully confirmed, and force is still pushing (momentum=NEUTRAL). This is not random movement; this is organized decline. Start price 4321.9500, target zone 4243.2958. Therefore: SELL continuation bias, not blind chase.",2025-12-31T13:30:00,US Core PCE Price Index MoM,high,390.0,2026-01-03T13:30:00,US Non-Farm Payrolls (NFP),high,3930.0,313.4771,313.4771,62.24,1,ACCUMULATION,1x1,PRICE_LEADS,13.7955,Shatabhisha,3,-1.32364286,-52.929289,-1.32364286,0.0078079004,1079.59,78.369275,202512312000
339efffecca1448a,2026-04-05T16:59:29.046828+00:00,XAUUSD,4h,4h,25,combined,WAIT,DOWN,2025-12-31T16:00:00,4321.95,4.0,2025-12-31T20:00:00,4318.36,2025-12-31T16:00:00,2026-01-03T20:00:00,4321.95,4243.295792,72.0,-75.064208,-1.738257,physics_projection,315,EXACT,NEUTRAL,False,CONSOLIDATION,False,NEUTRAL,0.007808,YES,NO,NO,NO,SELL_CONTINUATION,NEUTRAL (mixed),WAIT,"Price has reached a cardinal angle near 315deg (current 313.4771deg), and time is in phase with neutral during active window 2025-12-31T16:00:00 to 2026-01-03T20:00:00. Structure has not fully confirmed, and force is still pushing (momentum=NEUTRAL). This is not random movement; this is organized decline. Start price 4321.9500, target zone 4243.2958. Therefore: SELL continuation bias, not blind chase.",2025-12-31T13:30:00,US Core PCE Price Index MoM,high,390.0,2026-01-03T13:30:00,US Non-Farm Payrolls (NFP),high,3930.0,313.4771,313.4771,62.24,1,ACCUMULATION,1x1,PRICE_LEADS,13.7955,Shatabhisha,3,-1.32364286,-52.929289,-1.32364286,0.0078079004,1079.59,78.369275,202512312000
a806b3b6964d4393,2026-04-05T16:59:39.444472+00:00,XAUUSD,4h,4h,25,combined,WAIT,DOWN,2025-12-31T16:00:00,4321.95,4.0,2025-12-31T20:00:00,4318.36,2025-12-31T16:00:00,2026-01-03T20:00:00,4321.95,4243.295792,72.0,-75.064208,-1.738257,physics_projection,315,EXACT,NEUTRAL,False,CONSOLIDATION,False,NEUTRAL,0.007808,YES,NO,NO,NO,SELL_CONTINUATION,NEUTRAL (mixed),WAIT,"Price has reached a cardinal angle near 315deg (current 313.4771deg), and time is in phase with neutral during active window 2025-12-31T16:00:00 to 2026-01-03T20:00:00. Structure has not fully confirmed, and force is still pushing (momentum=NEUTRAL). This is not random movement; this is organized decline. Start price 4321.9500, target zone 4243.2958. Therefore: SELL continuation bias, not blind chase.",2025-12-31T13:30:00,US Core PCE Price Index MoM,high,390.0,2026-01-03T13:30:00,US Non-Farm Payrolls (NFP),high,3930.0,313.4771,313.4771,62.24,1,ACCUMULATION,1x1,PRICE_LEADS,13.7955,Shatabhisha,3,-1.32364286,-52.929289,-1.32364286,0.0078079004,1079.59,78.369275,202512312000
1456271c6eb7483d,2026-04-05T17:03:51.625934+00:00,XAUUSD,1h,1h,25,combined,WAIT,DOWN,2025-12-31T20:00:00,4319.57,3.0,2025-12-31T23:00:00,4318.36,2025-12-31T20:00:00,2026-01-01T02:45:00,4319.57,4311.682929,3.75,-6.677071,-0.154621,physics_projection,315,EXACT,NEUTRAL,False,CONSOLIDATION,False,NEUTRAL,-0.003806,YES,NO,NO,NO,SELL_CONTINUATION,NEUTRAL (mixed),WAIT,"Price has reached a cardinal angle near 315deg (current 310.2184deg), and time is in phase with neutral during active window 2025-12-31T20:00:00 to 2026-01-01T02:45:00. Structure has not fully confirmed, and motion is decaying (momentum=NEUTRAL). This is not random movement; this is organized decline. Start price 4319.5700, target zone 4311.6829. Therefore: SELL continuation bias, not blind chase.",2025-12-31T13:30:00,US Core PCE Price Index MoM,high,570.0,2026-01-03T13:30:00,US Non-Farm Payrolls (NFP),high,3750.0,310.2184,310.2184,59.68,1,ACCUMULATION,1x1,PRICE_LEADS,10.013,Shatabhisha,2,-1.77341667,-60.582076,-1.77341667,-0.0038056316,1439.45333333,103.40613333,202512312300
9c61a52ce0934298,2026-04-05T17:03:55.935232+00:00,XAUUSD,30m,30m,25,combined,WAIT,DOWN,2025-12-31T23:30:00,4318.36,0.0,2025-12-31T23:30:00,4318.36,2025-12-31T23:30:00,2026-01-03T23:30:00,4318.36,4189.143125,72.0,-129.216875,-2.992267,physics_projection,315,NEAR,NEUTRAL,False,CONSOLIDATION,False,NEUTRAL,0.022197,YES,NO,NO,NO,SELL_CONTINUATION,NEUTRAL (mixed),WAIT,"Price has reached a cardinal angle near 315deg (current 301.6704deg), and time is in phase with neutral during active window 2025-12-31T23:30:00 to 2026-01-03T23:30:00. Structure has not fully confirmed, and force is still pushing (momentum=NEUTRAL). This is not random movement; this is organized decline. Start price 4318.3600, target zone 4189.1431. Therefore: SELL continuation bias, not blind chase.",2025-12-31T13:30:00,US Core PCE Price Index MoM,high,600.0,2026-01-03T13:30:00,US Non-Farm Payrolls (NFP),high,3720.0,301.6704,301.6704,52.62,1,ACCUMULATION,2x1,PRICE_LEADS,9.447,Dhanishtha,3,-2.59376812,-68.91638,-2.59376812,0.0221969252,4318.36,301.6704,202512312330
4196d4ec0b5d4c17,2026-04-05T17:03:57.614527+00:00,XAUUSD,30m,30m,25,combined,WAIT,DOWN,2025-12-31T23:30:00,4318.36,0.0,2025-12-31T23:30:00,4318.36,2025-12-31T23:30:00,2026-01-03T23:30:00,4318.36,4189.143125,72.0,-129.216875,-2.992267,physics_projection,315,NEAR,NEUTRAL,False,CONSOLIDATION,False,NEUTRAL,0.022197,YES,NO,NO,NO,SELL_CONTINUATION,NEUTRAL (mixed),WAIT,"Price has reached a cardinal angle near 315deg (current 301.6704deg), and time is in phase with neutral during active window 2025-12-31T23:30:00 to 2026-01-03T23:30:00. Structure has not fully confirmed, and force is still pushing (momentum=NEUTRAL). This is not random movement; this is organized decline. Start price 4318.3600, target zone 4189.1431. Therefore: SELL continuation bias, not blind chase.",2025-12-31T13:30:00,US Core PCE Price Index MoM,high,600.0,2026-01-03T13:30:00,US Non-Farm Payrolls (NFP),high,3720.0,301.6704,301.6704,52.62,1,ACCUMULATION,2x1,PRICE_LEADS,9.447,Dhanishtha,3,-2.59376812,-68.91638,-2.59376812,0.0221969252,4318.36,301.6704,202512312330
b08dd760160b4586,2026-04-05T17:04:21.851432+00:00,XAUUSD,1h,1h,25,combined,WAIT,DOWN,2025-12-31T20:00:00,4319.57,3.0,2025-12-31T23:00:00,4318.36,2025-12-31T20:00:00,2026-01-01T02:45:00,4319.57,4311.682929,3.75,-6.677071,-0.154621,physics_projection,315,EXACT,NEUTRAL,False,CONSOLIDATION,False,NEUTRAL,-0.003806,YES,NO,NO,NO,SELL_CONTINUATION,NEUTRAL (mixed),WAIT,"Price has reached a cardinal angle near 315deg (current 310.2184deg), and time is in phase with neutral during active window 2025-12-31T20:00:00 to 2026-01-01T02:45:00. Structure has not fully confirmed, and motion is decaying (momentum=NEUTRAL). This is not random movement; this is organized decline. Start price 4319.5700, target zone 4311.6829. Therefore: SELL continuation bias, not blind chase.",2025-12-31T13:30:00,US Core PCE Price Index MoM,high,570.0,2026-01-03T13:30:00,US Non-Farm Payrolls (NFP),high,3750.0,310.2184,310.2184,59.68,1,ACCUMULATION,1x1,PRICE_LEADS,10.013,Shatabhisha,2,-1.77341667,-60.582076,-1.77341667,-0.0038056316,1439.45333333,103.40613333,202512312300
fd4134cb173949c1,2026-04-05T17:05:07.036319+00:00,XAUUSD,5m,5m,25,combined,WAIT,DOWN,2025-12-31T23:55:00,4318.36,0.0,2025-12-31T23:55:00,4318.36,2025-12-31T23:55:00,2026-01-02T23:18:55.574698657,4318.36,4254.70757,47.3988,-63.65243,-1.473995,physics_projection,315,NEAR,NEUTRAL,False,CONSOLIDATION,False,NEUTRAL,0.056664,YES,NO,NO,NO,SELL_CONTINUATION,NEUTRAL (mixed),WAIT,"Price has reached a cardinal angle near 315deg (current 307.2054deg), and time is in phase with neutral during active window 2025-12-31T23:55:00 to 2026-01-02T23:18:55.574698657. Structure has not fully confirmed, and force is still pushing (momentum=NEUTRAL). This is not random movement; this is organized decline. Start price 4318.3600, target zone 4254.7076. Therefore: SELL continuation bias, not blind chase.",2025-12-31T13:30:00,US Core PCE Price Index MoM,high,625.0,2026-01-03T13:30:00,US Non-Farm Payrolls (NFP),high,3695.0,307.2054,307.2054,6.99,1,ACCUMULATION,1x1,PRICE_LEADS,5.314,Shatabhisha,1,-2.68582619,-69.578448,-2.68582619,0.0566644693,4318.36,307.2054,202512312355
dbd5b737d9e24a96,2026-04-05T17:05:07.432253+00:00,XAUUSD,15m,5m,25,combined,WAIT,DOWN,2025-12-31T23:55:00,4318.36,0.0,2025-12-31T23:55:00,4318.36,2025-12-31T23:55:00,2026-01-02T23:18:55.574698657,4318.36,4254.70757,47.3988,-63.65243,-1.473995,physics_projection,315,NEAR,NEUTRAL,False,CONSOLIDATION,False,NEUTRAL,0.056664,YES,NO,NO,NO,SELL_CONTINUATION,NEUTRAL (mixed),WAIT,"Price has reached a cardinal angle near 315deg (current 307.2054deg), and time is in phase with neutral during active window 2025-12-31T23:55:00 to 2026-01-02T23:18:55.574698657. Structure has not fully confirmed, and force is still pushing (momentum=NEUTRAL). This is not random movement; this is organized decline. Start price 4318.3600, target zone 4254.7076. Therefore: SELL continuation bias, not blind chase.",2025-12-31T13:30:00,US Core PCE Price Index MoM,high,625.0,2026-01-03T13:30:00,US Non-Farm Payrolls (NFP),high,3695.0,307.2054,307.2054,6.99,1,ACCUMULATION,1x1,PRICE_LEADS,5.314,Shatabhisha,1,-2.68582619,-69.578448,-2.68582619,0.0566644693,4318.36,307.2054,202512312355
c1df6be8b5254a05,2026-04-05T17:05:07.568573+00:00,XAUUSD,30m,30m,25,combined,WAIT,DOWN,2025-12-31T23:30:00,4318.36,0.0,2025-12-31T23:30:00,4318.36,2025-12-31T23:30:00,2026-01-03T23:30:00,4318.36,4189.143125,72.0,-129.216875,-2.992267,physics_projection,315,NEAR,NEUTRAL,False,CONSOLIDATION,False,NEUTRAL,0.022197,YES,NO,NO,NO,SELL_CONTINUATION,NEUTRAL (mixed),WAIT,"Price has reached a cardinal angle near 315deg (current 301.6704deg), and time is in phase with neutral during active window 2025-12-31T23:30:00 to 2026-01-03T23:30:00. Structure has not fully confirmed, and force is still pushing (momentum=NEUTRAL). This is not random movement; this is organized decline. Start price 4318.3600, target zone 4189.1431. Therefore: SELL continuation bias, not blind chase.",2025-12-31T13:30:00,US Core PCE Price Index MoM,high,600.0,2026-01-03T13:30:00,US Non-Farm Payrolls (NFP),high,3720.0,301.6704,301.6704,52.62,1,ACCUMULATION,2x1,PRICE_LEADS,9.447,Dhanishtha,3,-2.59376812,-68.91638,-2.59376812,0.0221969252,4318.36,301.6704,202512312330
e17099b31fab4947,2026-04-05T17:05:07.838977+00:00,XAUUSD,1d,4h,25,combined,WAIT,DOWN,2025-12-31T16:00:00,4321.95,4.0,2025-12-31T20:00:00,4318.36,2025-12-31T16:00:00,2026-01-03T20:00:00,4321.95,4243.295792,72.0,-75.064208,-1.738257,physics_projection,315,EXACT,NEUTRAL,False,CONSOLIDATION,False,NEUTRAL,0.007808,YES,NO,NO,NO,SELL_CONTINUATION,NEUTRAL (mixed),WAIT,"Price has reached a cardinal angle near 315deg (current 313.4771deg), and time is in phase with neutral during active window 2025-12-31T16:00:00 to 2026-01-03T20:00:00. Structure has not fully confirmed, and force is still pushing (momentum=NEUTRAL). This is not random movement; this is organized decline. Start price 4321.9500, target zone 4243.2958. Therefore: SELL continuation bias, not blind chase.",2025-12-31T13:30:00,US Core PCE Price Index MoM,high,390.0,2026-01-03T13:30:00,US Non-Farm Payrolls (NFP),high,3930.0,313.4771,313.4771,62.24,1,ACCUMULATION,1x1,PRICE_LEADS,13.7955,Shatabhisha,3,-1.32364286,-52.929289,-1.32364286,0.0078079004,1079.59,78.369275,202512312000
28183c86cc554205,2026-04-05T17:05:08.972565+00:00,XAUUSD,1h,1h,25,combined,WAIT,DOWN,2025-12-31T20:00:00,4319.57,3.0,2025-12-31T23:00:00,4318.36,2025-12-31T20:00:00,2026-01-01T02:45:00,4319.57,4311.682929,3.75,-6.677071,-0.154621,physics_projection,315,EXACT,NEUTRAL,False,CONSOLIDATION,False,NEUTRAL,-0.003806,YES,NO,NO,NO,SELL_CONTINUATION,NEUTRAL (mixed),WAIT,"Price has reached a cardinal angle near 315deg (current 310.2184deg), and time is in phase with neutral during active window 2025-12-31T20:00:00 to 2026-01-01T02:45:00. Structure has not fully confirmed, and motion is decaying (momentum=NEUTRAL). This is not random movement; this is organized decline. Start price 4319.5700, target zone 4311.6829. Therefore: SELL continuation bias, not blind chase.",2025-12-31T13:30:00,US Core PCE Price Index MoM,high,570.0,2026-01-03T13:30:00,US Non-Farm Payrolls (NFP),high,3750.0,310.2184,310.2184,59.68,1,ACCUMULATION,1x1,PRICE_LEADS,10.013,Shatabhisha,2,-1.77341667,-60.582076,-1.77341667,-0.0038056316,1439.45333333,103.40613333,202512312300
0c62a9dd30a24f16,2026-04-05T17:05:09.846540+00:00,XAUUSD,1h,1h,25,combined,WAIT,DOWN,2025-12-31T20:00:00,4319.57,3.0,2025-12-31T23:00:00,4318.36,2025-12-31T20:00:00,2026-01-01T02:45:00,4319.57,4311.682929,3.75,-6.677071,-0.154621,physics_projection,315,EXACT,NEUTRAL,False,CONSOLIDATION,False,NEUTRAL,-0.003806,YES,NO,NO,NO,SELL_CONTINUATION,NEUTRAL (mixed),WAIT,"Price has reached a cardinal angle near 315deg (current 310.2184deg), and time is in phase with neutral during active window 2025-12-31T20:00:00 to 2026-01-01T02:45:00. Structure has not fully confirmed, and motion is decaying (momentum=NEUTRAL). This is not random movement; this is organized decline. Start price 4319.5700, target zone 4311.6829. Therefore: SELL continuation bias, not blind chase.",2025-12-31T13:30:00,US Core PCE Price Index MoM,high,570.0,2026-01-03T13:30:00,US Non-Farm Payrolls (NFP),high,3750.0,310.2184,310.2184,59.68,1,ACCUMULATION,1x1,PRICE_LEADS,10.013,Shatabhisha,2,-1.77341667,-60.582076,-1.77341667,-0.0038056316,1439.45333333,103.40613333,202512312300
bf58cf3e60ce4604,2026-04-05T17:05:09.885380+00:00,XAUUSD,30m,30m,25,combined,WAIT,DOWN,2025-12-31T23:30:00,4318.36,0.0,2025-12-31T23:30:00,4318.36,2025-12-31T23:30:00,2026-01-03T23:30:00,4318.36,4189.143125,72.0,-129.216875,-2.992267,physics_projection,315,NEAR,NEUTRAL,False,CONSOLIDATION,False,NEUTRAL,0.022197,YES,NO,NO,NO,SELL_CONTINUATION,NEUTRAL (mixed),WAIT,"Price has reached a cardinal angle near 315deg (current 301.6704deg), and time is in phase with neutral during active window 2025-12-31T23:30:00 to 2026-01-03T23:30:00. Structure has not fully confirmed, and force is still pushing (momentum=NEUTRAL). This is not random movement; this is organized decline. Start price 4318.3600, target zone 4189.1431. Therefore: SELL continuation bias, not blind chase.",2025-12-31T13:30:00,US Core PCE Price Index MoM,high,600.0,2026-01-03T13:30:00,US Non-Farm Payrolls (NFP),high,3720.0,301.6704,301.6704,52.62,1,ACCUMULATION,2x1,PRICE_LEADS,9.447,Dhanishtha,3,-2.59376812,-68.91638,-2.59376812,0.0221969252,4318.36,301.6704,202512312330
f94f695dfa1a45ab,2026-04-05T17:05:11.562565+00:00,XAUUSD,5m,5m,25,combined,WAIT,DOWN,2025-12-31T23:55:00,4318.36,0.0,2025-12-31T23:55:00,4318.36,2025-12-31T23:55:00,2026-01-02T23:18:55.574698657,4318.36,4254.70757,47.3988,-63.65243,-1.473995,physics_projection,315,NEAR,NEUTRAL,False,CONSOLIDATION,False,NEUTRAL,0.056664,YES,NO,NO,NO,SELL_CONTINUATION,NEUTRAL (mixed),WAIT,"Price has reached a cardinal angle near 315deg (current 307.2054deg), and time is in phase with neutral during active window 2025-12-31T23:55:00 to 2026-01-02T23:18:55.574698657. Structure has not fully confirmed, and force is still pushing (momentum=NEUTRAL). This is not random movement; this is organized decline. Start price 4318.3600, target zone 4254.7076. Therefore: SELL continuation bias, not blind chase.",2025-12-31T13:30:00,US Core PCE Price Index MoM,high,625.0,2026-01-03T13:30:00,US Non-Farm Payrolls (NFP),high,3695.0,307.2054,307.2054,6.99,1,ACCUMULATION,1x1,PRICE_LEADS,5.314,Shatabhisha,1,-2.68582619,-69.578448,-2.68582619,0.0566644693,4318.36,307.2054,202512312355
b5bef18754ac45d8,2026-04-05T17:05:12.902986+00:00,XAUUSD,1h,1h,25,combined,WAIT,DOWN,2025-12-31T20:00:00,4319.57,3.0,2025-12-31T23:00:00,4318.36,2025-12-31T20:00:00,2026-01-01T02:45:00,4319.57,4311.682929,3.75,-6.677071,-0.154621,physics_projection,315,EXACT,NEUTRAL,False,CONSOLIDATION,False,NEUTRAL,-0.003806,YES,NO,NO,NO,SELL_CONTINUATION,NEUTRAL (mixed),WAIT,"Price has reached a cardinal angle near 315deg (current 310.2184deg), and time is in phase with neutral during active window 2025-12-31T20:00:00 to 2026-01-01T02:45:00. Structure has not fully confirmed, and motion is decaying (momentum=NEUTRAL). This is not random movement; this is organized decline. Start price 4319.5700, target zone 4311.6829. Therefore: SELL continuation bias, not blind chase.",2025-12-31T13:30:00,US Core PCE Price Index MoM,high,570.0,2026-01-03T13:30:00,US Non-Farm Payrolls (NFP),high,3750.0,310.2184,310.2184,59.68,1,ACCUMULATION,1x1,PRICE_LEADS,10.013,Shatabhisha,2,-1.77341667,-60.582076,-1.77341667,-0.0038056316,1439.45333333,103.40613333,202512312300
a5068ee753f04331,2026-04-05T17:05:14.194398+00:00,XAUUSD,15m,5m,25,combined,WAIT,DOWN,2025-12-31T23:55:00,4318.36,0.0,2025-12-31T23:55:00,4318.36,2025-12-31T23:55:00,2026-01-02T23:18:55.574698657,4318.36,4254.70757,47.3988,-63.65243,-1.473995,physics_projection,315,NEAR,NEUTRAL,False,CONSOLIDATION,False,NEUTRAL,0.056664,YES,NO,NO,NO,SELL_CONTINUATION,NEUTRAL (mixed),WAIT,"Price has reached a cardinal angle near 315deg (current 307.2054deg), and time is in phase with neutral during active window 2025-12-31T23:55:00 to 2026-01-02T23:18:55.574698657. Structure has not fully confirmed, and force is still pushing (momentum=NEUTRAL). This is not random movement; this is organized decline. Start price 4318.3600, target zone 4254.7076. Therefore: SELL continuation bias, not blind chase.",2025-12-31T13:30:00,US Core PCE Price Index MoM,high,625.0,2026-01-03T13:30:00,US Non-Farm Payrolls (NFP),high,3695.0,307.2054,307.2054,6.99,1,ACCUMULATION,1x1,PRICE_LEADS,5.314,Shatabhisha,1,-2.68582619,-69.578448,-2.68582619,0.0566644693,4318.36,307.2054,202512312355
879c6d007c4847a8,2026-04-05T17:05:17.463817+00:00,XAUUSD,1h,1h,25,combined,WAIT,DOWN,2025-12-31T20:00:00,4319.57,3.0,2025-12-31T23:00:00,4318.36,2025-12-31T20:00:00,2026-01-01T02:45:00,4319.57,4311.682929,3.75,-6.677071,-0.154621,physics_projection,315,EXACT,NEUTRAL,False,CONSOLIDATION,False,NEUTRAL,-0.003806,YES,NO,NO,NO,SELL_CONTINUATION,NEUTRAL (mixed),WAIT,"Price has reached a cardinal angle near 315deg (current 310.2184deg), and time is in phase with neutral during active window 2025-12-31T20:00:00 to 2026-01-01T02:45:00. Structure has not fully confirmed, and motion is decaying (momentum=NEUTRAL). This is not random movement; this is organized decline. Start price 4319.5700, target zone 4311.6829. Therefore: SELL continuation bias, not blind chase.",2025-12-31T13:30:00,US Core PCE Price Index MoM,high,570.0,2026-01-03T13:30:00,US Non-Farm Payrolls (NFP),high,3750.0,310.2184,310.2184,59.68,1,ACCUMULATION,1x1,PRICE_LEADS,10.013,Shatabhisha,2,-1.77341667,-60.582076,-1.77341667,-0.0038056316,1439.45333333,103.40613333,202512312300
057def344d634562,2026-04-05T17:05:26.043274+00:00,XAUUSD,1h,1h,25,combined,WAIT,DOWN,2025-12-31T20:00:00,4319.57,3.0,2025-12-31T23:00:00,4318.36,2025-12-31T20:00:00,2026-01-01T02:45:00,4319.57,4311.682929,3.75,-6.677071,-0.154621,physics_projection,315,EXACT,NEUTRAL,False,CONSOLIDATION,False,NEUTRAL,-0.003806,YES,NO,NO,NO,SELL_CONTINUATION,NEUTRAL (mixed),WAIT,"Price has reached a cardinal angle near 315deg (current 310.2184deg), and time is in phase with neutral during active window 2025-12-31T20:00:00 to 2026-01-01T02:45:00. Structure has not fully confirmed, and motion is decaying (momentum=NEUTRAL). This is not random movement; this is organized decline. Start price 4319.5700, target zone 4311.6829. Therefore: SELL continuation bias, not blind chase.",2025-12-31T13:30:00,US Core PCE Price Index MoM,high,570.0,2026-01-03T13:30:00,US Non-Farm Payrolls (NFP),high,3750.0,310.2184,310.2184,59.68,1,ACCUMULATION,1x1,PRICE_LEADS,10.013,Shatabhisha,2,-1.77341667,-60.582076,-1.77341667,-0.0038056316,1439.45333333,103.40613333,202512312300
7fc85a15a6294cdd,2026-04-05T17:05:33.627804+00:00,XAUUSD,4h,4h,25,combined,WAIT,DOWN,2025-12-31T16:00:00,4321.95,4.0,2025-12-31T20:00:00,4318.36,2025-12-31T16:00:00,2026-01-03T20:00:00,4321.95,4243.295792,72.0,-75.064208,-1.738257,physics_projection,315,EXACT,NEUTRAL,False,CONSOLIDATION,False,NEUTRAL,0.007808,YES,NO,NO,NO,SELL_CONTINUATION,NEUTRAL (mixed),WAIT,"Price has reached a cardinal angle near 315deg (current 313.4771deg), and time is in phase with neutral during active window 2025-12-31T16:00:00 to 2026-01-03T20:00:00. Structure has not fully confirmed, and force is still pushing (momentum=NEUTRAL). This is not random movement; this is organized decline. Start price 4321.9500, target zone 4243.2958. Therefore: SELL continuation bias, not blind chase.",2025-12-31T13:30:00,US Core PCE Price Index MoM,high,390.0,2026-01-03T13:30:00,US Non-Farm Payrolls (NFP),high,3930.0,313.4771,313.4771,62.24,1,ACCUMULATION,1x1,PRICE_LEADS,13.7955,Shatabhisha,3,-1.32364286,-52.929289,-1.32364286,0.0078079004,1079.59,78.369275,202512312000
ea5cb0a0e71b480e,2026-04-05T17:05:37.589336+00:00,XAUUSD,1month,4h,25,combined,WAIT,DOWN,2025-12-31T16:00:00,4321.95,4.0,2025-12-31T20:00:00,4318.36,2025-12-31T16:00:00,2026-01-03T20:00:00,4321.95,4243.295792,72.0,-75.064208,-1.738257,physics_projection,315,EXACT,NEUTRAL,False,CONSOLIDATION,False,NEUTRAL,0.007808,YES,NO,NO,NO,SELL_CONTINUATION,NEUTRAL (mixed),WAIT,"Price has reached a cardinal angle near 315deg (current 313.4771deg), and time is in phase with neutral during active window 2025-12-31T16:00:00 to 2026-01-03T20:00:00. Structure has not fully confirmed, and force is still pushing (momentum=NEUTRAL). This is not random movement; this is organized decline. Start price 4321.9500, target zone 4243.2958. Therefore: SELL continuation bias, not blind chase.",2025-12-31T13:30:00,US Core PCE Price Index MoM,high,390.0,2026-01-03T13:30:00,US Non-Farm Payrolls (NFP),high,3930.0,313.4771,313.4771,62.24,1,ACCUMULATION,1x1,PRICE_LEADS,13.7955,Shatabhisha,3,-1.32364286,-52.929289,-1.32364286,0.0078079004,1079.59,78.369275,202512312000
ae6ac2dc42c34446,2026-04-05T17:05:38.772260+00:00,XAUUSD,1w,4h,25,combined,WAIT,DOWN,2025-12-31T16:00:00,4321.95,4.0,2025-12-31T20:00:00,4318.36,2025-12-31T16:00:00,2026-01-03T20:00:00,4321.95,4243.295792,72.0,-75.064208,-1.738257,physics_projection,315,EXACT,NEUTRAL,False,CONSOLIDATION,False,NEUTRAL,0.007808,YES,NO,NO,NO,SELL_CONTINUATION,NEUTRAL (mixed),WAIT,"Price has reached a cardinal angle near 315deg (current 313.4771deg), and time is in phase with neutral during active window 2025-12-31T16:00:00 to 2026-01-03T20:00:00. Structure has not fully confirmed, and force is still pushing (momentum=NEUTRAL). This is not random movement; this is organized decline. Start price 4321.9500, target zone 4243.2958. Therefore: SELL continuation bias, not blind chase.",2025-12-31T13:30:00,US Core PCE Price Index MoM,high,390.0,2026-01-03T13:30:00,US Non-Farm Payrolls (NFP),high,3930.0,313.4771,313.4771,62.24,1,ACCUMULATION,1x1,PRICE_LEADS,13.7955,Shatabhisha,3,-1.32364286,-52.929289,-1.32364286,0.0078079004,1079.59,78.369275,202512312000
3405d76ee9f04a3e,2026-04-05T17:05:38.955877+00:00,XAUUSD,15m,5m,25,combined,WAIT,DOWN,2025-12-31T23:55:00,4318.36,0.0,2025-12-31T23:55:00,4318.36,2025-12-31T23:55:00,2026-01-02T23:18:55.574698657,4318.36,4254.70757,47.3988,-63.65243,-1.473995,physics_projection,315,NEAR,NEUTRAL,False,CONSOLIDATION,False,NEUTRAL,0.056664,YES,NO,NO,NO,SELL_CONTINUATION,NEUTRAL (mixed),WAIT,"Price has reached a cardinal angle near 315deg (current 307.2054deg), and time is in phase with neutral during active window 2025-12-31T23:55:00 to 2026-01-02T23:18:55.574698657. Structure has not fully confirmed, and force is still pushing (momentum=NEUTRAL). This is not random movement; this is organized decline. Start price 4318.3600, target zone 4254.7076. Therefore: SELL continuation bias, not blind chase.",2025-12-31T13:30:00,US Core PCE Price Index MoM,high,625.0,2026-01-03T13:30:00,US Non-Farm Payrolls (NFP),high,3695.0,307.2054,307.2054,6.99,1,ACCUMULATION,1x1,PRICE_LEADS,5.314,Shatabhisha,1,-2.68582619,-69.578448,-2.68582619,0.0566644693,4318.36,307.2054,202512312355
d22d482cfad048f9,2026-04-05T17:05:40.009795+00:00,XAUUSD,5m,5m,25,combined,WAIT,DOWN,2025-12-31T23:55:00,4318.36,0.0,2025-12-31T23:55:00,4318.36,2025-12-31T23:55:00,2026-01-02T23:18:55.574698657,4318.36,4254.70757,47.3988,-63.65243,-1.473995,physics_projection,315,NEAR,NEUTRAL,False,CONSOLIDATION,False,NEUTRAL,0.056664,YES,NO,NO,NO,SELL_CONTINUATION,NEUTRAL (mixed),WAIT,"Price has reached a cardinal angle near 315deg (current 307.2054deg), and time is in phase with neutral during active window 2025-12-31T23:55:00 to 2026-01-02T23:18:55.574698657. Structure has not fully confirmed, and force is still pushing (momentum=NEUTRAL). This is not random movement; this is organized decline. Start price 4318.3600, target zone 4254.7076. Therefore: SELL continuation bias, not blind chase.",2025-12-31T13:30:00,US Core PCE Price Index MoM,high,625.0,2026-01-03T13:30:00,US Non-Farm Payrolls (NFP),high,3695.0,307.2054,307.2054,6.99,1,ACCUMULATION,1x1,PRICE_LEADS,5.314,Shatabhisha,1,-2.68582619,-69.578448,-2.68582619,0.0566644693,4318.36,307.2054,202512312355
2bb7f220ebd84d3b,2026-04-05T17:05:40.824752+00:00,XAUUSD,30m,30m,25,combined,WAIT,DOWN,2025-12-31T23:30:00,4318.36,0.0,2025-12-31T23:30:00,4318.36,2025-12-31T23:30:00,2026-01-03T23:30:00,4318.36,4189.143125,72.0,-129.216875,-2.992267,physics_projection,315,NEAR,NEUTRAL,False,CONSOLIDATION,False,NEUTRAL,0.022197,YES,NO,NO,NO,SELL_CONTINUATION,NEUTRAL (mixed),WAIT,"Price has reached a cardinal angle near 315deg (current 301.6704deg), and time is in phase with neutral during active window 2025-12-31T23:30:00 to 2026-01-03T23:30:00. Structure has not fully confirmed, and force is still pushing (momentum=NEUTRAL). This is not random movement; this is organized decline. Start price 4318.3600, target zone 4189.1431. Therefore: SELL continuation bias, not blind chase.",2025-12-31T13:30:00,US Core PCE Price Index MoM,high,600.0,2026-01-03T13:30:00,US Non-Farm Payrolls (NFP),high,3720.0,301.6704,301.6704,52.62,1,ACCUMULATION,2x1,PRICE_LEADS,9.447,Dhanishtha,3,-2.59376812,-68.91638,-2.59376812,0.0221969252,4318.36,301.6704,202512312330
dfeb88ce1fc4477b,2026-04-05T17:05:41.588964+00:00,XAUUSD,4h,4h,25,combined,WAIT,DOWN,2025-12-31T16:00:00,4321.95,4.0,2025-12-31T20:00:00,4318.36,2025-12-31T16:00:00,2026-01-03T20:00:00,4321.95,4243.295792,72.0,-75.064208,-1.738257,physics_projection,315,EXACT,NEUTRAL,False,CONSOLIDATION,False,NEUTRAL,0.007808,YES,NO,NO,NO,SELL_CONTINUATION,NEUTRAL (mixed),WAIT,"Price has reached a cardinal angle near 315deg (current 313.4771deg), and time is in phase with neutral during active window 2025-12-31T16:00:00 to 2026-01-03T20:00:00. Structure has not fully confirmed, and force is still pushing (momentum=NEUTRAL). This is not random movement; this is organized decline. Start price 4321.9500, target zone 4243.2958. Therefore: SELL continuation bias, not blind chase.",2025-12-31T13:30:00,US Core PCE Price Index MoM,high,390.0,2026-01-03T13:30:00,US Non-Farm Payrolls (NFP),high,3930.0,313.4771,313.4771,62.24,1,ACCUMULATION,1x1,PRICE_LEADS,13.7955,Shatabhisha,3,-1.32364286,-52.929289,-1.32364286,0.0078079004,1079.59,78.369275,202512312000
35eabf7310e143c5,2026-04-05T17:05:50.779540+00:00,XAUUSD,5m,5m,25,combined,WAIT,DOWN,2025-12-31T23:55:00,4318.36,0.0,2025-12-31T23:55:00,4318.36,2025-12-31T23:55:00,2026-01-02T23:18:55.574698657,4318.36,4254.70757,47.3988,-63.65243,-1.473995,physics_projection,315,NEAR,NEUTRAL,False,CONSOLIDATION,False,NEUTRAL,0.056664,YES,NO,NO,NO,SELL_CONTINUATION,NEUTRAL (mixed),WAIT,"Price has reached a cardinal angle near 315deg (current 307.2054deg), and time is in phase with neutral during active window 2025-12-31T23:55:00 to 2026-01-02T23:18:55.574698657. Structure has not fully confirmed, and force is still pushing (momentum=NEUTRAL). This is not random movement; this is organized decline. Start price 4318.3600, target zone 4254.7076. Therefore: SELL continuation bias, not blind chase.",2025-12-31T13:30:00,US Core PCE Price Index MoM,high,625.0,2026-01-03T13:30:00,US Non-Farm Payrolls (NFP),high,3695.0,307.2054,307.2054,6.99,1,ACCUMULATION,1x1,PRICE_LEADS,5.314,Shatabhisha,1,-2.68582619,-69.578448,-2.68582619,0.0566644693,4318.36,307.2054,202512312355
d2f5018099c7463d,2026-04-05T17:05:53.037613+00:00,XAUUSD,15m,5m,25,combined,WAIT,DOWN,2025-12-31T23:55:00,4318.36,0.0,2025-12-31T23:55:00,4318.36,2025-12-31T23:55:00,2026-01-02T23:18:55.574698657,4318.36,4254.70757,47.3988,-63.65243,-1.473995,physics_projection,315,NEAR,NEUTRAL,False,CONSOLIDATION,False,NEUTRAL,0.056664,YES,NO,NO,NO,SELL_CONTINUATION,NEUTRAL (mixed),WAIT,"Price has reached a cardinal angle near 315deg (current 307.2054deg), and time is in phase with neutral during active window 2025-12-31T23:55:00 to 2026-01-02T23:18:55.574698657. Structure has not fully confirmed, and force is still pushing (momentum=NEUTRAL). This is not random movement; this is organized decline. Start price 4318.3600, target zone 4254.7076. Therefore: SELL continuation bias, not blind chase.",2025-12-31T13:30:00,US Core PCE Price Index MoM,high,625.0,2026-01-03T13:30:00,US Non-Farm Payrolls (NFP),high,3695.0,307.2054,307.2054,6.99,1,ACCUMULATION,1x1,PRICE_LEADS,5.314,Shatabhisha,1,-2.68582619,-69.578448,-2.68582619,0.0566644693,4318.36,307.2054,202512312355
346e0eee985d4dd3,2026-04-05T17:06:17.272851+00:00,XAUUSD,1h,1h,25,combined,WAIT,DOWN,2025-12-31T20:00:00,4319.57,3.0,2025-12-31T23:00:00,4318.36,2025-12-31T20:00:00,2026-01-01T02:45:00,4319.57,4311.682929,3.75,-6.677071,-0.154621,physics_projection,315,EXACT,NEUTRAL,False,CONSOLIDATION,False,NEUTRAL,-0.003806,YES,NO,NO,NO,SELL_CONTINUATION,NEUTRAL (mixed),WAIT,"Price has reached a cardinal angle near 315deg (current 310.2184deg), and time is in phase with neutral during active window 2025-12-31T20:00:00 to 2026-01-01T02:45:00. Structure has not fully confirmed, and motion is decaying (momentum=NEUTRAL). This is not random movement; this is organized decline. Start price 4319.5700, target zone 4311.6829. Therefore: SELL continuation bias, not blind chase.",2025-12-31T13:30:00,US Core PCE Price Index MoM,high,570.0,2026-01-03T13:30:00,US Non-Farm Payrolls (NFP),high,3750.0,310.2184,310.2184,59.68,1,ACCUMULATION,1x1,PRICE_LEADS,10.013,Shatabhisha,2,-1.77341667,-60.582076,-1.77341667,-0.0038056316,1439.45333333,103.40613333,202512312300
ab838f93eb3443c3,2026-04-05T17:06:19.689336+00:00,XAUUSD,30m,30m,25,combined,WAIT,DOWN,2025-12-31T23:30:00,4318.36,0.0,2025-12-31T23:30:00,4318.36,2025-12-31T23:30:00,2026-01-03T23:30:00,4318.36,4189.143125,72.0,-129.216875,-2.992267,physics_projection,315,NEAR,NEUTRAL,False,CONSOLIDATION,False,NEUTRAL,0.022197,YES,NO,NO,NO,SELL_CONTINUATION,NEUTRAL (mixed),WAIT,"Price has reached a cardinal angle near 315deg (current 301.6704deg), and time is in phase with neutral during active window 2025-12-31T23:30:00 to 2026-01-03T23:30:00. Structure has not fully confirmed, and force is still pushing (momentum=NEUTRAL). This is not random movement; this is organized decline. Start price 4318.3600, target zone 4189.1431. Therefore: SELL continuation bias, not blind chase.",2025-12-31T13:30:00,US Core PCE Price Index MoM,high,600.0,2026-01-03T13:30:00,US Non-Farm Payrolls (NFP),high,3720.0,301.6704,301.6704,52.62,1,ACCUMULATION,2x1,PRICE_LEADS,9.447,Dhanishtha,3,-2.59376812,-68.91638,-2.59376812,0.0221969252,4318.36,301.6704,202512312330
1c787fc0300d4382,2026-04-06T01:22:25.061004+00:00,XAUUSD,1d,4h,25,historical_first,WAIT,DOWN,2025-12-31T16:00:00,4321.95,4.0,2025-12-31T20:00:00,4318.36,2025-12-31T16:00:00,2026-01-03T20:00:00,4321.95,4243.295792,72.0,-75.064208,-1.738257,physics_projection,315,EXACT,NEUTRAL,False,CONSOLIDATION,False,NEUTRAL,0.007808,YES,NO,NO,NO,SELL_CONTINUATION,NEUTRAL (mixed),WAIT,"Price has reached a cardinal angle near 315deg (current 313.4771deg), and time is in phase with neutral during active window 2025-12-31T16:00:00 to 2026-01-03T20:00:00. Structure has not fully confirmed, and force is still pushing (momentum=NEUTRAL). This is not random movement; this is organized decline. Start price 4321.9500, target zone 4243.2958. Therefore: SELL continuation bias, not blind chase.",2025-12-31T13:30:00,US Core PCE Price Index MoM,high,390.0,2026-01-03T13:30:00,US Non-Farm Payrolls (NFP),high,3930.0,313.4771,313.4771,62.24,1,ACCUMULATION,1x1,PRICE_LEADS,13.7955,Shatabhisha,3,-1.32364286,-52.929289,-1.32364286,0.0078079004,1079.59,78.369275,202512312000
22ec2e2e0a8340d5,2026-04-06T01:27:21.547618+00:00,XAUUSD,4h,4h,25,historical_first,WAIT,DOWN,2025-12-31T16:00:00,4321.95,4.0,2025-12-31T20:00:00,4318.36,2025-12-31T16:00:00,2026-01-03T20:00:00,4321.95,4243.295792,72.0,-75.064208,-1.738257,physics_projection,315,EXACT,NEUTRAL,False,CONSOLIDATION,False,NEUTRAL,0.007808,YES,NO,NO,NO,SELL_CONTINUATION,NEUTRAL (mixed),WAIT,"Price has reached a cardinal angle near 315deg (current 313.4771deg), and time is in phase with neutral during active window 2025-12-31T16:00:00 to 2026-01-03T20:00:00. Structure has not fully confirmed, and force is still pushing (momentum=NEUTRAL). This is not random movement; this is organized decline. Start price 4321.9500, target zone 4243.2958. Therefore: SELL continuation bias, not blind chase.",2025-12-31T13:30:00,US Core PCE Price Index MoM,high,390.0,2026-01-03T13:30:00,US Non-Farm Payrolls (NFP),high,3930.0,313.4771,313.4771,62.24,1,ACCUMULATION,1x1,PRICE_LEADS,13.7955,Shatabhisha,3,-1.32364286,-52.929289,-1.32364286,0.0078079004,1079.59,78.369275,202512312000
b2b6aab1fe184605,2026-04-06T01:27:24.826350+00:00,XAUUSD,1month,4h,25,historical_first,WAIT,DOWN,2025-12-31T16:00:00,4321.95,4.0,2025-12-31T20:00:00,4318.36,2025-12-31T16:00:00,2026-01-03T20:00:00,4321.95,4243.295792,72.0,-75.064208,-1.738257,physics_projection,315,EXACT,NEUTRAL,False,CONSOLIDATION,False,NEUTRAL,0.007808,YES,NO,NO,NO,SELL_CONTINUATION,NEUTRAL (mixed),WAIT,"Price has reached a cardinal angle near 315deg (current 313.4771deg), and time is in phase with neutral during active window 2025-12-31T16:00:00 to 2026-01-03T20:00:00. Structure has not fully confirmed, and force is still pushing (momentum=NEUTRAL). This is not random movement; this is organized decline. Start price 4321.9500, target zone 4243.2958. Therefore: SELL continuation bias, not blind chase.",2025-12-31T13:30:00,US Core PCE Price Index MoM,high,390.0,2026-01-03T13:30:00,US Non-Farm Payrolls (NFP),high,3930.0,313.4771,313.4771,62.24,1,ACCUMULATION,1x1,PRICE_LEADS,13.7955,Shatabhisha,3,-1.32364286,-52.929289,-1.32364286,0.0078079004,1079.59,78.369275,202512312000
14ac08f305d14a44,2026-04-06T01:27:25.042650+00:00,XAUUSD,1w,4h,25,historical_first,WAIT,DOWN,2025-12-31T16:00:00,4321.95,4.0,2025-12-31T20:00:00,4318.36,2025-12-31T16:00:00,2026-01-03T20:00:00,4321.95,4243.295792,72.0,-75.064208,-1.738257,physics_projection,315,EXACT,NEUTRAL,False,CONSOLIDATION,False,NEUTRAL,0.007808,YES,NO,NO,NO,SELL_CONTINUATION,NEUTRAL (mixed),WAIT,"Price has reached a cardinal angle near 315deg (current 313.4771deg), and time is in phase with neutral during active window 2025-12-31T16:00:00 to 2026-01-03T20:00:00. Structure has not fully confirmed, and force is still pushing (momentum=NEUTRAL). This is not random movement; this is organized decline. Start price 4321.9500, target zone 4243.2958. Therefore: SELL continuation bias, not blind chase.",2025-12-31T13:30:00,US Core PCE Price Index MoM,high,390.0,2026-01-03T13:30:00,US Non-Farm Payrolls (NFP),high,3930.0,313.4771,313.4771,62.24,1,ACCUMULATION,1x1,PRICE_LEADS,13.7955,Shatabhisha,3,-1.32364286,-52.929289,-1.32364286,0.0078079004,1079.59,78.369275,202512312000
d5d4627fb4454db7,2026-04-06T01:28:47.625376+00:00,XAUUSD,30m,30m,25,historical_first,WAIT,DOWN,2025-12-31T23:30:00,4318.36,0.0,2025-12-31T23:30:00,4318.36,2025-12-31T23:30:00,2026-01-03T23:30:00,4318.36,4189.143125,72.0,-129.216875,-2.992267,physics_projection,315,NEAR,NEUTRAL,False,CONSOLIDATION,False,NEUTRAL,0.022197,YES,NO,NO,NO,SELL_CONTINUATION,NEUTRAL (mixed),WAIT,"Price has reached a cardinal angle near 315deg (current 301.6704deg), and time is in phase with neutral during active window 2025-12-31T23:30:00 to 2026-01-03T23:30:00. Structure has not fully confirmed, and force is still pushing (momentum=NEUTRAL). This is not random movement; this is organized decline. Start price 4318.3600, target zone 4189.1431. Therefore: SELL continuation bias, not blind chase.",2025-12-31T13:30:00,US Core PCE Price Index MoM,high,600.0,2026-01-03T13:30:00,US Non-Farm Payrolls (NFP),high,3720.0,301.6704,301.6704,52.62,1,ACCUMULATION,2x1,PRICE_LEADS,9.447,Dhanishtha,3,-2.59376812,-68.91638,-2.59376812,0.0221969252,4318.36,301.6704,202512312330
6bd1898b1e4f49c2,2026-04-06T01:28:49.206724+00:00,XAUUSD,1h,1h,25,historical_first,WAIT,DOWN,2025-12-31T20:00:00,4319.57,3.0,2025-12-31T23:00:00,4318.36,2025-12-31T20:00:00,2026-01-01T02:45:00,4319.57,4311.682929,3.75,-6.677071,-0.154621,physics_projection,315,EXACT,NEUTRAL,False,CONSOLIDATION,False,NEUTRAL,-0.003806,YES,NO,NO,NO,SELL_CONTINUATION,NEUTRAL (mixed),WAIT,"Price has reached a cardinal angle near 315deg (current 310.2184deg), and time is in phase with neutral during active window 2025-12-31T20:00:00 to 2026-01-01T02:45:00. Structure has not fully confirmed, and motion is decaying (momentum=NEUTRAL). This is not random movement; this is organized decline. Start price 4319.5700, target zone 4311.6829. Therefore: SELL continuation bias, not blind chase.",2025-12-31T13:30:00,US Core PCE Price Index MoM,high,570.0,2026-01-03T13:30:00,US Non-Farm Payrolls (NFP),high,3750.0,310.2184,310.2184,59.68,1,ACCUMULATION,1x1,PRICE_LEADS,10.013,Shatabhisha,2,-1.77341667,-60.582076,-1.77341667,-0.0038056316,1439.45333333,103.40613333,202512312300
a7c8b4325c3e4c4c,2026-04-06T01:29:00.517244+00:00,XAUUSD,5m,5m,25,historical_first,WAIT,DOWN,2025-12-31T23:55:00,4318.36,0.0,2025-12-31T23:55:00,4318.36,2025-12-31T23:55:00,2026-01-02T23:18:55.574698657,4318.36,4254.70757,47.3988,-63.65243,-1.473995,physics_projection,315,NEAR,NEUTRAL,False,CONSOLIDATION,False,NEUTRAL,0.056664,YES,NO,NO,NO,SELL_CONTINUATION,NEUTRAL (mixed),WAIT,"Price has reached a cardinal angle near 315deg (current 307.2054deg), and time is in phase with neutral during active window 2025-12-31T23:55:00 to 2026-01-02T23:18:55.574698657. Structure has not fully confirmed, and force is still pushing (momentum=NEUTRAL). This is not random movement; this is organized decline. Start price 4318.3600, target zone 4254.7076. Therefore: SELL continuation bias, not blind chase.",2025-12-31T13:30:00,US Core PCE Price Index MoM,high,625.0,2026-01-03T13:30:00,US Non-Farm Payrolls (NFP),high,3695.0,307.2054,307.2054,6.99,1,ACCUMULATION,1x1,PRICE_LEADS,5.314,Shatabhisha,1,-2.68582619,-69.578448,-2.68582619,0.0566644693,4318.36,307.2054,202512312355
e3f9f644f93b44e1,2026-04-06T01:29:00.732193+00:00,XAUUSD,15m,5m,25,historical_first,WAIT,DOWN,2025-12-31T23:55:00,4318.36,0.0,2025-12-31T23:55:00,4318.36,2025-12-31T23:55:00,2026-01-02T23:18:55.574698657,4318.36,4254.70757,47.3988,-63.65243,-1.473995,physics_projection,315,NEAR,NEUTRAL,False,CONSOLIDATION,False,NEUTRAL,0.056664,YES,NO,NO,NO,SELL_CONTINUATION,NEUTRAL (mixed),WAIT,"Price has reached a cardinal angle near 315deg (current 307.2054deg), and time is in phase with neutral during active window 2025-12-31T23:55:00 to 2026-01-02T23:18:55.574698657. Structure has not fully confirmed, and force is still pushing (momentum=NEUTRAL). This is not random movement; this is organized decline. Start price 4318.3600, target zone 4254.7076. Therefore: SELL continuation bias, not blind chase.",2025-12-31T13:30:00,US Core PCE Price Index MoM,high,625.0,2026-01-03T13:30:00,US Non-Farm Payrolls (NFP),high,3695.0,307.2054,307.2054,6.99,1,ACCUMULATION,1x1,PRICE_LEADS,5.314,Shatabhisha,1,-2.68582619,-69.578448,-2.68582619,0.0566644693,4318.36,307.2054,202512312355
1124d2aec07e40db,2026-04-06T01:29:38.071083+00:00,XAUUSD,1m,5m,25,historical_first,WAIT,DOWN,2025-12-31T23:55:00,4318.36,0.0,2025-12-31T23:55:00,4318.36,2025-12-31T23:55:00,2026-01-02T23:18:55.574698657,4318.36,4254.70757,47.3988,-63.65243,-1.473995,physics_projection,315,NEAR,NEUTRAL,False,CONSOLIDATION,False,NEUTRAL,0.056664,YES,NO,NO,NO,SELL_CONTINUATION,NEUTRAL (mixed),WAIT,"Price has reached a cardinal angle near 315deg (current 307.2054deg), and time is in phase with neutral during active window 2025-12-31T23:55:00 to 2026-01-02T23:18:55.574698657. Structure has not fully confirmed, and force is still pushing (momentum=NEUTRAL). This is not random movement; this is organized decline. Start price 4318.3600, target zone 4254.7076. Therefore: SELL continuation bias, not blind chase.",2025-12-31T13:30:00,US Core PCE Price Index MoM,high,625.0,2026-01-03T13:30:00,US Non-Farm Payrolls (NFP),high,3695.0,307.2054,307.2054,6.99,1,ACCUMULATION,1x1,PRICE_LEADS,5.314,Shatabhisha,1,-2.68582619,-69.578448,-2.68582619,0.0566644693,4318.36,307.2054,202512312355
909ceb7354eb4d6a,2026-04-06T01:47:43.897497+00:00,XAUUSD,1d,1d,25,historical_first,STRONG BUY,UP,2026-04-02T00:00:00,4672.0,72.0,2026-04-05T00:00:00,4605.0,2026-04-02T00:00:00,2026-04-08T00:00:00,4672.0,4563.577059,72.0,-41.422941,-0.899521,physics_projection,45,NONE,NEUTRAL,False,CONSOLIDATION,False,NEUTRAL,0.003188,NO,NO,NO,NO,SELL_CONTINUATION,NEUTRAL (mixed),WAIT,"Price has reached a cardinal angle near 45deg (current 63.3654deg), and time is in phase with neutral during active window 2026-04-02T00:00:00 to 2026-04-08T00:00:00. Structure has not fully confirmed, and force is still pushing (momentum=NEUTRAL). This is not random movement; this is organized decline. Start price 4672.0000, target zone 4563.5771. Therefore: SELL continuation bias, not blind chase.",2026-04-04T13:30:00,US Core PCE Price Index MoM,high,630.0,2026-04-10T13:30:00,US Consumer Price Index (CPI) YoY,high,8010.0,63.3654,63.3654,157.67,2,MARKUP,1x3|1x2,PRICE_LEADS,56.075,Mrigashira,4,-0.69010417,-34.609719,-0.69010417,0.0031884872,63.95833333,0.880075,202604050000
c60b09a935df4968,2026-04-06T02:48:26.381891+00:00,XAUUSD,1d,1d,25,historical_first,STRONG BUY,UP,2026-04-02T00:00:00,4672.0,72.0,2026-04-05T00:00:00,4605.0,2026-04-02T00:00:00,2026-04-08T00:00:00,4672.0,4563.577059,72.0,-41.422941,-0.899521,physics_projection,45,NONE,NEUTRAL,False,CONSOLIDATION,False,NEUTRAL,0.003188,NO,NO,NO,NO,SELL_CONTINUATION,NEUTRAL (mixed),WAIT,"Price has reached a cardinal angle near 45deg (current 63.3654deg), and time is in phase with neutral during active window 2026-04-02T00:00:00 to 2026-04-08T00:00:00. Structure has not fully confirmed, and force is still pushing (momentum=NEUTRAL). This is not random movement; this is organized decline. Start price 4672.0000, target zone 4563.5771. Therefore: SELL continuation bias, not blind chase.",2026-04-04T13:30:00,US Core PCE Price Index MoM,high,630.0,2026-04-10T13:30:00,US Consumer Price Index (CPI) YoY,high,8010.0,63.3654,63.3654,157.67,2,MARKUP,1x3|1x2,PRICE_LEADS,56.075,Mrigashira,4,-0.69010417,-34.609719,-0.69010417,0.0031884872,63.95833333,0.880075,202604050000
56b9a5428e744046,2026-04-06T02:48:27.066906+00:00,XAUUSD,1month,1d,25,historical_first,STRONG BUY,UP,2026-04-02T00:00:00,4672.0,72.0,2026-04-05T00:00:00,4605.0,2026-04-02T00:00:00,2026-04-08T00:00:00,4672.0,4563.577059,72.0,-41.422941,-0.899521,physics_projection,45,NONE,NEUTRAL,False,CONSOLIDATION,False,NEUTRAL,0.003188,NO,NO,NO,NO,SELL_CONTINUATION,NEUTRAL (mixed),WAIT,"Price has reached a cardinal angle near 45deg (current 63.3654deg), and time is in phase with neutral during active window 2026-04-02T00:00:00 to 2026-04-08T00:00:00. Structure has not fully confirmed, and force is still pushing (momentum=NEUTRAL). This is not random movement; this is organized decline. Start price 4672.0000, target zone 4563.5771. Therefore: SELL continuation bias, not blind chase.",2026-04-04T13:30:00,US Core PCE Price Index MoM,high,630.0,2026-04-10T13:30:00,US Consumer Price Index (CPI) YoY,high,8010.0,63.3654,63.3654,157.67,2,MARKUP,1x3|1x2,PRICE_LEADS,56.075,Mrigashira,4,-0.69010417,-34.609719,-0.69010417,0.0031884872,63.95833333,0.880075,202604050000
1356572de6234136,2026-04-06T02:48:29.606314+00:00,XAUUSD,1w,1d,25,historical_first,STRONG BUY,UP,2026-04-02T00:00:00,4672.0,72.0,2026-04-05T00:00:00,4605.0,2026-04-02T00:00:00,2026-04-08T00:00:00,4672.0,4563.577059,72.0,-41.422941,-0.899521,physics_projection,45,NONE,NEUTRAL,False,CONSOLIDATION,False,NEUTRAL,0.003188,NO,NO,NO,NO,SELL_CONTINUATION,NEUTRAL (mixed),WAIT,"Price has reached a cardinal angle near 45deg (current 63.3654deg), and time is in phase with neutral during active window 2026-04-02T00:00:00 to 2026-04-08T00:00:00. Structure has not fully confirmed, and force is still pushing (momentum=NEUTRAL). This is not random movement; this is organized decline. Start price 4672.0000, target zone 4563.5771. Therefore: SELL continuation bias, not blind chase.",2026-04-04T13:30:00,US Core PCE Price Index MoM,high,630.0,2026-04-10T13:30:00,US Consumer Price Index (CPI) YoY,high,8010.0,63.3654,63.3654,157.67,2,MARKUP,1x3|1x2,PRICE_LEADS,56.075,Mrigashira,4,-0.69010417,-34.609719,-0.69010417,0.0031884872,63.95833333,0.880075,202604050000
0c435f0ef3104d5a,2026-04-06T02:52:00.861212+00:00,XAUUSD,1month,1month,2,historical_first,STRONG BUY,UP,2006-12-01T00:00:00,636.2,0.0,2006-12-01T00:00:00,636.2,2006-12-01T00:00:00,2006-12-04T00:00:00,636.2,637.116315,72.0,0.916315,0.144029,physics_projection,225,NONE,NEUTRAL,False,CONSOLIDATION,False,NEUTRAL,-1e-06,NO,NO,NO,NO,BUY_CONTINUATION,NEUTRAL (mixed),WAIT,"Price has reached a cardinal angle near 225deg (current 259.2226deg), and time is in phase with neutral during active window 2006-12-01T00:00:00 to 2006-12-04T00:00:00. Structure has not fully confirmed, and motion is decaying (momentum=NEUTRAL). This is not random movement; this is organized advance. Start price 636.2000, target zone 637.1163. Therefore: BUY continuation bias, not blind chase.",2006-11-30T13:30:00,US Core PCE Price Index MoM,high,630.0,2006-12-01T13:30:00,US Non-Farm Payrolls (NFP),high,810.0,259.2226,259.2226,267.16,3,DISTRIBUTION,1x8|1x4|1x3,PRICE_LEADS,15.82,Purva Ashadha,2,0.01276228,0.731185,0.01276228,-9.912e-07,636.2,259.2226,200612010000
316829f1cd39480c,2026-04-06T02:52:03.253800+00:00,XAUUSD,1d,1d,2,historical_first,STRONG BUY,UP,2026-04-02T00:00:00,4672.0,72.0,2026-04-05T00:00:00,4605.0,2026-04-02T00:00:00,2026-04-08T00:00:00,4672.0,4563.577059,72.0,-41.422941,-0.899521,physics_projection,45,NONE,NEUTRAL,False,CONSOLIDATION,False,NEUTRAL,0.003188,NO,NO,NO,NO,SELL_CONTINUATION,NEUTRAL (mixed),WAIT,"Price has reached a cardinal angle near 45deg (current 63.3654deg), and time is in phase with neutral during active window 2026-04-02T00:00:00 to 2026-04-08T00:00:00. Structure has not fully confirmed, and force is still pushing (momentum=NEUTRAL). This is not random movement; this is organized decline. Start price 4672.0000, target zone 4563.5771. Therefore: SELL continuation bias, not blind chase.",2026-04-04T13:30:00,US Core PCE Price Index MoM,high,630.0,2026-04-10T13:30:00,US Consumer Price Index (CPI) YoY,high,8010.0,63.3654,63.3654,157.67,2,MARKUP,1x3|1x2,PRICE_LEADS,56.075,Mrigashira,4,-0.69010417,-34.609719,-0.69010417,0.0031884872,63.95833333,0.880075,202604050000
b2538a0c7d0742bd,2026-04-06T02:52:03.560565+00:00,XAUUSD,1w,1d,2,historical_first,STRONG BUY,UP,2026-04-02T00:00:00,4672.0,72.0,2026-04-05T00:00:00,4605.0,2026-04-02T00:00:00,2026-04-08T00:00:00,4672.0,4563.577059,72.0,-41.422941,-0.899521,physics_projection,45,NONE,NEUTRAL,False,CONSOLIDATION,False,NEUTRAL,0.003188,NO,NO,NO,NO,SELL_CONTINUATION,NEUTRAL (mixed),WAIT,"Price has reached a cardinal angle near 45deg (current 63.3654deg), and time is in phase with neutral during active window 2026-04-02T00:00:00 to 2026-04-08T00:00:00. Structure has not fully confirmed, and force is still pushing (momentum=NEUTRAL). This is not random movement; this is organized decline. Start price 4672.0000, target zone 4563.5771. Therefore: SELL continuation bias, not blind chase.",2026-04-04T13:30:00,US Core PCE Price Index MoM,high,630.0,2026-04-10T13:30:00,US Consumer Price Index (CPI) YoY,high,8010.0,63.3654,63.3654,157.67,2,MARKUP,1x3|1x2,PRICE_LEADS,56.075,Mrigashira,4,-0.69010417,-34.609719,-0.69010417,0.0031884872,63.95833333,0.880075,202604050000
e9104cd282494d95,2026-04-06T02:52:13.757884+00:00,XAUUSD,4h,4h,25,historical_first,WAIT,DOWN,2026-04-05T20:00:00,4605.0,0.0,2026-04-05T20:00:00,4605.0,2026-04-05T20:00:00,2026-04-06T04:25:27.018923505,4605.0,4607.156062,8.4242,2.156062,0.04682,physics_projection,45,NONE,NEUTRAL,False,CONSOLIDATION,False,NEUTRAL,-0.060763,NO,NO,NO,NO,BUY_CONTINUATION,NEUTRAL (mixed),WAIT,"Price has reached a cardinal angle near 45deg (current 63.3654deg), and time is in phase with neutral during active window 2026-04-05T20:00:00 to 2026-04-06T04:25:27.018923505. Structure has not fully confirmed, and motion is decaying (momentum=NEUTRAL). This is not random movement; this is organized advance. Start price 4605.0000, target zone 4607.1561. Therefore: BUY continuation bias, not blind chase.",2026-04-04T13:30:00,US Core PCE Price Index MoM,high,1830.0,2026-04-10T13:30:00,US Consumer Price Index (CPI) YoY,high,6810.0,63.3654,63.3654,224.29,3,DISTRIBUTION,1x3|1x2,PRICE_LEADS,14.33,Mrigashira,4,0.511875,27.106772,0.511875,-0.0607626488,4605.0,63.3654,202604052000
b2e14085a0234d09,2026-04-06T02:52:16.429661+00:00,XAUUSD,4h,4h,2,historical_first,WAIT,DOWN,2026-04-05T20:00:00,4605.0,0.0,2026-04-05T20:00:00,4605.0,2026-04-05T20:00:00,2026-04-06T04:25:27.018923505,4605.0,4607.156062,8.4242,2.156062,0.04682,physics_projection,45,NONE,NEUTRAL,False,CONSOLIDATION,False,NEUTRAL,-0.060763,NO,NO,NO,NO,BUY_CONTINUATION,NEUTRAL (mixed),WAIT,"Price has reached a cardinal angle near 45deg (current 63.3654deg), and time is in phase with neutral during active window 2026-04-05T20:00:00 to 2026-04-06T04:25:27.018923505. Structure has not fully confirmed, and motion is decaying (momentum=NEUTRAL). This is not random movement; this is organized advance. Start price 4605.0000, target zone 4607.1561. Therefore: BUY continuation bias, not blind chase.",2026-04-04T13:30:00,US Core PCE Price Index MoM,high,1830.0,2026-04-10T13:30:00,US Consumer Price Index (CPI) YoY,high,6810.0,63.3654,63.3654,224.29,3,DISTRIBUTION,1x3|1x2,PRICE_LEADS,14.33,Mrigashira,4,0.511875,27.106772,0.511875,-0.0607626488,4605.0,63.3654,202604052000
c9b221786cb94679,2026-04-06T02:52:19.168455+00:00,XAUUSD,1month,1month,2,historical_first,STRONG BUY,UP,2006-12-01T00:00:00,636.2,0.0,2006-12-01T00:00:00,636.2,2006-12-01T00:00:00,2006-12-04T00:00:00,636.2,637.116315,72.0,0.916315,0.144029,physics_projection,225,NONE,NEUTRAL,False,CONSOLIDATION,False,NEUTRAL,-1e-06,NO,NO,NO,NO,BUY_CONTINUATION,NEUTRAL (mixed),WAIT,"Price has reached a cardinal angle near 225deg (current 259.2226deg), and time is in phase with neutral during active window 2006-12-01T00:00:00 to 2006-12-04T00:00:00. Structure has not fully confirmed, and motion is decaying (momentum=NEUTRAL). This is not random movement; this is organized advance. Start price 636.2000, target zone 637.1163. Therefore: BUY continuation bias, not blind chase.",2006-11-30T13:30:00,US Core PCE Price Index MoM,high,630.0,2006-12-01T13:30:00,US Non-Farm Payrolls (NFP),high,810.0,259.2226,259.2226,267.16,3,DISTRIBUTION,1x8|1x4|1x3,PRICE_LEADS,15.82,Purva Ashadha,2,0.01276228,0.731185,0.01276228,-9.912e-07,636.2,259.2226,200612010000
9ed8387fe46f43bb,2026-04-06T02:52:22.213996+00:00,XAUUSD,1w,1d,2,historical_first,STRONG BUY,UP,2026-04-02T00:00:00,4672.0,72.0,2026-04-05T00:00:00,4605.0,2026-04-02T00:00:00,2026-04-08T00:00:00,4672.0,4563.577059,72.0,-41.422941,-0.899521,physics_projection,45,NONE,NEUTRAL,False,CONSOLIDATION,False,NEUTRAL,0.003188,NO,NO,NO,NO,SELL_CONTINUATION,NEUTRAL (mixed),WAIT,"Price has reached a cardinal angle near 45deg (current 63.3654deg), and time is in phase with neutral during active window 2026-04-02T00:00:00 to 2026-04-08T00:00:00. Structure has not fully confirmed, and force is still pushing (momentum=NEUTRAL). This is not random movement; this is organized decline. Start price 4672.0000, target zone 4563.5771. Therefore: SELL continuation bias, not blind chase.",2026-04-04T13:30:00,US Core PCE Price Index MoM,high,630.0,2026-04-10T13:30:00,US Consumer Price Index (CPI) YoY,high,8010.0,63.3654,63.3654,157.67,2,MARKUP,1x3|1x2,PRICE_LEADS,56.075,Mrigashira,4,-0.69010417,-34.609719,-0.69010417,0.0031884872,63.95833333,0.880075,202604050000
3158809057b8402e,2026-04-06T02:52:22.747965+00:00,XAUUSD,1d,1d,2,historical_first,STRONG BUY,UP,2026-04-02T00:00:00,4672.0,72.0,2026-04-05T00:00:00,4605.0,2026-04-02T00:00:00,2026-04-08T00:00:00,4672.0,4563.577059,72.0,-41.422941,-0.899521,physics_projection,45,NONE,NEUTRAL,False,CONSOLIDATION,False,NEUTRAL,0.003188,NO,NO,NO,NO,SELL_CONTINUATION,NEUTRAL (mixed),WAIT,"Price has reached a cardinal angle near 45deg (current 63.3654deg), and time is in phase with neutral during active window 2026-04-02T00:00:00 to 2026-04-08T00:00:00. Structure has not fully confirmed, and force is still pushing (momentum=NEUTRAL). This is not random movement; this is organized decline. Start price 4672.0000, target zone 4563.5771. Therefore: SELL continuation bias, not blind chase.",2026-04-04T13:30:00,US Core PCE Price Index MoM,high,630.0,2026-04-10T13:30:00,US Consumer Price Index (CPI) YoY,high,8010.0,63.3654,63.3654,157.67,2,MARKUP,1x3|1x2,PRICE_LEADS,56.075,Mrigashira,4,-0.69010417,-34.609719,-0.69010417,0.0031884872,63.95833333,0.880075,202604050000
50ed7445196c4ca9,2026-04-06T02:52:38.544455+00:00,XAUUSD,4h,4h,2,historical_first,WAIT,DOWN,2026-04-05T20:00:00,4605.0,0.0,2026-04-05T20:00:00,4605.0,2026-04-05T20:00:00,2026-04-06T04:25:27.018923505,4605.0,4607.156062,8.4242,2.156062,0.04682,physics_projection,45,NONE,NEUTRAL,False,CONSOLIDATION,False,NEUTRAL,-0.060763,NO,NO,NO,NO,BUY_CONTINUATION,NEUTRAL (mixed),WAIT,"Price has reached a cardinal angle near 45deg (current 63.3654deg), and time is in phase with neutral during active window 2026-04-05T20:00:00 to 2026-04-06T04:25:27.018923505. Structure has not fully confirmed, and motion is decaying (momentum=NEUTRAL). This is not random movement; this is organized advance. Start price 4605.0000, target zone 4607.1561. Therefore: BUY continuation bias, not blind chase.",2026-04-04T13:30:00,US Core PCE Price Index MoM,high,1830.0,2026-04-10T13:30:00,US Consumer Price Index (CPI) YoY,high,6810.0,63.3654,63.3654,224.29,3,DISTRIBUTION,1x3|1x2,PRICE_LEADS,14.33,Mrigashira,4,0.511875,27.106772,0.511875,-0.0607626488,4605.0,63.3654,202604052000
59a941578e514a54,2026-04-06T02:53:19.667711+00:00,XAUUSD,1h,1h,2,historical_first,WAIT,DOWN,2026-04-06T00:00:00,4617.4,0.0,2026-04-06T00:00:00,4617.4,2026-04-06T00:00:00,2026-04-06T07:48:34.466538808,4617.4,4612.002206,7.8096,-5.397794,-0.116901,physics_projection,315,NONE,NEUTRAL,False,CONSOLIDATION,False,NEUTRAL,0.177007,NO,NO,NO,NO,SELL_CONTINUATION,NEUTRAL (mixed),WAIT,"Price has reached a cardinal angle near 315deg (current 334.8271deg), and time is in phase with neutral during active window 2026-04-06T00:00:00 to 2026-04-06T07:48:34.466538808. Structure has not fully confirmed, and force is still pushing (momentum=NEUTRAL). This is not random movement; this is organized decline. Start price 4617.4000, target zone 4612.0022. Therefore: SELL continuation bias, not blind chase.",2026-04-04T13:30:00,US Core PCE Price Index MoM,high,2070.0,2026-04-10T13:30:00,US Consumer Price Index (CPI) YoY,high,6570.0,334.8271,334.8271,72.09,1,ACCUMULATION,1x3|1x2,PRICE_LEADS,6.945,Uttara Bhadrapada,1,-1.38235294,-54.117863,-1.38235294,0.1770074697,4617.4,334.8271,202604060000
d8401ccbfd7d4c4d,2026-04-06T02:53:40.711926+00:00,XAUUSD,1h,1h,2,historical_first,WAIT,DOWN,2026-04-06T00:00:00,4617.4,0.0,2026-04-06T00:00:00,4617.4,2026-04-06T00:00:00,2026-04-06T07:48:34.466538808,4617.4,4612.002206,7.8096,-5.397794,-0.116901,physics_projection,315,NONE,NEUTRAL,False,CONSOLIDATION,False,NEUTRAL,0.177007,NO,NO,NO,NO,SELL_CONTINUATION,NEUTRAL (mixed),WAIT,"Price has reached a cardinal angle near 315deg (current 334.8271deg), and time is in phase with neutral during active window 2026-04-06T00:00:00 to 2026-04-06T07:48:34.466538808. Structure has not fully confirmed, and force is still pushing (momentum=NEUTRAL). This is not random movement; this is organized decline. Start price 4617.4000, target zone 4612.0022. Therefore: SELL continuation bias, not blind chase.",2026-04-04T13:30:00,US Core PCE Price Index MoM,high,2070.0,2026-04-10T13:30:00,US Consumer Price Index (CPI) YoY,high,6570.0,334.8271,334.8271,72.09,1,ACCUMULATION,1x3|1x2,PRICE_LEADS,6.945,Uttara Bhadrapada,1,-1.38235294,-54.117863,-1.38235294,0.1770074697,4617.4,334.8271,202604060000
e4928a7aab854f8b,2026-04-06T02:55:11.953464+00:00,XAUUSD,1h,1h,25,historical_first,WAIT,DOWN,2026-04-06T00:00:00,4617.4,0.0,2026-04-06T00:00:00,4617.4,2026-04-06T00:00:00,2026-04-06T07:23:22.728913249,4617.4,4619.33249,7.3896,1.93249,0.041852,physics_projection,45,EXACT,NEUTRAL,False,CONSOLIDATION,False,NEUTRAL,-0.070778,YES,NO,NO,NO,BUY_CONTINUATION,NEUTRAL (mixed),WAIT,"Price has reached a cardinal angle near 45deg (current 48.873deg), and time is in phase with neutral during active window 2026-04-06T00:00:00 to 2026-04-06T07:23:22.728913249. Structure has not fully confirmed, and motion is decaying (momentum=NEUTRAL). This is not random movement; this is organized advance. Start price 4617.4000, target zone 4619.3325. Therefore: BUY continuation bias, not blind chase.",2026-04-04T13:30:00,US Core PCE Price Index MoM,high,2070.0,2026-04-10T13:30:00,US Consumer Price Index (CPI) YoY,high,6570.0,48.873,48.873,149.12,2,MARKUP,1x1,PRICE_LEADS,11.49,Rohini,3,0.52302632,27.610751,0.52302632,-0.0707782558,4617.4,48.873,202604060000
03ddc4c5ffca46f9,2026-04-06T02:55:16.391841+00:00,XAUUSD,30m,30m,25,historical_first,WAIT,DOWN,2025-12-31T23:30:00,4318.36,0.0,2025-12-31T23:30:00,4318.36,2025-12-31T23:30:00,2026-01-03T23:30:00,4318.36,4189.143125,72.0,-129.216875,-2.992267,physics_projection,315,NEAR,NEUTRAL,False,CONSOLIDATION,False,NEUTRAL,0.022197,YES,NO,NO,NO,SELL_CONTINUATION,NEUTRAL (mixed),WAIT,"Price has reached a cardinal angle near 315deg (current 301.6704deg), and time is in phase with neutral during active window 2025-12-31T23:30:00 to 2026-01-03T23:30:00. Structure has not fully confirmed, and force is still pushing (momentum=NEUTRAL). This is not random movement; this is organized decline. Start price 4318.3600, target zone 4189.1431. Therefore: SELL continuation bias, not blind chase.",2025-12-31T13:30:00,US Core PCE Price Index MoM,high,600.0,2026-01-03T13:30:00,US Non-Farm Payrolls (NFP),high,3720.0,301.6704,301.6704,52.62,1,ACCUMULATION,2x1,PRICE_LEADS,9.447,Dhanishtha,3,-2.59376812,-68.91638,-2.59376812,0.0221969252,4318.36,301.6704,202512312330
06b70b37c6f2427b,2026-04-06T02:55:17.077301+00:00,XAUUSD,30m,30m,2,historical_first,WAIT,DOWN,2025-12-31T23:30:00,4318.36,0.0,2025-12-31T23:30:00,4318.36,2025-12-31T23:30:00,2026-01-01T00:45:00,4318.36,4317.903182,1.25,-0.456818,-0.010579,physics_projection,315,NONE,NEUTRAL,False,CONSOLIDATION,False,NEUTRAL,-0.392727,NO,NO,NO,NO,SELL_CONTINUATION,NEUTRAL (mixed),WAIT,"Price has reached a cardinal angle near 315deg (current 297.0651deg), and time is in phase with neutral during active window 2025-12-31T23:30:00 to 2026-01-01T00:45:00. Structure has not fully confirmed, and motion is decaying (momentum=NEUTRAL). This is not random movement; this is organized decline. Start price 4318.3600, target zone 4317.9032. Therefore: SELL continuation bias, not blind chase.",2025-12-31T13:30:00,US Core PCE Price Index MoM,high,600.0,2026-01-03T13:30:00,US Non-Farm Payrolls (NFP),high,3720.0,297.0651,297.0651,129.37,2,MARKUP,2x1|3x1,PRICE_LEADS,2.5325,Dhanishtha,2,-0.12,-6.842773,-0.12,-0.3927272727,4318.36,297.0651,202512312330
71e88eefc4884eaa,2026-04-06T02:55:27.303624+00:00,XAUUSD,30m,30m,2,historical_first,WAIT,DOWN,2025-12-31T23:30:00,4318.36,0.0,2025-12-31T23:30:00,4318.36,2025-12-31T23:30:00,2026-01-01T00:45:00,4318.36,4317.903182,1.25,-0.456818,-0.010579,physics_projection,315,NONE,NEUTRAL,False,CONSOLIDATION,False,NEUTRAL,-0.392727,NO,NO,NO,NO,SELL_CONTINUATION,NEUTRAL (mixed),WAIT,"Price has reached a cardinal angle near 315deg (current 297.0651deg), and time is in phase with neutral during active window 2025-12-31T23:30:00 to 2026-01-01T00:45:00. Structure has not fully confirmed, and motion is decaying (momentum=NEUTRAL). This is not random movement; this is organized decline. Start price 4318.3600, target zone 4317.9032. Therefore: SELL continuation bias, not blind chase.",2025-12-31T13:30:00,US Core PCE Price Index MoM,high,600.0,2026-01-03T13:30:00,US Non-Farm Payrolls (NFP),high,3720.0,297.0651,297.0651,129.37,2,MARKUP,2x1|3x1,PRICE_LEADS,2.5325,Dhanishtha,2,-0.12,-6.842773,-0.12,-0.3927272727,4318.36,297.0651,202512312330
2e2528f364464f7d,2026-04-06T02:55:39.941751+00:00,XAUUSD,15m,5m,25,historical_first,WAIT,DOWN,2025-12-31T23:55:00,4318.36,0.0,2025-12-31T23:55:00,4318.36,2025-12-31T23:55:00,2026-01-02T23:18:55.574698657,4318.36,4254.70757,47.3988,-63.65243,-1.473995,physics_projection,315,NEAR,NEUTRAL,False,CONSOLIDATION,False,NEUTRAL,0.056664,YES,NO,NO,NO,SELL_CONTINUATION,NEUTRAL (mixed),WAIT,"Price has reached a cardinal angle near 315deg (current 307.2054deg), and time is in phase with neutral during active window 2025-12-31T23:55:00 to 2026-01-02T23:18:55.574698657. Structure has not fully confirmed, and force is still pushing (momentum=NEUTRAL). This is not random movement; this is organized decline. Start price 4318.3600, target zone 4254.7076. Therefore: SELL continuation bias, not blind chase.",2025-12-31T13:30:00,US Core PCE Price Index MoM,high,625.0,2026-01-03T13:30:00,US Non-Farm Payrolls (NFP),high,3695.0,307.2054,307.2054,6.99,1,ACCUMULATION,1x1,PRICE_LEADS,5.314,Shatabhisha,1,-2.68582619,-69.578448,-2.68582619,0.0566644693,4318.36,307.2054,202512312355
4e24bcc8a8be40c1,2026-04-06T02:55:41.250162+00:00,XAUUSD,5m,5m,25,historical_first,WAIT,DOWN,2025-12-31T23:55:00,4318.36,0.0,2025-12-31T23:55:00,4318.36,2025-12-31T23:55:00,2026-01-02T23:18:55.574698657,4318.36,4254.70757,47.3988,-63.65243,-1.473995,physics_projection,315,NEAR,NEUTRAL,False,CONSOLIDATION,False,NEUTRAL,0.056664,YES,NO,NO,NO,SELL_CONTINUATION,NEUTRAL (mixed),WAIT,"Price has reached a cardinal angle near 315deg (current 307.2054deg), and time is in phase with neutral during active window 2025-12-31T23:55:00 to 2026-01-02T23:18:55.574698657. Structure has not fully confirmed, and force is still pushing (momentum=NEUTRAL). This is not random movement; this is organized decline. Start price 4318.3600, target zone 4254.7076. Therefore: SELL continuation bias, not blind chase.",2025-12-31T13:30:00,US Core PCE Price Index MoM,high,625.0,2026-01-03T13:30:00,US Non-Farm Payrolls (NFP),high,3695.0,307.2054,307.2054,6.99,1,ACCUMULATION,1x1,PRICE_LEADS,5.314,Shatabhisha,1,-2.68582619,-69.578448,-2.68582619,0.0566644693,4318.36,307.2054,202512312355
01509edb2837452f,2026-04-06T02:57:11.672171+00:00,XAUUSD,1m,5m,25,historical_first,WAIT,DOWN,2025-12-31T23:55:00,4318.36,0.0,2025-12-31T23:55:00,4318.36,2025-12-31T23:55:00,2026-01-02T23:18:55.574698657,4318.36,4254.70757,47.3988,-63.65243,-1.473995,physics_projection,315,NEAR,NEUTRAL,False,CONSOLIDATION,False,NEUTRAL,0.056664,YES,NO,NO,NO,SELL_CONTINUATION,NEUTRAL (mixed),WAIT,"Price has reached a cardinal angle near 315deg (current 307.2054deg), and time is in phase with neutral during active window 2025-12-31T23:55:00 to 2026-01-02T23:18:55.574698657. Structure has not fully confirmed, and force is still pushing (momentum=NEUTRAL). This is not random movement; this is organized decline. Start price 4318.3600, target zone 4254.7076. Therefore: SELL continuation bias, not blind chase.",2025-12-31T13:30:00,US Core PCE Price Index MoM,high,625.0,2026-01-03T13:30:00,US Non-Farm Payrolls (NFP),high,3695.0,307.2054,307.2054,6.99,1,ACCUMULATION,1x1,PRICE_LEADS,5.314,Shatabhisha,1,-2.68582619,-69.578448,-2.68582619,0.0566644693,4318.36,307.2054,202512312355
f4237cb96f9e4b51,2026-04-06T03:58:20.784673+00:00,XAUUSD,1d,1d,25,historical_first,STRONG BUY,UP,2026-04-02T00:00:00,4672.0,72.0,2026-04-05T00:00:00,4605.0,2026-04-02T00:00:00,2026-04-08T00:00:00,4672.0,4563.577059,72.0,-41.422941,-0.899521,physics_projection,45,NONE,NEUTRAL,False,CONSOLIDATION,False,NEUTRAL,0.003188,NO,NO,NO,NO,SELL_CONTINUATION,NEUTRAL (mixed),WAIT,"Price has reached a cardinal angle near 45deg (current 63.3654deg), and time is in phase with neutral during active window 2026-04-02T00:00:00 to 2026-04-08T00:00:00. Structure has not fully confirmed, and force is still pushing (momentum=NEUTRAL). This is not random movement; this is organized decline. Start price 4672.0000, target zone 4563.5771. Therefore: SELL continuation bias, not blind chase.",2026-04-04T13:30:00,US Core PCE Price Index MoM,high,630.0,2026-04-10T13:30:00,US Consumer Price Index (CPI) YoY,high,8010.0,63.3654,63.3654,157.67,2,MARKUP,1x3|1x2,PRICE_LEADS,56.075,Mrigashira,4,-0.69010417,-34.609719,-0.69010417,0.0031884872,63.95833333,0.880075,202604050000
7e874becc1074cc4,2026-04-06T03:58:47.563155+00:00,XAUUSD,1w,1d,25,historical_first,STRONG BUY,UP,2026-04-02T00:00:00,4672.0,72.0,2026-04-05T00:00:00,4605.0,2026-04-02T00:00:00,2026-04-08T00:00:00,4672.0,4563.577059,72.0,-41.422941,-0.899521,physics_projection,45,NONE,NEUTRAL,False,CONSOLIDATION,False,NEUTRAL,0.003188,NO,NO,NO,NO,SELL_CONTINUATION,NEUTRAL (mixed),WAIT,"Price has reached a cardinal angle near 45deg (current 63.3654deg), and time is in phase with neutral during active window 2026-04-02T00:00:00 to 2026-04-08T00:00:00. Structure has not fully confirmed, and force is still pushing (momentum=NEUTRAL). This is not random movement; this is organized decline. Start price 4672.0000, target zone 4563.5771. Therefore: SELL continuation bias, not blind chase.",2026-04-04T13:30:00,US Core PCE Price Index MoM,high,630.0,2026-04-10T13:30:00,US Consumer Price Index (CPI) YoY,high,8010.0,63.3654,63.3654,157.67,2,MARKUP,1x3|1x2,PRICE_LEADS,56.075,Mrigashira,4,-0.69010417,-34.609719,-0.69010417,0.0031884872,63.95833333,0.880075,202604050000
de5bd15b0d9b4750,2026-04-06T03:58:48.064283+00:00,XAUUSD,1month,1d,25,historical_first,STRONG BUY,UP,2026-04-02T00:00:00,4672.0,72.0,2026-04-05T00:00:00,4605.0,2026-04-02T00:00:00,2026-04-08T00:00:00,4672.0,4563.577059,72.0,-41.422941,-0.899521,physics_projection,45,NONE,NEUTRAL,False,CONSOLIDATION,False,NEUTRAL,0.003188,NO,NO,NO,NO,SELL_CONTINUATION,NEUTRAL (mixed),WAIT,"Price has reached a cardinal angle near 45deg (current 63.3654deg), and time is in phase with neutral during active window 2026-04-02T00:00:00 to 2026-04-08T00:00:00. Structure has not fully confirmed, and force is still pushing (momentum=NEUTRAL). This is not random movement; this is organized decline. Start price 4672.0000, target zone 4563.5771. Therefore: SELL continuation bias, not blind chase.",2026-04-04T13:30:00,US Core PCE Price Index MoM,high,630.0,2026-04-10T13:30:00,US Consumer Price Index (CPI) YoY,high,8010.0,63.3654,63.3654,157.67,2,MARKUP,1x3|1x2,PRICE_LEADS,56.075,Mrigashira,4,-0.69010417,-34.609719,-0.69010417,0.0031884872,63.95833333,0.880075,202604050000
c3721e20414f476f,2026-04-06T11:25:58.465098+00:00,XAUUSD,1d,1d,25,historical_first,STRONG BUY,UP,2026-04-02T00:00:00,4672.0,72.0,2026-04-05T00:00:00,4605.0,2026-04-02T00:00:00,2026-04-08T00:00:00,4672.0,4563.577059,72.0,-41.422941,-0.899521,physics_projection,45,NONE,NEUTRAL,False,CONSOLIDATION,False,NEUTRAL,0.003188,NO,NO,NO,NO,SELL_CONTINUATION,NEUTRAL (mixed),WAIT,"Price has reached a cardinal angle near 45deg (current 63.3654deg), and time is in phase with neutral during active window 2026-04-02T00:00:00 to 2026-04-08T00:00:00. Structure has not fully confirmed, and force is still pushing (momentum=NEUTRAL). This is not random movement; this is organized decline. Start price 4672.0000, target zone 4563.5771. Therefore: SELL continuation bias, not blind chase.",2026-04-04T13:30:00,US Core PCE Price Index MoM,high,630.0,2026-04-10T13:30:00,US Consumer Price Index (CPI) YoY,high,8010.0,63.3654,63.3654,157.67,2,MARKUP,1x3|1x2,PRICE_LEADS,56.075,Mrigashira,4,-0.69010417,-34.609719,-0.69010417,0.0031884872,63.95833333,0.880075,202604050000
01aa54f091fa4bcb,2026-04-06T11:25:59.256896+00:00,XAUUSD,1w,1d,25,historical_first,STRONG BUY,UP,2026-04-02T00:00:00,4672.0,72.0,2026-04-05T00:00:00,4605.0,2026-04-02T00:00:00,2026-04-08T00:00:00,4672.0,4563.577059,72.0,-41.422941,-0.899521,physics_projection,45,NONE,NEUTRAL,False,CONSOLIDATION,False,NEUTRAL,0.003188,NO,NO,NO,NO,SELL_CONTINUATION,NEUTRAL (mixed),WAIT,"Price has reached a cardinal angle near 45deg (current 63.3654deg), and time is in phase with neutral during active window 2026-04-02T00:00:00 to 2026-04-08T00:00:00. Structure has not fully confirmed, and force is still pushing (momentum=NEUTRAL). This is not random movement; this is organized decline. Start price 4672.0000, target zone 4563.5771. Therefore: SELL continuation bias, not blind chase.",2026-04-04T13:30:00,US Core PCE Price Index MoM,high,630.0,2026-04-10T13:30:00,US Consumer Price Index (CPI) YoY,high,8010.0,63.3654,63.3654,157.67,2,MARKUP,1x3|1x2,PRICE_LEADS,56.075,Mrigashira,4,-0.69010417,-34.609719,-0.69010417,0.0031884872,63.95833333,0.880075,202604050000
6740eb44e7934272,2026-04-06T11:25:59.465992+00:00,XAUUSD,1month,1d,25,historical_first,STRONG BUY,UP,2026-04-02T00:00:00,4672.0,72.0,2026-04-05T00:00:00,4605.0,2026-04-02T00:00:00,2026-04-08T00:00:00,4672.0,4563.577059,72.0,-41.422941,-0.899521,physics_projection,45,NONE,NEUTRAL,False,CONSOLIDATION,False,NEUTRAL,0.003188,NO,NO,NO,NO,SELL_CONTINUATION,NEUTRAL (mixed),WAIT,"Price has reached a cardinal angle near 45deg (current 63.3654deg), and time is in phase with neutral during active window 2026-04-02T00:00:00 to 2026-04-08T00:00:00. Structure has not fully confirmed, and force is still pushing (momentum=NEUTRAL). This is not random movement; this is organized decline. Start price 4672.0000, target zone 4563.5771. Therefore: SELL continuation bias, not blind chase.",2026-04-04T13:30:00,US Core PCE Price Index MoM,high,630.0,2026-04-10T13:30:00,US Consumer Price Index (CPI) YoY,high,8010.0,63.3654,63.3654,157.67,2,MARKUP,1x3|1x2,PRICE_LEADS,56.075,Mrigashira,4,-0.69010417,-34.609719,-0.69010417,0.0031884872,63.95833333,0.880075,202604050000
3f2a440890c049b0,2026-04-06T11:28:56.615633+00:00,XAUUSD,4h,4h,25,historical_first,WAIT,DOWN,2026-04-05T20:00:00,4605.0,0.0,2026-04-05T20:00:00,4605.0,2026-04-05T20:00:00,2026-04-06T04:25:27.018923505,4605.0,4607.156062,8.4242,2.156062,0.04682,physics_projection,45,NONE,NEUTRAL,False,CONSOLIDATION,False,NEUTRAL,-0.060763,NO,NO,NO,NO,BUY_CONTINUATION,NEUTRAL (mixed),WAIT,"Price has reached a cardinal angle near 45deg (current 63.3654deg), and time is in phase with neutral during active window 2026-04-05T20:00:00 to 2026-04-06T04:25:27.018923505. Structure has not fully confirmed, and motion is decaying (momentum=NEUTRAL). This is not random movement; this is organized advance. Start price 4605.0000, target zone 4607.1561. Therefore: BUY continuation bias, not blind chase.",2026-04-04T13:30:00,US Core PCE Price Index MoM,high,1830.0,2026-04-10T13:30:00,US Consumer Price Index (CPI) YoY,high,6810.0,63.3654,63.3654,224.29,3,DISTRIBUTION,1x3|1x2,PRICE_LEADS,14.33,Mrigashira,4,0.511875,27.106772,0.511875,-0.0607626488,4605.0,63.3654,202604052000
d8addf29d04e4596,2026-04-06T11:30:11.340843+00:00,XAUUSD,30m,30m,25,historical_first,WAIT,DOWN,2025-12-31T23:30:00,4318.36,0.0,2025-12-31T23:30:00,4318.36,2025-12-31T23:30:00,2026-01-03T23:30:00,4318.36,4189.143125,72.0,-129.216875,-2.992267,physics_projection,315,NEAR,NEUTRAL,False,CONSOLIDATION,False,NEUTRAL,0.022197,YES,NO,NO,NO,SELL_CONTINUATION,NEUTRAL (mixed),WAIT,"Price has reached a cardinal angle near 315deg (current 301.6704deg), and time is in phase with neutral during active window 2025-12-31T23:30:00 to 2026-01-03T23:30:00. Structure has not fully confirmed, and force is still pushing (momentum=NEUTRAL). This is not random movement; this is organized decline. Start price 4318.3600, target zone 4189.1431. Therefore: SELL continuation bias, not blind chase.",2025-12-31T13:30:00,US Core PCE Price Index MoM,high,600.0,2026-01-03T13:30:00,US Non-Farm Payrolls (NFP),high,3720.0,301.6704,301.6704,52.62,1,ACCUMULATION,2x1,PRICE_LEADS,9.447,Dhanishtha,3,-2.59376812,-68.91638,-2.59376812,0.0221969252,4318.36,301.6704,202512312330
9e36bf39b77f478a,2026-04-06T11:30:14.673328+00:00,XAUUSD,1h,1h,25,historical_first,WAIT,DOWN,2026-04-06T08:00:00,4689.6,0.0,2026-04-06T08:00:00,4689.6,2026-04-06T08:00:00,2026-04-06T21:43:35.693465329,4689.6,4697.862012,13.7266,8.262012,0.176177,physics_projection,315,NONE,NEUTRAL,False,CONSOLIDATION,False,NEUTRAL,-0.087698,NO,NO,NO,NO,BUY_CONTINUATION,NEUTRAL (mixed),WAIT,"Price has reached a cardinal angle near 315deg (current 351.2616deg), and time is in phase with neutral during active window 2026-04-06T08:00:00 to 2026-04-06T21:43:35.693465329. Structure has not fully confirmed, and motion is decaying (momentum=NEUTRAL). This is not random movement; this is organized advance. Start price 4689.6000, target zone 4697.8620. Therefore: BUY continuation bias, not blind chase.",2026-04-04T13:30:00,US Core PCE Price Index MoM,high,2550.0,2026-04-10T13:30:00,US Consumer Price Index (CPI) YoY,high,6090.0,351.2616,351.2616,107.43,2,MARKUP,1x8|1x4,PRICE_LEADS,11.04,Revati,2,1.20379747,50.283434,1.20379747,-0.0876982713,4689.6,351.2616,202604060800
26389704dd4f46a5,2026-04-06T11:30:22.973330+00:00,XAUUSD,5m,5m,25,historical_first,WAIT,DOWN,2025-12-31T23:55:00,4318.36,0.0,2025-12-31T23:55:00,4318.36,2025-12-31T23:55:00,2026-01-02T23:18:55.574698657,4318.36,4254.70757,47.3988,-63.65243,-1.473995,physics_projection,315,NEAR,NEUTRAL,False,CONSOLIDATION,False,NEUTRAL,0.056664,YES,NO,NO,NO,SELL_CONTINUATION,NEUTRAL (mixed),WAIT,"Price has reached a cardinal angle near 315deg (current 307.2054deg), and time is in phase with neutral during active window 2025-12-31T23:55:00 to 2026-01-02T23:18:55.574698657. Structure has not fully confirmed, and force is still pushing (momentum=NEUTRAL). This is not random movement; this is organized decline. Start price 4318.3600, target zone 4254.7076. Therefore: SELL continuation bias, not blind chase.",2025-12-31T13:30:00,US Core PCE Price Index MoM,high,625.0,2026-01-03T13:30:00,US Non-Farm Payrolls (NFP),high,3695.0,307.2054,307.2054,6.99,1,ACCUMULATION,1x1,PRICE_LEADS,5.314,Shatabhisha,1,-2.68582619,-69.578448,-2.68582619,0.0566644693,4318.36,307.2054,202512312355
b203760259a947fe,2026-04-06T11:30:28.313683+00:00,XAUUSD,15m,5m,25,historical_first,WAIT,DOWN,2025-12-31T23:55:00,4318.36,0.0,2025-12-31T23:55:00,4318.36,2025-12-31T23:55:00,2026-01-02T23:18:55.574698657,4318.36,4254.70757,47.3988,-63.65243,-1.473995,physics_projection,315,NEAR,NEUTRAL,False,CONSOLIDATION,False,NEUTRAL,0.056664,YES,NO,NO,NO,SELL_CONTINUATION,NEUTRAL (mixed),WAIT,"Price has reached a cardinal angle near 315deg (current 307.2054deg), and time is in phase with neutral during active window 2025-12-31T23:55:00 to 2026-01-02T23:18:55.574698657. Structure has not fully confirmed, and force is still pushing (momentum=NEUTRAL). This is not random movement; this is organized decline. Start price 4318.3600, target zone 4254.7076. Therefore: SELL continuation bias, not blind chase.",2025-12-31T13:30:00,US Core PCE Price Index MoM,high,625.0,2026-01-03T13:30:00,US Non-Farm Payrolls (NFP),high,3695.0,307.2054,307.2054,6.99,1,ACCUMULATION,1x1,PRICE_LEADS,5.314,Shatabhisha,1,-2.68582619,-69.578448,-2.68582619,0.0566644693,4318.36,307.2054,202512312355
cfdb471e2b674894,2026-04-06T11:31:13.030329+00:00,XAUUSD,1m,5m,25,historical_first,WAIT,DOWN,2025-12-31T23:55:00,4318.36,0.0,2025-12-31T23:55:00,4318.36,2025-12-31T23:55:00,2026-01-02T23:18:55.574698657,4318.36,4254.70757,47.3988,-63.65243,-1.473995,physics_projection,315,NEAR,NEUTRAL,False,CONSOLIDATION,False,NEUTRAL,0.056664,YES,NO,NO,NO,SELL_CONTINUATION,NEUTRAL (mixed),WAIT,"Price has reached a cardinal angle near 315deg (current 307.2054deg), and time is in phase with neutral during active window 2025-12-31T23:55:00 to 2026-01-02T23:18:55.574698657. Structure has not fully confirmed, and force is still pushing (momentum=NEUTRAL). This is not random movement; this is organized decline. Start price 4318.3600, target zone 4254.7076. Therefore: SELL continuation bias, not blind chase.",2025-12-31T13:30:00,US Core PCE Price Index MoM,high,625.0,2026-01-03T13:30:00,US Non-Farm Payrolls (NFP),high,3695.0,307.2054,307.2054,6.99,1,ACCUMULATION,1x1,PRICE_LEADS,5.314,Shatabhisha,1,-2.68582619,-69.578448,-2.68582619,0.0566644693,4318.36,307.2054,202512312355
4b1ec01c8ecf44e0,2026-04-06T11:32:55.057220+00:00,XAUUSD,1d,1d,25,historical_first,STRONG BUY,UP,2026-04-02T00:00:00,4672.0,72.0,2026-04-05T00:00:00,4605.0,2026-04-02T00:00:00,2026-04-08T00:00:00,4672.0,4563.577059,72.0,-41.422941,-0.899521,physics_projection,45,NONE,NEUTRAL,False,CONSOLIDATION,False,NEUTRAL,0.003188,NO,NO,NO,NO,SELL_CONTINUATION,NEUTRAL (mixed),WAIT,"Price has reached a cardinal angle near 45deg (current 63.3654deg), and time is in phase with neutral during active window 2026-04-02T00:00:00 to 2026-04-08T00:00:00. Structure has not fully confirmed, and force is still pushing (momentum=NEUTRAL). This is not random movement; this is organized decline. Start price 4672.0000, target zone 4563.5771. Therefore: SELL continuation bias, not blind chase.",2026-04-04T13:30:00,US Core PCE Price Index MoM,high,630.0,2026-04-10T13:30:00,US Consumer Price Index (CPI) YoY,high,8010.0,63.3654,63.3654,157.67,2,MARKUP,1x3|1x2,PRICE_LEADS,56.075,Mrigashira,4,-0.69010417,-34.609719,-0.69010417,0.0031884872,63.95833333,0.880075,202604050000
a8f91a774a1d46cb,2026-04-06T11:32:55.460599+00:00,XAUUSD,1month,1d,25,historical_first,STRONG BUY,UP,2026-04-02T00:00:00,4672.0,72.0,2026-04-05T00:00:00,4605.0,2026-04-02T00:00:00,2026-04-08T00:00:00,4672.0,4563.577059,72.0,-41.422941,-0.899521,physics_projection,45,NONE,NEUTRAL,False,CONSOLIDATION,False,NEUTRAL,0.003188,NO,NO,NO,NO,SELL_CONTINUATION,NEUTRAL (mixed),WAIT,"Price has reached a cardinal angle near 45deg (current 63.3654deg), and time is in phase with neutral during active window 2026-04-02T00:00:00 to 2026-04-08T00:00:00. Structure has not fully confirmed, and force is still pushing (momentum=NEUTRAL). This is not random movement; this is organized decline. Start price 4672.0000, target zone 4563.5771. Therefore: SELL continuation bias, not blind chase.",2026-04-04T13:30:00,US Core PCE Price Index MoM,high,630.0,2026-04-10T13:30:00,US Consumer Price Index (CPI) YoY,high,8010.0,63.3654,63.3654,157.67,2,MARKUP,1x3|1x2,PRICE_LEADS,56.075,Mrigashira,4,-0.69010417,-34.609719,-0.69010417,0.0031884872,63.95833333,0.880075,202604050000
5579ea56d9ed4a0f,2026-04-06T11:32:55.985696+00:00,XAUUSD,1w,1d,25,historical_first,STRONG BUY,UP,2026-04-02T00:00:00,4672.0,72.0,2026-04-05T00:00:00,4605.0,2026-04-02T00:00:00,2026-04-08T00:00:00,4672.0,4563.577059,72.0,-41.422941,-0.899521,physics_projection,45,NONE,NEUTRAL,False,CONSOLIDATION,False,NEUTRAL,0.003188,NO,NO,NO,NO,SELL_CONTINUATION,NEUTRAL (mixed),WAIT,"Price has reached a cardinal angle near 45deg (current 63.3654deg), and time is in phase with neutral during active window 2026-04-02T00:00:00 to 2026-04-08T00:00:00. Structure has not fully confirmed, and force is still pushing (momentum=NEUTRAL). This is not random movement; this is organized decline. Start price 4672.0000, target zone 4563.5771. Therefore: SELL continuation bias, not blind chase.",2026-04-04T13:30:00,US Core PCE Price Index MoM,high,630.0,2026-04-10T13:30:00,US Consumer Price Index (CPI) YoY,high,8010.0,63.3654,63.3654,157.67,2,MARKUP,1x3|1x2,PRICE_LEADS,56.075,Mrigashira,4,-0.69010417,-34.609719,-0.69010417,0.0031884872,63.95833333,0.880075,202604050000
ab02e1f2d6564d8e,2026-04-06T11:33:04.560190+00:00,XAUUSD,1d,1d,25,historical_first,STRONG BUY,UP,2026-04-02T00:00:00,4672.0,72.0,2026-04-05T00:00:00,4605.0,2026-04-02T00:00:00,2026-04-08T00:00:00,4672.0,4563.577059,72.0,-41.422941,-0.899521,physics_projection,45,NONE,NEUTRAL,False,CONSOLIDATION,False,NEUTRAL,0.003188,NO,NO,NO,NO,SELL_CONTINUATION,NEUTRAL (mixed),WAIT,"Price has reached a cardinal angle near 45deg (current 63.3654deg), and time is in phase with neutral during active window 2026-04-02T00:00:00 to 2026-04-08T00:00:00. Structure has not fully confirmed, and force is still pushing (momentum=NEUTRAL). This is not random movement; this is organized decline. Start price 4672.0000, target zone 4563.5771. Therefore: SELL continuation bias, not blind chase.",2026-04-04T13:30:00,US Core PCE Price Index MoM,high,630.0,2026-04-10T13:30:00,US Consumer Price Index (CPI) YoY,high,8010.0,63.3654,63.3654,157.67,2,MARKUP,1x3|1x2,PRICE_LEADS,56.075,Mrigashira,4,-0.69010417,-34.609719,-0.69010417,0.0031884872,63.95833333,0.880075,202604050000
7662f68f50f94a62,2026-04-07T02:01:57.069175+00:00,XAUUSD,1w,1d,25,combined,STRONG BUY,UP,2026-04-06T00:00:00,4656.4,0.0,2026-04-06T00:00:00,4656.4,2026-04-06T00:00:00,2026-04-09T00:00:00,4656.4,4628.649558,72.0,-27.750442,-0.595963,physics_projection,315,NONE,NEUTRAL,False,CONSOLIDATION,False,NEUTRAL,0.00404,NO,NO,NO,NO,SELL_CONTINUATION,NEUTRAL (mixed),WAIT,"Price has reached a cardinal angle near 315deg (current 334.8271deg), and time is in phase with neutral during active window 2026-04-06T00:00:00 to 2026-04-09T00:00:00. Structure has not fully confirmed, and force is still pushing (momentum=NEUTRAL). This is not random movement; this is organized decline. Start price 4656.4000, target zone 4628.6496. Therefore: SELL continuation bias, not blind chase.",2026-04-04T13:30:00,US Core PCE Price Index MoM,high,2070.0,2026-04-10T13:30:00,US Consumer Price Index (CPI) YoY,high,6570.0,334.8271,334.8271,139.17,2,MARKUP,1x3|1x2,PRICE_LEADS,56.075,Uttara Bhadrapada,1,-0.53085938,-27.962017,-0.53085938,0.004039905,4656.4,334.8271,202604060000
3b267b2a9d6a4880,2026-04-07T02:02:02.274332+00:00,XAUUSD,1month,1d,25,combined,STRONG BUY,UP,2026-04-06T00:00:00,4656.4,0.0,2026-04-06T00:00:00,4656.4,2026-04-06T00:00:00,2026-04-09T00:00:00,4656.4,4628.649558,72.0,-27.750442,-0.595963,physics_projection,315,NONE,NEUTRAL,False,CONSOLIDATION,False,NEUTRAL,0.00404,NO,NO,NO,NO,SELL_CONTINUATION,NEUTRAL (mixed),WAIT,"Price has reached a cardinal angle near 315deg (current 334.8271deg), and time is in phase with neutral during active window 2026-04-06T00:00:00 to 2026-04-09T00:00:00. Structure has not fully confirmed, and force is still pushing (momentum=NEUTRAL). This is not random movement; this is organized decline. Start price 4656.4000, target zone 4628.6496. Therefore: SELL continuation bias, not blind chase.",2026-04-04T13:30:00,US Core PCE Price Index MoM,high,2070.0,2026-04-10T13:30:00,US Consumer Price Index (CPI) YoY,high,6570.0,334.8271,334.8271,139.17,2,MARKUP,1x3|1x2,PRICE_LEADS,56.075,Uttara Bhadrapada,1,-0.53085938,-27.962017,-0.53085938,0.004039905,4656.4,334.8271,202604060000
ea2b3c759cd34a99,2026-04-07T02:03:28.244343+00:00,XAUUSD,1w,1d,25,combined,STRONG BUY,UP,2026-04-06T00:00:00,4656.4,0.0,2026-04-06T00:00:00,4656.4,2026-04-06T00:00:00,2026-04-09T00:00:00,4656.4,4628.649558,72.0,-27.750442,-0.595963,physics_projection,315,NONE,NEUTRAL,False,CONSOLIDATION,False,NEUTRAL,0.00404,NO,NO,NO,NO,SELL_CONTINUATION,NEUTRAL (mixed),WAIT,"Price has reached a cardinal angle near 315deg (current 334.8271deg), and time is in phase with neutral during active window 2026-04-06T00:00:00 to 2026-04-09T00:00:00. Structure has not fully confirmed, and force is still pushing (momentum=NEUTRAL). This is not random movement; this is organized decline. Start price 4656.4000, target zone 4628.6496. Therefore: SELL continuation bias, not blind chase.",2026-04-04T13:30:00,US Core PCE Price Index MoM,high,2070.0,2026-04-10T13:30:00,US Consumer Price Index (CPI) YoY,high,6570.0,334.8271,334.8271,139.17,2,MARKUP,1x3|1x2,PRICE_LEADS,56.075,Uttara Bhadrapada,1,-0.53085938,-27.962017,-0.53085938,0.004039905,4656.4,334.8271,202604060000
1c7c728c2c004560,2026-04-07T02:03:32.678828+00:00,XAUUSD,1month,1d,25,combined,STRONG BUY,UP,2026-04-06T00:00:00,4656.4,0.0,2026-04-06T00:00:00,4656.4,2026-04-06T00:00:00,2026-04-09T00:00:00,4656.4,4628.649558,72.0,-27.750442,-0.595963,physics_projection,315,NONE,NEUTRAL,False,CONSOLIDATION,False,NEUTRAL,0.00404,NO,NO,NO,NO,SELL_CONTINUATION,NEUTRAL (mixed),WAIT,"Price has reached a cardinal angle near 315deg (current 334.8271deg), and time is in phase with neutral during active window 2026-04-06T00:00:00 to 2026-04-09T00:00:00. Structure has not fully confirmed, and force is still pushing (momentum=NEUTRAL). This is not random movement; this is organized decline. Start price 4656.4000, target zone 4628.6496. Therefore: SELL continuation bias, not blind chase.",2026-04-04T13:30:00,US Core PCE Price Index MoM,high,2070.0,2026-04-10T13:30:00,US Consumer Price Index (CPI) YoY,high,6570.0,334.8271,334.8271,139.17,2,MARKUP,1x3|1x2,PRICE_LEADS,56.075,Uttara Bhadrapada,1,-0.53085938,-27.962017,-0.53085938,0.004039905,4656.4,334.8271,202604060000
7dfa1f794d864616,2026-04-07T02:04:06.015660+00:00,XAUUSD,1w,1d,25,live_first,STRONG BUY,UP,2026-04-06T00:00:00,4656.4,0.0,2026-04-06T00:00:00,4656.4,2026-04-06T00:00:00,2026-04-09T00:00:00,4656.4,4628.649558,72.0,-27.750442,-0.595963,physics_projection,315,NONE,NEUTRAL,False,CONSOLIDATION,False,NEUTRAL,0.00404,NO,NO,NO,NO,SELL_CONTINUATION,NEUTRAL (mixed),WAIT,"Price has reached a cardinal angle near 315deg (current 334.8271deg), and time is in phase with neutral during active window 2026-04-06T00:00:00 to 2026-04-09T00:00:00. Structure has not fully confirmed, and force is still pushing (momentum=NEUTRAL). This is not random movement; this is organized decline. Start price 4656.4000, target zone 4628.6496. Therefore: SELL continuation bias, not blind chase.",2026-04-04T13:30:00,US Core PCE Price Index MoM,high,2070.0,2026-04-10T13:30:00,US Consumer Price Index (CPI) YoY,high,6570.0,334.8271,334.8271,139.17,2,MARKUP,1x3|1x2,PRICE_LEADS,56.075,Uttara Bhadrapada,1,-0.53085938,-27.962017,-0.53085938,0.004039905,4656.4,334.8271,202604060000
7663d6e3830e45b1,2026-04-07T02:07:40.767446+00:00,XAUUSD,5m,5m,25,combined,WAIT,DOWN,2025-12-31T23:55:00,4318.36,0.0,2025-12-31T23:55:00,4318.36,2025-12-31T23:55:00,2026-01-02T23:18:55.574698657,4318.36,4254.70757,47.3988,-63.65243,-1.473995,physics_projection,315,NEAR,NEUTRAL,False,CONSOLIDATION,False,NEUTRAL,0.056664,YES,NO,NO,NO,SELL_CONTINUATION,NEUTRAL (mixed),WAIT,"Price has reached a cardinal angle near 315deg (current 307.2054deg), and time is in phase with neutral during active window 2025-12-31T23:55:00 to 2026-01-02T23:18:55.574698657. Structure has not fully confirmed, and force is still pushing (momentum=NEUTRAL). This is not random movement; this is organized decline. Start price 4318.3600, target zone 4254.7076. Therefore: SELL continuation bias, not blind chase.",2025-12-31T13:30:00,US Core PCE Price Index MoM,high,625.0,2026-01-03T13:30:00,US Non-Farm Payrolls (NFP),high,3695.0,307.2054,307.2054,6.99,1,ACCUMULATION,1x1,PRICE_LEADS,5.314,Shatabhisha,1,-2.68582619,-69.578448,-2.68582619,0.0566644693,4318.36,307.2054,202512312355
c02b18e45233463b,2026-04-07T02:09:30.717983+00:00,XAUUSD,5m,5m,25,combined,WAIT,DOWN,2025-12-31T23:55:00,4318.36,0.0,2025-12-31T23:55:00,4318.36,2025-12-31T23:55:00,2026-01-02T23:18:55.574698657,4318.36,4254.70757,47.3988,-63.65243,-1.473995,physics_projection,315,NEAR,NEUTRAL,False,CONSOLIDATION,False,NEUTRAL,0.056664,YES,NO,NO,NO,SELL_CONTINUATION,NEUTRAL (mixed),WAIT,"Price has reached a cardinal angle near 315deg (current 307.2054deg), and time is in phase with neutral during active window 2025-12-31T23:55:00 to 2026-01-02T23:18:55.574698657. Structure has not fully confirmed, and force is still pushing (momentum=NEUTRAL). This is not random movement; this is organized decline. Start price 4318.3600, target zone 4254.7076. Therefore: SELL continuation bias, not blind chase.",2025-12-31T13:30:00,US Core PCE Price Index MoM,high,625.0,2026-01-03T13:30:00,US Non-Farm Payrolls (NFP),high,3695.0,307.2054,307.2054,6.99,1,ACCUMULATION,1x1,PRICE_LEADS,5.314,Shatabhisha,1,-2.68582619,-69.578448,-2.68582619,0.0566644693,4318.36,307.2054,202512312355
0331e2bcdbd24109,2026-04-07T02:09:44.438308+00:00,XAUUSD,4h,4h,25,combined,WAIT,DOWN,2026-04-06T16:00:00,4648.2,0.0,2026-04-06T16:00:00,4648.2,2026-04-06T16:00:00,2026-04-07T00:58:32.988353422,4648.2,4650.523006,8.9758,2.323006,0.049976,physics_projection,315,NONE,NEUTRAL,False,CONSOLIDATION,False,NEUTRAL,-0.057667,NO,NO,NO,NO,BUY_CONTINUATION,NEUTRAL (mixed),WAIT,"Price has reached a cardinal angle near 315deg (current 334.8271deg), and time is in phase with neutral during active window 2026-04-06T16:00:00 to 2026-04-07T00:58:32.988353422. Structure has not fully confirmed, and motion is decaying (momentum=NEUTRAL). This is not random movement; this is organized advance. Start price 4648.2000, target zone 4650.5230. Therefore: BUY continuation bias, not blind chase.",2026-04-04T13:30:00,US Core PCE Price Index MoM,high,3030.0,2026-04-10T13:30:00,US Consumer Price Index (CPI) YoY,high,5610.0,334.8271,334.8271,199.03,3,DISTRIBUTION,1x3|1x2,PRICE_LEADS,13.82,Uttara Bhadrapada,1,0.51761364,27.3667,0.51761364,-0.0576674953,4648.2,334.8271,202604061600
1b233dd865e44bf8,2026-04-07T02:10:59.336620+00:00,XAUUSD,4h,4h,25,combined,WAIT,DOWN,2026-04-06T16:00:00,4648.2,0.0,2026-04-06T16:00:00,4648.2,2026-04-06T16:00:00,2026-04-07T00:58:32.988353422,4648.2,4650.523006,8.9758,2.323006,0.049976,physics_projection,315,NONE,NEUTRAL,False,CONSOLIDATION,False,NEUTRAL,-0.057667,NO,NO,NO,NO,BUY_CONTINUATION,NEUTRAL (mixed),WAIT,"Price has reached a cardinal angle near 315deg (current 334.8271deg), and time is in phase with neutral during active window 2026-04-06T16:00:00 to 2026-04-07T00:58:32.988353422. Structure has not fully confirmed, and motion is decaying (momentum=NEUTRAL). This is not random movement; this is organized advance. Start price 4648.2000, target zone 4650.5230. Therefore: BUY continuation bias, not blind chase.",2026-04-04T13:30:00,US Core PCE Price Index MoM,high,3030.0,2026-04-10T13:30:00,US Consumer Price Index (CPI) YoY,high,5610.0,334.8271,334.8271,199.03,3,DISTRIBUTION,1x3|1x2,PRICE_LEADS,13.82,Uttara Bhadrapada,1,0.51761364,27.3667,0.51761364,-0.0576674953,4648.2,334.8271,202604061600
25e21c49508947c4,2026-04-07T02:12:03.658935+00:00,XAUUSD,5m,5m,25,combined,WAIT,DOWN,2025-12-31T23:55:00,4318.36,0.0,2025-12-31T23:55:00,4318.36,2025-12-31T23:55:00,2026-01-02T23:18:55.574698657,4318.36,4254.70757,47.3988,-63.65243,-1.473995,physics_projection,315,NEAR,NEUTRAL,False,CONSOLIDATION,False,NEUTRAL,0.056664,YES,NO,NO,NO,SELL_CONTINUATION,NEUTRAL (mixed),WAIT,"Price has reached a cardinal angle near 315deg (current 307.2054deg), and time is in phase with neutral during active window 2025-12-31T23:55:00 to 2026-01-02T23:18:55.574698657. Structure has not fully confirmed, and force is still pushing (momentum=NEUTRAL). This is not random movement; this is organized decline. Start price 4318.3600, target zone 4254.7076. Therefore: SELL continuation bias, not blind chase.",2025-12-31T13:30:00,US Core PCE Price Index MoM,high,625.0,2026-01-03T13:30:00,US Non-Farm Payrolls (NFP),high,3695.0,307.2054,307.2054,6.99,1,ACCUMULATION,1x1,PRICE_LEADS,5.314,Shatabhisha,1,-2.68582619,-69.578448,-2.68582619,0.0566644693,4318.36,307.2054,202512312355
3f1eefb99f394e47,2026-04-07T02:12:16.235241+00:00,XAUUSD,1h,1h,25,combined,WAIT,DOWN,2026-04-06T18:00:00,4650.0,2.0,2026-04-06T20:00:00,4656.4,2026-04-06T18:00:00,2026-04-07T06:13:18.554787746,4650.0,4660.907453,10.2218,4.507453,0.096801,physics_projection,45,NEAR,NEUTRAL,False,CONSOLIDATION,False,NEUTRAL,-0.086279,YES,NO,NO,NO,BUY_CONTINUATION,NEUTRAL (mixed),WAIT,"Price has reached a cardinal angle near 45deg (current 34.3635deg), and time is in phase with neutral during active window 2026-04-06T18:00:00 to 2026-04-07T06:13:18.554787746. Structure has not fully confirmed, and motion is decaying (momentum=NEUTRAL). This is not random movement; this is organized advance. Start price 4650.0000, target zone 4660.9075. Therefore: BUY continuation bias, not blind chase.",2026-04-04T13:30:00,US Core PCE Price Index MoM,high,3270.0,2026-04-10T13:30:00,US Consumer Price Index (CPI) YoY,high,5370.0,34.3635,34.3635,121.51,2,MARKUP,2x1,PRICE_LEADS,10.76,Krittika,3,0.88192771,41.409964,0.88192771,-0.0862789252,2328.2,17.18175,202604062000
62a98731f4c04fc7,2026-04-07T02:12:24.823498+00:00,XAUUSD,30m,30m,25,combined,WAIT,DOWN,2025-12-31T23:30:00,4318.36,0.0,2025-12-31T23:30:00,4318.36,2025-12-31T23:30:00,2026-01-03T23:30:00,4318.36,4189.143125,72.0,-129.216875,-2.992267,physics_projection,315,NEAR,NEUTRAL,False,CONSOLIDATION,False,NEUTRAL,0.022197,YES,NO,NO,NO,SELL_CONTINUATION,NEUTRAL (mixed),WAIT,"Price has reached a cardinal angle near 315deg (current 301.6704deg), and time is in phase with neutral during active window 2025-12-31T23:30:00 to 2026-01-03T23:30:00. Structure has not fully confirmed, and force is still pushing (momentum=NEUTRAL). This is not random movement; this is organized decline. Start price 4318.3600, target zone 4189.1431. Therefore: SELL continuation bias, not blind chase.",2025-12-31T13:30:00,US Core PCE Price Index MoM,high,600.0,2026-01-03T13:30:00,US Non-Farm Payrolls (NFP),high,3720.0,301.6704,301.6704,52.62,1,ACCUMULATION,2x1,PRICE_LEADS,9.447,Dhanishtha,3,-2.59376812,-68.91638,-2.59376812,0.0221969252,4318.36,301.6704,202512312330
2b2a5e63fa89459f,2026-04-07T02:12:42.136921+00:00,XAUUSD,15m,5m,25,combined,WAIT,DOWN,2025-12-31T23:55:00,4318.36,0.0,2025-12-31T23:55:00,4318.36,2025-12-31T23:55:00,2026-01-02T23:18:55.574698657,4318.36,4254.70757,47.3988,-63.65243,-1.473995,physics_projection,315,NEAR,NEUTRAL,False,CONSOLIDATION,False,NEUTRAL,0.056664,YES,NO,NO,NO,SELL_CONTINUATION,NEUTRAL (mixed),WAIT,"Price has reached a cardinal angle near 315deg (current 307.2054deg), and time is in phase with neutral during active window 2025-12-31T23:55:00 to 2026-01-02T23:18:55.574698657. Structure has not fully confirmed, and force is still pushing (momentum=NEUTRAL). This is not random movement; this is organized decline. Start price 4318.3600, target zone 4254.7076. Therefore: SELL continuation bias, not blind chase.",2025-12-31T13:30:00,US Core PCE Price Index MoM,high,625.0,2026-01-03T13:30:00,US Non-Farm Payrolls (NFP),high,3695.0,307.2054,307.2054,6.99,1,ACCUMULATION,1x1,PRICE_LEADS,5.314,Shatabhisha,1,-2.68582619,-69.578448,-2.68582619,0.0566644693,4318.36,307.2054,202512312355
ba5be9fd80a544ad,2026-04-07T02:12:53.696700+00:00,XAUUSD,1h,1h,25,combined,WAIT,DOWN,2026-04-06T18:00:00,4650.0,2.0,2026-04-06T20:00:00,4656.4,2026-04-06T18:00:00,2026-04-07T06:13:18.554787746,4650.0,4660.907453,10.2218,4.507453,0.096801,physics_projection,45,NEAR,NEUTRAL,False,CONSOLIDATION,False,NEUTRAL,-0.086279,YES,NO,NO,NO,BUY_CONTINUATION,NEUTRAL (mixed),WAIT,"Price has reached a cardinal angle near 45deg (current 34.3635deg), and time is in phase with neutral during active window 2026-04-06T18:00:00 to 2026-04-07T06:13:18.554787746. Structure has not fully confirmed, and motion is decaying (momentum=NEUTRAL). This is not random movement; this is organized advance. Start price 4650.0000, target zone 4660.9075. Therefore: BUY continuation bias, not blind chase.",2026-04-04T13:30:00,US Core PCE Price Index MoM,high,3270.0,2026-04-10T13:30:00,US Consumer Price Index (CPI) YoY,high,5370.0,34.3635,34.3635,121.51,2,MARKUP,2x1,PRICE_LEADS,10.76,Krittika,3,0.88192771,41.409964,0.88192771,-0.0862789252,2328.2,17.18175,202604062000
1f3900df3c574c8b,2026-04-07T02:12:55.940508+00:00,XAUUSD,5m,5m,25,combined,WAIT,DOWN,2025-12-31T23:55:00,4318.36,0.0,2025-12-31T23:55:00,4318.36,2025-12-31T23:55:00,2026-01-02T23:18:55.574698657,4318.36,4254.70757,47.3988,-63.65243,-1.473995,physics_projection,315,NEAR,NEUTRAL,False,CONSOLIDATION,False,NEUTRAL,0.056664,YES,NO,NO,NO,SELL_CONTINUATION,NEUTRAL (mixed),WAIT,"Price has reached a cardinal angle near 315deg (current 307.2054deg), and time is in phase with neutral during active window 2025-12-31T23:55:00 to 2026-01-02T23:18:55.574698657. Structure has not fully confirmed, and force is still pushing (momentum=NEUTRAL). This is not random movement; this is organized decline. Start price 4318.3600, target zone 4254.7076. Therefore: SELL continuation bias, not blind chase.",2025-12-31T13:30:00,US Core PCE Price Index MoM,high,625.0,2026-01-03T13:30:00,US Non-Farm Payrolls (NFP),high,3695.0,307.2054,307.2054,6.99,1,ACCUMULATION,1x1,PRICE_LEADS,5.314,Shatabhisha,1,-2.68582619,-69.578448,-2.68582619,0.0566644693,4318.36,307.2054,202512312355
27ed92a735b0459c,2026-04-07T02:12:56.084486+00:00,XAUUSD,1h,1h,25,combined,WAIT,DOWN,2026-04-06T18:00:00,4650.0,2.0,2026-04-06T20:00:00,4656.4,2026-04-06T18:00:00,2026-04-07T06:13:18.554787746,4650.0,4660.907453,10.2218,4.507453,0.096801,physics_projection,45,NEAR,NEUTRAL,False,CONSOLIDATION,False,NEUTRAL,-0.086279,YES,NO,NO,NO,BUY_CONTINUATION,NEUTRAL (mixed),WAIT,"Price has reached a cardinal angle near 45deg (current 34.3635deg), and time is in phase with neutral during active window 2026-04-06T18:00:00 to 2026-04-07T06:13:18.554787746. Structure has not fully confirmed, and motion is decaying (momentum=NEUTRAL). This is not random movement; this is organized advance. Start price 4650.0000, target zone 4660.9075. Therefore: BUY continuation bias, not blind chase.",2026-04-04T13:30:00,US Core PCE Price Index MoM,high,3270.0,2026-04-10T13:30:00,US Consumer Price Index (CPI) YoY,high,5370.0,34.3635,34.3635,121.51,2,MARKUP,2x1,PRICE_LEADS,10.76,Krittika,3,0.88192771,41.409964,0.88192771,-0.0862789252,2328.2,17.18175,202604062000
e2c824a311014258,2026-04-07T02:12:59.056322+00:00,XAUUSD,30m,30m,25,combined,WAIT,DOWN,2025-12-31T23:30:00,4318.36,0.0,2025-12-31T23:30:00,4318.36,2025-12-31T23:30:00,2026-01-03T23:30:00,4318.36,4189.143125,72.0,-129.216875,-2.992267,physics_projection,315,NEAR,NEUTRAL,False,CONSOLIDATION,False,NEUTRAL,0.022197,YES,NO,NO,NO,SELL_CONTINUATION,NEUTRAL (mixed),WAIT,"Price has reached a cardinal angle near 315deg (current 301.6704deg), and time is in phase with neutral during active window 2025-12-31T23:30:00 to 2026-01-03T23:30:00. Structure has not fully confirmed, and force is still pushing (momentum=NEUTRAL). This is not random movement; this is organized decline. Start price 4318.3600, target zone 4189.1431. Therefore: SELL continuation bias, not blind chase.",2025-12-31T13:30:00,US Core PCE Price Index MoM,high,600.0,2026-01-03T13:30:00,US Non-Farm Payrolls (NFP),high,3720.0,301.6704,301.6704,52.62,1,ACCUMULATION,2x1,PRICE_LEADS,9.447,Dhanishtha,3,-2.59376812,-68.91638,-2.59376812,0.0221969252,4318.36,301.6704,202512312330
348d036c511a44dc,2026-04-07T02:13:04.352995+00:00,XAUUSD,15m,5m,25,combined,WAIT,DOWN,2025-12-31T23:55:00,4318.36,0.0,2025-12-31T23:55:00,4318.36,2025-12-31T23:55:00,2026-01-02T23:18:55.574698657,4318.36,4254.70757,47.3988,-63.65243,-1.473995,physics_projection,315,NEAR,NEUTRAL,False,CONSOLIDATION,False,NEUTRAL,0.056664,YES,NO,NO,NO,SELL_CONTINUATION,NEUTRAL (mixed),WAIT,"Price has reached a cardinal angle near 315deg (current 307.2054deg), and time is in phase with neutral during active window 2025-12-31T23:55:00 to 2026-01-02T23:18:55.574698657. Structure has not fully confirmed, and force is still pushing (momentum=NEUTRAL). This is not random movement; this is organized decline. Start price 4318.3600, target zone 4254.7076. Therefore: SELL continuation bias, not blind chase.",2025-12-31T13:30:00,US Core PCE Price Index MoM,high,625.0,2026-01-03T13:30:00,US Non-Farm Payrolls (NFP),high,3695.0,307.2054,307.2054,6.99,1,ACCUMULATION,1x1,PRICE_LEADS,5.314,Shatabhisha,1,-2.68582619,-69.578448,-2.68582619,0.0566644693,4318.36,307.2054,202512312355
177811390255433e,2026-04-07T03:01:33.106977+00:00,XAUUSD,1d,1d,25,historical_first,STRONG BUY,UP,2026-04-06T00:00:00,4656.4,0.0,2026-04-06T00:00:00,4656.4,2026-04-06T00:00:00,2026-04-09T00:00:00,4656.4,4628.649558,72.0,-27.750442,-0.595963,physics_projection,315,NONE,NEUTRAL,False,CONSOLIDATION,False,NEUTRAL,0.00404,NO,NO,NO,NO,SELL_CONTINUATION,NEUTRAL (mixed),WAIT,"Price has reached a cardinal angle near 315deg (current 334.8271deg), and time is in phase with neutral during active window 2026-04-06T00:00:00 to 2026-04-09T00:00:00. Structure has not fully confirmed, and force is still pushing (momentum=NEUTRAL). This is not random movement; this is organized decline. Start price 4656.4000, target zone 4628.6496. Therefore: SELL continuation bias, not blind chase.",2026-04-04T13:30:00,US Core PCE Price Index MoM,high,2070.0,2026-04-10T13:30:00,US Consumer Price Index (CPI) YoY,high,6570.0,334.8271,334.8271,139.17,2,MARKUP,1x3|1x2,PRICE_LEADS,56.075,Uttara Bhadrapada,1,-0.53085938,-27.962017,-0.53085938,0.004039905,4656.4,334.8271,202604060000
6cae31a60ce6452d,2026-04-07T03:15:39.183523+00:00,XAUUSD,1d,1d,25,combined,WAIT,UP,2026-04-06T00:00:00,4656.4,0.0,2026-04-06T00:00:00,4656.4,2026-04-06T00:00:00,2026-04-09T00:00:00,4656.4,4628.649558,72.0,-27.750442,-0.595963,physics_projection,315,NONE,NEUTRAL,False,CONSOLIDATION,False,NEUTRAL,0.00404,NO,NO,NO,NO,SELL_CONTINUATION,NEUTRAL (mixed),WAIT,"Price has reached a cardinal angle near 315deg (current 334.8271deg), and time is in phase with neutral during active window 2026-04-06T00:00:00 to 2026-04-09T00:00:00. Structure has not fully confirmed, and force is still pushing (momentum=NEUTRAL). This is not random movement; this is organized decline. Start price 4656.4000, target zone 4628.6496. Therefore: SELL continuation bias, not blind chase.",2026-04-04T13:30:00,US Core PCE Price Index MoM,high,2070.0,2026-04-10T13:30:00,US Consumer Price Index (CPI) YoY,high,6570.0,334.8271,334.8271,139.17,2,MARKUP,1x3|1x2,PRICE_LEADS,56.075,Uttara Bhadrapada,1,-0.53085938,-27.962017,-0.53085938,0.004039905,4656.4,334.8271,202604060000
1a696cc222484efe,2026-04-07T14:35:23.583387+00:00,XAUUSD,1w,1d,25,combined,STRONG BUY,UP,2026-04-06T00:00:00,4656.4,0.0,2026-04-06T00:00:00,4656.4,2026-04-06T00:00:00,2026-04-09T00:00:00,4656.4,4628.649558,72.0,-27.750442,-0.595963,physics_projection,315,NONE,NEUTRAL,False,CONSOLIDATION,False,NEUTRAL,0.00404,NO,NO,NO,NO,SELL_CONTINUATION,NEUTRAL (mixed),WAIT,"Price has reached a cardinal angle near 315deg (current 334.8271deg), and time is in phase with neutral during active window 2026-04-06T00:00:00 to 2026-04-09T00:00:00. Structure has not fully confirmed, and force is still pushing (momentum=NEUTRAL). This is not random movement; this is organized decline. Start price 4656.4000, target zone 4628.6496. Therefore: SELL continuation bias, not blind chase.",2026-04-04T13:30:00,US Core PCE Price Index MoM,high,2070.0,2026-04-10T13:30:00,US Consumer Price Index (CPI) YoY,high,6570.0,334.8271,334.8271,139.17,2,MARKUP,1x3|1x2,PRICE_LEADS,56.075,Uttara Bhadrapada,1,-0.53085938,-27.962017,-0.53085938,0.004039905,4656.4,334.8271,202604060000
2e6ea6d1efd44aa0,2026-04-07T14:35:24.015067+00:00,XAUUSD,1month,1d,25,combined,STRONG BUY,UP,2026-04-06T00:00:00,4656.4,0.0,2026-04-06T00:00:00,4656.4,2026-04-06T00:00:00,2026-04-09T00:00:00,4656.4,4628.649558,72.0,-27.750442,-0.595963,physics_projection,315,NONE,NEUTRAL,False,CONSOLIDATION,False,NEUTRAL,0.00404,NO,NO,NO,NO,SELL_CONTINUATION,NEUTRAL (mixed),WAIT,"Price has reached a cardinal angle near 315deg (current 334.8271deg), and time is in phase with neutral during active window 2026-04-06T00:00:00 to 2026-04-09T00:00:00. Structure has not fully confirmed, and force is still pushing (momentum=NEUTRAL). This is not random movement; this is organized decline. Start price 4656.4000, target zone 4628.6496. Therefore: SELL continuation bias, not blind chase.",2026-04-04T13:30:00,US Core PCE Price Index MoM,high,2070.0,2026-04-10T13:30:00,US Consumer Price Index (CPI) YoY,high,6570.0,334.8271,334.8271,139.17,2,MARKUP,1x3|1x2,PRICE_LEADS,56.075,Uttara Bhadrapada,1,-0.53085938,-27.962017,-0.53085938,0.004039905,4656.4,334.8271,202604060000
94625eaba68745d5,2026-04-07T14:38:13.591189+00:00,XAUUSD,4h,4h,25,combined,WAIT,DOWN,2026-04-06T16:00:00,4648.2,16.0,2026-04-07T08:00:00,4667.9,2026-04-06T16:00:00,2026-04-07T21:26:32.983728802,4648.2,4673.594796,13.4425,5.694796,0.121999,physics_projection,45,NEAR,NEUTRAL,False,CONSOLIDATION,False,NEUTRAL,-0.06303,YES,NO,NO,NO,BUY_CONTINUATION,NEUTRAL (mixed),WAIT,"Price has reached a cardinal angle near 45deg (current 32.9116deg), and time is in phase with neutral during active window 2026-04-06T16:00:00 to 2026-04-07T21:26:32.983728802. Structure has not fully confirmed, and motion is decaying (momentum=NEUTRAL). This is not random movement; this is organized advance. Start price 4648.2000, target zone 4673.5948. Therefore: BUY continuation bias, not blind chase.",2026-04-04T13:30:00,US Core PCE Price Index MoM,high,3990.0,2026-04-10T13:30:00,US Consumer Price Index (CPI) YoY,high,4650.0,32.9116,32.9116,232.46,3,DISTRIBUTION,2x1,PRICE_LEADS,12.685,Krittika,2,0.84728261,40.274026,0.84728261,-0.0630301577,291.74375,2.056975,202604070800
2e3f0150f6b74a02,2026-04-07T14:39:18.047113+00:00,XAUUSD,1h,1h,25,combined,STRONG BUY,UP,2026-04-07T09:00:00,4662.5,3.0,2026-04-07T12:00:00,4663.0,2026-04-07T09:00:00,2026-04-08T06:18:34.082082273,4662.5,4668.734862,18.3095,5.734862,0.122987,physics_projection,45,NEAR,NEUTRAL,False,CONSOLIDATION,False,NEUTRAL,-0.034214,YES,NO,NO,NO,BUY_CONTINUATION,NEUTRAL (mixed),WAIT,"Price has reached a cardinal angle near 45deg (current 50.8503deg), and time is in phase with neutral during active window 2026-04-07T09:00:00 to 2026-04-08T06:18:34.082082273. Structure has not fully confirmed, and motion is decaying (momentum=NEUTRAL). This is not random movement; this is organized advance. Start price 4662.5000, target zone 4668.7349. Therefore: BUY continuation bias, not blind chase.",2026-04-04T13:30:00,US Core PCE Price Index MoM,high,4230.0,2026-04-10T13:30:00,US Consumer Price Index (CPI) YoY,high,4410.0,50.8503,50.8503,166.65,2,MARKUP,1x1,PRICE_LEADS,9.38,Rohini,4,0.62643678,32.064542,0.62643678,-0.034213818,1554.33333333,16.9501,202604071200
710c7096a2954c04,2026-04-07T14:39:21.245539+00:00,XAUUSD,30m,30m,25,combined,WAIT,DOWN,2025-12-31T23:30:00,4318.36,0.0,2025-12-31T23:30:00,4318.36,2025-12-31T23:30:00,2026-01-03T23:30:00,4318.36,4189.143125,72.0,-129.216875,-2.992267,physics_projection,315,NEAR,NEUTRAL,False,CONSOLIDATION,False,NEUTRAL,0.022197,YES,NO,NO,NO,SELL_CONTINUATION,NEUTRAL (mixed),WAIT,"Price has reached a cardinal angle near 315deg (current 301.6704deg), and time is in phase with neutral during active window 2025-12-31T23:30:00 to 2026-01-03T23:30:00. Structure has not fully confirmed, and force is still pushing (momentum=NEUTRAL). This is not random movement; this is organized decline. Start price 4318.3600, target zone 4189.1431. Therefore: SELL continuation bias, not blind chase.",2025-12-31T13:30:00,US Core PCE Price Index MoM,high,600.0,2026-01-03T13:30:00,US Non-Farm Payrolls (NFP),high,3720.0,301.6704,301.6704,52.62,1,ACCUMULATION,2x1,PRICE_LEADS,9.447,Dhanishtha,3,-2.59376812,-68.91638,-2.59376812,0.0221969252,4318.36,301.6704,202512312330
1a10ceac3d1a44ce,2026-04-07T14:39:27.601631+00:00,XAUUSD,5m,5m,25,combined,WAIT,DOWN,2025-12-31T23:55:00,4318.36,0.0,2025-12-31T23:55:00,4318.36,2025-12-31T23:55:00,2026-01-02T23:18:55.574698657,4318.36,4254.70757,47.3988,-63.65243,-1.473995,physics_projection,315,NEAR,NEUTRAL,False,CONSOLIDATION,False,NEUTRAL,0.056664,YES,NO,NO,NO,SELL_CONTINUATION,NEUTRAL (mixed),WAIT,"Price has reached a cardinal angle near 315deg (current 307.2054deg), and time is in phase with neutral during active window 2025-12-31T23:55:00 to 2026-01-02T23:18:55.574698657. Structure has not fully confirmed, and force is still pushing (momentum=NEUTRAL). This is not random movement; this is organized decline. Start price 4318.3600, target zone 4254.7076. Therefore: SELL continuation bias, not blind chase.",2025-12-31T13:30:00,US Core PCE Price Index MoM,high,625.0,2026-01-03T13:30:00,US Non-Farm Payrolls (NFP),high,3695.0,307.2054,307.2054,6.99,1,ACCUMULATION,1x1,PRICE_LEADS,5.314,Shatabhisha,1,-2.68582619,-69.578448,-2.68582619,0.0566644693,4318.36,307.2054,202512312355
9589198470d848e8,2026-04-07T14:39:29.535035+00:00,XAUUSD,15m,5m,25,combined,WAIT,DOWN,2025-12-31T23:55:00,4318.36,0.0,2025-12-31T23:55:00,4318.36,2025-12-31T23:55:00,2026-01-02T23:18:55.574698657,4318.36,4254.70757,47.3988,-63.65243,-1.473995,physics_projection,315,NEAR,NEUTRAL,False,CONSOLIDATION,False,NEUTRAL,0.056664,YES,NO,NO,NO,SELL_CONTINUATION,NEUTRAL (mixed),WAIT,"Price has reached a cardinal angle near 315deg (current 307.2054deg), and time is in phase with neutral during active window 2025-12-31T23:55:00 to 2026-01-02T23:18:55.574698657. Structure has not fully confirmed, and force is still pushing (momentum=NEUTRAL). This is not random movement; this is organized decline. Start price 4318.3600, target zone 4254.7076. Therefore: SELL continuation bias, not blind chase.",2025-12-31T13:30:00,US Core PCE Price Index MoM,high,625.0,2026-01-03T13:30:00,US Non-Farm Payrolls (NFP),high,3695.0,307.2054,307.2054,6.99,1,ACCUMULATION,1x1,PRICE_LEADS,5.314,Shatabhisha,1,-2.68582619,-69.578448,-2.68582619,0.0566644693,4318.36,307.2054,202512312355
fcea953c4465473b,2026-04-07T14:40:03.937996+00:00,XAUUSD,1m,5m,25,combined,WAIT,DOWN,2025-12-31T23:55:00,4318.36,0.0,2025-12-31T23:55:00,4318.36,2025-12-31T23:55:00,2026-01-02T23:18:55.574698657,4318.36,4254.70757,47.3988,-63.65243,-1.473995,physics_projection,315,NEAR,NEUTRAL,False,CONSOLIDATION,False,NEUTRAL,0.056664,YES,NO,NO,NO,SELL_CONTINUATION,NEUTRAL (mixed),WAIT,"Price has reached a cardinal angle near 315deg (current 307.2054deg), and time is in phase with neutral during active window 2025-12-31T23:55:00 to 2026-01-02T23:18:55.574698657. Structure has not fully confirmed, and force is still pushing (momentum=NEUTRAL). This is not random movement; this is organized decline. Start price 4318.3600, target zone 4254.7076. Therefore: SELL continuation bias, not blind chase.",2025-12-31T13:30:00,US Core PCE Price Index MoM,high,625.0,2026-01-03T13:30:00,US Non-Farm Payrolls (NFP),high,3695.0,307.2054,307.2054,6.99,1,ACCUMULATION,1x1,PRICE_LEADS,5.314,Shatabhisha,1,-2.68582619,-69.578448,-2.68582619,0.0566644693,4318.36,307.2054,202512312355
45bac9701e104981,2026-04-08T00:15:31.442917+00:00,XAUUSD,1d,1d,25,historical_first,STRONG BUY,UP,2026-04-06T00:00:00,4656.4,0.0,2026-04-06T00:00:00,4656.4,2026-04-06T00:00:00,2026-04-09T00:00:00,4656.4,4628.649558,72.0,-27.750442,-0.595963,physics_projection,315,NONE,NEUTRAL,False,CONSOLIDATION,False,NEUTRAL,0.00404,NO,NO,NO,NO,SELL_CONTINUATION,NEUTRAL (mixed),WAIT,"Price has reached a cardinal angle near 315deg (current 334.8271deg), and time is in phase with neutral during active window 2026-04-06T00:00:00 to 2026-04-09T00:00:00. Structure has not fully confirmed, and force is still pushing (momentum=NEUTRAL). This is not random movement; this is organized decline. Start price 4656.4000, target zone 4628.6496. Therefore: SELL continuation bias, not blind chase.",2026-04-04T13:30:00,US Core PCE Price Index MoM,high,2070.0,2026-04-10T13:30:00,US Consumer Price Index (CPI) YoY,high,6570.0,334.8271,334.8271,139.17,2,MARKUP,1x3|1x2,PRICE_LEADS,56.075,Uttara Bhadrapada,1,-0.53085938,-27.962017,-0.53085938,0.004039905,4656.4,334.8271,202604060000
f863256874af4712,2026-04-08T00:24:42.508958+00:00,XAUUSD,1d,1d,25,historical_first,STRONG BUY,UP,2026-04-06T00:00:00,4656.4,0.0,2026-04-06T00:00:00,4656.4,2026-04-06T00:00:00,2026-04-09T00:00:00,4656.4,4628.649558,72.0,-27.750442,-0.595963,physics_projection,315,NONE,NEUTRAL,False,CONSOLIDATION,False,NEUTRAL,0.00404,NO,NO,NO,NO,SELL_CONTINUATION,NEUTRAL (mixed),WAIT,"Price has reached a cardinal angle near 315deg (current 334.8271deg), and time is in phase with neutral during active window 2026-04-06T00:00:00 to 2026-04-09T00:00:00. Structure has not fully confirmed, and force is still pushing (momentum=NEUTRAL). This is not random movement; this is organized decline. Start price 4656.4000, target zone 4628.6496. Therefore: SELL continuation bias, not blind chase.",2026-04-04T13:30:00,US Core PCE Price Index MoM,high,2070.0,2026-04-10T13:30:00,US Consumer Price Index (CPI) YoY,high,6570.0,334.8271,334.8271,139.17,2,MARKUP,1x3|1x2,PRICE_LEADS,56.075,Uttara Bhadrapada,1,-0.53085938,-27.962017,-0.53085938,0.004039905,4656.4,334.8271,202604060000
