time,year,close,liquidity_type,buy_volume_est,sell_volume_est,volume_total,volume_zscore,flow_delta,flow_imbalance,delta_trend,aggressive_side,iceberg_detected,iceberg_side,iceberg_absorption_score,absorption_type,flow_regime
2000-02-28,2000,1.25,NO_SWEEP,0.0,0.0,0.0,0.0,0.0,0.0,0.0,NEUTRAL,False,NONE,0.25,NONE,NEUTRAL
2000-02-29,2000,1.25,NO_SWEEP,0.0,0.0,0.0,0.0,0.0,0.0,0.0,NEUTRAL,False,NONE,0.25,NONE,NEUTRAL
2000-03-01,2000,1.25,NO_SWEEP,0.0,0.0,0.0,0.0,0.0,0.0,0.0,NEUTRAL,False,NONE,0.25,NONE,NEUTRAL
2000-03-02,2000,1.25,NO_SWEEP,0.0,0.0,0.0,0.0,0.0,0.0,0.0,NEUTRAL,False,NONE,0.25,NONE,NEUTRAL
2000-03-03,2000,1.25,NO_SWEEP,0.0,0.0,0.0,0.0,0.0,0.0,0.0,NEUTRAL,False,NONE,0.25,NONE,NEUTRAL
2000-03-05,2000,1.25,NO_SWEEP,0.0,0.0,0.0,0.0,0.0,0.0,0.0,NEUTRAL,False,NONE,0.25,NONE,NEUTRAL
2000-03-06,2000,1.25,NO_SWEEP,0.0,0.0,0.0,0.0,0.0,0.0,0.0,NEUTRAL,False,NONE,0.25,NONE,NEUTRAL
2000-03-07,2000,1.25,NO_SWEEP,0.0,0.0,0.0,0.0,0.0,0.0,0.0,NEUTRAL,False,NONE,0.25,NONE,NEUTRAL
2000-03-08,2000,1.25,NO_SWEEP,0.0,0.0,0.0,0.0,0.0,0.0,0.0,NEUTRAL,False,NONE,0.25,NONE,NEUTRAL
2000-03-09,2000,1.25,NO_SWEEP,0.0,0.0,0.0,0.0,0.0,0.0,0.0,NEUTRAL,False,NONE,0.25,NONE,NEUTRAL
2000-03-10,2000,1.25,NO_SWEEP,0.0,0.0,0.0,0.0,0.0,0.0,0.0,NEUTRAL,False,NONE,0.25,NONE,NEUTRAL
2000-03-12,2000,1.25,NO_SWEEP,0.0,0.0,0.0,0.0,0.0,0.0,0.0,NEUTRAL,False,NONE,0.25,NONE,NEUTRAL
2000-03-13,2000,1.25,NO_SWEEP,0.0,0.0,0.0,0.0,0.0,0.0,0.0,NEUTRAL,False,NONE,0.25,NONE,NEUTRAL
2000-03-14,2000,1.25,NO_SWEEP,0.0,0.0,0.0,0.0,0.0,0.0,0.0,NEUTRAL,False,NONE,0.25,NONE,NEUTRAL
2000-03-15,2000,1.25,NO_SWEEP,0.0,0.0,0.0,0.0,0.0,0.0,0.0,NEUTRAL,False,NONE,0.25,NONE,NEUTRAL
2000-03-16,2000,1.25,NO_SWEEP,0.0,0.0,0.0,0.0,0.0,0.0,0.0,NEUTRAL,False,NONE,0.25,NONE,NEUTRAL
2000-03-17,2000,1.25,NO_SWEEP,0.0,0.0,0.0,0.0,0.0,0.0,0.0,NEUTRAL,False,NONE,0.25,NONE,NEUTRAL
2000-03-19,2000,1.25,NO_SWEEP,0.0,0.0,0.0,0.0,0.0,0.0,0.0,NEUTRAL,False,NONE,0.25,NONE,NEUTRAL
2000-03-20,2000,1.25,NO_SWEEP,0.0,0.0,0.0,0.0,0.0,0.0,0.0,NEUTRAL,False,NONE,0.25,NONE,NEUTRAL
2000-03-21,2000,1.25,NO_SWEEP,0.0,0.0,0.0,0.0,0.0,0.0,0.0,NEUTRAL,False,NONE,0.25,NONE,NEUTRAL
2000-03-22,2000,1.25,NO_SWEEP,0.0,0.0,0.0,0.0,0.0,0.0,0.0,NEUTRAL,False,NONE,0.25,NONE,NEUTRAL
2000-03-23,2000,1.25,NO_SWEEP,0.0,0.0,0.0,0.0,0.0,0.0,0.0,NEUTRAL,False,NONE,0.25,NONE,NEUTRAL
2000-03-24,2000,1.25,NO_SWEEP,0.0,0.0,0.0,0.0,0.0,0.0,0.0,NEUTRAL,False,NONE,0.25,NONE,NEUTRAL
2000-03-26,2000,1.25,NO_SWEEP,0.0,0.0,0.0,0.0,0.0,0.0,0.0,NEUTRAL,False,NONE,0.25,NONE,NEUTRAL
2000-03-27,2000,1.25,NO_SWEEP,0.0,0.0,0.0,0.0,0.0,0.0,0.0,NEUTRAL,False,NONE,0.25,NONE,NEUTRAL
2000-03-28,2000,1.25,NO_SWEEP,0.0,0.0,0.0,0.0,0.0,0.0,0.0,NEUTRAL,False,NONE,0.25,NONE,NEUTRAL
2000-03-29,2000,1.25,NO_SWEEP,0.0,0.0,0.0,0.0,0.0,0.0,0.0,NEUTRAL,False,NONE,0.25,NONE,NEUTRAL
2000-03-30,2000,1.25,NO_SWEEP,0.0,0.0,0.0,0.0,0.0,0.0,0.0,NEUTRAL,False,NONE,0.25,NONE,NEUTRAL
2000-03-31,2000,1.25,NO_SWEEP,0.0,0.0,0.0,0.0,0.0,0.0,0.0,NEUTRAL,False,NONE,0.25,NONE,NEUTRAL
2000-04-02,2000,1.25,NO_SWEEP,0.0,0.0,0.0,0.0,0.0,0.0,0.0,NEUTRAL,False,NONE,0.25,NONE,NEUTRAL
2000-04-03,2000,1.25,NO_SWEEP,0.0,0.0,0.0,0.0,0.0,0.0,0.0,NEUTRAL,False,NONE,0.25,NONE,NEUTRAL
2000-04-04,2000,1.25,NO_SWEEP,0.0,0.0,0.0,0.0,0.0,0.0,0.0,NEUTRAL,False,NONE,0.25,NONE,NEUTRAL
2000-04-05,2000,1.25,NO_SWEEP,0.0,0.0,0.0,0.0,0.0,0.0,0.0,NEUTRAL,False,NONE,0.25,NONE,NEUTRAL
2000-04-06,2000,1.25,NO_SWEEP,0.0,0.0,0.0,0.0,0.0,0.0,0.0,NEUTRAL,False,NONE,0.25,NONE,NEUTRAL
2000-04-07,2000,1.25,NO_SWEEP,0.0,0.0,0.0,0.0,0.0,0.0,0.0,NEUTRAL,False,NONE,0.25,NONE,NEUTRAL
2000-04-09,2000,1.25,NO_SWEEP,0.0,0.0,0.0,0.0,0.0,0.0,0.0,NEUTRAL,False,NONE,0.25,NONE,NEUTRAL
2000-04-10,2000,1.25,NO_SWEEP,0.0,0.0,0.0,0.0,0.0,0.0,0.0,NEUTRAL,False,NONE,0.25,NONE,NEUTRAL
2000-04-11,2000,1.25,NO_SWEEP,0.0,0.0,0.0,0.0,0.0,0.0,0.0,NEUTRAL,False,NONE,0.25,NONE,NEUTRAL
2000-04-12,2000,1.25,NO_SWEEP,0.0,0.0,0.0,0.0,0.0,0.0,0.0,NEUTRAL,False,NONE,0.25,NONE,NEUTRAL
2000-04-13,2000,1.25,NO_SWEEP,0.0,0.0,0.0,0.0,0.0,0.0,0.0,NEUTRAL,False,NONE,0.25,NONE,NEUTRAL
2000-04-14,2000,1.25,NO_SWEEP,0.0,0.0,0.0,0.0,0.0,0.0,0.0,NEUTRAL,False,NONE,0.25,NONE,NEUTRAL
2000-04-16,2000,1.25,NO_SWEEP,0.0,0.0,0.0,0.0,0.0,0.0,0.0,NEUTRAL,False,NONE,0.25,NONE,NEUTRAL
2000-04-17,2000,1.25,NO_SWEEP,0.0,0.0,0.0,0.0,0.0,0.0,0.0,NEUTRAL,False,NONE,0.25,NONE,NEUTRAL
2000-04-18,2000,1.25,NO_SWEEP,0.0,0.0,0.0,0.0,0.0,0.0,0.0,NEUTRAL,False,NONE,0.25,NONE,NEUTRAL
2000-04-19,2000,1.25,NO_SWEEP,0.0,0.0,0.0,0.0,0.0,0.0,0.0,NEUTRAL,False,NONE,0.25,NONE,NEUTRAL
2000-04-20,2000,1.25,NO_SWEEP,0.0,0.0,0.0,0.0,0.0,0.0,0.0,NEUTRAL,False,NONE,0.25,NONE,NEUTRAL
2000-04-21,2000,1.25,NO_SWEEP,0.0,0.0,0.0,0.0,0.0,0.0,0.0,NEUTRAL,False,NONE,0.25,NONE,NEUTRAL
2000-04-23,2000,1.25,NO_SWEEP,0.0,0.0,0.0,0.0,0.0,0.0,0.0,NEUTRAL,False,NONE,0.25,NONE,NEUTRAL
2000-04-24,2000,1.25,NO_SWEEP,0.0,0.0,0.0,0.0,0.0,0.0,0.0,NEUTRAL,False,NONE,0.25,NONE,NEUTRAL
2000-04-25,2000,1.25,NO_SWEEP,0.0,0.0,0.0,0.0,0.0,0.0,0.0,NEUTRAL,False,NONE,0.25,NONE,NEUTRAL
2000-04-26,2000,1.25,NO_SWEEP,0.0,0.0,0.0,0.0,0.0,0.0,0.0,NEUTRAL,False,NONE,0.25,NONE,NEUTRAL
2000-04-27,2000,1.25,NO_SWEEP,0.0,0.0,0.0,0.0,0.0,0.0,0.0,NEUTRAL,False,NONE,0.25,NONE,NEUTRAL
2000-04-28,2000,1.25,NO_SWEEP,0.0,0.0,0.0,0.0,0.0,0.0,0.0,NEUTRAL,False,NONE,0.25,NONE,NEUTRAL
2000-04-30,2000,1.25,NO_SWEEP,0.0,0.0,0.0,0.0,0.0,0.0,0.0,NEUTRAL,False,NONE,0.25,NONE,NEUTRAL
2000-05-01,2000,1.25,NO_SWEEP,0.0,0.0,0.0,0.0,0.0,0.0,0.0,NEUTRAL,False,NONE,0.25,NONE,NEUTRAL
2000-05-02,2000,1.25,NO_SWEEP,0.0,0.0,0.0,0.0,0.0,0.0,0.0,NEUTRAL,False,NONE,0.25,NONE,NEUTRAL
2000-05-03,2000,1.25,NO_SWEEP,0.0,0.0,0.0,0.0,0.0,0.0,0.0,NEUTRAL,False,NONE,0.25,NONE,NEUTRAL
2000-05-04,2000,1.25,NO_SWEEP,0.0,0.0,0.0,0.0,0.0,0.0,0.0,NEUTRAL,False,NONE,0.25,NONE,NEUTRAL
2000-05-05,2000,1.25,NO_SWEEP,0.0,0.0,0.0,0.0,0.0,0.0,0.0,NEUTRAL,False,NONE,0.25,NONE,NEUTRAL
2000-05-07,2000,1.25,NO_SWEEP,0.0,0.0,0.0,0.0,0.0,0.0,0.0,NEUTRAL,False,NONE,0.25,NONE,NEUTRAL
2000-05-08,2000,1.25,NO_SWEEP,0.0,0.0,0.0,0.0,0.0,0.0,0.0,NEUTRAL,False,NONE,0.25,NONE,NEUTRAL
2000-05-09,2000,1.25,NO_SWEEP,0.0,0.0,0.0,0.0,0.0,0.0,0.0,NEUTRAL,False,NONE,0.25,NONE,NEUTRAL
2000-05-10,2000,1.25,NO_SWEEP,0.0,0.0,0.0,0.0,0.0,0.0,0.0,NEUTRAL,False,NONE,0.25,NONE,NEUTRAL
2000-05-11,2000,1.25,NO_SWEEP,0.0,0.0,0.0,0.0,0.0,0.0,0.0,NEUTRAL,False,NONE,0.25,NONE,NEUTRAL
2000-05-12,2000,1.25,NO_SWEEP,0.0,0.0,0.0,0.0,0.0,0.0,0.0,NEUTRAL,False,NONE,0.25,NONE,NEUTRAL
2000-05-14,2000,1.25,NO_SWEEP,0.0,0.0,0.0,0.0,0.0,0.0,0.0,NEUTRAL,False,NONE,0.25,NONE,NEUTRAL
2000-05-15,2000,1.25,NO_SWEEP,0.0,0.0,0.0,0.0,0.0,0.0,0.0,NEUTRAL,False,NONE,0.25,NONE,NEUTRAL
2000-05-16,2000,1.25,NO_SWEEP,0.0,0.0,0.0,0.0,0.0,0.0,0.0,NEUTRAL,False,NONE,0.25,NONE,NEUTRAL
2000-05-17,2000,1.25,NO_SWEEP,0.0,0.0,0.0,0.0,0.0,0.0,0.0,NEUTRAL,False,NONE,0.25,NONE,NEUTRAL
2000-05-18,2000,1.25,NO_SWEEP,0.0,0.0,0.0,0.0,0.0,0.0,0.0,NEUTRAL,False,NONE,0.25,NONE,NEUTRAL
2000-05-19,2000,1.25,NO_SWEEP,0.0,0.0,0.0,0.0,0.0,0.0,0.0,NEUTRAL,False,NONE,0.25,NONE,NEUTRAL
2000-05-21,2000,1.25,NO_SWEEP,0.0,0.0,0.0,0.0,0.0,0.0,0.0,NEUTRAL,False,NONE,0.25,NONE,NEUTRAL
2000-05-22,2000,1.25,NO_SWEEP,0.0,0.0,0.0,0.0,0.0,0.0,0.0,NEUTRAL,False,NONE,0.25,NONE,NEUTRAL
2000-05-23,2000,1.25,NO_SWEEP,0.0,0.0,0.0,0.0,0.0,0.0,0.0,NEUTRAL,False,NONE,0.25,NONE,NEUTRAL
2000-05-24,2000,1.25,NO_SWEEP,0.0,0.0,0.0,0.0,0.0,0.0,0.0,NEUTRAL,False,NONE,0.25,NONE,NEUTRAL
2000-05-25,2000,1.25,NO_SWEEP,0.0,0.0,0.0,0.0,0.0,0.0,0.0,NEUTRAL,False,NONE,0.25,NONE,NEUTRAL
2000-05-26,2000,1.25,NO_SWEEP,0.0,0.0,0.0,0.0,0.0,0.0,0.0,NEUTRAL,False,NONE,0.25,NONE,NEUTRAL
2000-05-28,2000,1.25,NO_SWEEP,0.0,0.0,0.0,0.0,0.0,0.0,0.0,NEUTRAL,False,NONE,0.25,NONE,NEUTRAL
2000-05-29,2000,1.25,NO_SWEEP,0.0,0.0,0.0,0.0,0.0,0.0,0.0,NEUTRAL,False,NONE,0.25,NONE,NEUTRAL
2000-05-30,2000,1.25,NO_SWEEP,0.0,0.0,0.0,0.0,0.0,0.0,0.0,NEUTRAL,False,NONE,0.25,NONE,NEUTRAL
2000-05-31,2000,1.25,NO_SWEEP,0.0,0.0,0.0,0.0,0.0,0.0,0.0,NEUTRAL,False,NONE,0.25,NONE,NEUTRAL
2000-06-01,2000,1.25,NO_SWEEP,0.0,0.0,0.0,0.0,0.0,0.0,0.0,NEUTRAL,False,NONE,0.25,NONE,NEUTRAL
2000-06-02,2000,1.25,NO_SWEEP,0.0,0.0,0.0,0.0,0.0,0.0,0.0,NEUTRAL,False,NONE,0.25,NONE,NEUTRAL
2000-06-04,2000,1.25,NO_SWEEP,0.0,0.0,0.0,0.0,0.0,0.0,0.0,NEUTRAL,False,NONE,0.25,NONE,NEUTRAL
2000-06-05,2000,1.25,NO_SWEEP,0.0,0.0,0.0,0.0,0.0,0.0,0.0,NEUTRAL,False,NONE,0.25,NONE,NEUTRAL
2000-06-06,2000,1.25,NO_SWEEP,0.0,0.0,0.0,0.0,0.0,0.0,0.0,NEUTRAL,False,NONE,0.25,NONE,NEUTRAL
2000-06-07,2000,1.25,NO_SWEEP,0.0,0.0,0.0,0.0,0.0,0.0,0.0,NEUTRAL,False,NONE,0.25,NONE,NEUTRAL
2000-06-08,2000,1.25,NO_SWEEP,0.0,0.0,0.0,0.0,0.0,0.0,0.0,NEUTRAL,False,NONE,0.25,NONE,NEUTRAL
2000-06-09,2000,1.25,NO_SWEEP,0.0,0.0,0.0,0.0,0.0,0.0,0.0,NEUTRAL,False,NONE,0.25,NONE,NEUTRAL
2000-06-11,2000,1.25,NO_SWEEP,0.0,0.0,0.0,0.0,0.0,0.0,0.0,NEUTRAL,False,NONE,0.25,NONE,NEUTRAL
2000-06-12,2000,1.25,NO_SWEEP,0.0,0.0,0.0,0.0,0.0,0.0,0.0,NEUTRAL,False,NONE,0.25,NONE,NEUTRAL
2000-06-13,2000,1.25,NO_SWEEP,0.0,0.0,0.0,0.0,0.0,0.0,0.0,NEUTRAL,False,NONE,0.25,NONE,NEUTRAL
2000-06-14,2000,1.25,NO_SWEEP,0.0,0.0,0.0,0.0,0.0,0.0,0.0,NEUTRAL,False,NONE,0.25,NONE,NEUTRAL
2000-06-15,2000,1.25,NO_SWEEP,0.0,0.0,0.0,0.0,0.0,0.0,0.0,NEUTRAL,False,NONE,0.25,NONE,NEUTRAL
2000-06-16,2000,1.25,NO_SWEEP,0.0,0.0,0.0,0.0,0.0,0.0,0.0,NEUTRAL,False,NONE,0.25,NONE,NEUTRAL
2000-06-18,2000,1.25,NO_SWEEP,0.0,0.0,0.0,0.0,0.0,0.0,0.0,NEUTRAL,False,NONE,0.25,NONE,NEUTRAL
2000-06-19,2000,1.25,NO_SWEEP,0.0,0.0,0.0,0.0,0.0,0.0,0.0,NEUTRAL,False,NONE,0.25,NONE,NEUTRAL
2000-06-20,2000,1.25,NO_SWEEP,0.0,0.0,0.0,0.0,0.0,0.0,0.0,NEUTRAL,False,NONE,0.25,NONE,NEUTRAL
2000-06-21,2000,1.25,NO_SWEEP,0.0,0.0,0.0,0.0,0.0,0.0,0.0,NEUTRAL,False,NONE,0.25,NONE,NEUTRAL
2000-06-22,2000,1.25,NO_SWEEP,0.0,0.0,0.0,0.0,0.0,0.0,0.0,NEUTRAL,False,NONE,0.25,NONE,NEUTRAL
2000-06-23,2000,1.25,NO_SWEEP,0.0,0.0,0.0,0.0,0.0,0.0,0.0,NEUTRAL,False,NONE,0.25,NONE,NEUTRAL
2000-06-25,2000,1.25,NO_SWEEP,0.0,0.0,0.0,0.0,0.0,0.0,0.0,NEUTRAL,False,NONE,0.25,NONE,NEUTRAL
2000-06-26,2000,1.25,NO_SWEEP,0.0,0.0,0.0,0.0,0.0,0.0,0.0,NEUTRAL,False,NONE,0.25,NONE,NEUTRAL
2000-06-27,2000,1.25,NO_SWEEP,0.0,0.0,0.0,0.0,0.0,0.0,0.0,NEUTRAL,False,NONE,0.25,NONE,NEUTRAL
2000-06-28,2000,1.25,NO_SWEEP,0.0,0.0,0.0,0.0,0.0,0.0,0.0,NEUTRAL,False,NONE,0.25,NONE,NEUTRAL
2000-06-29,2000,1.25,NO_SWEEP,0.0,0.0,0.0,0.0,0.0,0.0,0.0,NEUTRAL,False,NONE,0.25,NONE,NEUTRAL
2000-06-30,2000,1.25,NO_SWEEP,0.0,0.0,0.0,0.0,0.0,0.0,0.0,NEUTRAL,False,NONE,0.25,NONE,NEUTRAL
2000-07-02,2000,1.25,NO_SWEEP,0.0,0.0,0.0,0.0,0.0,0.0,0.0,NEUTRAL,False,NONE,0.25,NONE,NEUTRAL
2000-07-03,2000,1.25,NO_SWEEP,0.0,0.0,0.0,0.0,0.0,0.0,0.0,NEUTRAL,False,NONE,0.25,NONE,NEUTRAL
2000-07-04,2000,1.25,NO_SWEEP,0.0,0.0,0.0,0.0,0.0,0.0,0.0,NEUTRAL,False,NONE,0.25,NONE,NEUTRAL
2000-07-05,2000,1.25,NO_SWEEP,0.0,0.0,0.0,0.0,0.0,0.0,0.0,NEUTRAL,False,NONE,0.25,NONE,NEUTRAL
2000-07-06,2000,1.25,NO_SWEEP,0.0,0.0,0.0,0.0,0.0,0.0,0.0,NEUTRAL,False,NONE,0.25,NONE,NEUTRAL
2000-07-07,2000,1.25,NO_SWEEP,0.0,0.0,0.0,0.0,0.0,0.0,0.0,NEUTRAL,False,NONE,0.25,NONE,NEUTRAL
2000-07-09,2000,1.25,NO_SWEEP,0.0,0.0,0.0,0.0,0.0,0.0,0.0,NEUTRAL,False,NONE,0.25,NONE,NEUTRAL
2000-07-10,2000,1.25,NO_SWEEP,0.0,0.0,0.0,0.0,0.0,0.0,0.0,NEUTRAL,False,NONE,0.25,NONE,NEUTRAL
2000-07-11,2000,1.25,NO_SWEEP,0.0,0.0,0.0,0.0,0.0,0.0,0.0,NEUTRAL,False,NONE,0.25,NONE,NEUTRAL
2000-07-12,2000,1.25,NO_SWEEP,0.0,0.0,0.0,0.0,0.0,0.0,0.0,NEUTRAL,False,NONE,0.25,NONE,NEUTRAL
2000-07-13,2000,1.25,NO_SWEEP,0.0,0.0,0.0,0.0,0.0,0.0,0.0,NEUTRAL,False,NONE,0.25,NONE,NEUTRAL
2000-07-14,2000,1.25,NO_SWEEP,0.0,0.0,0.0,0.0,0.0,0.0,0.0,NEUTRAL,False,NONE,0.25,NONE,NEUTRAL
2000-07-16,2000,1.25,NO_SWEEP,0.0,0.0,0.0,0.0,0.0,0.0,0.0,NEUTRAL,False,NONE,0.25,NONE,NEUTRAL
2000-07-17,2000,1.25,NO_SWEEP,0.0,0.0,0.0,0.0,0.0,0.0,0.0,NEUTRAL,False,NONE,0.25,NONE,NEUTRAL
2000-07-18,2000,1.25,NO_SWEEP,0.0,0.0,0.0,0.0,0.0,0.0,0.0,NEUTRAL,False,NONE,0.25,NONE,NEUTRAL
2000-07-19,2000,1.25,NO_SWEEP,0.0,0.0,0.0,0.0,0.0,0.0,0.0,NEUTRAL,False,NONE,0.25,NONE,NEUTRAL
2000-07-20,2000,1.25,NO_SWEEP,0.0,0.0,0.0,0.0,0.0,0.0,0.0,NEUTRAL,False,NONE,0.25,NONE,NEUTRAL
2000-07-21,2000,1.25,NO_SWEEP,0.0,0.0,0.0,0.0,0.0,0.0,0.0,NEUTRAL,False,NONE,0.25,NONE,NEUTRAL
2000-07-23,2000,1.25,NO_SWEEP,0.0,0.0,0.0,0.0,0.0,0.0,0.0,NEUTRAL,False,NONE,0.25,NONE,NEUTRAL
2000-07-24,2000,1.25,NO_SWEEP,0.0,0.0,0.0,0.0,0.0,0.0,0.0,NEUTRAL,False,NONE,0.25,NONE,NEUTRAL
2000-07-25,2000,1.25,NO_SWEEP,0.0,0.0,0.0,0.0,0.0,0.0,0.0,NEUTRAL,False,NONE,0.25,NONE,NEUTRAL
2000-07-26,2000,1.25,NO_SWEEP,0.0,0.0,0.0,0.0,0.0,0.0,0.0,NEUTRAL,False,NONE,0.25,NONE,NEUTRAL
2000-07-27,2000,1.25,NO_SWEEP,0.0,0.0,0.0,0.0,0.0,0.0,0.0,NEUTRAL,False,NONE,0.25,NONE,NEUTRAL
2000-07-28,2000,1.25,NO_SWEEP,0.0,0.0,0.0,0.0,0.0,0.0,0.0,NEUTRAL,False,NONE,0.25,NONE,NEUTRAL
2000-07-30,2000,1.25,NO_SWEEP,0.0,0.0,0.0,0.0,0.0,0.0,0.0,NEUTRAL,False,NONE,0.25,NONE,NEUTRAL
2000-07-31,2000,1.25,NO_SWEEP,0.0,0.0,0.0,0.0,0.0,0.0,0.0,NEUTRAL,False,NONE,0.25,NONE,NEUTRAL
2000-08-01,2000,1.25,NO_SWEEP,0.0,0.0,0.0,0.0,0.0,0.0,0.0,NEUTRAL,False,NONE,0.25,NONE,NEUTRAL
2000-08-02,2000,1.25,NO_SWEEP,0.0,0.0,0.0,0.0,0.0,0.0,0.0,NEUTRAL,False,NONE,0.25,NONE,NEUTRAL
2000-08-03,2000,1.25,NO_SWEEP,0.0,0.0,0.0,0.0,0.0,0.0,0.0,NEUTRAL,False,NONE,0.25,NONE,NEUTRAL
2000-08-04,2000,1.25,NO_SWEEP,0.0,0.0,0.0,0.0,0.0,0.0,0.0,NEUTRAL,False,NONE,0.25,NONE,NEUTRAL
2000-08-06,2000,1.25,NO_SWEEP,0.0,0.0,0.0,0.0,0.0,0.0,0.0,NEUTRAL,False,NONE,0.25,NONE,NEUTRAL
2000-08-07,2000,1.25,NO_SWEEP,0.0,0.0,0.0,0.0,0.0,0.0,0.0,NEUTRAL,False,NONE,0.25,NONE,NEUTRAL
2000-08-08,2000,1.25,NO_SWEEP,0.0,0.0,0.0,0.0,0.0,0.0,0.0,NEUTRAL,False,NONE,0.25,NONE,NEUTRAL
2000-08-09,2000,1.25,NO_SWEEP,0.0,0.0,0.0,0.0,0.0,0.0,0.0,NEUTRAL,False,NONE,0.25,NONE,NEUTRAL
2000-08-10,2000,1.25,NO_SWEEP,0.0,0.0,0.0,0.0,0.0,0.0,0.0,NEUTRAL,False,NONE,0.25,NONE,NEUTRAL
2000-08-11,2000,1.25,NO_SWEEP,0.0,0.0,0.0,0.0,0.0,0.0,0.0,NEUTRAL,False,NONE,0.25,NONE,NEUTRAL
2000-08-13,2000,1.25,NO_SWEEP,0.0,0.0,0.0,0.0,0.0,0.0,0.0,NEUTRAL,False,NONE,0.25,NONE,NEUTRAL
2000-08-14,2000,1.25,NO_SWEEP,0.0,0.0,0.0,0.0,0.0,0.0,0.0,NEUTRAL,False,NONE,0.25,NONE,NEUTRAL
2000-08-15,2000,1.25,NO_SWEEP,0.0,0.0,0.0,0.0,0.0,0.0,0.0,NEUTRAL,False,NONE,0.25,NONE,NEUTRAL
2000-08-16,2000,1.25,NO_SWEEP,0.0,0.0,0.0,0.0,0.0,0.0,0.0,NEUTRAL,False,NONE,0.25,NONE,NEUTRAL
2000-08-17,2000,1.25,NO_SWEEP,0.0,0.0,0.0,0.0,0.0,0.0,0.0,NEUTRAL,False,NONE,0.25,NONE,NEUTRAL
2000-08-18,2000,1.25,NO_SWEEP,0.0,0.0,0.0,0.0,0.0,0.0,0.0,NEUTRAL,False,NONE,0.25,NONE,NEUTRAL
2000-08-20,2000,1.25,NO_SWEEP,0.0,0.0,0.0,0.0,0.0,0.0,0.0,NEUTRAL,False,NONE,0.25,NONE,NEUTRAL
2000-08-21,2000,1.25,NO_SWEEP,0.0,0.0,0.0,0.0,0.0,0.0,0.0,NEUTRAL,False,NONE,0.25,NONE,NEUTRAL
2000-08-22,2000,1.25,NO_SWEEP,0.0,0.0,0.0,0.0,0.0,0.0,0.0,NEUTRAL,False,NONE,0.25,NONE,NEUTRAL
2000-08-23,2000,1.25,NO_SWEEP,0.0,0.0,0.0,0.0,0.0,0.0,0.0,NEUTRAL,False,NONE,0.25,NONE,NEUTRAL
2000-08-24,2000,1.25,NO_SWEEP,0.0,0.0,0.0,0.0,0.0,0.0,0.0,NEUTRAL,False,NONE,0.25,NONE,NEUTRAL
2000-08-25,2000,1.25,NO_SWEEP,0.0,0.0,0.0,0.0,0.0,0.0,0.0,NEUTRAL,False,NONE,0.25,NONE,NEUTRAL
2000-08-27,2000,1.25,NO_SWEEP,0.0,0.0,0.0,0.0,0.0,0.0,0.0,NEUTRAL,False,NONE,0.25,NONE,NEUTRAL
2000-08-28,2000,1.25,NO_SWEEP,0.0,0.0,0.0,0.0,0.0,0.0,0.0,NEUTRAL,False,NONE,0.25,NONE,NEUTRAL
2000-08-29,2000,1.25,NO_SWEEP,0.0,0.0,0.0,0.0,0.0,0.0,0.0,NEUTRAL,False,NONE,0.25,NONE,NEUTRAL
2000-08-30,2000,1.25,NO_SWEEP,0.0,0.0,0.0,0.0,0.0,0.0,0.0,NEUTRAL,False,NONE,0.25,NONE,NEUTRAL
2000-08-31,2000,1.25,NO_SWEEP,0.0,0.0,0.0,0.0,0.0,0.0,0.0,NEUTRAL,False,NONE,0.25,NONE,NEUTRAL
2000-09-01,2000,1.25,NO_SWEEP,0.0,0.0,0.0,0.0,0.0,0.0,0.0,NEUTRAL,False,NONE,0.25,NONE,NEUTRAL
2000-09-03,2000,1.25,NO_SWEEP,0.0,0.0,0.0,0.0,0.0,0.0,0.0,NEUTRAL,False,NONE,0.25,NONE,NEUTRAL
2000-09-04,2000,1.25,NO_SWEEP,0.0,0.0,0.0,0.0,0.0,0.0,0.0,NEUTRAL,False,NONE,0.25,NONE,NEUTRAL
2000-09-05,2000,1.25,NO_SWEEP,0.0,0.0,0.0,0.0,0.0,0.0,0.0,NEUTRAL,False,NONE,0.25,NONE,NEUTRAL
2000-09-06,2000,1.25,NO_SWEEP,0.0,0.0,0.0,0.0,0.0,0.0,0.0,NEUTRAL,False,NONE,0.25,NONE,NEUTRAL
2000-09-07,2000,1.25,NO_SWEEP,0.0,0.0,0.0,0.0,0.0,0.0,0.0,NEUTRAL,False,NONE,0.25,NONE,NEUTRAL
2000-09-08,2000,1.25,NO_SWEEP,0.0,0.0,0.0,0.0,0.0,0.0,0.0,NEUTRAL,False,NONE,0.25,NONE,NEUTRAL
2000-09-10,2000,1.25,NO_SWEEP,0.0,0.0,0.0,0.0,0.0,0.0,0.0,NEUTRAL,False,NONE,0.25,NONE,NEUTRAL
2000-09-11,2000,1.25,NO_SWEEP,0.0,0.0,0.0,0.0,0.0,0.0,0.0,NEUTRAL,False,NONE,0.25,NONE,NEUTRAL
2000-09-12,2000,1.25,NO_SWEEP,0.0,0.0,0.0,0.0,0.0,0.0,0.0,NEUTRAL,False,NONE,0.25,NONE,NEUTRAL
2000-09-13,2000,1.25,NO_SWEEP,0.0,0.0,0.0,0.0,0.0,0.0,0.0,NEUTRAL,False,NONE,0.25,NONE,NEUTRAL
2000-09-14,2000,1.25,NO_SWEEP,0.0,0.0,0.0,0.0,0.0,0.0,0.0,NEUTRAL,False,NONE,0.25,NONE,NEUTRAL
2000-09-15,2000,1.25,NO_SWEEP,0.0,0.0,0.0,0.0,0.0,0.0,0.0,NEUTRAL,False,NONE,0.25,NONE,NEUTRAL
2000-09-17,2000,1.25,NO_SWEEP,0.0,0.0,0.0,0.0,0.0,0.0,0.0,NEUTRAL,False,NONE,0.25,NONE,NEUTRAL
2000-09-18,2000,1.25,NO_SWEEP,0.0,0.0,0.0,0.0,0.0,0.0,0.0,NEUTRAL,False,NONE,0.25,NONE,NEUTRAL
2000-09-19,2000,1.25,NO_SWEEP,0.0,0.0,0.0,0.0,0.0,0.0,0.0,NEUTRAL,False,NONE,0.25,NONE,NEUTRAL
2000-09-20,2000,1.25,NO_SWEEP,0.0,0.0,0.0,0.0,0.0,0.0,0.0,NEUTRAL,False,NONE,0.25,NONE,NEUTRAL
2000-09-21,2000,1.25,NO_SWEEP,0.0,0.0,0.0,0.0,0.0,0.0,0.0,NEUTRAL,False,NONE,0.25,NONE,NEUTRAL
2000-09-22,2000,1.25,NO_SWEEP,0.0,0.0,0.0,0.0,0.0,0.0,0.0,NEUTRAL,False,NONE,0.25,NONE,NEUTRAL
2000-09-24,2000,1.25,NO_SWEEP,0.0,0.0,0.0,0.0,0.0,0.0,0.0,NEUTRAL,False,NONE,0.25,NONE,NEUTRAL
2000-09-25,2000,1.25,NO_SWEEP,0.0,0.0,0.0,0.0,0.0,0.0,0.0,NEUTRAL,False,NONE,0.25,NONE,NEUTRAL
2000-09-26,2000,1.25,NO_SWEEP,0.0,0.0,0.0,0.0,0.0,0.0,0.0,NEUTRAL,False,NONE,0.25,NONE,NEUTRAL
2000-09-27,2000,1.25,NO_SWEEP,0.0,0.0,0.0,0.0,0.0,0.0,0.0,NEUTRAL,False,NONE,0.25,NONE,NEUTRAL
2000-09-28,2000,1.25,NO_SWEEP,0.0,0.0,0.0,0.0,0.0,0.0,0.0,NEUTRAL,False,NONE,0.25,NONE,NEUTRAL
2000-09-29,2000,1.25,NO_SWEEP,0.0,0.0,0.0,0.0,0.0,0.0,0.0,NEUTRAL,False,NONE,0.25,NONE,NEUTRAL
2000-10-01,2000,1.25,NO_SWEEP,0.0,0.0,0.0,0.0,0.0,0.0,0.0,NEUTRAL,False,NONE,0.25,NONE,NEUTRAL
2000-10-02,2000,1.25,NO_SWEEP,0.0,0.0,0.0,0.0,0.0,0.0,0.0,NEUTRAL,False,NONE,0.25,NONE,NEUTRAL
2000-10-03,2000,1.25,NO_SWEEP,0.0,0.0,0.0,0.0,0.0,0.0,0.0,NEUTRAL,False,NONE,0.25,NONE,NEUTRAL
2000-10-04,2000,1.25,NO_SWEEP,0.0,0.0,0.0,0.0,0.0,0.0,0.0,NEUTRAL,False,NONE,0.25,NONE,NEUTRAL
2000-10-05,2000,1.25,NO_SWEEP,0.0,0.0,0.0,0.0,0.0,0.0,0.0,NEUTRAL,False,NONE,0.25,NONE,NEUTRAL
2000-10-06,2000,1.25,NO_SWEEP,0.0,0.0,0.0,0.0,0.0,0.0,0.0,NEUTRAL,False,NONE,0.25,NONE,NEUTRAL
2000-10-08,2000,1.25,NO_SWEEP,0.0,0.0,0.0,0.0,0.0,0.0,0.0,NEUTRAL,False,NONE,0.25,NONE,NEUTRAL
2000-10-09,2000,1.25,NO_SWEEP,0.0,0.0,0.0,0.0,0.0,0.0,0.0,NEUTRAL,False,NONE,0.25,NONE,NEUTRAL
2000-10-10,2000,1.25,NO_SWEEP,0.0,0.0,0.0,0.0,0.0,0.0,0.0,NEUTRAL,False,NONE,0.25,NONE,NEUTRAL
2000-10-11,2000,1.25,NO_SWEEP,0.0,0.0,0.0,0.0,0.0,0.0,0.0,NEUTRAL,False,NONE,0.25,NONE,NEUTRAL
2000-10-12,2000,1.25,NO_SWEEP,0.0,0.0,0.0,0.0,0.0,0.0,0.0,NEUTRAL,False,NONE,0.25,NONE,NEUTRAL
2000-10-13,2000,1.25,NO_SWEEP,0.0,0.0,0.0,0.0,0.0,0.0,0.0,NEUTRAL,False,NONE,0.25,NONE,NEUTRAL
2000-10-15,2000,1.25,NO_SWEEP,0.0,0.0,0.0,0.0,0.0,0.0,0.0,NEUTRAL,False,NONE,0.25,NONE,NEUTRAL
2000-10-16,2000,1.25,NO_SWEEP,0.0,0.0,0.0,0.0,0.0,0.0,0.0,NEUTRAL,False,NONE,0.25,NONE,NEUTRAL
2000-10-17,2000,1.25,NO_SWEEP,0.0,0.0,0.0,0.0,0.0,0.0,0.0,NEUTRAL,False,NONE,0.25,NONE,NEUTRAL
2000-10-18,2000,1.25,NO_SWEEP,0.0,0.0,0.0,0.0,0.0,0.0,0.0,NEUTRAL,False,NONE,0.25,NONE,NEUTRAL
2000-10-19,2000,1.25,NO_SWEEP,0.0,0.0,0.0,0.0,0.0,0.0,0.0,NEUTRAL,False,NONE,0.25,NONE,NEUTRAL
2000-10-20,2000,1.25,NO_SWEEP,0.0,0.0,0.0,0.0,0.0,0.0,0.0,NEUTRAL,False,NONE,0.25,NONE,NEUTRAL
2000-10-22,2000,1.25,NO_SWEEP,0.0,0.0,0.0,0.0,0.0,0.0,0.0,NEUTRAL,False,NONE,0.25,NONE,NEUTRAL
2000-10-23,2000,1.25,NO_SWEEP,0.0,0.0,0.0,0.0,0.0,0.0,0.0,NEUTRAL,False,NONE,0.25,NONE,NEUTRAL
2000-10-24,2000,1.25,NO_SWEEP,0.0,0.0,0.0,0.0,0.0,0.0,0.0,NEUTRAL,False,NONE,0.25,NONE,NEUTRAL
2000-10-25,2000,1.25,NO_SWEEP,0.0,0.0,0.0,0.0,0.0,0.0,0.0,NEUTRAL,False,NONE,0.25,NONE,NEUTRAL
2000-10-26,2000,1.25,NO_SWEEP,0.0,0.0,0.0,0.0,0.0,0.0,0.0,NEUTRAL,False,NONE,0.25,NONE,NEUTRAL
2000-10-27,2000,1.25,NO_SWEEP,0.0,0.0,0.0,0.0,0.0,0.0,0.0,NEUTRAL,False,NONE,0.25,NONE,NEUTRAL
2000-10-29,2000,1.25,NO_SWEEP,0.0,0.0,0.0,0.0,0.0,0.0,0.0,NEUTRAL,False,NONE,0.25,NONE,NEUTRAL
2000-10-30,2000,1.25,NO_SWEEP,0.0,0.0,0.0,0.0,0.0,0.0,0.0,NEUTRAL,False,NONE,0.25,NONE,NEUTRAL
2000-10-31,2000,1.25,NO_SWEEP,0.0,0.0,0.0,0.0,0.0,0.0,0.0,NEUTRAL,False,NONE,0.25,NONE,NEUTRAL
2000-11-01,2000,1.25,NO_SWEEP,0.0,0.0,0.0,0.0,0.0,0.0,0.0,NEUTRAL,False,NONE,0.25,NONE,NEUTRAL
2000-11-02,2000,1.25,NO_SWEEP,0.0,0.0,0.0,0.0,0.0,0.0,0.0,NEUTRAL,False,NONE,0.25,NONE,NEUTRAL
2000-11-03,2000,1.25,NO_SWEEP,0.0,0.0,0.0,0.0,0.0,0.0,0.0,NEUTRAL,False,NONE,0.25,NONE,NEUTRAL
2000-11-05,2000,1.25,NO_SWEEP,0.0,0.0,0.0,0.0,0.0,0.0,0.0,NEUTRAL,False,NONE,0.25,NONE,NEUTRAL
2000-11-06,2000,1.25,NO_SWEEP,0.0,0.0,0.0,0.0,0.0,0.0,0.0,NEUTRAL,False,NONE,0.25,NONE,NEUTRAL
2000-11-07,2000,1.25,NO_SWEEP,0.0,0.0,0.0,0.0,0.0,0.0,0.0,NEUTRAL,False,NONE,0.25,NONE,NEUTRAL
2000-11-08,2000,1.25,NO_SWEEP,0.0,0.0,0.0,0.0,0.0,0.0,0.0,NEUTRAL,False,NONE,0.25,NONE,NEUTRAL
2000-11-09,2000,1.25,NO_SWEEP,0.0,0.0,0.0,0.0,0.0,0.0,0.0,NEUTRAL,False,NONE,0.25,NONE,NEUTRAL
2000-11-10,2000,1.25,NO_SWEEP,0.0,0.0,0.0,0.0,0.0,0.0,0.0,NEUTRAL,False,NONE,0.25,NONE,NEUTRAL
2000-11-12,2000,1.25,NO_SWEEP,0.0,0.0,0.0,0.0,0.0,0.0,0.0,NEUTRAL,False,NONE,0.25,NONE,NEUTRAL
2000-11-13,2000,1.25,NO_SWEEP,0.0,0.0,0.0,0.0,0.0,0.0,0.0,NEUTRAL,False,NONE,0.25,NONE,NEUTRAL
2000-11-14,2000,1.25,NO_SWEEP,0.0,0.0,0.0,0.0,0.0,0.0,0.0,NEUTRAL,False,NONE,0.25,NONE,NEUTRAL
2000-11-15,2000,1.25,NO_SWEEP,0.0,0.0,0.0,0.0,0.0,0.0,0.0,NEUTRAL,False,NONE,0.25,NONE,NEUTRAL
2000-11-16,2000,1.25,NO_SWEEP,0.0,0.0,0.0,0.0,0.0,0.0,0.0,NEUTRAL,False,NONE,0.25,NONE,NEUTRAL
2000-11-17,2000,1.25,NO_SWEEP,0.0,0.0,0.0,0.0,0.0,0.0,0.0,NEUTRAL,False,NONE,0.25,NONE,NEUTRAL
2000-11-19,2000,1.25,NO_SWEEP,0.0,0.0,0.0,0.0,0.0,0.0,0.0,NEUTRAL,False,NONE,0.25,NONE,NEUTRAL
2000-11-20,2000,1.25,NO_SWEEP,0.0,0.0,0.0,0.0,0.0,0.0,0.0,NEUTRAL,False,NONE,0.25,NONE,NEUTRAL
2000-11-21,2000,1.25,NO_SWEEP,0.0,0.0,0.0,0.0,0.0,0.0,0.0,NEUTRAL,False,NONE,0.25,NONE,NEUTRAL
2000-11-22,2000,1.25,NO_SWEEP,0.0,0.0,0.0,0.0,0.0,0.0,0.0,NEUTRAL,False,NONE,0.25,NONE,NEUTRAL
2000-11-23,2000,1.25,NO_SWEEP,0.0,0.0,0.0,0.0,0.0,0.0,0.0,NEUTRAL,False,NONE,0.25,NONE,NEUTRAL
2000-11-24,2000,1.25,NO_SWEEP,0.0,0.0,0.0,0.0,0.0,0.0,0.0,NEUTRAL,False,NONE,0.25,NONE,NEUTRAL
2000-11-26,2000,1.25,NO_SWEEP,0.0,0.0,0.0,0.0,0.0,0.0,0.0,NEUTRAL,False,NONE,0.25,NONE,NEUTRAL
2000-11-27,2000,1.25,NO_SWEEP,0.0,0.0,0.0,0.0,0.0,0.0,0.0,NEUTRAL,False,NONE,0.25,NONE,NEUTRAL
2000-11-28,2000,1.25,NO_SWEEP,0.0,0.0,0.0,0.0,0.0,0.0,0.0,NEUTRAL,False,NONE,0.25,NONE,NEUTRAL
2000-11-29,2000,1.25,NO_SWEEP,0.0,0.0,0.0,0.0,0.0,0.0,0.0,NEUTRAL,False,NONE,0.25,NONE,NEUTRAL
2000-11-30,2000,1.25,NO_SWEEP,0.0,0.0,0.0,0.0,0.0,0.0,0.0,NEUTRAL,False,NONE,0.25,NONE,NEUTRAL
2000-12-01,2000,1.25,NO_SWEEP,0.0,0.0,0.0,0.0,0.0,0.0,0.0,NEUTRAL,False,NONE,0.25,NONE,NEUTRAL
2000-12-03,2000,1.25,NO_SWEEP,0.0,0.0,0.0,0.0,0.0,0.0,0.0,NEUTRAL,False,NONE,0.25,NONE,NEUTRAL
2000-12-04,2000,1.25,NO_SWEEP,0.0,0.0,0.0,0.0,0.0,0.0,0.0,NEUTRAL,False,NONE,0.25,NONE,NEUTRAL
2000-12-05,2000,1.25,NO_SWEEP,0.0,0.0,0.0,0.0,0.0,0.0,0.0,NEUTRAL,False,NONE,0.25,NONE,NEUTRAL
2000-12-06,2000,1.25,NO_SWEEP,0.0,0.0,0.0,0.0,0.0,0.0,0.0,NEUTRAL,False,NONE,0.25,NONE,NEUTRAL
2000-12-07,2000,1.25,NO_SWEEP,0.0,0.0,0.0,0.0,0.0,0.0,0.0,NEUTRAL,False,NONE,0.25,NONE,NEUTRAL
2000-12-08,2000,1.25,NO_SWEEP,0.0,0.0,0.0,0.0,0.0,0.0,0.0,NEUTRAL,False,NONE,0.25,NONE,NEUTRAL
2000-12-10,2000,1.25,NO_SWEEP,0.0,0.0,0.0,0.0,0.0,0.0,0.0,NEUTRAL,False,NONE,0.25,NONE,NEUTRAL
2000-12-11,2000,1.25,NO_SWEEP,0.0,0.0,0.0,0.0,0.0,0.0,0.0,NEUTRAL,False,NONE,0.25,NONE,NEUTRAL
2000-12-12,2000,1.25,NO_SWEEP,0.0,0.0,0.0,0.0,0.0,0.0,0.0,NEUTRAL,False,NONE,0.25,NONE,NEUTRAL
2000-12-13,2000,1.25,NO_SWEEP,0.0,0.0,0.0,0.0,0.0,0.0,0.0,NEUTRAL,False,NONE,0.25,NONE,NEUTRAL
2000-12-14,2000,1.25,NO_SWEEP,0.0,0.0,0.0,0.0,0.0,0.0,0.0,NEUTRAL,False,NONE,0.25,NONE,NEUTRAL
2000-12-15,2000,1.25,NO_SWEEP,0.0,0.0,0.0,0.0,0.0,0.0,0.0,NEUTRAL,False,NONE,0.25,NONE,NEUTRAL
2000-12-17,2000,1.25,NO_SWEEP,0.0,0.0,0.0,0.0,0.0,0.0,0.0,NEUTRAL,False,NONE,0.25,NONE,NEUTRAL
2000-12-18,2000,1.25,NO_SWEEP,0.0,0.0,0.0,0.0,0.0,0.0,0.0,NEUTRAL,False,NONE,0.25,NONE,NEUTRAL
2000-12-19,2000,1.25,NO_SWEEP,0.0,0.0,0.0,0.0,0.0,0.0,0.0,NEUTRAL,False,NONE,0.25,NONE,NEUTRAL
2000-12-20,2000,1.25,NO_SWEEP,0.0,0.0,0.0,0.0,0.0,0.0,0.0,NEUTRAL,False,NONE,0.25,NONE,NEUTRAL
2000-12-21,2000,1.25,NO_SWEEP,0.0,0.0,0.0,0.0,0.0,0.0,0.0,NEUTRAL,False,NONE,0.25,NONE,NEUTRAL
2000-12-22,2000,1.25,NO_SWEEP,0.0,0.0,0.0,0.0,0.0,0.0,0.0,NEUTRAL,False,NONE,0.25,NONE,NEUTRAL
2000-12-24,2000,1.25,NO_SWEEP,0.0,0.0,0.0,0.0,0.0,0.0,0.0,NEUTRAL,False,NONE,0.25,NONE,NEUTRAL
2000-12-25,2000,1.25,NO_SWEEP,0.0,0.0,0.0,0.0,0.0,0.0,0.0,NEUTRAL,False,NONE,0.25,NONE,NEUTRAL
2000-12-26,2000,1.25,NO_SWEEP,0.0,0.0,0.0,0.0,0.0,0.0,0.0,NEUTRAL,False,NONE,0.25,NONE,NEUTRAL
2000-12-27,2000,1.25,NO_SWEEP,0.0,0.0,0.0,0.0,0.0,0.0,0.0,NEUTRAL,False,NONE,0.25,NONE,NEUTRAL
2000-12-28,2000,1.25,NO_SWEEP,0.0,0.0,0.0,0.0,0.0,0.0,0.0,NEUTRAL,False,NONE,0.25,NONE,NEUTRAL
2000-12-29,2000,1.25,NO_SWEEP,0.0,0.0,0.0,0.0,0.0,0.0,0.0,NEUTRAL,False,NONE,0.25,NONE,NEUTRAL
2000-12-31,2000,1.25,NO_SWEEP,0.0,0.0,0.0,0.0,0.0,0.0,0.0,NEUTRAL,False,NONE,0.25,NONE,NEUTRAL
2001-01-01,2001,1.25,NO_SWEEP,0.0,0.0,0.0,0.0,0.0,0.0,0.0,NEUTRAL,False,NONE,0.25,NONE,NEUTRAL
2001-01-02,2001,1.25,NO_SWEEP,0.0,0.0,0.0,0.0,0.0,0.0,0.0,NEUTRAL,False,NONE,0.25,NONE,NEUTRAL
2001-01-03,2001,1.25,NO_SWEEP,0.0,0.0,0.0,0.0,0.0,0.0,0.0,NEUTRAL,False,NONE,0.25,NONE,NEUTRAL
2001-01-04,2001,1.25,NO_SWEEP,0.0,0.0,0.0,0.0,0.0,0.0,0.0,NEUTRAL,False,NONE,0.25,NONE,NEUTRAL
2001-01-05,2001,1.25,NO_SWEEP,0.0,0.0,0.0,0.0,0.0,0.0,0.0,NEUTRAL,False,NONE,0.25,NONE,NEUTRAL
2001-01-07,2001,1.25,NO_SWEEP,0.0,0.0,0.0,0.0,0.0,0.0,0.0,NEUTRAL,False,NONE,0.25,NONE,NEUTRAL
2001-01-08,2001,1.25,NO_SWEEP,0.0,0.0,0.0,0.0,0.0,0.0,0.0,NEUTRAL,False,NONE,0.25,NONE,NEUTRAL
2001-01-09,2001,1.25,NO_SWEEP,0.0,0.0,0.0,0.0,0.0,0.0,0.0,NEUTRAL,False,NONE,0.25,NONE,NEUTRAL
2001-01-10,2001,1.25,NO_SWEEP,0.0,0.0,0.0,0.0,0.0,0.0,0.0,NEUTRAL,False,NONE,0.25,NONE,NEUTRAL
2001-01-11,2001,1.25,NO_SWEEP,0.0,0.0,0.0,0.0,0.0,0.0,0.0,NEUTRAL,False,NONE,0.25,NONE,NEUTRAL
2001-01-12,2001,1.25,NO_SWEEP,0.0,0.0,0.0,0.0,0.0,0.0,0.0,NEUTRAL,False,NONE,0.25,NONE,NEUTRAL
2001-01-14,2001,1.25,NO_SWEEP,0.0,0.0,0.0,0.0,0.0,0.0,0.0,NEUTRAL,False,NONE,0.25,NONE,NEUTRAL
2001-01-15,2001,1.25,NO_SWEEP,0.0,0.0,0.0,0.0,0.0,0.0,0.0,NEUTRAL,False,NONE,0.25,NONE,NEUTRAL
2001-01-16,2001,1.25,NO_SWEEP,0.0,0.0,0.0,0.0,0.0,0.0,0.0,NEUTRAL,False,NONE,0.25,NONE,NEUTRAL
2001-01-17,2001,1.25,NO_SWEEP,0.0,0.0,0.0,0.0,0.0,0.0,0.0,NEUTRAL,False,NONE,0.25,NONE,NEUTRAL
2001-01-18,2001,1.25,NO_SWEEP,0.0,0.0,0.0,0.0,0.0,0.0,0.0,NEUTRAL,False,NONE,0.25,NONE,NEUTRAL
2001-01-19,2001,1.25,NO_SWEEP,0.0,0.0,0.0,0.0,0.0,0.0,0.0,NEUTRAL,False,NONE,0.25,NONE,NEUTRAL
2001-01-21,2001,1.25,NO_SWEEP,0.0,0.0,0.0,0.0,0.0,0.0,0.0,NEUTRAL,False,NONE,0.25,NONE,NEUTRAL
2001-01-22,2001,1.25,NO_SWEEP,0.0,0.0,0.0,0.0,0.0,0.0,0.0,NEUTRAL,False,NONE,0.25,NONE,NEUTRAL
2001-01-23,2001,1.25,NO_SWEEP,0.0,0.0,0.0,0.0,0.0,0.0,0.0,NEUTRAL,False,NONE,0.25,NONE,NEUTRAL
2001-01-24,2001,1.25,NO_SWEEP,0.0,0.0,0.0,0.0,0.0,0.0,0.0,NEUTRAL,False,NONE,0.25,NONE,NEUTRAL
2001-01-25,2001,1.25,NO_SWEEP,0.0,0.0,0.0,0.0,0.0,0.0,0.0,NEUTRAL,False,NONE,0.25,NONE,NEUTRAL
2001-01-26,2001,1.25,NO_SWEEP,0.0,0.0,0.0,0.0,0.0,0.0,0.0,NEUTRAL,False,NONE,0.25,NONE,NEUTRAL
2001-01-28,2001,1.25,NO_SWEEP,0.0,0.0,0.0,0.0,0.0,0.0,0.0,NEUTRAL,False,NONE,0.25,NONE,NEUTRAL
2001-01-29,2001,1.25,NO_SWEEP,0.0,0.0,0.0,0.0,0.0,0.0,0.0,NEUTRAL,False,NONE,0.25,NONE,NEUTRAL
2001-01-30,2001,1.25,NO_SWEEP,0.0,0.0,0.0,0.0,0.0,0.0,0.0,NEUTRAL,False,NONE,0.25,NONE,NEUTRAL
2001-01-31,2001,1.25,NO_SWEEP,0.0,0.0,0.0,0.0,0.0,0.0,0.0,NEUTRAL,False,NONE,0.25,NONE,NEUTRAL
2001-02-01,2001,1.25,NO_SWEEP,0.0,0.0,0.0,0.0,0.0,0.0,0.0,NEUTRAL,False,NONE,0.25,NONE,NEUTRAL
2001-02-02,2001,1.25,NO_SWEEP,0.0,0.0,0.0,0.0,0.0,0.0,0.0,NEUTRAL,False,NONE,0.25,NONE,NEUTRAL
2001-02-04,2001,1.25,NO_SWEEP,0.0,0.0,0.0,0.0,0.0,0.0,0.0,NEUTRAL,False,NONE,0.25,NONE,NEUTRAL
2001-02-05,2001,1.25,NO_SWEEP,0.0,0.0,0.0,0.0,0.0,0.0,0.0,NEUTRAL,False,NONE,0.25,NONE,NEUTRAL
2001-02-06,2001,1.25,NO_SWEEP,0.0,0.0,0.0,0.0,0.0,0.0,0.0,NEUTRAL,False,NONE,0.25,NONE,NEUTRAL
2001-02-07,2001,1.25,NO_SWEEP,0.0,0.0,0.0,0.0,0.0,0.0,0.0,NEUTRAL,False,NONE,0.25,NONE,NEUTRAL
2001-02-08,2001,1.25,NO_SWEEP,0.0,0.0,0.0,0.0,0.0,0.0,0.0,NEUTRAL,False,NONE,0.25,NONE,NEUTRAL
2001-02-09,2001,1.25,NO_SWEEP,0.0,0.0,0.0,0.0,0.0,0.0,0.0,NEUTRAL,False,NONE,0.25,NONE,NEUTRAL
2001-02-11,2001,1.25,NO_SWEEP,0.0,0.0,0.0,0.0,0.0,0.0,0.0,NEUTRAL,False,NONE,0.25,NONE,NEUTRAL
2001-02-12,2001,1.25,NO_SWEEP,0.0,0.0,0.0,0.0,0.0,0.0,0.0,NEUTRAL,False,NONE,0.25,NONE,NEUTRAL
2001-02-13,2001,1.25,NO_SWEEP,0.0,0.0,0.0,0.0,0.0,0.0,0.0,NEUTRAL,False,NONE,0.25,NONE,NEUTRAL
2001-02-14,2001,1.25,NO_SWEEP,0.0,0.0,0.0,0.0,0.0,0.0,0.0,NEUTRAL,False,NONE,0.25,NONE,NEUTRAL
2001-02-15,2001,1.25,NO_SWEEP,0.0,0.0,0.0,0.0,0.0,0.0,0.0,NEUTRAL,False,NONE,0.25,NONE,NEUTRAL
2001-02-16,2001,1.25,NO_SWEEP,0.0,0.0,0.0,0.0,0.0,0.0,0.0,NEUTRAL,False,NONE,0.25,NONE,NEUTRAL
2001-02-18,2001,1.25,NO_SWEEP,0.0,0.0,0.0,0.0,0.0,0.0,0.0,NEUTRAL,False,NONE,0.25,NONE,NEUTRAL
2001-02-19,2001,1.25,NO_SWEEP,0.0,0.0,0.0,0.0,0.0,0.0,0.0,NEUTRAL,False,NONE,0.25,NONE,NEUTRAL
2001-02-20,2001,1.25,NO_SWEEP,0.0,0.0,0.0,0.0,0.0,0.0,0.0,NEUTRAL,False,NONE,0.25,NONE,NEUTRAL
2001-02-21,2001,1.25,NO_SWEEP,0.0,0.0,0.0,0.0,0.0,0.0,0.0,NEUTRAL,False,NONE,0.25,NONE,NEUTRAL
2001-02-22,2001,1.25,NO_SWEEP,0.0,0.0,0.0,0.0,0.0,0.0,0.0,NEUTRAL,False,NONE,0.25,NONE,NEUTRAL
2001-02-23,2001,1.25,NO_SWEEP,0.0,0.0,0.0,0.0,0.0,0.0,0.0,NEUTRAL,False,NONE,0.25,NONE,NEUTRAL
2001-02-25,2001,1.25,NO_SWEEP,0.0,0.0,0.0,0.0,0.0,0.0,0.0,NEUTRAL,False,NONE,0.25,NONE,NEUTRAL
2001-02-26,2001,1.25,NO_SWEEP,0.0,0.0,0.0,0.0,0.0,0.0,0.0,NEUTRAL,False,NONE,0.25,NONE,NEUTRAL
2001-02-27,2001,1.25,NO_SWEEP,0.0,0.0,0.0,0.0,0.0,0.0,0.0,NEUTRAL,False,NONE,0.25,NONE,NEUTRAL
2001-02-28,2001,1.25,NO_SWEEP,0.0,0.0,0.0,0.0,0.0,0.0,0.0,NEUTRAL,False,NONE,0.25,NONE,NEUTRAL
2001-03-01,2001,1.25,NO_SWEEP,0.0,0.0,0.0,0.0,0.0,0.0,0.0,NEUTRAL,False,NONE,0.25,NONE,NEUTRAL
2001-03-02,2001,1.25,NO_SWEEP,0.0,0.0,0.0,0.0,0.0,0.0,0.0,NEUTRAL,False,NONE,0.25,NONE,NEUTRAL
2001-03-04,2001,1.25,NO_SWEEP,0.0,0.0,0.0,0.0,0.0,0.0,0.0,NEUTRAL,False,NONE,0.25,NONE,NEUTRAL
2001-03-05,2001,1.25,NO_SWEEP,0.0,0.0,0.0,0.0,0.0,0.0,0.0,NEUTRAL,False,NONE,0.25,NONE,NEUTRAL
2001-03-06,2001,1.25,NO_SWEEP,0.0,0.0,0.0,0.0,0.0,0.0,0.0,NEUTRAL,False,NONE,0.25,NONE,NEUTRAL
2001-03-07,2001,1.25,NO_SWEEP,0.0,0.0,0.0,0.0,0.0,0.0,0.0,NEUTRAL,False,NONE,0.25,NONE,NEUTRAL
2001-03-08,2001,1.25,NO_SWEEP,0.0,0.0,0.0,0.0,0.0,0.0,0.0,NEUTRAL,False,NONE,0.25,NONE,NEUTRAL
2001-03-09,2001,1.25,NO_SWEEP,0.0,0.0,0.0,0.0,0.0,0.0,0.0,NEUTRAL,False,NONE,0.25,NONE,NEUTRAL
2001-03-11,2001,1.25,NO_SWEEP,0.0,0.0,0.0,0.0,0.0,0.0,0.0,NEUTRAL,False,NONE,0.25,NONE,NEUTRAL
2001-03-12,2001,1.25,NO_SWEEP,0.0,0.0,0.0,0.0,0.0,0.0,0.0,NEUTRAL,False,NONE,0.25,NONE,NEUTRAL
2001-03-13,2001,1.25,NO_SWEEP,0.0,0.0,0.0,0.0,0.0,0.0,0.0,NEUTRAL,False,NONE,0.25,NONE,NEUTRAL
2001-03-14,2001,1.25,NO_SWEEP,0.0,0.0,0.0,0.0,0.0,0.0,0.0,NEUTRAL,False,NONE,0.25,NONE,NEUTRAL
2001-03-15,2001,1.25,NO_SWEEP,0.0,0.0,0.0,0.0,0.0,0.0,0.0,NEUTRAL,False,NONE,0.25,NONE,NEUTRAL
2001-03-16,2001,1.25,NO_SWEEP,0.0,0.0,0.0,0.0,0.0,0.0,0.0,NEUTRAL,False,NONE,0.25,NONE,NEUTRAL
2001-03-18,2001,1.25,NO_SWEEP,0.0,0.0,0.0,0.0,0.0,0.0,0.0,NEUTRAL,False,NONE,0.25,NONE,NEUTRAL
2001-03-19,2001,1.25,NO_SWEEP,0.0,0.0,0.0,0.0,0.0,0.0,0.0,NEUTRAL,False,NONE,0.25,NONE,NEUTRAL
2001-03-20,2001,1.25,NO_SWEEP,0.0,0.0,0.0,0.0,0.0,0.0,0.0,NEUTRAL,False,NONE,0.25,NONE,NEUTRAL
2001-03-21,2001,1.25,NO_SWEEP,0.0,0.0,0.0,0.0,0.0,0.0,0.0,NEUTRAL,False,NONE,0.25,NONE,NEUTRAL
2001-03-22,2001,1.25,NO_SWEEP,0.0,0.0,0.0,0.0,0.0,0.0,0.0,NEUTRAL,False,NONE,0.25,NONE,NEUTRAL
2001-03-23,2001,1.25,NO_SWEEP,0.0,0.0,0.0,0.0,0.0,0.0,0.0,NEUTRAL,False,NONE,0.25,NONE,NEUTRAL
2001-03-25,2001,1.25,NO_SWEEP,0.0,0.0,0.0,0.0,0.0,0.0,0.0,NEUTRAL,False,NONE,0.25,NONE,NEUTRAL
2001-03-26,2001,1.25,NO_SWEEP,0.0,0.0,0.0,0.0,0.0,0.0,0.0,NEUTRAL,False,NONE,0.25,NONE,NEUTRAL
2001-03-27,2001,1.25,NO_SWEEP,0.0,0.0,0.0,0.0,0.0,0.0,0.0,NEUTRAL,False,NONE,0.25,NONE,NEUTRAL
2001-03-28,2001,1.25,NO_SWEEP,0.0,0.0,0.0,0.0,0.0,0.0,0.0,NEUTRAL,False,NONE,0.25,NONE,NEUTRAL
2001-03-29,2001,1.25,NO_SWEEP,0.0,0.0,0.0,0.0,0.0,0.0,0.0,NEUTRAL,False,NONE,0.25,NONE,NEUTRAL
2001-03-30,2001,1.25,NO_SWEEP,0.0,0.0,0.0,0.0,0.0,0.0,0.0,NEUTRAL,False,NONE,0.25,NONE,NEUTRAL
2001-04-01,2001,1.25,NO_SWEEP,0.0,0.0,0.0,0.0,0.0,0.0,0.0,NEUTRAL,False,NONE,0.25,NONE,NEUTRAL
2001-04-02,2001,1.25,NO_SWEEP,0.0,0.0,0.0,0.0,0.0,0.0,0.0,NEUTRAL,False,NONE,0.25,NONE,NEUTRAL
2001-04-03,2001,1.25,NO_SWEEP,0.0,0.0,0.0,0.0,0.0,0.0,0.0,NEUTRAL,False,NONE,0.25,NONE,NEUTRAL
2001-04-04,2001,1.25,NO_SWEEP,0.0,0.0,0.0,0.0,0.0,0.0,0.0,NEUTRAL,False,NONE,0.25,NONE,NEUTRAL
2001-04-05,2001,1.25,NO_SWEEP,0.0,0.0,0.0,0.0,0.0,0.0,0.0,NEUTRAL,False,NONE,0.25,NONE,NEUTRAL
2001-04-06,2001,1.25,NO_SWEEP,0.0,0.0,0.0,0.0,0.0,0.0,0.0,NEUTRAL,False,NONE,0.25,NONE,NEUTRAL
2001-04-08,2001,1.25,NO_SWEEP,0.0,0.0,0.0,0.0,0.0,0.0,0.0,NEUTRAL,False,NONE,0.25,NONE,NEUTRAL
2001-04-09,2001,1.25,NO_SWEEP,0.0,0.0,0.0,0.0,0.0,0.0,0.0,NEUTRAL,False,NONE,0.25,NONE,NEUTRAL
2001-04-10,2001,1.25,NO_SWEEP,0.0,0.0,0.0,0.0,0.0,0.0,0.0,NEUTRAL,False,NONE,0.25,NONE,NEUTRAL
2001-04-11,2001,1.25,NO_SWEEP,0.0,0.0,0.0,0.0,0.0,0.0,0.0,NEUTRAL,False,NONE,0.25,NONE,NEUTRAL
2001-04-12,2001,1.25,NO_SWEEP,0.0,0.0,0.0,0.0,0.0,0.0,0.0,NEUTRAL,False,NONE,0.25,NONE,NEUTRAL
2001-04-13,2001,1.25,NO_SWEEP,0.0,0.0,0.0,0.0,0.0,0.0,0.0,NEUTRAL,False,NONE,0.25,NONE,NEUTRAL
2001-04-15,2001,1.25,NO_SWEEP,0.0,0.0,0.0,0.0,0.0,0.0,0.0,NEUTRAL,False,NONE,0.25,NONE,NEUTRAL
2001-04-16,2001,1.25,NO_SWEEP,0.0,0.0,0.0,0.0,0.0,0.0,0.0,NEUTRAL,False,NONE,0.25,NONE,NEUTRAL
2001-04-17,2001,1.25,NO_SWEEP,0.0,0.0,0.0,0.0,0.0,0.0,0.0,NEUTRAL,False,NONE,0.25,NONE,NEUTRAL
2001-04-18,2001,1.25,NO_SWEEP,0.0,0.0,0.0,0.0,0.0,0.0,0.0,NEUTRAL,False,NONE,0.25,NONE,NEUTRAL
2001-04-19,2001,1.25,NO_SWEEP,0.0,0.0,0.0,0.0,0.0,0.0,0.0,NEUTRAL,False,NONE,0.25,NONE,NEUTRAL
2001-04-20,2001,1.25,NO_SWEEP,0.0,0.0,0.0,0.0,0.0,0.0,0.0,NEUTRAL,False,NONE,0.25,NONE,NEUTRAL
2001-04-22,2001,1.25,NO_SWEEP,0.0,0.0,0.0,0.0,0.0,0.0,0.0,NEUTRAL,False,NONE,0.25,NONE,NEUTRAL
2001-04-23,2001,1.25,NO_SWEEP,0.0,0.0,0.0,0.0,0.0,0.0,0.0,NEUTRAL,False,NONE,0.25,NONE,NEUTRAL
2001-04-24,2001,1.25,NO_SWEEP,0.0,0.0,0.0,0.0,0.0,0.0,0.0,NEUTRAL,False,NONE,0.25,NONE,NEUTRAL
2001-04-25,2001,1.25,NO_SWEEP,0.0,0.0,0.0,0.0,0.0,0.0,0.0,NEUTRAL,False,NONE,0.25,NONE,NEUTRAL
2001-04-26,2001,1.25,NO_SWEEP,0.0,0.0,0.0,0.0,0.0,0.0,0.0,NEUTRAL,False,NONE,0.25,NONE,NEUTRAL
2001-04-27,2001,1.25,NO_SWEEP,0.0,0.0,0.0,0.0,0.0,0.0,0.0,NEUTRAL,False,NONE,0.25,NONE,NEUTRAL
2001-04-29,2001,1.25,NO_SWEEP,0.0,0.0,0.0,0.0,0.0,0.0,0.0,NEUTRAL,False,NONE,0.25,NONE,NEUTRAL
2001-04-30,2001,1.25,NO_SWEEP,0.0,0.0,0.0,0.0,0.0,0.0,0.0,NEUTRAL,False,NONE,0.25,NONE,NEUTRAL
2001-05-01,2001,1.25,NO_SWEEP,0.0,0.0,0.0,0.0,0.0,0.0,0.0,NEUTRAL,False,NONE,0.25,NONE,NEUTRAL
2001-05-02,2001,1.25,NO_SWEEP,0.0,0.0,0.0,0.0,0.0,0.0,0.0,NEUTRAL,False,NONE,0.25,NONE,NEUTRAL
2001-05-03,2001,1.25,NO_SWEEP,0.0,0.0,0.0,0.0,0.0,0.0,0.0,NEUTRAL,False,NONE,0.25,NONE,NEUTRAL
2001-05-04,2001,1.25,NO_SWEEP,0.0,0.0,0.0,0.0,0.0,0.0,0.0,NEUTRAL,False,NONE,0.25,NONE,NEUTRAL
2001-05-06,2001,1.25,NO_SWEEP,0.0,0.0,0.0,0.0,0.0,0.0,0.0,NEUTRAL,False,NONE,0.25,NONE,NEUTRAL
2001-05-07,2001,1.25,NO_SWEEP,0.0,0.0,0.0,0.0,0.0,0.0,0.0,NEUTRAL,False,NONE,0.25,NONE,NEUTRAL
2001-05-08,2001,1.25,NO_SWEEP,0.0,0.0,0.0,0.0,0.0,0.0,0.0,NEUTRAL,False,NONE,0.25,NONE,NEUTRAL
2001-05-09,2001,1.25,NO_SWEEP,0.0,0.0,0.0,0.0,0.0,0.0,0.0,NEUTRAL,False,NONE,0.25,NONE,NEUTRAL
2001-05-10,2001,1.25,NO_SWEEP,0.0,0.0,0.0,0.0,0.0,0.0,0.0,NEUTRAL,False,NONE,0.25,NONE,NEUTRAL
2001-05-11,2001,1.25,NO_SWEEP,0.0,0.0,0.0,0.0,0.0,0.0,0.0,NEUTRAL,False,NONE,0.25,NONE,NEUTRAL
2001-05-13,2001,1.25,NO_SWEEP,0.0,0.0,0.0,0.0,0.0,0.0,0.0,NEUTRAL,False,NONE,0.25,NONE,NEUTRAL
2001-05-14,2001,1.25,NO_SWEEP,0.0,0.0,0.0,0.0,0.0,0.0,0.0,NEUTRAL,False,NONE,0.25,NONE,NEUTRAL
2001-05-15,2001,1.25,NO_SWEEP,0.0,0.0,0.0,0.0,0.0,0.0,0.0,NEUTRAL,False,NONE,0.25,NONE,NEUTRAL
2001-05-16,2001,1.25,NO_SWEEP,0.0,0.0,0.0,0.0,0.0,0.0,0.0,NEUTRAL,False,NONE,0.25,NONE,NEUTRAL
2001-05-17,2001,1.25,NO_SWEEP,0.0,0.0,0.0,0.0,0.0,0.0,0.0,NEUTRAL,False,NONE,0.25,NONE,NEUTRAL
2001-05-18,2001,1.25,NO_SWEEP,0.0,0.0,0.0,0.0,0.0,0.0,0.0,NEUTRAL,False,NONE,0.25,NONE,NEUTRAL
2001-05-20,2001,1.25,NO_SWEEP,0.0,0.0,0.0,0.0,0.0,0.0,0.0,NEUTRAL,False,NONE,0.25,NONE,NEUTRAL
2001-05-21,2001,1.25,NO_SWEEP,0.0,0.0,0.0,0.0,0.0,0.0,0.0,NEUTRAL,False,NONE,0.25,NONE,NEUTRAL
2001-05-22,2001,1.25,NO_SWEEP,0.0,0.0,0.0,0.0,0.0,0.0,0.0,NEUTRAL,False,NONE,0.25,NONE,NEUTRAL
2001-05-23,2001,1.25,NO_SWEEP,0.0,0.0,0.0,0.0,0.0,0.0,0.0,NEUTRAL,False,NONE,0.25,NONE,NEUTRAL
2001-05-24,2001,1.25,NO_SWEEP,0.0,0.0,0.0,0.0,0.0,0.0,0.0,NEUTRAL,False,NONE,0.25,NONE,NEUTRAL
2001-05-25,2001,1.25,NO_SWEEP,0.0,0.0,0.0,0.0,0.0,0.0,0.0,NEUTRAL,False,NONE,0.25,NONE,NEUTRAL
2001-05-27,2001,1.25,NO_SWEEP,0.0,0.0,0.0,0.0,0.0,0.0,0.0,NEUTRAL,False,NONE,0.25,NONE,NEUTRAL
2001-05-28,2001,1.25,NO_SWEEP,0.0,0.0,0.0,0.0,0.0,0.0,0.0,NEUTRAL,False,NONE,0.25,NONE,NEUTRAL
2001-05-29,2001,1.25,NO_SWEEP,0.0,0.0,0.0,0.0,0.0,0.0,0.0,NEUTRAL,False,NONE,0.25,NONE,NEUTRAL
2001-05-30,2001,1.25,NO_SWEEP,0.0,0.0,0.0,0.0,0.0,0.0,0.0,NEUTRAL,False,NONE,0.25,NONE,NEUTRAL
2001-05-31,2001,1.25,NO_SWEEP,0.0,0.0,0.0,0.0,0.0,0.0,0.0,NEUTRAL,False,NONE,0.25,NONE,NEUTRAL
2001-06-01,2001,1.25,NO_SWEEP,0.0,0.0,0.0,0.0,0.0,0.0,0.0,NEUTRAL,False,NONE,0.25,NONE,NEUTRAL
2001-06-03,2001,1.25,NO_SWEEP,0.0,0.0,0.0,0.0,0.0,0.0,0.0,NEUTRAL,False,NONE,0.25,NONE,NEUTRAL
2001-06-04,2001,1.25,NO_SWEEP,0.0,0.0,0.0,0.0,0.0,0.0,0.0,NEUTRAL,False,NONE,0.25,NONE,NEUTRAL
2001-06-05,2001,1.25,NO_SWEEP,0.0,0.0,0.0,0.0,0.0,0.0,0.0,NEUTRAL,False,NONE,0.25,NONE,NEUTRAL
2001-06-06,2001,1.25,NO_SWEEP,0.0,0.0,0.0,0.0,0.0,0.0,0.0,NEUTRAL,False,NONE,0.25,NONE,NEUTRAL
2001-06-07,2001,1.25,NO_SWEEP,0.0,0.0,0.0,0.0,0.0,0.0,0.0,NEUTRAL,False,NONE,0.25,NONE,NEUTRAL
2001-06-08,2001,1.25,NO_SWEEP,0.0,0.0,0.0,0.0,0.0,0.0,0.0,NEUTRAL,False,NONE,0.25,NONE,NEUTRAL
2001-06-10,2001,1.25,NO_SWEEP,0.0,0.0,0.0,0.0,0.0,0.0,0.0,NEUTRAL,False,NONE,0.25,NONE,NEUTRAL
2001-06-11,2001,1.25,NO_SWEEP,0.0,0.0,0.0,0.0,0.0,0.0,0.0,NEUTRAL,False,NONE,0.25,NONE,NEUTRAL
2001-06-12,2001,1.25,NO_SWEEP,0.0,0.0,0.0,0.0,0.0,0.0,0.0,NEUTRAL,False,NONE,0.25,NONE,NEUTRAL
2001-06-13,2001,1.25,NO_SWEEP,0.0,0.0,0.0,0.0,0.0,0.0,0.0,NEUTRAL,False,NONE,0.25,NONE,NEUTRAL
2001-06-14,2001,1.25,NO_SWEEP,0.0,0.0,0.0,0.0,0.0,0.0,0.0,NEUTRAL,False,NONE,0.25,NONE,NEUTRAL
2001-06-15,2001,1.25,NO_SWEEP,0.0,0.0,0.0,0.0,0.0,0.0,0.0,NEUTRAL,False,NONE,0.25,NONE,NEUTRAL
2001-06-17,2001,1.25,NO_SWEEP,0.0,0.0,0.0,0.0,0.0,0.0,0.0,NEUTRAL,False,NONE,0.25,NONE,NEUTRAL
2001-06-18,2001,1.25,NO_SWEEP,0.0,0.0,0.0,0.0,0.0,0.0,0.0,NEUTRAL,False,NONE,0.25,NONE,NEUTRAL
2001-06-19,2001,1.25,NO_SWEEP,0.0,0.0,0.0,0.0,0.0,0.0,0.0,NEUTRAL,False,NONE,0.25,NONE,NEUTRAL
2001-06-20,2001,1.25,NO_SWEEP,0.0,0.0,0.0,0.0,0.0,0.0,0.0,NEUTRAL,False,NONE,0.25,NONE,NEUTRAL
2001-06-21,2001,1.25,NO_SWEEP,0.0,0.0,0.0,0.0,0.0,0.0,0.0,NEUTRAL,False,NONE,0.25,NONE,NEUTRAL
2001-06-22,2001,1.25,NO_SWEEP,0.0,0.0,0.0,0.0,0.0,0.0,0.0,NEUTRAL,False,NONE,0.25,NONE,NEUTRAL
2001-06-24,2001,1.25,NO_SWEEP,0.0,0.0,0.0,0.0,0.0,0.0,0.0,NEUTRAL,False,NONE,0.25,NONE,NEUTRAL
2001-06-25,2001,1.25,NO_SWEEP,0.0,0.0,0.0,0.0,0.0,0.0,0.0,NEUTRAL,False,NONE,0.25,NONE,NEUTRAL
2001-06-26,2001,1.25,NO_SWEEP,0.0,0.0,0.0,0.0,0.0,0.0,0.0,NEUTRAL,False,NONE,0.25,NONE,NEUTRAL
2001-06-27,2001,1.25,NO_SWEEP,0.0,0.0,0.0,0.0,0.0,0.0,0.0,NEUTRAL,False,NONE,0.25,NONE,NEUTRAL
2001-06-28,2001,1.25,NO_SWEEP,0.0,0.0,0.0,0.0,0.0,0.0,0.0,NEUTRAL,False,NONE,0.25,NONE,NEUTRAL
2001-06-29,2001,1.25,NO_SWEEP,0.0,0.0,0.0,0.0,0.0,0.0,0.0,NEUTRAL,False,NONE,0.25,NONE,NEUTRAL
2001-07-01,2001,1.25,NO_SWEEP,0.0,0.0,0.0,0.0,0.0,0.0,0.0,NEUTRAL,False,NONE,0.25,NONE,NEUTRAL
2001-07-02,2001,1.25,NO_SWEEP,0.0,0.0,0.0,0.0,0.0,0.0,0.0,NEUTRAL,False,NONE,0.25,NONE,NEUTRAL
2001-07-03,2001,1.25,NO_SWEEP,0.0,0.0,0.0,0.0,0.0,0.0,0.0,NEUTRAL,False,NONE,0.25,NONE,NEUTRAL
2001-07-04,2001,1.25,NO_SWEEP,0.0,0.0,0.0,0.0,0.0,0.0,0.0,NEUTRAL,False,NONE,0.25,NONE,NEUTRAL
2001-07-05,2001,1.25,NO_SWEEP,0.0,0.0,0.0,0.0,0.0,0.0,0.0,NEUTRAL,False,NONE,0.25,NONE,NEUTRAL
2001-07-06,2001,1.25,NO_SWEEP,0.0,0.0,0.0,0.0,0.0,0.0,0.0,NEUTRAL,False,NONE,0.25,NONE,NEUTRAL
2001-07-08,2001,1.25,NO_SWEEP,0.0,0.0,0.0,0.0,0.0,0.0,0.0,NEUTRAL,False,NONE,0.25,NONE,NEUTRAL
2001-07-09,2001,1.25,NO_SWEEP,0.0,0.0,0.0,0.0,0.0,0.0,0.0,NEUTRAL,False,NONE,0.25,NONE,NEUTRAL
2001-07-10,2001,1.25,NO_SWEEP,0.0,0.0,0.0,0.0,0.0,0.0,0.0,NEUTRAL,False,NONE,0.25,NONE,NEUTRAL
2001-07-11,2001,1.25,NO_SWEEP,0.0,0.0,0.0,0.0,0.0,0.0,0.0,NEUTRAL,False,NONE,0.25,NONE,NEUTRAL
2001-07-12,2001,1.25,NO_SWEEP,0.0,0.0,0.0,0.0,0.0,0.0,0.0,NEUTRAL,False,NONE,0.25,NONE,NEUTRAL
2001-07-13,2001,1.25,NO_SWEEP,0.0,0.0,0.0,0.0,0.0,0.0,0.0,NEUTRAL,False,NONE,0.25,NONE,NEUTRAL
2001-07-15,2001,1.25,NO_SWEEP,0.0,0.0,0.0,0.0,0.0,0.0,0.0,NEUTRAL,False,NONE,0.25,NONE,NEUTRAL
2001-07-16,2001,1.25,NO_SWEEP,0.0,0.0,0.0,0.0,0.0,0.0,0.0,NEUTRAL,False,NONE,0.25,NONE,NEUTRAL
2001-07-17,2001,1.25,NO_SWEEP,0.0,0.0,0.0,0.0,0.0,0.0,0.0,NEUTRAL,False,NONE,0.25,NONE,NEUTRAL
2001-07-18,2001,1.25,NO_SWEEP,0.0,0.0,0.0,0.0,0.0,0.0,0.0,NEUTRAL,False,NONE,0.25,NONE,NEUTRAL
2001-07-19,2001,1.25,NO_SWEEP,0.0,0.0,0.0,0.0,0.0,0.0,0.0,NEUTRAL,False,NONE,0.25,NONE,NEUTRAL
2001-07-20,2001,1.25,NO_SWEEP,0.0,0.0,0.0,0.0,0.0,0.0,0.0,NEUTRAL,False,NONE,0.25,NONE,NEUTRAL
2001-07-22,2001,1.25,NO_SWEEP,0.0,0.0,0.0,0.0,0.0,0.0,0.0,NEUTRAL,False,NONE,0.25,NONE,NEUTRAL
2001-07-23,2001,1.25,NO_SWEEP,0.0,0.0,0.0,0.0,0.0,0.0,0.0,NEUTRAL,False,NONE,0.25,NONE,NEUTRAL
2001-07-24,2001,1.25,NO_SWEEP,0.0,0.0,0.0,0.0,0.0,0.0,0.0,NEUTRAL,False,NONE,0.25,NONE,NEUTRAL
2001-07-25,2001,1.25,NO_SWEEP,0.0,0.0,0.0,0.0,0.0,0.0,0.0,NEUTRAL,False,NONE,0.25,NONE,NEUTRAL
2001-07-26,2001,1.25,NO_SWEEP,0.0,0.0,0.0,0.0,0.0,0.0,0.0,NEUTRAL,False,NONE,0.25,NONE,NEUTRAL
2001-07-27,2001,1.25,NO_SWEEP,0.0,0.0,0.0,0.0,0.0,0.0,0.0,NEUTRAL,False,NONE,0.25,NONE,NEUTRAL
2001-07-29,2001,1.25,NO_SWEEP,0.0,0.0,0.0,0.0,0.0,0.0,0.0,NEUTRAL,False,NONE,0.25,NONE,NEUTRAL
2001-07-30,2001,1.25,NO_SWEEP,0.0,0.0,0.0,0.0,0.0,0.0,0.0,NEUTRAL,False,NONE,0.25,NONE,NEUTRAL
2001-07-31,2001,1.25,NO_SWEEP,0.0,0.0,0.0,0.0,0.0,0.0,0.0,NEUTRAL,False,NONE,0.25,NONE,NEUTRAL
2001-08-01,2001,1.25,NO_SWEEP,0.0,0.0,0.0,0.0,0.0,0.0,0.0,NEUTRAL,False,NONE,0.25,NONE,NEUTRAL
2001-08-02,2001,1.25,NO_SWEEP,0.0,0.0,0.0,0.0,0.0,0.0,0.0,NEUTRAL,False,NONE,0.25,NONE,NEUTRAL
2001-08-03,2001,1.25,NO_SWEEP,0.0,0.0,0.0,0.0,0.0,0.0,0.0,NEUTRAL,False,NONE,0.25,NONE,NEUTRAL
2001-08-05,2001,1.25,NO_SWEEP,0.0,0.0,0.0,0.0,0.0,0.0,0.0,NEUTRAL,False,NONE,0.25,NONE,NEUTRAL
2001-08-06,2001,1.25,NO_SWEEP,0.0,0.0,0.0,0.0,0.0,0.0,0.0,NEUTRAL,False,NONE,0.25,NONE,NEUTRAL
2001-08-07,2001,1.25,NO_SWEEP,0.0,0.0,0.0,0.0,0.0,0.0,0.0,NEUTRAL,False,NONE,0.25,NONE,NEUTRAL
2001-08-08,2001,1.25,NO_SWEEP,0.0,0.0,0.0,0.0,0.0,0.0,0.0,NEUTRAL,False,NONE,0.25,NONE,NEUTRAL
2001-08-09,2001,1.25,NO_SWEEP,0.0,0.0,0.0,0.0,0.0,0.0,0.0,NEUTRAL,False,NONE,0.25,NONE,NEUTRAL
2001-08-10,2001,1.25,NO_SWEEP,0.0,0.0,0.0,0.0,0.0,0.0,0.0,NEUTRAL,False,NONE,0.25,NONE,NEUTRAL
2001-08-12,2001,1.25,NO_SWEEP,0.0,0.0,0.0,0.0,0.0,0.0,0.0,NEUTRAL,False,NONE,0.25,NONE,NEUTRAL
2001-08-13,2001,1.25,NO_SWEEP,0.0,0.0,0.0,0.0,0.0,0.0,0.0,NEUTRAL,False,NONE,0.25,NONE,NEUTRAL
2001-08-14,2001,1.25,NO_SWEEP,0.0,0.0,0.0,0.0,0.0,0.0,0.0,NEUTRAL,False,NONE,0.25,NONE,NEUTRAL
2001-08-15,2001,1.25,NO_SWEEP,0.0,0.0,0.0,0.0,0.0,0.0,0.0,NEUTRAL,False,NONE,0.25,NONE,NEUTRAL
2001-08-16,2001,1.25,NO_SWEEP,0.0,0.0,0.0,0.0,0.0,0.0,0.0,NEUTRAL,False,NONE,0.25,NONE,NEUTRAL
2001-08-17,2001,1.25,NO_SWEEP,0.0,0.0,0.0,0.0,0.0,0.0,0.0,NEUTRAL,False,NONE,0.25,NONE,NEUTRAL
2001-08-19,2001,1.25,NO_SWEEP,0.0,0.0,0.0,0.0,0.0,0.0,0.0,NEUTRAL,False,NONE,0.25,NONE,NEUTRAL
2001-08-20,2001,1.25,NO_SWEEP,0.0,0.0,0.0,0.0,0.0,0.0,0.0,NEUTRAL,False,NONE,0.25,NONE,NEUTRAL
2001-08-21,2001,1.25,NO_SWEEP,0.0,0.0,0.0,0.0,0.0,0.0,0.0,NEUTRAL,False,NONE,0.25,NONE,NEUTRAL
2001-08-22,2001,1.25,NO_SWEEP,0.0,0.0,0.0,0.0,0.0,0.0,0.0,NEUTRAL,False,NONE,0.25,NONE,NEUTRAL
2001-08-23,2001,1.25,NO_SWEEP,0.0,0.0,0.0,0.0,0.0,0.0,0.0,NEUTRAL,False,NONE,0.25,NONE,NEUTRAL
2001-08-24,2001,1.25,NO_SWEEP,0.0,0.0,0.0,0.0,0.0,0.0,0.0,NEUTRAL,False,NONE,0.25,NONE,NEUTRAL
2001-08-26,2001,1.25,NO_SWEEP,0.0,0.0,0.0,0.0,0.0,0.0,0.0,NEUTRAL,False,NONE,0.25,NONE,NEUTRAL
2001-08-27,2001,1.25,NO_SWEEP,0.0,0.0,0.0,0.0,0.0,0.0,0.0,NEUTRAL,False,NONE,0.25,NONE,NEUTRAL
2001-08-28,2001,1.25,NO_SWEEP,0.0,0.0,0.0,0.0,0.0,0.0,0.0,NEUTRAL,False,NONE,0.25,NONE,NEUTRAL
2001-08-29,2001,1.25,NO_SWEEP,0.0,0.0,0.0,0.0,0.0,0.0,0.0,NEUTRAL,False,NONE,0.25,NONE,NEUTRAL
2001-08-30,2001,1.25,NO_SWEEP,0.0,0.0,0.0,0.0,0.0,0.0,0.0,NEUTRAL,False,NONE,0.25,NONE,NEUTRAL
2001-08-31,2001,1.25,NO_SWEEP,0.0,0.0,0.0,0.0,0.0,0.0,0.0,NEUTRAL,False,NONE,0.25,NONE,NEUTRAL
2001-09-02,2001,1.25,NO_SWEEP,0.0,0.0,0.0,0.0,0.0,0.0,0.0,NEUTRAL,False,NONE,0.25,NONE,NEUTRAL
2001-09-03,2001,1.25,NO_SWEEP,0.0,0.0,0.0,0.0,0.0,0.0,0.0,NEUTRAL,False,NONE,0.25,NONE,NEUTRAL
2001-09-04,2001,1.25,NO_SWEEP,0.0,0.0,0.0,0.0,0.0,0.0,0.0,NEUTRAL,False,NONE,0.25,NONE,NEUTRAL
2001-09-05,2001,1.25,NO_SWEEP,0.0,0.0,0.0,0.0,0.0,0.0,0.0,NEUTRAL,False,NONE,0.25,NONE,NEUTRAL
2001-09-06,2001,1.25,NO_SWEEP,0.0,0.0,0.0,0.0,0.0,0.0,0.0,NEUTRAL,False,NONE,0.25,NONE,NEUTRAL
2001-09-07,2001,1.25,NO_SWEEP,0.0,0.0,0.0,0.0,0.0,0.0,0.0,NEUTRAL,False,NONE,0.25,NONE,NEUTRAL
2001-09-09,2001,1.25,NO_SWEEP,0.0,0.0,0.0,0.0,0.0,0.0,0.0,NEUTRAL,False,NONE,0.25,NONE,NEUTRAL
2001-09-10,2001,1.25,NO_SWEEP,0.0,0.0,0.0,0.0,0.0,0.0,0.0,NEUTRAL,False,NONE,0.25,NONE,NEUTRAL
2001-09-11,2001,1.25,NO_SWEEP,0.0,0.0,0.0,0.0,0.0,0.0,0.0,NEUTRAL,False,NONE,0.25,NONE,NEUTRAL
2001-09-12,2001,1.25,NO_SWEEP,0.0,0.0,0.0,0.0,0.0,0.0,0.0,NEUTRAL,False,NONE,0.25,NONE,NEUTRAL
2001-09-13,2001,1.25,NO_SWEEP,0.0,0.0,0.0,0.0,0.0,0.0,0.0,NEUTRAL,False,NONE,0.25,NONE,NEUTRAL
2001-09-14,2001,1.25,NO_SWEEP,0.0,0.0,0.0,0.0,0.0,0.0,0.0,NEUTRAL,False,NONE,0.25,NONE,NEUTRAL
2001-09-16,2001,1.25,NO_SWEEP,0.0,0.0,0.0,0.0,0.0,0.0,0.0,NEUTRAL,False,NONE,0.25,NONE,NEUTRAL
2001-09-17,2001,1.25,NO_SWEEP,0.0,0.0,0.0,0.0,0.0,0.0,0.0,NEUTRAL,False,NONE,0.25,NONE,NEUTRAL
2001-09-18,2001,1.25,NO_SWEEP,0.0,0.0,0.0,0.0,0.0,0.0,0.0,NEUTRAL,False,NONE,0.25,NONE,NEUTRAL
2001-09-19,2001,1.25,NO_SWEEP,0.0,0.0,0.0,0.0,0.0,0.0,0.0,NEUTRAL,False,NONE,0.25,NONE,NEUTRAL
2001-09-20,2001,1.25,NO_SWEEP,0.0,0.0,0.0,0.0,0.0,0.0,0.0,NEUTRAL,False,NONE,0.25,NONE,NEUTRAL
2001-09-21,2001,1.25,NO_SWEEP,0.0,0.0,0.0,0.0,0.0,0.0,0.0,NEUTRAL,False,NONE,0.25,NONE,NEUTRAL
2001-09-23,2001,1.25,NO_SWEEP,0.0,0.0,0.0,0.0,0.0,0.0,0.0,NEUTRAL,False,NONE,0.25,NONE,NEUTRAL
2001-09-24,2001,1.25,NO_SWEEP,0.0,0.0,0.0,0.0,0.0,0.0,0.0,NEUTRAL,False,NONE,0.25,NONE,NEUTRAL
2001-09-25,2001,1.25,NO_SWEEP,0.0,0.0,0.0,0.0,0.0,0.0,0.0,NEUTRAL,False,NONE,0.25,NONE,NEUTRAL
2001-09-26,2001,1.25,NO_SWEEP,0.0,0.0,0.0,0.0,0.0,0.0,0.0,NEUTRAL,False,NONE,0.25,NONE,NEUTRAL
2001-09-27,2001,1.25,NO_SWEEP,0.0,0.0,0.0,0.0,0.0,0.0,0.0,NEUTRAL,False,NONE,0.25,NONE,NEUTRAL
2001-09-28,2001,1.25,NO_SWEEP,0.0,0.0,0.0,0.0,0.0,0.0,0.0,NEUTRAL,False,NONE,0.25,NONE,NEUTRAL
2001-09-30,2001,1.25,NO_SWEEP,0.0,0.0,0.0,0.0,0.0,0.0,0.0,NEUTRAL,False,NONE,0.25,NONE,NEUTRAL
2001-10-01,2001,1.25,NO_SWEEP,0.0,0.0,0.0,0.0,0.0,0.0,0.0,NEUTRAL,False,NONE,0.25,NONE,NEUTRAL
2001-10-02,2001,1.25,NO_SWEEP,0.0,0.0,0.0,0.0,0.0,0.0,0.0,NEUTRAL,False,NONE,0.25,NONE,NEUTRAL
2001-10-03,2001,1.25,NO_SWEEP,0.0,0.0,0.0,0.0,0.0,0.0,0.0,NEUTRAL,False,NONE,0.25,NONE,NEUTRAL
2001-10-04,2001,1.25,NO_SWEEP,0.0,0.0,0.0,0.0,0.0,0.0,0.0,NEUTRAL,False,NONE,0.25,NONE,NEUTRAL
2001-10-05,2001,1.25,NO_SWEEP,0.0,0.0,0.0,0.0,0.0,0.0,0.0,NEUTRAL,False,NONE,0.25,NONE,NEUTRAL
2001-10-07,2001,1.25,NO_SWEEP,0.0,0.0,0.0,0.0,0.0,0.0,0.0,NEUTRAL,False,NONE,0.25,NONE,NEUTRAL
2001-10-08,2001,1.25,NO_SWEEP,0.0,0.0,0.0,0.0,0.0,0.0,0.0,NEUTRAL,False,NONE,0.25,NONE,NEUTRAL
2001-10-09,2001,1.25,NO_SWEEP,0.0,0.0,0.0,0.0,0.0,0.0,0.0,NEUTRAL,False,NONE,0.25,NONE,NEUTRAL
2001-10-10,2001,1.25,NO_SWEEP,0.0,0.0,0.0,0.0,0.0,0.0,0.0,NEUTRAL,False,NONE,0.25,NONE,NEUTRAL
2001-10-11,2001,1.25,NO_SWEEP,0.0,0.0,0.0,0.0,0.0,0.0,0.0,NEUTRAL,False,NONE,0.25,NONE,NEUTRAL
2001-10-12,2001,1.25,NO_SWEEP,0.0,0.0,0.0,0.0,0.0,0.0,0.0,NEUTRAL,False,NONE,0.25,NONE,NEUTRAL
2001-10-14,2001,1.25,NO_SWEEP,0.0,0.0,0.0,0.0,0.0,0.0,0.0,NEUTRAL,False,NONE,0.25,NONE,NEUTRAL
2001-10-15,2001,1.25,NO_SWEEP,0.0,0.0,0.0,0.0,0.0,0.0,0.0,NEUTRAL,False,NONE,0.25,NONE,NEUTRAL
2001-10-16,2001,1.25,NO_SWEEP,0.0,0.0,0.0,0.0,0.0,0.0,0.0,NEUTRAL,False,NONE,0.25,NONE,NEUTRAL
2001-10-17,2001,1.25,NO_SWEEP,0.0,0.0,0.0,0.0,0.0,0.0,0.0,NEUTRAL,False,NONE,0.25,NONE,NEUTRAL
2001-10-18,2001,1.25,NO_SWEEP,0.0,0.0,0.0,0.0,0.0,0.0,0.0,NEUTRAL,False,NONE,0.25,NONE,NEUTRAL
2001-10-19,2001,1.25,NO_SWEEP,0.0,0.0,0.0,0.0,0.0,0.0,0.0,NEUTRAL,False,NONE,0.25,NONE,NEUTRAL
2001-10-21,2001,1.25,NO_SWEEP,0.0,0.0,0.0,0.0,0.0,0.0,0.0,NEUTRAL,False,NONE,0.25,NONE,NEUTRAL
2001-10-22,2001,1.25,NO_SWEEP,0.0,0.0,0.0,0.0,0.0,0.0,0.0,NEUTRAL,False,NONE,0.25,NONE,NEUTRAL
2001-10-23,2001,1.25,NO_SWEEP,0.0,0.0,0.0,0.0,0.0,0.0,0.0,NEUTRAL,False,NONE,0.25,NONE,NEUTRAL
2001-10-24,2001,1.25,NO_SWEEP,0.0,0.0,0.0,0.0,0.0,0.0,0.0,NEUTRAL,False,NONE,0.25,NONE,NEUTRAL
2001-10-25,2001,1.25,NO_SWEEP,0.0,0.0,0.0,0.0,0.0,0.0,0.0,NEUTRAL,False,NONE,0.25,NONE,NEUTRAL
2001-10-26,2001,1.25,NO_SWEEP,0.0,0.0,0.0,0.0,0.0,0.0,0.0,NEUTRAL,False,NONE,0.25,NONE,NEUTRAL
2001-10-28,2001,1.25,NO_SWEEP,0.0,0.0,0.0,0.0,0.0,0.0,0.0,NEUTRAL,False,NONE,0.25,NONE,NEUTRAL
2001-10-29,2001,1.25,NO_SWEEP,0.0,0.0,0.0,0.0,0.0,0.0,0.0,NEUTRAL,False,NONE,0.25,NONE,NEUTRAL
2001-10-30,2001,1.25,NO_SWEEP,0.0,0.0,0.0,0.0,0.0,0.0,0.0,NEUTRAL,False,NONE,0.25,NONE,NEUTRAL
2001-10-31,2001,1.25,NO_SWEEP,0.0,0.0,0.0,0.0,0.0,0.0,0.0,NEUTRAL,False,NONE,0.25,NONE,NEUTRAL
2001-11-01,2001,1.25,NO_SWEEP,0.0,0.0,0.0,0.0,0.0,0.0,0.0,NEUTRAL,False,NONE,0.25,NONE,NEUTRAL
2001-11-02,2001,1.25,NO_SWEEP,0.0,0.0,0.0,0.0,0.0,0.0,0.0,NEUTRAL,False,NONE,0.25,NONE,NEUTRAL
2001-11-04,2001,1.25,NO_SWEEP,0.0,0.0,0.0,0.0,0.0,0.0,0.0,NEUTRAL,False,NONE,0.25,NONE,NEUTRAL
2001-11-05,2001,1.25,NO_SWEEP,0.0,0.0,0.0,0.0,0.0,0.0,0.0,NEUTRAL,False,NONE,0.25,NONE,NEUTRAL
2001-11-06,2001,1.25,NO_SWEEP,0.0,0.0,0.0,0.0,0.0,0.0,0.0,NEUTRAL,False,NONE,0.25,NONE,NEUTRAL
2001-11-07,2001,1.25,NO_SWEEP,0.0,0.0,0.0,0.0,0.0,0.0,0.0,NEUTRAL,False,NONE,0.25,NONE,NEUTRAL
2001-11-08,2001,1.25,NO_SWEEP,0.0,0.0,0.0,0.0,0.0,0.0,0.0,NEUTRAL,False,NONE,0.25,NONE,NEUTRAL
2001-11-09,2001,1.25,NO_SWEEP,0.0,0.0,0.0,0.0,0.0,0.0,0.0,NEUTRAL,False,NONE,0.25,NONE,NEUTRAL
2001-11-11,2001,1.25,NO_SWEEP,0.0,0.0,0.0,0.0,0.0,0.0,0.0,NEUTRAL,False,NONE,0.25,NONE,NEUTRAL
2001-11-12,2001,1.25,NO_SWEEP,0.0,0.0,0.0,0.0,0.0,0.0,0.0,NEUTRAL,False,NONE,0.25,NONE,NEUTRAL
2001-11-13,2001,1.25,NO_SWEEP,0.0,0.0,0.0,0.0,0.0,0.0,0.0,NEUTRAL,False,NONE,0.25,NONE,NEUTRAL
2001-11-14,2001,1.25,NO_SWEEP,0.0,0.0,0.0,0.0,0.0,0.0,0.0,NEUTRAL,False,NONE,0.25,NONE,NEUTRAL
2001-11-15,2001,1.25,NO_SWEEP,0.0,0.0,0.0,0.0,0.0,0.0,0.0,NEUTRAL,False,NONE,0.25,NONE,NEUTRAL
2001-11-16,2001,1.25,NO_SWEEP,0.0,0.0,0.0,0.0,0.0,0.0,0.0,NEUTRAL,False,NONE,0.25,NONE,NEUTRAL
2001-11-18,2001,1.25,NO_SWEEP,0.0,0.0,0.0,0.0,0.0,0.0,0.0,NEUTRAL,False,NONE,0.25,NONE,NEUTRAL
2001-11-19,2001,1.25,NO_SWEEP,0.0,0.0,0.0,0.0,0.0,0.0,0.0,NEUTRAL,False,NONE,0.25,NONE,NEUTRAL
2001-11-20,2001,1.25,NO_SWEEP,0.0,0.0,0.0,0.0,0.0,0.0,0.0,NEUTRAL,False,NONE,0.25,NONE,NEUTRAL
2001-11-21,2001,1.25,NO_SWEEP,0.0,0.0,0.0,0.0,0.0,0.0,0.0,NEUTRAL,False,NONE,0.25,NONE,NEUTRAL
2001-11-22,2001,1.25,NO_SWEEP,0.0,0.0,0.0,0.0,0.0,0.0,0.0,NEUTRAL,False,NONE,0.25,NONE,NEUTRAL
2001-11-23,2001,1.25,NO_SWEEP,0.0,0.0,0.0,0.0,0.0,0.0,0.0,NEUTRAL,False,NONE,0.25,NONE,NEUTRAL
2001-11-25,2001,1.25,NO_SWEEP,0.0,0.0,0.0,0.0,0.0,0.0,0.0,NEUTRAL,False,NONE,0.25,NONE,NEUTRAL
2001-11-26,2001,1.25,NO_SWEEP,0.0,0.0,0.0,0.0,0.0,0.0,0.0,NEUTRAL,False,NONE,0.25,NONE,NEUTRAL
2001-11-27,2001,1.25,NO_SWEEP,0.0,0.0,0.0,0.0,0.0,0.0,0.0,NEUTRAL,False,NONE,0.25,NONE,NEUTRAL
2001-11-28,2001,1.25,NO_SWEEP,0.0,0.0,0.0,0.0,0.0,0.0,0.0,NEUTRAL,False,NONE,0.25,NONE,NEUTRAL
2001-11-29,2001,1.25,NO_SWEEP,0.0,0.0,0.0,0.0,0.0,0.0,0.0,NEUTRAL,False,NONE,0.25,NONE,NEUTRAL
2001-11-30,2001,1.25,NO_SWEEP,0.0,0.0,0.0,0.0,0.0,0.0,0.0,NEUTRAL,False,NONE,0.25,NONE,NEUTRAL
2001-12-02,2001,1.25,NO_SWEEP,0.0,0.0,0.0,0.0,0.0,0.0,0.0,NEUTRAL,False,NONE,0.25,NONE,NEUTRAL
2001-12-03,2001,1.25,NO_SWEEP,0.0,0.0,0.0,0.0,0.0,0.0,0.0,NEUTRAL,False,NONE,0.25,NONE,NEUTRAL
2001-12-04,2001,1.25,NO_SWEEP,0.0,0.0,0.0,0.0,0.0,0.0,0.0,NEUTRAL,False,NONE,0.25,NONE,NEUTRAL
2001-12-05,2001,1.25,NO_SWEEP,0.0,0.0,0.0,0.0,0.0,0.0,0.0,NEUTRAL,False,NONE,0.25,NONE,NEUTRAL
2001-12-06,2001,1.25,NO_SWEEP,0.0,0.0,0.0,0.0,0.0,0.0,0.0,NEUTRAL,False,NONE,0.25,NONE,NEUTRAL
2001-12-07,2001,1.25,NO_SWEEP,0.0,0.0,0.0,0.0,0.0,0.0,0.0,NEUTRAL,False,NONE,0.25,NONE,NEUTRAL
2001-12-09,2001,1.25,NO_SWEEP,0.0,0.0,0.0,0.0,0.0,0.0,0.0,NEUTRAL,False,NONE,0.25,NONE,NEUTRAL
2001-12-10,2001,1.25,NO_SWEEP,0.0,0.0,0.0,0.0,0.0,0.0,0.0,NEUTRAL,False,NONE,0.25,NONE,NEUTRAL
2001-12-11,2001,1.25,NO_SWEEP,0.0,0.0,0.0,0.0,0.0,0.0,0.0,NEUTRAL,False,NONE,0.25,NONE,NEUTRAL
2001-12-12,2001,1.25,NO_SWEEP,0.0,0.0,0.0,0.0,0.0,0.0,0.0,NEUTRAL,False,NONE,0.25,NONE,NEUTRAL
2001-12-13,2001,1.25,NO_SWEEP,0.0,0.0,0.0,0.0,0.0,0.0,0.0,NEUTRAL,False,NONE,0.25,NONE,NEUTRAL
2001-12-14,2001,1.25,NO_SWEEP,0.0,0.0,0.0,0.0,0.0,0.0,0.0,NEUTRAL,False,NONE,0.25,NONE,NEUTRAL
2001-12-16,2001,1.25,NO_SWEEP,0.0,0.0,0.0,0.0,0.0,0.0,0.0,NEUTRAL,False,NONE,0.25,NONE,NEUTRAL
2001-12-17,2001,1.25,NO_SWEEP,0.0,0.0,0.0,0.0,0.0,0.0,0.0,NEUTRAL,False,NONE,0.25,NONE,NEUTRAL
2001-12-18,2001,1.25,NO_SWEEP,0.0,0.0,0.0,0.0,0.0,0.0,0.0,NEUTRAL,False,NONE,0.25,NONE,NEUTRAL
2001-12-19,2001,1.25,NO_SWEEP,0.0,0.0,0.0,0.0,0.0,0.0,0.0,NEUTRAL,False,NONE,0.25,NONE,NEUTRAL
2001-12-20,2001,1.25,NO_SWEEP,0.0,0.0,0.0,0.0,0.0,0.0,0.0,NEUTRAL,False,NONE,0.25,NONE,NEUTRAL
2001-12-21,2001,1.25,NO_SWEEP,0.0,0.0,0.0,0.0,0.0,0.0,0.0,NEUTRAL,False,NONE,0.25,NONE,NEUTRAL
2001-12-23,2001,1.25,NO_SWEEP,0.0,0.0,0.0,0.0,0.0,0.0,0.0,NEUTRAL,False,NONE,0.25,NONE,NEUTRAL
2001-12-24,2001,1.25,NO_SWEEP,0.0,0.0,0.0,0.0,0.0,0.0,0.0,NEUTRAL,False,NONE,0.25,NONE,NEUTRAL
2001-12-25,2001,1.25,NO_SWEEP,0.0,0.0,0.0,0.0,0.0,0.0,0.0,NEUTRAL,False,NONE,0.25,NONE,NEUTRAL
2001-12-26,2001,1.25,NO_SWEEP,0.0,0.0,0.0,0.0,0.0,0.0,0.0,NEUTRAL,False,NONE,0.25,NONE,NEUTRAL
2001-12-27,2001,1.25,NO_SWEEP,0.0,0.0,0.0,0.0,0.0,0.0,0.0,NEUTRAL,False,NONE,0.25,NONE,NEUTRAL
2001-12-28,2001,1.25,NO_SWEEP,0.0,0.0,0.0,0.0,0.0,0.0,0.0,NEUTRAL,False,NONE,0.25,NONE,NEUTRAL
2001-12-30,2001,1.25,NO_SWEEP,0.0,0.0,0.0,0.0,0.0,0.0,0.0,NEUTRAL,False,NONE,0.25,NONE,NEUTRAL
2001-12-31,2001,1.25,NO_SWEEP,0.0,0.0,0.0,0.0,0.0,0.0,0.0,NEUTRAL,False,NONE,0.25,NONE,NEUTRAL
2002-01-01,2002,1.25,NO_SWEEP,0.0,0.0,0.0,0.0,0.0,0.0,0.0,NEUTRAL,False,NONE,0.25,NONE,NEUTRAL
2002-01-02,2002,1.25,NO_SWEEP,0.0,0.0,0.0,0.0,0.0,0.0,0.0,NEUTRAL,False,NONE,0.25,NONE,NEUTRAL
2002-01-03,2002,1.25,NO_SWEEP,0.0,0.0,0.0,0.0,0.0,0.0,0.0,NEUTRAL,False,NONE,0.25,NONE,NEUTRAL
2002-01-04,2002,1.25,NO_SWEEP,0.0,0.0,0.0,0.0,0.0,0.0,0.0,NEUTRAL,False,NONE,0.25,NONE,NEUTRAL
2002-01-06,2002,1.25,NO_SWEEP,0.0,0.0,0.0,0.0,0.0,0.0,0.0,NEUTRAL,False,NONE,0.25,NONE,NEUTRAL
2002-01-07,2002,1.25,NO_SWEEP,0.0,0.0,0.0,0.0,0.0,0.0,0.0,NEUTRAL,False,NONE,0.25,NONE,NEUTRAL
2002-01-08,2002,1.25,NO_SWEEP,0.0,0.0,0.0,0.0,0.0,0.0,0.0,NEUTRAL,False,NONE,0.25,NONE,NEUTRAL
2002-01-09,2002,1.25,NO_SWEEP,0.0,0.0,0.0,0.0,0.0,0.0,0.0,NEUTRAL,False,NONE,0.25,NONE,NEUTRAL
2002-01-10,2002,1.25,NO_SWEEP,0.0,0.0,0.0,0.0,0.0,0.0,0.0,NEUTRAL,False,NONE,0.25,NONE,NEUTRAL
2002-01-11,2002,1.25,NO_SWEEP,0.0,0.0,0.0,0.0,0.0,0.0,0.0,NEUTRAL,False,NONE,0.25,NONE,NEUTRAL
2002-01-13,2002,1.25,NO_SWEEP,0.0,0.0,0.0,0.0,0.0,0.0,0.0,NEUTRAL,False,NONE,0.25,NONE,NEUTRAL
2002-01-14,2002,1.25,NO_SWEEP,0.0,0.0,0.0,0.0,0.0,0.0,0.0,NEUTRAL,False,NONE,0.25,NONE,NEUTRAL
2002-01-15,2002,1.25,NO_SWEEP,0.0,0.0,0.0,0.0,0.0,0.0,0.0,NEUTRAL,False,NONE,0.25,NONE,NEUTRAL
2002-01-16,2002,1.25,NO_SWEEP,0.0,0.0,0.0,0.0,0.0,0.0,0.0,NEUTRAL,False,NONE,0.25,NONE,NEUTRAL
2002-01-17,2002,1.25,NO_SWEEP,0.0,0.0,0.0,0.0,0.0,0.0,0.0,NEUTRAL,False,NONE,0.25,NONE,NEUTRAL
2002-01-18,2002,1.25,NO_SWEEP,0.0,0.0,0.0,0.0,0.0,0.0,0.0,NEUTRAL,False,NONE,0.25,NONE,NEUTRAL
2002-01-20,2002,1.25,NO_SWEEP,0.0,0.0,0.0,0.0,0.0,0.0,0.0,NEUTRAL,False,NONE,0.25,NONE,NEUTRAL
2002-01-21,2002,1.25,NO_SWEEP,0.0,0.0,0.0,0.0,0.0,0.0,0.0,NEUTRAL,False,NONE,0.25,NONE,NEUTRAL
2002-01-22,2002,1.25,NO_SWEEP,0.0,0.0,0.0,0.0,0.0,0.0,0.0,NEUTRAL,False,NONE,0.25,NONE,NEUTRAL
2002-01-23,2002,1.25,NO_SWEEP,0.0,0.0,0.0,0.0,0.0,0.0,0.0,NEUTRAL,False,NONE,0.25,NONE,NEUTRAL
2002-01-24,2002,1.25,NO_SWEEP,0.0,0.0,0.0,0.0,0.0,0.0,0.0,NEUTRAL,False,NONE,0.25,NONE,NEUTRAL
2002-01-25,2002,1.25,NO_SWEEP,0.0,0.0,0.0,0.0,0.0,0.0,0.0,NEUTRAL,False,NONE,0.25,NONE,NEUTRAL
2002-01-27,2002,1.25,NO_SWEEP,0.0,0.0,0.0,0.0,0.0,0.0,0.0,NEUTRAL,False,NONE,0.25,NONE,NEUTRAL
2002-01-28,2002,1.25,NO_SWEEP,0.0,0.0,0.0,0.0,0.0,0.0,0.0,NEUTRAL,False,NONE,0.25,NONE,NEUTRAL
2002-01-29,2002,1.25,NO_SWEEP,0.0,0.0,0.0,0.0,0.0,0.0,0.0,NEUTRAL,False,NONE,0.25,NONE,NEUTRAL
2002-01-30,2002,1.25,NO_SWEEP,0.0,0.0,0.0,0.0,0.0,0.0,0.0,NEUTRAL,False,NONE,0.25,NONE,NEUTRAL
2002-01-31,2002,1.25,NO_SWEEP,0.0,0.0,0.0,0.0,0.0,0.0,0.0,NEUTRAL,False,NONE,0.25,NONE,NEUTRAL
2002-02-01,2002,1.25,NO_SWEEP,0.0,0.0,0.0,0.0,0.0,0.0,0.0,NEUTRAL,False,NONE,0.25,NONE,NEUTRAL
2002-02-03,2002,1.25,NO_SWEEP,0.0,0.0,0.0,0.0,0.0,0.0,0.0,NEUTRAL,False,NONE,0.25,NONE,NEUTRAL
2002-02-04,2002,1.25,NO_SWEEP,0.0,0.0,0.0,0.0,0.0,0.0,0.0,NEUTRAL,False,NONE,0.25,NONE,NEUTRAL
2002-02-05,2002,1.25,NO_SWEEP,0.0,0.0,0.0,0.0,0.0,0.0,0.0,NEUTRAL,False,NONE,0.25,NONE,NEUTRAL
2002-02-06,2002,1.25,NO_SWEEP,0.0,0.0,0.0,0.0,0.0,0.0,0.0,NEUTRAL,False,NONE,0.25,NONE,NEUTRAL
2002-02-07,2002,1.25,NO_SWEEP,0.0,0.0,0.0,0.0,0.0,0.0,0.0,NEUTRAL,False,NONE,0.25,NONE,NEUTRAL
2002-02-08,2002,1.25,NO_SWEEP,0.0,0.0,0.0,0.0,0.0,0.0,0.0,NEUTRAL,False,NONE,0.25,NONE,NEUTRAL
2002-02-10,2002,1.25,NO_SWEEP,0.0,0.0,0.0,0.0,0.0,0.0,0.0,NEUTRAL,False,NONE,0.25,NONE,NEUTRAL
2002-02-11,2002,1.25,NO_SWEEP,0.0,0.0,0.0,0.0,0.0,0.0,0.0,NEUTRAL,False,NONE,0.25,NONE,NEUTRAL
2002-02-12,2002,1.25,NO_SWEEP,0.0,0.0,0.0,0.0,0.0,0.0,0.0,NEUTRAL,False,NONE,0.25,NONE,NEUTRAL
2002-02-13,2002,1.25,NO_SWEEP,0.0,0.0,0.0,0.0,0.0,0.0,0.0,NEUTRAL,False,NONE,0.25,NONE,NEUTRAL
2002-02-14,2002,1.25,NO_SWEEP,0.0,0.0,0.0,0.0,0.0,0.0,0.0,NEUTRAL,False,NONE,0.25,NONE,NEUTRAL
2002-02-15,2002,1.25,NO_SWEEP,0.0,0.0,0.0,0.0,0.0,0.0,0.0,NEUTRAL,False,NONE,0.25,NONE,NEUTRAL
2002-02-17,2002,1.25,NO_SWEEP,0.0,0.0,0.0,0.0,0.0,0.0,0.0,NEUTRAL,False,NONE,0.25,NONE,NEUTRAL
2002-02-18,2002,1.25,NO_SWEEP,0.0,0.0,0.0,0.0,0.0,0.0,0.0,NEUTRAL,False,NONE,0.25,NONE,NEUTRAL
2002-02-19,2002,1.25,NO_SWEEP,0.0,0.0,0.0,0.0,0.0,0.0,0.0,NEUTRAL,False,NONE,0.25,NONE,NEUTRAL
2002-02-20,2002,1.25,NO_SWEEP,0.0,0.0,0.0,0.0,0.0,0.0,0.0,NEUTRAL,False,NONE,0.25,NONE,NEUTRAL
2002-02-21,2002,1.25,NO_SWEEP,0.0,0.0,0.0,0.0,0.0,0.0,0.0,NEUTRAL,False,NONE,0.25,NONE,NEUTRAL
2002-02-22,2002,1.25,NO_SWEEP,0.0,0.0,0.0,0.0,0.0,0.0,0.0,NEUTRAL,False,NONE,0.25,NONE,NEUTRAL
2002-02-24,2002,1.25,NO_SWEEP,0.0,0.0,0.0,0.0,0.0,0.0,0.0,NEUTRAL,False,NONE,0.25,NONE,NEUTRAL
2002-02-25,2002,1.25,NO_SWEEP,0.0,0.0,0.0,0.0,0.0,0.0,0.0,NEUTRAL,False,NONE,0.25,NONE,NEUTRAL
2002-02-26,2002,1.25,NO_SWEEP,0.0,0.0,0.0,0.0,0.0,0.0,0.0,NEUTRAL,False,NONE,0.25,NONE,NEUTRAL
2002-02-27,2002,1.25,NO_SWEEP,0.0,0.0,0.0,0.0,0.0,0.0,0.0,NEUTRAL,False,NONE,0.25,NONE,NEUTRAL
2002-02-28,2002,1.25,NO_SWEEP,0.0,0.0,0.0,0.0,0.0,0.0,0.0,NEUTRAL,False,NONE,0.25,NONE,NEUTRAL
2002-03-01,2002,1.25,NO_SWEEP,0.0,0.0,0.0,0.0,0.0,0.0,0.0,NEUTRAL,False,NONE,0.25,NONE,NEUTRAL
2002-03-03,2002,1.25,NO_SWEEP,0.0,0.0,0.0,0.0,0.0,0.0,0.0,NEUTRAL,False,NONE,0.25,NONE,NEUTRAL
2002-03-04,2002,1.25,NO_SWEEP,0.0,0.0,0.0,0.0,0.0,0.0,0.0,NEUTRAL,False,NONE,0.25,NONE,NEUTRAL
2002-03-05,2002,1.25,NO_SWEEP,0.0,0.0,0.0,0.0,0.0,0.0,0.0,NEUTRAL,False,NONE,0.25,NONE,NEUTRAL
2002-03-06,2002,1.25,NO_SWEEP,0.0,0.0,0.0,0.0,0.0,0.0,0.0,NEUTRAL,False,NONE,0.25,NONE,NEUTRAL
2002-03-07,2002,1.25,NO_SWEEP,0.0,0.0,0.0,0.0,0.0,0.0,0.0,NEUTRAL,False,NONE,0.25,NONE,NEUTRAL
2002-03-08,2002,1.25,NO_SWEEP,0.0,0.0,0.0,0.0,0.0,0.0,0.0,NEUTRAL,False,NONE,0.25,NONE,NEUTRAL
2002-03-10,2002,1.25,NO_SWEEP,0.0,0.0,0.0,0.0,0.0,0.0,0.0,NEUTRAL,False,NONE,0.25,NONE,NEUTRAL
2002-03-11,2002,1.25,NO_SWEEP,0.0,0.0,0.0,0.0,0.0,0.0,0.0,NEUTRAL,False,NONE,0.25,NONE,NEUTRAL
2002-03-12,2002,1.25,NO_SWEEP,0.0,0.0,0.0,0.0,0.0,0.0,0.0,NEUTRAL,False,NONE,0.25,NONE,NEUTRAL
2002-03-13,2002,1.25,NO_SWEEP,0.0,0.0,0.0,0.0,0.0,0.0,0.0,NEUTRAL,False,NONE,0.25,NONE,NEUTRAL
2002-03-14,2002,1.25,NO_SWEEP,0.0,0.0,0.0,0.0,0.0,0.0,0.0,NEUTRAL,False,NONE,0.25,NONE,NEUTRAL
2002-03-15,2002,1.25,NO_SWEEP,0.0,0.0,0.0,0.0,0.0,0.0,0.0,NEUTRAL,False,NONE,0.25,NONE,NEUTRAL
2002-03-17,2002,1.25,NO_SWEEP,0.0,0.0,0.0,0.0,0.0,0.0,0.0,NEUTRAL,False,NONE,0.25,NONE,NEUTRAL
2002-03-18,2002,1.25,NO_SWEEP,0.0,0.0,0.0,0.0,0.0,0.0,0.0,NEUTRAL,False,NONE,0.25,NONE,NEUTRAL
2002-03-19,2002,1.25,NO_SWEEP,0.0,0.0,0.0,0.0,0.0,0.0,0.0,NEUTRAL,False,NONE,0.25,NONE,NEUTRAL
2002-03-20,2002,1.25,NO_SWEEP,0.0,0.0,0.0,0.0,0.0,0.0,0.0,NEUTRAL,False,NONE,0.25,NONE,NEUTRAL
2002-03-21,2002,1.25,NO_SWEEP,0.0,0.0,0.0,0.0,0.0,0.0,0.0,NEUTRAL,False,NONE,0.25,NONE,NEUTRAL
2002-03-22,2002,1.25,NO_SWEEP,0.0,0.0,0.0,0.0,0.0,0.0,0.0,NEUTRAL,False,NONE,0.25,NONE,NEUTRAL
2002-03-24,2002,1.25,NO_SWEEP,0.0,0.0,0.0,0.0,0.0,0.0,0.0,NEUTRAL,False,NONE,0.25,NONE,NEUTRAL
2002-03-25,2002,1.25,NO_SWEEP,0.0,0.0,0.0,0.0,0.0,0.0,0.0,NEUTRAL,False,NONE,0.25,NONE,NEUTRAL
2002-03-26,2002,1.25,NO_SWEEP,0.0,0.0,0.0,0.0,0.0,0.0,0.0,NEUTRAL,False,NONE,0.25,NONE,NEUTRAL
2002-03-27,2002,1.25,NO_SWEEP,0.0,0.0,0.0,0.0,0.0,0.0,0.0,NEUTRAL,False,NONE,0.25,NONE,NEUTRAL
2002-03-28,2002,1.25,NO_SWEEP,0.0,0.0,0.0,0.0,0.0,0.0,0.0,NEUTRAL,False,NONE,0.25,NONE,NEUTRAL
2002-03-29,2002,1.25,NO_SWEEP,0.0,0.0,0.0,0.0,0.0,0.0,0.0,NEUTRAL,False,NONE,0.25,NONE,NEUTRAL
2002-03-31,2002,1.25,NO_SWEEP,0.0,0.0,0.0,0.0,0.0,0.0,0.0,NEUTRAL,False,NONE,0.25,NONE,NEUTRAL
2002-04-01,2002,1.25,NO_SWEEP,0.0,0.0,0.0,0.0,0.0,0.0,0.0,NEUTRAL,False,NONE,0.25,NONE,NEUTRAL
2002-04-02,2002,1.25,NO_SWEEP,0.0,0.0,0.0,0.0,0.0,0.0,0.0,NEUTRAL,False,NONE,0.25,NONE,NEUTRAL
2002-04-03,2002,1.25,NO_SWEEP,0.0,0.0,0.0,0.0,0.0,0.0,0.0,NEUTRAL,False,NONE,0.25,NONE,NEUTRAL
2002-04-04,2002,1.25,NO_SWEEP,0.0,0.0,0.0,0.0,0.0,0.0,0.0,NEUTRAL,False,NONE,0.25,NONE,NEUTRAL
2002-04-05,2002,1.25,NO_SWEEP,0.0,0.0,0.0,0.0,0.0,0.0,0.0,NEUTRAL,False,NONE,0.25,NONE,NEUTRAL
2002-04-07,2002,1.25,NO_SWEEP,0.0,0.0,0.0,0.0,0.0,0.0,0.0,NEUTRAL,False,NONE,0.25,NONE,NEUTRAL
2002-04-08,2002,1.25,NO_SWEEP,0.0,0.0,0.0,0.0,0.0,0.0,0.0,NEUTRAL,False,NONE,0.25,NONE,NEUTRAL
2002-04-09,2002,1.25,NO_SWEEP,0.0,0.0,0.0,0.0,0.0,0.0,0.0,NEUTRAL,False,NONE,0.25,NONE,NEUTRAL
2002-04-10,2002,1.25,NO_SWEEP,0.0,0.0,0.0,0.0,0.0,0.0,0.0,NEUTRAL,False,NONE,0.25,NONE,NEUTRAL
2002-04-11,2002,1.25,NO_SWEEP,0.0,0.0,0.0,0.0,0.0,0.0,0.0,NEUTRAL,False,NONE,0.25,NONE,NEUTRAL
2002-04-12,2002,1.25,NO_SWEEP,0.0,0.0,0.0,0.0,0.0,0.0,0.0,NEUTRAL,False,NONE,0.25,NONE,NEUTRAL
2002-04-14,2002,1.25,NO_SWEEP,0.0,0.0,0.0,0.0,0.0,0.0,0.0,NEUTRAL,False,NONE,0.25,NONE,NEUTRAL
2002-04-15,2002,1.25,NO_SWEEP,0.0,0.0,0.0,0.0,0.0,0.0,0.0,NEUTRAL,False,NONE,0.25,NONE,NEUTRAL
2002-04-16,2002,1.25,NO_SWEEP,0.0,0.0,0.0,0.0,0.0,0.0,0.0,NEUTRAL,False,NONE,0.25,NONE,NEUTRAL
2002-04-17,2002,1.25,NO_SWEEP,0.0,0.0,0.0,0.0,0.0,0.0,0.0,NEUTRAL,False,NONE,0.25,NONE,NEUTRAL
2002-04-18,2002,1.25,NO_SWEEP,0.0,0.0,0.0,0.0,0.0,0.0,0.0,NEUTRAL,False,NONE,0.25,NONE,NEUTRAL
2002-04-19,2002,1.25,NO_SWEEP,0.0,0.0,0.0,0.0,0.0,0.0,0.0,NEUTRAL,False,NONE,0.25,NONE,NEUTRAL
2002-04-21,2002,1.25,NO_SWEEP,0.0,0.0,0.0,0.0,0.0,0.0,0.0,NEUTRAL,False,NONE,0.25,NONE,NEUTRAL
2002-04-22,2002,1.25,NO_SWEEP,0.0,0.0,0.0,0.0,0.0,0.0,0.0,NEUTRAL,False,NONE,0.25,NONE,NEUTRAL
2002-04-23,2002,1.25,NO_SWEEP,0.0,0.0,0.0,0.0,0.0,0.0,0.0,NEUTRAL,False,NONE,0.25,NONE,NEUTRAL
2002-04-24,2002,1.25,NO_SWEEP,0.0,0.0,0.0,0.0,0.0,0.0,0.0,NEUTRAL,False,NONE,0.25,NONE,NEUTRAL
2002-04-25,2002,1.25,NO_SWEEP,0.0,0.0,0.0,0.0,0.0,0.0,0.0,NEUTRAL,False,NONE,0.25,NONE,NEUTRAL
2002-04-26,2002,1.25,NO_SWEEP,0.0,0.0,0.0,0.0,0.0,0.0,0.0,NEUTRAL,False,NONE,0.25,NONE,NEUTRAL
2002-04-28,2002,1.25,NO_SWEEP,0.0,0.0,0.0,0.0,0.0,0.0,0.0,NEUTRAL,False,NONE,0.25,NONE,NEUTRAL
2002-04-29,2002,1.25,NO_SWEEP,0.0,0.0,0.0,0.0,0.0,0.0,0.0,NEUTRAL,False,NONE,0.25,NONE,NEUTRAL
2002-04-30,2002,1.25,NO_SWEEP,0.0,0.0,0.0,0.0,0.0,0.0,0.0,NEUTRAL,False,NONE,0.25,NONE,NEUTRAL
2002-05-01,2002,1.25,NO_SWEEP,0.0,0.0,0.0,0.0,0.0,0.0,0.0,NEUTRAL,False,NONE,0.25,NONE,NEUTRAL
2002-05-02,2002,1.25,NO_SWEEP,0.0,0.0,0.0,0.0,0.0,0.0,0.0,NEUTRAL,False,NONE,0.25,NONE,NEUTRAL
2002-05-03,2002,1.25,NO_SWEEP,0.0,0.0,0.0,0.0,0.0,0.0,0.0,NEUTRAL,False,NONE,0.25,NONE,NEUTRAL
2002-05-05,2002,1.25,NO_SWEEP,0.0,0.0,0.0,0.0,0.0,0.0,0.0,NEUTRAL,False,NONE,0.25,NONE,NEUTRAL
2002-05-06,2002,1.25,NO_SWEEP,0.0,0.0,0.0,0.0,0.0,0.0,0.0,NEUTRAL,False,NONE,0.25,NONE,NEUTRAL
2002-05-07,2002,1.25,NO_SWEEP,0.0,0.0,0.0,0.0,0.0,0.0,0.0,NEUTRAL,False,NONE,0.25,NONE,NEUTRAL
2002-05-08,2002,1.25,NO_SWEEP,0.0,0.0,0.0,0.0,0.0,0.0,0.0,NEUTRAL,False,NONE,0.25,NONE,NEUTRAL
2002-05-09,2002,1.25,NO_SWEEP,0.0,0.0,0.0,0.0,0.0,0.0,0.0,NEUTRAL,False,NONE,0.25,NONE,NEUTRAL
2002-05-10,2002,1.25,NO_SWEEP,0.0,0.0,0.0,0.0,0.0,0.0,0.0,NEUTRAL,False,NONE,0.25,NONE,NEUTRAL
2002-05-12,2002,1.25,NO_SWEEP,0.0,0.0,0.0,0.0,0.0,0.0,0.0,NEUTRAL,False,NONE,0.25,NONE,NEUTRAL
2002-05-13,2002,1.25,NO_SWEEP,0.0,0.0,0.0,0.0,0.0,0.0,0.0,NEUTRAL,False,NONE,0.25,NONE,NEUTRAL
2002-05-14,2002,1.25,NO_SWEEP,0.0,0.0,0.0,0.0,0.0,0.0,0.0,NEUTRAL,False,NONE,0.25,NONE,NEUTRAL
2002-05-15,2002,1.25,NO_SWEEP,0.0,0.0,0.0,0.0,0.0,0.0,0.0,NEUTRAL,False,NONE,0.25,NONE,NEUTRAL
2002-05-16,2002,1.25,NO_SWEEP,0.0,0.0,0.0,0.0,0.0,0.0,0.0,NEUTRAL,False,NONE,0.25,NONE,NEUTRAL
2002-05-17,2002,1.25,NO_SWEEP,0.0,0.0,0.0,0.0,0.0,0.0,0.0,NEUTRAL,False,NONE,0.25,NONE,NEUTRAL
2002-05-19,2002,1.25,NO_SWEEP,0.0,0.0,0.0,0.0,0.0,0.0,0.0,NEUTRAL,False,NONE,0.25,NONE,NEUTRAL
2002-05-20,2002,1.25,NO_SWEEP,0.0,0.0,0.0,0.0,0.0,0.0,0.0,NEUTRAL,False,NONE,0.25,NONE,NEUTRAL
2002-05-21,2002,1.25,NO_SWEEP,0.0,0.0,0.0,0.0,0.0,0.0,0.0,NEUTRAL,False,NONE,0.25,NONE,NEUTRAL
2002-05-22,2002,1.25,NO_SWEEP,0.0,0.0,0.0,0.0,0.0,0.0,0.0,NEUTRAL,False,NONE,0.25,NONE,NEUTRAL
2002-05-23,2002,1.25,NO_SWEEP,0.0,0.0,0.0,0.0,0.0,0.0,0.0,NEUTRAL,False,NONE,0.25,NONE,NEUTRAL
2002-05-24,2002,1.25,NO_SWEEP,0.0,0.0,0.0,0.0,0.0,0.0,0.0,NEUTRAL,False,NONE,0.25,NONE,NEUTRAL
2002-05-26,2002,1.25,NO_SWEEP,0.0,0.0,0.0,0.0,0.0,0.0,0.0,NEUTRAL,False,NONE,0.25,NONE,NEUTRAL
2002-05-27,2002,1.25,NO_SWEEP,0.0,0.0,0.0,0.0,0.0,0.0,0.0,NEUTRAL,False,NONE,0.25,NONE,NEUTRAL
2002-05-28,2002,1.25,NO_SWEEP,0.0,0.0,0.0,0.0,0.0,0.0,0.0,NEUTRAL,False,NONE,0.25,NONE,NEUTRAL
2002-05-29,2002,1.25,NO_SWEEP,0.0,0.0,0.0,0.0,0.0,0.0,0.0,NEUTRAL,False,NONE,0.25,NONE,NEUTRAL
2002-05-30,2002,1.25,NO_SWEEP,0.0,0.0,0.0,0.0,0.0,0.0,0.0,NEUTRAL,False,NONE,0.25,NONE,NEUTRAL
2002-05-31,2002,1.25,NO_SWEEP,0.0,0.0,0.0,0.0,0.0,0.0,0.0,NEUTRAL,False,NONE,0.25,NONE,NEUTRAL
2002-06-02,2002,1.25,NO_SWEEP,0.0,0.0,0.0,0.0,0.0,0.0,0.0,NEUTRAL,False,NONE,0.25,NONE,NEUTRAL
2002-06-03,2002,1.25,NO_SWEEP,0.0,0.0,0.0,0.0,0.0,0.0,0.0,NEUTRAL,False,NONE,0.25,NONE,NEUTRAL
2002-06-04,2002,1.25,NO_SWEEP,0.0,0.0,0.0,0.0,0.0,0.0,0.0,NEUTRAL,False,NONE,0.25,NONE,NEUTRAL
2002-06-05,2002,1.25,NO_SWEEP,0.0,0.0,0.0,0.0,0.0,0.0,0.0,NEUTRAL,False,NONE,0.25,NONE,NEUTRAL
2002-06-06,2002,1.25,NO_SWEEP,0.0,0.0,0.0,0.0,0.0,0.0,0.0,NEUTRAL,False,NONE,0.25,NONE,NEUTRAL
2002-06-07,2002,1.25,NO_SWEEP,0.0,0.0,0.0,0.0,0.0,0.0,0.0,NEUTRAL,False,NONE,0.25,NONE,NEUTRAL
2002-06-09,2002,1.25,NO_SWEEP,0.0,0.0,0.0,0.0,0.0,0.0,0.0,NEUTRAL,False,NONE,0.25,NONE,NEUTRAL
2002-06-10,2002,1.25,NO_SWEEP,0.0,0.0,0.0,0.0,0.0,0.0,0.0,NEUTRAL,False,NONE,0.25,NONE,NEUTRAL
2002-06-11,2002,1.25,NO_SWEEP,0.0,0.0,0.0,0.0,0.0,0.0,0.0,NEUTRAL,False,NONE,0.25,NONE,NEUTRAL
2002-06-12,2002,1.25,NO_SWEEP,0.0,0.0,0.0,0.0,0.0,0.0,0.0,NEUTRAL,False,NONE,0.25,NONE,NEUTRAL
2002-06-13,2002,1.25,NO_SWEEP,0.0,0.0,0.0,0.0,0.0,0.0,0.0,NEUTRAL,False,NONE,0.25,NONE,NEUTRAL
2002-06-14,2002,1.25,NO_SWEEP,0.0,0.0,0.0,0.0,0.0,0.0,0.0,NEUTRAL,False,NONE,0.25,NONE,NEUTRAL
2002-06-16,2002,1.25,NO_SWEEP,0.0,0.0,0.0,0.0,0.0,0.0,0.0,NEUTRAL,False,NONE,0.25,NONE,NEUTRAL
2002-06-17,2002,1.25,NO_SWEEP,0.0,0.0,0.0,0.0,0.0,0.0,0.0,NEUTRAL,False,NONE,0.25,NONE,NEUTRAL
2002-06-18,2002,1.25,NO_SWEEP,0.0,0.0,0.0,0.0,0.0,0.0,0.0,NEUTRAL,False,NONE,0.25,NONE,NEUTRAL
2002-06-19,2002,1.25,NO_SWEEP,0.0,0.0,0.0,0.0,0.0,0.0,0.0,NEUTRAL,False,NONE,0.25,NONE,NEUTRAL
2002-06-20,2002,1.25,NO_SWEEP,0.0,0.0,0.0,0.0,0.0,0.0,0.0,NEUTRAL,False,NONE,0.25,NONE,NEUTRAL
2002-06-21,2002,1.25,NO_SWEEP,0.0,0.0,0.0,0.0,0.0,0.0,0.0,NEUTRAL,False,NONE,0.25,NONE,NEUTRAL
2002-06-23,2002,1.25,NO_SWEEP,0.0,0.0,0.0,0.0,0.0,0.0,0.0,NEUTRAL,False,NONE,0.25,NONE,NEUTRAL
2002-06-24,2002,1.25,NO_SWEEP,0.0,0.0,0.0,0.0,0.0,0.0,0.0,NEUTRAL,False,NONE,0.25,NONE,NEUTRAL
2002-06-25,2002,1.25,NO_SWEEP,0.0,0.0,0.0,0.0,0.0,0.0,0.0,NEUTRAL,False,NONE,0.25,NONE,NEUTRAL
2002-06-26,2002,1.25,NO_SWEEP,0.0,0.0,0.0,0.0,0.0,0.0,0.0,NEUTRAL,False,NONE,0.25,NONE,NEUTRAL
2002-06-27,2002,1.25,NO_SWEEP,0.0,0.0,0.0,0.0,0.0,0.0,0.0,NEUTRAL,False,NONE,0.25,NONE,NEUTRAL
2002-06-28,2002,1.25,NO_SWEEP,0.0,0.0,0.0,0.0,0.0,0.0,0.0,NEUTRAL,False,NONE,0.25,NONE,NEUTRAL
2002-06-30,2002,1.25,NO_SWEEP,0.0,0.0,0.0,0.0,0.0,0.0,0.0,NEUTRAL,False,NONE,0.25,NONE,NEUTRAL
2002-07-01,2002,1.25,NO_SWEEP,0.0,0.0,0.0,0.0,0.0,0.0,0.0,NEUTRAL,False,NONE,0.25,NONE,NEUTRAL
2002-07-02,2002,1.25,NO_SWEEP,0.0,0.0,0.0,0.0,0.0,0.0,0.0,NEUTRAL,False,NONE,0.25,NONE,NEUTRAL
2002-07-03,2002,1.25,NO_SWEEP,0.0,0.0,0.0,0.0,0.0,0.0,0.0,NEUTRAL,False,NONE,0.25,NONE,NEUTRAL
2002-07-04,2002,1.25,NO_SWEEP,0.0,0.0,0.0,0.0,0.0,0.0,0.0,NEUTRAL,False,NONE,0.25,NONE,NEUTRAL
2002-07-05,2002,1.25,NO_SWEEP,0.0,0.0,0.0,0.0,0.0,0.0,0.0,NEUTRAL,False,NONE,0.25,NONE,NEUTRAL
2002-07-07,2002,1.25,NO_SWEEP,0.0,0.0,0.0,0.0,0.0,0.0,0.0,NEUTRAL,False,NONE,0.25,NONE,NEUTRAL
2002-07-08,2002,1.25,NO_SWEEP,0.0,0.0,0.0,0.0,0.0,0.0,0.0,NEUTRAL,False,NONE,0.25,NONE,NEUTRAL
2002-07-09,2002,1.25,NO_SWEEP,0.0,0.0,0.0,0.0,0.0,0.0,0.0,NEUTRAL,False,NONE,0.25,NONE,NEUTRAL
2002-07-10,2002,1.25,NO_SWEEP,0.0,0.0,0.0,0.0,0.0,0.0,0.0,NEUTRAL,False,NONE,0.25,NONE,NEUTRAL
2002-07-11,2002,1.25,NO_SWEEP,0.0,0.0,0.0,0.0,0.0,0.0,0.0,NEUTRAL,False,NONE,0.25,NONE,NEUTRAL
2002-07-12,2002,1.25,NO_SWEEP,0.0,0.0,0.0,0.0,0.0,0.0,0.0,NEUTRAL,False,NONE,0.25,NONE,NEUTRAL
2002-07-14,2002,1.25,NO_SWEEP,0.0,0.0,0.0,0.0,0.0,0.0,0.0,NEUTRAL,False,NONE,0.25,NONE,NEUTRAL
2002-07-15,2002,1.25,NO_SWEEP,0.0,0.0,0.0,0.0,0.0,0.0,0.0,NEUTRAL,False,NONE,0.25,NONE,NEUTRAL
2002-07-16,2002,1.25,NO_SWEEP,0.0,0.0,0.0,0.0,0.0,0.0,0.0,NEUTRAL,False,NONE,0.25,NONE,NEUTRAL
2002-07-17,2002,1.25,NO_SWEEP,0.0,0.0,0.0,0.0,0.0,0.0,0.0,NEUTRAL,False,NONE,0.25,NONE,NEUTRAL
2002-07-18,2002,1.25,NO_SWEEP,0.0,0.0,0.0,0.0,0.0,0.0,0.0,NEUTRAL,False,NONE,0.25,NONE,NEUTRAL
2002-07-19,2002,1.25,NO_SWEEP,0.0,0.0,0.0,0.0,0.0,0.0,0.0,NEUTRAL,False,NONE,0.25,NONE,NEUTRAL
2002-07-21,2002,1.25,NO_SWEEP,0.0,0.0,0.0,0.0,0.0,0.0,0.0,NEUTRAL,False,NONE,0.25,NONE,NEUTRAL
2002-07-22,2002,1.25,NO_SWEEP,0.0,0.0,0.0,0.0,0.0,0.0,0.0,NEUTRAL,False,NONE,0.25,NONE,NEUTRAL
2002-07-23,2002,1.25,NO_SWEEP,0.0,0.0,0.0,0.0,0.0,0.0,0.0,NEUTRAL,False,NONE,0.25,NONE,NEUTRAL
2002-07-24,2002,1.25,NO_SWEEP,0.0,0.0,0.0,0.0,0.0,0.0,0.0,NEUTRAL,False,NONE,0.25,NONE,NEUTRAL
2002-07-25,2002,1.25,NO_SWEEP,0.0,0.0,0.0,0.0,0.0,0.0,0.0,NEUTRAL,False,NONE,0.25,NONE,NEUTRAL
2002-07-26,2002,1.25,NO_SWEEP,0.0,0.0,0.0,0.0,0.0,0.0,0.0,NEUTRAL,False,NONE,0.25,NONE,NEUTRAL
2002-07-28,2002,1.25,NO_SWEEP,0.0,0.0,0.0,0.0,0.0,0.0,0.0,NEUTRAL,False,NONE,0.25,NONE,NEUTRAL
2002-07-29,2002,1.25,NO_SWEEP,0.0,0.0,0.0,0.0,0.0,0.0,0.0,NEUTRAL,False,NONE,0.25,NONE,NEUTRAL
2002-07-30,2002,1.25,NO_SWEEP,0.0,0.0,0.0,0.0,0.0,0.0,0.0,NEUTRAL,False,NONE,0.25,NONE,NEUTRAL
2002-07-31,2002,1.25,NO_SWEEP,0.0,0.0,0.0,0.0,0.0,0.0,0.0,NEUTRAL,False,NONE,0.25,NONE,NEUTRAL
2002-08-01,2002,1.25,NO_SWEEP,0.0,0.0,0.0,0.0,0.0,0.0,0.0,NEUTRAL,False,NONE,0.25,NONE,NEUTRAL
2002-08-02,2002,1.25,NO_SWEEP,0.0,0.0,0.0,0.0,0.0,0.0,0.0,NEUTRAL,False,NONE,0.25,NONE,NEUTRAL
2002-08-04,2002,1.25,NO_SWEEP,0.0,0.0,0.0,0.0,0.0,0.0,0.0,NEUTRAL,False,NONE,0.25,NONE,NEUTRAL
2002-08-05,2002,1.25,NO_SWEEP,0.0,0.0,0.0,0.0,0.0,0.0,0.0,NEUTRAL,False,NONE,0.25,NONE,NEUTRAL
2002-08-06,2002,1.25,NO_SWEEP,0.0,0.0,0.0,0.0,0.0,0.0,0.0,NEUTRAL,False,NONE,0.25,NONE,NEUTRAL
2002-08-07,2002,1.25,NO_SWEEP,0.0,0.0,0.0,0.0,0.0,0.0,0.0,NEUTRAL,False,NONE,0.25,NONE,NEUTRAL
2002-08-08,2002,1.25,NO_SWEEP,0.0,0.0,0.0,0.0,0.0,0.0,0.0,NEUTRAL,False,NONE,0.25,NONE,NEUTRAL
2002-08-09,2002,1.25,NO_SWEEP,0.0,0.0,0.0,0.0,0.0,0.0,0.0,NEUTRAL,False,NONE,0.25,NONE,NEUTRAL
2002-08-11,2002,1.25,NO_SWEEP,0.0,0.0,0.0,0.0,0.0,0.0,0.0,NEUTRAL,False,NONE,0.25,NONE,NEUTRAL
2002-08-12,2002,1.25,NO_SWEEP,0.0,0.0,0.0,0.0,0.0,0.0,0.0,NEUTRAL,False,NONE,0.25,NONE,NEUTRAL
2002-08-13,2002,1.25,NO_SWEEP,0.0,0.0,0.0,0.0,0.0,0.0,0.0,NEUTRAL,False,NONE,0.25,NONE,NEUTRAL
2002-08-14,2002,1.25,NO_SWEEP,0.0,0.0,0.0,0.0,0.0,0.0,0.0,NEUTRAL,False,NONE,0.25,NONE,NEUTRAL
2002-08-15,2002,1.25,NO_SWEEP,0.0,0.0,0.0,0.0,0.0,0.0,0.0,NEUTRAL,False,NONE,0.25,NONE,NEUTRAL
2002-08-16,2002,1.25,NO_SWEEP,0.0,0.0,0.0,0.0,0.0,0.0,0.0,NEUTRAL,False,NONE,0.25,NONE,NEUTRAL
2002-08-18,2002,1.25,NO_SWEEP,0.0,0.0,0.0,0.0,0.0,0.0,0.0,NEUTRAL,False,NONE,0.25,NONE,NEUTRAL
2002-08-19,2002,1.25,NO_SWEEP,0.0,0.0,0.0,0.0,0.0,0.0,0.0,NEUTRAL,False,NONE,0.25,NONE,NEUTRAL
2002-08-20,2002,1.25,NO_SWEEP,0.0,0.0,0.0,0.0,0.0,0.0,0.0,NEUTRAL,False,NONE,0.25,NONE,NEUTRAL
2002-08-21,2002,1.25,NO_SWEEP,0.0,0.0,0.0,0.0,0.0,0.0,0.0,NEUTRAL,False,NONE,0.25,NONE,NEUTRAL
2002-08-22,2002,1.25,NO_SWEEP,0.0,0.0,0.0,0.0,0.0,0.0,0.0,NEUTRAL,False,NONE,0.25,NONE,NEUTRAL
2002-08-23,2002,1.25,NO_SWEEP,0.0,0.0,0.0,0.0,0.0,0.0,0.0,NEUTRAL,False,NONE,0.25,NONE,NEUTRAL
2002-08-25,2002,1.25,NO_SWEEP,0.0,0.0,0.0,0.0,0.0,0.0,0.0,NEUTRAL,False,NONE,0.25,NONE,NEUTRAL
2002-08-26,2002,1.25,NO_SWEEP,0.0,0.0,0.0,0.0,0.0,0.0,0.0,NEUTRAL,False,NONE,0.25,NONE,NEUTRAL
2002-08-27,2002,1.25,NO_SWEEP,0.0,0.0,0.0,0.0,0.0,0.0,0.0,NEUTRAL,False,NONE,0.25,NONE,NEUTRAL
2002-08-28,2002,1.25,NO_SWEEP,0.0,0.0,0.0,0.0,0.0,0.0,0.0,NEUTRAL,False,NONE,0.25,NONE,NEUTRAL
2002-08-29,2002,1.25,NO_SWEEP,0.0,0.0,0.0,0.0,0.0,0.0,0.0,NEUTRAL,False,NONE,0.25,NONE,NEUTRAL
2002-08-30,2002,1.25,NO_SWEEP,0.0,0.0,0.0,0.0,0.0,0.0,0.0,NEUTRAL,False,NONE,0.25,NONE,NEUTRAL
2002-09-01,2002,1.25,NO_SWEEP,0.0,0.0,0.0,0.0,0.0,0.0,0.0,NEUTRAL,False,NONE,0.25,NONE,NEUTRAL
2002-09-02,2002,1.25,NO_SWEEP,0.0,0.0,0.0,0.0,0.0,0.0,0.0,NEUTRAL,False,NONE,0.25,NONE,NEUTRAL
2002-09-03,2002,1.25,NO_SWEEP,0.0,0.0,0.0,0.0,0.0,0.0,0.0,NEUTRAL,False,NONE,0.25,NONE,NEUTRAL
2002-09-04,2002,1.25,NO_SWEEP,0.0,0.0,0.0,0.0,0.0,0.0,0.0,NEUTRAL,False,NONE,0.25,NONE,NEUTRAL
2002-09-05,2002,1.25,NO_SWEEP,0.0,0.0,0.0,0.0,0.0,0.0,0.0,NEUTRAL,False,NONE,0.25,NONE,NEUTRAL
2002-09-06,2002,1.25,NO_SWEEP,0.0,0.0,0.0,0.0,0.0,0.0,0.0,NEUTRAL,False,NONE,0.25,NONE,NEUTRAL
2002-09-08,2002,1.25,NO_SWEEP,0.0,0.0,0.0,0.0,0.0,0.0,0.0,NEUTRAL,False,NONE,0.25,NONE,NEUTRAL
2002-09-09,2002,1.25,NO_SWEEP,0.0,0.0,0.0,0.0,0.0,0.0,0.0,NEUTRAL,False,NONE,0.25,NONE,NEUTRAL
2002-09-10,2002,1.25,NO_SWEEP,0.0,0.0,0.0,0.0,0.0,0.0,0.0,NEUTRAL,False,NONE,0.25,NONE,NEUTRAL
2002-09-11,2002,1.25,NO_SWEEP,0.0,0.0,0.0,0.0,0.0,0.0,0.0,NEUTRAL,False,NONE,0.25,NONE,NEUTRAL
2002-09-12,2002,1.25,NO_SWEEP,0.0,0.0,0.0,0.0,0.0,0.0,0.0,NEUTRAL,False,NONE,0.25,NONE,NEUTRAL
2002-09-13,2002,1.25,NO_SWEEP,0.0,0.0,0.0,0.0,0.0,0.0,0.0,NEUTRAL,False,NONE,0.25,NONE,NEUTRAL
2002-09-15,2002,1.25,NO_SWEEP,0.0,0.0,0.0,0.0,0.0,0.0,0.0,NEUTRAL,False,NONE,0.25,NONE,NEUTRAL
2002-09-16,2002,1.25,NO_SWEEP,0.0,0.0,0.0,0.0,0.0,0.0,0.0,NEUTRAL,False,NONE,0.25,NONE,NEUTRAL
2002-09-17,2002,1.25,NO_SWEEP,0.0,0.0,0.0,0.0,0.0,0.0,0.0,NEUTRAL,False,NONE,0.25,NONE,NEUTRAL
2002-09-18,2002,1.25,NO_SWEEP,0.0,0.0,0.0,0.0,0.0,0.0,0.0,NEUTRAL,False,NONE,0.25,NONE,NEUTRAL
2002-09-19,2002,1.25,NO_SWEEP,0.0,0.0,0.0,0.0,0.0,0.0,0.0,NEUTRAL,False,NONE,0.25,NONE,NEUTRAL
2002-09-20,2002,1.25,NO_SWEEP,0.0,0.0,0.0,0.0,0.0,0.0,0.0,NEUTRAL,False,NONE,0.25,NONE,NEUTRAL
2002-09-22,2002,1.25,NO_SWEEP,0.0,0.0,0.0,0.0,0.0,0.0,0.0,NEUTRAL,False,NONE,0.25,NONE,NEUTRAL
2002-09-23,2002,1.25,NO_SWEEP,0.0,0.0,0.0,0.0,0.0,0.0,0.0,NEUTRAL,False,NONE,0.25,NONE,NEUTRAL
2002-09-24,2002,1.25,NO_SWEEP,0.0,0.0,0.0,0.0,0.0,0.0,0.0,NEUTRAL,False,NONE,0.25,NONE,NEUTRAL
2002-09-25,2002,1.25,NO_SWEEP,0.0,0.0,0.0,0.0,0.0,0.0,0.0,NEUTRAL,False,NONE,0.25,NONE,NEUTRAL
2002-09-26,2002,1.25,NO_SWEEP,0.0,0.0,0.0,0.0,0.0,0.0,0.0,NEUTRAL,False,NONE,0.25,NONE,NEUTRAL
2002-09-27,2002,1.25,NO_SWEEP,0.0,0.0,0.0,0.0,0.0,0.0,0.0,NEUTRAL,False,NONE,0.25,NONE,NEUTRAL
2002-09-29,2002,1.25,NO_SWEEP,0.0,0.0,0.0,0.0,0.0,0.0,0.0,NEUTRAL,False,NONE,0.25,NONE,NEUTRAL
2002-09-30,2002,1.25,NO_SWEEP,0.0,0.0,0.0,0.0,0.0,0.0,0.0,NEUTRAL,False,NONE,0.25,NONE,NEUTRAL
2002-10-01,2002,1.25,NO_SWEEP,0.0,0.0,0.0,0.0,0.0,0.0,0.0,NEUTRAL,False,NONE,0.25,NONE,NEUTRAL
2002-10-02,2002,1.25,NO_SWEEP,0.0,0.0,0.0,0.0,0.0,0.0,0.0,NEUTRAL,False,NONE,0.25,NONE,NEUTRAL
2002-10-03,2002,1.25,NO_SWEEP,0.0,0.0,0.0,0.0,0.0,0.0,0.0,NEUTRAL,False,NONE,0.25,NONE,NEUTRAL
2002-10-04,2002,1.25,NO_SWEEP,0.0,0.0,0.0,0.0,0.0,0.0,0.0,NEUTRAL,False,NONE,0.25,NONE,NEUTRAL
2002-10-06,2002,1.25,NO_SWEEP,0.0,0.0,0.0,0.0,0.0,0.0,0.0,NEUTRAL,False,NONE,0.25,NONE,NEUTRAL
2002-10-07,2002,1.25,NO_SWEEP,0.0,0.0,0.0,0.0,0.0,0.0,0.0,NEUTRAL,False,NONE,0.25,NONE,NEUTRAL
2002-10-08,2002,1.25,NO_SWEEP,0.0,0.0,0.0,0.0,0.0,0.0,0.0,NEUTRAL,False,NONE,0.25,NONE,NEUTRAL
2002-10-09,2002,1.25,NO_SWEEP,0.0,0.0,0.0,0.0,0.0,0.0,0.0,NEUTRAL,False,NONE,0.25,NONE,NEUTRAL
2002-10-10,2002,1.25,NO_SWEEP,0.0,0.0,0.0,0.0,0.0,0.0,0.0,NEUTRAL,False,NONE,0.25,NONE,NEUTRAL
2002-10-11,2002,1.25,NO_SWEEP,0.0,0.0,0.0,0.0,0.0,0.0,0.0,NEUTRAL,False,NONE,0.25,NONE,NEUTRAL
2002-10-13,2002,1.25,NO_SWEEP,0.0,0.0,0.0,0.0,0.0,0.0,0.0,NEUTRAL,False,NONE,0.25,NONE,NEUTRAL
2002-10-14,2002,1.25,NO_SWEEP,0.0,0.0,0.0,0.0,0.0,0.0,0.0,NEUTRAL,False,NONE,0.25,NONE,NEUTRAL
2002-10-15,2002,1.25,NO_SWEEP,0.0,0.0,0.0,0.0,0.0,0.0,0.0,NEUTRAL,False,NONE,0.25,NONE,NEUTRAL
2002-10-16,2002,1.25,NO_SWEEP,0.0,0.0,0.0,0.0,0.0,0.0,0.0,NEUTRAL,False,NONE,0.25,NONE,NEUTRAL
2002-10-17,2002,1.25,NO_SWEEP,0.0,0.0,0.0,0.0,0.0,0.0,0.0,NEUTRAL,False,NONE,0.25,NONE,NEUTRAL
2002-10-18,2002,1.25,NO_SWEEP,0.0,0.0,0.0,0.0,0.0,0.0,0.0,NEUTRAL,False,NONE,0.25,NONE,NEUTRAL
2002-10-20,2002,1.25,NO_SWEEP,0.0,0.0,0.0,0.0,0.0,0.0,0.0,NEUTRAL,False,NONE,0.25,NONE,NEUTRAL
2002-10-21,2002,1.25,NO_SWEEP,0.0,0.0,0.0,0.0,0.0,0.0,0.0,NEUTRAL,False,NONE,0.25,NONE,NEUTRAL
2002-10-22,2002,1.25,NO_SWEEP,0.0,0.0,0.0,0.0,0.0,0.0,0.0,NEUTRAL,False,NONE,0.25,NONE,NEUTRAL
2002-10-23,2002,1.25,NO_SWEEP,0.0,0.0,0.0,0.0,0.0,0.0,0.0,NEUTRAL,False,NONE,0.25,NONE,NEUTRAL
2002-10-24,2002,1.25,NO_SWEEP,0.0,0.0,0.0,0.0,0.0,0.0,0.0,NEUTRAL,False,NONE,0.25,NONE,NEUTRAL
2002-10-25,2002,1.25,NO_SWEEP,0.0,0.0,0.0,0.0,0.0,0.0,0.0,NEUTRAL,False,NONE,0.25,NONE,NEUTRAL
2002-10-27,2002,1.25,NO_SWEEP,0.0,0.0,0.0,0.0,0.0,0.0,0.0,NEUTRAL,False,NONE,0.25,NONE,NEUTRAL
2002-10-28,2002,1.25,NO_SWEEP,0.0,0.0,0.0,0.0,0.0,0.0,0.0,NEUTRAL,False,NONE,0.25,NONE,NEUTRAL
2002-10-29,2002,1.25,NO_SWEEP,0.0,0.0,0.0,0.0,0.0,0.0,0.0,NEUTRAL,False,NONE,0.25,NONE,NEUTRAL
2002-10-30,2002,1.25,NO_SWEEP,0.0,0.0,0.0,0.0,0.0,0.0,0.0,NEUTRAL,False,NONE,0.25,NONE,NEUTRAL
2002-10-31,2002,1.25,NO_SWEEP,0.0,0.0,0.0,0.0,0.0,0.0,0.0,NEUTRAL,False,NONE,0.25,NONE,NEUTRAL
2002-11-01,2002,1.25,NO_SWEEP,0.0,0.0,0.0,0.0,0.0,0.0,0.0,NEUTRAL,False,NONE,0.25,NONE,NEUTRAL
2002-11-03,2002,1.25,NO_SWEEP,0.0,0.0,0.0,0.0,0.0,0.0,0.0,NEUTRAL,False,NONE,0.25,NONE,NEUTRAL
2002-11-04,2002,1.25,NO_SWEEP,0.0,0.0,0.0,0.0,0.0,0.0,0.0,NEUTRAL,False,NONE,0.25,NONE,NEUTRAL
2002-11-05,2002,1.25,NO_SWEEP,0.0,0.0,0.0,0.0,0.0,0.0,0.0,NEUTRAL,False,NONE,0.25,NONE,NEUTRAL
2002-11-06,2002,1.25,NO_SWEEP,0.0,0.0,0.0,0.0,0.0,0.0,0.0,NEUTRAL,False,NONE,0.25,NONE,NEUTRAL
2002-11-07,2002,1.25,NO_SWEEP,0.0,0.0,0.0,0.0,0.0,0.0,0.0,NEUTRAL,False,NONE,0.25,NONE,NEUTRAL
2002-11-08,2002,1.25,NO_SWEEP,0.0,0.0,0.0,0.0,0.0,0.0,0.0,NEUTRAL,False,NONE,0.25,NONE,NEUTRAL
2002-11-10,2002,1.25,NO_SWEEP,0.0,0.0,0.0,0.0,0.0,0.0,0.0,NEUTRAL,False,NONE,0.25,NONE,NEUTRAL
2002-11-11,2002,1.25,NO_SWEEP,0.0,0.0,0.0,0.0,0.0,0.0,0.0,NEUTRAL,False,NONE,0.25,NONE,NEUTRAL
2002-11-12,2002,1.25,NO_SWEEP,0.0,0.0,0.0,0.0,0.0,0.0,0.0,NEUTRAL,False,NONE,0.25,NONE,NEUTRAL
2002-11-13,2002,1.25,NO_SWEEP,0.0,0.0,0.0,0.0,0.0,0.0,0.0,NEUTRAL,False,NONE,0.25,NONE,NEUTRAL
2002-11-14,2002,1.25,NO_SWEEP,0.0,0.0,0.0,0.0,0.0,0.0,0.0,NEUTRAL,False,NONE,0.25,NONE,NEUTRAL
2002-11-15,2002,1.25,NO_SWEEP,0.0,0.0,0.0,0.0,0.0,0.0,0.0,NEUTRAL,False,NONE,0.25,NONE,NEUTRAL
2002-11-17,2002,1.25,NO_SWEEP,0.0,0.0,0.0,0.0,0.0,0.0,0.0,NEUTRAL,False,NONE,0.25,NONE,NEUTRAL
2002-11-18,2002,1.25,NO_SWEEP,0.0,0.0,0.0,0.0,0.0,0.0,0.0,NEUTRAL,False,NONE,0.25,NONE,NEUTRAL
2002-11-19,2002,1.25,NO_SWEEP,0.0,0.0,0.0,0.0,0.0,0.0,0.0,NEUTRAL,False,NONE,0.25,NONE,NEUTRAL
2002-11-20,2002,1.25,NO_SWEEP,0.0,0.0,0.0,0.0,0.0,0.0,0.0,NEUTRAL,False,NONE,0.25,NONE,NEUTRAL
2002-11-21,2002,1.25,NO_SWEEP,0.0,0.0,0.0,0.0,0.0,0.0,0.0,NEUTRAL,False,NONE,0.25,NONE,NEUTRAL
2002-11-22,2002,1.25,NO_SWEEP,0.0,0.0,0.0,0.0,0.0,0.0,0.0,NEUTRAL,False,NONE,0.25,NONE,NEUTRAL
2002-11-24,2002,1.25,NO_SWEEP,0.0,0.0,0.0,0.0,0.0,0.0,0.0,NEUTRAL,False,NONE,0.25,NONE,NEUTRAL
2002-11-25,2002,1.25,NO_SWEEP,0.0,0.0,0.0,0.0,0.0,0.0,0.0,NEUTRAL,False,NONE,0.25,NONE,NEUTRAL
2002-11-26,2002,1.25,NO_SWEEP,0.0,0.0,0.0,0.0,0.0,0.0,0.0,NEUTRAL,False,NONE,0.25,NONE,NEUTRAL
2002-11-27,2002,1.25,NO_SWEEP,0.0,0.0,0.0,0.0,0.0,0.0,0.0,NEUTRAL,False,NONE,0.25,NONE,NEUTRAL
2002-11-28,2002,1.25,NO_SWEEP,0.0,0.0,0.0,0.0,0.0,0.0,0.0,NEUTRAL,False,NONE,0.25,NONE,NEUTRAL
2002-11-29,2002,1.25,NO_SWEEP,0.0,0.0,0.0,0.0,0.0,0.0,0.0,NEUTRAL,False,NONE,0.25,NONE,NEUTRAL
2002-12-01,2002,1.25,NO_SWEEP,0.0,0.0,0.0,0.0,0.0,0.0,0.0,NEUTRAL,False,NONE,0.25,NONE,NEUTRAL
2002-12-02,2002,1.25,NO_SWEEP,0.0,0.0,0.0,0.0,0.0,0.0,0.0,NEUTRAL,False,NONE,0.25,NONE,NEUTRAL
2002-12-03,2002,1.25,NO_SWEEP,0.0,0.0,0.0,0.0,0.0,0.0,0.0,NEUTRAL,False,NONE,0.25,NONE,NEUTRAL
2002-12-04,2002,1.25,NO_SWEEP,0.0,0.0,0.0,0.0,0.0,0.0,0.0,NEUTRAL,False,NONE,0.25,NONE,NEUTRAL
2002-12-05,2002,1.25,NO_SWEEP,0.0,0.0,0.0,0.0,0.0,0.0,0.0,NEUTRAL,False,NONE,0.25,NONE,NEUTRAL
2002-12-06,2002,1.25,NO_SWEEP,0.0,0.0,0.0,0.0,0.0,0.0,0.0,NEUTRAL,False,NONE,0.25,NONE,NEUTRAL
2002-12-08,2002,1.25,NO_SWEEP,0.0,0.0,0.0,0.0,0.0,0.0,0.0,NEUTRAL,False,NONE,0.25,NONE,NEUTRAL
2002-12-09,2002,1.25,NO_SWEEP,0.0,0.0,0.0,0.0,0.0,0.0,0.0,NEUTRAL,False,NONE,0.25,NONE,NEUTRAL
2002-12-10,2002,1.25,NO_SWEEP,0.0,0.0,0.0,0.0,0.0,0.0,0.0,NEUTRAL,False,NONE,0.25,NONE,NEUTRAL
2002-12-11,2002,1.25,NO_SWEEP,0.0,0.0,0.0,0.0,0.0,0.0,0.0,NEUTRAL,False,NONE,0.25,NONE,NEUTRAL
2002-12-12,2002,1.25,NO_SWEEP,0.0,0.0,0.0,0.0,0.0,0.0,0.0,NEUTRAL,False,NONE,0.25,NONE,NEUTRAL
2002-12-13,2002,1.25,NO_SWEEP,0.0,0.0,0.0,0.0,0.0,0.0,0.0,NEUTRAL,False,NONE,0.25,NONE,NEUTRAL
2002-12-15,2002,1.25,NO_SWEEP,0.0,0.0,0.0,0.0,0.0,0.0,0.0,NEUTRAL,False,NONE,0.25,NONE,NEUTRAL
2002-12-16,2002,1.25,NO_SWEEP,0.0,0.0,0.0,0.0,0.0,0.0,0.0,NEUTRAL,False,NONE,0.25,NONE,NEUTRAL
2002-12-17,2002,1.25,NO_SWEEP,0.0,0.0,0.0,0.0,0.0,0.0,0.0,NEUTRAL,False,NONE,0.25,NONE,NEUTRAL
2002-12-18,2002,1.25,NO_SWEEP,0.0,0.0,0.0,0.0,0.0,0.0,0.0,NEUTRAL,False,NONE,0.25,NONE,NEUTRAL
2002-12-19,2002,1.25,NO_SWEEP,0.0,0.0,0.0,0.0,0.0,0.0,0.0,NEUTRAL,False,NONE,0.25,NONE,NEUTRAL
2002-12-20,2002,1.25,NO_SWEEP,0.0,0.0,0.0,0.0,0.0,0.0,0.0,NEUTRAL,False,NONE,0.25,NONE,NEUTRAL
2002-12-22,2002,1.25,NO_SWEEP,0.0,0.0,0.0,0.0,0.0,0.0,0.0,NEUTRAL,False,NONE,0.25,NONE,NEUTRAL
2002-12-23,2002,1.25,NO_SWEEP,0.0,0.0,0.0,0.0,0.0,0.0,0.0,NEUTRAL,False,NONE,0.25,NONE,NEUTRAL
2002-12-24,2002,1.25,NO_SWEEP,0.0,0.0,0.0,0.0,0.0,0.0,0.0,NEUTRAL,False,NONE,0.25,NONE,NEUTRAL
2002-12-25,2002,1.25,NO_SWEEP,0.0,0.0,0.0,0.0,0.0,0.0,0.0,NEUTRAL,False,NONE,0.25,NONE,NEUTRAL
2002-12-26,2002,1.25,NO_SWEEP,0.0,0.0,0.0,0.0,0.0,0.0,0.0,NEUTRAL,False,NONE,0.25,NONE,NEUTRAL
2002-12-27,2002,1.25,NO_SWEEP,0.0,0.0,0.0,0.0,0.0,0.0,0.0,NEUTRAL,False,NONE,0.25,NONE,NEUTRAL
2002-12-29,2002,1.25,NO_SWEEP,0.0,0.0,0.0,0.0,0.0,0.0,0.0,NEUTRAL,False,NONE,0.25,NONE,NEUTRAL
2002-12-30,2002,1.25,NO_SWEEP,0.0,0.0,0.0,0.0,0.0,0.0,0.0,NEUTRAL,False,NONE,0.25,NONE,NEUTRAL
2002-12-31,2002,1.25,NO_SWEEP,0.0,0.0,0.0,0.0,0.0,0.0,0.0,NEUTRAL,False,NONE,0.25,NONE,NEUTRAL
2003-01-01,2003,1.25,NO_SWEEP,0.0,0.0,0.0,0.0,0.0,0.0,0.0,NEUTRAL,False,NONE,0.25,NONE,NEUTRAL
2003-01-02,2003,1.25,NO_SWEEP,0.0,0.0,0.0,0.0,0.0,0.0,0.0,NEUTRAL,False,NONE,0.25,NONE,NEUTRAL
2003-01-03,2003,1.25,NO_SWEEP,0.0,0.0,0.0,0.0,0.0,0.0,0.0,NEUTRAL,False,NONE,0.25,NONE,NEUTRAL
2003-01-05,2003,1.25,NO_SWEEP,0.0,0.0,0.0,0.0,0.0,0.0,0.0,NEUTRAL,False,NONE,0.25,NONE,NEUTRAL
2003-01-06,2003,1.25,NO_SWEEP,0.0,0.0,0.0,0.0,0.0,0.0,0.0,NEUTRAL,False,NONE,0.25,NONE,NEUTRAL
2003-01-07,2003,1.25,NO_SWEEP,0.0,0.0,0.0,0.0,0.0,0.0,0.0,NEUTRAL,False,NONE,0.25,NONE,NEUTRAL
2003-01-08,2003,1.25,NO_SWEEP,0.0,0.0,0.0,0.0,0.0,0.0,0.0,NEUTRAL,False,NONE,0.25,NONE,NEUTRAL
2003-01-09,2003,1.25,NO_SWEEP,0.0,0.0,0.0,0.0,0.0,0.0,0.0,NEUTRAL,False,NONE,0.25,NONE,NEUTRAL
2003-01-10,2003,1.25,NO_SWEEP,0.0,0.0,0.0,0.0,0.0,0.0,0.0,NEUTRAL,False,NONE,0.25,NONE,NEUTRAL
2003-01-12,2003,1.25,NO_SWEEP,0.0,0.0,0.0,0.0,0.0,0.0,0.0,NEUTRAL,False,NONE,0.25,NONE,NEUTRAL
2003-01-13,2003,1.25,NO_SWEEP,0.0,0.0,0.0,0.0,0.0,0.0,0.0,NEUTRAL,False,NONE,0.25,NONE,NEUTRAL
2003-01-14,2003,1.25,NO_SWEEP,0.0,0.0,0.0,0.0,0.0,0.0,0.0,NEUTRAL,False,NONE,0.25,NONE,NEUTRAL
2003-01-15,2003,1.25,NO_SWEEP,0.0,0.0,0.0,0.0,0.0,0.0,0.0,NEUTRAL,False,NONE,0.25,NONE,NEUTRAL
2003-01-16,2003,1.25,NO_SWEEP,0.0,0.0,0.0,0.0,0.0,0.0,0.0,NEUTRAL,False,NONE,0.25,NONE,NEUTRAL
2003-01-17,2003,1.25,NO_SWEEP,0.0,0.0,0.0,0.0,0.0,0.0,0.0,NEUTRAL,False,NONE,0.25,NONE,NEUTRAL
2003-01-19,2003,1.25,NO_SWEEP,0.0,0.0,0.0,0.0,0.0,0.0,0.0,NEUTRAL,False,NONE,0.25,NONE,NEUTRAL
2003-01-20,2003,1.25,NO_SWEEP,0.0,0.0,0.0,0.0,0.0,0.0,0.0,NEUTRAL,False,NONE,0.25,NONE,NEUTRAL
2003-01-21,2003,1.25,NO_SWEEP,0.0,0.0,0.0,0.0,0.0,0.0,0.0,NEUTRAL,False,NONE,0.25,NONE,NEUTRAL
2003-01-22,2003,1.25,NO_SWEEP,0.0,0.0,0.0,0.0,0.0,0.0,0.0,NEUTRAL,False,NONE,0.25,NONE,NEUTRAL
2003-01-23,2003,1.25,NO_SWEEP,0.0,0.0,0.0,0.0,0.0,0.0,0.0,NEUTRAL,False,NONE,0.25,NONE,NEUTRAL
2003-01-24,2003,1.25,NO_SWEEP,0.0,0.0,0.0,0.0,0.0,0.0,0.0,NEUTRAL,False,NONE,0.25,NONE,NEUTRAL
2003-01-26,2003,1.25,NO_SWEEP,0.0,0.0,0.0,0.0,0.0,0.0,0.0,NEUTRAL,False,NONE,0.25,NONE,NEUTRAL
2003-01-27,2003,1.25,NO_SWEEP,0.0,0.0,0.0,0.0,0.0,0.0,0.0,NEUTRAL,False,NONE,0.25,NONE,NEUTRAL
2003-01-28,2003,1.25,NO_SWEEP,0.0,0.0,0.0,0.0,0.0,0.0,0.0,NEUTRAL,False,NONE,0.25,NONE,NEUTRAL
2003-01-29,2003,1.25,NO_SWEEP,0.0,0.0,0.0,0.0,0.0,0.0,0.0,NEUTRAL,False,NONE,0.25,NONE,NEUTRAL
2003-01-30,2003,1.25,NO_SWEEP,0.0,0.0,0.0,0.0,0.0,0.0,0.0,NEUTRAL,False,NONE,0.25,NONE,NEUTRAL
2003-01-31,2003,1.25,NO_SWEEP,0.0,0.0,0.0,0.0,0.0,0.0,0.0,NEUTRAL,False,NONE,0.25,NONE,NEUTRAL
2003-02-02,2003,1.25,NO_SWEEP,0.0,0.0,0.0,0.0,0.0,0.0,0.0,NEUTRAL,False,NONE,0.25,NONE,NEUTRAL
2003-02-03,2003,1.25,NO_SWEEP,0.0,0.0,0.0,0.0,0.0,0.0,0.0,NEUTRAL,False,NONE,0.25,NONE,NEUTRAL
2003-02-04,2003,1.25,NO_SWEEP,0.0,0.0,0.0,0.0,0.0,0.0,0.0,NEUTRAL,False,NONE,0.25,NONE,NEUTRAL
2003-02-05,2003,1.25,NO_SWEEP,0.0,0.0,0.0,0.0,0.0,0.0,0.0,NEUTRAL,False,NONE,0.25,NONE,NEUTRAL
2003-02-06,2003,1.25,NO_SWEEP,0.0,0.0,0.0,0.0,0.0,0.0,0.0,NEUTRAL,False,NONE,0.25,NONE,NEUTRAL
2003-02-07,2003,1.25,NO_SWEEP,0.0,0.0,0.0,0.0,0.0,0.0,0.0,NEUTRAL,False,NONE,0.25,NONE,NEUTRAL
2003-02-09,2003,1.25,NO_SWEEP,0.0,0.0,0.0,0.0,0.0,0.0,0.0,NEUTRAL,False,NONE,0.25,NONE,NEUTRAL
2003-02-10,2003,1.25,NO_SWEEP,0.0,0.0,0.0,0.0,0.0,0.0,0.0,NEUTRAL,False,NONE,0.25,NONE,NEUTRAL
2003-02-11,2003,1.25,NO_SWEEP,0.0,0.0,0.0,0.0,0.0,0.0,0.0,NEUTRAL,False,NONE,0.25,NONE,NEUTRAL
2003-02-12,2003,1.25,NO_SWEEP,0.0,0.0,0.0,0.0,0.0,0.0,0.0,NEUTRAL,False,NONE,0.25,NONE,NEUTRAL
2003-02-13,2003,1.25,NO_SWEEP,0.0,0.0,0.0,0.0,0.0,0.0,0.0,NEUTRAL,False,NONE,0.25,NONE,NEUTRAL
2003-02-14,2003,1.25,NO_SWEEP,0.0,0.0,0.0,0.0,0.0,0.0,0.0,NEUTRAL,False,NONE,0.25,NONE,NEUTRAL
2003-02-16,2003,1.25,NO_SWEEP,0.0,0.0,0.0,0.0,0.0,0.0,0.0,NEUTRAL,False,NONE,0.25,NONE,NEUTRAL
2003-02-17,2003,1.25,NO_SWEEP,0.0,0.0,0.0,0.0,0.0,0.0,0.0,NEUTRAL,False,NONE,0.25,NONE,NEUTRAL
2003-02-18,2003,1.25,NO_SWEEP,0.0,0.0,0.0,0.0,0.0,0.0,0.0,NEUTRAL,False,NONE,0.25,NONE,NEUTRAL
2003-02-19,2003,1.25,NO_SWEEP,0.0,0.0,0.0,0.0,0.0,0.0,0.0,NEUTRAL,False,NONE,0.25,NONE,NEUTRAL
2003-02-20,2003,1.25,NO_SWEEP,0.0,0.0,0.0,0.0,0.0,0.0,0.0,NEUTRAL,False,NONE,0.25,NONE,NEUTRAL
2003-02-21,2003,1.25,NO_SWEEP,0.0,0.0,0.0,0.0,0.0,0.0,0.0,NEUTRAL,False,NONE,0.25,NONE,NEUTRAL
2003-02-23,2003,1.25,NO_SWEEP,0.0,0.0,0.0,0.0,0.0,0.0,0.0,NEUTRAL,False,NONE,0.25,NONE,NEUTRAL
2003-02-24,2003,1.25,NO_SWEEP,0.0,0.0,0.0,0.0,0.0,0.0,0.0,NEUTRAL,False,NONE,0.25,NONE,NEUTRAL
2003-02-25,2003,1.25,NO_SWEEP,0.0,0.0,0.0,0.0,0.0,0.0,0.0,NEUTRAL,False,NONE,0.25,NONE,NEUTRAL
2003-02-26,2003,1.25,NO_SWEEP,0.0,0.0,0.0,0.0,0.0,0.0,0.0,NEUTRAL,False,NONE,0.25,NONE,NEUTRAL
2003-02-27,2003,1.25,NO_SWEEP,0.0,0.0,0.0,0.0,0.0,0.0,0.0,NEUTRAL,False,NONE,0.25,NONE,NEUTRAL
2003-02-28,2003,1.25,NO_SWEEP,0.0,0.0,0.0,0.0,0.0,0.0,0.0,NEUTRAL,False,NONE,0.25,NONE,NEUTRAL
2003-03-02,2003,1.25,NO_SWEEP,0.0,0.0,0.0,0.0,0.0,0.0,0.0,NEUTRAL,False,NONE,0.25,NONE,NEUTRAL
2003-03-03,2003,1.25,NO_SWEEP,0.0,0.0,0.0,0.0,0.0,0.0,0.0,NEUTRAL,False,NONE,0.25,NONE,NEUTRAL
2003-03-04,2003,1.25,NO_SWEEP,0.0,0.0,0.0,0.0,0.0,0.0,0.0,NEUTRAL,False,NONE,0.25,NONE,NEUTRAL
2003-03-05,2003,1.25,NO_SWEEP,0.0,0.0,0.0,0.0,0.0,0.0,0.0,NEUTRAL,False,NONE,0.25,NONE,NEUTRAL
2003-03-06,2003,1.25,NO_SWEEP,0.0,0.0,0.0,0.0,0.0,0.0,0.0,NEUTRAL,False,NONE,0.25,NONE,NEUTRAL
2003-03-07,2003,1.25,NO_SWEEP,0.0,0.0,0.0,0.0,0.0,0.0,0.0,NEUTRAL,False,NONE,0.25,NONE,NEUTRAL
2003-03-09,2003,1.25,NO_SWEEP,0.0,0.0,0.0,0.0,0.0,0.0,0.0,NEUTRAL,False,NONE,0.25,NONE,NEUTRAL
2003-03-10,2003,1.25,NO_SWEEP,0.0,0.0,0.0,0.0,0.0,0.0,0.0,NEUTRAL,False,NONE,0.25,NONE,NEUTRAL
2003-03-11,2003,1.25,NO_SWEEP,0.0,0.0,0.0,0.0,0.0,0.0,0.0,NEUTRAL,False,NONE,0.25,NONE,NEUTRAL
2003-03-12,2003,1.25,NO_SWEEP,0.0,0.0,0.0,0.0,0.0,0.0,0.0,NEUTRAL,False,NONE,0.25,NONE,NEUTRAL
2003-03-13,2003,1.25,NO_SWEEP,0.0,0.0,0.0,0.0,0.0,0.0,0.0,NEUTRAL,False,NONE,0.25,NONE,NEUTRAL
2003-03-14,2003,1.25,NO_SWEEP,0.0,0.0,0.0,0.0,0.0,0.0,0.0,NEUTRAL,False,NONE,0.25,NONE,NEUTRAL
2003-03-16,2003,1.25,NO_SWEEP,0.0,0.0,0.0,0.0,0.0,0.0,0.0,NEUTRAL,False,NONE,0.25,NONE,NEUTRAL
2003-03-17,2003,1.25,NO_SWEEP,0.0,0.0,0.0,0.0,0.0,0.0,0.0,NEUTRAL,False,NONE,0.25,NONE,NEUTRAL
2003-03-18,2003,1.25,NO_SWEEP,0.0,0.0,0.0,0.0,0.0,0.0,0.0,NEUTRAL,False,NONE,0.25,NONE,NEUTRAL
2003-03-19,2003,1.25,NO_SWEEP,0.0,0.0,0.0,0.0,0.0,0.0,0.0,NEUTRAL,False,NONE,0.25,NONE,NEUTRAL
2003-03-20,2003,1.25,NO_SWEEP,0.0,0.0,0.0,0.0,0.0,0.0,0.0,NEUTRAL,False,NONE,0.25,NONE,NEUTRAL
2003-03-21,2003,1.25,NO_SWEEP,0.0,0.0,0.0,0.0,0.0,0.0,0.0,NEUTRAL,False,NONE,0.25,NONE,NEUTRAL
2003-03-23,2003,1.25,NO_SWEEP,0.0,0.0,0.0,0.0,0.0,0.0,0.0,NEUTRAL,False,NONE,0.25,NONE,NEUTRAL
2003-03-24,2003,1.25,NO_SWEEP,0.0,0.0,0.0,0.0,0.0,0.0,0.0,NEUTRAL,False,NONE,0.25,NONE,NEUTRAL
2003-03-25,2003,1.25,NO_SWEEP,0.0,0.0,0.0,0.0,0.0,0.0,0.0,NEUTRAL,False,NONE,0.25,NONE,NEUTRAL
2003-03-26,2003,1.25,NO_SWEEP,0.0,0.0,0.0,0.0,0.0,0.0,0.0,NEUTRAL,False,NONE,0.25,NONE,NEUTRAL
2003-03-27,2003,1.25,NO_SWEEP,0.0,0.0,0.0,0.0,0.0,0.0,0.0,NEUTRAL,False,NONE,0.25,NONE,NEUTRAL
2003-03-28,2003,1.25,NO_SWEEP,0.0,0.0,0.0,0.0,0.0,0.0,0.0,NEUTRAL,False,NONE,0.25,NONE,NEUTRAL
2003-03-30,2003,1.25,NO_SWEEP,0.0,0.0,0.0,0.0,0.0,0.0,0.0,NEUTRAL,False,NONE,0.25,NONE,NEUTRAL
2003-03-31,2003,1.25,NO_SWEEP,0.0,0.0,0.0,0.0,0.0,0.0,0.0,NEUTRAL,False,NONE,0.25,NONE,NEUTRAL
2003-04-01,2003,1.25,NO_SWEEP,0.0,0.0,0.0,0.0,0.0,0.0,0.0,NEUTRAL,False,NONE,0.25,NONE,NEUTRAL
2003-04-02,2003,1.25,NO_SWEEP,0.0,0.0,0.0,0.0,0.0,0.0,0.0,NEUTRAL,False,NONE,0.25,NONE,NEUTRAL
2003-04-03,2003,1.25,NO_SWEEP,0.0,0.0,0.0,0.0,0.0,0.0,0.0,NEUTRAL,False,NONE,0.25,NONE,NEUTRAL
2003-04-04,2003,1.25,NO_SWEEP,0.0,0.0,0.0,0.0,0.0,0.0,0.0,NEUTRAL,False,NONE,0.25,NONE,NEUTRAL
2003-04-06,2003,1.25,NO_SWEEP,0.0,0.0,0.0,0.0,0.0,0.0,0.0,NEUTRAL,False,NONE,0.25,NONE,NEUTRAL
2003-04-07,2003,1.25,NO_SWEEP,0.0,0.0,0.0,0.0,0.0,0.0,0.0,NEUTRAL,False,NONE,0.25,NONE,NEUTRAL
2003-04-08,2003,1.25,NO_SWEEP,0.0,0.0,0.0,0.0,0.0,0.0,0.0,NEUTRAL,False,NONE,0.25,NONE,NEUTRAL
2003-04-09,2003,1.25,NO_SWEEP,0.0,0.0,0.0,0.0,0.0,0.0,0.0,NEUTRAL,False,NONE,0.25,NONE,NEUTRAL
2003-04-10,2003,1.25,NO_SWEEP,0.0,0.0,0.0,0.0,0.0,0.0,0.0,NEUTRAL,False,NONE,0.25,NONE,NEUTRAL
2003-04-11,2003,1.25,NO_SWEEP,0.0,0.0,0.0,0.0,0.0,0.0,0.0,NEUTRAL,False,NONE,0.25,NONE,NEUTRAL
2003-04-13,2003,1.25,NO_SWEEP,0.0,0.0,0.0,0.0,0.0,0.0,0.0,NEUTRAL,False,NONE,0.25,NONE,NEUTRAL
2003-04-14,2003,1.25,NO_SWEEP,0.0,0.0,0.0,0.0,0.0,0.0,0.0,NEUTRAL,False,NONE,0.25,NONE,NEUTRAL
2003-04-15,2003,1.25,NO_SWEEP,0.0,0.0,0.0,0.0,0.0,0.0,0.0,NEUTRAL,False,NONE,0.25,NONE,NEUTRAL
2003-04-16,2003,1.25,NO_SWEEP,0.0,0.0,0.0,0.0,0.0,0.0,0.0,NEUTRAL,False,NONE,0.25,NONE,NEUTRAL
2003-04-17,2003,1.25,NO_SWEEP,0.0,0.0,0.0,0.0,0.0,0.0,0.0,NEUTRAL,False,NONE,0.25,NONE,NEUTRAL
2003-04-18,2003,1.25,NO_SWEEP,0.0,0.0,0.0,0.0,0.0,0.0,0.0,NEUTRAL,False,NONE,0.25,NONE,NEUTRAL
2003-04-20,2003,1.25,NO_SWEEP,0.0,0.0,0.0,0.0,0.0,0.0,0.0,NEUTRAL,False,NONE,0.25,NONE,NEUTRAL
2003-04-21,2003,1.25,NO_SWEEP,0.0,0.0,0.0,0.0,0.0,0.0,0.0,NEUTRAL,False,NONE,0.25,NONE,NEUTRAL
2003-04-22,2003,1.25,NO_SWEEP,0.0,0.0,0.0,0.0,0.0,0.0,0.0,NEUTRAL,False,NONE,0.25,NONE,NEUTRAL
2003-04-23,2003,1.25,NO_SWEEP,0.0,0.0,0.0,0.0,0.0,0.0,0.0,NEUTRAL,False,NONE,0.25,NONE,NEUTRAL
2003-04-24,2003,1.25,NO_SWEEP,0.0,0.0,0.0,0.0,0.0,0.0,0.0,NEUTRAL,False,NONE,0.25,NONE,NEUTRAL
2003-04-25,2003,1.25,NO_SWEEP,0.0,0.0,0.0,0.0,0.0,0.0,0.0,NEUTRAL,False,NONE,0.25,NONE,NEUTRAL
2003-04-27,2003,1.25,NO_SWEEP,0.0,0.0,0.0,0.0,0.0,0.0,0.0,NEUTRAL,False,NONE,0.25,NONE,NEUTRAL
2003-04-28,2003,1.25,NO_SWEEP,0.0,0.0,0.0,0.0,0.0,0.0,0.0,NEUTRAL,False,NONE,0.25,NONE,NEUTRAL
2003-04-29,2003,1.25,NO_SWEEP,0.0,0.0,0.0,0.0,0.0,0.0,0.0,NEUTRAL,False,NONE,0.25,NONE,NEUTRAL
2003-04-30,2003,1.25,NO_SWEEP,0.0,0.0,0.0,0.0,0.0,0.0,0.0,NEUTRAL,False,NONE,0.25,NONE,NEUTRAL
2003-05-01,2003,1.25,NO_SWEEP,0.0,0.0,0.0,0.0,0.0,0.0,0.0,NEUTRAL,False,NONE,0.25,NONE,NEUTRAL
2003-05-02,2003,1.25,NO_SWEEP,0.0,0.0,0.0,0.0,0.0,0.0,0.0,NEUTRAL,False,NONE,0.25,NONE,NEUTRAL
2003-05-04,2003,1.25,NO_SWEEP,0.0,0.0,0.0,0.0,0.0,0.0,0.0,NEUTRAL,False,NONE,0.25,NONE,NEUTRAL
2003-05-05,2003,341.315,BUY_SIDE_SWEEP,4.0229,1.8263,5.8492,4.3589,2.1966,0.37554,0.2746,BUY,True,NONE,0.6,NONE,AGGRESSIVE_BUY
2003-05-06,2003,343.282,BUY_SIDE_SWEEP,5.7102,1.1272,6.8374,3.2487,4.5831,0.6703,0.8475,BUY,False,NONE,0.35,NONE,AGGRESSIVE_BUY
2003-05-07,2003,341.228,NO_SWEEP,1.8397,4.2843,6.1239,2.3092,-2.4446,-0.39919,0.5419,SELL,False,NONE,0.35,NONE,AGGRESSIVE_SELL
2003-05-08,2003,347.382,BUY_SIDE_SWEEP,5.6337,0.626,6.2597,1.9927,5.0078,0.8,1.1679,BUY,False,NONE,0.35,NONE,AGGRESSIVE_BUY
2003-05-09,2003,347.924,NO_SWEEP,4.6648,0.9271,5.5919,1.5237,3.7377,0.66841,1.6351,BUY,True,NONE,0.6,NONE,AGGRESSIVE_BUY
2003-05-11,2003,347.924,NO_SWEEP,0.0,0.0,0.0,-0.5755,0.0,0.0,1.6351,NEUTRAL,False,NONE,0.25,NONE,NEUTRAL
2003-05-12,2003,350.798,BUY_SIDE_SWEEP,8.4361,1.3895,9.8256,2.4457,7.0465,0.71716,2.5159,BUY,False,NONE,0.35,NONE,AGGRESSIVE_BUY
2003-05-13,2003,349.181,NO_SWEEP,1.8565,9.4316,11.288,2.3298,-7.5751,-0.67107,1.569,SELL,False,NONE,0.35,NONE,AGGRESSIVE_SELL
2003-05-14,2003,351.646,BUY_SIDE_SWEEP,7.8367,2.5625,10.3992,1.801,5.2741,0.50717,1.9537,BUY,False,NONE,0.35,NONE,AGGRESSIVE_BUY
2003-05-15,2003,351.202,NO_SWEEP,1.4305,8.8673,10.2978,1.5635,-7.4369,-0.72218,0.4512,SELL,True,NONE,0.6,NONE,AGGRESSIVE_SELL
2003-05-16,2003,353.9,NO_SWEEP,7.9861,1.7377,9.7238,1.2815,6.2483,0.64258,1.5378,BUY,False,NONE,0.35,NONE,AGGRESSIVE_BUY
2003-05-18,2003,354.096,NO_SWEEP,0.0,0.0,0.0,-0.9382,0.0,0.0,0.9118,NEUTRAL,False,NONE,0.25,NONE,NEUTRAL
2003-05-19,2003,365.453,BUY_SIDE_SWEEP,5.1306,0.5701,5.7006,0.3045,4.5605,0.8,1.0147,BUY,False,NONE,0.0,NONE,AGGRESSIVE_BUY
2003-05-20,2003,367.495,BUY_SIDE_SWEEP,5.2165,1.3869,6.6034,0.4482,3.8295,0.57993,1.4934,BUY,False,NONE,0.25,NONE,AGGRESSIVE_BUY
2003-05-21,2003,371.41,BUY_SIDE_SWEEP,5.4638,0.6071,6.0709,0.257,4.8567,0.8,1.2197,BUY,False,NONE,0.0,NONE,AGGRESSIVE_BUY
2003-05-22,2003,367.863,NO_SWEEP,0.6141,5.435,6.0491,0.1845,-4.8209,-0.79697,1.5639,SELL,False,NONE,0.0,NONE,AGGRESSIVE_SELL
2003-05-23,2003,367.465,NO_SWEEP,3.5701,1.9294,5.4995,-0.0288,1.6407,0.29833,1.1097,BUY,False,NONE,0.25,NONE,AGGRESSIVE_BUY
2003-05-25,2003,367.465,NO_SWEEP,0.0,0.0,0.0,-1.5177,0.0,0.0,2.0394,NEUTRAL,False,NONE,0.25,NONE,NEUTRAL
2003-05-26,2003,369.566,NO_SWEEP,4.3232,1.1701,5.4933,-0.1118,3.153,0.57397,1.6524,BUY,False,NONE,0.0,NONE,AGGRESSIVE_BUY
2003-05-27,2003,364.211,NO_SWEEP,0.6669,6.002,6.6688,0.1425,-5.3351,-0.8,0.9856,SELL,False,NONE,0.0,NONE,AGGRESSIVE_SELL
2003-05-28,2003,364.215,NO_SWEEP,4.9312,1.1848,6.116,-0.0349,3.7464,0.61256,0.8838,BUY,False,NONE,0.25,NONE,AGGRESSIVE_BUY
2003-05-29,2003,365.281,NO_SWEEP,5.3135,0.5904,5.9039,-0.0868,4.7231,0.8,0.9955,BUY,False,NONE,0.0,NONE,AGGRESSIVE_BUY
2003-05-30,2003,363.74,NO_SWEEP,0.5809,5.2279,5.8088,-0.1117,-4.6471,-0.8,-0.1925,SELL,False,NONE,0.25,NONE,AGGRESSIVE_SELL
2003-06-01,2003,364.082,NO_SWEEP,0.0,0.0,0.0,-1.6911,0.0,0.0,0.4101,NEUTRAL,False,NONE,0.25,NONE,NEUTRAL
2003-06-02,2003,364.944,NO_SWEEP,4.9681,0.7805,5.7486,-0.0322,4.1876,0.72845,0.7285,BUY,False,NONE,0.25,NONE,AGGRESSIVE_BUY
2003-06-03,2003,364.542,NO_SWEEP,0.9818,5.7591,6.7409,0.1705,-4.7773,-0.7087,0.1314,SELL,False,NONE,0.25,NONE,AGGRESSIVE_SELL
2003-06-04,2003,361.806,NO_SWEEP,1.2182,4.7684,5.9866,-0.006,-3.5502,-0.59301,-0.7065,SELL,False,NONE,0.0,NONE,AGGRESSIVE_SELL
2003-06-05,2003,368.096,NO_SWEEP,5.6246,0.625,6.2496,0.1752,4.9997,0.8,0.5853,BUY,False,NONE,0.0,NONE,AGGRESSIVE_BUY
2003-06-06,2003,363.118,NO_SWEEP,0.9359,4.6426,5.5785,0.0253,-3.7066,-0.66445,-0.3463,SELL,False,NONE,0.0,NONE,AGGRESSIVE_SELL
2003-06-08,2003,362.821,NO_SWEEP,0.0106,0.0411,0.0517,-1.8731,-0.0305,-0.59105,-0.9405,SELL,False,NONE,0.0,NONE,AGGRESSIVE_SELL
2003-06-09,2003,361.228,NO_SWEEP,0.7376,4.9535,5.6911,0.3693,-4.2159,-0.74079,-0.8867,SELL,False,NONE,0.25,NONE,AGGRESSIVE_SELL
2003-06-10,2003,351.469,SELL_SIDE_SWEEP,0.6719,6.047,6.7189,0.726,-5.3751,-0.8,-1.5585,SELL,False,NONE,0.0,NONE,AGGRESSIVE_SELL
2003-06-11,2003,353.91,NO_SWEEP,4.4022,1.9078,6.3101,0.5219,2.4944,0.3953,-1.7702,BUY,False,NONE,0.0,NONE,AGGRESSIVE_BUY
2003-06-12,2003,352.46,NO_SWEEP,1.9695,4.1437,6.1132,0.4461,-2.1743,-0.35567,-1.4448,SELL,False,NONE,0.25,NONE,AGGRESSIVE_SELL
2003-06-13,2003,355.696,NO_SWEEP,5.2139,0.5793,5.7932,0.3065,4.6346,0.8,-0.4217,BUY,False,NONE,0.0,NONE,AGGRESSIVE_BUY
2003-06-15,2003,355.696,NO_SWEEP,0.0,0.0,0.0,-1.983,0.0,0.0,-1.0467,NEUTRAL,False,NONE,0.25,NONE,NEUTRAL
2003-06-16,2003,358.579,NO_SWEEP,4.3022,1.4681,5.7703,0.3829,2.8341,0.49115,-0.2291,BUY,False,NONE,0.0,NONE,AGGRESSIVE_BUY
2003-06-17,2003,362.505,NO_SWEEP,6.0967,0.6774,6.7741,0.7263,5.4193,0.8,0.4521,BUY,False,NONE,0.0,NONE,AGGRESSIVE_BUY
2003-06-18,2003,356.618,NO_SWEEP,0.6161,5.5453,6.1614,0.4308,-4.9291,-0.8,0.363,SELL,False,NONE,0.0,NONE,AGGRESSIVE_SELL
2003-06-19,2003,360.455,NO_SWEEP,5.5313,0.6661,6.1974,0.4605,4.8652,0.78505,1.643,BUY,False,NONE,0.0,NONE,AGGRESSIVE_BUY
2003-06-20,2003,355.765,NO_SWEEP,0.5542,4.9877,5.5419,0.1759,-4.4336,-0.8,0.777,SELL,False,NONE,0.0,NONE,AGGRESSIVE_SELL
2003-06-22,2003,355.765,NO_SWEEP,0.0,0.0,0.0,-1.9844,0.0,0.0,1.0488,NEUTRAL,False,NONE,0.25,NONE,NEUTRAL
2003-06-23,2003,352.039,NO_SWEEP,0.5632,5.0691,5.6323,0.3185,-4.5059,-0.8,-0.0937,SELL,False,NONE,0.0,NONE,AGGRESSIVE_SELL
2003-06-24,2003,345.712,SELL_SIDE_SWEEP,0.659,5.9313,6.5904,0.6391,-5.2723,-0.8,-0.7528,SELL,False,NONE,0.0,NONE,AGGRESSIVE_SELL
2003-06-25,2003,346.898,NO_SWEEP,3.4972,2.6299,6.1271,0.419,0.8673,0.14155,-0.9986,NEUTRAL,False,NONE,0.0,NONE,NEUTRAL
2003-06-26,2003,342.385,SELL_SIDE_SWEEP,0.6154,5.5385,6.1539,0.4478,-4.9231,-0.8,-2.2914,SELL,False,NONE,0.0,NONE,AGGRESSIVE_SELL
2003-06-27,2003,344.612,NO_SWEEP,4.7012,1.0941,5.7953,0.289,3.6071,0.62242,-1.2244,BUY,False,NONE,0.0,NONE,AGGRESSIVE_BUY
2003-06-29,2003,344.612,NO_SWEEP,0.0,0.0,0.0,-1.9853,0.0,0.0,-1.8326,NEUTRAL,False,NONE,0.25,NONE,NEUTRAL
2003-06-30,2003,344.613,NO_SWEEP,2.9567,2.8624,5.819,0.391,0.0943,0.01621,-1.2666,NEUTRAL,False,NONE,0.25,NONE,NEUTRAL
2003-07-01,2003,350.638,NO_SWEEP,6.0487,0.6721,6.7208,0.6895,5.3766,0.8,-0.5945,BUY,False,NONE,0.0,NONE,AGGRESSIVE_BUY
2003-07-02,2003,350.672,NO_SWEEP,3.7888,2.0725,5.8613,0.2968,1.7163,0.29281,0.1833,BUY,False,NONE,0.25,NONE,AGGRESSIVE_BUY
2003-07-03,2003,349.965,NO_SWEEP,2.3896,3.4754,5.8649,0.3209,-1.0858,-0.18514,0.7066,SELL,False,NONE,0.25,NONE,AGGRESSIVE_SELL
2003-07-04,2003,350.233,NO_SWEEP,2.9755,2.6234,5.5989,0.2171,0.3521,0.06289,0.6422,NEUTRAL,False,NONE,0.25,NONE,NEUTRAL
2003-07-06,2003,350.063,NO_SWEEP,0.0074,0.0329,0.0403,-1.9682,-0.0256,-0.63468,1.2544,SELL,False,NONE,0.25,NONE,AGGRESSIVE_SELL
2003-07-07,2003,347.53,NO_SWEEP,0.5877,5.0368,5.6245,0.3341,-4.4491,-0.79103,0.2474,SELL,False,NONE,0.0,NONE,AGGRESSIVE_SELL
2003-07-08,2003,343.443,NO_SWEEP,0.67,6.0304,6.7005,0.7087,-5.3604,-0.8,-0.4227,SELL,False,NONE,0.0,NONE,AGGRESSIVE_SELL
2003-07-09,2003,343.919,NO_SWEEP,3.6277,2.3596,5.9872,0.3774,1.2681,0.2118,-0.276,BUY,False,NONE,0.25,NONE,AGGRESSIVE_BUY
2003-07-10,2003,343.606,NO_SWEEP,2.3968,3.6064,6.0032,0.4063,-1.2096,-0.2015,-1.0993,SELL,False,NONE,0.25,NONE,AGGRESSIVE_SELL
2003-07-11,2003,344.34,NO_SWEEP,5.1285,0.5698,5.6984,0.2777,4.5587,0.8,-0.7439,BUY,False,NONE,0.25,NONE,AGGRESSIVE_BUY
2003-07-13,2003,344.578,NO_SWEEP,0.0283,0.0036,0.0319,-1.9748,0.0247,0.77483,-0.6051,BUY,False,NONE,0.0,NONE,AGGRESSIVE_BUY
2003-07-14,2003,346.641,NO_SWEEP,5.0101,0.6932,5.7034,0.3755,4.3169,0.75691,-0.1095,BUY,False,NONE,0.0,NONE,AGGRESSIVE_BUY
2003-07-15,2003,341.794,NO_SWEEP,0.6657,5.9917,6.6575,0.7022,-5.326,-0.8,-0.7721,SELL,False,NONE,0.0,NONE,AGGRESSIVE_SELL
2003-07-16,2003,342.442,NO_SWEEP,4.1054,1.8616,5.967,0.3761,2.2437,0.37602,0.0645,BUY,False,NONE,0.25,NONE,AGGRESSIVE_BUY
2003-07-17,2003,343.503,NO_SWEEP,4.4393,1.5636,6.0029,0.409,2.8757,0.47905,1.094,BUY,False,NONE,0.0,NONE,AGGRESSIVE_BUY
2003-07-18,2003,346.422,NO_SWEEP,5.0171,0.5575,5.5745,0.2248,4.4596,0.8,1.493,BUY,False,NONE,0.0,NONE,AGGRESSIVE_BUY
2003-07-20,2003,346.422,NO_SWEEP,0.0,0.0,0.0,-1.9883,0.0,0.0,1.6442,NEUTRAL,False,NONE,0.25,NONE,NEUTRAL
2003-07-21,2003,351.023,BUY_SIDE_SWEEP,5.0637,0.5626,5.6263,0.3548,4.501,0.8,1.637,BUY,False,NONE,0.0,NONE,AGGRESSIVE_BUY
2003-07-22,2003,350.479,NO_SWEEP,2.1963,4.3968,6.5931,0.6879,-2.2005,-0.33375,1.3588,SELL,False,NONE,0.25,NONE,AGGRESSIVE_SELL
2003-07-23,2003,358.664,BUY_SIDE_SWEEP,6.2005,0.6889,6.8895,0.7892,5.5116,0.8,1.5082,BUY,False,NONE,0.0,NONE,AGGRESSIVE_BUY
2003-07-24,2003,360.938,BUY_SIDE_SWEEP,6.0845,0.8312,6.9157,0.794,5.2534,0.75963,2.8306,BUY,False,NONE,0.0,NONE,AGGRESSIVE_BUY
2003-07-25,2003,362.029,BUY_SIDE_SWEEP,5.2747,0.9918,6.2665,0.4882,4.2829,0.68346,3.0855,BUY,False,NONE,0.25,NONE,AGGRESSIVE_BUY
2003-07-27,2003,362.029,NO_SWEEP,0.0,0.0,0.0,-1.9779,0.0,0.0,2.726,NEUTRAL,False,NONE,0.25,NONE,NEUTRAL
2003-07-28,2003,364.346,BUY_SIDE_SWEEP,4.0135,1.4718,5.4853,0.2414,2.5417,0.46336,2.4863,BUY,False,NONE,0.0,NONE,AGGRESSIVE_BUY
2003-07-29,2003,361.082,NO_SWEEP,0.7907,6.4435,7.2342,0.8807,-5.6527,-0.78139,1.7797,SELL,False,NONE,0.0,NONE,AGGRESSIVE_SELL
2003-07-30,2003,355.493,NO_SWEEP,0.7581,5.8583,6.6165,0.58,-5.1002,-0.77083,0.5795,SELL,False,NONE,0.0,NONE,AGGRESSIVE_SELL
2003-07-31,2003,354.395,NO_SWEEP,1.5686,5.0387,6.6073,0.5787,-3.4701,-0.52519,0.4208,SELL,False,NONE,0.25,NONE,AGGRESSIVE_SELL
2003-08-01,2003,348.359,NO_SWEEP,0.5952,5.3572,5.9524,0.2912,-4.762,-0.8,-0.8634,SELL,False,NONE,0.0,NONE,AGGRESSIVE_SELL
2003-08-03,2003,347.495,SELL_SIDE_SWEEP,0.0312,0.0826,0.1138,-1.9327,-0.0515,-0.45243,-1.5265,SELL,False,NONE,0.0,NONE,AGGRESSIVE_SELL
2003-08-04,2003,348.074,NO_SWEEP,3.9461,1.6878,5.6339,0.2535,2.2583,0.40085,-1.7796,BUY,False,NONE,0.25,NONE,AGGRESSIVE_BUY
2003-08-05,2003,350.395,NO_SWEEP,7.8475,2.0146,9.8622,1.7735,5.8329,0.59144,-1.0504,BUY,False,NONE,0.35,NONE,AGGRESSIVE_BUY
2003-08-06,2003,350.795,NO_SWEEP,6.1163,3.2957,9.412,1.4321,2.8206,0.29968,-1.0156,BUY,True,NONE,0.6,NONE,AGGRESSIVE_BUY
2003-08-07,2003,352.131,NO_SWEEP,7.5664,1.6898,9.2562,1.2701,5.8766,0.63489,0.4256,BUY,True,NONE,0.6,NONE,AGGRESSIVE_BUY
2003-08-10,2003,355.272,NO_SWEEP,0.0111,0.0996,0.1107,-1.8056,-0.0885,-0.8,1.0521,SELL,False,NONE,0.0,NONE,AGGRESSIVE_SELL
2003-08-11,2003,361.567,NO_SWEEP,8.2904,0.9212,9.2116,1.1447,7.3693,0.8,2.407,BUY,False,NONE,0.35,NONE,AGGRESSIVE_BUY
2003-08-12,2003,358.48,NO_SWEEP,1.928,8.7792,10.7072,1.4562,-6.8512,-0.63987,2.1458,SELL,False,NONE,0.35,NONE,AGGRESSIVE_SELL
2003-08-13,2003,361.345,NO_SWEEP,8.8751,1.9795,10.8546,1.3907,6.8956,0.63527,3.0142,BUY,False,NONE,0.35,NONE,AGGRESSIVE_BUY
2003-08-14,2003,364.623,BUY_SIDE_SWEEP,8.7251,2.0569,10.782,1.2356,6.6683,0.61846,3.5654,BUY,False,NONE,0.35,NONE,AGGRESSIVE_BUY
2003-08-15,2003,363.295,NO_SWEEP,1.2748,5.7594,7.0342,0.0874,-4.4847,-0.63755,2.2757,SELL,False,NONE,0.0,NONE,AGGRESSIVE_SELL
2003-08-17,2003,362.63,NO_SWEEP,0.0165,0.0486,0.065,-1.7656,-0.0321,-0.49358,1.9192,SELL,False,NONE,0.0,NONE,AGGRESSIVE_SELL
2003-08-18,2003,357.992,NO_SWEEP,0.868,7.6091,8.477,0.5507,-6.7411,-0.79522,0.3419,SELL,False,NONE,0.0,NONE,AGGRESSIVE_SELL
2003-08-19,2003,361.118,NO_SWEEP,8.176,1.0276,9.2036,0.7017,7.1484,0.77669,1.2465,BUY,False,NONE,0.0,NONE,AGGRESSIVE_BUY
2003-08-20,2003,365.191,NO_SWEEP,8.6996,1.4222,10.1218,0.8765,7.2774,0.71898,1.2351,BUY,False,NONE,0.0,NONE,AGGRESSIVE_BUY
2003-08-21,2003,360.515,NO_SWEEP,2.3613,8.1623,10.5236,0.9061,-5.801,-0.55124,1.3663,SELL,False,NONE,0.0,NONE,AGGRESSIVE_SELL
2003-08-22,2003,362.07,NO_SWEEP,7.5516,1.6115,9.1631,0.482,5.9402,0.64827,1.2469,BUY,False,NONE,0.25,NONE,AGGRESSIVE_BUY
2003-08-24,2003,362.188,NO_SWEEP,0.0245,0.0613,0.0858,-1.8443,-0.0368,-0.42913,0.4088,SELL,False,NONE,0.0,NONE,AGGRESSIVE_SELL
2003-08-25,2003,360.165,NO_SWEEP,0.9618,8.6561,9.6179,0.5966,-7.6943,-0.8,0.0076,SELL,False,NONE,0.0,NONE,AGGRESSIVE_SELL
2003-08-26,2003,364.036,NO_SWEEP,8.9191,1.4994,10.4185,0.7374,7.4197,0.71216,0.939,BUY,False,NONE,0.0,NONE,AGGRESSIVE_BUY
2003-08-27,2003,370.845,BUY_SIDE_SWEEP,9.15,1.9005,11.0506,0.8278,7.2495,0.65603,2.6879,BUY,False,NONE,0.0,NONE,AGGRESSIVE_BUY
2003-08-28,2003,369.093,NO_SWEEP,2.0825,8.7612,10.8436,0.6971,-6.6787,-0.61591,0.9595,SELL,False,NONE,0.0,NONE,AGGRESSIVE_SELL
2003-08-29,2003,374.886,BUY_SIDE_SWEEP,6.8141,1.1878,8.0019,-0.0686,5.6263,0.70312,0.7531,BUY,False,NONE,0.0,NONE,AGGRESSIVE_BUY
2003-08-31,2003,374.493,NO_SWEEP,0.0179,0.0456,0.0636,-1.9387,-0.0277,-0.43585,1.4748,SELL,False,NONE,0.0,NONE,AGGRESSIVE_SELL
2003-09-01,2003,375.261,NO_SWEEP,3.6725,2.5516,6.2241,-0.3529,1.1208,0.18008,0.8724,BUY,False,NONE,0.25,NONE,AGGRESSIVE_BUY
2003-09-02,2003,371.739,NO_SWEEP,1.2472,10.116,11.3632,0.8672,-8.8689,-0.78049,-0.2316,SELL,False,NONE,0.0,NONE,AGGRESSIVE_SELL
2003-09-03,2003,373.44,NO_SWEEP,8.6832,1.9593,10.6425,0.6448,6.7238,0.63179,1.5706,BUY,False,NONE,0.25,NONE,AGGRESSIVE_BUY
2003-09-04,2003,372.504,NO_SWEEP,4.7797,5.6877,10.4674,0.6018,-0.908,-0.08674,0.5297,NEUTRAL,False,NONE,0.25,NONE,NEUTRAL
2003-09-05,2003,376.692,NO_SWEEP,7.3188,1.0772,8.396,0.0739,6.2416,0.74339,0.4037,BUY,False,NONE,0.0,NONE,AGGRESSIVE_BUY
2003-09-07,2003,376.637,NO_SWEEP,0.0627,0.0402,0.1029,-1.8844,0.0226,0.21928,1.2413,BUY,False,NONE,0.25,NONE,AGGRESSIVE_BUY
2003-09-08,2003,374.632,NO_SWEEP,3.7085,5.936,9.6444,0.4805,-2.2275,-0.23096,0.2596,SELL,False,NONE,0.25,NONE,AGGRESSIVE_SELL
2003-09-09,2003,381.339,BUY_SIDE_SWEEP,10.0533,1.4883,11.5416,0.8847,8.565,0.7421,1.3337,BUY,False,NONE,0.0,NONE,AGGRESSIVE_BUY
2003-09-10,2003,379.082,NO_SWEEP,2.6173,8.0501,10.6675,0.6104,-5.4328,-0.50929,0.5145,SELL,False,NONE,0.0,NONE,AGGRESSIVE_SELL
2003-09-11,2003,378.657,NO_SWEEP,4.8206,5.4672,10.2878,0.4907,-0.6465,-0.06285,1.5423,NEUTRAL,False,NONE,0.25,NONE,NEUTRAL
2003-09-12,2003,374.798,NO_SWEEP,0.8273,7.4461,8.2734,-0.0258,-6.6187,-0.8,-0.1255,SELL,False,NONE,0.0,NONE,AGGRESSIVE_SELL
2003-09-14,2003,375.117,NO_SWEEP,0.0414,0.0108,0.0522,-1.9092,0.0306,0.58709,-0.0082,BUY,False,NONE,0.0,NONE,AGGRESSIVE_BUY
2003-09-15,2003,373.556,NO_SWEEP,2.3895,7.3131,9.7026,0.4472,-4.9237,-0.50745,-1.4039,SELL,False,NONE,0.25,NONE,AGGRESSIVE_SELL
2003-09-16,2003,372.803,NO_SWEEP,2.9364,7.4303,10.3667,0.5338,-4.4938,-0.43349,-1.9684,SELL,False,NONE,0.25,NONE,AGGRESSIVE_SELL
2003-09-17,2003,376.02,NO_SWEEP,8.2859,0.9207,9.2066,0.227,7.3653,0.8,-0.7693,BUY,False,NONE,0.0,NONE,AGGRESSIVE_BUY
2003-09-18,2003,375.872,NO_SWEEP,4.4693,4.2639,8.7332,0.1229,0.2053,0.02351,-1.8143,NEUTRAL,False,NONE,0.25,NONE,NEUTRAL
2003-09-19,2003,381.137,NO_SWEEP,6.574,1.059,7.633,-0.1319,5.515,0.72253,-0.4458,BUY,False,NONE,0.0,NONE,AGGRESSIVE_BUY
2003-09-21,2003,384.319,BUY_SIDE_SWEEP,0.0896,0.01,0.0996,-1.8884,0.0797,0.8,-0.355,BUY,False,NONE,0.0,NONE,AGGRESSIVE_BUY
2003-09-22,2003,386.138,BUY_SIDE_SWEEP,8.8427,2.2252,11.0679,0.829,6.6176,0.59791,1.2995,BUY,False,NONE,0.0,NONE,AGGRESSIVE_BUY
2003-09-23,2003,384.62,NO_SWEEP,3.3377,7.0532,10.391,0.5869,-3.7155,-0.35757,0.8312,SELL,False,NONE,0.25,NONE,AGGRESSIVE_SELL
2003-09-24,2003,387.754,BUY_SIDE_SWEEP,10.1137,1.578,11.6917,0.8575,8.5357,0.73007,2.5137,BUY,False,NONE,0.0,NONE,AGGRESSIVE_BUY
2003-09-25,2003,384.81,NO_SWEEP,1.485,10.6891,12.1741,0.9676,-9.2042,-0.75604,1.9249,SELL,False,NONE,0.25,NONE,AGGRESSIVE_SELL
2003-09-26,2003,380.398,NO_SWEEP,1.7922,7.7301,9.5223,0.2749,-5.9379,-0.62358,0.262,SELL,False,NONE,0.0,NONE,AGGRESSIVE_SELL
2003-09-28,2003,380.076,NO_SWEEP,0.0181,0.051,0.0691,-1.9252,-0.0329,-0.47644,0.2322,SELL,False,NONE,0.25,NONE,AGGRESSIVE_SELL
2003-09-29,2003,382.195,NO_SWEEP,7.8555,2.5881,10.4436,0.5695,5.2675,0.50437,0.2012,BUY,False,NONE,0.25,NONE,AGGRESSIVE_BUY
2003-09-30,2003,384.333,NO_SWEEP,7.9086,4.1136,12.0222,0.8806,3.795,0.31566,0.6657,BUY,False,NONE,0.25,NONE,AGGRESSIVE_BUY
2003-10-01,2003,384.008,NO_SWEEP,4.1097,5.8836,9.9934,0.341,-1.7739,-0.17751,-0.3833,NEUTRAL,False,NONE,0.25,NONE,NEUTRAL
2003-10-02,2003,381.819,NO_SWEEP,2.0306,9.1425,11.1731,0.6585,-7.1119,-0.63652,-0.8078,SELL,False,NONE,0.0,NONE,AGGRESSIVE_SELL
2003-10-03,2003,369.095,SELL_SIDE_SWEEP,0.9657,8.6909,9.6565,0.273,-7.7252,-0.8,-2.8405,SELL,False,NONE,0.0,NONE,AGGRESSIVE_SELL
2003-10-05,2003,368.763,NO_SWEEP,0.0346,0.0781,0.1128,-1.9179,-0.0435,-0.38559,-1.6954,SELL,False,NONE,0.25,NONE,AGGRESSIVE_SELL
2003-10-06,2003,372.009,NO_SWEEP,8.4305,1.7157,10.1462,0.4605,6.7148,0.6618,-0.1138,BUY,False,NONE,0.25,NONE,AGGRESSIVE_BUY
2003-10-07,2003,376.065,NO_SWEEP,9.0953,1.022,10.1173,0.3716,8.0734,0.79797,0.8995,BUY,False,NONE,0.0,NONE,AGGRESSIVE_BUY
2003-10-08,2003,374.645,NO_SWEEP,1.5748,6.7913,8.3661,-0.0752,-5.2165,-0.62353,-0.411,SELL,False,NONE,0.0,NONE,AGGRESSIVE_SELL
2003-10-09,2003,369.471,NO_SWEEP,1.568,7.5864,9.1544,0.151,-6.0183,-0.65742,-1.6376,SELL,False,NONE,0.0,NONE,AGGRESSIVE_SELL
2003-10-10,2003,372.595,NO_SWEEP,7.3289,1.0227,8.3516,-0.0519,6.3062,0.75509,-0.6276,BUY,False,NONE,0.0,NONE,AGGRESSIVE_BUY
2003-10-12,2003,372.718,NO_SWEEP,0.0044,0.0149,0.0193,-1.9363,-0.0106,-0.54652,0.26,SELL,False,NONE,0.0,NONE,AGGRESSIVE_SELL
2003-10-13,2003,373.81,NO_SWEEP,8.851,1.0669,9.918,0.4037,7.7841,0.78485,2.1987,BUY,False,NONE,0.25,NONE,AGGRESSIVE_BUY
2003-10-14,2003,374.612,NO_SWEEP,8.4371,2.5316,10.9687,0.5803,5.9055,0.5384,2.9423,BUY,False,NONE,0.25,NONE,AGGRESSIVE_BUY
2003-10-15,2003,372.785,NO_SWEEP,3.4294,7.4611,10.8904,0.5628,-4.0317,-0.37021,1.599,SELL,False,NONE,0.0,NONE,AGGRESSIVE_SELL
2003-10-16,2003,371.531,NO_SWEEP,2.9307,9.2534,12.1842,0.8674,-6.3227,-0.51893,-0.2005,SELL,False,NONE,0.25,NONE,AGGRESSIVE_SELL
2003-10-17,2003,370.916,NO_SWEEP,4.9769,3.776,8.753,0.0135,1.2009,0.1372,0.6017,NEUTRAL,False,NONE,0.25,NONE,NEUTRAL
2003-10-19,2003,372.018,NO_SWEEP,0.0785,0.0087,0.0872,-1.9369,0.0698,0.8,1.3627,BUY,False,NONE,0.0,NONE,AGGRESSIVE_BUY
2003-10-20,2003,372.615,NO_SWEEP,7.5657,1.7982,9.3638,0.3083,5.7675,0.61593,1.2954,BUY,False,NONE,0.25,NONE,AGGRESSIVE_BUY
2003-10-21,2003,379.855,BUY_SIDE_SWEEP,9.5362,1.1704,10.7067,0.5588,8.3658,0.78136,2.3424,BUY,False,NONE,0.0,NONE,AGGRESSIVE_BUY
2003-10-22,2003,385.087,BUY_SIDE_SWEEP,8.8736,1.7695,10.6432,0.5384,7.1041,0.66748,2.2574,BUY,False,NONE,0.0,NONE,AGGRESSIVE_BUY
2003-10-23,2003,384.303,NO_SWEEP,3.7926,8.1365,11.9291,0.8847,-4.3438,-0.36414,0.9762,SELL,False,NONE,0.25,NONE,AGGRESSIVE_SELL
2003-10-24,2003,387.988,BUY_SIDE_SWEEP,5.4954,2.4435,7.9389,-0.1572,3.052,0.38443,1.8617,BUY,False,NONE,0.0,NONE,AGGRESSIVE_BUY
2003-10-26,2003,387.319,NO_SWEEP,0.0153,0.0444,0.0596,-1.931,-0.0291,-0.48774,2.6484,SELL,False,NONE,0.0,NONE,AGGRESSIVE_SELL
2003-10-27,2003,387.402,NO_SWEEP,5.2125,4.0436,9.2561,0.3199,1.1688,0.12628,2.6444,NEUTRAL,False,NONE,0.25,NONE,NEUTRAL
2003-10-28,2003,382.225,NO_SWEEP,0.9761,8.7849,9.761,0.361,-7.8088,-0.8,1.6596,SELL,False,NONE,0.0,NONE,AGGRESSIVE_SELL
2003-10-29,2003,385.274,NO_SWEEP,8.7698,1.5709,10.3407,0.515,7.1989,0.69618,1.8385,BUY,False,NONE,0.0,NONE,AGGRESSIVE_BUY
2003-10-30,2003,382.656,NO_SWEEP,1.0429,9.3085,10.3515,0.514,-8.2656,-0.7985,-0.2404,SELL,False,NONE,0.25,NONE,AGGRESSIVE_SELL
2003-10-31,2003,383.615,NO_SWEEP,4.7335,3.9026,8.6361,0.0461,0.8309,0.09621,-1.0246,NEUTRAL,False,NONE,0.25,NONE,NEUTRAL
2003-11-02,2003,383.619,NO_SWEEP,0.0261,0.0324,0.0585,-1.9311,-0.0063,-0.10694,-0.4824,NEUTRAL,False,NONE,0.25,NONE,NEUTRAL
2003-11-03,2003,377.016,SELL_SIDE_SWEEP,0.9692,7.1561,8.1253,0.0305,-6.1869,-0.76144,-1.6373,SELL,False,NONE,0.0,NONE,AGGRESSIVE_SELL
2003-11-04,2003,379.179,NO_SWEEP,7.8456,1.8466,9.6922,0.3269,5.9989,0.61895,-0.8837,BUY,False,NONE,0.0,NONE,AGGRESSIVE_BUY
2003-11-05,2003,381.423,NO_SWEEP,7.1429,3.0644,10.2073,0.4615,4.0785,0.39957,-0.52,BUY,False,NONE,0.0,NONE,AGGRESSIVE_BUY
2003-11-06,2003,379.398,NO_SWEEP,1.5241,9.1794,10.7035,0.6004,-7.6553,-0.71521,-0.5008,SELL,False,NONE,0.0,NONE,AGGRESSIVE_SELL
2003-11-07,2003,382.595,NO_SWEEP,6.9504,0.7723,7.7227,-0.165,6.1781,0.8,-0.6284,BUY,False,NONE,0.0,NONE,AGGRESSIVE_BUY
2003-11-09,2003,382.353,NO_SWEEP,0.0153,0.053,0.0682,-1.9328,-0.0377,-0.55266,0.4,SELL,False,NONE,0.0,NONE,AGGRESSIVE_SELL
2003-11-10,2003,385.344,NO_SWEEP,7.7399,2.0249,9.7648,0.5012,5.715,0.58526,1.0106,BUY,False,NONE,0.0,NONE,AGGRESSIVE_BUY
2003-11-11,2003,387.213,NO_SWEEP,7.9352,2.1429,10.0781,0.5035,5.7924,0.57475,1.7354,BUY,False,NONE,0.0,NONE,AGGRESSIVE_BUY
2003-11-12,2003,393.417,BUY_SIDE_SWEEP,8.9121,1.9016,10.8136,0.6813,7.0105,0.6483,3.3851,BUY,False,NONE,0.0,NONE,AGGRESSIVE_BUY
2003-11-13,2003,393.733,NO_SWEEP,6.2448,5.3411,11.5859,0.8741,0.9037,0.078,2.7482,NEUTRAL,False,NONE,0.25,NONE,NEUTRAL
2003-11-14,2003,397.025,NO_SWEEP,7.4618,1.9699,9.4317,0.3044,5.4918,0.58227,2.9248,BUY,False,NONE,0.0,NONE,AGGRESSIVE_BUY
2003-11-16,2003,396.358,NO_SWEEP,0.0156,0.053,0.0686,-1.9406,-0.0373,-0.54419,3.8771,SELL,False,NONE,0.0,NONE,AGGRESSIVE_SELL
2003-11-17,2003,390.536,NO_SWEEP,3.0097,8.0271,11.0368,0.7843,-5.0174,-0.4546,2.4776,SELL,False,NONE,0.0,NONE,AGGRESSIVE_SELL
2003-11-18,2003,396.33,NO_SWEEP,8.5815,2.2224,10.8039,0.6549,6.3592,0.5886,3.2772,BUY,False,NONE,0.0,NONE,AGGRESSIVE_BUY
2003-11-19,2003,394.196,NO_SWEEP,2.1096,8.1618,10.2713,0.4918,-6.0522,-0.58923,1.8063,SELL,False,NONE,0.25,NONE,AGGRESSIVE_SELL
2003-11-20,2003,393.51,NO_SWEEP,3.1584,7.0414,10.1999,0.4651,-3.883,-0.38069,0.5969,SELL,False,NONE,0.25,NONE,AGGRESSIVE_SELL
2003-11-21,2003,395.595,NO_SWEEP,6.4944,1.998,8.4924,0.0239,4.4964,0.52946,0.2827,BUY,False,NONE,0.25,NONE,AGGRESSIVE_BUY
2003-11-23,2003,395.253,NO_SWEEP,0.0156,0.0365,0.0521,-1.9447,-0.021,-0.40233,0.1671,SELL,False,NONE,0.0,NONE,AGGRESSIVE_SELL
2003-11-24,2003,391.154,NO_SWEEP,1.7573,7.2767,9.034,0.2784,-5.5194,-0.61096,-1.2093,SELL,False,NONE,0.0,NONE,AGGRESSIVE_SELL
2003-11-25,2003,390.696,NO_SWEEP,3.3532,5.9974,9.3506,0.2696,-2.6441,-0.28278,-1.5352,SELL,False,NONE,0.25,NONE,AGGRESSIVE_SELL
2003-11-26,2003,395.687,NO_SWEEP,6.1022,2.7167,8.8189,0.113,3.3856,0.3839,-0.4848,BUY,False,NONE,0.0,NONE,AGGRESSIVE_BUY
2003-11-27,2003,394.385,NO_SWEEP,0.4446,4.0011,4.4456,-0.9991,-3.5565,-0.8,-1.7243,SELL,False,NONE,0.0,NONE,AGGRESSIVE_SELL
2003-11-28,2003,397.698,NO_SWEEP,5.1002,0.7601,5.8603,-0.5586,4.34,0.74058,-0.4253,BUY,False,NONE,0.0,NONE,AGGRESSIVE_BUY
2003-11-30,2003,397.114,NO_SWEEP,0.0163,0.0356,0.0519,-1.8269,-0.0193,-0.37205,0.0577,SELL,False,NONE,0.0,NONE,AGGRESSIVE_SELL
2003-12-01,2003,401.635,BUY_SIDE_SWEEP,8.817,1.3308,10.1478,0.6467,7.4861,0.73771,0.4314,BUY,False,NONE,0.0,NONE,AGGRESSIVE_BUY
2003-12-02,2003,403.248,BUY_SIDE_SWEEP,7.7968,2.0478,9.8447,0.4948,5.749,0.58397,1.1527,BUY,False,NONE,0.25,NONE,AGGRESSIVE_BUY
2003-12-03,2003,402.811,NO_SWEEP,7.5378,2.7839,10.3217,0.6134,4.7539,0.46057,2.4368,BUY,False,NONE,0.25,NONE,AGGRESSIVE_BUY
2003-12-04,2003,402.361,NO_SWEEP,4.7358,6.1264,10.8622,0.7428,-1.3907,-0.12803,2.5935,NEUTRAL,False,NONE,0.25,NONE,NEUTRAL
2003-12-05,2003,405.624,BUY_SIDE_SWEEP,7.3799,0.82,8.1999,0.0692,6.5599,0.8,2.9903,BUY,False,NONE,0.0,NONE,AGGRESSIVE_BUY
2003-12-07,2003,405.242,NO_SWEEP,0.0143,0.0347,0.049,-1.8404,-0.0203,-0.41524,3.4323,SELL,False,NONE,0.0,NONE,AGGRESSIVE_SELL
2003-12-08,2003,406.157,BUY_SIDE_SWEEP,6.1094,3.8286,9.9379,0.6378,2.2808,0.2295,3.1749,BUY,False,NONE,0.25,NONE,AGGRESSIVE_BUY
2003-12-09,2003,407.148,NO_SWEEP,6.9418,3.1016,10.0434,0.589,3.8401,0.38235,3.6574,BUY,False,NONE,0.25,NONE,AGGRESSIVE_BUY
2003-12-10,2003,404.885,NO_SWEEP,1.0522,9.47,10.5222,0.7312,-8.4178,-0.8,1.6694,SELL,False,NONE,0.25,NONE,AGGRESSIVE_SELL
2003-12-11,2003,404.404,NO_SWEEP,8.4073,2.9873,11.3946,0.9564,5.4199,0.47566,1.6282,BUY,False,NONE,0.25,NONE,AGGRESSIVE_BUY
2003-12-12,2003,408.398,NO_SWEEP,7.1617,0.7957,7.9574,0.0492,6.366,0.8,1.8297,BUY,False,NONE,0.0,NONE,AGGRESSIVE_BUY
2003-12-14,2003,403.845,NO_SWEEP,0.0213,0.1914,0.2127,-1.8,-0.1702,-0.8,1.9823,SELL,False,NONE,0.0,NONE,AGGRESSIVE_SELL
2003-12-15,2003,408.941,NO_SWEEP,9.5553,1.0617,10.617,0.8106,8.4936,0.8,2.224,BUY,False,NONE,0.25,NONE,AGGRESSIVE_BUY
2003-12-16,2003,406.818,NO_SWEEP,1.7258,8.1709,9.8967,0.554,-6.4451,-0.65124,1.4209,SELL,False,NONE,0.0,NONE,AGGRESSIVE_SELL
2003-12-17,2003,410.495,NO_SWEEP,8.5151,2.3291,10.8442,0.7786,6.1859,0.57044,1.9091,BUY,False,NONE,0.0,NONE,AGGRESSIVE_BUY
2003-12-18,2003,410.033,NO_SWEEP,5.5812,5.592,11.1731,0.8307,-0.0108,-0.00097,1.4277,NEUTRAL,False,NONE,0.25,NONE,NEUTRAL
2003-12-19,2003,408.898,NO_SWEEP,3.1447,4.8138,7.9585,-0.0156,-1.6691,-0.20973,2.2713,SELL,False,NONE,0.0,NONE,AGGRESSIVE_SELL
2003-12-21,2003,408.509,NO_SWEEP,0.0013,0.0099,0.0113,-1.9144,-0.0086,-0.76119,1.5927,SELL,False,NONE,0.0,NONE,AGGRESSIVE_SELL
2003-12-22,2003,409.116,NO_SWEEP,6.3216,3.0461,9.3677,0.3446,3.2756,0.34966,1.2064,BUY,False,NONE,0.25,NONE,AGGRESSIVE_BUY
2003-12-23,2003,410.398,NO_SWEEP,7.5142,0.9813,8.4956,0.0283,6.5329,0.76898,2.0443,BUY,False,NONE,0.0,NONE,AGGRESSIVE_BUY
2003-12-24,2003,411.478,NO_SWEEP,4.2918,1.0182,5.31,-0.7761,3.2736,0.61651,1.3918,BUY,False,NONE,0.0,NONE,AGGRESSIVE_BUY
2003-12-25,2003,411.281,NO_SWEEP,0.6579,0.293,0.9509,-1.7075,0.3649,0.38374,2.2431,BUY,False,NONE,0.25,NONE,AGGRESSIVE_BUY
2003-12-26,2003,411.384,NO_SWEEP,0.7392,1.1764,1.9155,-1.3099,-0.4372,-0.22825,1.4152,SELL,False,NONE,0.25,NONE,AGGRESSIVE_SELL
2003-12-28,2003,411.732,NO_SWEEP,0.0418,0.0084,0.0502,-1.5568,0.0334,0.6645,1.4207,BUY,False,NONE,0.25,NONE,AGGRESSIVE_BUY
2003-12-29,2003,414.071,BUY_SIDE_SWEEP,7.7786,1.5801,9.3587,0.5905,6.1986,0.66233,2.4041,BUY,False,NONE,0.0,NONE,AGGRESSIVE_BUY
2003-12-30,2003,415.65,BUY_SIDE_SWEEP,7.4535,2.0685,9.522,0.5511,5.385,0.56553,3.0783,BUY,False,NONE,0.0,NONE,AGGRESSIVE_BUY
2003-12-31,2003,415.129,NO_SWEEP,2.236,4.5444,6.7804,-0.0841,-2.3084,-0.34045,2.3803,SELL,False,NONE,0.25,NONE,AGGRESSIVE_SELL
2004-01-01,2004,414.558,NO_SWEEP,0.2442,0.4941,0.7383,-1.4094,-0.2499,-0.33855,1.5325,SELL,False,NONE,0.0,NONE,AGGRESSIVE_SELL
2004-01-02,2004,415.395,NO_SWEEP,2.9824,0.844,3.8264,-0.6018,2.1384,0.55885,1.3906,BUY,False,NONE,0.0,NONE,AGGRESSIVE_BUY
2004-01-04,2004,414.444,NO_SWEEP,0.0106,0.0459,0.0565,-1.3612,-0.0353,-0.62494,1.3406,SELL,False,NONE,0.0,NONE,AGGRESSIVE_SELL
2004-01-05,2004,421.893,BUY_SIDE_SWEEP,8.8565,1.5623,10.4189,1.061,7.2942,0.70009,2.307,BUY,False,NONE,0.35,NONE,AGGRESSIVE_BUY
2004-01-06,2004,421.777,NO_SWEEP,1.3168,9.8659,11.1826,1.1266,-8.5491,-0.7645,1.2342,SELL,True,NONE,0.6,NONE,AGGRESSIVE_SELL
2004-01-07,2004,419.626,NO_SWEEP,1.1956,10.7607,11.9563,1.2711,-9.565,-0.8,-0.7363,SELL,True,NONE,0.6,NONE,AGGRESSIVE_SELL
2004-01-08,2004,423.298,NO_SWEEP,10.9077,1.5316,12.4393,1.3128,9.3761,0.75375,-0.2374,BUY,False,NONE,0.35,NONE,AGGRESSIVE_BUY
2004-01-09,2004,425.404,NO_SWEEP,7.9558,1.2941,9.25,0.6203,6.6617,0.72019,0.8839,BUY,False,NONE,0.25,NONE,AGGRESSIVE_BUY
2004-01-11,2004,426.23,NO_SWEEP,0.0558,0.0116,0.0674,-1.3287,0.0443,0.65704,0.9207,BUY,False,NONE,0.0,NONE,AGGRESSIVE_BUY
2004-01-12,2004,424.598,NO_SWEEP,2.8554,7.8441,10.6995,1.0061,-4.9887,-0.46625,0.0298,SELL,True,NONE,0.6,NONE,AGGRESSIVE_SELL
2004-01-13,2004,423.698,NO_SWEEP,3.3826,7.8165,11.1991,1.015,-4.4338,-0.39591,-0.52,SELL,True,NONE,0.6,NONE,AGGRESSIVE_SELL
2004-01-14,2004,419.298,NO_SWEEP,2.5074,8.3282,10.8356,0.9056,-5.8208,-0.53719,-2.1594,SELL,False,NONE,0.0,NONE,AGGRESSIVE_SELL
2004-01-15,2004,408.447,SELL_SIDE_SWEEP,1.2266,11.0396,12.2662,1.1441,-9.813,-0.8,-2.3174,SELL,False,NONE,0.35,NONE,AGGRESSIVE_SELL
2004-01-16,2004,406.298,SELL_SIDE_SWEEP,2.0269,7.2341,9.261,0.455,-5.2073,-0.56228,-1.7727,SELL,False,NONE,0.0,NONE,AGGRESSIVE_SELL
2004-01-18,2004,405.753,NO_SWEEP,0.0128,0.053,0.0658,-1.487,-0.0402,-0.6106,-2.9497,SELL,False,NONE,0.0,NONE,AGGRESSIVE_SELL
2004-01-19,2004,406.751,NO_SWEEP,1.6372,4.0513,5.6885,-0.3474,-2.4141,-0.42438,-4.0842,SELL,False,NONE,0.25,NONE,AGGRESSIVE_SELL
2004-01-20,2004,411.921,NO_SWEEP,9.6197,1.0689,10.6885,0.6637,8.5508,0.8,-3.0209,BUY,False,NONE,0.0,NONE,AGGRESSIVE_BUY
2004-01-21,2004,409.832,NO_SWEEP,3.7555,6.9175,10.673,0.6401,-3.1621,-0.29627,-2.7926,SELL,False,NONE,0.25,NONE,AGGRESSIVE_SELL
2004-01-22,2004,409.033,NO_SWEEP,2.3084,7.6411,9.9496,0.4684,-5.3327,-0.53597,-2.9049,SELL,False,NONE,0.25,NONE,AGGRESSIVE_SELL
2004-01-23,2004,407.398,NO_SWEEP,1.7695,7.1518,8.9213,0.2088,-5.3823,-0.60331,-2.8501,SELL,False,NONE,0.25,NONE,AGGRESSIVE_SELL
2004-01-25,2004,407.398,NO_SWEEP,0.0289,0.0051,0.034,-1.7924,0.0238,0.7,-1.6205,BUY,False,NONE,0.25,NONE,AGGRESSIVE_BUY
2004-01-26,2004,404.079,SELL_SIDE_SWEEP,1.5907,8.6828,10.2735,0.4545,-7.0921,-0.69033,-1.8561,SELL,False,NONE,0.0,NONE,AGGRESSIVE_SELL
2004-01-27,2004,409.554,NO_SWEEP,9.073,1.6644,10.7374,0.4837,7.4086,0.68998,-0.925,BUY,False,NONE,0.0,NONE,AGGRESSIVE_BUY
2004-01-28,2004,407.948,NO_SWEEP,1.0898,9.8079,10.8977,0.5169,-8.7182,-0.8,-1.713,SELL,False,NONE,0.25,NONE,AGGRESSIVE_SELL
2004-01-29,2004,399.033,SELL_SIDE_SWEEP,1.5576,8.7939,10.3515,0.3912,-7.2364,-0.69907,-3.6864,SELL,False,NONE,0.0,NONE,AGGRESSIVE_SELL
2004-01-30,2004,401.827,NO_SWEEP,8.482,0.9424,9.4244,0.1908,7.5395,0.8,-2.3487,BUY,False,NONE,0.0,NONE,AGGRESSIVE_BUY
2004-02-01,2004,402.073,NO_SWEEP,0.0211,0.0046,0.0257,-1.9144,0.0165,0.64173,-1.6801,BUY,False,NONE,0.25,NONE,AGGRESSIVE_BUY
2004-02-02,2004,397.873,NO_SWEEP,2.6298,5.7031,8.3329,0.0747,-3.0732,-0.3688,-1.3914,SELL,False,NONE,0.0,NONE,AGGRESSIVE_SELL
2004-02-03,2004,399.366,NO_SWEEP,5.2391,4.5089,9.748,0.3288,0.7302,0.07491,-1.3031,NEUTRAL,False,NONE,0.25,NONE,NEUTRAL
2004-02-04,2004,399.756,NO_SWEEP,7.48,1.8867,9.3668,0.2475,5.5933,0.59714,0.2825,BUY,False,NONE,0.25,NONE,AGGRESSIVE_BUY
2004-02-05,2004,396.943,NO_SWEEP,1.4287,8.1977,9.6263,0.3414,-6.769,-0.70317,-1.4897,SELL,False,NONE,0.0,NONE,AGGRESSIVE_SELL
2004-02-06,2004,402.55,NO_SWEEP,7.6535,1.8174,9.4709,0.3208,5.8361,0.61621,0.3296,BUY,False,NONE,0.0,NONE,AGGRESSIVE_BUY
2004-02-08,2004,402.891,NO_SWEEP,0.0326,0.0117,0.0443,-1.9218,0.0209,0.47117,1.2368,BUY,False,NONE,0.0,NONE,AGGRESSIVE_BUY
2004-02-09,2004,406.254,NO_SWEEP,9.7945,1.0938,10.8883,0.778,8.7007,0.79909,1.3819,BUY,False,NONE,0.0,NONE,AGGRESSIVE_BUY
2004-02-10,2004,405.907,NO_SWEEP,1.9085,9.5878,11.4962,0.8588,-7.6793,-0.66798,0.42,SELL,False,NONE,0.25,NONE,AGGRESSIVE_SELL
2004-02-11,2004,410.559,BUY_SIDE_SWEEP,10.9204,1.2134,12.1338,0.9351,9.707,0.8,2.0175,BUY,False,NONE,0.0,NONE,AGGRESSIVE_BUY
2004-02-12,2004,410.908,NO_SWEEP,7.5832,4.936,12.5192,0.9952,2.6472,0.21145,2.2571,BUY,False,NONE,0.25,NONE,AGGRESSIVE_BUY
2004-02-13,2004,409.32,NO_SWEEP,1.8782,6.3081,8.1864,-0.1155,-4.4299,-0.54113,1.0042,SELL,False,NONE,0.25,NONE,AGGRESSIVE_SELL
2004-02-15,2004,409.485,NO_SWEEP,0.0536,0.0183,0.072,-1.9249,0.0353,0.49026,1.8547,BUY,False,NONE,0.25,NONE,AGGRESSIVE_BUY
2004-02-16,2004,410.936,NO_SWEEP,4.9007,0.5445,5.4452,-0.5944,4.3562,0.8,1.6698,BUY,False,NONE,0.0,NONE,AGGRESSIVE_BUY
2004-02-17,2004,415.075,NO_SWEEP,9.6696,1.0744,10.744,0.5865,8.5952,0.8,2.7415,BUY,False,NONE,0.0,NONE,AGGRESSIVE_BUY
2004-02-18,2004,410.71,NO_SWEEP,1.9685,8.7579,10.7264,0.5743,-6.7894,-0.63296,0.8053,SELL,False,NONE,0.0,NONE,AGGRESSIVE_SELL
2004-02-19,2004,409.893,NO_SWEEP,4.7903,7.2836,12.0738,0.895,-2.4933,-0.20651,1.4535,SELL,False,NONE,0.25,NONE,AGGRESSIVE_SELL
2004-02-20,2004,396.859,SELL_SIDE_SWEEP,1.2447,7.7686,9.0133,0.1366,-6.5239,-0.72381,-0.5753,SELL,False,NONE,0.0,NONE,AGGRESSIVE_SELL
2004-02-22,2004,397.697,NO_SWEEP,0.0673,0.0105,0.0778,-1.8563,0.0567,0.72916,-0.8992,BUY,False,NONE,0.0,NONE,AGGRESSIVE_BUY
2004-02-23,2004,397.982,NO_SWEEP,8.4155,3.4457,11.8612,0.8711,4.9698,0.41899,0.2758,BUY,False,NONE,0.25,NONE,AGGRESSIVE_BUY
2004-02-24,2004,403.15,NO_SWEEP,10.1637,1.1293,11.293,0.6665,9.0344,0.8,1.4007,BUY,False,NONE,0.0,NONE,AGGRESSIVE_BUY
2004-02-25,2004,395.686,NO_SWEEP,1.7933,9.2685,11.0617,0.5687,-7.4752,-0.67577,-0.0782,SELL,False,NONE,0.0,NONE,AGGRESSIVE_SELL
2004-02-26,2004,394.658,NO_SWEEP,6.0064,7.2183,13.2247,1.0381,-1.2118,-0.09164,-1.3041,NEUTRAL,True,NONE,0.6,NONE,NEUTRAL
2004-02-27,2004,395.495,NO_SWEEP,8.1632,2.2592,10.4223,0.3411,5.904,0.56648,0.2826,BUY,False,NONE,0.25,NONE,AGGRESSIVE_BUY
2004-02-29,2004,395.629,NO_SWEEP,0.0678,0.0148,0.0827,-1.8606,0.053,0.64152,0.6009,BUY,False,NONE,0.25,NONE,AGGRESSIVE_BUY
2004-03-01,2004,398.716,NO_SWEEP,7.0846,4.0433,11.1279,0.5468,3.0412,0.2733,1.7965,BUY,False,NONE,0.0,NONE,AGGRESSIVE_BUY
2004-03-02,2004,392.536,NO_SWEEP,1.7121,9.3903,11.1024,0.4631,-7.6782,-0.69157,0.8297,SELL,False,NONE,0.0,NONE,AGGRESSIVE_SELL
2004-03-03,2004,392.417,NO_SWEEP,7.688,5.0807,12.7687,0.8297,2.6073,0.20419,0.5343,BUY,False,NONE,0.25,NONE,AGGRESSIVE_BUY
2004-03-04,2004,392.094,NO_SWEEP,2.9362,9.8464,12.7826,0.8095,-6.9101,-0.54059,-1.4587,SELL,False,NONE,0.25,NONE,AGGRESSIVE_SELL
2004-03-05,2004,400.394,NO_SWEEP,8.6587,0.9621,9.6208,0.0975,7.6967,0.8,0.4378,BUY,False,NONE,0.0,NONE,AGGRESSIVE_BUY
2004-03-07,2004,399.759,NO_SWEEP,0.0093,0.0532,0.0625,-1.8614,-0.0438,-0.70114,0.5838,SELL,False,NONE,0.0,NONE,AGGRESSIVE_SELL
2004-03-08,2004,401.465,NO_SWEEP,9.9412,1.1046,11.0458,0.5023,8.8366,0.8,0.9503,BUY,False,NONE,0.0,NONE,AGGRESSIVE_BUY
2004-03-09,2004,402.402,BUY_SIDE_SWEEP,7.6206,4.2903,11.9109,0.616,3.3302,0.27959,1.36,BUY,False,NONE,0.25,NONE,AGGRESSIVE_BUY
2004-03-10,2004,399.102,NO_SWEEP,2.8067,9.5405,12.3472,0.6453,-6.7339,-0.54538,0.1381,SELL,False,NONE,0.0,NONE,AGGRESSIVE_SELL
2004-03-11,2004,401.559,NO_SWEEP,11.7115,1.5006,13.2121,0.811,10.211,0.77285,2.3742,BUY,False,NONE,0.25,NONE,AGGRESSIVE_BUY
2004-03-12,2004,394.597,NO_SWEEP,0.9911,8.9201,9.9112,0.0382,-7.929,-0.8,1.0572,SELL,False,NONE,0.0,NONE,AGGRESSIVE_SELL
2004-03-14,2004,394.798,NO_SWEEP,0.0517,0.0057,0.0575,-1.9464,0.046,0.8,1.9267,BUY,False,NONE,0.0,NONE,AGGRESSIVE_BUY
2004-03-15,2004,398.858,NO_SWEEP,10.0359,1.6696,11.7054,0.5148,8.3663,0.71473,2.0104,BUY,False,NONE,0.0,NONE,AGGRESSIVE_BUY
2004-03-16,2004,401.799,NO_SWEEP,9.0475,2.7051,11.7525,0.4461,6.3424,0.53966,2.8087,BUY,False,NONE,0.0,NONE,AGGRESSIVE_BUY
2004-03-17,2004,405.682,NO_SWEEP,10.6122,1.8825,12.4947,0.6118,8.7296,0.69867,2.7953,BUY,False,NONE,0.0,NONE,AGGRESSIVE_BUY
2004-03-18,2004,410.427,BUY_SIDE_SWEEP,9.4054,3.213,12.6183,0.6207,6.1924,0.49075,3.1531,BUY,False,NONE,0.0,NONE,AGGRESSIVE_BUY
2004-03-19,2004,411.655,NO_SWEEP,7.1448,1.5148,8.6596,-0.2774,5.6301,0.65015,4.6986,BUY,False,NONE,0.25,NONE,AGGRESSIVE_BUY
2004-03-21,2004,411.054,NO_SWEEP,0.026,0.0744,0.1004,-1.9367,-0.0484,-0.48224,3.4162,SELL,False,NONE,0.0,NONE,AGGRESSIVE_SELL
2004-03-22,2004,416.825,BUY_SIDE_SWEEP,9.8686,1.3601,11.2287,0.4247,8.5085,0.75775,5.4709,BUY,False,NONE,0.0,NONE,AGGRESSIVE_BUY
2004-03-23,2004,419.013,BUY_SIDE_SWEEP,10.9566,1.5758,12.5324,0.6295,9.3809,0.74853,6.6377,BUY,False,NONE,0.0,NONE,AGGRESSIVE_BUY
2004-03-24,2004,414.988,NO_SWEEP,2.1017,11.2154,13.3171,0.7773,-9.1136,-0.68436,4.4527,SELL,False,NONE,0.0,NONE,AGGRESSIVE_SELL
2004-03-25,2004,415.67,NO_SWEEP,7.4415,4.7516,12.1931,0.5019,2.69,0.22061,3.9962,BUY,False,NONE,0.25,NONE,AGGRESSIVE_BUY
2004-03-26,2004,421.42,BUY_SIDE_SWEEP,10.2494,1.5169,11.7663,0.4176,8.7326,0.74217,3.9965,BUY,False,NONE,0.0,NONE,AGGRESSIVE_BUY
2004-03-28,2004,420.77,NO_SWEEP,0.0156,0.0608,0.0763,-1.9433,-0.0452,-0.59237,3.2168,SELL,False,NONE,0.0,NONE,AGGRESSIVE_SELL
2004-03-29,2004,416.662,NO_SWEEP,1.8429,12.4205,14.2634,0.9628,-10.5776,-0.74159,1.1909,SELL,False,NONE,0.0,NONE,AGGRESSIVE_SELL
2004-03-30,2004,420.164,NO_SWEEP,10.7175,2.6839,13.4014,0.7161,8.0335,0.59946,2.2011,BUY,False,NONE,0.0,NONE,AGGRESSIVE_BUY
2004-03-31,2004,426.285,BUY_SIDE_SWEEP,16.0471,1.783,17.8301,1.5357,14.2641,0.8,2.9206,BUY,False,NONE,0.35,NONE,AGGRESSIVE_BUY
2004-04-01,2004,425.705,NO_SWEEP,4.7137,14.3936,19.1073,1.6107,-9.6799,-0.50661,0.538,SELL,True,NONE,0.6,NONE,AGGRESSIVE_SELL
2004-04-02,2004,419.882,NO_SWEEP,1.9812,9.4377,11.4189,0.1059,-7.4565,-0.65299,0.7451,SELL,False,NONE,0.0,NONE,AGGRESSIVE_SELL
2004-04-04,2004,419.895,NO_SWEEP,0.0162,0.013,0.0292,-1.8346,0.0032,0.10924,0.4093,NEUTRAL,False,NONE,0.25,NONE,NEUTRAL
2004-04-05,2004,415.314,NO_SWEEP,2.6653,10.2296,12.8949,0.4516,-7.5643,-0.58661,-1.6278,SELL,False,NONE,0.0,NONE,AGGRESSIVE_SELL
2004-04-06,2004,418.976,NO_SWEEP,13.265,1.4739,14.7389,0.7083,11.7911,0.8,-0.1483,BUY,False,NONE,0.0,NONE,AGGRESSIVE_BUY
2004-04-07,2004,421.887,NO_SWEEP,12.8096,2.4049,15.2144,0.7555,10.4047,0.68387,2.4745,BUY,False,NONE,0.0,NONE,AGGRESSIVE_BUY
2004-04-08,2004,419.043,NO_SWEEP,2.5701,11.7887,14.3588,0.5615,-9.2187,-0.64202,0.318,SELL,False,NONE,0.0,NONE,AGGRESSIVE_SELL
2004-04-09,2004,419.085,NO_SWEEP,0.8457,0.7765,1.6222,-1.6351,0.0692,0.04263,-1.4564,NEUTRAL,False,NONE,0.25,NONE,NEUTRAL
2004-04-11,2004,419.078,NO_SWEEP,0.0318,0.1143,0.1461,-1.6561,-0.0824,-0.56432,-0.2567,SELL,False,NONE,0.0,NONE,AGGRESSIVE_SELL
2004-04-12,2004,418.12,NO_SWEEP,2.6611,8.2799,10.941,0.0956,-5.6188,-0.51355,-0.027,SELL,False,NONE,0.25,NONE,AGGRESSIVE_SELL
2004-04-13,2004,406.282,SELL_SIDE_SWEEP,1.5341,13.8068,15.3408,0.7406,-12.2727,-0.8,-1.5615,SELL,False,NONE,0.0,NONE,AGGRESSIVE_SELL
2004-04-14,2004,400.216,SELL_SIDE_SWEEP,4.2445,13.3081,17.5526,1.0421,-9.0636,-0.51637,-1.7489,SELL,False,NONE,0.35,NONE,AGGRESSIVE_SELL
2004-04-15,2004,398.4,NO_SWEEP,7.817,10.6102,18.4272,1.1047,-2.7932,-0.15158,-3.5719,NEUTRAL,True,NONE,0.6,NONE,NEUTRAL
2004-04-16,2004,399.629,NO_SWEEP,10.3475,4.1241,14.4717,0.441,6.2234,0.43004,-4.0946,BUY,False,NONE,0.25,NONE,AGGRESSIVE_BUY
2004-04-18,2004,400.727,NO_SWEEP,0.0805,0.0356,0.1161,-1.68,0.0449,0.38643,-2.9367,BUY,False,NONE,0.25,NONE,AGGRESSIVE_BUY
2004-04-19,2004,399.89,NO_SWEEP,1.8099,13.9452,15.7551,0.6558,-12.1353,-0.77025,-4.4622,SELL,False,NONE,0.25,NONE,AGGRESSIVE_SELL
2004-04-20,2004,392.044,SELL_SIDE_SWEEP,1.7613,15.852,17.6134,0.8549,-14.0907,-0.8,-6.2133,SELL,False,NONE,0.0,NONE,AGGRESSIVE_SELL
2004-04-21,2004,389.771,SELL_SIDE_SWEEP,2.4918,14.4791,16.9709,0.7225,-11.9872,-0.70634,-7.0093,SELL,False,NONE,0.25,NONE,AGGRESSIVE_SELL
2004-04-22,2004,393.683,NO_SWEEP,14.6989,1.6332,16.3321,0.5932,13.0657,0.8,-3.842,BUY,False,NONE,0.0,NONE,AGGRESSIVE_BUY
2004-04-23,2004,394.409,NO_SWEEP,10.0171,4.1794,14.1965,0.2919,5.8377,0.41121,-1.9794,BUY,False,NONE,0.25,NONE,AGGRESSIVE_BUY
2004-04-25,2004,394.354,NO_SWEEP,0.0292,0.0592,0.0884,-1.7102,-0.03,-0.33886,-1.634,SELL,False,NONE,0.0,NONE,AGGRESSIVE_SELL
2004-04-26,2004,395.964,NO_SWEEP,12.4596,3.5224,15.982,0.6486,8.9373,0.55921,-1.2947,BUY,False,NONE,0.25,NONE,AGGRESSIVE_BUY
2004-04-27,2004,397.917,NO_SWEEP,13.9953,3.0859,17.0812,0.7363,10.9094,0.63868,0.0633,BUY,False,NONE,0.0,NONE,AGGRESSIVE_BUY
2004-04-28,2004,383.807,SELL_SIDE_SWEEP,1.6768,15.0911,16.7679,0.6478,-13.4144,-0.8,-0.0965,SELL,False,NONE,0.0,NONE,AGGRESSIVE_SELL
2004-04-29,2004,387.082,NO_SWEEP,16.5471,1.8386,18.3857,0.8608,14.7086,0.8,3.5034,BUY,False,NONE,0.25,NONE,AGGRESSIVE_BUY
2004-04-30,2004,385.86,NO_SWEEP,1.6203,11.6798,13.3001,0.0826,-10.0596,-0.75635,3.7443,SELL,False,NONE,0.25,NONE,AGGRESSIVE_SELL
2004-05-02,2004,387.245,NO_SWEEP,0.04,0.0044,0.0444,-1.7289,0.0355,0.8,2.1156,BUY,False,NONE,0.0,NONE,AGGRESSIVE_BUY
2004-05-03,2004,386.56,NO_SWEEP,4.0391,9.9254,13.9646,0.1977,-5.8863,-0.42152,0.6501,SELL,False,NONE,0.25,NONE,AGGRESSIVE_SELL
2004-05-04,2004,391.884,NO_SWEEP,14.5814,1.6202,16.2015,0.4621,12.9612,0.8,2.274,BUY,False,NONE,0.0,NONE,AGGRESSIVE_BUY
2004-05-05,2004,392.337,NO_SWEEP,11.5296,4.6829,16.2125,0.4194,6.8468,0.42231,2.0127,BUY,False,NONE,0.25,NONE,AGGRESSIVE_BUY
2004-05-06,2004,386.959,NO_SWEEP,1.8999,15.4779,17.3779,0.5954,-13.578,-0.78134,-1.0483,SELL,False,NONE,0.0,NONE,AGGRESSIVE_SELL
2004-05-07,2004,378.296,NO_SWEEP,1.6632,13.7792,15.4424,0.2896,-12.1161,-0.7846,-0.886,SELL,False,NONE,0.0,NONE,AGGRESSIVE_SELL
2004-05-09,2004,378.399,NO_SWEEP,0.0806,0.0673,0.1479,-1.9559,0.0133,0.09006,-2.7229,NEUTRAL,False,NONE,0.25,NONE,NEUTRAL
2004-05-10,2004,377.896,NO_SWEEP,7.9628,5.1575,13.1204,0.0565,2.8053,0.21381,-1.1148,BUY,False,NONE,0.25,NONE,AGGRESSIVE_BUY
2004-05-11,2004,377.686,NO_SWEEP,10.4823,3.0377,13.52,0.0164,7.4445,0.55063,-0.1887,BUY,False,NONE,0.25,NONE,AGGRESSIVE_BUY
2004-05-12,2004,377.978,NO_SWEEP,6.3514,6.8706,13.2219,-0.0133,-0.5192,-0.03927,0.4822,NEUTRAL,False,NONE,0.25,NONE,NEUTRAL
2004-05-13,2004,373.406,NO_SWEEP,1.5973,10.7677,12.365,-0.1183,-9.1703,-0.74163,-2.2842,SELL,False,NONE,0.0,NONE,AGGRESSIVE_SELL
2004-05-14,2004,376.185,NO_SWEEP,8.7487,0.9999,9.7487,-0.5186,7.7488,0.79485,-2.1715,BUY,False,NONE,0.0,NONE,AGGRESSIVE_BUY
2004-05-16,2004,376.331,NO_SWEEP,0.0624,0.0192,0.0815,-1.9,0.0432,0.53023,-0.4688,BUY,False,NONE,0.25,NONE,AGGRESSIVE_BUY
2004-05-17,2004,378.369,NO_SWEEP,12.0226,9.286,21.3086,1.3942,2.7366,0.12843,1.3878,NEUTRAL,True,NONE,0.6,NONE,NEUTRAL
2004-05-18,2004,375.872,NO_SWEEP,4.6716,17.4844,22.1559,1.4169,-12.8128,-0.5783,-0.2155,SELL,False,NONE,0.35,NONE,AGGRESSIVE_SELL
2004-05-19,2004,380.691,NO_SWEEP,16.8732,3.9018,20.7751,1.1233,12.9714,0.62437,1.0553,BUY,False,NONE,0.35,NONE,AGGRESSIVE_BUY
2004-05-20,2004,379.306,NO_SWEEP,5.5955,13.7095,19.3051,0.8665,-8.114,-0.42031,-0.8895,SELL,False,NONE,0.25,NONE,AGGRESSIVE_SELL
2004-05-21,2004,383.728,BUY_SIDE_SWEEP,10.211,4.3288,14.5399,0.1514,5.8822,0.40456,-0.0894,BUY,False,NONE,0.0,NONE,AGGRESSIVE_BUY
2004-05-23,2004,383.342,NO_SWEEP,0.0157,0.1417,0.1574,-1.7884,-0.1259,-0.8,1.0412,SELL,False,NONE,0.0,NONE,AGGRESSIVE_SELL
2004-05-24,2004,384.99,NO_SWEEP,9.345,2.8236,12.1686,-0.0608,6.5214,0.53592,0.8878,BUY,False,NONE,0.0,NONE,AGGRESSIVE_BUY
2004-05-25,2004,387.964,BUY_SIDE_SWEEP,8.8288,2.0883,10.9171,-0.3477,6.7404,0.61742,1.7249,BUY,False,NONE,0.0,NONE,AGGRESSIVE_BUY
2004-05-26,2004,387.615,NO_SWEEP,1.4391,9.216,10.6551,-0.3617,-7.7768,-0.72987,0.4107,SELL,False,NONE,0.25,NONE,AGGRESSIVE_SELL
2004-05-27,2004,394.04,BUY_SIDE_SWEEP,11.3248,1.5619,12.8867,0.0128,9.7629,0.75759,3.2327,BUY,False,NONE,0.0,NONE,AGGRESSIVE_BUY
2004-05-28,2004,392.872,NO_SWEEP,1.7431,8.5047,10.2478,-0.3568,-6.7616,-0.65981,0.7661,SELL,False,NONE,0.0,NONE,AGGRESSIVE_SELL
2004-05-30,2004,393.277,NO_SWEEP,0.0907,0.0226,0.1133,-1.7028,0.0681,0.60089,1.7888,BUY,False,NONE,0.25,NONE,AGGRESSIVE_BUY
2004-05-31,2004,394.689,NO_SWEEP,4.8005,1.2146,6.0151,-0.7563,3.5859,0.59614,1.5018,BUY,False,NONE,0.0,NONE,AGGRESSIVE_BUY
2004-06-01,2004,393.936,NO_SWEEP,2.3923,11.444,13.8363,0.3118,-9.0516,-0.6542,0.3861,SELL,False,NONE,0.25,NONE,AGGRESSIVE_SELL
2004-06-02,2004,391.218,NO_SWEEP,2.3597,11.1186,13.4783,0.2524,-8.7588,-0.64985,-1.524,SELL,False,NONE,0.0,NONE,AGGRESSIVE_SELL
2004-06-03,2004,387.78,NO_SWEEP,2.2111,12.9326,15.1437,0.4994,-10.7214,-0.70798,-3.7067,SELL,False,NONE,0.0,NONE,AGGRESSIVE_SELL
2004-06-04,2004,389.517,NO_SWEEP,8.8416,1.9671,10.8088,-0.1609,6.8745,0.63601,-1.8753,BUY,False,NONE,0.25,NONE,AGGRESSIVE_BUY
2004-06-06,2004,390.132,NO_SWEEP,0.0197,0.009,0.0287,-1.6271,0.0106,0.36987,-3.0943,BUY,False,NONE,0.25,NONE,AGGRESSIVE_BUY
2004-06-07,2004,393.037,NO_SWEEP,11.8319,2.901,14.733,0.4726,8.9309,0.60619,-1.1327,BUY,False,NONE,0.0,NONE,AGGRESSIVE_BUY
2004-06-08,2004,391.193,NO_SWEEP,3.6926,14.8631,18.5558,0.9409,-11.1705,-0.60199,-2.5376,SELL,False,NONE,0.0,NONE,AGGRESSIVE_SELL
2004-06-09,2004,383.351,SELL_SIDE_SWEEP,1.9549,17.5937,19.5486,1.1247,-15.6389,-0.8,-4.9407,SELL,False,NONE,0.35,NONE,AGGRESSIVE_SELL
2004-06-10,2004,385.344,NO_SWEEP,14.6589,4.9001,19.5589,1.1787,9.7588,0.49894,-2.5894,BUY,True,NONE,0.6,NONE,AGGRESSIVE_BUY
2004-06-11,2004,384.1,NO_SWEEP,205.36,66.64,272.0,4.3351,138.72,0.51,15.8455,BUY,True,NONE,0.6,NONE,AGGRESSIVE_BUY
2004-06-14,2004,382.8,NO_SWEEP,332.85,1569.15,1902.0,4.3172,-1236.3,-0.65,-137.3518,SELL,False,NONE,0.35,NONE,AGGRESSIVE_SELL
2004-06-15,2004,388.6,NO_SWEEP,1755.9,195.1,1951.0,3.0276,1560.8,0.8,56.8889,BUY,False,NONE,0.35,NONE,AGGRESSIVE_BUY
2004-06-16,2004,383.8,NO_SWEEP,234.9667,1779.0333,2014.0,2.4561,-1544.0667,-0.76667,-136.1208,SELL,False,NONE,0.35,NONE,AGGRESSIVE_SELL
2004-06-17,2004,387.6,NO_SWEEP,1271.8222,296.1778,1568.0,1.5895,975.6444,0.62222,-15.2816,BUY,False,NONE,0.35,NONE,AGGRESSIVE_BUY
2004-06-18,2004,394.3,NO_SWEEP,2020.015,236.985,2257.0,2.0939,1783.03,0.79,208.9935,BUY,False,NONE,0.35,NONE,AGGRESSIVE_BUY
2004-06-21,2004,393.1,NO_SWEEP,249.3191,1424.6809,1674.0,1.2539,-1175.3617,-0.70213,64.0281,SELL,True,NONE,0.6,NONE,AGGRESSIVE_SELL
2004-06-22,2004,394.1,NO_SWEEP,865.305,541.695,1407.0,0.8577,323.61,0.23,103.2595,BUY,False,NONE,0.25,NONE,AGGRESSIVE_BUY
2004-06-23,2004,395.6,NO_SWEEP,1531.2558,297.7442,1829.0,1.2069,1233.5116,0.67442,240.1085,BUY,False,NONE,0.35,NONE,AGGRESSIVE_BUY
2004-06-24,2004,401.1,BUY_SIDE_SWEEP,1746.7433,244.2567,1991.0,1.2468,1502.4866,0.75464,582.4568,BUY,False,NONE,0.35,NONE,AGGRESSIVE_BUY
2004-06-25,2004,401.1,NO_SWEEP,416.8889,1191.1111,1608.0,0.7467,-774.2222,-0.48148,290.579,SELL,False,NONE,0.25,NONE,AGGRESSIVE_SELL
2004-06-28,2004,399.8,NO_SWEEP,256.3448,1867.6552,2124.0,1.1858,-1611.3103,-0.75862,282.1736,SELL,True,NONE,0.6,NONE,AGGRESSIVE_SELL
2004-06-29,2004,391.3,NO_SWEEP,217.5,1957.5,2175.0,1.1229,-1740.0,-0.8,-57.282,SELL,False,NONE,0.35,NONE,AGGRESSIVE_SELL
2004-06-30,2004,393.3,NO_SWEEP,1270.4038,860.5962,2131.0,0.9751,409.8077,0.19231,-228.9348,BUY,False,NONE,0.25,NONE,AGGRESSIVE_BUY
2004-07-01,2004,395.0,NO_SWEEP,1509.9163,226.0837,1736.0,0.4638,1283.8326,0.73953,78.4645,BUY,False,NONE,0.0,NONE,AGGRESSIVE_BUY
2004-07-02,2004,397.8,NO_SWEEP,1266.3059,249.6941,1516.0,0.1296,1016.6118,0.67059,165.0897,BUY,False,NONE,0.25,NONE,AGGRESSIVE_BUY
2004-07-06,2004,392.1,NO_SWEEP,246.6175,761.3825,1008.0,-0.6053,-514.765,-0.51068,-53.4449,SELL,False,NONE,0.0,NONE,AGGRESSIVE_SELL
2004-07-07,2004,401.8,NO_SWEEP,711.92,80.08,792.0,-1.0247,631.84,0.79778,-162.2757,BUY,False,NONE,0.0,NONE,AGGRESSIVE_BUY
2004-07-08,2004,407.3,BUY_SIDE_SWEEP,822.6,91.4,914.0,-1.0192,731.2,0.8,25.9021,BUY,False,NONE,0.0,NONE,AGGRESSIVE_BUY
2004-07-09,2004,407.1,NO_SWEEP,416.325,376.675,793.0,-1.4594,39.65,0.05,232.2721,NEUTRAL,False,NONE,0.25,NONE,NEUTRAL
2004-07-12,2004,406.6,NO_SWEEP,293.9152,572.0848,866.0,-1.5505,-278.1697,-0.32121,415.0009,SELL,False,NONE,0.25,NONE,AGGRESSIVE_SELL
2004-07-13,2004,403.1,NO_SWEEP,505.5909,1083.4091,1589.0,-0.0171,-577.8182,-0.36364,291.5477,SELL,False,NONE,0.0,NONE,AGGRESSIVE_SELL
2004-07-14,2004,404.8,NO_SWEEP,851.4,138.6,990.0,-1.1473,712.8,0.72,220.1686,BUY,False,NONE,0.0,NONE,AGGRESSIVE_BUY
2004-07-15,2004,403.1,NO_SWEEP,711.3953,1188.6047,1900.0,0.7391,-477.2093,-0.25116,33.441,SELL,False,NONE,0.25,NONE,AGGRESSIVE_SELL
2004-07-16,2004,406.1,NO_SWEEP,765.5094,116.4906,882.0,-1.2456,649.0189,0.73585,178.914,BUY,False,NONE,0.0,NONE,AGGRESSIVE_BUY
2004-07-19,2004,404.8,NO_SWEEP,162.3243,695.6757,858.0,-1.1819,-533.3514,-0.62162,33.265,SELL,False,NONE,0.25,NONE,AGGRESSIVE_SELL
2004-07-20,2004,400.8,NO_SWEEP,341.4,1365.6,1707.0,0.5405,-1024.2,-0.6,-186.16,SELL,False,NONE,0.0,NONE,AGGRESSIVE_SELL
2004-07-21,2004,396.1,NO_SWEEP,393.8308,1514.1692,1908.0,0.8793,-1120.3385,-0.58718,-331.1585,SELL,False,NONE,0.0,NONE,AGGRESSIVE_SELL
2004-07-22,2004,393.3,SELL_SIDE_SWEEP,190.7,1716.3,1907.0,0.8643,-1525.6,-0.8,-487.0873,SELL,False,NONE,0.0,NONE,AGGRESSIVE_SELL
2004-07-23,2004,389.3,SELL_SIDE_SWEEP,437.8871,1461.1129,1899.0,0.865,-1023.2259,-0.53882,-542.7633,SELL,False,NONE,0.0,NONE,AGGRESSIVE_SELL
2004-07-26,2004,389.8,NO_SWEEP,1190.22,801.78,1992.0,0.9879,388.44,0.195,-583.3083,BUY,False,NONE,0.25,NONE,AGGRESSIVE_BUY
2004-07-27,2004,386.6,NO_SWEEP,400.8375,2653.1625,3054.0,2.5224,-2252.325,-0.7375,-805.1977,SELL,False,NONE,0.35,NONE,AGGRESSIVE_SELL
2004-07-28,2004,387.3,NO_SWEEP,2193.2255,1011.7745,3205.0,2.3388,1181.451,0.36863,-738.6437,BUY,True,NONE,0.6,NONE,AGGRESSIVE_BUY
2004-07-29,2004,387.1,NO_SWEEP,577.5382,1943.4618,2521.0,1.2871,-1365.9236,-0.54182,-842.7152,SELL,True,NONE,0.6,NONE,AGGRESSIVE_SELL
2004-07-30,2004,390.5,NO_SWEEP,2339.2309,463.7691,2803.0,1.5092,1875.4618,0.66909,-480.2575,BUY,False,NONE,0.35,NONE,AGGRESSIVE_BUY
2004-08-02,2004,391.1,NO_SWEEP,885.96,1040.04,1926.0,0.3285,-154.08,-0.08,-359.4752,NEUTRAL,False,NONE,0.25,NONE,NEUTRAL
2004-08-03,2004,393.1,NO_SWEEP,2778.5548,435.4452,3214.0,1.7518,2343.1097,0.72903,124.1135,BUY,True,NONE,0.6,NONE,AGGRESSIVE_BUY
2004-08-04,2004,391.8,NO_SWEEP,1113.5667,1923.4333,3037.0,1.3802,-809.8667,-0.26667,150.7834,SELL,False,NONE,0.35,NONE,AGGRESSIVE_SELL
2004-08-05,2004,391.8,NO_SWEEP,1401.25,498.75,1900.0,-0.0599,902.5,0.475,215.0409,BUY,False,NONE,0.25,NONE,AGGRESSIVE_BUY
2004-08-06,2004,398.8,BUY_SIDE_SWEEP,1670.4316,207.5684,1878.0,-0.1654,1462.8632,0.77895,679.4394,BUY,False,NONE,0.0,NONE,AGGRESSIVE_BUY
2004-08-09,2004,399.8,NO_SWEEP,1290.5156,158.4844,1449.0,-0.8145,1132.0312,0.78125,673.262,BUY,False,NONE,0.25,NONE,AGGRESSIVE_BUY
2004-08-10,2004,399.1,NO_SWEEP,550.5818,891.4182,1442.0,-0.8081,-340.8364,-0.23636,801.3979,SELL,False,NONE,0.25,NONE,AGGRESSIVE_SELL
2004-08-11,2004,394.6,NO_SWEEP,360.5926,1162.4074,1523.0,-0.7639,-801.8147,-0.52647,466.7383,SELL,False,NONE,0.0,NONE,AGGRESSIVE_SELL
2004-08-12,2004,393.3,NO_SWEEP,173.0,1557.0,1730.0,-0.4498,-1384.0,-0.8,312.9983,SELL,False,NONE,0.0,NONE,AGGRESSIVE_SELL
2004-08-13,2004,398.1,NO_SWEEP,2422.8,269.2,2692.0,0.8576,2153.6,0.8,289.3096,BUY,False,NONE,0.0,NONE,AGGRESSIVE_BUY
2004-08-16,2004,401.3,BUY_SIDE_SWEEP,1097.0036,325.9964,1423.0,-1.2138,771.0073,0.54182,486.9188,BUY,False,NONE,0.0,NONE,AGGRESSIVE_BUY
2004-08-17,2004,404.8,BUY_SIDE_SWEEP,927.9,103.1,1031.0,-1.6876,824.8,0.8,477.2063,BUY,False,NONE,0.0,NONE,AGGRESSIVE_BUY
2004-08-18,2004,403.8,NO_SWEEP,423.5797,217.4203,641.0,-1.9621,206.1595,0.32162,320.1184,BUY,False,NONE,0.25,NONE,AGGRESSIVE_BUY
2004-08-19,2004,406.1,BUY_SIDE_SWEEP,1123.1591,321.8409,1445.0,-0.8079,801.3182,0.55455,278.7792,BUY,False,NONE,0.0,NONE,AGGRESSIVE_BUY
2004-08-20,2004,412.2,BUY_SIDE_SWEEP,1666.9391,231.0609,1898.0,-0.193,1435.8783,0.75652,500.8686,BUY,False,NONE,0.0,NONE,AGGRESSIVE_BUY
2004-08-23,2004,409.3,NO_SWEEP,503.7375,1415.2625,1919.0,-0.1594,-911.525,-0.475,487.1548,SELL,False,NONE,0.0,NONE,AGGRESSIVE_SELL
2004-08-24,2004,401.6,NO_SWEEP,199.6,1796.4,1996.0,0.0177,-1596.8,-0.8,460.5548,SELL,False,NONE,0.0,NONE,AGGRESSIVE_SELL
2004-08-25,2004,406.8,NO_SWEEP,2752.2,305.8,3058.0,1.5743,2446.4,0.8,497.1548,BUY,False,NONE,0.35,NONE,AGGRESSIVE_BUY
2004-08-26,2004,406.3,NO_SWEEP,802.4681,877.5319,1680.0,-0.3749,-75.0638,-0.04468,391.3959,NEUTRAL,False,NONE,0.25,NONE,NEUTRAL
2004-08-27,2004,402.3,NO_SWEEP,349.2273,2211.7727,2561.0,0.9613,-1862.5455,-0.72727,55.4777,SELL,False,NONE,0.0,NONE,AGGRESSIVE_SELL
2004-08-30,2004,408.1,NO_SWEEP,846.0,94.0,940.0,-1.3361,752.0,0.8,123.7078,BUY,False,NONE,0.0,NONE,AGGRESSIVE_BUY
2004-08-31,2004,409.3,NO_SWEEP,843.3333,256.6667,1100.0,-1.0341,586.6667,0.53333,96.8763,BUY,False,NONE,0.0,NONE,AGGRESSIVE_BUY
2004-09-01,2004,407.8,NO_SWEEP,653.1,1212.9,1866.0,0.2729,-559.8,-0.3,-152.5835,SELL,False,NONE,0.0,NONE,AGGRESSIVE_SELL
2004-09-02,2004,405.6,NO_SWEEP,197.76,1038.24,1236.0,-0.7526,-840.48,-0.68,-143.7028,SELL,False,NONE,0.0,NONE,AGGRESSIVE_SELL
2004-09-03,2004,399.8,SELL_SIDE_SWEEP,168.7636,1378.2364,1547.0,-0.192,-1209.4727,-0.78182,-95.2869,SELL,False,NONE,0.0,NONE,AGGRESSIVE_SELL
2004-09-07,2004,397.8,SELL_SIDE_SWEEP,281.5189,1139.4811,1421.0,-0.4055,-857.9623,-0.60377,-508.3322,SELL,False,NONE,0.0,NONE,AGGRESSIVE_SELL
2004-09-08,2004,399.1,NO_SWEEP,2176.2,241.8,2418.0,1.1794,1934.4,0.8,-257.1492,BUY,True,NONE,0.6,NONE,AGGRESSIVE_BUY
2004-09-09,2004,397.6,NO_SWEEP,546.1892,2340.8108,2887.0,1.7014,-1794.6216,-0.62162,-248.6587,SELL,True,NONE,0.6,NONE,AGGRESSIVE_SELL
2004-09-10,2004,402.3,NO_SWEEP,2469.6,274.4,2744.0,1.3376,2195.2,0.8,-68.2587,BUY,False,NONE,0.35,NONE,AGGRESSIVE_BUY
2004-09-13,2004,403.3,NO_SWEEP,2272.7419,289.2581,2562.0,1.0943,1983.4839,0.77419,106.3434,BUY,False,NONE,0.35,NONE,AGGRESSIVE_BUY
2004-09-14,2004,405.6,NO_SWEEP,1285.7,209.3,1495.0,-0.4831,1076.4,0.72,310.8684,BUY,False,NONE,0.0,NONE,AGGRESSIVE_BUY
2004-09-15,2004,404.6,NO_SWEEP,1038.1618,978.8382,2017.0,0.2226,59.3235,0.02941,423.3438,NEUTRAL,False,NONE,0.25,NONE,NEUTRAL
2004-09-16,2004,403.8,NO_SWEEP,1940.9459,769.0541,2710.0,1.1991,1171.8919,0.43243,721.0144,BUY,True,NONE,0.6,NONE,AGGRESSIVE_BUY
2004-09-17,2004,405.0,NO_SWEEP,2029.3073,762.6927,2792.0,1.1996,1266.6146,0.45366,986.5865,BUY,True,NONE,0.6,NONE,AGGRESSIVE_BUY
2004-09-20,2004,404.3,NO_SWEEP,786.66,1086.34,1873.0,-0.2689,-299.68,-0.16,707.3265,NEUTRAL,False,NONE,0.25,NONE,NEUTRAL
2004-09-21,2004,409.3,BUY_SIDE_SWEEP,1348.2,149.8,1498.0,-0.8208,1198.4,0.8,1081.4542,BUY,False,NONE,0.0,NONE,AGGRESSIVE_BUY
2004-09-22,2004,406.3,NO_SWEEP,831.6483,1629.3517,2461.0,0.6495,-797.7034,-0.32414,707.3413,SELL,False,NONE,0.25,NONE,AGGRESSIVE_SELL
2004-09-23,2004,410.1,BUY_SIDE_SWEEP,1942.875,412.125,2355.0,0.5735,1530.75,0.65,650.7496,BUY,False,NONE,0.0,NONE,AGGRESSIVE_BUY
2004-09-24,2004,407.1,NO_SWEEP,330.925,1560.075,1891.0,-0.2125,-1229.15,-0.65,362.5558,SELL,False,NONE,0.0,NONE,AGGRESSIVE_SELL
2004-09-27,2004,408.8,NO_SWEEP,803.5733,184.4267,988.0,-1.5183,619.1467,0.62667,432.5337,BUY,False,NONE,0.0,NONE,AGGRESSIVE_BUY
2004-09-28,2004,411.6,NO_SWEEP,2072.087,371.913,2444.0,0.7245,1700.1739,0.69565,498.569,BUY,False,NONE,0.0,NONE,AGGRESSIVE_BUY
2004-09-29,2004,412.1,NO_SWEEP,2582.64,1215.36,3798.0,2.459,1367.28,0.36,511.1521,BUY,True,NONE,0.6,NONE,AGGRESSIVE_BUY
2004-09-30,2004,417.8,BUY_SIDE_SWEEP,3639.6,404.4,4044.0,2.2807,3235.2,0.8,953.0121,BUY,False,NONE,0.35,NONE,AGGRESSIVE_BUY
2004-10-01,2004,419.0,BUY_SIDE_SWEEP,1220.4,135.6,1356.0,-1.1727,1084.8,0.8,938.8121,BUY,False,NONE,0.0,NONE,AGGRESSIVE_BUY
2004-10-04,2004,418.8,NO_SWEEP,842.4,93.6,936.0,-1.5953,748.8,0.8,1132.1251,BUY,False,NONE,0.25,NONE,AGGRESSIVE_BUY
2004-10-05,2004,418.3,NO_SWEEP,782.1,86.9,869.0,-1.5747,695.2,0.8,1027.6813,BUY,False,NONE,0.0,NONE,AGGRESSIVE_BUY
2004-10-06,2004,417.3,NO_SWEEP,300.05,758.95,1059.0,-1.2221,-458.9,-0.43333,1123.9626,SELL,False,NONE,0.25,NONE,AGGRESSIVE_SELL
2004-10-07,2004,417.1,NO_SWEEP,336.5,3028.5,3365.0,1.3215,-2692.0,-0.8,710.0692,SELL,True,NONE,0.6,NONE,AGGRESSIVE_SELL
2004-10-08,2004,422.3,BUY_SIDE_SWEEP,636.2154,76.7846,713.0,-1.4169,559.4308,0.78462,567.4763,BUY,False,NONE,0.0,NONE,AGGRESSIVE_BUY
2004-10-11,2004,421.6,NO_SWEEP,261.8,486.2,748.0,-1.2408,-224.4,-0.3,368.5163,SELL,False,NONE,0.0,NONE,AGGRESSIVE_SELL
2004-10-12,2004,414.8,NO_SWEEP,147.3537,761.6463,909.0,-1.0246,-614.2926,-0.67579,-112.6702,SELL,False,NONE,0.0,NONE,AGGRESSIVE_SELL
2004-10-13,2004,415.3,NO_SWEEP,1219.5,135.5,1355.0,-0.5448,1084.0,0.8,-112.7702,BUY,False,NONE,0.25,NONE,AGGRESSIVE_BUY
2004-10-14,2004,417.3,NO_SWEEP,1204.8128,262.1872,1467.0,-0.3782,942.6255,0.64255,-88.542,BUY,False,NONE,0.0,NONE,AGGRESSIVE_BUY
2004-10-15,2004,418.3,NO_SWEEP,529.3056,500.6944,1030.0,-0.7333,28.6111,0.02778,-171.8657,NEUTRAL,False,NONE,0.25,NONE,NEUTRAL
2004-10-18,2004,415.3,NO_SWEEP,112.8,1015.2,1128.0,-0.5917,-902.4,-0.8,-227.3032,SELL,False,NONE,0.0,NONE,AGGRESSIVE_SELL
2004-10-19,2004,419.3,NO_SWEEP,1148.6814,137.3186,1286.0,-0.422,1011.3627,0.78644,235.6172,BUY,False,NONE,0.0,NONE,AGGRESSIVE_BUY
2004-10-20,2004,423.1,NO_SWEEP,730.4903,271.5097,1002.0,-0.6346,458.9806,0.45806,223.0609,BUY,False,NONE,0.0,NONE,AGGRESSIVE_BUY
2004-10-21,2004,423.3,NO_SWEEP,755.5116,518.4884,1274.0,-0.3123,237.0233,0.18605,280.7388,BUY,False,NONE,0.25,NONE,AGGRESSIVE_BUY
2004-10-22,2004,423.7,NO_SWEEP,497.6125,536.3875,1034.0,-0.5093,-38.775,-0.0375,352.6785,NEUTRAL,False,NONE,0.25,NONE,NEUTRAL
2004-10-25,2004,427.8,BUY_SIDE_SWEEP,723.6,482.4,1206.0,-0.349,241.2,0.2,247.3285,BUY,False,NONE,0.0,NONE,AGGRESSIVE_BUY
2004-10-26,2004,426.3,NO_SWEEP,330.4651,684.5349,1015.0,-0.4774,-354.0698,-0.34884,85.2416,SELL,False,NONE,0.0,NONE,AGGRESSIVE_SELL
2004-10-27,2004,423.8,NO_SWEEP,161.2545,1105.7455,1267.0,-0.1056,-944.4909,-0.74545,-36.3961,SELL,False,NONE,0.0,NONE,AGGRESSIVE_SELL
2004-10-28,2004,423.8,NO_SWEEP,981.5385,468.4615,1450.0,0.423,513.0769,0.35385,140.5385,BUY,False,NONE,0.25,NONE,AGGRESSIVE_BUY
2004-10-29,2004,428.1,NO_SWEEP,1249.2,138.8,1388.0,0.304,1110.4,0.8,152.9181,BUY,False,NONE,0.0,NONE,AGGRESSIVE_BUY
2004-11-01,2004,426.8,NO_SWEEP,218.05,1027.95,1246.0,0.0102,-809.9,-0.65,-5.6919,SELL,False,NONE,0.0,NONE,AGGRESSIVE_SELL
2004-11-02,2004,421.1,NO_SWEEP,370.348,884.652,1255.0,-0.0092,-514.3039,-0.4098,-99.6078,SELL,False,NONE,0.0,NONE,AGGRESSIVE_SELL
2004-11-03,2004,426.3,NO_SWEEP,1131.3,125.7,1257.0,-0.0244,1005.6,0.8,30.939,BUY,False,NONE,0.0,NONE,AGGRESSIVE_BUY
2004-11-04,2004,429.1,NO_SWEEP,817.1918,412.8082,1230.0,0.3243,404.3836,0.32877,51.337,BUY,False,NONE,0.25,NONE,AGGRESSIVE_BUY
2004-11-05,2004,433.1,BUY_SIDE_SWEEP,1343.7,149.3,1493.0,1.5235,1194.4,0.8,244.8957,BUY,False,NONE,0.35,NONE,AGGRESSIVE_BUY
2004-11-08,2004,431.6,NO_SWEEP,163.9537,903.0463,1067.0,-0.9215,-739.0927,-0.69268,270.5705,SELL,False,NONE,0.0,NONE,AGGRESSIVE_SELL
2004-11-09,2004,434.8,NO_SWEEP,1073.0778,237.9222,1311.0,0.4908,835.1556,0.63704,310.8303,BUY,False,NONE,0.0,NONE,AGGRESSIVE_BUY
2004-11-10,2004,433.3,NO_SWEEP,217.425,1120.575,1338.0,0.6811,-903.15,-0.675,59.1366,SELL,False,NONE,0.25,NONE,AGGRESSIVE_SELL
2004-11-11,2004,434.1,NO_SWEEP,695.2,173.8,869.0,-2.1332,521.4,0.6,225.5491,BUY,False,NONE,0.0,NONE,AGGRESSIVE_BUY
2004-11-12,2004,437.3,NO_SWEEP,1082.4426,235.5574,1318.0,0.6218,846.8851,0.64255,395.6977,BUY,False,NONE,0.0,NONE,AGGRESSIVE_BUY
2004-11-15,2004,436.0,NO_SWEEP,160.087,1154.913,1315.0,0.5431,-994.8261,-0.75652,145.6444,SELL,False,NONE,0.0,NONE,AGGRESSIVE_SELL
2004-11-16,2004,439.3,NO_SWEEP,1856.2909,270.7091,2127.0,3.4263,1585.5818,0.74545,293.2942,BUY,False,NONE,0.35,NONE,AGGRESSIVE_BUY
2004-11-17,2004,444.1,BUY_SIDE_SWEEP,1930.5,214.5,2145.0,2.6691,1716.0,0.8,358.4942,BUY,False,NONE,0.35,NONE,AGGRESSIVE_BUY
2004-11-18,2004,441.6,NO_SWEEP,266.8867,937.1133,1204.0,-0.4008,-670.2267,-0.55667,367.1025,SELL,False,NONE,0.0,NONE,AGGRESSIVE_SELL
2004-11-19,2004,446.6,BUY_SIDE_SWEEP,1229.5262,182.4738,1412.0,0.2218,1047.0523,0.74154,393.5896,BUY,False,NONE,0.0,NONE,AGGRESSIVE_BUY
2004-11-22,2004,448.3,BUY_SIDE_SWEEP,729.9,81.1,811.0,-1.6086,648.8,0.8,587.5833,BUY,False,NONE,0.0,NONE,AGGRESSIVE_BUY
2004-11-23,2004,447.1,NO_SWEEP,303.9135,700.0865,1004.0,-1.0023,-396.173,-0.39459,472.8867,SELL,False,NONE,0.25,NONE,AGGRESSIVE_SELL
2004-11-24,2004,448.8,NO_SWEEP,1225.8,136.2,1362.0,0.0996,1089.6,0.8,503.226,BUY,False,NONE,0.0,NONE,AGGRESSIVE_BUY
2004-11-26,2004,451.3,BUY_SIDE_SWEEP,96.8776,252.1224,349.0,-2.4149,-155.2448,-0.44483,608.1737,SELL,False,NONE,0.0,NONE,AGGRESSIVE_SELL
2004-11-29,2004,452.8,NO_SWEEP,835.566,206.434,1042.0,-0.5592,629.1321,0.60377,488.6175,BUY,False,NONE,0.25,NONE,AGGRESSIVE_BUY
2004-11-30,2004,450.3,NO_SWEEP,526.2158,1060.7842,1587.0,0.7957,-534.5684,-0.33684,207.2964,SELL,False,NONE,0.0,NONE,AGGRESSIVE_SELL
2004-12-01,2004,453.8,NO_SWEEP,1059.163,234.837,1294.0,0.044,824.3259,0.63704,394.1155,BUY,False,NONE,0.0,NONE,AGGRESSIVE_BUY
2004-12-02,2004,448.3,NO_SWEEP,155.068,1108.932,1264.0,-0.0334,-953.8639,-0.75464,144.001,SELL,False,NONE,0.0,NONE,AGGRESSIVE_SELL
2004-12-06,2004,451.8,NO_SWEEP,161.3962,778.6038,940.0,-0.8083,-617.2075,-0.6566,-14.25,SELL,False,NONE,0.0,NONE,AGGRESSIVE_SELL
2004-12-07,2004,450.3,NO_SWEEP,147.3,1325.7,1473.0,0.5304,-1178.4,-0.8,-112.0283,SELL,False,NONE,0.25,NONE,AGGRESSIVE_SELL
2004-12-08,2004,439.7,SELL_SIDE_SWEEP,747.3936,1929.6064,2677.0,2.6663,-1182.2127,-0.44162,-396.0049,SELL,False,NONE,0.35,NONE,AGGRESSIVE_SELL
2004-12-09,2004,436.8,NO_SWEEP,1605.672,2419.328,4025.0,3.3103,-813.6559,-0.20215,-478.3063,SELL,True,NONE,0.6,NONE,AGGRESSIVE_SELL
2004-12-10,2004,433.7,NO_SWEEP,332.92,856.08,1189.0,-0.3647,-523.16,-0.44,-622.3428,SELL,False,NONE,0.0,NONE,AGGRESSIVE_SELL
2004-12-13,2004,438.8,NO_SWEEP,854.1709,96.8291,951.0,-0.6811,757.3418,0.79636,-460.854,BUY,False,NONE,0.0,NONE,AGGRESSIVE_BUY
2004-12-14,2004,435.0,NO_SWEEP,118.8,1069.2,1188.0,-0.3634,-950.4,-0.8,-682.6948,SELL,False,NONE,0.0,NONE,AGGRESSIVE_SELL
2004-12-15,2004,440.8,NO_SWEEP,942.3,104.7,1047.0,-0.5257,837.6,0.8,-458.7618,BUY,False,NONE,0.0,NONE,AGGRESSIVE_BUY
2004-12-16,2004,436.6,NO_SWEEP,239.8958,1405.1042,1645.0,0.2818,-1165.2083,-0.70833,-527.2619,SELL,False,NONE,0.0,NONE,AGGRESSIVE_SELL
2004-12-17,2004,441.0,NO_SWEEP,1112.4,123.6,1236.0,-0.2002,988.8,0.8,-256.3619,BUY,False,NONE,0.0,NONE,AGGRESSIVE_BUY
2004-12-20,2004,442.1,NO_SWEEP,480.0,224.0,704.0,-0.8653,256.0,0.36364,-76.5853,BUY,False,NONE,0.25,NONE,AGGRESSIVE_BUY
2004-12-21,2004,441.1,NO_SWEEP,179.4333,589.5667,769.0,-0.7269,-410.1333,-0.53333,-26.145,SELL,False,NONE,0.25,NONE,AGGRESSIVE_SELL
2004-12-22,2004,439.2,NO_SWEEP,121.4581,707.5419,829.0,-0.6505,-586.0837,-0.70698,-34.0104,SELL,False,NONE,0.0,NONE,AGGRESSIVE_SELL
2004-12-23,2004,441.8,NO_SWEEP,630.9,70.1,701.0,-0.788,560.8,0.8,-58.5782,BUY,False,NONE,0.0,NONE,AGGRESSIVE_BUY
2004-12-27,2004,443.8,BUY_SIDE_SWEEP,395.4364,150.5636,546.0,-0.9142,244.8727,0.44848,90.8309,BUY,False,NONE,0.0,NONE,AGGRESSIVE_BUY
2004-12-28,2004,443.3,NO_SWEEP,156.5,469.5,626.0,-0.8458,-313.0,-0.5,-52.9941,SELL,False,NONE,0.0,NONE,AGGRESSIVE_SELL
2004-12-29,2004,435.8,NO_SWEEP,337.14,1535.86,1873.0,0.6905,-1198.72,-0.64,-57.183,SELL,False,NONE,0.0,NONE,AGGRESSIVE_SELL
2004-12-30,2004,437.0,NO_SWEEP,756.65,168.35,925.0,-0.4677,588.3,0.636,-107.2455,BUY,False,NONE,0.25,NONE,AGGRESSIVE_BUY
2005-01-03,2005,428.5,SELL_SIDE_SWEEP,155.4792,1152.5208,1308.0,0.0154,-997.0415,-0.76226,-263.8757,SELL,False,NONE,0.0,NONE,AGGRESSIVE_SELL
2005-01-04,2005,426.8,NO_SWEEP,590.7638,988.2362,1579.0,0.337,-397.4724,-0.25172,-262.2931,SELL,False,NONE,0.0,NONE,AGGRESSIVE_SELL
2005-01-05,2005,426.1,NO_SWEEP,775.4656,551.5344,1327.0,-0.0049,223.9313,0.16875,-161.0412,NEUTRAL,False,NONE,0.25,NONE,NEUTRAL
2005-01-06,2005,420.8,SELL_SIDE_SWEEP,117.4,1056.6,1174.0,-0.1799,-939.2,-0.8,-348.5412,SELL,False,NONE,0.0,NONE,AGGRESSIVE_SELL
2005-01-07,2005,418.6,SELL_SIDE_SWEEP,270.6638,1202.3362,1473.0,0.2991,-931.6725,-0.6325,-495.6094,SELL,False,NONE,0.0,NONE,AGGRESSIVE_SELL
2005-01-10,2005,419.3,NO_SWEEP,575.4667,503.5333,1079.0,-0.0836,71.9333,0.06667,-447.4927,NEUTRAL,False,NONE,0.25,NONE,NEUTRAL
2005-01-11,2005,421.6,NO_SWEEP,1483.3394,258.6606,1742.0,1.6016,1224.6788,0.70303,-144.5679,BUY,False,NONE,0.35,NONE,AGGRESSIVE_BUY
2005-01-12,2005,425.8,NO_SWEEP,2014.125,343.875,2358.0,2.5063,1670.25,0.70833,-9.3241,BUY,False,NONE,0.35,NONE,AGGRESSIVE_BUY
2005-01-13,2005,424.5,NO_SWEEP,547.4368,1103.5632,1651.0,0.8975,-556.1263,-0.33684,45.7903,SELL,False,NONE,0.25,NONE,AGGRESSIVE_SELL
2005-01-14,2005,422.6,NO_SWEEP,587.1078,1123.8922,1711.0,0.9361,-536.7843,-0.31373,28.3763,SELL,False,NONE,0.0,NONE,AGGRESSIVE_SELL
2005-01-17,2005,421.2,NO_SWEEP,10.7,96.3,107.0,-2.0287,-85.6,-0.8,-10.3151,SELL,False,NONE,0.0,NONE,AGGRESSIVE_SELL
2005-01-18,2005,422.5,NO_SWEEP,604.504,174.496,779.0,-0.7126,430.008,0.552,160.8359,BUY,False,NONE,0.0,NONE,AGGRESSIVE_BUY
2005-01-19,2005,422.6,NO_SWEEP,301.6588,1696.3412,1998.0,1.3821,-1394.6824,-0.69804,102.9596,SELL,True,NONE,0.6,NONE,AGGRESSIVE_SELL
2005-01-20,2005,421.7,NO_SWEEP,771.9871,856.0129,1628.0,0.6457,-84.0258,-0.05161,83.4647,NEUTRAL,False,NONE,0.25,NONE,NEUTRAL
2005-01-21,2005,426.7,NO_SWEEP,1848.625,221.375,2070.0,1.2941,1627.25,0.78611,133.7862,BUY,False,NONE,0.35,NONE,AGGRESSIVE_BUY
2005-01-24,2005,426.8,NO_SWEEP,742.95,400.05,1143.0,-0.383,342.9,0.3,-32.1326,BUY,False,NONE,0.25,NONE,AGGRESSIVE_BUY
2005-01-25,2005,421.6,NO_SWEEP,273.52,1830.48,2104.0,1.2354,-1556.96,-0.74,-157.2368,SELL,False,NONE,0.35,NONE,AGGRESSIVE_SELL
2005-01-26,2005,426.1,NO_SWEEP,1591.7662,236.2338,1828.0,0.6488,1355.5323,0.74154,79.3028,BUY,False,NONE,0.0,NONE,AGGRESSIVE_BUY
2005-01-27,2005,426.0,NO_SWEEP,896.61,676.39,1573.0,0.1867,220.22,0.14,117.5303,NEUTRAL,False,NONE,0.25,NONE,NEUTRAL
2005-01-28,2005,426.5,NO_SWEEP,1484.4081,226.5919,1711.0,0.3911,1257.8162,0.73514,221.0063,BUY,False,NONE,0.25,NONE,AGGRESSIVE_BUY
2005-01-31,2005,422.1,NO_SWEEP,733.3778,1542.6222,2276.0,1.3675,-809.2444,-0.35556,294.186,SELL,False,NONE,0.35,NONE,AGGRESSIVE_SELL
2005-02-01,2005,420.5,NO_SWEEP,570.6867,1176.3133,1747.0,0.3321,-605.6267,-0.34667,228.9859,SELL,False,NONE,0.0,NONE,AGGRESSIVE_SELL
2005-02-02,2005,421.3,NO_SWEEP,958.5185,335.4815,1294.0,-0.5333,623.037,0.48148,103.4593,BUY,False,NONE,0.25,NONE,AGGRESSIVE_BUY
2005-02-03,2005,416.8,SELL_SIDE_SWEEP,509.6,1450.4,1960.0,0.67,-940.8,-0.48,-57.0032,SELL,False,NONE,0.0,NONE,AGGRESSIVE_SELL
2005-02-04,2005,414.2,NO_SWEEP,277.3575,1483.6425,1761.0,0.2597,-1206.285,-0.685,-13.1688,SELL,False,NONE,0.0,NONE,AGGRESSIVE_SELL
2005-02-07,2005,413.0,SELL_SIDE_SWEEP,296.0,1554.0,1850.0,0.3663,-1258.0,-0.68,-339.8604,SELL,False,NONE,0.25,NONE,AGGRESSIVE_SELL
2005-02-08,2005,412.3,NO_SWEEP,781.9583,1133.0417,1915.0,0.475,-351.0833,-0.18333,-411.2733,SELL,False,NONE,0.25,NONE,AGGRESSIVE_SELL
2005-02-09,2005,412.8,NO_SWEEP,1421.1,157.9,1579.0,-0.1141,1263.2,0.8,-410.6003,BUY,False,NONE,0.25,NONE,AGGRESSIVE_BUY
2005-02-10,2005,417.2,NO_SWEEP,1985.59,245.41,2231.0,1.1319,1740.18,0.78,-91.9222,BUY,False,NONE,0.35,NONE,AGGRESSIVE_BUY
2005-02-11,2005,420.3,NO_SWEEP,1596.8379,297.1621,1894.0,0.4397,1299.6759,0.68621,146.2406,BUY,False,NONE,0.0,NONE,AGGRESSIVE_BUY
2005-02-14,2005,425.3,NO_SWEEP,2060.1,228.9,2289.0,1.3631,1831.2,0.8,297.2609,BUY,False,NONE,0.35,NONE,AGGRESSIVE_BUY
2005-02-15,2005,424.8,NO_SWEEP,1311.4444,834.5556,2146.0,0.9853,476.8889,0.22222,474.4721,BUY,False,NONE,0.25,NONE,AGGRESSIVE_BUY
2005-02-16,2005,424.7,NO_SWEEP,1185.1538,944.8462,2130.0,0.8964,240.3077,0.11282,655.2961,NEUTRAL,False,NONE,0.25,NONE,NEUTRAL
2005-02-17,2005,426.6,NO_SWEEP,1448.875,454.125,1903.0,0.1091,994.75,0.52273,936.8899,BUY,False,NONE,0.0,NONE,AGGRESSIVE_BUY
2005-02-18,2005,426.8,NO_SWEEP,1095.1875,389.8125,1485.0,-1.1548,705.375,0.475,1068.9472,BUY,False,NONE,0.25,NONE,AGGRESSIVE_BUY
2005-02-22,2005,434.8,BUY_SIDE_SWEEP,1802.7,200.3,2003.0,0.4496,1602.4,0.8,1111.3472,BUY,False,NONE,0.0,NONE,AGGRESSIVE_BUY
2005-02-23,2005,433.3,NO_SWEEP,740.378,1324.622,2065.0,0.695,-584.2439,-0.28293,820.7942,SELL,False,NONE,0.25,NONE,AGGRESSIVE_SELL
2005-02-24,2005,433.2,NO_SWEEP,1039.6978,968.3022,2008.0,0.4426,71.3956,0.03556,667.2592,NEUTRAL,False,NONE,0.25,NONE,NEUTRAL
2005-02-25,2005,434.8,NO_SWEEP,1733.4,192.6,1926.0,0.0683,1540.8,0.8,630.9592,BUY,False,NONE,0.0,NONE,AGGRESSIVE_BUY
2005-02-28,2005,435.0,NO_SWEEP,889.9813,1284.0187,2174.0,0.9455,-394.0375,-0.18125,522.0934,SELL,False,NONE,0.25,NONE,AGGRESSIVE_SELL
2005-03-01,2005,431.8,NO_SWEEP,444.5,1587.5,2032.0,0.4587,-1143.0,-0.5625,349.1799,SELL,False,NONE,0.0,NONE,AGGRESSIVE_SELL
2005-03-02,2005,432.6,NO_SWEEP,1047.6,116.4,1164.0,-2.4736,931.2,0.8,341.2361,BUY,False,NONE,0.25,NONE,AGGRESSIVE_BUY
2005-03-03,2005,429.2,NO_SWEEP,157.5,1417.5,1575.0,-1.2175,-1260.0,-0.8,95.5643,SELL,False,NONE,0.0,NONE,AGGRESSIVE_SELL
2005-03-04,2005,433.8,NO_SWEEP,1822.7213,236.2787,2059.0,0.5488,1586.4426,0.77049,93.5696,BUY,False,NONE,0.0,NONE,AGGRESSIVE_BUY
2005-03-07,2005,434.0,NO_SWEEP,1126.4667,258.5333,1385.0,-1.7187,867.9333,0.62667,275.0918,BUY,False,NONE,0.25,NONE,AGGRESSIVE_BUY
2005-03-08,2005,440.0,BUY_SIDE_SWEEP,639.9,71.1,711.0,-2.872,568.8,0.8,337.2673,BUY,False,NONE,0.0,NONE,AGGRESSIVE_BUY
2005-03-09,2005,440.1,NO_SWEEP,809.7222,515.2778,1325.0,-1.1813,294.4444,0.22222,181.4729,BUY,False,NONE,0.25,NONE,AGGRESSIVE_BUY
2005-03-10,2005,441.6,NO_SWEEP,842.325,178.675,1021.0,-1.7242,663.65,0.65,313.6838,BUY,False,NONE,0.0,NONE,AGGRESSIVE_BUY
2005-03-11,2005,444.3,BUY_SIDE_SWEEP,689.92,206.08,896.0,-1.7511,483.84,0.54,517.0388,BUY,False,NONE,0.0,NONE,AGGRESSIVE_BUY
2005-03-14,2005,440.0,NO_SWEEP,98.4,885.6,984.0,-1.3928,-787.2,-0.8,302.2388,SELL,False,NONE,0.0,NONE,AGGRESSIVE_SELL
2005-03-15,2005,440.2,NO_SWEEP,397.4609,481.5391,879.0,-1.4444,-84.0783,-0.09565,449.229,NEUTRAL,False,NONE,0.25,NONE,NEUTRAL
2005-03-16,2005,442.7,NO_SWEEP,845.8667,130.1333,976.0,-1.1292,715.7333,0.73333,340.3904,BUY,False,NONE,0.0,NONE,AGGRESSIVE_BUY
2005-03-17,2005,438.3,NO_SWEEP,125.2246,843.7754,969.0,-1.0368,-718.5508,-0.74154,142.0798,SELL,False,NONE,0.0,NONE,AGGRESSIVE_SELL
2005-03-18,2005,438.8,NO_SWEEP,780.3,86.7,867.0,-1.1234,693.6,0.8,157.6798,BUY,False,NONE,0.25,NONE,AGGRESSIVE_BUY
2005-03-21,2005,430.8,SELL_SIDE_SWEEP,134.26,824.74,959.0,-0.8679,-690.48,-0.72,34.5643,SELL,False,NONE,0.0,NONE,AGGRESSIVE_SELL
2005-03-22,2005,426.3,SELL_SIDE_SWEEP,122.5,1102.5,1225.0,-0.2763,-980.0,-0.8,-170.892,SELL,False,NONE,0.0,NONE,AGGRESSIVE_SELL
2005-03-23,2005,424.8,SELL_SIDE_SWEEP,281.7128,1173.2872,1455.0,0.2717,-891.5745,-0.61277,-342.8188,SELL,False,NONE,0.25,NONE,AGGRESSIVE_SELL
2005-03-24,2005,423.8,NO_SWEEP,142.4,1281.6,1424.0,0.2839,-1139.2,-0.8,-386.8188,SELL,False,NONE,0.0,NONE,AGGRESSIVE_SELL
2005-03-28,2005,425.8,NO_SWEEP,431.1,47.9,479.0,-1.6797,383.2,0.8,-328.409,BUY,False,NONE,0.0,NONE,AGGRESSIVE_BUY
2005-03-29,2005,425.3,NO_SWEEP,102.8,925.2,1028.0,-0.3649,-822.4,-0.8,-520.6757,SELL,False,NONE,0.25,NONE,AGGRESSIVE_SELL
2005-03-30,2005,425.3,NO_SWEEP,760.325,1028.675,1789.0,1.7182,-268.35,-0.15,-464.4006,NEUTRAL,True,NONE,0.6,NONE,NEUTRAL
2005-03-31,2005,427.8,NO_SWEEP,1259.3909,219.6091,1479.0,0.8158,1039.7818,0.70303,-421.1278,BUY,False,NONE,0.0,NONE,AGGRESSIVE_BUY
2005-04-01,2005,425.1,NO_SWEEP,290.8093,1333.1907,1624.0,1.1886,-1042.3814,-0.64186,-465.1155,SELL,False,NONE,0.35,NONE,AGGRESSIVE_SELL
2005-04-04,2005,423.3,NO_SWEEP,386.5909,1233.4091,1620.0,1.3899,-846.8182,-0.52273,-448.4678,SELL,False,NONE,0.35,NONE,AGGRESSIVE_SELL
2005-04-05,2005,424.0,NO_SWEEP,1110.8839,367.1161,1478.0,0.9412,743.7677,0.50323,-244.05,BUY,False,NONE,0.25,NONE,AGGRESSIVE_BUY
2005-04-06,2005,426.3,NO_SWEEP,1379.7,153.3,1533.0,1.0033,1226.4,0.8,51.65,BUY,False,NONE,0.35,NONE,AGGRESSIVE_BUY
2005-04-07,2005,425.3,NO_SWEEP,213.6909,1465.3091,1679.0,1.3292,-1251.6182,-0.74545,-152.7023,SELL,True,NONE,0.6,NONE,AGGRESSIVE_SELL
2005-04-08,2005,426.1,NO_SWEEP,1041.6531,255.3469,1297.0,0.1889,786.3063,0.60625,48.386,BUY,False,NONE,0.0,NONE,AGGRESSIVE_BUY
2005-04-11,2005,427.5,NO_SWEEP,1056.27,485.73,1542.0,0.8137,570.54,0.37,153.2473,BUY,False,NONE,0.0,NONE,AGGRESSIVE_BUY
2005-04-12,2005,427.7,NO_SWEEP,546.359,975.641,1522.0,0.6801,-429.2821,-0.28205,-30.3857,SELL,False,NONE,0.25,NONE,AGGRESSIVE_SELL
2005-04-13,2005,428.1,NO_SWEEP,1373.1,417.9,1791.0,1.3275,955.2,0.53333,219.3119,BUY,True,NONE,0.6,NONE,AGGRESSIVE_BUY
2005-04-14,2005,423.8,NO_SWEEP,357.0,1428.0,1785.0,1.1822,-1071.0,-0.6,191.2892,SELL,False,NONE,0.35,NONE,AGGRESSIVE_SELL
2005-04-15,2005,423.8,NO_SWEEP,1200.625,494.375,1695.0,0.8323,706.25,0.41667,186.5995,BUY,False,NONE,0.25,NONE,AGGRESSIVE_BUY
2005-04-18,2005,426.5,NO_SWEEP,945.3708,180.6292,1126.0,-0.9345,764.7417,0.67917,128.8922,BUY,False,NONE,0.0,NONE,AGGRESSIVE_BUY
2005-04-19,2005,433.1,BUY_SIDE_SWEEP,1609.2,178.8,1788.0,1.0261,1430.4,0.8,464.1445,BUY,False,NONE,0.35,NONE,AGGRESSIVE_BUY
2005-04-20,2005,433.5,NO_SWEEP,1122.3,443.7,1566.0,0.2635,678.6,0.43333,450.6812,BUY,False,NONE,0.25,NONE,AGGRESSIVE_BUY
2005-04-21,2005,431.8,NO_SWEEP,195.48,1433.52,1629.0,0.438,-1238.04,-0.76,224.6087,SELL,False,NONE,0.0,NONE,AGGRESSIVE_SELL
2005-04-22,2005,433.7,NO_SWEEP,1028.2316,323.7684,1352.0,-0.4453,704.4632,0.52105,366.3269,BUY,False,NONE,0.25,NONE,AGGRESSIVE_BUY
2005-04-25,2005,433.8,NO_SWEEP,1266.0577,196.9423,1463.0,-0.3693,1069.1154,0.73077,380.5663,BUY,False,NONE,0.25,NONE,AGGRESSIVE_BUY
2005-04-26,2005,436.1,BUY_SIDE_SWEEP,1232.9757,324.0243,1557.0,-0.0514,908.9514,0.58378,628.0602,BUY,False,NONE,0.0,NONE,AGGRESSIVE_BUY
2005-04-27,2005,431.8,NO_SWEEP,164.3,1478.7,1643.0,0.5176,-1314.4,-0.8,375.4789,SELL,False,NONE,0.0,NONE,AGGRESSIVE_SELL
2005-04-28,2005,430.6,NO_SWEEP,261.44,1372.56,1634.0,0.4158,-1111.12,-0.68,140.9962,SELL,False,NONE,0.25,NONE,AGGRESSIVE_SELL
2005-04-29,2005,434.0,NO_SWEEP,1204.3233,441.6767,1646.0,0.4812,762.6467,0.46333,57.5271,BUY,False,NONE,0.0,NONE,AGGRESSIVE_BUY
2005-05-02,2005,428.7,NO_SWEEP,147.8,1330.2,1478.0,-0.5007,-1182.4,-0.8,-175.0979,SELL,False,NONE,0.0,NONE,AGGRESSIVE_SELL
2005-05-03,2005,426.8,NO_SWEEP,418.0465,1293.9535,1712.0,0.8428,-875.907,-0.51163,-129.8313,SELL,False,NONE,0.25,NONE,AGGRESSIVE_SELL
2005-05-04,2005,428.3,NO_SWEEP,1364.8,341.2,1706.0,0.7447,1023.6,0.6,-89.9392,BUY,False,NONE,0.0,NONE,AGGRESSIVE_BUY
2005-05-05,2005,429.6,NO_SWEEP,1534.44,484.56,2019.0,2.1846,1049.88,0.52,-92.3436,BUY,True,NONE,0.6,NONE,AGGRESSIVE_BUY
2005-05-06,2005,425.3,NO_SWEEP,322.028,1320.972,1643.0,0.1561,-998.944,-0.608,-330.8305,SELL,False,NONE,0.0,NONE,AGGRESSIVE_SELL
2005-05-09,2005,425.3,NO_SWEEP,1493.1,718.9,2212.0,2.5477,774.2,0.35,-69.7555,BUY,True,NONE,0.6,NONE,AGGRESSIVE_BUY
2005-05-10,2005,425.8,NO_SWEEP,856.6636,1009.3364,1866.0,0.8945,-152.6727,-0.08182,50.0504,NEUTRAL,False,NONE,0.25,NONE,NEUTRAL
2005-05-11,2005,426.6,NO_SWEEP,2136.7176,865.2824,3002.0,3.4716,1271.4353,0.42353,113.6489,BUY,True,NONE,0.6,NONE,AGGRESSIVE_BUY
2005-05-12,2005,420.8,SELL_SIDE_SWEEP,191.9,1727.1,1919.0,0.5036,-1535.2,-0.8,69.5489,SELL,False,NONE,0.0,NONE,AGGRESSIVE_SELL
2005-05-13,2005,419.3,SELL_SIDE_SWEEP,362.0974,1471.9026,1834.0,0.2545,-1109.8051,-0.60513,40.3117,SELL,False,NONE,0.0,NONE,AGGRESSIVE_SELL
2005-05-16,2005,418.7,NO_SWEEP,472.6615,1123.3385,1596.0,-0.4853,-650.6769,-0.40769,-168.9729,SELL,False,NONE,0.0,NONE,AGGRESSIVE_SELL
2005-05-17,2005,417.8,NO_SWEEP,171.2,1540.8,1712.0,-0.1376,-1369.6,-0.8,-471.4079,SELL,False,NONE,0.0,NONE,AGGRESSIVE_SELL
2005-05-18,2005,420.8,NO_SWEEP,1972.9242,234.0758,2207.0,1.1707,1738.8485,0.78788,-129.1839,BUY,False,NONE,0.35,NONE,AGGRESSIVE_BUY
2005-05-19,2005,420.1,NO_SWEEP,361.4049,1150.5951,1512.0,-0.7634,-789.1902,-0.52195,-324.6077,SELL,False,NONE,0.25,NONE,AGGRESSIVE_SELL
2005-05-20,2005,417.1,SELL_SIDE_SWEEP,95.0727,651.9273,747.0,-2.4305,-556.8545,-0.74545,-375.1304,SELL,False,NONE,0.0,NONE,AGGRESSIVE_SELL
2005-05-23,2005,416.3,NO_SWEEP,218.925,1032.075,1251.0,-1.1624,-813.15,-0.65,-635.7035,SELL,False,NONE,0.0,NONE,AGGRESSIVE_SELL
2005-05-24,2005,417.7,NO_SWEEP,1209.78,341.22,1551.0,-0.4554,868.56,0.56,-335.2335,BUY,False,NONE,0.25,NONE,AGGRESSIVE_BUY
2005-05-25,2005,418.3,NO_SWEEP,1167.5793,279.4207,1447.0,-0.67,888.1586,0.61379,-85.4881,BUY,False,NONE,0.25,NONE,AGGRESSIVE_BUY
2005-05-26,2005,417.0,NO_SWEEP,291.42,1327.58,1619.0,-0.2676,-1036.16,-0.64,-133.6735,SELL,False,NONE,0.25,NONE,AGGRESSIVE_SELL
2005-05-27,2005,419.6,NO_SWEEP,860.4,95.6,956.0,-1.61,764.8,0.8,133.1265,BUY,False,NONE,0.0,NONE,AGGRESSIVE_BUY
2005-05-31,2005,416.8,NO_SWEEP,321.5625,203.4375,525.0,-2.1391,118.125,0.225,-69.4639,BUY,False,NONE,0.25,NONE,AGGRESSIVE_BUY
2005-06-01,2005,414.5,NO_SWEEP,79.1,711.9,791.0,-1.4581,-632.8,-0.8,-49.9151,SELL,False,NONE,0.0,NONE,AGGRESSIVE_SELL
2005-06-02,2005,421.3,NO_SWEEP,816.6411,170.3589,987.0,-1.0152,646.2822,0.65479,100.477,BUY,False,NONE,0.0,NONE,AGGRESSIVE_BUY
2005-06-03,2005,421.8,NO_SWEEP,351.871,456.129,808.0,-1.1942,-104.2581,-0.12903,189.0885,NEUTRAL,False,NONE,0.25,NONE,NEUTRAL
2005-06-06,2005,425.6,BUY_SIDE_SWEEP,790.0681,171.9319,962.0,-0.858,618.1362,0.64255,157.7855,BUY,False,NONE,0.0,NONE,AGGRESSIVE_BUY
2005-06-07,2005,424.1,NO_SWEEP,66.7,600.3,667.0,-1.2228,-533.6,-0.8,-19.9343,SELL,False,NONE,0.0,NONE,AGGRESSIVE_SELL
2005-06-08,2005,423.2,NO_SWEEP,78.84,578.16,657.0,-1.1185,-499.32,-0.76,47.1707,SELL,False,NONE,0.25,NONE,AGGRESSIVE_SELL
2005-06-09,2005,423.2,NO_SWEEP,514.4333,156.5667,671.0,-1.122,357.8667,0.53333,-3.696,BUY,False,NONE,0.25,NONE,AGGRESSIVE_BUY
2005-06-10,2005,426.6,NO_SWEEP,769.1672,122.8328,892.0,-0.5937,646.3344,0.72459,62.3302,BUY,False,NONE,0.0,NONE,AGGRESSIVE_BUY
2005-06-13,2005,428.2,BUY_SIDE_SWEEP,764.1493,201.8507,966.0,-0.3611,562.2985,0.58209,211.7175,BUY,False,NONE,0.0,NONE,AGGRESSIVE_BUY
2005-06-14,2005,426.3,NO_SWEEP,73.5,521.5,595.0,-1.0831,-448.0,-0.75294,74.9322,SELL,False,NONE,0.0,NONE,AGGRESSIVE_SELL
2005-06-15,2005,428.3,NO_SWEEP,530.88,141.12,672.0,-0.8241,389.76,0.58,136.6845,BUY,False,NONE,0.0,NONE,AGGRESSIVE_BUY
2005-06-16,2005,435.1,BUY_SIDE_SWEEP,831.6,92.4,924.0,-0.109,739.2,0.8,151.8175,BUY,False,NONE,0.0,NONE,AGGRESSIVE_BUY
2005-06-17,2005,437.1,BUY_SIDE_SWEEP,674.4789,307.5211,982.0,0.1589,366.9579,0.37368,264.3872,BUY,False,NONE,0.0,NONE,AGGRESSIVE_BUY
2005-06-20,2005,437.6,NO_SWEEP,300.52,382.48,683.0,-0.8045,-81.96,-0.12,316.5572,NEUTRAL,False,NONE,0.25,NONE,NEUTRAL
2005-06-21,2005,438.0,NO_SWEEP,725.4,80.6,806.0,-0.3409,644.8,0.8,352.4239,BUY,False,NONE,0.25,NONE,AGGRESSIVE_BUY
2005-06-22,2005,437.7,NO_SWEEP,279.775,309.225,589.0,-1.0116,-29.45,-0.05,267.9508,NEUTRAL,False,NONE,0.25,NONE,NEUTRAL
2005-06-23,2005,440.6,NO_SWEEP,854.2246,126.7754,981.0,0.6172,727.4492,0.74154,288.5946,BUY,False,NONE,0.0,NONE,AGGRESSIVE_BUY
2005-06-24,2005,439.3,NO_SWEEP,178.1111,737.8889,916.0,0.7522,-559.7778,-0.61111,274.6224,SELL,False,NONE,0.25,NONE,AGGRESSIVE_SELL
2005-06-27,2005,439.3,NO_SWEEP,372.9441,206.0559,579.0,-1.3119,166.8882,0.28824,246.7634,BUY,False,NONE,0.25,NONE,AGGRESSIVE_BUY
2005-06-28,2005,435.1,NO_SWEEP,69.3,623.7,693.0,-0.6748,-554.4,-0.8,85.0634,SELL,False,NONE,0.0,NONE,AGGRESSIVE_SELL
2005-06-29,2005,436.6,NO_SWEEP,529.4605,128.5395,658.0,-0.8531,400.9209,0.6093,89.3088,BUY,False,NONE,0.25,NONE,AGGRESSIVE_BUY
2005-06-30,2005,434.5,NO_SWEEP,80.3,722.7,803.0,0.1974,-642.4,-0.8,19.2538,SELL,False,NONE,0.0,NONE,AGGRESSIVE_SELL
2005-07-01,2005,426.8,SELL_SIDE_SWEEP,78.7,708.3,787.0,0.0914,-629.6,-0.8,-140.0462,SELL,False,NONE,0.0,NONE,AGGRESSIVE_SELL
2005-07-04,2005,426.5,NO_SWEEP,31.0333,82.9667,114.0,-3.1685,-51.9333,-0.45556,-142.8566,SELL,False,NONE,0.0,NONE,AGGRESSIVE_SELL
2005-07-05,2005,423.2,SELL_SIDE_SWEEP,167.5288,487.4712,655.0,-0.3901,-319.9423,-0.48846,-273.7805,SELL,False,NONE,0.0,NONE,AGGRESSIVE_SELL
2005-07-06,2005,423.2,NO_SWEEP,104.5333,455.4667,560.0,-0.8393,-350.9333,-0.62667,-247.675,SELL,False,NONE,0.25,NONE,AGGRESSIVE_SELL
2005-07-07,2005,424.0,NO_SWEEP,466.5044,370.4956,837.0,0.5142,96.0088,0.11471,-256.5349,NEUTRAL,False,NONE,0.25,NONE,NEUTRAL
2005-07-08,2005,422.6,NO_SWEEP,148.931,468.069,617.0,-0.5264,-319.1379,-0.51724,-227.1271,SELL,False,NONE,0.0,NONE,AGGRESSIVE_SELL
2005-07-11,2005,425.3,NO_SWEEP,486.5586,116.4414,603.0,-0.5235,370.1172,0.61379,-230.9776,BUY,False,NONE,0.0,NONE,AGGRESSIVE_BUY
2005-07-12,2005,426.3,NO_SWEEP,633.75,211.25,845.0,0.6789,422.5,0.5,-97.8651,BUY,False,NONE,0.25,NONE,AGGRESSIVE_BUY
2005-07-13,2005,423.6,NO_SWEEP,86.3442,576.6558,663.0,-0.2705,-490.3116,-0.73953,-80.4541,SELL,False,NONE,0.0,NONE,AGGRESSIVE_SELL
2005-07-14,2005,419.2,SELL_SIDE_SWEEP,96.5,868.5,965.0,1.2811,-772.0,-0.8,-170.4624,SELL,False,NONE,0.35,NONE,AGGRESSIVE_SELL
2005-07-15,2005,421.1,NO_SWEEP,676.8,75.2,752.0,0.2535,601.6,0.8,-55.2696,BUY,False,NONE,0.0,NONE,AGGRESSIVE_BUY
2005-07-18,2005,420.6,NO_SWEEP,113.344,392.656,506.0,-1.0061,-279.312,-0.552,-46.3169,SELL,False,NONE,0.25,NONE,AGGRESSIVE_SELL
2005-07-19,2005,419.6,NO_SWEEP,162.6935,492.3065,655.0,-0.1805,-329.6129,-0.50323,-99.5197,SELL,False,NONE,0.0,NONE,AGGRESSIVE_SELL
2005-07-20,2005,422.8,NO_SWEEP,561.6,62.4,624.0,-0.3564,499.2,0.8,2.7726,BUY,False,NONE,0.0,NONE,AGGRESSIVE_BUY
2005-07-21,2005,425.3,NO_SWEEP,560.7,62.3,623.0,-0.2841,498.4,0.8,18.8079,BUY,False,NONE,0.0,NONE,AGGRESSIVE_BUY
2005-07-22,2005,424.5,NO_SWEEP,103.4444,466.5556,570.0,-0.5113,-363.1111,-0.63704,-79.3935,SELL,False,NONE,0.0,NONE,AGGRESSIVE_SELL
2005-07-25,2005,425.3,NO_SWEEP,469.1333,211.8667,681.0,0.123,257.2667,0.37778,14.0538,BUY,False,NONE,0.25,NONE,AGGRESSIVE_BUY
2005-07-26,2005,422.8,NO_SWEEP,132.8444,721.1556,854.0,1.0813,-588.3111,-0.68889,37.0149,SELL,False,NONE,0.35,NONE,AGGRESSIVE_SELL
2005-07-27,2005,425.1,NO_SWEEP,591.3,65.7,657.0,-0.0674,525.6,0.8,27.5149,BUY,False,NONE,0.0,NONE,AGGRESSIVE_BUY
2005-07-28,2005,427.6,BUY_SIDE_SWEEP,686.5872,149.4128,836.0,0.9589,537.1745,0.64255,129.5758,BUY,False,NONE,0.0,NONE,AGGRESSIVE_BUY
2005-07-29,2005,429.3,BUY_SIDE_SWEEP,657.6,164.4,822.0,0.8611,493.2,0.6,232.4274,BUY,False,NONE,0.0,NONE,AGGRESSIVE_BUY
2005-08-01,2005,431.3,BUY_SIDE_SWEEP,750.12,142.88,893.0,1.4523,607.24,0.68,245.9324,BUY,False,NONE,0.35,NONE,AGGRESSIVE_BUY
2005-08-02,2005,431.6,NO_SWEEP,484.0364,298.9636,783.0,0.5229,185.0727,0.23636,206.7665,BUY,False,NONE,0.25,NONE,AGGRESSIVE_BUY
2005-08-03,2005,436.2,BUY_SIDE_SWEEP,969.285,113.715,1083.0,2.3685,855.57,0.79,359.1016,BUY,False,NONE,0.35,NONE,AGGRESSIVE_BUY
2005-08-04,2005,437.0,NO_SWEEP,784.7568,405.2432,1190.0,2.4857,379.5135,0.31892,374.3824,BUY,True,NONE,0.6,NONE,AGGRESSIVE_BUY
2005-08-05,2005,436.8,NO_SWEEP,85.6,770.4,856.0,0.4867,-684.8,-0.8,362.3213,SELL,False,NONE,0.25,NONE,AGGRESSIVE_SELL
2005-08-08,2005,434.6,NO_SWEEP,146.24,767.76,914.0,0.7448,-621.52,-0.68,218.9313,SELL,False,NONE,0.0,NONE,AGGRESSIVE_SELL
2005-08-09,2005,434.6,NO_SWEEP,565.5963,125.4037,691.0,-0.5315,440.1926,0.63704,206.8086,BUY,False,NONE,0.25,NONE,AGGRESSIVE_BUY
2005-08-10,2005,436.8,NO_SWEEP,585.0,65.0,650.0,-0.7679,520.0,0.8,210.1586,BUY,False,NONE,0.0,NONE,AGGRESSIVE_BUY
2005-08-11,2005,445.3,BUY_SIDE_SWEEP,987.185,115.815,1103.0,1.7596,871.37,0.79,243.1749,BUY,False,NONE,0.35,NONE,AGGRESSIVE_BUY
2005-08-12,2005,445.7,NO_SWEEP,256.85,677.15,934.0,0.7565,-420.3,-0.45,167.5033,SELL,False,NONE,0.25,NONE,AGGRESSIVE_SELL
2005-08-15,2005,442.3,NO_SWEEP,141.6429,519.3571,661.0,-0.8284,-377.7143,-0.57143,13.3427,SELL,False,NONE,0.0,NONE,AGGRESSIVE_SELL
2005-08-16,2005,445.8,NO_SWEEP,840.6,93.4,934.0,0.6775,747.2,0.8,59.3035,BUY,False,NONE,0.0,NONE,AGGRESSIVE_BUY
2005-08-17,2005,440.3,NO_SWEEP,226.3924,795.6076,1022.0,1.0787,-569.2152,-0.55696,73.7516,SELL,False,NONE,0.35,NONE,AGGRESSIVE_SELL
2005-08-18,2005,439.3,NO_SWEEP,247.52,636.48,884.0,0.2023,-388.96,-0.44,102.8216,SELL,False,NONE,0.25,NONE,AGGRESSIVE_SELL
2005-08-19,2005,435.8,NO_SWEEP,81.7,735.3,817.0,-0.3068,-653.6,-0.8,-33.9024,SELL,False,NONE,0.0,NONE,AGGRESSIVE_SELL
2005-08-22,2005,437.6,NO_SWEEP,474.2809,299.7191,774.0,-0.6412,174.5617,0.22553,-77.0822,BUY,False,NONE,0.25,NONE,AGGRESSIVE_BUY
2005-08-23,2005,438.7,NO_SWEEP,556.5,318.5,875.0,0.0413,238.0,0.272,-156.2535,BUY,False,NONE,0.0,NONE,AGGRESSIVE_BUY
2005-08-24,2005,437.0,NO_SWEEP,225.624,722.376,948.0,0.4644,-496.752,-0.524,-165.81,SELL,False,NONE,0.0,NONE,AGGRESSIVE_SELL
2005-08-25,2005,437.8,NO_SWEEP,385.8889,304.1111,690.0,-1.2849,81.7778,0.11852,-108.3735,NEUTRAL,False,NONE,0.25,NONE,NEUTRAL
2005-08-26,2005,437.2,NO_SWEEP,151.2,496.8,648.0,-1.4355,-345.6,-0.53333,-244.9735,SELL,False,NONE,0.25,NONE,AGGRESSIVE_SELL
2005-08-29,2005,436.1,NO_SWEEP,66.2,595.8,662.0,-1.2187,-529.6,-0.8,-240.0216,SELL,False,NONE,0.0,NONE,AGGRESSIVE_SELL
2005-08-30,2005,431.2,SELL_SIDE_SWEEP,188.0321,800.9679,989.0,0.7636,-612.9358,-0.61975,-268.0185,SELL,False,NONE,0.0,NONE,AGGRESSIVE_SELL
2005-08-31,2005,434.6,NO_SWEEP,632.7,70.3,703.0,-0.9223,562.4,0.8,-116.0185,BUY,False,NONE,0.0,NONE,AGGRESSIVE_BUY
2005-09-01,2005,442.8,BUY_SIDE_SWEEP,768.7333,118.2667,887.0,0.4043,650.4667,0.73333,-56.5304,BUY,False,NONE,0.0,NONE,AGGRESSIVE_BUY
2005-09-02,2005,443.8,NO_SWEEP,364.25,246.75,611.0,-1.4515,117.5,0.19231,-71.5929,BUY,False,NONE,0.25,NONE,AGGRESSIVE_BUY
2005-09-06,2005,443.3,NO_SWEEP,136.675,644.325,781.0,-0.2261,-507.65,-0.65,-72.9552,SELL,False,NONE,0.25,NONE,AGGRESSIVE_SELL
2005-09-07,2005,444.3,NO_SWEEP,826.3606,314.6394,1141.0,1.9541,511.7212,0.44848,-19.2122,BUY,True,NONE,0.6,NONE,AGGRESSIVE_BUY
2005-09-08,2005,446.7,NO_SWEEP,523.8933,228.1067,752.0,-0.5854,295.7867,0.39333,60.9611,BUY,False,NONE,0.0,NONE,AGGRESSIVE_BUY
2005-09-09,2005,448.3,NO_SWEEP,1264.8649,295.1351,1560.0,3.2858,969.7297,0.62162,248.3773,BUY,False,NONE,0.35,NONE,AGGRESSIVE_BUY
2005-09-12,2005,449.2,NO_SWEEP,993.2553,1571.7447,2565.0,3.7891,-578.4894,-0.22553,252.6831,SELL,True,NONE,0.6,NONE,AGGRESSIVE_SELL
2005-09-13,2005,445.8,NO_SWEEP,257.4542,1100.5458,1358.0,0.8763,-843.0917,-0.62083,76.9967,SELL,False,NONE,0.0,NONE,AGGRESSIVE_SELL
2005-09-14,2005,450.3,NO_SWEEP,714.6,79.4,794.0,-0.4134,635.2,0.8,75.0883,BUY,False,NONE,0.0,NONE,AGGRESSIVE_BUY
2005-09-15,2005,455.3,BUY_SIDE_SWEEP,873.9,97.1,971.0,0.0012,776.8,0.8,157.5008,BUY,False,NONE,0.0,NONE,AGGRESSIVE_BUY
2005-09-16,2005,459.3,BUY_SIDE_SWEEP,856.8,95.2,952.0,-0.0506,761.6,0.8,316.1571,BUY,False,NONE,0.0,NONE,AGGRESSIVE_BUY
2005-09-19,2005,463.8,BUY_SIDE_SWEEP,710.5747,310.4253,1021.0,0.0856,400.1495,0.39192,302.2106,BUY,False,NONE,0.0,NONE,AGGRESSIVE_BUY
2005-09-20,2005,464.1,NO_SWEEP,424.1781,701.8219,1126.0,0.2895,-277.6438,-0.24658,230.5318,SELL,False,NONE,0.25,NONE,AGGRESSIVE_SELL
2005-09-21,2005,471.6,BUY_SIDE_SWEEP,1235.7,137.3,1373.0,0.7951,1098.4,0.8,246.6156,BUY,False,NONE,0.0,NONE,AGGRESSIVE_BUY
2005-09-22,2005,465.2,NO_SWEEP,235.8885,1477.1115,1713.0,1.409,-1241.223,-0.72459,163.7739,SELL,False,NONE,0.35,NONE,AGGRESSIVE_SELL
2005-09-23,2005,462.8,NO_SWEEP,325.45,806.55,1132.0,0.0997,-481.1,-0.425,209.0228,SELL,False,NONE,0.0,NONE,AGGRESSIVE_SELL
2005-09-26,2005,466.1,NO_SWEEP,1062.0,118.0,1180.0,0.1507,944.0,0.8,247.6228,BUY,False,NONE,0.0,NONE,AGGRESSIVE_BUY
2005-09-27,2005,462.7,NO_SWEEP,578.76,799.24,1378.0,0.5295,-220.48,-0.16,122.9628,NEUTRAL,False,NONE,0.0,NONE,NEUTRAL
2005-09-28,2005,468.7,NO_SWEEP,929.7,103.3,1033.0,-0.275,826.4,0.8,131.0628,BUY,False,NONE,0.0,NONE,AGGRESSIVE_BUY
2005-09-29,2005,471.3,NO_SWEEP,837.8909,286.1091,1124.0,-0.1161,551.7818,0.49091,150.0169,BUY,False,NONE,0.0,NONE,AGGRESSIVE_BUY
2005-09-30,2005,468.8,NO_SWEEP,187.9191,1029.0809,1217.0,0.0674,-841.1618,-0.69118,79.5771,SELL,False,NONE,0.0,NONE,AGGRESSIVE_SELL
2005-10-03,2005,465.3,NO_SWEEP,201.034,592.966,794.0,-1.004,-391.9319,-0.49362,-106.7144,SELL,False,NONE,0.0,NONE,AGGRESSIVE_SELL
2005-10-04,2005,465.8,NO_SWEEP,562.21,482.79,1045.0,-0.4236,79.42,0.076,58.366,NEUTRAL,False,NONE,0.25,NONE,NEUTRAL
2005-10-05,2005,464.8,NO_SWEEP,363.6316,623.3684,987.0,-0.5477,-259.7368,-0.26316,86.0364,SELL,False,NONE,0.25,NONE,AGGRESSIVE_SELL
2005-10-06,2005,473.3,NO_SWEEP,1187.1,131.9,1319.0,0.2272,1055.2,0.8,99.9364,BUY,False,NONE,0.0,NONE,AGGRESSIVE_BUY
2005-10-07,2005,474.3,BUY_SIDE_SWEEP,1002.73,179.27,1182.0,-0.0832,823.46,0.69667,230.4289,BUY,False,NONE,0.25,NONE,AGGRESSIVE_BUY
2005-10-10,2005,475.1,NO_SWEEP,507.1355,286.8645,794.0,-1.475,220.271,0.27742,154.6628,BUY,False,NONE,0.25,NONE,AGGRESSIVE_BUY
2005-10-11,2005,475.3,NO_SWEEP,649.2732,636.7268,1286.0,0.7466,12.5463,0.00976,87.2583,NEUTRAL,False,NONE,0.25,NONE,NEUTRAL
2005-10-12,2005,470.8,NO_SWEEP,162.2,1459.8,1622.0,1.9721,-1297.6,-0.8,30.2036,SELL,False,NONE,0.35,NONE,AGGRESSIVE_SELL
2005-10-13,2005,471.2,NO_SWEEP,565.74,781.26,1347.0,0.7145,-215.52,-0.16,52.2551,NEUTRAL,False,NONE,0.25,NONE,NEUTRAL
2005-10-14,2005,469.2,NO_SWEEP,672.9667,880.0333,1553.0,1.4287,-207.0667,-0.13333,16.4442,NEUTRAL,True,NONE,0.6,NONE,NEUTRAL
2005-10-17,2005,473.6,NO_SWEEP,851.1968,159.8032,1011.0,-0.834,691.3935,0.68387,135.3355,BUY,False,NONE,0.0,NONE,AGGRESSIVE_BUY
2005-10-18,2005,471.1,NO_SWEEP,137.4154,819.5846,957.0,-1.0001,-682.1692,-0.71282,-81.8356,SELL,False,NONE,0.0,NONE,AGGRESSIVE_SELL
2005-10-19,2005,464.0,NO_SWEEP,247.1505,1179.8495,1427.0,0.8969,-932.699,-0.65361,-301.3555,SELL,False,NONE,0.0,NONE,AGGRESSIVE_SELL
2005-10-20,2005,460.8,SELL_SIDE_SWEEP,221.9686,1022.0314,1244.0,0.2852,-800.0627,-0.64314,-428.8972,SELL,False,NONE,0.0,NONE,AGGRESSIVE_SELL
2005-10-21,2005,466.3,NO_SWEEP,918.9,102.1,1021.0,-0.7004,816.8,0.8,-328.3655,BUY,False,NONE,0.0,NONE,AGGRESSIVE_BUY
2005-10-24,2005,464.5,NO_SWEEP,202.7327,734.2673,937.0,-0.9978,-531.5345,-0.56727,-232.6073,SELL,False,NONE,0.25,NONE,AGGRESSIVE_SELL
2005-10-25,2005,472.1,NO_SWEEP,994.5,110.5,1105.0,-0.2036,884.0,0.8,-95.1673,BUY,False,NONE,0.0,NONE,AGGRESSIVE_BUY
2005-10-26,2005,470.6,NO_SWEEP,114.8,1033.2,1148.0,-0.0363,-918.4,-0.8,-184.084,SELL,False,NONE,0.0,NONE,AGGRESSIVE_SELL
2005-10-27,2005,473.1,NO_SWEEP,759.5684,317.4316,1077.0,-0.3465,442.1368,0.41053,-215.2411,BUY,False,NONE,0.0,NONE,AGGRESSIVE_BUY
2005-10-28,2005,472.1,NO_SWEEP,456.68,708.32,1165.0,0.0632,-251.64,-0.216,-161.4249,SELL,False,NONE,0.25,NONE,AGGRESSIVE_SELL
2005-10-31,2005,465.2,NO_SWEEP,108.9,980.1,1089.0,-0.3732,-871.2,-0.8,-153.7376,SELL,False,NONE,0.0,NONE,AGGRESSIVE_SELL
2005-11-01,2005,459.0,SELL_SIDE_SWEEP,124.7547,1054.2453,1179.0,0.0319,-929.4907,-0.78837,-169.9161,SELL,False,NONE,0.0,NONE,AGGRESSIVE_SELL
2005-11-02,2005,462.6,NO_SWEEP,821.95,145.05,967.0,-0.9982,676.9,0.7,-187.4036,BUY,False,NONE,0.0,NONE,AGGRESSIVE_BUY
2005-11-03,2005,460.7,NO_SWEEP,261.0667,806.9333,1068.0,-0.4478,-545.8667,-0.51111,-189.1951,SELL,False,NONE,0.25,NONE,AGGRESSIVE_SELL
2005-11-04,2005,456.3,SELL_SIDE_SWEEP,126.5707,982.4293,1109.0,-0.2277,-855.8587,-0.77174,-406.6774,SELL,False,NONE,0.0,NONE,AGGRESSIVE_SELL
2005-11-07,2005,458.8,NO_SWEEP,819.0,91.0,910.0,-1.2917,728.0,0.8,-200.8774,BUY,False,NONE,0.0,NONE,AGGRESSIVE_BUY
2005-11-08,2005,460.7,NO_SWEEP,809.325,171.675,981.0,-0.8412,637.65,0.65,-176.4383,BUY,False,NONE,0.25,NONE,AGGRESSIVE_BUY
2005-11-09,2005,466.1,NO_SWEEP,1072.42,174.58,1247.0,0.7267,897.84,0.72,-32.7533,BUY,False,NONE,0.0,NONE,AGGRESSIVE_BUY
2005-11-10,2005,465.8,NO_SWEEP,115.9667,949.0333,1065.0,-0.3048,-833.0667,-0.78222,-27.9866,SELL,False,NONE,0.25,NONE,AGGRESSIVE_SELL
2005-11-11,2005,468.2,NO_SWEEP,674.1,74.9,749.0,-2.2823,599.2,0.8,163.0997,BUY,False,NONE,0.0,NONE,AGGRESSIVE_BUY
2005-11-14,2005,467.2,NO_SWEEP,136.5525,730.4475,867.0,-1.3388,-593.895,-0.685,4.2504,SELL,False,NONE,0.0,NONE,AGGRESSIVE_SELL
2005-11-15,2005,468.3,NO_SWEEP,711.5294,233.4706,945.0,-0.8065,478.0588,0.50588,132.2411,BUY,False,NONE,0.25,NONE,AGGRESSIVE_BUY
2005-11-16,2005,478.7,BUY_SIDE_SWEEP,956.7,106.3,1063.0,0.1311,850.4,0.8,345.5234,BUY,False,NONE,0.0,NONE,AGGRESSIVE_BUY
2005-11-17,2005,485.1,BUY_SIDE_SWEEP,1457.913,202.087,1660.0,3.3282,1255.8261,0.75652,411.5017,BUY,False,NONE,0.35,NONE,AGGRESSIVE_BUY
2005-11-18,2005,484.8,NO_SWEEP,487.8276,1533.1724,2021.0,3.3093,-1045.3448,-0.51724,201.1273,SELL,True,NONE,0.6,NONE,AGGRESSIVE_SELL
2005-11-21,2005,490.8,BUY_SIDE_SWEEP,917.1,101.9,1019.0,-0.3792,815.2,0.8,190.7973,BUY,False,NONE,0.0,NONE,AGGRESSIVE_BUY
2005-11-22,2005,493.2,BUY_SIDE_SWEEP,1026.6526,291.3474,1318.0,0.6772,735.3053,0.55789,386.8438,BUY,False,NONE,0.25,NONE,AGGRESSIVE_BUY
2005-11-23,2005,491.6,NO_SWEEP,635.85,306.15,942.0,-0.6495,329.7,0.35,353.1563,BUY,False,NONE,0.25,NONE,AGGRESSIVE_BUY
2005-11-28,2005,498.3,BUY_SIDE_SWEEP,675.9,75.1,751.0,-1.2286,600.8,0.8,502.4932,BUY,False,NONE,0.25,NONE,AGGRESSIVE_BUY
2005-11-29,2005,498.5,NO_SWEEP,476.3544,803.6456,1280.0,0.579,-327.2911,-0.2557,401.8244,SELL,False,NONE,0.25,NONE,AGGRESSIVE_SELL
2005-12-01,2005,503.8,BUY_SIDE_SWEEP,1251.9,139.1,1391.0,0.8896,1112.8,0.8,434.6244,BUY,False,NONE,0.0,NONE,AGGRESSIVE_BUY
2005-12-02,2005,502.8,NO_SWEEP,437.1231,915.8769,1353.0,0.7229,-478.7538,-0.35385,217.8019,SELL,False,NONE,0.25,NONE,AGGRESSIVE_SELL
2005-12-05,2005,508.5,BUY_SIDE_SWEEP,991.7295,143.2705,1135.0,-0.0291,848.459,0.74754,454.5274,BUY,False,NONE,0.0,NONE,AGGRESSIVE_BUY
2005-12-06,2005,510.7,BUY_SIDE_SWEEP,1125.9,125.1,1251.0,0.3283,1000.8,0.8,477.7274,BUY,False,NONE,0.25,NONE,AGGRESSIVE_BUY
2005-12-07,2005,514.7,BUY_SIDE_SWEEP,1054.3797,161.6203,1216.0,0.1932,892.7595,0.73418,497.4092,BUY,False,NONE,0.0,NONE,AGGRESSIVE_BUY
2005-12-08,2005,520.2,BUY_SIDE_SWEEP,1068.3,118.7,1187.0,0.0509,949.6,0.8,574.8967,BUY,False,NONE,0.0,NONE,AGGRESSIVE_BUY
2005-12-09,2005,525.7,BUY_SIDE_SWEEP,859.9318,345.0682,1205.0,0.0749,514.8636,0.42727,564.1546,BUY,False,NONE,0.0,NONE,AGGRESSIVE_BUY
2005-12-12,2005,527.2,NO_SWEEP,172.3,1550.7,1723.0,1.6469,-1378.4,-0.8,432.766,SELL,True,NONE,0.6,NONE,AGGRESSIVE_SELL
2005-12-13,2005,517.1,NO_SWEEP,178.4,1605.6,1784.0,1.613,-1427.2,-0.8,115.266,SELL,False,NONE,0.35,NONE,AGGRESSIVE_SELL
2005-12-14,2005,505.1,NO_SWEEP,186.1,1674.9,1861.0,1.6492,-1488.8,-0.8,-10.9897,SELL,False,NONE,0.35,NONE,AGGRESSIVE_SELL
2005-12-15,2005,501.2,NO_SWEEP,177.0925,1206.9075,1384.0,0.1823,-1029.8151,-0.74409,-245.774,SELL,False,NONE,0.25,NONE,AGGRESSIVE_SELL
2005-12-16,2005,502.7,NO_SWEEP,1416.8746,381.1254,1798.0,1.306,1035.7493,0.57606,-241.4053,BUY,False,NONE,0.35,NONE,AGGRESSIVE_BUY
2005-12-19,2005,503.5,NO_SWEEP,650.4712,562.5288,1213.0,-0.4978,87.9425,0.0725,-342.0075,NEUTRAL,False,NONE,0.25,NONE,NEUTRAL
2005-12-20,2005,492.1,SELL_SIDE_SWEEP,173.6,1562.4,1736.0,1.0891,-1388.8,-0.8,-634.3075,SELL,False,NONE,0.35,NONE,AGGRESSIVE_SELL
2005-12-21,2005,494.3,NO_SWEEP,1204.2,133.8,1338.0,-0.0213,1070.4,0.8,-564.8654,BUY,False,NONE,0.0,NONE,AGGRESSIVE_BUY
2005-12-22,2005,504.0,NO_SWEEP,1299.6,144.4,1444.0,0.2761,1155.2,0.8,-248.1654,BUY,False,NONE,0.0,NONE,AGGRESSIVE_BUY
2005-12-23,2005,502.3,NO_SWEEP,253.9049,597.0951,851.0,-1.6069,-343.1902,-0.40328,-112.6642,SELL,False,NONE,0.25,NONE,AGGRESSIVE_SELL
2005-12-27,2005,507.1,NO_SWEEP,591.1,144.9,736.0,-1.8505,446.2,0.60625,129.2108,BUY,False,NONE,0.0,NONE,AGGRESSIVE_BUY
2005-12-28,2005,516.5,NO_SWEEP,1062.0,118.0,1180.0,-0.5859,944.0,0.8,375.9377,BUY,False,NONE,0.0,NONE,AGGRESSIVE_BUY
2005-12-29,2005,515.5,NO_SWEEP,610.2056,596.7944,1207.0,-0.4801,13.4111,0.01111,248.1454,NEUTRAL,False,NONE,0.25,NONE,NEUTRAL
2005-12-30,2005,514.6,NO_SWEEP,448.6364,209.3636,658.0,-1.9679,239.2727,0.36364,267.0617,BUY,False,NONE,0.25,NONE,AGGRESSIVE_BUY
2006-01-02,2006,516.3,NO_SWEEP,0.2,1.8,2.0,-2.8372,-1.6,-0.8,440.4617,SELL,False,NONE,0.0,NONE,AGGRESSIVE_SELL
2006-01-03,2006,533.6,BUY_SIDE_SWEEP,882.0,98.0,980.0,-0.5837,784.0,0.8,404.6617,BUY,False,NONE,0.0,NONE,AGGRESSIVE_BUY
2006-01-04,2006,533.6,NO_SWEEP,995.005,693.995,1689.0,0.9493,301.0099,0.17822,297.8879,NEUTRAL,False,NONE,0.25,NONE,NEUTRAL
2006-01-05,2006,524.7,NO_SWEEP,235.2235,1302.7765,1538.0,0.5749,-1067.5529,-0.69412,207.3426,SELL,False,NONE,0.0,NONE,AGGRESSIVE_SELL
2006-01-06,2006,539.2,BUY_SIDE_SWEEP,1121.4,124.6,1246.0,-0.0716,996.8,0.8,276.1676,BUY,False,NONE,0.0,NONE,AGGRESSIVE_BUY
2006-01-09,2006,547.7,BUY_SIDE_SWEEP,1495.5652,259.4348,1755.0,0.9611,1236.1304,0.70435,312.6839,BUY,False,NONE,0.0,NONE,AGGRESSIVE_BUY
2006-01-10,2006,542.0,NO_SWEEP,521.6842,1838.3158,2360.0,1.9893,-1316.6316,-0.55789,146.4286,SELL,False,NONE,0.35,NONE,AGGRESSIVE_SELL
2006-01-11,2006,548.2,NO_SWEEP,1822.5,202.5,2025.0,1.2814,1620.0,0.8,319.0195,BUY,False,NONE,0.35,NONE,AGGRESSIVE_BUY
2006-01-12,2006,545.0,NO_SWEEP,588.896,1323.104,1912.0,1.0568,-734.208,-0.384,227.4435,SELL,False,NONE,0.35,NONE,AGGRESSIVE_SELL
2006-01-13,2006,556.7,BUY_SIDE_SWEEP,1353.6,150.4,1504.0,0.2742,1203.2,0.8,279.8435,BUY,False,NONE,0.0,NONE,AGGRESSIVE_BUY
2006-01-17,2006,554.2,NO_SWEEP,358.6471,1316.3529,1675.0,0.6134,-957.7059,-0.57176,122.504,SELL,False,NONE,0.0,NONE,AGGRESSIVE_SELL
2006-01-18,2006,542.5,NO_SWEEP,256.2,2305.8,2562.0,1.9468,-2049.6,-0.8,-0.2519,SELL,False,NONE,0.35,NONE,AGGRESSIVE_SELL
2006-01-19,2006,557.2,NO_SWEEP,2846.7,316.3,3163.0,2.398,2530.4,0.8,191.4481,BUY,False,NONE,0.35,NONE,AGGRESSIVE_BUY
2006-01-20,2006,554.0,NO_SWEEP,239.9,2159.1,2399.0,1.1816,-1919.2,-0.8,-202.9682,SELL,False,NONE,0.35,NONE,AGGRESSIVE_SELL
2006-01-23,2006,558.6,NO_SWEEP,1595.7,177.3,1773.0,0.2929,1418.4,0.8,138.9108,BUY,False,NONE,0.0,NONE,AGGRESSIVE_BUY
2006-01-24,2006,558.0,NO_SWEEP,944.6231,710.3769,1655.0,0.0765,234.2462,0.14154,-34.3085,NEUTRAL,False,NONE,0.25,NONE,NEUTRAL
2006-01-25,2006,562.7,NO_SWEEP,1113.4915,377.5085,1491.0,-0.2177,735.983,0.49362,149.4654,BUY,False,NONE,0.0,NONE,AGGRESSIVE_BUY
2006-01-26,2006,559.7,NO_SWEEP,561.7289,649.2711,1211.0,-0.6335,-87.5422,-0.07229,-11.8774,NEUTRAL,False,NONE,0.25,NONE,NEUTRAL
2006-01-27,2006,559.0,NO_SWEEP,612.6,408.4,1021.0,-0.8908,204.2,0.2,133.3609,BUY,False,NONE,0.25,NONE,AGGRESSIVE_BUY
2006-01-30,2006,568.1,BUY_SIDE_SWEEP,876.6,97.4,974.0,-1.011,779.2,0.8,486.9609,BUY,False,NONE,0.0,NONE,AGGRESSIVE_BUY
2006-01-31,2006,568.7,NO_SWEEP,850.5,514.5,1365.0,-0.6316,336.0,0.24615,212.6609,BUY,False,NONE,0.25,NONE,AGGRESSIVE_BUY
2006-02-01,2006,569.5,NO_SWEEP,1295.1402,219.8598,1515.0,-0.4275,1075.2805,0.70976,586.9709,BUY,False,NONE,0.25,NONE,AGGRESSIVE_BUY
2006-02-02,2006,571.7,NO_SWEEP,905.8,388.2,1294.0,-0.7937,517.6,0.4,474.3709,BUY,False,NONE,0.0,NONE,AGGRESSIVE_BUY
2006-02-03,2006,568.2,NO_SWEEP,309.1404,813.8596,1123.0,-1.0444,-504.7191,-0.44944,382.0003,SELL,False,NONE,0.0,NONE,AGGRESSIVE_SELL
2006-02-06,2006,568.6,NO_SWEEP,370.1891,522.8109,893.0,-1.3794,-152.6218,-0.17091,270.9247,NEUTRAL,False,NONE,0.25,NONE,NEUTRAL
2006-02-07,2006,548.7,SELL_SIDE_SWEEP,182.1,1638.9,1821.0,0.2339,-1456.8,-0.8,99.7674,SELL,False,NONE,0.0,NONE,AGGRESSIVE_SELL
2006-02-08,2006,549.6,NO_SWEEP,1278.2025,462.7975,1741.0,0.154,815.4051,0.46835,176.1681,BUY,False,NONE,0.25,NONE,AGGRESSIVE_BUY
2006-02-09,2006,564.7,NO_SWEEP,1537.2,170.8,1708.0,0.1244,1366.4,0.8,249.5681,BUY,False,NONE,0.0,NONE,AGGRESSIVE_BUY
2006-02-10,2006,550.5,NO_SWEEP,233.1382,1470.8618,1704.0,0.137,-1237.7236,-0.72636,52.8526,SELL,False,NONE,0.0,NONE,AGGRESSIVE_SELL
2006-02-13,2006,540.0,SELL_SIDE_SWEEP,143.0511,1265.9489,1409.0,-0.3963,-1122.8977,-0.79695,-221.9197,SELL,False,NONE,0.0,NONE,AGGRESSIVE_SELL
2006-02-14,2006,547.0,NO_SWEEP,1271.7,141.3,1413.0,-0.3637,1130.4,0.8,-145.3197,BUY,False,NONE,0.0,NONE,AGGRESSIVE_BUY
2006-02-15,2006,539.5,NO_SWEEP,345.1294,1198.8706,1544.0,-0.0336,-853.7412,-0.55294,-188.9474,SELL,False,NONE,0.0,NONE,AGGRESSIVE_SELL
2006-02-16,2006,548.7,NO_SWEEP,1422.9,158.1,1581.0,0.2907,1264.8,0.8,-11.7697,BUY,False,NONE,0.0,NONE,AGGRESSIVE_BUY
2006-02-17,2006,551.6,NO_SWEEP,803.4175,156.5825,960.0,-1.5618,646.835,0.67379,251.1847,BUY,False,NONE,0.0,NONE,AGGRESSIVE_BUY
2006-02-21,2006,553.7,NO_SWEEP,534.3191,226.6809,761.0,-1.9425,307.6383,0.40426,187.7138,BUY,False,NONE,0.25,NONE,AGGRESSIVE_BUY
2006-02-22,2006,555.5,NO_SWEEP,890.1,98.9,989.0,-1.0862,791.2,0.8,115.8138,BUY,False,NONE,0.25,NONE,AGGRESSIVE_BUY
2006-02-23,2006,549.1,NO_SWEEP,158.1087,880.8913,1039.0,-0.8423,-722.7826,-0.69565,180.1815,SELL,False,NONE,0.0,NONE,AGGRESSIVE_SELL
2006-02-24,2006,558.5,NO_SWEEP,739.8,82.2,822.0,-1.3974,657.6,0.8,402.7437,BUY,False,NONE,0.0,NONE,AGGRESSIVE_BUY
2006-02-27,2006,553.1,NO_SWEEP,128.5529,763.4471,892.0,-1.1444,-634.8941,-0.71176,182.0819,SELL,False,NONE,0.0,NONE,AGGRESSIVE_SELL
2006-02-28,2006,562.0,BUY_SIDE_SWEEP,746.1,82.9,829.0,-1.2799,663.2,0.8,371.6996,BUY,False,NONE,0.0,NONE,AGGRESSIVE_BUY
2006-03-01,2006,562.5,BUY_SIDE_SWEEP,536.5312,348.4688,885.0,-1.0207,188.0625,0.2125,237.1074,BUY,False,NONE,0.25,NONE,AGGRESSIVE_BUY
2006-03-02,2006,569.2,BUY_SIDE_SWEEP,806.7526,100.2474,907.0,-0.8684,706.5053,0.77895,244.5662,BUY,False,NONE,0.0,NONE,AGGRESSIVE_BUY
2006-03-03,2006,564.7,NO_SWEEP,66.8,601.2,668.0,-1.3796,-534.4,-0.8,139.3114,SELL,False,NONE,0.0,NONE,AGGRESSIVE_SELL
2006-03-06,2006,554.5,NO_SWEEP,108.8182,746.1818,855.0,-0.8295,-637.3636,-0.74545,-39.2591,SELL,False,NONE,0.0,NONE,AGGRESSIVE_SELL
2006-03-07,2006,552.1,NO_SWEEP,262.8119,685.1881,948.0,-0.5954,-422.3762,-0.44554,-1.7083,SELL,False,NONE,0.25,NONE,AGGRESSIVE_SELL
2006-03-08,2006,542.5,SELL_SIDE_SWEEP,222.1051,884.8949,1107.0,-0.0891,-662.7898,-0.59873,-166.757,SELL,False,NONE,0.0,NONE,AGGRESSIVE_SELL
2006-03-09,2006,545.5,NO_SWEEP,583.3625,207.6375,791.0,-0.9142,375.725,0.475,-40.4296,BUY,False,NONE,0.0,NONE,AGGRESSIVE_BUY
2006-03-10,2006,540.5,NO_SWEEP,281.1721,480.8279,762.0,-0.9299,-199.6558,-0.26202,-148.2866,SELL,False,NONE,0.25,NONE,AGGRESSIVE_SELL
2006-03-13,2006,545.2,NO_SWEEP,625.4032,79.5968,705.0,-1.0679,545.8065,0.77419,-103.5686,BUY,False,NONE,0.0,NONE,AGGRESSIVE_BUY
2006-03-14,2006,550.5,NO_SWEEP,698.4,77.6,776.0,-0.7249,620.8,0.8,-114.2818,BUY,False,NONE,0.25,NONE,AGGRESSIVE_BUY
2006-03-15,2006,552.6,NO_SWEEP,457.84,318.16,776.0,-0.6493,139.68,0.18,-30.0218,NEUTRAL,False,NONE,0.25,NONE,NEUTRAL
2006-03-16,2006,554.7,NO_SWEEP,800.8261,103.1739,904.0,0.0323,697.6522,0.77174,136.8552,BUY,False,NONE,0.25,NONE,AGGRESSIVE_BUY
2006-03-17,2006,553.6,NO_SWEEP,152.2182,445.7818,598.0,-2.0438,-293.5636,-0.49091,152.9568,SELL,False,NONE,0.25,NONE,AGGRESSIVE_SELL
2006-03-20,2006,553.5,NO_SWEEP,248.2667,359.7333,608.0,-1.7104,-111.4667,-0.18333,221.8722,SELL,False,NONE,0.25,NONE,AGGRESSIVE_SELL
2006-03-21,2006,551.7,NO_SWEEP,315.7527,523.2473,839.0,0.0309,-207.4946,-0.24731,148.9697,SELL,False,NONE,0.25,NONE,AGGRESSIVE_SELL
2006-03-22,2006,550.2,NO_SWEEP,265.6719,428.3281,694.0,-0.9875,-162.6562,-0.23437,153.5947,SELL,False,NONE,0.25,NONE,AGGRESSIVE_SELL
2006-03-23,2006,549.6,NO_SWEEP,354.9778,297.0222,652.0,-1.216,57.9556,0.08889,92.6133,NEUTRAL,False,NONE,0.25,NONE,NEUTRAL
2006-03-24,2006,559.6,BUY_SIDE_SWEEP,515.7,57.3,573.0,-1.6326,458.4,0.8,72.3133,BUY,False,NONE,0.0,NONE,AGGRESSIVE_BUY
2006-03-27,2006,566.7,BUY_SIDE_SWEEP,628.29,73.71,702.0,-0.5874,554.58,0.79,124.1758,BUY,False,NONE,0.0,NONE,AGGRESSIVE_BUY
2006-03-28,2006,563.6,NO_SWEEP,131.84,692.16,824.0,0.346,-560.32,-0.68,-33.0707,SELL,False,NONE,0.0,NONE,AGGRESSIVE_SELL
2006-03-29,2006,572.7,BUY_SIDE_SWEEP,765.0,85.0,850.0,0.5632,680.0,0.8,88.6248,BUY,False,NONE,0.0,NONE,AGGRESSIVE_BUY
2006-03-30,2006,588.0,BUY_SIDE_SWEEP,1257.3,139.7,1397.0,3.2016,1117.6,0.8,242.2581,BUY,False,NONE,0.35,NONE,AGGRESSIVE_BUY
2006-03-31,2006,583.5,NO_SWEEP,414.344,793.656,1208.0,1.8689,-379.312,-0.314,220.7809,SELL,False,NONE,0.35,NONE,AGGRESSIVE_SELL
2006-04-03,2006,587.7,NO_SWEEP,689.0026,101.9974,791.0,-0.1686,587.0053,0.74211,314.4886,BUY,False,NONE,0.0,NONE,AGGRESSIVE_BUY
2006-04-04,2006,585.6,NO_SWEEP,168.9164,779.0836,948.0,0.6042,-610.1673,-0.64364,230.9732,SELL,False,NONE,0.0,NONE,AGGRESSIVE_SELL
2006-04-05,2006,588.5,NO_SWEEP,800.1,88.9,889.0,0.3861,711.2,0.8,262.5732,BUY,False,NONE,0.0,NONE,AGGRESSIVE_BUY
2006-04-06,2006,595.6,BUY_SIDE_SWEEP,927.0,103.0,1030.0,1.0244,824.0,0.8,296.2507,BUY,False,NONE,0.35,NONE,AGGRESSIVE_BUY
2006-04-07,2006,588.3,NO_SWEEP,194.8154,810.1846,1005.0,0.8247,-615.3692,-0.61231,289.3696,SELL,False,NONE,0.0,NONE,AGGRESSIVE_SELL
2006-04-10,2006,599.7,BUY_SIDE_SWEEP,852.3,94.7,947.0,0.4802,757.6,0.8,299.0696,BUY,False,NONE,0.0,NONE,AGGRESSIVE_BUY
2006-04-11,2006,593.2,NO_SWEEP,117.2,1054.8,1172.0,1.4246,-937.6,-0.8,42.1696,SELL,False,NONE,0.35,NONE,AGGRESSIVE_SELL
2006-04-12,2006,597.7,NO_SWEEP,832.4769,228.5231,1061.0,0.8225,603.9538,0.56923,165.0778,BUY,False,NONE,0.0,NONE,AGGRESSIVE_BUY
2006-04-13,2006,596.0,NO_SWEEP,422.7475,410.2525,833.0,-0.2238,12.495,0.015,93.264,NEUTRAL,False,NONE,0.25,NONE,NEUTRAL
2006-04-17,2006,613.5,BUY_SIDE_SWEEP,794.7,88.3,883.0,-0.0601,706.4,0.8,257.835,BUY,False,NONE,0.0,NONE,AGGRESSIVE_BUY
2006-04-18,2006,621.2,BUY_SIDE_SWEEP,1000.8,111.2,1112.0,0.9638,889.6,0.8,280.135,BUY,False,NONE,0.0,NONE,AGGRESSIVE_BUY
2006-04-19,2006,639.0,BUY_SIDE_SWEEP,1467.7479,168.2521,1636.0,2.6885,1299.4957,0.79431,339.5719,BUY,False,NONE,0.35,NONE,AGGRESSIVE_BUY
2006-04-20,2006,613.2,NO_SWEEP,179.0737,1512.9263,1692.0,2.3539,-1333.8525,-0.78833,249.7615,SELL,False,NONE,0.35,NONE,AGGRESSIVE_SELL
2006-04-21,2006,633.5,NO_SWEEP,998.1,110.9,1109.0,0.2728,887.2,0.8,265.9615,BUY,False,NONE,0.0,NONE,AGGRESSIVE_BUY
2006-04-24,2006,619.6,NO_SWEEP,119.0,1071.0,1190.0,0.4865,-952.0,-0.8,264.1615,SELL,False,NONE,0.0,NONE,AGGRESSIVE_SELL
2006-04-25,2006,630.2,NO_SWEEP,762.6512,176.3488,939.0,-0.5529,586.3024,0.62439,261.9551,BUY,False,NONE,0.0,NONE,AGGRESSIVE_BUY
2006-04-26,2006,638.7,NO_SWEEP,848.8346,105.1654,954.0,-0.5293,743.6693,0.77953,353.3519,BUY,False,NONE,0.0,NONE,AGGRESSIVE_BUY
2006-04-27,2006,633.2,NO_SWEEP,321.2331,942.7669,1264.0,0.6728,-621.5338,-0.49172,187.3601,SELL,False,NONE,0.0,NONE,AGGRESSIVE_SELL
2006-04-28,2006,653.7,BUY_SIDE_SWEEP,1137.6,126.4,1264.0,0.7201,1011.2,0.8,202.5601,BUY,False,NONE,0.0,NONE,AGGRESSIVE_BUY
2006-05-01,2006,654.5,NO_SWEEP,1001.4962,800.5038,1802.0,2.4266,200.9923,0.11154,65.2472,NEUTRAL,True,NONE,0.6,NONE,NEUTRAL
2006-05-02,2006,668.7,BUY_SIDE_SWEEP,974.7,108.3,1083.0,-0.2151,866.4,0.8,340.2788,BUY,False,NONE,0.0,NONE,AGGRESSIVE_BUY
2006-05-03,2006,664.0,NO_SWEEP,326.5228,1102.4772,1429.0,0.9743,-775.9544,-0.54301,132.3845,SELL,False,NONE,0.25,NONE,AGGRESSIVE_SELL
2006-05-04,2006,679.7,BUY_SIDE_SWEEP,1457.1,161.9,1619.0,1.4886,1295.2,0.8,413.2845,BUY,False,NONE,0.35,NONE,AGGRESSIVE_BUY
2006-05-05,2006,683.2,BUY_SIDE_SWEEP,999.0,111.0,1110.0,-0.3415,888.0,0.8,450.9967,BUY,False,NONE,0.0,NONE,AGGRESSIVE_BUY
2006-05-08,2006,678.2,NO_SWEEP,471.2795,892.7205,1364.0,0.5088,-421.441,-0.30897,305.3579,SELL,False,NONE,0.25,NONE,AGGRESSIVE_SELL
2006-05-09,2006,699.7,BUY_SIDE_SWEEP,1183.5,131.5,1315.0,0.272,1052.0,0.8,514.5496,BUY,False,NONE,0.0,NONE,AGGRESSIVE_BUY
2006-05-10,2006,708.7,BUY_SIDE_SWEEP,1345.5,149.5,1495.0,0.8629,1196.0,0.8,537.6496,BUY,False,NONE,0.0,NONE,AGGRESSIVE_BUY
2006-05-11,2006,713.7,BUY_SIDE_SWEEP,1055.7841,697.2159,1753.0,1.5825,358.5682,0.20455,557.3466,BUY,True,NONE,0.6,NONE,AGGRESSIVE_BUY
2006-05-12,2006,714.2,NO_SWEEP,847.9068,825.0932,1673.0,1.1998,22.8136,0.01364,451.8983,NEUTRAL,True,NONE,0.6,NONE,NEUTRAL
2006-05-15,2006,679.5,NO_SWEEP,396.8,3571.2,3968.0,3.9575,-3174.4,-0.8,152.0926,SELL,False,NONE,0.35,NONE,AGGRESSIVE_SELL
2006-05-16,2006,687.7,NO_SWEEP,2352.0,560.0,2912.0,1.9274,1792.0,0.61538,214.1926,BUY,False,NONE,0.35,NONE,AGGRESSIVE_BUY
2006-05-17,2006,686.7,NO_SWEEP,1010.4019,1926.5981,2937.0,1.7184,-916.1962,-0.31195,-11.3319,SELL,True,NONE,0.6,NONE,AGGRESSIVE_SELL
2006-05-18,2006,684.7,NO_SWEEP,976.6761,2436.3239,3413.0,1.99,-1459.6478,-0.42767,-141.1078,SELL,True,NONE,0.6,NONE,AGGRESSIVE_SELL
2006-05-19,2006,657.2,SELL_SIDE_SWEEP,378.0782,2698.9218,3077.0,1.4166,-2320.8436,-0.75426,-562.7132,SELL,False,NONE,0.35,NONE,AGGRESSIVE_SELL
2006-05-22,2006,655.3,NO_SWEEP,1709.8714,305.1286,2015.0,0.1675,1404.7429,0.69714,-536.6204,BUY,False,NONE,0.25,NONE,AGGRESSIVE_BUY
2006-05-23,2006,666.1,NO_SWEEP,1830.4,600.6,2431.0,0.5725,1229.8,0.50588,-427.7164,BUY,False,NONE,0.0,NONE,AGGRESSIVE_BUY
2006-05-24,2006,642.1,NO_SWEEP,328.8044,2128.1956,2457.0,0.5301,-1799.3912,-0.73235,-655.492,SELL,False,NONE,0.0,NONE,AGGRESSIVE_SELL
2006-05-25,2006,649.6,NO_SWEEP,1815.3,201.7,2017.0,-0.0491,1613.6,0.8,-56.992,BUY,False,NONE,0.0,NONE,AGGRESSIVE_BUY
2006-05-26,2006,651.2,NO_SWEEP,1147.62,247.38,1395.0,-0.8333,900.24,0.64533,-168.462,BUY,False,NONE,0.25,NONE,AGGRESSIVE_BUY
2006-05-30,2006,652.5,NO_SWEEP,496.9036,775.0964,1272.0,-0.9341,-278.1928,-0.21871,-88.7116,SELL,False,NONE,0.25,NONE,AGGRESSIVE_SELL
2006-05-31,2006,642.7,NO_SWEEP,470.1338,2708.8662,3179.0,1.259,-2238.7324,-0.70423,-186.0971,SELL,False,NONE,0.35,NONE,AGGRESSIVE_SELL
2006-06-01,2006,628.5,SELL_SIDE_SWEEP,502.32,1751.68,2254.0,0.0881,-1249.36,-0.55429,-52.1617,SELL,False,NONE,0.0,NONE,AGGRESSIVE_SELL
2006-06-02,2006,637.7,NO_SWEEP,1314.0,146.0,1460.0,-0.8781,1168.0,0.8,-81.7545,BUY,False,NONE,0.0,NONE,AGGRESSIVE_BUY
2006-06-05,2006,634.7,NO_SWEEP,255.8,2302.2,2558.0,0.3985,-2046.4,-0.8,-491.2795,SELL,False,NONE,0.0,NONE,AGGRESSIVE_SELL
2006-06-06,2006,629.6,NO_SWEEP,680.7246,2369.2754,3050.0,0.932,-1688.5507,-0.55362,-477.4245,SELL,False,NONE,0.0,NONE,AGGRESSIVE_SELL
2006-06-07,2006,626.7,NO_SWEEP,1719.6338,1700.3662,3420.0,1.2793,19.2676,0.00563,-676.716,NEUTRAL,True,NONE,0.6,NONE,NEUTRAL
2006-06-08,2006,613.2,SELL_SIDE_SWEEP,692.7857,2487.2143,3180.0,0.8752,-1794.4286,-0.56429,-1013.5496,SELL,False,NONE,0.0,NONE,AGGRESSIVE_SELL
2006-06-09,2006,607.1,NO_SWEEP,801.6273,2105.3727,2907.0,0.4461,-1303.7455,-0.44848,-1141.7437,SELL,False,NONE,0.0,NONE,AGGRESSIVE_SELL
2006-06-12,2006,604.2,NO_SWEEP,218.5556,1186.4444,1405.0,-1.538,-967.8889,-0.68889,-982.8883,SELL,False,NONE,0.25,NONE,AGGRESSIVE_SELL
2006-06-13,2006,565.5,SELL_SIDE_SWEEP,194.4,1749.6,1944.0,-0.7509,-1555.2,-0.8,-1021.1183,SELL,False,NONE,0.0,NONE,AGGRESSIVE_SELL
2006-06-14,2006,558.2,SELL_SIDE_SWEEP,1387.7798,2173.2202,3561.0,1.4635,-785.4404,-0.22057,-1265.2983,SELL,True,NONE,0.6,NONE,AGGRESSIVE_SELL
2006-06-15,2006,576.2,NO_SWEEP,3160.8,351.2,3512.0,1.3069,2809.6,0.8,-658.2983,BUY,False,NONE,0.35,NONE,AGGRESSIVE_BUY
2006-06-16,2006,580.6,NO_SWEEP,3197.6455,534.3545,3732.0,1.5332,2663.2909,0.71364,-114.3181,BUY,True,NONE,0.6,NONE,AGGRESSIVE_BUY
2006-06-19,2006,565.5,NO_SWEEP,252.4,2271.6,2524.0,0.0135,-2019.2,-0.8,-369.1266,SELL,False,NONE,0.0,NONE,AGGRESSIVE_SELL
2006-06-20,2006,575.0,NO_SWEEP,1157.4,128.6,1286.0,-1.4779,1028.8,0.8,-16.223,BUY,False,NONE,0.0,NONE,AGGRESSIVE_BUY
2006-06-21,2006,586.5,NO_SWEEP,1199.4371,181.5629,1381.0,-1.2414,1017.8741,0.73706,273.9795,BUY,False,NONE,0.0,NONE,AGGRESSIVE_BUY
2006-06-22,2006,580.6,NO_SWEEP,125.5,1129.5,1255.0,-1.2632,-1004.0,-0.8,269.4656,SELL,False,NONE,0.0,NONE,AGGRESSIVE_SELL
2006-06-23,2006,583.0,NO_SWEEP,1159.4266,199.5734,1359.0,-1.0774,959.8531,0.70629,583.8472,BUY,False,NONE,0.25,NONE,AGGRESSIVE_BUY
2006-06-26,2006,585.0,NO_SWEEP,884.4,187.6,1072.0,-1.3486,696.8,0.65,769.1273,BUY,False,NONE,0.25,NONE,AGGRESSIVE_BUY
2006-06-27,2006,579.2,NO_SWEEP,141.1,1269.9,1411.0,-0.9965,-1128.8,-0.8,276.8273,SELL,False,NONE,0.25,NONE,AGGRESSIVE_SELL
2006-06-28,2006,579.5,NO_SWEEP,225.9269,846.0731,1072.0,-1.2298,-620.1462,-0.57849,-133.6024,SELL,False,NONE,0.25,NONE,AGGRESSIVE_SELL
2006-06-29,2006,598.7,BUY_SIDE_SWEEP,968.4,107.6,1076.0,-1.1231,860.8,0.8,226.3976,BUY,False,NONE,0.0,NONE,AGGRESSIVE_BUY
2006-06-30,2006,615.2,BUY_SIDE_SWEEP,875.7,97.3,973.0,-1.1764,778.4,0.8,195.0976,BUY,False,NONE,0.0,NONE,AGGRESSIVE_BUY
2006-07-03,2006,623.0,BUY_SIDE_SWEEP,365.7472,46.2528,412.0,-1.5383,319.4943,0.77547,107.8002,BUY,False,NONE,0.0,NONE,AGGRESSIVE_BUY
2006-07-04,2006,620.7,NO_SWEEP,1.7,15.3,17.0,-1.6765,-13.6,-0.8,231.6002,SELL,False,NONE,0.0,NONE,AGGRESSIVE_SELL
2006-07-05,2006,627.1,BUY_SIDE_SWEEP,814.6104,119.3896,934.0,-0.7657,695.2209,0.74435,198.5211,BUY,False,NONE,0.25,NONE,AGGRESSIVE_BUY
2006-07-06,2006,633.0,BUY_SIDE_SWEEP,862.2,95.8,958.0,-0.6637,766.4,0.8,207.2211,BUY,False,NONE,0.0,NONE,AGGRESSIVE_BUY
2006-07-07,2006,628.7,NO_SWEEP,112.6071,938.3929,1051.0,-0.5,-825.7857,-0.78571,245.0979,SELL,False,NONE,0.0,NONE,AGGRESSIVE_SELL
2006-07-10,2006,623.2,NO_SWEEP,161.5932,746.4068,908.0,-0.6134,-584.8136,-0.64407,249.5145,SELL,False,NONE,0.0,NONE,AGGRESSIVE_SELL
2006-07-11,2006,640.2,BUY_SIDE_SWEEP,914.4,101.6,1016.0,-0.4587,812.8,0.8,243.5145,BUY,False,NONE,0.0,NONE,AGGRESSIVE_BUY
2006-07-12,2006,650.2,BUY_SIDE_SWEEP,996.7747,269.2253,1266.0,-0.1076,727.5494,0.57468,237.1582,BUY,False,NONE,0.0,NONE,AGGRESSIVE_BUY
2006-07-13,2006,663.8,BUY_SIDE_SWEEP,1125.9,125.1,1251.0,0.0045,1000.8,0.8,322.3214,BUY,False,NONE,0.0,NONE,AGGRESSIVE_BUY
2006-07-14,2006,663.6,NO_SWEEP,432.3439,668.6561,1101.0,-0.0333,-236.3122,-0.21463,294.4823,SELL,False,NONE,0.25,NONE,AGGRESSIVE_SELL
2006-07-17,2006,642.6,NO_SWEEP,126.3,1136.7,1263.0,0.6489,-1010.4,-0.8,81.2797,SELL,False,NONE,0.0,NONE,AGGRESSIVE_SELL
2006-07-18,2006,630.5,NO_SWEEP,127.1,1143.9,1271.0,0.677,-1016.8,-0.8,-141.6203,SELL,False,NONE,0.0,NONE,AGGRESSIVE_SELL
2006-07-19,2006,642.2,NO_SWEEP,1114.2,123.8,1238.0,0.6079,990.4,0.8,85.403,BUY,False,NONE,0.25,NONE,AGGRESSIVE_BUY
2006-07-20,2006,628.6,NO_SWEEP,116.0,1044.0,1160.0,0.3799,-928.0,-0.8,42.5046,SELL,False,NONE,0.0,NONE,AGGRESSIVE_SELL
2006-07-21,2006,619.2,NO_SWEEP,187.2081,1409.7919,1597.0,1.6476,-1222.5837,-0.76555,-211.9183,SELL,False,NONE,0.35,NONE,AGGRESSIVE_SELL
2006-07-24,2006,615.0,SELL_SIDE_SWEEP,622.1221,624.8779,1247.0,0.5578,-2.7558,-0.00221,-303.2065,NEUTRAL,False,NONE,0.25,NONE,NEUTRAL
2006-07-25,2006,618.6,NO_SWEEP,715.945,245.055,961.0,-0.2395,470.89,0.49,-369.4452,BUY,False,NONE,0.25,NONE,AGGRESSIVE_BUY
2006-07-26,2006,623.0,NO_SWEEP,766.9532,202.0468,969.0,-0.1988,564.9064,0.58298,-269.2929,BUY,False,NONE,0.25,NONE,AGGRESSIVE_BUY
2006-07-27,2006,634.1,NO_SWEEP,770.3623,264.6377,1035.0,0.0111,505.7246,0.48862,-79.7773,BUY,False,NONE,0.0,NONE,AGGRESSIVE_BUY
2006-07-28,2006,634.2,NO_SWEEP,743.5545,175.4455,919.0,-0.3378,568.1091,0.61818,118.3363,BUY,False,NONE,0.25,NONE,AGGRESSIVE_BUY
2006-07-31,2006,635.7,NO_SWEEP,405.3832,467.6168,873.0,-0.6055,-62.2337,-0.07129,-13.2429,NEUTRAL,False,NONE,0.25,NONE,NEUTRAL
2006-08-01,2006,647.5,NO_SWEEP,933.3,103.7,1037.0,-0.3733,829.6,0.8,206.4571,BUY,False,NONE,0.0,NONE,AGGRESSIVE_BUY
2006-08-02,2006,651.2,BUY_SIDE_SWEEP,716.2472,276.7528,993.0,-0.6487,439.4944,0.44259,414.2169,BUY,False,NONE,0.0,NONE,AGGRESSIVE_BUY
2006-08-03,2006,644.7,NO_SWEEP,255.1343,632.8657,888.0,-1.2078,-377.7313,-0.42537,367.3449,SELL,False,NONE,0.0,NONE,AGGRESSIVE_SELL
2006-08-04,2006,646.0,NO_SWEEP,179.76,783.24,963.0,-0.7504,-603.48,-0.62667,233.0487,SELL,False,NONE,0.25,NONE,AGGRESSIVE_SELL
2006-08-07,2006,648.2,NO_SWEEP,516.3188,305.6812,822.0,-1.467,210.6375,0.25625,188.7651,BUY,False,NONE,0.25,NONE,AGGRESSIVE_BUY
2006-08-08,2006,642.0,NO_SWEEP,103.5915,705.4085,809.0,-1.4084,-601.8171,-0.7439,50.3224,SELL,False,NONE,0.0,NONE,AGGRESSIVE_SELL
2006-08-09,2006,650.5,NO_SWEEP,867.3185,149.6815,1017.0,-0.2819,717.6369,0.70564,69.0133,BUY,False,NONE,0.0,NONE,AGGRESSIVE_BUY
2006-08-10,2006,637.2,NO_SWEEP,136.8535,969.1465,1106.0,0.2285,-832.2929,-0.75253,-27.2441,SELL,False,NONE,0.0,NONE,AGGRESSIVE_SELL
2006-08-11,2006,632.0,NO_SWEEP,215.5092,766.4908,982.0,-0.4042,-550.9816,-0.56108,-199.8168,SELL,False,NONE,0.25,NONE,AGGRESSIVE_SELL
2006-08-14,2006,626.2,NO_SWEEP,244.7053,862.2947,1107.0,0.3162,-617.5895,-0.55789,-331.9523,SELL,False,NONE,0.25,NONE,AGGRESSIVE_SELL
2006-08-15,2006,624.5,NO_SWEEP,278.8985,542.1015,821.0,-1.1437,-263.2029,-0.32059,-317.6362,SELL,False,NONE,0.25,NONE,AGGRESSIVE_SELL
2006-08-16,2006,628.5,NO_SWEEP,583.6103,247.3897,831.0,-0.9862,336.2207,0.4046,-200.1736,BUY,False,NONE,0.0,NONE,AGGRESSIVE_BUY
2006-08-17,2006,613.2,SELL_SIDE_SWEEP,84.7,762.3,847.0,-0.8105,-677.6,-0.8,-311.2033,SELL,False,NONE,0.0,NONE,AGGRESSIVE_SELL
2006-08-18,2006,614.2,NO_SWEEP,451.4462,596.5538,1048.0,0.7473,-145.1077,-0.13846,-254.1146,NEUTRAL,False,NONE,0.25,NONE,NEUTRAL
2006-08-21,2006,627.5,NO_SWEEP,769.5,85.5,855.0,-0.9446,684.0,0.8,-258.3192,BUY,False,NONE,0.0,NONE,AGGRESSIVE_BUY
2006-08-22,2006,623.0,NO_SWEEP,201.1579,708.8421,910.0,-0.3341,-507.6842,-0.55789,-217.7432,SELL,False,NONE,0.0,NONE,AGGRESSIVE_SELL
2006-08-23,2006,621.1,NO_SWEEP,94.4,849.6,944.0,0.0387,-755.2,-0.8,-243.2705,SELL,False,NONE,0.25,NONE,AGGRESSIVE_SELL
2006-08-24,2006,620.7,NO_SWEEP,207.8125,742.1875,950.0,0.1513,-534.375,-0.5625,-232.8686,SELL,False,NONE,0.25,NONE,AGGRESSIVE_SELL
2006-08-25,2006,622.0,NO_SWEEP,745.8435,177.1565,923.0,-0.1448,568.6871,0.61613,-128.8824,BUY,False,NONE,0.25,NONE,AGGRESSIVE_BUY
2006-08-28,2006,613.7,NO_SWEEP,81.3,731.7,813.0,-1.2688,-650.4,-0.8,-252.21,SELL,False,NONE,0.0,NONE,AGGRESSIVE_SELL
2006-08-29,2006,614.0,NO_SWEEP,832.7038,266.2962,1099.0,1.6412,566.4077,0.51538,-96.709,BUY,True,NONE,0.6,NONE,AGGRESSIVE_BUY
2006-08-30,2006,618.7,NO_SWEEP,741.0437,111.9563,853.0,-0.7658,629.0875,0.7375,0.0654,BUY,False,NONE,0.0,NONE,AGGRESSIVE_BUY
2006-08-31,2006,624.6,NO_SWEEP,805.5556,194.4444,1000.0,0.6472,611.1111,0.61111,-9.0457,BUY,False,NONE,0.0,NONE,AGGRESSIVE_BUY
2006-09-01,2006,624.7,NO_SWEEP,333.8462,410.1538,744.0,-1.661,-76.3077,-0.10256,44.8763,NEUTRAL,False,NONE,0.25,NONE,NEUTRAL
2006-09-05,2006,638.1,BUY_SIDE_SWEEP,1898.0154,241.9846,2140.0,4.0455,1656.0308,0.77385,346.2802,BUY,False,NONE,0.35,NONE,AGGRESSIVE_BUY
2006-09-06,2006,633.2,NO_SWEEP,156.2,1405.8,1562.0,1.7419,-1249.6,-0.8,256.8771,SELL,False,NONE,0.35,NONE,AGGRESSIVE_SELL
2006-09-07,2006,616.7,NO_SWEEP,127.5,1147.5,1275.0,0.7529,-1020.0,-0.8,58.2912,SELL,False,NONE,0.0,NONE,AGGRESSIVE_SELL
2006-09-08,2006,610.2,NO_SWEEP,243.25,868.75,1112.0,0.2285,-625.5,-0.5625,61.4037,SELL,False,NONE,0.0,NONE,AGGRESSIVE_SELL
2006-09-11,2006,588.7,SELL_SIDE_SWEEP,164.7233,896.2767,1061.0,0.0522,-731.5533,-0.68949,-100.8415,SELL,False,NONE,0.0,NONE,AGGRESSIVE_SELL
2006-09-12,2006,585.7,NO_SWEEP,345.5,3109.5,3455.0,3.7524,-2764.0,-0.8,-524.9774,SELL,True,NONE,0.6,NONE,AGGRESSIVE_SELL
2006-09-13,2006,589.7,NO_SWEEP,3250.5411,655.4589,3906.0,3.0515,2595.0822,0.66438,-276.981,BUY,True,NONE,0.6,NONE,AGGRESSIVE_BUY
2006-09-14,2006,575.0,SELL_SIDE_SWEEP,365.1,3285.9,3651.0,2.2376,-2920.8,-0.8,-632.5425,SELL,False,NONE,0.35,NONE,AGGRESSIVE_SELL
2006-09-15,2006,578.7,NO_SWEEP,3269.6368,708.3632,3978.0,2.1268,2561.2737,0.64386,-519.3872,BUY,True,NONE,0.6,NONE,AGGRESSIVE_BUY
2006-09-18,2006,586.7,NO_SWEEP,2862.9,318.1,3181.0,1.2659,2544.8,0.8,-45.0872,BUY,False,NONE,0.35,NONE,AGGRESSIVE_BUY
2006-09-19,2006,571.7,NO_SWEEP,326.8,2941.2,3268.0,1.2064,-2614.4,-0.8,-244.3872,SELL,False,NONE,0.35,NONE,AGGRESSIVE_SELL
2006-09-20,2006,576.2,NO_SWEEP,1711.0,1711.0,3422.0,1.2024,0.0,0.0,-166.1997,NEUTRAL,True,NONE,0.6,NONE,NEUTRAL
2006-09-21,2006,583.7,NO_SWEEP,3095.1,343.9,3439.0,1.0983,2751.2,0.8,269.1445,BUY,False,NONE,0.35,NONE,AGGRESSIVE_BUY
2006-09-22,2006,589.1,NO_SWEEP,2721.1553,932.8447,3654.0,1.1487,1788.3106,0.48941,838.1833,BUY,False,NONE,0.35,NONE,AGGRESSIVE_BUY
2006-09-25,2006,589.1,NO_SWEEP,1312.89,292.11,1605.0,-0.5397,1020.78,0.636,641.3955,BUY,False,NONE,0.25,NONE,AGGRESSIVE_BUY
2006-09-26,2006,591.2,NO_SWEEP,1470.5067,337.4933,1808.0,-0.4279,1133.0133,0.62667,1148.1222,BUY,False,NONE,0.25,NONE,AGGRESSIVE_BUY
2006-09-28,2006,600.7,BUY_SIDE_SWEEP,329.6176,2872.3824,3202.0,0.6804,-2542.7647,-0.79412,510.1174,SELL,True,SELL,0.65,BUY_BREAKOUT_ABSORBED,ICEBERG_SELL
2006-09-29,2006,597.7,NO_SWEEP,774.2737,1852.7263,2627.0,0.1115,-1078.4526,-0.41053,57.2108,SELL,False,NONE,0.25,NONE,AGGRESSIVE_SELL
2006-10-02,2006,594.7,NO_SWEEP,1377.9953,1646.0047,3024.0,0.3993,-268.0094,-0.08863,350.5096,NEUTRAL,False,NONE,0.25,NONE,NEUTRAL
2006-10-03,2006,574.1,NO_SWEEP,427.5,3847.5,4275.0,1.4693,-3420.0,-0.8,-76.9904,SELL,False,NONE,0.35,NONE,AGGRESSIVE_SELL
2006-10-04,2006,567.2,SELL_SIDE_SWEEP,1148.0,3239.0,4387.0,1.4054,-2091.0,-0.47664,-682.2654,SELL,False,NONE,0.35,NONE,AGGRESSIVE_SELL
2006-10-05,2006,572.7,NO_SWEEP,3806.1,422.9,4229.0,1.1399,3383.2,0.8,-482.9042,BUY,False,NONE,0.35,NONE,AGGRESSIVE_BUY
2006-10-06,2006,573.2,NO_SWEEP,2124.9,236.1,2361.0,-0.7301,1888.8,0.8,-374.4017,BUY,False,NONE,0.25,NONE,AGGRESSIVE_BUY
2006-10-09,2006,576.2,NO_SWEEP,1549.5043,741.4957,2291.0,-0.9449,808.0086,0.35269,-415.0273,BUY,False,NONE,0.25,NONE,AGGRESSIVE_BUY
2006-10-10,2006,572.5,NO_SWEEP,609.8537,2210.1463,2820.0,-0.5324,-1600.2927,-0.56748,-297.2183,SELL,False,NONE,0.25,NONE,AGGRESSIVE_SELL
2006-10-11,2006,572.6,NO_SWEEP,1446.8235,1413.1765,2860.0,-0.4404,33.6471,0.01176,-158.2058,NEUTRAL,False,NONE,0.25,NONE,NEUTRAL
2006-10-12,2006,579.0,NO_SWEEP,2223.0,247.0,2470.0,-0.8558,1976.0,0.8,122.2954,BUY,False,NONE,0.0,NONE,AGGRESSIVE_BUY
2006-10-13,2006,589.6,NO_SWEEP,2343.6,260.4,2604.0,-0.6147,2083.2,0.8,810.1954,BUY,False,NONE,0.0,NONE,AGGRESSIVE_BUY
2006-10-16,2006,596.2,NO_SWEEP,1975.5,219.5,2195.0,-1.0408,1756.0,0.8,1291.0704,BUY,False,NONE,0.0,NONE,AGGRESSIVE_BUY
2006-10-17,2006,589.5,NO_SWEEP,526.4487,1749.5513,2276.0,-0.859,-1223.1026,-0.53739,715.2825,SELL,False,NONE,0.0,NONE,AGGRESSIVE_SELL
2006-10-18,2006,589.2,NO_SWEEP,891.5,891.5,1783.0,-1.3387,0.0,0.0,479.1825,NEUTRAL,False,NONE,0.25,NONE,NEUTRAL
2006-10-19,2006,599.7,BUY_SIDE_SWEEP,2366.1,262.9,2629.0,-0.2472,2103.2,0.8,641.0815,BUY,False,NONE,0.0,NONE,AGGRESSIVE_BUY
2006-10-20,2006,591.1,NO_SWEEP,275.8,2482.2,2758.0,-0.0443,-2206.4,-0.8,565.3181,SELL,False,NONE,0.0,NONE,AGGRESSIVE_SELL
2006-10-23,2006,580.7,NO_SWEEP,309.3,2783.7,3093.0,0.4279,-2474.4,-0.8,251.8122,SELL,False,NONE,0.0,NONE,AGGRESSIVE_SELL
2006-10-24,2006,585.2,NO_SWEEP,2935.8,326.2,3262.0,0.5711,2609.6,0.8,331.0122,BUY,False,NONE,0.25,NONE,AGGRESSIVE_BUY
2006-10-25,2006,591.2,NO_SWEEP,2448.0,272.0,2720.0,-0.2525,2176.0,0.8,342.6122,BUY,False,NONE,0.0,NONE,AGGRESSIVE_BUY
2006-10-26,2006,596.0,NO_SWEEP,2666.3814,581.6186,3248.0,0.5127,2084.7628,0.64186,383.7075,BUY,False,NONE,0.0,NONE,AGGRESSIVE_BUY
2006-10-27,2006,599.2,NO_SWEEP,2257.2,250.8,2508.0,-0.553,2006.4,0.8,787.3953,BUY,False,NONE,0.0,NONE,AGGRESSIVE_BUY
2006-10-30,2006,603.6,BUY_SIDE_SWEEP,2438.7097,1593.2903,4032.0,1.4885,845.4194,0.20968,893.0728,BUY,False,NONE,0.35,NONE,AGGRESSIVE_BUY
2006-10-31,2006,606.1,NO_SWEEP,3119.4,346.6,3466.0,0.834,2772.8,0.8,976.7728,BUY,False,NONE,0.25,NONE,AGGRESSIVE_BUY
2006-11-01,2006,616.7,BUY_SIDE_SWEEP,1884.9078,267.0922,2152.0,-1.051,1617.8156,0.75177,1454.7997,BUY,False,NONE,0.0,NONE,AGGRESSIVE_BUY
2006-11-02,2006,624.2,BUY_SIDE_SWEEP,3100.5,344.5,3445.0,1.3107,2756.0,0.8,2108.5997,BUY,False,NONE,0.35,NONE,AGGRESSIVE_BUY
2006-11-03,2006,626.9,BUY_SIDE_SWEEP,2533.8765,357.1235,2891.0,0.2209,2176.7529,0.75294,2054.4938,BUY,False,NONE,0.25,NONE,AGGRESSIVE_BUY
2006-11-06,2006,623.0,NO_SWEEP,338.6,3047.4,3386.0,1.0528,-2708.8,-0.8,1443.8938,SELL,False,NONE,0.35,NONE,AGGRESSIVE_SELL
2006-11-07,2006,624.0,NO_SWEEP,913.0987,2580.9013,3494.0,1.1511,-1667.8027,-0.47733,974.8232,SELL,True,NONE,0.6,NONE,AGGRESSIVE_SELL
2006-11-08,2006,615.7,NO_SWEEP,648.5652,3613.4348,4262.0,2.1195,-2964.8696,-0.69565,353.4145,SELL,False,NONE,0.35,NONE,AGGRESSIVE_SELL
2006-11-09,2006,634.7,BUY_SIDE_SWEEP,3312.9,368.1,3681.0,1.0774,2944.8,0.8,615.837,BUY,False,NONE,0.35,NONE,AGGRESSIVE_BUY
2006-11-10,2006,628.2,NO_SWEEP,942.9304,3483.0696,4426.0,1.9097,-2540.1391,-0.57391,-48.2804,SELL,False,NONE,0.35,NONE,AGGRESSIVE_SELL
2006-11-13,2006,624.6,NO_SWEEP,945.0,2685.0,3630.0,0.6951,-1740.0,-0.47934,-468.0073,SELL,False,NONE,0.25,NONE,AGGRESSIVE_SELL
2006-11-14,2006,620.7,NO_SWEEP,492.38,3024.62,3517.0,0.456,-2532.24,-0.72,-1129.0373,SELL,False,NONE,0.0,NONE,AGGRESSIVE_SELL
2006-11-15,2006,622.2,NO_SWEEP,3526.1087,632.8913,4159.0,1.3807,2893.2174,0.69565,-1039.4792,BUY,True,NONE,0.6,NONE,AGGRESSIVE_BUY
2006-11-16,2006,618.2,NO_SWEEP,339.5,3055.5,3395.0,0.0328,-2716.0,-0.8,-1040.3792,SELL,False,NONE,0.0,NONE,AGGRESSIVE_SELL
2006-11-17,2006,621.2,NO_SWEEP,2755.8,306.2,3062.0,-0.5891,2449.6,0.8,-525.7039,BUY,False,NONE,0.0,NONE,AGGRESSIVE_BUY
2006-11-20,2006,622.2,NO_SWEEP,1613.15,1319.85,2933.0,-0.7978,293.3,0.1,-118.4327,NEUTRAL,False,NONE,0.25,NONE,NEUTRAL
2006-11-21,2006,627.7,NO_SWEEP,2580.3,286.7,2867.0,-0.8633,2293.6,0.8,-199.8327,BUY,False,NONE,0.0,NONE,AGGRESSIVE_BUY
2006-11-22,2006,627.9,NO_SWEEP,1077.3541,1161.6459,2239.0,-1.8023,-84.2918,-0.03765,107.1482,NEUTRAL,False,NONE,0.25,NONE,NEUTRAL
2006-11-27,2006,640.5,BUY_SIDE_SWEEP,2011.1593,831.8407,2843.0,-0.7683,1179.3185,0.41481,472.063,BUY,False,NONE,0.25,NONE,AGGRESSIVE_BUY
2006-11-28,2006,639.7,NO_SWEEP,1598.6634,1002.3366,2601.0,-1.1771,596.3268,0.22927,863.1339,BUY,False,NONE,0.25,NONE,AGGRESSIVE_BUY
2006-11-29,2006,636.6,NO_SWEEP,397.3565,2322.6435,2720.0,-0.8898,-1925.287,-0.70783,260.8208,SELL,False,NONE,0.25,NONE,AGGRESSIVE_SELL
2006-11-30,2006,647.2,BUY_SIDE_SWEEP,1795.5,199.5,1995.0,-1.797,1596.0,0.8,799.8208,BUY,False,NONE,0.0,NONE,AGGRESSIVE_BUY
2006-12-01,2006,645.0,NO_SWEEP,505.1812,2060.8188,2566.0,-1.0065,-1555.6375,-0.60625,299.1661,SELL,False,NONE,0.25,NONE,AGGRESSIVE_SELL
2006-12-04,2006,645.7,NO_SWEEP,1257.536,1148.464,2406.0,-1.1398,109.072,0.04533,276.1376,NEUTRAL,False,NONE,0.25,NONE,NEUTRAL
2006-12-05,2006,641.2,NO_SWEEP,667.8,2512.2,3180.0,0.0182,-1844.4,-0.58,-241.1124,SELL,False,NONE,0.0,NONE,AGGRESSIVE_SELL
2006-12-06,2006,630.7,NO_SWEEP,734.4515,3282.5485,4017.0,1.2061,-2548.097,-0.63433,-549.088,SELL,False,NONE,0.35,NONE,AGGRESSIVE_SELL
2006-12-07,2006,632.2,NO_SWEEP,3064.1846,369.8154,3434.0,0.3508,2694.3692,0.78462,-359.7067,BUY,False,NONE,0.25,NONE,AGGRESSIVE_BUY
2006-12-08,2006,624.6,NO_SWEEP,312.1,2808.9,3121.0,-0.0295,-2496.8,-0.8,-746.3475,SELL,False,NONE,0.0,NONE,AGGRESSIVE_SELL
2006-12-11,2006,629.2,NO_SWEEP,2313.9,257.1,2571.0,-0.815,2056.8,0.8,-248.5867,BUY,False,NONE,0.0,NONE,AGGRESSIVE_BUY
2006-12-12,2006,629.0,NO_SWEEP,888.5333,1151.4667,2040.0,-1.5708,-262.9333,-0.12889,-480.9533,NEUTRAL,False,NONE,0.25,NONE,NEUTRAL
2006-12-13,2006,628.2,NO_SWEEP,1237.77,1189.23,2427.0,-0.8248,48.54,0.02,-280.4311,NEUTRAL,False,NONE,0.25,NONE,NEUTRAL
2006-12-14,2006,628.5,NO_SWEEP,1759.5,195.5,1955.0,-1.4616,1564.0,0.8,-98.5651,BUY,False,NONE,0.25,NONE,AGGRESSIVE_BUY
2006-12-15,2006,614.7,SELL_SIDE_SWEEP,252.9,2276.1,2529.0,-0.42,-2023.2,-0.8,-120.9151,SELL,False,NONE,0.0,NONE,AGGRESSIVE_SELL
2006-12-18,2006,614.7,NO_SWEEP,982.4182,1590.5818,2573.0,-0.2655,-608.1636,-0.23636,121.5765,SELL,False,NONE,0.25,NONE,AGGRESSIVE_SELL
2006-12-19,2006,622.2,NO_SWEEP,1732.5,192.5,1925.0,-1.4055,1540.0,0.8,-22.7196,BUY,False,NONE,0.0,NONE,AGGRESSIVE_BUY
2006-12-20,2006,621.1,NO_SWEEP,679.3733,1328.6267,2008.0,-1.1241,-649.2533,-0.32333,208.2237,SELL,False,NONE,0.25,NONE,AGGRESSIVE_SELL
2006-12-21,2006,618.1,NO_SWEEP,214.7,1932.3,2147.0,-0.7846,-1717.6,-0.8,-263.5763,SELL,False,NONE,0.0,NONE,AGGRESSIVE_SELL
2006-12-22,2006,619.2,NO_SWEEP,722.52,615.48,1338.0,-1.9932,107.04,0.08,-217.3296,NEUTRAL,False,NONE,0.25,NONE,NEUTRAL
2006-12-26,2006,624.1,NO_SWEEP,92.578,774.422,867.0,-2.2592,-681.8441,-0.78644,-308.6276,SELL,False,NONE,0.25,NONE,AGGRESSIVE_SELL
2006-12-27,2006,627.2,NO_SWEEP,1377.0,357.0,1734.0,-0.9165,1020.0,0.58824,-376.6276,BUY,False,NONE,0.0,NONE,AGGRESSIVE_BUY
2006-12-28,2006,633.7,BUY_SIDE_SWEEP,1456.7097,228.2903,1685.0,-0.8986,1228.4194,0.72903,29.8248,BUY,False,NONE,0.0,NONE,AGGRESSIVE_BUY
2006-12-29,2006,636.2,BUY_SIDE_SWEEP,984.6,109.4,1094.0,-1.5624,875.2,0.8,215.2452,BUY,False,NONE,0.0,NONE,AGGRESSIVE_BUY
2007-01-02,2007,640.2,BUY_SIDE_SWEEP,939.6,104.4,1044.0,-1.4467,835.2,0.8,127.1452,BUY,False,NONE,0.0,NONE,AGGRESSIVE_BUY
2007-01-03,2007,627.1,NO_SWEEP,302.5,2722.5,3025.0,0.9612,-2420.0,-0.8,-94.1981,SELL,False,NONE,0.0,NONE,AGGRESSIVE_SELL
2007-01-04,2007,621.7,NO_SWEEP,362.355,3088.645,3451.0,1.4328,-2726.29,-0.79,-220.2843,SELL,False,NONE,0.35,NONE,AGGRESSIVE_SELL
2007-01-05,2007,606.7,SELL_SIDE_SWEEP,546.0,3084.0,3630.0,1.7472,-2538.0,-0.69917,-550.9143,SELL,False,NONE,0.35,NONE,AGGRESSIVE_SELL
2007-01-08,2007,608.5,NO_SWEEP,2173.3014,515.6986,2689.0,0.6524,1657.6027,0.61644,-258.4835,BUY,False,NONE,0.25,NONE,AGGRESSIVE_BUY
2007-01-09,2007,613.5,NO_SWEEP,2834.8708,401.1292,3236.0,1.3507,2433.7417,0.75208,-81.7658,BUY,False,NONE,0.35,NONE,AGGRESSIVE_BUY
2007-01-10,2007,611.0,NO_SWEEP,1540.77,1495.23,3036.0,1.0361,45.54,0.015,-229.6257,NEUTRAL,True,NONE,0.6,NONE,NEUTRAL
2007-01-11,2007,611.5,NO_SWEEP,1690.3662,1194.6338,2885.0,0.7786,495.7324,0.17183,-277.0591,NEUTRAL,False,NONE,0.25,NONE,NEUTRAL
2007-01-12,2007,626.5,NO_SWEEP,2806.2,311.8,3118.0,1.0011,2494.4,0.8,-69.6591,BUY,False,NONE,0.35,NONE,AGGRESSIVE_BUY
2007-01-15,2007,626.1,NO_SWEEP,600.48,233.52,834.0,-1.6067,366.96,0.44,278.7109,BUY,False,NONE,0.25,NONE,AGGRESSIVE_BUY
2007-01-16,2007,624.6,NO_SWEEP,775.425,1967.575,2743.0,0.5559,-1192.15,-0.43462,470.4784,SELL,False,NONE,0.25,NONE,AGGRESSIVE_SELL
2007-01-17,2007,632.2,NO_SWEEP,2635.2,292.8,2928.0,0.7375,2342.4,0.8,1080.5284,BUY,False,NONE,0.0,NONE,AGGRESSIVE_BUY
2007-01-18,2007,627.1,NO_SWEEP,285.2,2566.8,2852.0,0.5969,-2281.6,-0.8,588.128,SELL,False,NONE,0.0,NONE,AGGRESSIVE_SELL
2007-01-19,2007,634.7,NO_SWEEP,1856.0,224.0,2080.0,-0.2691,1632.0,0.78462,487.9103,BUY,False,NONE,0.0,NONE,AGGRESSIVE_BUY
2007-01-22,2007,632.7,NO_SWEEP,258.7,2328.3,2587.0,0.2726,-2069.6,-0.8,223.5178,SELL,False,NONE,0.25,NONE,AGGRESSIVE_SELL
2007-01-23,2007,645.6,BUY_SIDE_SWEEP,2224.8,247.2,2472.0,0.0837,1977.6,0.8,408.7513,BUY,False,NONE,0.0,NONE,AGGRESSIVE_BUY
2007-01-24,2007,647.7,BUY_SIDE_SWEEP,2394.0,266.0,2660.0,0.2157,2128.0,0.8,362.9513,BUY,False,NONE,0.25,NONE,AGGRESSIVE_BUY
2007-01-25,2007,645.6,NO_SWEEP,327.3,2945.7,3273.0,0.8951,-2618.4,-0.8,-10.2187,SELL,False,NONE,0.25,NONE,AGGRESSIVE_SELL
2007-01-26,2007,645.5,NO_SWEEP,2389.2338,661.7662,3051.0,0.5414,1727.4676,0.5662,354.7335,BUY,False,NONE,0.25,NONE,AGGRESSIVE_BUY
2007-01-29,2007,643.0,NO_SWEEP,522.2,1715.8,2238.0,-0.6561,-1193.6,-0.53333,-87.2665,SELL,False,NONE,0.0,NONE,AGGRESSIVE_SELL
2007-01-30,2007,646.0,NO_SWEEP,1714.5446,254.4554,1969.0,-1.2705,1460.0892,0.74154,380.4446,BUY,False,NONE,0.0,NONE,AGGRESSIVE_BUY
2007-01-31,2007,652.7,NO_SWEEP,2436.3,270.7,2707.0,-0.0249,2165.6,0.8,447.1446,BUY,False,NONE,0.0,NONE,AGGRESSIVE_BUY
2007-02-01,2007,657.0,BUY_SIDE_SWEEP,1966.9789,822.0211,2789.0,0.1732,1144.9579,0.41053,848.9643,BUY,False,NONE,0.0,NONE,AGGRESSIVE_BUY
2007-02-02,2007,647.2,NO_SWEEP,499.8,2118.2,2618.0,-0.0377,-1618.4,-0.61818,399.4643,SELL,False,NONE,0.0,NONE,AGGRESSIVE_SELL
2007-02-05,2007,647.7,NO_SWEEP,539.4667,1772.5333,2312.0,-0.5682,-1233.0667,-0.53333,-20.669,SELL,False,NONE,0.25,NONE,AGGRESSIVE_SELL
2007-02-06,2007,652.7,NO_SWEEP,1591.04,894.96,2486.0,-0.1835,696.08,0.28,393.641,BUY,False,NONE,0.0,NONE,AGGRESSIVE_BUY
2007-02-07,2007,651.5,NO_SWEEP,505.3569,2101.6431,2607.0,0.0909,-1596.2862,-0.61231,-21.8282,SELL,False,NONE,0.25,NONE,AGGRESSIVE_SELL
2007-02-08,2007,659.2,NO_SWEEP,1656.0,184.0,1840.0,-1.262,1472.0,0.8,311.3718,BUY,False,NONE,0.0,NONE,AGGRESSIVE_BUY
2007-02-09,2007,666.2,BUY_SIDE_SWEEP,2304.2235,378.7765,2683.0,0.3834,1925.4471,0.71765,369.5415,BUY,False,NONE,0.0,NONE,AGGRESSIVE_BUY
2007-02-12,2007,660.6,NO_SWEEP,284.6,2561.4,2846.0,0.7394,-2276.8,-0.8,-185.7585,SELL,False,NONE,0.0,NONE,AGGRESSIVE_SELL
2007-02-13,2007,663.7,NO_SWEEP,2137.0588,1495.9412,3633.0,2.3998,641.1176,0.17647,-248.7385,NEUTRAL,False,NONE,0.35,NONE,NEUTRAL
2007-02-14,2007,668.3,NO_SWEEP,2784.9897,1122.0103,3907.0,2.4594,1662.9795,0.42564,161.4339,BUY,False,NONE,0.35,NONE,AGGRESSIVE_BUY
2007-02-15,2007,669.2,NO_SWEEP,3891.6,432.4,4324.0,2.5573,3459.2,0.8,747.9673,BUY,True,NONE,0.6,NONE,AGGRESSIVE_BUY
2007-02-16,2007,668.5,NO_SWEEP,2766.6,307.4,3074.0,0.4524,2459.2,0.8,968.3573,BUY,False,NONE,0.25,NONE,AGGRESSIVE_BUY
2007-02-19,2007,670.1,NO_SWEEP,937.4375,477.5625,1415.0,-1.9886,459.875,0.325,1225.3774,BUY,False,NONE,0.0,NONE,AGGRESSIVE_BUY
2007-02-20,2007,657.2,NO_SWEEP,361.5,3253.5,3615.0,1.1751,-2892.0,-0.8,679.8774,SELL,False,NONE,0.35,NONE,AGGRESSIVE_SELL
2007-02-21,2007,678.2,BUY_SIDE_SWEEP,2997.9736,361.0264,3359.0,0.7441,2636.9472,0.78504,768.8149,BUY,False,NONE,0.0,NONE,AGGRESSIVE_BUY
2007-02-22,2007,676.8,NO_SWEEP,836.185,2576.815,3413.0,0.8054,-1740.63,-0.51,835.8362,SELL,False,NONE,0.25,NONE,AGGRESSIVE_SELL
2007-02-23,2007,682.0,NO_SWEEP,2869.1401,1047.8599,3917.0,1.3854,1821.2803,0.46497,983.3565,BUY,False,NONE,0.35,NONE,AGGRESSIVE_BUY
2007-02-26,2007,686.1,NO_SWEEP,2266.4,566.6,2833.0,-0.1158,1699.8,0.6,987.9591,BUY,False,NONE,0.0,NONE,AGGRESSIVE_BUY
2007-02-27,2007,664.6,NO_SWEEP,594.376,3146.624,3741.0,1.0279,-2552.248,-0.68224,236.5281,SELL,False,NONE,0.35,NONE,AGGRESSIVE_SELL
2007-02-28,2007,669.1,NO_SWEEP,3392.3811,1792.6189,5185.0,2.4071,1599.7622,0.30854,129.0983,BUY,True,NONE,0.6,NONE,AGGRESSIVE_BUY
2007-03-01,2007,664.0,NO_SWEEP,888.2025,6271.7975,7160.0,3.1252,-5383.5949,-0.7519,-601.3354,SELL,False,NONE,0.35,NONE,AGGRESSIVE_SELL
2007-03-02,2007,642.0,SELL_SIDE_SWEEP,747.0,6723.0,7470.0,2.5852,-5976.0,-0.8,-986.8354,SELL,False,NONE,0.35,NONE,AGGRESSIVE_SELL
2007-03-05,2007,635.8,SELL_SIDE_SWEEP,1035.4068,4782.5932,5818.0,1.328,-3747.1864,-0.64407,-1784.8521,SELL,False,NONE,0.35,NONE,AGGRESSIVE_SELL
2007-03-06,2007,646.3,NO_SWEEP,4393.8,488.2,4882.0,0.6493,3905.6,0.8,-1079.0734,BUY,False,NONE,0.0,NONE,AGGRESSIVE_BUY
2007-03-07,2007,649.2,NO_SWEEP,3834.2697,715.7303,4550.0,0.3751,3118.5393,0.68539,-916.916,BUY,False,NONE,0.25,NONE,AGGRESSIVE_BUY
2007-03-08,2007,652.1,NO_SWEEP,3449.2916,1386.7084,4836.0,0.4889,2062.5831,0.42651,-871.5681,BUY,False,NONE,0.0,NONE,AGGRESSIVE_BUY
2007-03-09,2007,648.7,NO_SWEEP,408.5,3676.5,4085.0,-0.0844,-3268.0,-0.8,-961.0371,SELL,False,NONE,0.25,NONE,AGGRESSIVE_SELL
2007-03-12,2007,649.8,NO_SWEEP,1498.6578,2364.3422,3863.0,-0.286,-865.6843,-0.2241,-1269.2179,SELL,False,NONE,0.25,NONE,AGGRESSIVE_SELL
2007-03-13,2007,643.3,NO_SWEEP,438.9198,2726.0802,3165.0,-0.7714,-2287.1604,-0.72264,-882.1636,SELL,False,NONE,0.0,NONE,AGGRESSIVE_SELL
2007-03-14,2007,643.7,NO_SWEEP,3629.7,621.3,4251.0,0.0023,3008.4,0.70769,240.8864,BUY,False,NONE,0.25,NONE,AGGRESSIVE_BUY
2007-03-15,2007,646.5,NO_SWEEP,2129.8092,1174.1908,3304.0,-0.6402,955.6185,0.28923,828.737,BUY,False,NONE,0.25,NONE,AGGRESSIVE_BUY
2007-03-16,2007,652.7,NO_SWEEP,2784.7432,598.2568,3383.0,-0.5993,2186.4863,0.64632,613.8478,BUY,False,NONE,0.0,NONE,AGGRESSIVE_BUY
2007-03-19,2007,654.1,NO_SWEEP,1945.4415,795.5585,2741.0,-1.2054,1149.8829,0.41951,367.7658,BUY,False,NONE,0.25,NONE,AGGRESSIVE_BUY
2007-03-20,2007,657.7,NO_SWEEP,2274.6353,746.3647,3021.0,-0.9464,1528.2706,0.50588,300.9767,BUY,False,NONE,0.0,NONE,AGGRESSIVE_BUY
2007-03-21,2007,663.3,BUY_SIDE_SWEEP,3043.8,338.2,3382.0,-0.6695,2705.6,0.8,1047.6767,BUY,False,NONE,0.0,NONE,AGGRESSIVE_BUY
2007-03-22,2007,662.8,NO_SWEEP,573.8809,2637.1191,3211.0,-0.7891,-2063.2383,-0.64255,897.9825,SELL,False,NONE,0.25,NONE,AGGRESSIVE_SELL
2007-03-23,2007,656.9,NO_SWEEP,536.7542,2809.2458,3346.0,-0.6572,-2272.4917,-0.67917,899.816,SELL,False,NONE,0.0,NONE,AGGRESSIVE_SELL
2007-03-26,2007,663.2,NO_SWEEP,2809.2346,450.7654,3260.0,-0.7496,2358.4691,0.72346,818.5747,BUY,False,NONE,0.0,NONE,AGGRESSIVE_BUY
2007-03-27,2007,664.2,NO_SWEEP,2384.4103,521.5897,2906.0,-0.9692,1862.8205,0.64103,931.9749,BUY,False,NONE,0.25,NONE,AGGRESSIVE_BUY
2007-03-28,2007,665.1,NO_SWEEP,867.5254,2788.4746,3656.0,-0.3499,-1920.9492,-0.52542,418.5455,SELL,False,NONE,0.0,NONE,AGGRESSIVE_SELL
2007-03-29,2007,661.3,NO_SWEEP,1375.4208,1930.5792,3306.0,-0.5511,-555.1585,-0.16792,205.4153,NEUTRAL,False,NONE,0.0,NONE,NEUTRAL
2007-03-30,2007,663.2,NO_SWEEP,1919.9206,1402.0794,3322.0,-0.509,517.8412,0.15588,79.1117,NEUTRAL,False,NONE,0.0,NONE,NEUTRAL
2007-04-02,2007,663.4,NO_SWEEP,1987.65,1798.35,3786.0,0.2875,189.3,0.05,-235.4258,NEUTRAL,False,NONE,0.25,NONE,NEUTRAL
2007-04-03,2007,664.0,NO_SWEEP,2608.025,1649.975,4258.0,1.2305,958.05,0.225,142.2352,BUY,True,NONE,0.6,NONE,AGGRESSIVE_BUY
2007-04-04,2007,673.6,BUY_SIDE_SWEEP,5324.4,591.6,5916.0,3.1332,4732.8,0.8,1017.8966,BUY,False,NONE,0.35,NONE,AGGRESSIVE_BUY
2007-04-05,2007,673.8,NO_SWEEP,1601.6875,2059.3125,3661.0,0.1042,-457.625,-0.125,665.8849,NEUTRAL,False,NONE,0.25,NONE,NEUTRAL
2007-04-06,2007,673.9,NO_SWEEP,86.8706,17.1294,104.0,-3.2791,69.7412,0.67059,441.75,BUY,False,NONE,0.25,NONE,AGGRESSIVE_BUY
2007-04-09,2007,670.7,NO_SWEEP,1297.6662,2525.3338,3823.0,0.4321,-1227.6676,-0.32113,528.4102,SELL,False,NONE,0.25,NONE,AGGRESSIVE_SELL
2007-04-10,2007,676.7,NO_SWEEP,2470.5769,1073.4231,3544.0,0.1348,1397.1538,0.39423,772.4492,BUY,False,NONE,0.0,NONE,AGGRESSIVE_BUY
2007-04-11,2007,676.8,NO_SWEEP,2320.1187,1506.8813,3827.0,0.4448,813.2375,0.2125,809.3737,BUY,False,NONE,0.25,NONE,AGGRESSIVE_BUY
2007-04-12,2007,675.5,NO_SWEEP,1392.1765,2282.8235,3675.0,0.2716,-890.6471,-0.24235,674.3804,SELL,False,NONE,0.25,NONE,AGGRESSIVE_SELL
2007-04-13,2007,684.6,BUY_SIDE_SWEEP,3176.1,352.9,3529.0,0.1165,2823.2,0.8,907.5241,BUY,False,NONE,0.0,NONE,AGGRESSIVE_BUY
2007-04-16,2007,690.0,BUY_SIDE_SWEEP,3754.8,417.2,4172.0,0.6937,3337.6,0.8,733.1241,BUY,False,NONE,0.0,NONE,AGGRESSIVE_BUY
2007-04-17,2007,687.3,NO_SWEEP,965.16,2864.84,3830.0,0.3084,-1899.68,-0.496,552.8672,SELL,False,NONE,0.0,NONE,AGGRESSIVE_SELL
2007-04-18,2007,689.5,NO_SWEEP,3471.9074,517.0926,3989.0,0.4368,2954.8148,0.74074,913.5014,BUY,False,NONE,0.0,NONE,AGGRESSIVE_BUY
2007-04-19,2007,682.2,NO_SWEEP,919.044,3769.956,4689.0,1.041,-2850.912,-0.608,710.5959,SELL,False,NONE,0.35,NONE,AGGRESSIVE_SELL
2007-04-20,2007,691.3,BUY_SIDE_SWEEP,3131.6621,464.3379,3596.0,-0.0457,2667.3243,0.74175,869.3672,BUY,False,NONE,0.0,NONE,AGGRESSIVE_BUY
2007-04-23,2007,688.7,NO_SWEEP,1036.1029,3538.8971,4575.0,0.8408,-2502.7941,-0.54706,454.8632,SELL,False,NONE,0.0,NONE,AGGRESSIVE_SELL
2007-04-24,2007,682.8,NO_SWEEP,685.9486,3958.0514,4644.0,0.8219,-3272.1028,-0.70459,157.1813,SELL,False,NONE,0.0,NONE,AGGRESSIVE_SELL
2007-04-25,2007,685.2,NO_SWEEP,3039.5447,661.4553,3701.0,-0.0933,2378.0894,0.64255,101.5424,BUY,False,NONE,0.25,NONE,AGGRESSIVE_BUY
2007-04-26,2007,674.4,NO_SWEEP,627.9182,3435.0818,4063.0,0.2216,-2807.1636,-0.69091,-666.553,SELL,False,NONE,0.0,NONE,AGGRESSIVE_SELL
2007-04-27,2007,680.9,NO_SWEEP,3692.7,410.3,4103.0,0.2238,3282.4,0.8,-18.793,BUY,False,NONE,0.0,NONE,AGGRESSIVE_BUY
2007-04-30,2007,677.7,NO_SWEEP,883.68,2272.32,3156.0,-0.664,-1388.64,-0.44,-561.7249,SELL,False,NONE,0.0,NONE,AGGRESSIVE_SELL
2007-05-01,2007,672.8,NO_SWEEP,414.4863,2910.5137,3325.0,-0.455,-2496.0274,-0.75068,-517.3643,SELL,False,NONE,0.0,NONE,AGGRESSIVE_SELL
2007-05-02,2007,672.3,NO_SWEEP,1756.916,1934.084,3691.0,0.0067,-177.168,-0.048,-872.9258,NEUTRAL,False,NONE,0.25,NONE,NEUTRAL
2007-05-03,2007,681.7,NO_SWEEP,2869.2,318.8,3188.0,-0.514,2550.4,0.8,-241.2766,BUY,False,NONE,0.0,NONE,AGGRESSIVE_BUY
2007-05-04,2007,688.3,NO_SWEEP,2702.3214,400.6786,3103.0,-1.5533,2301.6427,0.74175,455.4416,BUY,False,NONE,0.0,NONE,AGGRESSIVE_BUY
2007-05-07,2007,688.0,NO_SWEEP,804.8047,1797.1953,2602.0,-2.1806,-992.3907,-0.3814,34.1316,SELL,False,NONE,0.25,NONE,AGGRESSIVE_SELL
2007-05-08,2007,684.9,NO_SWEEP,1160.1194,2309.8806,3470.0,-0.5233,-1149.7612,-0.33134,241.3069,SELL,False,NONE,0.0,NONE,AGGRESSIVE_SELL
2007-05-09,2007,680.3,NO_SWEEP,1178.7872,2567.2128,3746.0,0.0069,-1388.4257,-0.37064,-342.5463,SELL,False,NONE,0.0,NONE,AGGRESSIVE_SELL
2007-05-10,2007,666.0,SELL_SIDE_SWEEP,446.2,4015.8,4462.0,1.2364,-3569.6,-0.8,-615.1663,SELL,False,NONE,0.35,NONE,AGGRESSIVE_SELL
2007-05-11,2007,670.5,NO_SWEEP,3283.9024,676.0976,3960.0,0.2859,2607.8049,0.65854,22.8128,BUY,False,NONE,0.0,NONE,AGGRESSIVE_BUY
2007-05-14,2007,668.9,NO_SWEEP,862.6279,2922.3721,3785.0,0.002,-2059.7442,-0.54419,-212.5093,SELL,False,NONE,0.25,NONE,AGGRESSIVE_SELL
2007-05-15,2007,671.6,NO_SWEEP,3073.0,439.0,3512.0,-0.4698,2634.0,0.75,-202.0593,BUY,False,NONE,0.25,NONE,AGGRESSIVE_BUY
2007-05-16,2007,661.6,SELL_SIDE_SWEEP,429.275,3361.725,3791.0,0.0606,-2932.45,-0.77353,-856.3209,SELL,False,NONE,0.0,NONE,AGGRESSIVE_SELL
2007-05-17,2007,657.2,SELL_SIDE_SWEEP,1010.3482,3060.6518,4071.0,0.6809,-2050.3036,-0.50364,-988.56,SELL,False,NONE,0.0,NONE,AGGRESSIVE_SELL
2007-05-18,2007,661.2,NO_SWEEP,3132.2292,534.7708,3667.0,-0.1264,2597.4583,0.70833,-520.1575,BUY,False,NONE,0.0,NONE,AGGRESSIVE_BUY
2007-05-22,2007,658.7,NO_SWEEP,302.4,2721.6,3024.0,-1.2908,-2419.2,-0.8,-649.0043,SELL,False,NONE,0.0,NONE,AGGRESSIVE_SELL
2007-05-23,2007,660.9,NO_SWEEP,2218.5389,1095.4611,3314.0,-0.6259,1123.0778,0.33889,-62.4196,BUY,False,NONE,0.25,NONE,AGGRESSIVE_BUY
2007-05-24,2007,654.1,NO_SWEEP,570.6527,2878.3473,3449.0,-0.287,-2307.6945,-0.66909,-676.857,SELL,False,NONE,0.0,NONE,AGGRESSIVE_SELL
2007-05-25,2007,655.5,NO_SWEEP,2086.9412,541.0588,2628.0,-1.8742,1545.8824,0.58824,-226.1537,BUY,False,NONE,0.0,NONE,AGGRESSIVE_BUY
2007-05-28,2007,655.2,NO_SWEEP,216.9667,349.0333,566.0,-3.5642,-132.0667,-0.23333,-571.912,SELL,False,NONE,0.25,NONE,AGGRESSIVE_SELL
2007-05-29,2007,656.1,NO_SWEEP,1132.9945,1314.0055,2447.0,-1.0577,-181.011,-0.07397,-227.9822,NEUTRAL,False,NONE,0.25,NONE,NEUTRAL
2007-05-30,2007,653.2,NO_SWEEP,484.9433,2416.0567,2901.0,-0.459,-1931.1134,-0.66567,-213.0834,SELL,False,NONE,0.0,NONE,AGGRESSIVE_SELL
2007-05-31,2007,660.5,NO_SWEEP,2853.9,317.1,3171.0,-0.0903,2536.8,0.8,-220.6657,BUY,False,NONE,0.0,NONE,AGGRESSIVE_BUY
2007-06-01,2007,671.2,BUY_SIDE_SWEEP,2851.2,316.8,3168.0,-0.0928,2534.4,0.8,398.5343,BUY,False,NONE,0.0,NONE,AGGRESSIVE_BUY
2007-06-04,2007,670.8,NO_SWEEP,980.4407,1928.5593,2909.0,-0.4046,-948.1185,-0.32593,139.6348,SELL,False,NONE,0.25,NONE,AGGRESSIVE_SELL
2007-06-05,2007,669.6,NO_SWEEP,389.1349,2266.8651,2656.0,-0.7266,-1877.7302,-0.70698,193.3803,SELL,False,NONE,0.25,NONE,AGGRESSIVE_SELL
2007-06-06,2007,670.5,NO_SWEEP,3088.8435,428.1565,3517.0,0.3509,2660.687,0.75652,332.7309,BUY,False,NONE,0.25,NONE,AGGRESSIVE_BUY
2007-06-07,2007,658.8,NO_SWEEP,343.3,3089.7,3433.0,0.2676,-2746.4,-0.8,5.9392,SELL,False,NONE,0.0,NONE,AGGRESSIVE_SELL
2007-06-08,2007,648.2,SELL_SIDE_SWEEP,740.416,3283.584,4024.0,1.083,-2543.168,-0.632,-289.3304,SELL,False,NONE,0.35,NONE,AGGRESSIVE_SELL
2007-06-11,2007,653.1,NO_SWEEP,2519.6271,590.3729,3110.0,-0.0636,1929.2542,0.62034,193.2156,BUY,False,NONE,0.0,NONE,AGGRESSIVE_BUY
2007-06-12,2007,646.8,NO_SWEEP,226.6727,1965.3273,2192.0,-1.1733,-1738.6545,-0.79318,-341.2163,SELL,False,NONE,0.0,NONE,AGGRESSIVE_SELL
2007-06-13,2007,650.9,NO_SWEEP,3129.3,347.7,3477.0,0.5324,2781.6,0.8,-310.3163,BUY,False,NONE,0.0,NONE,AGGRESSIVE_BUY
2007-06-14,2007,650.8,NO_SWEEP,1345.0244,1684.9756,3030.0,-0.0105,-339.9512,-0.1122,-234.2954,NEUTRAL,False,NONE,0.25,NONE,NEUTRAL
2007-06-15,2007,654.8,NO_SWEEP,2807.1,311.9,3119.0,0.1849,2495.2,0.8,312.3209,BUY,False,NONE,0.25,NONE,AGGRESSIVE_BUY
2007-06-18,2007,655.7,NO_SWEEP,596.7111,2143.2889,2740.0,-0.2991,-1546.5778,-0.56444,-213.5872,SELL,False,NONE,0.25,NONE,AGGRESSIVE_SELL
2007-06-19,2007,661.1,NO_SWEEP,2734.2,303.8,3038.0,0.1373,2430.4,0.8,433.5128,BUY,False,NONE,0.0,NONE,AGGRESSIVE_BUY
2007-06-20,2007,654.6,NO_SWEEP,539.2435,2413.7565,2953.0,0.0394,-1874.513,-0.63478,517.0947,SELL,False,NONE,0.0,NONE,AGGRESSIVE_SELL
2007-06-21,2007,651.4,NO_SWEEP,1057.875,2352.125,3410.0,0.7199,-1294.25,-0.37955,114.1567,SELL,False,NONE,0.25,NONE,AGGRESSIVE_SELL
2007-06-22,2007,653.6,NO_SWEEP,2199.0105,918.9895,3118.0,0.2515,1280.0211,0.41053,491.4911,BUY,False,NONE,0.0,NONE,AGGRESSIVE_BUY
2007-06-25,2007,650.5,NO_SWEEP,868.0,2356.0,3224.0,0.3622,-1488.0,-0.46154,-42.2089,SELL,False,NONE,0.0,NONE,AGGRESSIVE_SELL
2007-06-26,2007,640.2,SELL_SIDE_SWEEP,353.8,3184.2,3538.0,1.0685,-2830.4,-0.8,-353.515,SELL,False,NONE,0.35,NONE,AGGRESSIVE_SELL
2007-06-27,2007,642.9,NO_SWEEP,2716.5217,803.4783,3520.0,0.9264,1913.0435,0.54348,-426.2845,BUY,False,NONE,0.0,NONE,AGGRESSIVE_BUY
2007-06-28,2007,648.7,NO_SWEEP,2462.4,273.6,2736.0,-1.0446,2188.8,0.8,40.6377,BUY,False,NONE,0.0,NONE,AGGRESSIVE_BUY
2007-06-29,2007,649.1,NO_SWEEP,1648.8136,911.1864,2560.0,-1.3468,737.6271,0.28814,-170.9589,BUY,False,NONE,0.25,NONE,AGGRESSIVE_BUY
2007-07-02,2007,657.0,NO_SWEEP,3113.1,345.9,3459.0,0.7605,2767.2,0.8,409.2552,BUY,False,NONE,0.0,NONE,AGGRESSIVE_BUY
2007-07-03,2007,652.9,NO_SWEEP,295.9279,1853.0721,2149.0,-2.1139,-1557.1443,-0.72459,376.3934,SELL,False,NONE,0.0,NONE,AGGRESSIVE_SELL
2007-07-04,2007,654.2,NO_SWEEP,576.8818,136.1182,713.0,-3.2982,440.7636,0.61818,271.4862,BUY,False,NONE,0.0,NONE,AGGRESSIVE_BUY
2007-07-05,2007,649.3,NO_SWEEP,631.9444,1868.0556,2500.0,-0.6279,-1236.1111,-0.49444,302.9724,SELL,False,NONE,0.0,NONE,AGGRESSIVE_SELL
2007-07-06,2007,655.3,NO_SWEEP,3400.2,377.8,3778.0,1.2874,3022.4,0.8,1034.5724,BUY,False,NONE,0.35,NONE,AGGRESSIVE_BUY
2007-07-09,2007,660.2,BUY_SIDE_SWEEP,3228.5625,791.4375,4020.0,1.4896,2437.125,0.60625,1100.0825,BUY,False,NONE,0.35,NONE,AGGRESSIVE_BUY
2007-07-10,2007,663.2,BUY_SIDE_SWEEP,3235.5581,607.4419,3843.0,1.1213,2628.1161,0.68387,1154.9971,BUY,False,NONE,0.35,NONE,AGGRESSIVE_BUY
2007-07-11,2007,660.3,NO_SWEEP,365.5,3289.5,3655.0,0.8366,-2924.0,-0.8,697.2937,SELL,False,NONE,0.0,NONE,AGGRESSIVE_SELL
2007-07-12,2007,667.1,BUY_SIDE_SWEEP,3613.2506,604.7494,4218.0,1.4513,3008.5012,0.71325,727.4563,BUY,False,NONE,0.35,NONE,AGGRESSIVE_BUY
2007-07-13,2007,666.4,NO_SWEEP,1646.0889,2201.9111,3848.0,0.8971,-555.8222,-0.14444,852.6216,NEUTRAL,False,NONE,0.25,NONE,NEUTRAL
2007-07-16,2007,665.2,NO_SWEEP,811.7308,2203.2692,3015.0,-0.194,-1391.5385,-0.46154,623.5838,SELL,False,NONE,0.25,NONE,AGGRESSIVE_SELL
2007-07-17,2007,664.8,NO_SWEEP,1098.125,1913.875,3012.0,-0.1961,-815.75,-0.27083,676.129,SELL,False,NONE,0.25,NONE,AGGRESSIVE_SELL
2007-07-18,2007,672.7,BUY_SIDE_SWEEP,3690.9,410.1,4101.0,1.1047,3280.8,0.8,708.429,BUY,False,NONE,0.35,NONE,AGGRESSIVE_BUY
2007-07-19,2007,677.4,BUY_SIDE_SWEEP,3240.9,360.1,3601.0,0.4632,2880.8,0.8,763.8883,BUY,False,NONE,0.0,NONE,AGGRESSIVE_BUY
2007-07-20,2007,682.7,BUY_SIDE_SWEEP,3219.9965,936.0035,4156.0,1.0598,2283.993,0.54957,720.8729,BUY,False,NONE,0.35,NONE,AGGRESSIVE_BUY
2007-07-23,2007,680.9,NO_SWEEP,512.2957,2614.7043,3127.0,-0.1824,-2102.4085,-0.67234,823.5719,SELL,False,NONE,0.0,NONE,AGGRESSIVE_SELL
2007-07-24,2007,681.1,NO_SWEEP,1426.9775,2440.0225,3867.0,0.6878,-1013.0451,-0.26197,320.8786,SELL,False,NONE,0.25,NONE,AGGRESSIVE_SELL
2007-07-25,2007,674.8,NO_SWEEP,1189.3578,3440.6422,4630.0,1.4519,-2251.2844,-0.48624,108.9458,SELL,False,NONE,0.35,NONE,AGGRESSIVE_SELL
2007-07-26,2007,662.0,NO_SWEEP,532.5,4792.5,5325.0,1.9066,-4260.0,-0.8,-249.6119,SELL,False,NONE,0.35,NONE,AGGRESSIVE_SELL
2007-07-27,2007,660.6,NO_SWEEP,1414.336,3513.664,4928.0,1.3399,-2099.328,-0.426,-410.0591,SELL,True,NONE,0.6,NONE,AGGRESSIVE_SELL
2007-07-30,2007,664.7,NO_SWEEP,2700.0,300.0,3000.0,-0.5735,2400.0,0.8,-520.1591,BUY,False,NONE,0.0,NONE,AGGRESSIVE_BUY
2007-07-31,2007,663.5,NO_SWEEP,367.0,3303.0,3670.0,0.0208,-2936.0,-0.8,-1247.2591,SELL,False,NONE,0.25,NONE,AGGRESSIVE_SELL
2007-08-01,2007,666.5,NO_SWEEP,3998.7,444.3,4443.0,0.8927,3554.4,0.8,-1088.4582,BUY,False,NONE,0.0,NONE,AGGRESSIVE_BUY
2007-08-02,2007,664.5,NO_SWEEP,1223.4047,2192.5953,3416.0,-0.7586,-969.1907,-0.28372,-946.806,SELL,False,NONE,0.0,NONE,AGGRESSIVE_SELL
2007-08-03,2007,672.5,NO_SWEEP,3416.6133,716.3867,4133.0,0.377,2700.2267,0.65333,-482.6471,BUY,False,NONE,0.0,NONE,AGGRESSIVE_BUY
2007-08-06,2007,671.8,NO_SWEEP,1438.959,2606.041,4045.0,0.2322,-1167.082,-0.28852,-347.1217,SELL,False,NONE,0.25,NONE,AGGRESSIVE_SELL
2007-08-07,2007,671.9,NO_SWEEP,2988.9,332.1,3321.0,-0.8801,2656.8,0.8,517.4783,BUY,False,NONE,0.25,NONE,AGGRESSIVE_BUY
2007-08-08,2007,674.3,NO_SWEEP,2529.5352,660.4648,3190.0,-1.0249,1869.0704,0.58592,1013.5281,BUY,False,NONE,0.0,NONE,AGGRESSIVE_BUY
2007-08-09,2007,661.1,NO_SWEEP,494.5224,4386.4776,4881.0,1.4636,-3891.9553,-0.79737,227.0336,SELL,False,NONE,0.35,NONE,AGGRESSIVE_SELL
2007-08-10,2007,672.4,NO_SWEEP,4508.6538,701.3462,5210.0,1.7009,3807.3077,0.73077,1069.9471,BUY,False,NONE,0.35,NONE,AGGRESSIVE_BUY
2007-08-13,2007,669.2,NO_SWEEP,657.6216,2502.3784,3160.0,-1.0968,-1844.7568,-0.58378,395.0525,SELL,False,NONE,0.0,NONE,AGGRESSIVE_SELL
2007-08-14,2007,668.6,NO_SWEEP,1435.7966,2063.2034,3499.0,-0.6888,-627.4069,-0.17931,437.7755,NEUTRAL,False,NONE,0.25,NONE,NEUTRAL
2007-08-15,2007,667.0,NO_SWEEP,2072.5978,2899.4022,4972.0,1.2786,-826.8045,-0.16629,-3.1034,NEUTRAL,True,NONE,0.6,NONE,NEUTRAL
2007-08-16,2007,652.1,SELL_SIDE_SWEEP,2218.8519,5630.1481,7849.0,3.2668,-3411.2962,-0.43462,-283.6302,SELL,False,NONE,0.35,NONE,AGGRESSIVE_SELL
2007-08-17,2007,657.2,NO_SWEEP,4687.5204,1580.4796,6268.0,1.6159,3107.0409,0.4957,-227.3501,BUY,True,NONE,0.6,NONE,AGGRESSIVE_BUY
2007-08-20,2007,657.9,NO_SWEEP,4148.0,1220.0,5368.0,0.7743,2928.0,0.54545,-94.9839,BUY,False,NONE,0.25,NONE,AGGRESSIVE_BUY
2007-08-21,2007,657.0,NO_SWEEP,2153.5379,3602.4621,5756.0,1.0035,-1448.9241,-0.25172,210.395,SELL,True,NONE,0.6,NONE,AGGRESSIVE_SELL
2007-08-22,2007,660.1,NO_SWEEP,3651.6944,528.3056,4180.0,-0.292,3123.3889,0.74722,124.9052,BUY,False,NONE,0.0,NONE,AGGRESSIVE_BUY
2007-08-23,2007,659.5,NO_SWEEP,685.5333,4060.4667,4746.0,0.2055,-3374.9333,-0.71111,-66.3669,SELL,False,NONE,0.25,NONE,AGGRESSIVE_SELL
2007-08-24,2007,668.0,NO_SWEEP,3825.0,425.0,4250.0,-0.1837,3400.0,0.8,437.059,BUY,False,NONE,0.0,NONE,AGGRESSIVE_BUY
2007-08-27,2007,667.0,NO_SWEEP,1176.4586,1690.5414,2867.0,-1.335,-514.0828,-0.17931,476.1492,NEUTRAL,False,NONE,0.25,NONE,NEUTRAL
2007-08-28,2007,662.1,NO_SWEEP,473.8,4264.2,4738.0,0.1891,-3790.4,-0.8,428.7612,SELL,False,NONE,0.0,NONE,AGGRESSIVE_SELL
2007-08-29,2007,666.6,NO_SWEEP,3314.0148,777.9852,4092.0,-0.3418,2536.0296,0.61975,357.3848,BUY,False,NONE,0.0,NONE,AGGRESSIVE_BUY
2007-08-30,2007,665.0,NO_SWEEP,1261.4311,3006.5689,4268.0,-0.2341,-1745.1378,-0.40889,-226.7574,SELL,False,NONE,0.25,NONE,AGGRESSIVE_SELL
2007-08-31,2007,672.8,BUY_SIDE_SWEEP,4036.8333,533.1667,4570.0,0.0073,3503.6667,0.76667,392.3164,BUY,False,NONE,0.0,NONE,AGGRESSIVE_BUY
2007-09-03,2007,672.3,NO_SWEEP,274.5273,444.4727,719.0,-2.5771,-169.9455,-0.23636,-19.3504,SELL,False,NONE,0.25,NONE,AGGRESSIVE_SELL
2007-09-04,2007,681.4,BUY_SIDE_SWEEP,3910.5,434.5,4345.0,-0.0722,3476.0,0.8,837.0163,BUY,False,NONE,0.0,NONE,AGGRESSIVE_BUY
2007-09-05,2007,681.0,NO_SWEEP,1894.1087,2254.8913,4149.0,-0.2507,-360.7826,-0.08696,366.9185,NEUTRAL,False,NONE,0.25,NONE,NEUTRAL
2007-09-06,2007,695.2,BUY_SIDE_SWEEP,4713.3,523.7,5237.0,0.5234,4189.6,0.8,954.8788,BUY,False,NONE,0.0,NONE,AGGRESSIVE_BUY
2007-09-07,2007,700.2,BUY_SIDE_SWEEP,3978.7784,1727.2216,5706.0,0.8342,2251.5568,0.39459,1710.1234,BUY,False,NONE,0.0,NONE,AGGRESSIVE_BUY
2007-09-10,2007,702.8,NO_SWEEP,3237.5474,1609.4526,4847.0,0.1652,1628.0949,0.3359,1596.6316,BUY,False,NONE,0.0,NONE,AGGRESSIVE_BUY
2007-09-11,2007,712.1,BUY_SIDE_SWEEP,4470.5678,534.4322,5005.0,0.2295,3936.1356,0.78644,2306.7907,BUY,False,NONE,0.0,NONE,AGGRESSIVE_BUY
2007-09-12,2007,711.7,NO_SWEEP,4188.8046,951.1954,5140.0,0.3232,3237.6092,0.62989,2273.5335,BUY,False,NONE,0.25,NONE,AGGRESSIVE_BUY
2007-09-13,2007,707.9,NO_SWEEP,2114.7856,3434.2144,5549.0,0.8285,-1319.4289,-0.23778,2129.8481,SELL,False,NONE,0.25,NONE,AGGRESSIVE_SELL
2007-09-14,2007,707.0,NO_SWEEP,1065.2053,5067.7947,6133.0,1.3499,-4002.5895,-0.65263,1195.0244,SELL,True,NONE,0.6,NONE,AGGRESSIVE_SELL
2007-09-17,2007,717.1,BUY_SIDE_SWEEP,5085.4718,820.5282,5906.0,1.1055,4264.9435,0.72214,1773.2402,BUY,False,NONE,0.35,NONE,AGGRESSIVE_BUY
2007-09-18,2007,723.8,BUY_SIDE_SWEEP,6316.1548,989.8452,7306.0,2.0288,5326.3097,0.72903,1915.3289,BUY,False,NONE,0.35,NONE,AGGRESSIVE_BUY
2007-09-19,2007,721.4,NO_SWEEP,1666.8836,5250.1164,6917.0,1.5251,-3583.2328,-0.51803,1185.9802,SELL,False,NONE,0.35,NONE,AGGRESSIVE_SELL
2007-09-20,2007,734.1,BUY_SIDE_SWEEP,6088.404,1202.596,7291.0,1.5879,4885.808,0.67011,1593.1944,BUY,False,NONE,0.35,NONE,AGGRESSIVE_BUY
2007-09-21,2007,730.8,NO_SWEEP,1967.7656,6028.2344,7996.0,1.7808,-4060.4688,-0.50781,593.6188,SELL,True,NONE,0.6,NONE,AGGRESSIVE_SELL
2007-09-24,2007,729.9,NO_SWEEP,2870.1077,3562.8923,6433.0,0.725,-692.7846,-0.10769,102.3196,NEUTRAL,False,NONE,0.25,NONE,NEUTRAL
2007-09-25,2007,731.1,NO_SWEEP,6453.5086,936.4914,7390.0,1.2154,5517.0172,0.74655,956.8754,BUY,True,NONE,0.6,NONE,AGGRESSIVE_BUY
2007-09-26,2007,727.8,NO_SWEEP,495.2942,3791.7058,4287.0,-0.7382,-3296.4117,-0.76893,1045.1476,SELL,False,NONE,0.25,NONE,AGGRESSIVE_SELL
2007-09-27,2007,734.1,NO_SWEEP,3826.7586,525.2414,4352.0,-0.7013,3301.5172,0.75862,924.7193,BUY,False,NONE,0.0,NONE,AGGRESSIVE_BUY
2007-09-28,2007,742.9,BUY_SIDE_SWEEP,5198.746,854.254,6053.0,0.3266,4344.4919,0.71774,801.9921,BUY,False,NONE,0.0,NONE,AGGRESSIVE_BUY
2007-10-01,2007,747.1,BUY_SIDE_SWEEP,4232.7,470.3,4703.0,-0.9003,3762.4,0.8,1720.1962,BUY,False,NONE,0.0,NONE,AGGRESSIVE_BUY
2007-10-02,2007,731.1,NO_SWEEP,1253.6722,4638.3278,5892.0,0.0701,-3384.6555,-0.57445,686.3882,SELL,False,NONE,0.0,NONE,AGGRESSIVE_SELL
2007-10-03,2007,727.0,NO_SWEEP,583.6,5252.4,5836.0,-0.0608,-4668.8,-0.8,610.3468,SELL,False,NONE,0.0,NONE,AGGRESSIVE_SELL
2007-10-04,2007,736.8,NO_SWEEP,5665.5,629.5,6295.0,0.334,5036.0,0.8,1326.4449,BUY,False,NONE,0.0,NONE,AGGRESSIVE_BUY
2007-10-05,2007,742.2,NO_SWEEP,4841.1,537.9,5379.0,-0.5384,4303.2,0.8,1174.7178,BUY,False,NONE,0.25,NONE,AGGRESSIVE_BUY
2007-10-08,2007,732.9,NO_SWEEP,615.0162,4028.9838,4644.0,-1.2259,-3413.9676,-0.73514,1160.0233,SELL,False,NONE,0.0,NONE,AGGRESSIVE_SELL
2007-10-09,2007,737.7,NO_SWEEP,6110.8381,880.1619,6991.0,0.9226,5230.6763,0.7482,1401.1681,BUY,False,NONE,0.25,NONE,AGGRESSIVE_BUY
2007-10-10,2007,740.7,NO_SWEEP,3699.8721,2539.1279,6239.0,0.155,1160.7442,0.18605,1003.1997,BUY,False,NONE,0.25,NONE,AGGRESSIVE_BUY
2007-10-11,2007,747.4,NO_SWEEP,5102.6462,2435.3538,7538.0,1.273,2667.2923,0.35385,866.3112,BUY,False,NONE,0.35,NONE,AGGRESSIVE_BUY
2007-10-12,2007,749.3,NO_SWEEP,5257.8293,1860.1707,7118.0,0.8186,3397.6587,0.47733,1714.1005,BUY,False,NONE,0.25,NONE,AGGRESSIVE_BUY
2007-10-15,2007,758.8,BUY_SIDE_SWEEP,5815.8,646.2,6462.0,0.1897,5169.6,0.8,2943.9005,BUY,False,NONE,0.0,NONE,AGGRESSIVE_BUY
2007-10-16,2007,760.5,BUY_SIDE_SWEEP,6707.1045,3212.8955,9920.0,2.6505,3494.209,0.35224,2751.1766,BUY,True,NONE,0.6,NONE,AGGRESSIVE_BUY
2007-10-17,2007,754.6,NO_SWEEP,1776.6158,8452.3842,10229.0,2.3377,-6675.7684,-0.65263,1378.8055,SELL,False,NONE,0.35,NONE,AGGRESSIVE_SELL
2007-10-18,2007,767.3,BUY_SIDE_SWEEP,7655.4,850.6,8506.0,1.1664,6804.8,0.8,2656.1515,BUY,False,NONE,0.35,NONE,AGGRESSIVE_BUY
2007-10-19,2007,764.8,NO_SWEEP,2628.5933,4718.4067,7347.0,0.4786,-2089.8133,-0.28444,1741.0903,SELL,False,NONE,0.25,NONE,AGGRESSIVE_SELL
2007-10-22,2007,753.8,NO_SWEEP,2585.8724,7153.1276,9739.0,1.7183,-4567.2552,-0.46897,1025.0904,SELL,False,NONE,0.35,NONE,AGGRESSIVE_SELL
2007-10-23,2007,759.2,NO_SWEEP,4963.4,763.6,5727.0,-0.5351,4199.8,0.73333,1216.6538,BUY,False,NONE,0.0,NONE,AGGRESSIVE_BUY
2007-10-24,2007,763.3,NO_SWEEP,5487.3,609.7,6097.0,-0.3934,4877.6,0.8,1401.6465,BUY,False,NONE,0.0,NONE,AGGRESSIVE_BUY
2007-10-25,2007,768.7,NO_SWEEP,4881.6,542.4,5424.0,-0.8608,4339.2,0.8,1297.8465,BUY,False,NONE,0.0,NONE,AGGRESSIVE_BUY
2007-10-26,2007,784.7,BUY_SIDE_SWEEP,7228.8,803.2,8032.0,0.696,6425.6,0.8,1664.2704,BUY,False,NONE,0.0,NONE,AGGRESSIVE_BUY
2007-10-29,2007,791.8,BUY_SIDE_SWEEP,7469.5905,1367.4095,8837.0,1.0865,6102.1811,0.69053,3261.5141,BUY,False,NONE,0.35,NONE,AGGRESSIVE_BUY
2007-10-30,2007,779.3,NO_SWEEP,789.6,7106.4,7896.0,0.4351,-6316.8,-0.8,1621.3141,SELL,False,NONE,0.0,NONE,AGGRESSIVE_SELL
2007-10-31,2007,796.1,BUY_SIDE_SWEEP,8919.9,991.1,9911.0,1.5201,7928.8,0.8,2873.6407,BUY,False,NONE,0.35,NONE,AGGRESSIVE_BUY
2007-11-01,2007,788.4,NO_SWEEP,2307.2318,8051.7682,10359.0,1.5759,-5744.5364,-0.55455,2726.4806,SELL,False,NONE,0.35,NONE,AGGRESSIVE_SELL
2007-11-02,2007,806.3,BUY_SIDE_SWEEP,8884.8,987.2,9872.0,1.1758,7897.6,0.8,3188.7056,BUY,False,NONE,0.35,NONE,AGGRESSIVE_BUY
2007-11-05,2007,806.0,NO_SWEEP,5541.6981,2941.3019,8483.0,0.2856,2600.3963,0.30654,2904.0551,BUY,False,NONE,0.25,NONE,AGGRESSIVE_BUY
2007-11-06,2007,823.9,BUY_SIDE_SWEEP,8582.4,953.6,9536.0,0.8703,7628.8,0.8,3315.2551,BUY,False,NONE,0.0,NONE,AGGRESSIVE_BUY
2007-11-07,2007,829.1,BUY_SIDE_SWEEP,8816.5823,8532.4177,17349.0,3.4626,284.1647,0.01638,2547.5757,NEUTRAL,True,NONE,0.6,NONE,NEUTRAL
2007-11-08,2007,832.9,NO_SWEEP,9626.7273,6273.2727,15900.0,2.3135,3353.4545,0.21091,2203.9849,BUY,False,NONE,0.35,NONE,AGGRESSIVE_BUY
2007-11-09,2007,831.6,NO_SWEEP,4017.5729,9006.4271,13024.0,1.1965,-4988.8542,-0.38305,2369.9781,SELL,True,NONE,0.6,NONE,AGGRESSIVE_SELL
2007-11-12,2007,793.4,NO_SWEEP,1520.4,13683.6,15204.0,1.6833,-12163.2,-0.8,-141.5219,SELL,False,NONE,0.35,NONE,AGGRESSIVE_SELL
2007-11-13,2007,801.1,NO_SWEEP,10387.259,4336.741,14724.0,1.381,6050.518,0.41093,1332.8599,BUY,False,NONE,0.35,NONE,AGGRESSIVE_BUY
2007-11-14,2007,812.2,NO_SWEEP,8964.7224,1664.2776,10629.0,0.1493,7300.4447,0.68684,1258.2155,BUY,False,NONE,0.0,NONE,AGGRESSIVE_BUY
2007-11-15,2007,787.6,NO_SWEEP,1476.3236,12427.6764,13904.0,1.0252,-10951.3528,-0.78764,-435.7531,SELL,False,NONE,0.35,NONE,AGGRESSIVE_SELL
2007-11-16,2007,785.7,NO_SWEEP,1336.3,10117.7,11454.0,0.2533,-8781.4,-0.76667,-2487.0281,SELL,False,NONE,0.25,NONE,AGGRESSIVE_SELL
2007-11-19,2007,780.9,SELL_SIDE_SWEEP,1378.3476,4687.6524,6066.0,-1.2475,-3309.3047,-0.54555,-2936.2118,SELL,False,NONE,0.0,NONE,AGGRESSIVE_SELL
2007-11-20,2007,802.0,NO_SWEEP,8689.5,965.5,9655.0,-0.2893,7724.0,0.8,-2389.8936,BUY,False,NONE,0.0,NONE,AGGRESSIVE_BUY
2007-11-21,2007,799.3,NO_SWEEP,2207.6031,5555.3969,7763.0,-0.9086,-3347.7938,-0.43125,-2184.7611,SELL,False,NONE,0.25,NONE,AGGRESSIVE_SELL
2007-11-22,2007,803.7,NO_SWEEP,1100.2377,228.7623,1329.0,-2.503,871.4754,0.65574,-555.4266,BUY,False,NONE,0.0,NONE,AGGRESSIVE_BUY
2007-11-23,2007,823.3,NO_SWEEP,5431.5,603.5,6035.0,-1.1617,4828.0,0.8,-708.2414,BUY,False,NONE,0.0,NONE,AGGRESSIVE_BUY
2007-11-26,2007,823.0,NO_SWEEP,1257.4201,11160.5799,12418.0,0.4899,-9903.1597,-0.79748,-2858.692,SELL,False,NONE,0.25,NONE,AGGRESSIVE_SELL
2007-11-27,2007,812.6,NO_SWEEP,2012.675,9488.325,11501.0,0.2006,-7475.65,-0.65,-2424.2291,SELL,False,NONE,0.0,NONE,AGGRESSIVE_SELL
2007-11-28,2007,804.8,NO_SWEEP,5085.99,7550.01,12636.0,0.4674,-2464.02,-0.195,-1634.5566,SELL,False,NONE,0.0,NONE,AGGRESSIVE_SELL
2007-11-29,2007,792.9,NO_SWEEP,1106.1,9954.9,11061.0,0.0359,-8848.8,-0.8,-2326.9935,SELL,False,NONE,0.0,NONE,AGGRESSIVE_SELL
2007-11-30,2007,782.7,NO_SWEEP,1508.039,9532.961,11041.0,0.0149,-8024.922,-0.72683,-4295.6088,SELL,False,NONE,0.0,NONE,AGGRESSIVE_SELL
2007-12-03,2007,794.3,NO_SWEEP,8888.4,987.6,9876.0,-0.3199,7900.8,0.8,-2889.5345,BUY,False,NONE,0.0,NONE,AGGRESSIVE_BUY
2007-12-04,2007,800.6,NO_SWEEP,7970.3745,1561.6255,9532.0,-0.4131,6408.7489,0.67234,-2197.3753,BUY,False,NONE,0.0,NONE,AGGRESSIVE_BUY
2007-12-05,2007,794.8,NO_SWEEP,1928.6115,8885.3885,10814.0,0.0253,-6956.7771,-0.64331,-3670.4725,SELL,False,NONE,0.0,NONE,AGGRESSIVE_SELL
2007-12-06,2007,800.8,NO_SWEEP,9009.6214,1626.3786,10636.0,0.0538,7383.2427,0.69417,-1509.6722,BUY,False,NONE,0.0,NONE,AGGRESSIVE_BUY
2007-12-07,2007,794.4,NO_SWEEP,1656.617,7877.383,9534.0,-0.2418,-6220.766,-0.65248,-1352.8117,SELL,False,NONE,0.0,NONE,AGGRESSIVE_SELL
2007-12-10,2007,808.2,NO_SWEEP,6350.4793,1040.5207,7391.0,-0.8435,5309.9587,0.71844,-381.0643,BUY,False,NONE,0.0,NONE,AGGRESSIVE_BUY
2007-12-11,2007,796.1,NO_SWEEP,882.2,7939.8,8822.0,-0.2829,-7057.6,-0.8,-157.1643,SELL,False,NONE,0.0,NONE,AGGRESSIVE_SELL
2007-12-12,2007,813.0,NO_SWEEP,8797.1896,1769.8104,10567.0,0.349,7027.3791,0.66503,1724.3733,BUY,False,NONE,0.0,NONE,AGGRESSIVE_BUY
2007-12-13,2007,796.0,NO_SWEEP,1384.9552,8557.0448,9942.0,0.2081,-7172.0896,-0.72139,-159.7379,SELL,False,NONE,0.0,NONE,AGGRESSIVE_SELL
2007-12-14,2007,794.4,NO_SWEEP,3140.9936,6923.0064,10064.0,0.2863,-3782.0127,-0.3758,-1433.5831,SELL,False,NONE,0.25,NONE,AGGRESSIVE_SELL
2007-12-17,2007,793.5,NO_SWEEP,3458.4088,4321.5912,7780.0,-0.6652,-863.1825,-0.11095,-671.8838,NEUTRAL,False,NONE,0.25,NONE,NEUTRAL
2007-12-18,2007,801.8,NO_SWEEP,6587.5358,1546.4642,8134.0,-0.4878,5041.0716,0.61975,-964.6552,BUY,False,NONE,0.0,NONE,AGGRESSIVE_BUY
2007-12-19,2007,802.3,NO_SWEEP,5444.4706,1411.5294,6856.0,-0.9706,4032.9412,0.58824,317.0582,BUY,False,NONE,0.0,NONE,AGGRESSIVE_BUY
2007-12-20,2007,795.7,NO_SWEEP,1127.213,4570.787,5698.0,-1.97,-3443.5739,-0.60435,-777.1333,SELL,False,NONE,0.0,NONE,AGGRESSIVE_SELL
2007-12-21,2007,811.2,NO_SWEEP,5445.0,605.0,6050.0,-1.7901,4840.0,0.8,710.0667,BUY,False,NONE,0.0,NONE,AGGRESSIVE_BUY
2007-12-24,2007,812.4,NO_SWEEP,2547.1068,934.8932,3482.0,-2.511,1612.2137,0.46301,33.171,BUY,False,NONE,0.25,NONE,AGGRESSIVE_BUY
2007-12-26,2007,822.9,BUY_SIDE_SWEEP,1544.1408,183.8592,1728.0,-2.5695,1360.2816,0.7872,1099.7174,BUY,False,NONE,0.0,NONE,AGGRESSIVE_BUY
2007-12-28,2007,839.1,BUY_SIDE_SWEEP,3108.6,345.4,3454.0,-1.7166,2763.2,0.8,1917.869,BUY,False,NONE,0.0,NONE,AGGRESSIVE_BUY
2007-12-31,2007,831.8,NO_SWEEP,281.3684,1338.6316,1620.0,-2.0264,-1057.2632,-0.65263,1893.6089,SELL,False,NONE,0.0,NONE,AGGRESSIVE_SELL
2008-01-02,2008,857.2,BUY_SIDE_SWEEP,6395.0847,902.9153,7298.0,-0.0577,5492.1693,0.75256,1949.9961,BUY,False,NONE,0.0,NONE,AGGRESSIVE_BUY
2008-01-03,2008,863.5,BUY_SIDE_SWEEP,8815.5844,2793.4156,11609.0,1.3669,6022.1687,0.51875,2198.6495,BUY,False,NONE,0.35,NONE,AGGRESSIVE_BUY
2008-01-04,2008,859.2,NO_SWEEP,2706.2671,7943.7329,10650.0,1.0091,-5237.4658,-0.49178,1974.4131,SELL,True,NONE,0.6,NONE,AGGRESSIVE_SELL
2008-01-07,2008,857.2,NO_SWEEP,1566.303,7663.697,9230.0,0.577,-6097.3939,-0.66061,607.2388,SELL,False,NONE,0.0,NONE,AGGRESSIVE_SELL
2008-01-08,2008,877.9,BUY_SIDE_SWEEP,9083.7,1009.3,10093.0,0.8866,8074.4,0.8,1415.0121,BUY,False,NONE,0.0,NONE,AGGRESSIVE_BUY
2008-01-09,2008,878.4,NO_SWEEP,3411.8215,10565.1785,13977.0,1.9401,-7153.3569,-0.51179,350.8073,SELL,True,NONE,0.6,NONE,AGGRESSIVE_SELL
2008-01-10,2008,894.3,BUY_SIDE_SWEEP,12913.2,1434.8,14348.0,1.7783,11478.4,0.8,1440.2073,BUY,False,NONE,0.35,NONE,AGGRESSIVE_BUY
2008-01-11,2008,894.9,BUY_SIDE_SWEEP,10545.5349,2413.4651,12959.0,1.2702,8132.0697,0.62752,2588.8739,BUY,True,NONE,0.6,NONE,AGGRESSIVE_BUY
2008-01-14,2008,904.4,BUY_SIDE_SWEEP,8978.7739,3706.2261,12685.0,1.1383,5272.5478,0.41565,2561.4212,BUY,True,NONE,0.6,NONE,AGGRESSIVE_BUY
2008-01-15,2008,887.7,NO_SWEEP,1235.1,11115.9,12351.0,0.9956,-9880.8,-0.8,573.5501,SELL,False,NONE,0.0,NONE,AGGRESSIVE_SELL
2008-01-16,2008,875.5,NO_SWEEP,1615.9,14543.1,16159.0,1.7496,-12927.2,-0.8,-387.6667,SELL,False,NONE,0.35,NONE,AGGRESSIVE_SELL
2008-01-17,2008,877.2,NO_SWEEP,1380.0,12420.0,13800.0,1.0832,-11040.0,-0.8,-1005.4924,SELL,True,NONE,0.6,NONE,AGGRESSIVE_SELL
2008-01-18,2008,882.7,NO_SWEEP,10225.8885,2662.1115,12888.0,0.8047,7563.777,0.58689,-1069.3203,BUY,False,NONE,0.25,NONE,AGGRESSIVE_BUY
2008-01-21,2008,863.7,NO_SWEEP,699.7,6297.3,6997.0,-0.5361,-5597.6,-0.8,-874.8507,SELL,False,NONE,0.0,NONE,AGGRESSIVE_SELL
2008-01-22,2008,891.0,NO_SWEEP,12280.5,1364.5,13645.0,0.8835,10916.0,0.8,-945.1507,BUY,False,NONE,0.0,NONE,AGGRESSIVE_BUY
2008-01-23,2008,890.4,NO_SWEEP,13339.9482,2955.0518,16295.0,1.3283,10384.8964,0.63731,-663.5473,BUY,True,NONE,0.6,NONE,AGGRESSIVE_BUY
2008-01-24,2008,912.4,NO_SWEEP,9513.0,1057.0,10570.0,-0.0112,8456.0,0.8,-265.6158,BUY,False,NONE,0.0,NONE,AGGRESSIVE_BUY
2008-01-25,2008,913.5,NO_SWEEP,7599.1602,4853.8398,12453.0,0.3456,2745.3205,0.22045,1312.6492,BUY,False,NONE,0.25,NONE,AGGRESSIVE_BUY
2008-01-28,2008,928.3,BUY_SIDE_SWEEP,9279.9,1031.1,10311.0,-0.3563,8248.8,0.8,3959.6492,BUY,False,NONE,0.0,NONE,AGGRESSIVE_BUY
2008-01-29,2008,923.1,NO_SWEEP,1788.6358,7722.3642,9511.0,-0.9526,-5933.7284,-0.62388,4597.9332,SELL,False,NONE,0.25,NONE,AGGRESSIVE_SELL
2008-01-30,2008,927.1,NO_SWEEP,6972.9396,3236.0604,10209.0,-0.7933,3736.8792,0.36604,4119.571,BUY,False,NONE,0.25,NONE,AGGRESSIVE_BUY
2008-01-31,2008,924.5,NO_SWEEP,5437.9126,6872.0874,12310.0,0.1033,-1434.1748,-0.1165,4639.9991,NEUTRAL,False,NONE,0.25,NONE,NEUTRAL
2008-02-01,2008,905.0,NO_SWEEP,1258.2,11323.8,12582.0,0.1812,-10065.6,-0.8,2017.2991,SELL,False,NONE,0.0,NONE,AGGRESSIVE_SELL
2008-02-04,2008,903.3,NO_SWEEP,3147.6667,4946.3333,8094.0,-1.6977,-1798.6667,-0.22222,494.3537,SELL,False,NONE,0.25,NONE,AGGRESSIVE_SELL
2008-02-05,2008,887.9,NO_SWEEP,1236.5,8655.5,9892.0,-0.9302,-7419.0,-0.75,-1490.0213,SELL,False,NONE,0.0,NONE,AGGRESSIVE_SELL
2008-02-06,2008,900.7,NO_SWEEP,7826.8251,2060.1749,9887.0,-0.8441,5766.6502,0.58326,-1112.355,BUY,False,NONE,0.0,NONE,AGGRESSIVE_BUY
2008-02-07,2008,911.1,NO_SWEEP,9378.0,1042.0,10420.0,-0.5491,8336.0,0.8,-1101.455,BUY,False,NONE,0.0,NONE,AGGRESSIVE_BUY
2008-02-08,2008,922.1,NO_SWEEP,8795.7,977.3,9773.0,-0.7526,7818.4,0.8,617.561,BUY,False,NONE,0.0,NONE,AGGRESSIVE_BUY
2008-02-11,2008,922.4,NO_SWEEP,4153.636,5532.364,9686.0,-0.7203,-1378.7279,-0.14234,-21.8899,NEUTRAL,False,NONE,0.25,NONE,NEUTRAL
2008-02-12,2008,905.9,NO_SWEEP,1103.276,8848.724,9952.0,-0.5552,-7745.448,-0.77828,-810.799,SELL,False,NONE,0.0,NONE,AGGRESSIVE_SELL
2008-02-13,2008,904.7,NO_SWEEP,4671.2199,6275.7801,10947.0,-0.0306,-1604.5603,-0.14658,246.8309,NEUTRAL,False,NONE,0.25,NONE,NEUTRAL
2008-02-14,2008,907.1,NO_SWEEP,5745.0813,3372.9187,9118.0,-0.8164,2372.1626,0.26016,768.1846,BUY,False,NONE,0.25,NONE,AGGRESSIVE_BUY
2008-02-15,2008,902.0,NO_SWEEP,1543.7124,6808.2876,8352.0,-1.0792,-5264.5753,-0.63034,1037.4877,SELL,False,NONE,0.0,NONE,AGGRESSIVE_SELL
2008-02-18,2008,905.2,NO_SWEEP,3160.9452,750.0548,3911.0,-2.7168,2410.8904,0.61644,618.0177,BUY,False,NONE,0.25,NONE,AGGRESSIVE_BUY
2008-02-19,2008,927.0,BUY_SIDE_SWEEP,8118.9,902.1,9021.0,-0.501,7216.8,0.8,478.1177,BUY,False,NONE,0.0,NONE,AGGRESSIVE_BUY
2008-02-20,2008,943.7,BUY_SIDE_SWEEP,11122.2,1235.8,12358.0,1.2715,9886.4,0.8,736.6177,BUY,False,NONE,0.35,NONE,AGGRESSIVE_BUY
2008-02-21,2008,945.5,BUY_SIDE_SWEEP,7675.1044,4092.8956,11768.0,0.9079,3582.2088,0.3044,1356.7348,BUY,False,NONE,0.25,NONE,AGGRESSIVE_BUY
2008-02-22,2008,944.7,NO_SWEEP,7207.6462,2274.3538,9482.0,-0.2163,4933.2923,0.52028,2941.5773,BUY,False,NONE,0.25,NONE,AGGRESSIVE_BUY
2008-02-25,2008,938.0,NO_SWEEP,1527.5437,6295.4563,7823.0,-1.0239,-4767.9126,-0.60947,2546.1583,SELL,False,NONE,0.0,NONE,AGGRESSIVE_SELL
2008-02-26,2008,948.0,NO_SWEEP,8838.0,982.0,9820.0,0.0264,7856.0,0.8,3231.638,BUY,False,NONE,0.0,NONE,AGGRESSIVE_BUY
2008-02-27,2008,958.4,BUY_SIDE_SWEEP,7323.4816,2835.5184,10159.0,0.2075,4487.9633,0.44177,4450.7053,BUY,False,NONE,0.0,NONE,AGGRESSIVE_BUY
2008-02-28,2008,969.4,BUY_SIDE_SWEEP,8829.9,981.1,9811.0,0.0938,7848.8,0.8,5130.444,BUY,False,NONE,0.0,NONE,AGGRESSIVE_BUY
2008-02-29,2008,973.5,BUY_SIDE_SWEEP,8666.1889,1382.8111,10049.0,0.3198,7283.3778,0.72479,5138.7662,BUY,False,NONE,0.0,NONE,AGGRESSIVE_BUY
2008-03-03,2008,983.2,BUY_SIDE_SWEEP,6216.2504,2627.7496,8844.0,-0.4322,3588.5007,0.40576,4351.5288,BUY,False,NONE,0.0,NONE,AGGRESSIVE_BUY
2008-03-04,2008,964.4,NO_SWEEP,1998.4556,8836.5444,10835.0,0.7415,-6838.0889,-0.63111,3048.9916,SELL,False,NONE,0.0,NONE,AGGRESSIVE_SELL
2008-03-05,2008,988.8,NO_SWEEP,10243.8,1138.2,11382.0,0.9988,9105.6,0.8,3570.53,BUY,False,NONE,0.0,NONE,AGGRESSIVE_BUY
2008-03-06,2008,974.6,NO_SWEEP,3216.4406,9361.5594,12578.0,1.5381,-6145.1188,-0.48856,3398.3793,SELL,False,NONE,0.35,NONE,AGGRESSIVE_SELL
2008-03-07,2008,972.5,NO_SWEEP,1329.9344,9724.0656,11054.0,0.6565,-8394.1313,-0.75938,1367.1129,SELL,False,NONE,0.25,NONE,AGGRESSIVE_SELL
2008-03-10,2008,972.7,NO_SWEEP,4576.8096,6068.1904,10645.0,0.4062,-1491.3807,-0.1401,619.6949,NEUTRAL,False,NONE,0.25,NONE,NEUTRAL
2008-03-11,2008,973.4,NO_SWEEP,2583.5765,5972.4235,8556.0,-0.6796,-3388.8471,-0.39608,-785.011,SELL,False,NONE,0.25,NONE,AGGRESSIVE_SELL
2008-03-12,2008,982.0,NO_SWEEP,8705.7,967.3,9673.0,-0.0481,7738.4,0.8,-728.1333,BUY,False,NONE,0.0,NONE,AGGRESSIVE_BUY
2008-03-13,2008,993.6,BUY_SIDE_SWEEP,8938.1006,2470.8994,11409.0,0.8161,6467.2011,0.56685,-368.2957,BUY,False,NONE,0.0,NONE,AGGRESSIVE_BUY
2008-03-14,2008,1002.5,BUY_SIDE_SWEEP,6140.6255,1331.3745,7472.0,-1.2276,4809.2509,0.64364,1087.6218,BUY,False,NONE,0.0,NONE,AGGRESSIVE_BUY
2008-03-17,2008,1004.1,NO_SWEEP,2052.7709,8803.2291,10856.0,0.4937,-6750.4582,-0.62182,-894.3855,SELL,False,NONE,0.25,NONE,AGGRESSIVE_SELL
2008-03-18,2008,983.0,NO_SWEEP,1088.0958,7026.9042,8115.0,-1.4209,-5938.8085,-0.73183,-868.5967,SELL,False,NONE,0.0,NONE,AGGRESSIVE_SELL
2008-03-19,2008,942.7,SELL_SIDE_SWEEP,881.8,7936.2,8818.0,-0.8428,-7054.4,-0.8,-701.1303,SELL,False,NONE,0.0,NONE,AGGRESSIVE_SELL
2008-03-20,2008,909.6,SELL_SIDE_SWEEP,1087.5942,9280.4058,10368.0,0.3721,-8192.8115,-0.7902,-1538.8092,SELL,False,NONE,0.0,NONE,AGGRESSIVE_SELL
2008-03-21,2008,917.6,NO_SWEEP,54.0,6.0,60.0,-3.7376,48.0,0.8,-1109.2033,BUY,False,NONE,0.0,NONE,AGGRESSIVE_BUY
2008-03-24,2008,912.5,NO_SWEEP,1688.5647,6000.4353,7689.0,-0.6861,-4311.8706,-0.56078,-2615.4871,SELL,False,NONE,0.25,NONE,AGGRESSIVE_SELL
2008-03-25,2008,938.9,NO_SWEEP,6093.9,677.1,6771.0,-0.9674,5416.8,0.8,-2746.7872,BUY,False,NONE,0.0,NONE,AGGRESSIVE_BUY
2008-03-26,2008,954.5,NO_SWEEP,6590.7,732.3,7323.0,-0.6908,5858.4,0.8,-2615.6436,BUY,False,NONE,0.0,NONE,AGGRESSIVE_BUY
2008-03-27,2008,949.1,NO_SWEEP,3235.611,4180.389,7416.0,-0.6041,-944.7781,-0.1274,-1889.9336,NEUTRAL,False,NONE,0.25,NONE,NEUTRAL
2008-03-28,2008,931.2,NO_SWEEP,1646.0944,5946.9056,7593.0,-0.4885,-4300.8112,-0.56642,-1685.1839,SELL,False,NONE,0.0,NONE,AGGRESSIVE_SELL
2008-03-31,2008,915.8,NO_SWEEP,816.5,7348.5,8165.0,-0.2568,-6532.0,-0.8,-1619.8839,SELL,False,NONE,0.0,NONE,AGGRESSIVE_SELL
2008-04-01,2008,883.3,SELL_SIDE_SWEEP,1735.6263,8764.3737,10500.0,0.6421,-7028.7474,-0.6694,-1474.3759,SELL,False,NONE,0.0,NONE,AGGRESSIVE_SELL
2008-04-02,2008,903.4,NO_SWEEP,9193.5,1021.5,10215.0,0.5652,8172.0,0.8,-458.8759,BUY,False,NONE,0.0,NONE,AGGRESSIVE_BUY
2008-04-03,2008,902.8,NO_SWEEP,7158.2086,1725.7914,8884.0,0.1262,5432.4172,0.61148,759.1601,BUY,False,NONE,0.25,NONE,AGGRESSIVE_BUY
2008-04-04,2008,913.4,NO_SWEEP,5510.7,612.3,6123.0,-0.9201,4898.4,0.8,694.3601,BUY,False,NONE,0.0,NONE,AGGRESSIVE_BUY
2008-04-07,2008,919.9,NO_SWEEP,4763.1247,2480.8753,7244.0,-0.3906,2282.2495,0.31505,247.3412,BUY,False,NONE,0.25,NONE,AGGRESSIVE_BUY
2008-04-08,2008,914.46,NO_SWEEP,1749.1584,4916.8416,6666.0,-0.5911,-3167.6832,-0.4752,-30.5219,SELL,False,NONE,0.25,NONE,AGGRESSIVE_SELL
2008-04-09,2008,933.8,NO_SWEEP,6734.7,748.3,7483.0,-0.2027,5986.4,0.8,1255.3795,BUY,False,NONE,0.0,NONE,AGGRESSIVE_BUY
2008-04-10,2008,928.5,NO_SWEEP,1994.456,5447.544,7442.0,-0.144,-3453.088,-0.464,1640.2435,SELL,False,NONE,0.25,NONE,AGGRESSIVE_SELL
2008-04-11,2008,924.7,NO_SWEEP,2315.1333,3998.8667,6314.0,-0.6222,-1683.7333,-0.26667,2308.3703,SELL,False,NONE,0.25,NONE,AGGRESSIVE_SELL
2008-04-14,2008,923.6,NO_SWEEP,4605.5721,2062.4279,6668.0,-0.3893,2543.1442,0.3814,1604.7633,BUY,False,NONE,0.25,NONE,AGGRESSIVE_BUY
2008-04-15,2008,927.5,NO_SWEEP,3128.5969,2658.4031,5787.0,-0.7409,470.1937,0.08125,984.4854,NEUTRAL,False,NONE,0.25,NONE,NEUTRAL
2008-04-16,2008,944.6,BUY_SIDE_SWEEP,5261.1429,678.8571,5940.0,-0.6039,4582.2857,0.77143,944.9711,BUY,False,NONE,0.0,NONE,AGGRESSIVE_BUY
2008-04-17,2008,938.5,NO_SWEEP,581.7,5235.3,5817.0,-0.584,-4653.6,-0.8,77.9899,SELL,False,NONE,0.0,NONE,AGGRESSIVE_SELL
2008-04-18,2008,916.2,NO_SWEEP,1174.3823,4768.6177,5943.0,-1.0413,-3594.2354,-0.60478,24.6709,SELL,False,NONE,0.0,NONE,AGGRESSIVE_SELL
2008-04-21,2008,916.2,NO_SWEEP,1357.1489,4961.8511,6319.0,-0.6928,-3604.7023,-0.57045,-1174.2169,SELL,False,NONE,0.25,NONE,AGGRESSIVE_SELL
2008-04-22,2008,915.4,NO_SWEEP,3163.1355,3063.8645,6227.0,-0.7338,99.271,0.01594,-730.172,NEUTRAL,False,NONE,0.25,NONE,NEUTRAL
2008-04-23,2008,903.7,NO_SWEEP,1226.3186,5139.6814,6366.0,-0.5881,-3913.3628,-0.61473,-1008.8757,SELL,False,NONE,0.0,NONE,AGGRESSIVE_SELL
2008-04-24,2008,887.8,SELL_SIDE_SWEEP,955.9746,5490.0254,6446.0,-0.4897,-4534.0508,-0.70339,-1893.5251,SELL,False,NONE,0.0,NONE,AGGRESSIVE_SELL
2008-04-25,2008,885.8,NO_SWEEP,2080.0425,4578.9575,6659.0,-0.2977,-2498.9151,-0.37527,-2264.6637,SELL,False,NONE,0.25,NONE,AGGRESSIVE_SELL
2008-04-28,2008,893.2,NO_SWEEP,4919.4918,1088.5082,6008.0,-0.7038,3830.9835,0.63765,-2358.5765,BUY,False,NONE,0.0,NONE,AGGRESSIVE_BUY
2008-04-29,2008,870.6,SELL_SIDE_SWEEP,661.0,5949.0,6610.0,-0.1387,-5288.0,-0.8,-2437.8765,SELL,False,NONE,0.0,NONE,AGGRESSIVE_SELL
2008-04-30,2008,876.7,NO_SWEEP,7581.6,842.4,8424.0,2.1396,6739.2,0.8,-1146.1971,BUY,True,NONE,0.6,NONE,AGGRESSIVE_BUY
2008-05-01,2008,852.2,SELL_SIDE_SWEEP,938.8872,7934.1128,8873.0,2.6924,-6995.2256,-0.78837,-1570.0125,SELL,False,NONE,0.35,NONE,AGGRESSIVE_SELL
2008-05-02,2008,855.9,NO_SWEEP,6144.2194,1050.7806,7195.0,0.5798,5093.4388,0.70791,-945.7415,BUY,False,NONE,0.25,NONE,AGGRESSIVE_BUY
2008-05-05,2008,873.7,NO_SWEEP,4747.5,527.5,5275.0,-1.5585,4220.0,0.8,70.9289,BUY,False,NONE,0.0,NONE,AGGRESSIVE_BUY
2008-05-06,2008,875.4,NO_SWEEP,3182.625,2475.375,5658.0,-1.0277,707.25,0.125,726.0915,NEUTRAL,False,NONE,0.25,NONE,NEUTRAL
2008-05-07,2008,867.9,NO_SWEEP,1201.552,5397.448,6599.0,0.0815,-4195.896,-0.63584,513.9689,SELL,False,NONE,0.0,NONE,AGGRESSIVE_SELL
2008-05-08,2008,882.6,NO_SWEEP,6130.8,681.2,6812.0,0.3738,5449.6,0.8,716.2959,BUY,False,NONE,0.0,NONE,AGGRESSIVE_BUY
2008-05-09,2008,884.3,NO_SWEEP,5146.3704,1169.6296,6316.0,-0.2149,3976.7407,0.62963,1874.3885,BUY,False,NONE,0.25,NONE,AGGRESSIVE_BUY
2008-05-12,2008,882.4,NO_SWEEP,1949.6235,4814.3765,6764.0,0.3106,-2864.7529,-0.42353,673.8944,SELL,False,NONE,0.25,NONE,AGGRESSIVE_SELL
2008-05-13,2008,866.1,NO_SWEEP,1214.2478,6436.7522,7651.0,1.2242,-5222.5045,-0.68259,895.4845,SELL,False,NONE,0.35,NONE,AGGRESSIVE_SELL
2008-05-14,2008,864.5,NO_SWEEP,2297.7882,5071.2118,7369.0,0.8126,-2773.4236,-0.37636,-87.8733,SELL,False,NONE,0.25,NONE,AGGRESSIVE_SELL
2008-05-15,2008,881.2,NO_SWEEP,5496.0079,1093.9921,6590.0,-0.1367,4402.0158,0.66798,-65.1213,BUY,False,NONE,0.0,NONE,AGGRESSIVE_BUY
2008-05-16,2008,902.1,BUY_SIDE_SWEEP,5976.0,664.0,6640.0,-0.1213,5312.0,0.8,510.4724,BUY,False,NONE,0.0,NONE,AGGRESSIVE_BUY
2008-05-19,2008,904.7,BUY_SIDE_SWEEP,1337.0215,4574.9785,5912.0,-0.962,-3237.9569,-0.54769,630.2148,SELL,True,SELL,0.65,BUY_BREAKOUT_ABSORBED,ICEBERG_SELL
2008-05-20,2008,919.0,BUY_SIDE_SWEEP,4929.9728,798.0272,5728.0,-1.1228,4131.9456,0.72136,465.508,BUY,False,NONE,0.0,NONE,AGGRESSIVE_BUY
2008-05-21,2008,931.0,BUY_SIDE_SWEEP,5211.9,579.1,5791.0,-0.9933,4632.8,0.8,547.5154,BUY,False,NONE,0.0,NONE,AGGRESSIVE_BUY
2008-05-22,2008,920.9,NO_SWEEP,1082.3916,6014.6084,7097.0,0.4506,-4932.2168,-0.69497,289.0825,SELL,False,NONE,0.0,NONE,AGGRESSIVE_SELL
2008-05-23,2008,924.5,NO_SWEEP,4285.7738,1163.2262,5449.0,-1.2851,3122.5475,0.57305,1332.214,BUY,False,NONE,0.25,NONE,AGGRESSIVE_BUY
2008-05-26,2008,928.6,NO_SWEEP,1534.5,170.5,1705.0,-3.3305,1364.0,0.8,1849.3919,BUY,False,NONE,0.0,NONE,AGGRESSIVE_BUY
2008-05-27,2008,905.0,NO_SWEEP,634.1,5706.9,6341.0,-0.0483,-5072.8,-0.8,665.0399,SELL,False,NONE,0.0,NONE,AGGRESSIVE_SELL
2008-05-28,2008,900.7,NO_SWEEP,2574.8561,3870.1439,6445.0,0.1005,-1295.2878,-0.20098,-160.871,SELL,False,NONE,0.25,NONE,AGGRESSIVE_SELL
2008-05-29,2008,876.9,NO_SWEEP,775.6,6980.4,7756.0,1.1999,-6204.8,-0.8,-531.7264,SELL,False,NONE,0.35,NONE,AGGRESSIVE_SELL
2008-05-30,2008,886.3,NO_SWEEP,5663.7,629.3,6293.0,0.0677,5034.4,0.8,-418.9196,BUY,False,NONE,0.0,NONE,AGGRESSIVE_BUY
2008-06-02,2008,890.0,NO_SWEEP,4413.9753,1914.0247,6328.0,0.0542,2499.9506,0.39506,-685.5258,BUY,False,NONE,0.25,NONE,AGGRESSIVE_BUY
2008-06-03,2008,878.8,NO_SWEEP,803.7178,5662.2822,6466.0,0.1354,-4858.5645,-0.7514,-676.3193,SELL,False,NONE,0.0,NONE,AGGRESSIVE_SELL
2008-06-04,2008,878.1,NO_SWEEP,1072.6642,5695.3358,6768.0,0.3779,-4622.6717,-0.68302,-1644.4717,SELL,False,NONE,0.25,NONE,AGGRESSIVE_SELL
2008-06-05,2008,877.9,NO_SWEEP,5378.4,597.6,5976.0,-0.2432,4780.8,0.8,-1217.3717,BUY,False,NONE,0.25,NONE,AGGRESSIVE_BUY
2008-06-06,2008,901.8,NO_SWEEP,6710.4,745.6,7456.0,0.9162,5964.8,0.8,162.3283,BUY,False,NONE,0.0,NONE,AGGRESSIVE_BUY
2008-06-09,2008,892.3,NO_SWEEP,891.2,8020.8,8912.0,1.8302,-7129.6,-0.8,-566.9607,SELL,False,NONE,0.35,NONE,AGGRESSIVE_SELL
2008-06-10,2008,866.7,NO_SWEEP,788.2,7093.8,7882.0,1.0523,-6305.6,-0.8,-579.5607,SELL,False,NONE,0.35,NONE,AGGRESSIVE_SELL
2008-06-11,2008,880.0,NO_SWEEP,5987.9032,762.0968,6750.0,0.2485,5225.8065,0.77419,-555.6349,BUY,False,NONE,0.0,NONE,AGGRESSIVE_BUY
2008-06-12,2008,868.8,NO_SWEEP,2242.673,4548.327,6791.0,0.271,-2305.654,-0.33952,-1156.3355,SELL,False,NONE,0.0,NONE,AGGRESSIVE_SELL
2008-06-16,2008,881.7,NO_SWEEP,4344.27,1997.73,6342.0,-0.0498,2346.54,0.37,-255.6974,BUY,False,NONE,0.25,NONE,AGGRESSIVE_BUY
2008-06-17,2008,882.1,NO_SWEEP,2817.0431,4164.9569,6982.0,0.3838,-1347.9139,-0.19306,153.6473,SELL,False,NONE,0.25,NONE,AGGRESSIVE_SELL
2008-06-18,2008,893.7,NO_SWEEP,6100.2,677.8,6778.0,0.1955,5422.4,0.8,233.8473,BUY,False,NONE,0.0,NONE,AGGRESSIVE_BUY
2008-06-19,2008,898.1,NO_SWEEP,4775.2596,2325.7404,7101.0,0.3886,2449.5193,0.34495,-205.5628,BUY,False,NONE,0.25,NONE,AGGRESSIVE_BUY
2008-06-20,2008,901.6,NO_SWEEP,4457.7153,2338.2847,6796.0,0.1725,2119.4305,0.31186,950.566,BUY,False,NONE,0.25,NONE,AGGRESSIVE_BUY
2008-06-23,2008,883.4,NO_SWEEP,1095.954,5352.046,6448.0,-0.1281,-4256.092,-0.66006,1206.7545,SELL,False,NONE,0.0,NONE,AGGRESSIVE_SELL
2008-06-24,2008,889.4,NO_SWEEP,4195.1812,1541.8188,5737.0,-1.5152,2653.3625,0.4625,885.199,BUY,False,NONE,0.0,NONE,AGGRESSIVE_BUY
2008-06-25,2008,885.8,NO_SWEEP,3832.3158,3597.6842,7430.0,0.7794,234.6316,0.03158,1202.7347,NEUTRAL,False,NONE,0.25,NONE,NEUTRAL
2008-06-26,2008,916.5,BUY_SIDE_SWEEP,6453.9,717.1,7171.0,0.3692,5736.8,0.8,1626.5172,BUY,False,NONE,0.0,NONE,AGGRESSIVE_BUY
2008-06-27,2008,927.3,BUY_SIDE_SWEEP,6868.4206,817.5794,7686.0,1.1037,6050.8412,0.78725,2551.3616,BUY,False,NONE,0.35,NONE,AGGRESSIVE_BUY
2008-06-30,2008,924.6,NO_SWEEP,2004.4647,5467.5353,7472.0,0.7225,-3463.0707,-0.46347,1440.6778,SELL,False,NONE,0.25,NONE,AGGRESSIVE_SELL
2008-07-01,2008,939.3,BUY_SIDE_SWEEP,6482.2598,1466.7402,7949.0,1.2579,5015.5197,0.63096,1761.4278,BUY,False,NONE,0.35,NONE,AGGRESSIVE_BUY
2008-07-02,2008,944.8,NO_SWEEP,6340.5,704.5,7045.0,-0.0405,5636.0,0.8,2200.999,BUY,False,NONE,0.0,NONE,AGGRESSIVE_BUY
2008-07-03,2008,933.5,NO_SWEEP,1799.7112,6213.2888,8013.0,1.1993,-4413.5775,-0.5508,2181.3133,SELL,False,NONE,0.35,NONE,AGGRESSIVE_SELL
2008-07-04,2008,933.6,NO_SWEEP,1181.7055,1333.2945,2515.0,-3.6252,-151.589,-0.06027,1830.6944,NEUTRAL,False,NONE,0.25,NONE,NEUTRAL
2008-07-07,2008,926.0,NO_SWEEP,4165.4787,4997.5213,9163.0,1.6089,-832.0425,-0.0908,1697.3601,NEUTRAL,True,NONE,0.6,NONE,NEUTRAL
2008-07-08,2008,919.6,NO_SWEEP,2060.2235,6278.7765,8339.0,1.0314,-4218.5529,-0.50588,452.941,SELL,True,NONE,0.6,NONE,AGGRESSIVE_SELL
2008-07-09,2008,928.0,NO_SWEEP,6552.9,728.1,7281.0,0.2303,5824.8,0.8,424.6859,BUY,False,NONE,0.0,NONE,AGGRESSIVE_BUY
2008-07-10,2008,946.6,BUY_SIDE_SWEEP,7145.1,793.9,7939.0,0.6949,6351.2,0.8,1651.4697,BUY,False,NONE,0.0,NONE,AGGRESSIVE_BUY
2008-07-11,2008,963.7,BUY_SIDE_SWEEP,8713.8,968.2,9682.0,1.7761,7745.6,0.8,1992.7297,BUY,False,NONE,0.35,NONE,AGGRESSIVE_BUY
2008-07-14,2008,972.2,BUY_SIDE_SWEEP,8063.1,895.9,8959.0,1.1374,7167.2,0.8,2184.1297,BUY,False,NONE,0.35,NONE,AGGRESSIVE_BUY
2008-07-15,2008,977.0,BUY_SIDE_SWEEP,6183.825,3871.175,10055.0,1.6604,2312.65,0.23,3024.9082,BUY,True,NONE,0.6,NONE,AGGRESSIVE_BUY
2008-07-16,2008,960.0,NO_SWEEP,960.9,8648.1,9609.0,1.2359,-7687.2,-0.8,2082.9568,SELL,False,NONE,0.35,NONE,AGGRESSIVE_SELL
2008-07-17,2008,958.1,NO_SWEEP,1546.5642,8968.4358,10515.0,1.5816,-7421.8716,-0.70584,1259.2282,SELL,True,NONE,0.6,NONE,AGGRESSIVE_SELL
2008-07-18,2008,954.5,NO_SWEEP,1940.1351,6263.8649,8204.0,0.2009,-4323.7297,-0.52703,1246.0811,SELL,False,NONE,0.25,NONE,AGGRESSIVE_SELL
2008-07-21,2008,966.3,NO_SWEEP,5605.2,622.8,6228.0,-0.9432,4982.4,0.8,1140.7811,BUY,False,NONE,0.0,NONE,AGGRESSIVE_BUY
2008-07-22,2008,945.7,NO_SWEEP,754.6,6791.4,7546.0,-0.2385,-6036.8,-0.8,-407.7189,SELL,False,NONE,0.0,NONE,AGGRESSIVE_SELL
2008-07-23,2008,920.2,NO_SWEEP,886.6,7979.4,8866.0,0.5147,-7092.8,-0.8,-2262.5189,SELL,False,NONE,0.0,NONE,AGGRESSIVE_SELL
2008-07-24,2008,927.0,NO_SWEEP,5054.0392,1154.9608,6209.0,-1.0343,3899.0783,0.62797,-2671.0341,BUY,False,NONE,0.0,NONE,AGGRESSIVE_BUY
2008-07-25,2008,929.1,NO_SWEEP,5760.0561,1851.9439,7612.0,-0.2051,3908.1122,0.51341,-2471.6014,BUY,False,NONE,0.25,NONE,AGGRESSIVE_BUY
2008-07-28,2008,930.4,NO_SWEEP,5873.5267,1000.4733,6874.0,-0.6173,4873.0535,0.70891,-901.5697,BUY,False,NONE,0.25,NONE,AGGRESSIVE_BUY
2008-07-29,2008,917.3,NO_SWEEP,863.94,6033.06,6897.0,-0.5682,-5169.12,-0.74947,-619.9757,SELL,False,NONE,0.0,NONE,AGGRESSIVE_SELL
2008-07-30,2008,905.8,SELL_SIDE_SWEEP,2388.2093,4798.7907,7187.0,-0.405,-2410.5813,-0.33541,-380.8322,SELL,False,NONE,0.0,NONE,AGGRESSIVE_SELL
2008-07-31,2008,913.3,NO_SWEEP,4040.6486,3259.3514,7300.0,-0.3179,781.2973,0.10703,-905.97,NEUTRAL,False,NONE,0.25,NONE,NEUTRAL
2008-08-01,2008,910.3,NO_SWEEP,2745.5213,4095.4787,6841.0,-0.9792,-1349.9573,-0.19733,-320.1147,SELL,False,NONE,0.25,NONE,AGGRESSIVE_SELL
2008-08-04,2008,894.7,NO_SWEEP,881.5,7933.5,8815.0,0.62,-7052.0,-0.8,-315.0147,SELL,False,NONE,0.0,NONE,AGGRESSIVE_SELL
2008-08-05,2008,873.7,SELL_SIDE_SWEEP,858.4,7725.6,8584.0,0.422,-6867.2,-0.8,-1660.7995,SELL,False,NONE,0.0,NONE,AGGRESSIVE_SELL
2008-08-06,2008,879.1,NO_SWEEP,4640.0556,2584.9444,7225.0,-0.6696,2055.1111,0.28444,-1892.4246,BUY,False,NONE,0.0,NONE,AGGRESSIVE_BUY
2008-08-07,2008,872.8,NO_SWEEP,1907.1582,6831.8418,8739.0,0.5127,-4924.6835,-0.56353,-3117.1417,SELL,False,NONE,0.0,NONE,AGGRESSIVE_SELL
2008-08-08,2008,856.2,SELL_SIDE_SWEEP,1646.0057,7800.9943,9447.0,1.1001,-6154.9886,-0.65153,-3240.3753,SELL,False,NONE,0.35,NONE,AGGRESSIVE_SELL
2008-08-11,2008,822.6,SELL_SIDE_SWEEP,934.3,8408.7,9343.0,0.9875,-7474.4,-0.8,-3873.3526,SELL,False,NONE,0.0,NONE,AGGRESSIVE_SELL
2008-08-12,2008,811.3,SELL_SIDE_SWEEP,3540.0524,9661.9476,13202.0,3.031,-6121.8952,-0.46371,-4736.2517,SELL,False,NONE,0.35,NONE,AGGRESSIVE_SELL
2008-08-13,2008,826.1,NO_SWEEP,9065.7,1007.3,10073.0,1.0821,8058.4,0.8,-3560.207,BUY,False,NONE,0.35,NONE,AGGRESSIVE_BUY
2008-08-14,2008,806.0,NO_SWEEP,917.8,8260.2,9178.0,0.6049,-7342.4,-0.8,-3596.507,SELL,False,NONE,0.0,NONE,AGGRESSIVE_SELL
2008-08-15,2008,787.1,SELL_SIDE_SWEEP,3565.6981,7781.3019,11347.0,1.7211,-4215.6037,-0.37152,-3265.0575,SELL,False,NONE,0.35,NONE,AGGRESSIVE_SELL
2008-08-18,2008,799.5,NO_SWEEP,7323.2583,1878.7417,9202.0,0.4078,5444.5167,0.59167,-2841.3818,BUY,False,NONE,0.0,NONE,AGGRESSIVE_BUY
2008-08-19,2008,813.6,NO_SWEEP,7935.3,881.7,8817.0,0.1391,7053.6,0.8,-1344.0964,BUY,False,NONE,0.0,NONE,AGGRESSIVE_BUY
2008-08-20,2008,813.1,NO_SWEEP,5218.9705,4963.0295,10182.0,0.908,255.941,0.02514,-542.7302,NEUTRAL,False,NONE,0.25,NONE,NEUTRAL
2008-08-21,2008,835.9,NO_SWEEP,7799.4,866.6,8666.0,-0.0697,6932.8,0.8,1258.1698,BUY,False,NONE,0.0,NONE,AGGRESSIVE_BUY
2008-08-22,2008,822.7,NO_SWEEP,618.1,5562.9,6181.0,-1.513,-4944.8,-0.8,1405.3067,SELL,False,NONE,0.0,NONE,AGGRESSIVE_SELL
2008-08-25,2008,821.1,NO_SWEEP,3264.8,5447.2,8712.0,-0.0526,-2182.4,-0.25051,125.2067,SELL,False,NONE,0.25,NONE,AGGRESSIVE_SELL
2008-08-26,2008,824.1,NO_SWEEP,6401.8339,1414.1661,7816.0,-0.653,4987.6678,0.63814,1666.4652,BUY,False,NONE,0.25,NONE,AGGRESSIVE_BUY
2008-08-27,2008,826.4,NO_SWEEP,4861.792,4128.208,8990.0,0.0374,733.584,0.0816,2285.1137,NEUTRAL,False,NONE,0.25,NONE,NEUTRAL
2008-08-28,2008,833.7,NO_SWEEP,5173.6524,3095.3476,8269.0,-0.4787,2078.3048,0.25134,1864.3372,BUY,False,NONE,0.25,NONE,AGGRESSIVE_BUY
2008-08-29,2008,830.7,NO_SWEEP,875.7677,6396.2323,7272.0,-1.1857,-5520.4645,-0.75914,292.5791,SELL,False,NONE,0.25,NONE,AGGRESSIVE_SELL
2008-09-01,2008,817.6,NO_SWEEP,380.0,3420.0,3800.0,-2.6778,-3040.0,-0.8,-119.4135,SELL,False,NONE,0.0,NONE,AGGRESSIVE_SELL
2008-09-02,2008,804.5,NO_SWEEP,3219.9185,6306.0815,9526.0,0.3914,-3086.163,-0.32397,-1371.7839,SELL,False,NONE,0.0,NONE,AGGRESSIVE_SELL
2008-09-03,2008,802.3,NO_SWEEP,4712.8889,4927.1111,9640.0,0.3937,-214.2222,-0.02222,-780.4616,NEUTRAL,False,NONE,0.25,NONE,NEUTRAL
2008-09-04,2008,793.0,NO_SWEEP,882.0,7938.0,8820.0,-0.057,-7056.0,-0.8,-1389.6616,SELL,False,NONE,0.0,NONE,AGGRESSIVE_SELL
2008-09-05,2008,803.3,NO_SWEEP,5735.236,3505.764,9241.0,0.1792,2229.472,0.24126,-1734.4361,BUY,False,NONE,0.0,NONE,AGGRESSIVE_BUY
2008-09-08,2008,801.8,NO_SWEEP,1298.0377,6261.9623,7560.0,-0.6851,-4963.9245,-0.6566,-2446.6247,SELL,False,NONE,0.0,NONE,AGGRESSIVE_SELL
2008-09-09,2008,775.8,SELL_SIDE_SWEEP,1001.0,9009.0,10010.0,0.8515,-8008.0,-0.8,-3707.4128,SELL,False,NONE,0.0,NONE,AGGRESSIVE_SELL
2008-09-10,2008,752.1,SELL_SIDE_SWEEP,1162.2,10459.8,11622.0,1.7126,-9297.6,-0.8,-4179.5547,SELL,False,NONE,0.35,NONE,AGGRESSIVE_SELL
2008-09-11,2008,747.3,SELL_SIDE_SWEEP,3769.2688,6527.7312,10297.0,0.8747,-2758.4624,-0.26789,-4144.3625,SELL,False,NONE,0.25,NONE,AGGRESSIVE_SELL
2008-09-12,2008,764.9,NO_SWEEP,7680.6,853.4,8534.0,-0.0769,6827.2,0.8,-2905.1921,BUY,False,NONE,0.0,NONE,AGGRESSIVE_BUY
2008-09-15,2008,787.3,NO_SWEEP,8530.2,947.8,9478.0,0.4989,7582.4,0.8,-1930.6144,BUY,False,NONE,0.0,NONE,AGGRESSIVE_BUY
2008-09-16,2008,778.0,NO_SWEEP,2279.8403,7117.1597,9397.0,0.4288,-4837.3193,-0.51477,-1653.2793,SELL,False,NONE,0.25,NONE,AGGRESSIVE_SELL
2008-09-17,2008,863.5,BUY_SIDE_SWEEP,9477.9,1053.1,10531.0,1.1044,8424.8,0.8,-878.8633,BUY,False,NONE,0.35,NONE,AGGRESSIVE_BUY
2008-09-18,2008,851.7,NO_SWEEP,1911.222,10841.778,12753.0,2.0574,-8930.5561,-0.70027,-1374.6922,SELL,True,NONE,0.6,NONE,AGGRESSIVE_SELL
2008-09-19,2008,872.8,NO_SWEEP,10817.1,1201.9,12019.0,1.5024,9615.2,0.8,828.2078,BUY,False,NONE,0.35,NONE,AGGRESSIVE_BUY
2008-09-22,2008,897.6,NO_SWEEP,9591.3953,1852.6047,11444.0,1.0878,7738.7906,0.67623,2957.7566,BUY,False,NONE,0.35,NONE,AGGRESSIVE_BUY
2008-09-23,2008,891.3,NO_SWEEP,3152.8577,8655.1423,11808.0,1.151,-5502.2845,-0.46598,2614.7788,SELL,False,NONE,0.35,NONE,AGGRESSIVE_SELL
2008-09-24,2008,881.0,NO_SWEEP,1473.4453,7507.5547,8981.0,-0.2902,-6034.1094,-0.67188,1007.1152,SELL,False,NONE,0.25,NONE,AGGRESSIVE_SELL
2008-09-25,2008,876.3,NO_SWEEP,3270.8964,8936.1036,12207.0,1.218,-5665.2071,-0.46409,-648.8357,SELL,True,NONE,0.6,NONE,AGGRESSIVE_SELL
2008-09-26,2008,877.8,NO_SWEEP,5341.0838,5619.9162,10961.0,0.5273,-278.8325,-0.02544,-79.0249,NEUTRAL,False,NONE,0.25,NONE,NEUTRAL
2008-09-29,2008,905.7,NO_SWEEP,12769.6203,3667.3797,16437.0,3.0746,9102.2406,0.55377,5.6552,BUY,False,NONE,0.35,NONE,AGGRESSIVE_BUY
2008-09-30,2008,870.9,NO_SWEEP,2529.2735,12152.7265,14682.0,1.8453,-9623.453,-0.65546,-80.9569,SELL,False,NONE,0.35,NONE,AGGRESSIVE_SELL
2008-10-01,2008,869.9,NO_SWEEP,1787.6341,11538.3659,13326.0,1.0834,-9750.7317,-0.73171,-2501.6984,SELL,True,NONE,0.6,NONE,AGGRESSIVE_SELL
2008-10-02,2008,835.8,NO_SWEEP,1316.1,11844.9,13161.0,0.9104,-10528.8,-0.8,-4785.1472,SELL,False,NONE,0.0,NONE,AGGRESSIVE_SELL
2008-10-03,2008,835.3,NO_SWEEP,8035.553,3345.447,11381.0,0.0248,4690.106,0.4121,-3511.0984,BUY,False,NONE,0.25,NONE,AGGRESSIVE_BUY
2008-10-06,2008,858.6,NO_SWEEP,7965.0278,2499.9722,10465.0,-0.5297,5465.0556,0.52222,-2073.7028,BUY,False,NONE,0.0,NONE,AGGRESSIVE_BUY
2008-10-07,2008,888.0,NO_SWEEP,8735.4,970.6,9706.0,-0.9138,7764.8,0.8,-394.9519,BUY,False,NONE,0.0,NONE,AGGRESSIVE_BUY
2008-10-08,2008,908.1,NO_SWEEP,7422.0581,1930.9419,9353.0,-1.0105,5491.1161,0.5871,326.2917,BUY,False,NONE,0.0,NONE,AGGRESSIVE_BUY
2008-10-09,2008,913.0,NO_SWEEP,7800.614,1739.386,9540.0,-0.8845,6061.2279,0.63535,-53.8349,BUY,False,NONE,0.25,NONE,AGGRESSIVE_BUY
2008-10-10,2008,849.6,NO_SWEEP,2654.8823,14577.1177,17232.0,2.4123,-11922.2354,-0.69187,-341.1827,SELL,False,NONE,0.35,NONE,AGGRESSIVE_SELL
2008-10-13,2008,831.6,NO_SWEEP,1379.9939,9419.0061,10799.0,-0.4535,-8039.0122,-0.74442,-127.2177,SELL,False,NONE,0.0,NONE,AGGRESSIVE_SELL
2008-10-14,2008,836.2,NO_SWEEP,4447.3211,5704.6789,10152.0,-0.7731,-1257.3578,-0.12385,1031.7125,NEUTRAL,False,NONE,0.25,NONE,NEUTRAL
2008-10-15,2008,847.5,NO_SWEEP,7107.3518,2356.6482,9464.0,-1.0418,4750.7036,0.50198,1039.2872,BUY,False,NONE,0.25,NONE,AGGRESSIVE_BUY
2008-10-16,2008,805.5,SELL_SIDE_SWEEP,2212.7389,7828.2611,10041.0,-0.7167,-5615.5222,-0.55926,-345.785,SELL,False,NONE,0.0,NONE,AGGRESSIVE_SELL
2008-10-17,2008,782.8,SELL_SIDE_SWEEP,1828.2415,8819.7585,10648.0,-0.4157,-6991.517,-0.6566,-2190.3246,SELL,False,NONE,0.0,NONE,AGGRESSIVE_SELL
2008-10-20,2008,796.0,NO_SWEEP,8059.2921,4919.7079,12979.0,0.5747,3139.5842,0.2419,-2484.2661,BUY,False,NONE,0.0,NONE,AGGRESSIVE_BUY
2008-10-21,2008,771.5,SELL_SIDE_SWEEP,1448.6463,11235.3537,12684.0,0.4244,-9786.7074,-0.77158,-4465.258,SELL,False,NONE,0.0,NONE,AGGRESSIVE_SELL
2008-10-22,2008,729.2,SELL_SIDE_SWEEP,1565.0467,12271.9533,13837.0,0.8374,-10706.9066,-0.77379,-4313.3419,SELL,False,NONE,0.0,NONE,AGGRESSIVE_SELL
2008-10-23,2008,723.9,NO_SWEEP,10365.409,2793.591,13159.0,0.5116,7571.818,0.57541,-2361.9882,BUY,False,NONE,0.25,NONE,AGGRESSIVE_BUY
2008-10-24,2008,733.2,NO_SWEEP,13069.564,2332.436,15402.0,1.343,10737.128,0.69713,-862.6774,BUY,True,NONE,0.6,NONE,AGGRESSIVE_BUY
2008-10-27,2008,730.5,NO_SWEEP,4600.9586,6427.0414,11028.0,-0.4255,-1826.0828,-0.16559,-1684.7757,NEUTRAL,False,NONE,0.25,NONE,NEUTRAL
2008-10-28,2008,748.9,NO_SWEEP,8810.9383,1482.0617,10293.0,-0.6838,7328.8766,0.71203,-66.7259,BUY,False,NONE,0.0,NONE,AGGRESSIVE_BUY
2008-10-29,2008,757.5,NO_SWEEP,6743.1626,3126.8374,9870.0,-0.8011,3616.3252,0.3664,1259.2544,BUY,False,NONE,0.25,NONE,AGGRESSIVE_BUY
2008-10-30,2008,738.4,NO_SWEEP,1386.2,12475.8,13862.0,1.0589,-11089.6,-0.8,-519.3936,SELL,False,NONE,0.35,NONE,AGGRESSIVE_SELL
2008-10-31,2008,723.7,NO_SWEEP,2351.9294,9764.0706,12116.0,0.226,-7412.1412,-0.61176,-222.5729,SELL,False,NONE,0.0,NONE,AGGRESSIVE_SELL
2008-11-03,2008,722.6,NO_SWEEP,1045.3,9407.7,10453.0,-0.5495,-8362.4,-0.8,70.4905,SELL,False,NONE,0.25,NONE,AGGRESSIVE_SELL
2008-11-04,2008,762.7,NO_SWEEP,9197.1,1021.9,10219.0,-0.677,8175.2,0.8,145.9132,BUY,False,NONE,0.0,NONE,AGGRESSIVE_BUY
2008-11-05,2008,738.8,NO_SWEEP,1318.0,11862.0,13180.0,0.6407,-10544.0,-0.8,-2514.2278,SELL,False,NONE,0.0,NONE,AGGRESSIVE_SELL
2008-11-06,2008,731.6,NO_SWEEP,1279.8,11518.2,12798.0,0.3899,-10238.4,-0.8,-3565.7674,SELL,False,NONE,0.0,NONE,AGGRESSIVE_SELL
2008-11-07,2008,735.8,NO_SWEEP,7465.971,3500.029,10966.0,-0.4477,3965.942,0.36166,-3986.1343,BUY,False,NONE,0.25,NONE,AGGRESSIVE_BUY
2008-11-10,2008,744.7,NO_SWEEP,1176.9,10592.1,11769.0,0.0142,-9415.2,-0.8,-5615.0749,SELL,False,NONE,0.25,NONE,AGGRESSIVE_SELL
2008-11-11,2008,731.6,NO_SWEEP,1603.5408,9071.4592,10675.0,-0.6862,-7467.9185,-0.69957,-5162.3647,SELL,False,NONE,0.0,NONE,AGGRESSIVE_SELL
2008-11-12,2008,710.6,SELL_SIDE_SWEEP,1126.3,10136.7,11263.0,-0.3955,-9010.4,-0.8,-5362.1471,SELL,False,NONE,0.0,NONE,AGGRESSIVE_SELL
2008-11-13,2008,736.0,NO_SWEEP,13897.8,1544.2,15442.0,2.0155,12353.6,0.8,-2772.6471,BUY,False,NONE,0.35,NONE,AGGRESSIVE_BUY
2008-11-14,2008,741.2,NO_SWEEP,9660.1098,4236.8902,13897.0,0.9723,5423.2195,0.39024,-3116.6446,BUY,False,NONE,0.25,NONE,AGGRESSIVE_BUY
2008-11-17,2008,736.5,NO_SWEEP,2624.2243,9130.7757,11755.0,-0.291,-6506.5514,-0.55351,-2611.9635,SELL,False,NONE,0.25,NONE,AGGRESSIVE_SELL
2008-11-18,2008,737.6,NO_SWEEP,3508.8219,7926.1781,11435.0,-0.4461,-4417.3562,-0.3863,-1884.3331,SELL,False,NONE,0.25,NONE,AGGRESSIVE_SELL
2008-11-19,2008,735.2,NO_SWEEP,1425.8,12832.2,14258.0,1.2347,-11406.4,-0.8,-3805.8758,SELL,True,NONE,0.6,NONE,AGGRESSIVE_SELL
2008-11-20,2008,745.0,NO_SWEEP,9934.6511,3789.3489,13724.0,0.8877,6145.3022,0.44778,-1860.813,BUY,False,NONE,0.0,NONE,AGGRESSIVE_BUY
2008-11-21,2008,800.0,BUY_SIDE_SWEEP,12649.5,1405.5,14055.0,1.1965,11244.0,0.8,478.1768,BUY,False,NONE,0.35,NONE,AGGRESSIVE_BUY
2008-11-24,2008,821.0,BUY_SIDE_SWEEP,16092.6774,2487.3226,18580.0,2.8884,13605.3548,0.73226,3305.1461,BUY,False,NONE,0.35,NONE,AGGRESSIVE_BUY
2008-11-25,2008,820.4,NO_SWEEP,9721.3015,3380.6985,13102.0,0.212,6340.6029,0.48394,2553.5215,BUY,False,NONE,0.25,NONE,AGGRESSIVE_BUY
2008-11-26,2008,810.5,NO_SWEEP,1147.4,10326.6,11474.0,-0.6547,-9179.2,-0.8,728.2191,SELL,False,NONE,0.0,NONE,AGGRESSIVE_SELL
2008-11-27,2008,816.0,NO_SWEEP,3825.6263,475.3737,4301.0,-2.9948,3350.2526,0.77895,1960.3196,BUY,False,NONE,0.0,NONE,AGGRESSIVE_BUY
2008-12-01,2008,768.7,NO_SWEEP,1618.6,14567.4,16186.0,1.3274,-12948.8,-0.8,893.8891,SELL,False,NONE,0.35,NONE,AGGRESSIVE_SELL
2008-12-02,2008,781.8,NO_SWEEP,16733.1415,2188.8585,18922.0,1.9536,14544.2831,0.76864,4137.7245,BUY,False,NONE,0.35,NONE,AGGRESSIVE_BUY
2008-12-03,2008,773.9,NO_SWEEP,6106.1259,10716.8741,16823.0,1.1475,-4610.7481,-0.27407,2793.2182,SELL,True,NONE,0.6,NONE,AGGRESSIVE_SELL
2008-12-04,2008,766.3,NO_SWEEP,2626.8832,15855.1168,18482.0,1.496,-13228.2335,-0.71574,-265.811,SELL,False,NONE,0.35,NONE,AGGRESSIVE_SELL
2008-12-05,2008,755.7,NO_SWEEP,3508.9752,7272.0248,10781.0,-0.7725,-3763.0497,-0.34904,-2436.8616,SELL,False,NONE,0.0,NONE,AGGRESSIVE_SELL
2008-12-08,2008,771.9,NO_SWEEP,11628.6145,4863.3855,16492.0,0.83,6765.2289,0.41021,-2383.7833,BUY,False,NONE,0.0,NONE,AGGRESSIVE_BUY
2008-12-09,2008,776.2,NO_SWEEP,7785.4638,1361.5362,9147.0,-1.2485,6423.9276,0.7023,-433.3924,BUY,False,NONE,0.25,NONE,AGGRESSIVE_BUY
2008-12-10,2008,809.3,NO_SWEEP,10577.7,1175.3,11753.0,-0.5286,9402.4,0.8,323.126,BUY,False,NONE,0.0,NONE,AGGRESSIVE_BUY
2008-12-11,2008,819.9,NO_SWEEP,8795.5138,3919.4862,12715.0,-0.2759,4876.0275,0.38349,2551.2295,BUY,False,NONE,0.0,NONE,AGGRESSIVE_BUY
2008-12-12,2008,821.3,NO_SWEEP,4751.9292,1510.0708,6262.0,-1.8392,3241.8584,0.5177,1138.4264,BUY,False,NONE,0.25,NONE,AGGRESSIVE_BUY
2008-12-15,2008,836.6,BUY_SIDE_SWEEP,8493.5697,1958.4303,10452.0,-0.6763,6535.1394,0.62525,2531.6623,BUY,False,NONE,0.0,NONE,AGGRESSIVE_BUY
2008-12-16,2008,856.7,BUY_SIDE_SWEEP,11803.5,1311.5,13115.0,0.0032,10492.0,0.8,5496.6915,BUY,False,NONE,0.0,NONE,AGGRESSIVE_BUY
2008-12-17,2008,867.3,BUY_SIDE_SWEEP,10849.9876,4236.0124,15086.0,0.4724,6613.9751,0.43842,6793.8196,BUY,False,NONE,0.0,NONE,AGGRESSIVE_BUY
2008-12-18,2008,852.2,NO_SWEEP,1373.7,12363.3,13737.0,0.1255,-10989.6,-0.8,4574.466,SELL,False,NONE,0.0,NONE,AGGRESSIVE_SELL
2008-12-19,2008,837.5,NO_SWEEP,3138.8,10313.2,13452.0,0.0542,-7174.4,-0.53333,2874.6751,SELL,False,NONE,0.0,NONE,AGGRESSIVE_SELL
2008-12-22,2008,847.0,NO_SWEEP,12752.5733,4192.4267,16945.0,0.9145,8560.1466,0.50517,2769.3934,BUY,False,NONE,0.0,NONE,AGGRESSIVE_BUY
2008-12-23,2008,839.7,NO_SWEEP,5706.6625,8934.3375,14641.0,0.3897,-3227.675,-0.22045,1756.4306,SELL,False,NONE,0.25,NONE,AGGRESSIVE_SELL
2008-12-24,2008,847.4,NO_SWEEP,6748.2,749.8,7498.0,-1.3825,5998.4,0.8,2100.9983,BUY,False,NONE,0.0,NONE,AGGRESSIVE_BUY
2008-12-26,2008,867.0,NO_SWEEP,3626.8698,406.1302,4033.0,-1.9496,3220.7396,0.7986,1686.6983,BUY,False,NONE,0.0,NONE,AGGRESSIVE_BUY
2008-12-29,2008,877.9,NO_SWEEP,2049.3,1676.7,3726.0,-1.988,372.6,0.1,421.7733,NEUTRAL,False,NONE,0.25,NONE,NEUTRAL
2008-12-30,2008,871.4,NO_SWEEP,3024.8223,5220.1777,8245.0,-0.874,-2195.3554,-0.26627,-679.393,SELL,False,NONE,0.0,NONE,AGGRESSIVE_SELL
2008-12-31,2008,866.8,NO_SWEEP,2431.6194,2250.3806,4682.0,-1.5201,181.2387,0.03871,716.9618,NEUTRAL,False,NONE,0.25,NONE,NEUTRAL
2009-01-02,2009,874.6,NO_SWEEP,5359.9456,2202.0544,7562.0,-0.7832,3157.8912,0.4176,2008.4982,BUY,False,NONE,0.25,NONE,AGGRESSIVE_BUY
2009-01-05,2009,857.8,NO_SWEEP,4199.6964,13891.3036,18091.0,1.6753,-9691.6071,-0.53571,-272.971,SELL,False,NONE,0.35,NONE,AGGRESSIVE_SELL
2009-01-06,2009,863.0,NO_SWEEP,15726.3,2874.7,18601.0,1.5863,12851.6,0.69091,1736.9384,BUY,True,NONE,0.6,NONE,AGGRESSIVE_BUY
2009-01-07,2009,842.0,NO_SWEEP,2276.9337,15014.0663,17291.0,1.2792,-12737.1327,-0.73663,-605.0032,SELL,False,NONE,0.35,NONE,AGGRESSIVE_SELL
2009-01-08,2009,856.1,NO_SWEEP,15128.5521,3764.4479,18893.0,1.4423,11364.1041,0.6015,412.9173,BUY,False,NONE,0.35,NONE,AGGRESSIVE_BUY
2009-01-09,2009,853.0,NO_SWEEP,4277.5161,12491.4839,16769.0,0.9345,-8213.9678,-0.48983,-660.4036,SELL,False,NONE,0.25,NONE,AGGRESSIVE_SELL
2009-01-12,2009,820.1,SELL_SIDE_SWEEP,518.0,4662.0,5180.0,-1.2504,-4144.0,-0.8,-903.9842,SELL,False,NONE,0.0,NONE,AGGRESSIVE_SELL
2009-01-13,2009,820.7,NO_SWEEP,4819.6952,11181.3048,16001.0,0.7384,-6361.6097,-0.39758,-1721.8402,SELL,False,NONE,0.25,NONE,AGGRESSIVE_SELL
2009-01-14,2009,811.0,SELL_SIDE_SWEEP,2389.7813,14604.2187,16994.0,0.8536,-12214.4375,-0.71875,-3643.3813,SELL,False,NONE,0.0,NONE,AGGRESSIVE_SELL
2009-01-15,2009,816.7,NO_SWEEP,16105.4852,2883.5148,18989.0,1.1382,13221.9704,0.6963,-779.1841,BUY,True,NONE,0.6,NONE,AGGRESSIVE_BUY
2009-01-16,2009,841.7,NO_SWEEP,9405.9,1045.1,10451.0,-0.3947,8360.8,0.8,-1340.5341,BUY,False,NONE,0.0,NONE,AGGRESSIVE_BUY
2009-01-19,2009,834.8,NO_SWEEP,1732.3943,7313.6057,9046.0,-0.6056,-5581.2113,-0.61698,-446.044,SELL,False,NONE,0.0,NONE,AGGRESSIVE_SELL
2009-01-20,2009,855.8,NO_SWEEP,14184.0094,2788.9906,16973.0,0.8002,11395.0188,0.67136,-442.1796,BUY,False,NONE,0.0,NONE,AGGRESSIVE_BUY
2009-01-21,2009,853.4,NO_SWEEP,9222.5882,5117.4118,14340.0,0.3542,4105.1765,0.28627,1097.7134,BUY,False,NONE,0.25,NONE,AGGRESSIVE_BUY
2009-01-22,2009,856.5,NO_SWEEP,12299.5459,3612.4541,15912.0,0.6258,8687.0919,0.54595,2701.5999,BUY,False,NONE,0.25,NONE,AGGRESSIVE_BUY
2009-01-23,2009,898.7,BUY_SIDE_SWEEP,17195.4,1910.6,19106.0,1.0889,15284.8,0.8,5407.4011,BUY,False,NONE,0.35,NONE,AGGRESSIVE_BUY
2009-01-26,2009,903.5,BUY_SIDE_SWEEP,9252.45,4218.55,13471.0,-0.0087,5033.9,0.37368,7563.4433,BUY,False,NONE,0.25,NONE,AGGRESSIVE_BUY
2009-01-27,2009,897.6,NO_SWEEP,4166.3586,12282.6414,16449.0,0.4902,-8116.2829,-0.49342,4896.1616,SELL,False,NONE,0.0,NONE,AGGRESSIVE_SELL
2009-01-28,2009,887.4,NO_SWEEP,2996.8325,13038.1675,16035.0,0.332,-10041.335,-0.62621,2595.8947,SELL,False,NONE,0.0,NONE,AGGRESSIVE_SELL
2009-01-29,2009,908.8,NO_SWEEP,17100.9,1900.1,19001.0,0.9402,15200.8,0.8,5193.6462,BUY,False,NONE,0.0,NONE,AGGRESSIVE_BUY
2009-01-30,2009,926.5,BUY_SIDE_SWEEP,17139.6,1904.4,19044.0,0.8815,15235.2,0.8,5673.6688,BUY,False,NONE,0.0,NONE,AGGRESSIVE_BUY
2009-02-02,2009,903.8,NO_SWEEP,1275.7,11481.3,12757.0,-0.7664,-10205.6,-0.8,3884.8218,SELL,False,NONE,0.0,NONE,AGGRESSIVE_SELL
2009-02-03,2009,900.0,NO_SWEEP,5799.559,6231.441,12031.0,-0.8731,-431.8821,-0.0359,2744.95,NEUTRAL,False,NONE,0.25,NONE,NEUTRAL
2009-02-04,2009,904.9,NO_SWEEP,8118.5109,2085.4891,10204.0,-1.2324,6033.0219,0.59124,1588.4778,BUY,False,NONE,0.0,NONE,AGGRESSIVE_BUY
2009-02-05,2009,914.1,NO_SWEEP,7441.3955,3349.6045,10791.0,-0.9755,4091.791,0.37919,1470.7141,BUY,False,NONE,0.0,NONE,AGGRESSIVE_BUY
2009-02-06,2009,910.7,NO_SWEEP,4456.9176,2947.0824,7404.0,-1.636,1509.8353,0.20392,2673.9789,BUY,False,NONE,0.25,NONE,AGGRESSIVE_BUY
2009-02-09,2009,894.4,NO_SWEEP,1618.659,8382.341,10001.0,-1.1719,-6763.6821,-0.6763,3083.6855,SELL,False,NONE,0.0,NONE,AGGRESSIVE_SELL
2009-02-10,2009,914.1,NO_SWEEP,9319.5,1035.5,10355.0,-0.9771,8284.0,0.8,2219.0855,BUY,False,NONE,0.0,NONE,AGGRESSIVE_BUY
2009-02-11,2009,938.4,BUY_SIDE_SWEEP,4620.4346,877.5654,5498.0,-1.9453,3742.8692,0.68077,782.5442,BUY,False,NONE,0.0,NONE,AGGRESSIVE_BUY
2009-02-12,2009,946.4,NO_SWEEP,11447.4545,3432.5455,14880.0,0.4374,8014.9091,0.53864,3060.1078,BUY,False,NONE,0.0,NONE,AGGRESSIVE_BUY
2009-02-13,2009,941.0,NO_SWEEP,8597.9793,7593.0207,16191.0,0.7022,1004.9586,0.06207,3239.7129,NEUTRAL,False,NONE,0.25,NONE,NEUTRAL
2009-02-16,2009,941.1,NO_SWEEP,2589.0333,787.9667,3377.0,-2.2512,1801.0667,0.53333,2710.7185,BUY,False,NONE,0.25,NONE,AGGRESSIVE_BUY
2009-02-17,2009,968.7,BUY_SIDE_SWEEP,5246.1,582.9,5829.0,-1.4961,4663.2,0.8,2782.1446,BUY,False,NONE,0.0,NONE,AGGRESSIVE_BUY
2009-02-18,2009,983.1,BUY_SIDE_SWEEP,5765.4,640.6,6406.0,-1.2341,5124.8,0.8,3234.0152,BUY,False,NONE,0.0,NONE,AGGRESSIVE_BUY
2009-02-19,2009,973.2,NO_SWEEP,1275.4931,5431.5069,6707.0,-1.0579,-4156.0139,-0.61965,3559.9737,SELL,False,NONE,0.0,NONE,AGGRESSIVE_SELL
2009-02-20,2009,992.1,BUY_SIDE_SWEEP,5495.0507,2022.9493,7518.0,-0.8058,3472.1014,0.46184,2958.4864,BUY,False,NONE,0.0,NONE,AGGRESSIVE_BUY
2009-02-23,2009,991.2,NO_SWEEP,3048.7059,3121.2941,6170.0,-1.0003,-72.5882,-0.01176,2481.5542,NEUTRAL,False,NONE,0.25,NONE,NEUTRAL
2009-02-24,2009,962.8,NO_SWEEP,774.9,6974.1,7749.0,-0.5859,-6199.2,-0.8,704.7906,SELL,False,NONE,0.0,NONE,AGGRESSIVE_SELL
2009-02-25,2009,952.2,NO_SWEEP,2334.1541,11491.8459,13826.0,0.8031,-9157.6918,-0.66235,-565.5407,SELL,False,NONE,0.25,NONE,AGGRESSIVE_SELL
2009-02-26,2009,944.9,NO_SWEEP,5561.4,9411.6,14973.0,1.1967,-3850.2,-0.25714,-1271.9491,SELL,True,NONE,0.6,NONE,AGGRESSIVE_SELL
2009-02-27,2009,941.6,NO_SWEEP,4290.4974,10967.5026,15258.0,1.4346,-6677.0051,-0.43761,-2689.4747,SELL,True,NONE,0.6,NONE,AGGRESSIVE_SELL
2009-03-02,2009,925.0,SELL_SIDE_SWEEP,1387.9,12491.1,13879.0,1.0366,-11103.2,-0.8,-4717.9747,SELL,False,NONE,0.35,NONE,AGGRESSIVE_SELL
2009-03-03,2009,914.7,SELL_SIDE_SWEEP,2141.8678,6375.1322,8517.0,-0.3342,-4233.2644,-0.49704,-4727.631,SELL,False,NONE,0.0,NONE,AGGRESSIVE_SELL
2009-03-04,2009,905.2,NO_SWEEP,5672.421,26883.579,32556.0,3.4734,-21211.1581,-0.65153,-7813.0385,SELL,False,NONE,0.35,NONE,AGGRESSIVE_SELL
2009-03-05,2009,932.1,NO_SWEEP,31336.2,3481.8,34818.0,2.7955,27854.4,0.8,-4322.1649,BUY,False,NONE,0.35,NONE,AGGRESSIVE_BUY
2009-03-06,2009,938.6,NO_SWEEP,22532.1041,9404.8959,31937.0,2.0414,13127.2083,0.41103,-1906.3639,BUY,False,NONE,0.35,NONE,AGGRESSIVE_BUY
2009-03-09,2009,920.0,NO_SWEEP,4548.5401,16770.4599,21319.0,0.8038,-12221.9199,-0.57329,-2289.3924,SELL,False,NONE,0.0,NONE,AGGRESSIVE_SELL
2009-03-10,2009,895.6,SELL_SIDE_SWEEP,2614.1238,21270.8762,23885.0,0.9858,-18656.7524,-0.78111,-4140.2115,SELL,False,NONE,0.0,NONE,AGGRESSIVE_SELL
2009-03-11,2009,908.4,NO_SWEEP,19750.6,3485.4,23236.0,0.8287,16265.2,0.7,-1272.4358,BUY,False,NONE,0.0,NONE,AGGRESSIVE_BUY
2009-03-12,2009,925.1,NO_SWEEP,24098.157,4572.843,28671.0,1.2755,19525.3139,0.68101,2556.1284,BUY,False,NONE,0.35,NONE,AGGRESSIVE_BUY
2009-03-13,2009,929.0,NO_SWEEP,13965.7921,7279.2079,21245.0,0.4907,6686.5842,0.31474,3921.1095,BUY,False,NONE,0.25,NONE,AGGRESSIVE_BUY
2009-03-16,2009,923.6,NO_SWEEP,8918.144,12724.856,21643.0,0.4575,-3806.7121,-0.17589,6096.6653,NEUTRAL,False,NONE,0.25,NONE,NEUTRAL
2009-03-17,2009,915.1,NO_SWEEP,3752.2293,16305.7707,20058.0,0.2237,-12553.5414,-0.62586,1045.6726,SELL,False,NONE,0.0,NONE,AGGRESSIVE_SELL
2009-03-18,2009,937.2,NO_SWEEP,27904.4174,3864.5826,31769.0,1.3604,24039.8348,0.75671,2409.7509,BUY,False,NONE,0.35,NONE,AGGRESSIVE_BUY
2009-03-19,2009,954.2,BUY_SIDE_SWEEP,32659.6762,5469.3238,38129.0,1.8049,27190.3525,0.71311,7336.2849,BUY,False,NONE,0.35,NONE,AGGRESSIVE_BUY
2009-03-20,2009,951.4,NO_SWEEP,5261.842,24372.158,29634.0,0.8305,-19110.3161,-0.64488,7279.5895,SELL,False,NONE,0.25,NONE,AGGRESSIVE_SELL
2009-03-23,2009,937.7,NO_SWEEP,2517.1,22653.9,25171.0,0.2652,-20136.8,-0.8,2729.3395,SELL,False,NONE,0.0,NONE,AGGRESSIVE_SELL
2009-03-24,2009,928.6,NO_SWEEP,9464.1724,21242.8276,30707.0,0.8395,-11778.6552,-0.38358,-1183.6567,SELL,False,NONE,0.0,NONE,AGGRESSIVE_SELL
2009-03-25,2009,932.4,NO_SWEEP,22766.5992,6743.4008,29510.0,0.6109,16023.1983,0.54298,-16.5799,BUY,False,NONE,0.25,NONE,AGGRESSIVE_BUY
2009-03-26,2009,934.0,NO_SWEEP,2206.8148,12993.1852,15200.0,-1.2673,-10786.3704,-0.70963,-889.0372,SELL,False,NONE,0.25,NONE,AGGRESSIVE_SELL
2009-03-27,2009,922.4,NO_SWEEP,752.4,4263.6,5016.0,-2.2642,-3511.2,-0.7,241.2555,SELL,False,NONE,0.0,NONE,AGGRESSIVE_SELL
2009-03-30,2009,915.1,NO_SWEEP,4491.1638,18408.8362,22900.0,-0.2311,-13917.6724,-0.60776,-4503.4329,SELL,False,NONE,0.0,NONE,AGGRESSIVE_SELL
2009-03-31,2009,917.4,NO_SWEEP,18209.4985,10996.5015,29206.0,0.4595,7212.997,0.24697,-7000.6023,BUY,False,NONE,0.25,NONE,AGGRESSIVE_BUY
2009-04-01,2009,926.2,NO_SWEEP,17626.3031,6680.6969,24307.0,-0.1546,10945.6061,0.45031,-3243.6121,BUY,False,NONE,0.0,NONE,AGGRESSIVE_BUY
2009-04-02,2009,903.8,SELL_SIDE_SWEEP,5754.5061,24894.4939,30649.0,0.7807,-19139.9878,-0.62449,-3119.0105,SELL,False,NONE,0.0,NONE,AGGRESSIVE_SELL
2009-04-03,2009,892.4,SELL_SIDE_SWEEP,1734.5,15610.5,17345.0,-1.0209,-13876.0,-0.8,-3381.1786,SELL,False,NONE,0.0,NONE,AGGRESSIVE_SELL
2009-04-06,2009,869.2,SELL_SIDE_SWEEP,3246.4232,28991.5768,32238.0,1.0093,-25745.1537,-0.7986,-8602.2226,SELL,False,NONE,0.35,NONE,AGGRESSIVE_SELL
2009-04-07,2009,880.5,NO_SWEEP,24228.4979,6459.5021,30688.0,0.7347,17768.9958,0.57902,-5032.8019,BUY,False,NONE,0.0,NONE,AGGRESSIVE_BUY
2009-04-08,2009,880.1,NO_SWEEP,3396.9412,25477.0588,28874.0,0.444,-22080.1176,-0.76471,-7353.9166,SELL,False,NONE,0.25,NONE,AGGRESSIVE_SELL
2009-04-09,2009,878.9,NO_SWEEP,6411.2276,18884.7724,25296.0,-0.0253,-12473.5448,-0.4931,-7173.4006,SELL,False,NONE,0.25,NONE,AGGRESSIVE_SELL
2009-04-10,2009,881.15,NO_SWEEP,1969.8219,1281.1781,3251.0,-2.4578,688.6437,0.21183,-7988.9448,BUY,False,NONE,0.25,NONE,AGGRESSIVE_BUY
2009-04-13,2009,893.3,NO_SWEEP,22249.7648,7806.2352,30056.0,0.5792,14443.5296,0.48055,-7551.7044,BUY,False,NONE,0.0,NONE,AGGRESSIVE_BUY
2009-04-14,2009,889.9,NO_SWEEP,10891.9886,37600.0114,48492.0,2.201,-26708.0227,-0.55077,-8497.7087,SELL,False,NONE,0.35,NONE,AGGRESSIVE_SELL
2009-04-15,2009,890.6,NO_SWEEP,28091.3432,22885.6568,50977.0,2.0827,5205.6863,0.10212,-6112.4979,NEUTRAL,True,NONE,0.6,NONE,NEUTRAL
2009-04-16,2009,875.15,NO_SWEEP,5637.5789,44640.4211,50278.0,1.8295,-39002.8421,-0.77574,-7769.709,SELL,False,NONE,0.35,NONE,AGGRESSIVE_SELL
2009-04-17,2009,868.25,NO_SWEEP,9445.6328,36635.3672,46081.0,1.3486,-27189.7343,-0.59004,-13389.5503,SELL,False,NONE,0.35,NONE,AGGRESSIVE_SELL
2009-04-20,2009,884.53,NO_SWEEP,39751.7562,5004.2438,44756.0,1.1311,34747.5124,0.77638,-6286.0965,BUY,False,NONE,0.35,NONE,AGGRESSIVE_BUY
2009-04-21,2009,883.2,NO_SWEEP,21509.4591,22087.5409,43597.0,0.9699,-578.0818,-0.01326,-4799.1636,NEUTRAL,False,NONE,0.25,NONE,NEUTRAL
2009-04-22,2009,889.9,NO_SWEEP,19979.5209,5225.4791,25205.0,-0.3684,14754.0417,0.58536,-3040.9889,BUY,False,NONE,0.0,NONE,AGGRESSIVE_BUY
2009-04-23,2009,903.45,BUY_SIDE_SWEEP,24908.7649,5886.2351,30795.0,-0.0156,19022.5299,0.61771,-2468.6138,BUY,False,NONE,0.0,NONE,AGGRESSIVE_BUY
2009-04-24,2009,912.5,BUY_SIDE_SWEEP,26583.3,2953.7,29537.0,-0.2286,23629.6,0.8,3823.589,BUY,False,NONE,0.0,NONE,AGGRESSIVE_BUY
2009-04-27,2009,906.2,NO_SWEEP,2744.2,24697.8,27442.0,-0.4311,-21953.6,-0.8,428.6782,SELL,False,NONE,0.0,NONE,AGGRESSIVE_SELL
2009-04-28,2009,892.22,NO_SWEEP,7772.8863,23146.1137,30919.0,-0.1396,-15373.2274,-0.49721,3382.3801,SELL,False,NONE,0.0,NONE,AGGRESSIVE_SELL
2009-04-29,2009,898.1,NO_SWEEP,21363.8796,5704.1204,27068.0,-0.4868,15659.7592,0.57853,8738.5668,BUY,False,NONE,0.0,NONE,AGGRESSIVE_BUY
2009-04-30,2009,886.2,NO_SWEEP,5727.3795,22656.6205,28384.0,-0.3618,-16929.2411,-0.59644,2278.9726,SELL,False,NONE,0.0,NONE,AGGRESSIVE_SELL
2009-05-01,2009,886.05,NO_SWEEP,18781.2171,6555.7829,25337.0,-0.6839,12225.4341,0.48251,3879.4121,BUY,False,NONE,0.25,NONE,AGGRESSIVE_BUY
2009-05-04,2009,902.85,NO_SWEEP,21055.4864,3292.5136,24348.0,-0.7269,17762.9727,0.72955,4255.5284,BUY,False,NONE,0.0,NONE,AGGRESSIVE_BUY
2009-05-05,2009,896.3,NO_SWEEP,3141.1,28269.9,31411.0,-0.1056,-25128.8,-0.8,-1263.3878,SELL,False,NONE,0.0,NONE,AGGRESSIVE_SELL
2009-05-06,2009,910.53,NO_SWEEP,28531.8,3170.2,31702.0,-0.0927,25361.6,0.8,-1046.8878,BUY,False,NONE,0.0,NONE,AGGRESSIVE_BUY
2009-05-07,2009,909.75,NO_SWEEP,2559.3,23033.7,25593.0,-0.6364,-20474.4,-0.8,-861.9878,SELL,False,NONE,0.25,NONE,AGGRESSIVE_SELL
2009-05-08,2009,915.9,NO_SWEEP,25174.0277,5465.9723,30640.0,-0.3862,19708.0554,0.64321,3523.1725,BUY,False,NONE,0.25,NONE,AGGRESSIVE_BUY
2009-05-11,2009,913.18,NO_SWEEP,9875.0217,16553.9783,26429.0,-0.8215,-6678.9566,-0.25271,730.8331,SELL,False,NONE,0.25,NONE,AGGRESSIVE_SELL
2009-05-12,2009,922.35,NO_SWEEP,16288.2,1809.8,18098.0,-1.5686,14478.4,0.8,4656.7882,BUY,False,NONE,0.0,NONE,AGGRESSIVE_BUY
2009-05-13,2009,925.95,BUY_SIDE_SWEEP,4784.6176,1550.3824,6335.0,-2.4438,3234.2351,0.51053,3532.8883,BUY,False,NONE,0.25,NONE,AGGRESSIVE_BUY
2009-05-14,2009,925.05,NO_SWEEP,7269.1197,10302.8803,17572.0,-1.2251,-3033.7606,-0.17265,933.2967,NEUTRAL,False,NONE,0.25,NONE,NEUTRAL
2009-05-15,2009,931.15,BUY_SIDE_SWEEP,20401.7417,4858.2583,25260.0,-0.2814,15543.4835,0.61534,6017.3321,BUY,False,NONE,0.0,NONE,AGGRESSIVE_BUY
2009-05-18,2009,918.2,NO_SWEEP,2746.3,24716.7,27463.0,0.1152,-21970.4,-0.8,100.8321,SELL,False,NONE,0.0,NONE,AGGRESSIVE_SELL
2009-05-20,2009,937.38,BUY_SIDE_SWEEP,26145.041,3908.959,30054.0,0.691,22236.0821,0.73987,5439.6424,BUY,False,NONE,0.0,NONE,AGGRESSIVE_BUY
2009-05-21,2009,951.83,BUY_SIDE_SWEEP,20766.829,3400.171,24167.0,-0.298,17366.6581,0.71861,5146.9677,BUY,False,NONE,0.0,NONE,AGGRESSIVE_BUY
2009-05-22,2009,956.95,BUY_SIDE_SWEEP,18029.283,6057.717,24087.0,-0.259,11971.566,0.49701,7478.283,BUY,False,NONE,0.25,NONE,AGGRESSIVE_BUY
2009-05-25,2009,958.45,NO_SWEEP,1887.3,209.7,2097.0,-2.8872,1677.6,0.8,5878.183,BUY,False,NONE,0.25,NONE,AGGRESSIVE_BUY
2009-05-26,2009,951.75,NO_SWEEP,11299.6933,13035.3067,24335.0,0.0354,-1735.6135,-0.07132,5256.9519,NEUTRAL,False,NONE,0.25,NONE,NEUTRAL
2009-05-27,2009,948.4,NO_SWEEP,2717.3,24455.7,27173.0,0.4393,-21738.4,-0.8,2918.872,SELL,False,NONE,0.25,NONE,AGGRESSIVE_SELL
2009-05-28,2009,957.89,NO_SWEEP,22159.3043,6752.6957,28912.0,0.6545,15406.6086,0.53288,2901.7626,BUY,False,NONE,0.0,NONE,AGGRESSIVE_BUY
2009-05-29,2009,978.57,BUY_SIDE_SWEEP,24093.0,2677.0,26770.0,0.3835,21416.0,0.8,8325.0626,BUY,False,NONE,0.0,NONE,AGGRESSIVE_BUY
2009-06-01,2009,974.45,NO_SWEEP,2999.5,26995.5,29995.0,0.7703,-23996.0,-0.8,2546.0524,SELL,False,NONE,0.25,NONE,AGGRESSIVE_SELL
2009-06-02,2009,982.9,NO_SWEEP,25430.3951,4527.6049,29958.0,0.7187,20902.7902,0.69774,2988.0689,BUY,False,NONE,0.0,NONE,AGGRESSIVE_BUY
2009-06-03,2009,962.58,NO_SWEEP,3408.2,30673.8,34082.0,1.2126,-27265.6,-0.8,-1916.5768,SELL,False,NONE,0.35,NONE,AGGRESSIVE_SELL
2009-06-04,2009,979.6,NO_SWEEP,35922.6,3991.4,39914.0,1.7756,31931.2,0.8,1865.1232,BUY,False,NONE,0.35,NONE,AGGRESSIVE_BUY
2009-06-05,2009,954.79,NO_SWEEP,4091.7,36825.3,40917.0,1.6668,-32733.6,-0.8,-2009.6251,SELL,False,NONE,0.35,NONE,AGGRESSIVE_SELL
2009-06-08,2009,950.03,NO_SWEEP,8650.8359,20943.1641,29594.0,0.4324,-12292.3281,-0.41537,-828.8662,SELL,False,NONE,0.25,NONE,AGGRESSIVE_SELL
2009-06-09,2009,954.25,NO_SWEEP,21566.9097,11762.0903,33329.0,0.7919,9804.8194,0.29418,-1529.0898,BUY,False,NONE,0.25,NONE,AGGRESSIVE_BUY
2009-06-10,2009,954.25,NO_SWEEP,9800.4643,24799.5357,34600.0,0.8406,-14999.0713,-0.4335,-6080.9737,SELL,False,NONE,0.25,NONE,AGGRESSIVE_SELL
2009-06-11,2009,954.5,NO_SWEEP,8184.2152,10721.7848,18906.0,-1.0437,-2537.5696,-0.13422,-3398.6699,NEUTRAL,False,NONE,0.25,NONE,NEUTRAL
2009-06-12,2009,938.8,SELL_SIDE_SWEEP,999.5,8995.5,9995.0,-1.9423,-7996.0,-0.8,-7011.0187,SELL,False,NONE,0.0,NONE,AGGRESSIVE_SELL
2009-06-15,2009,926.5,SELL_SIDE_SWEEP,395.5,3559.5,3955.0,-2.1756,-3164.0,-0.8,-3998.3187,SELL,False,NONE,0.0,NONE,AGGRESSIVE_SELL
2009-06-16,2009,934.6,NO_SWEEP,2948.5994,1164.4006,4113.0,-1.8521,1784.1989,0.4338,-7766.6938,BUY,False,NONE,0.0,NONE,AGGRESSIVE_BUY
2009-06-17,2009,938.63,NO_SWEEP,23225.4,2580.6,25806.0,0.1051,20644.8,0.8,-1094.3938,BUY,False,NONE,0.0,NONE,AGGRESSIVE_BUY
2009-06-18,2009,932.85,NO_SWEEP,5699.0202,24218.9798,29918.0,0.4463,-18519.9596,-0.61902,-1872.8478,SELL,False,NONE,0.0,NONE,AGGRESSIVE_SELL
2009-06-19,2009,933.48,NO_SWEEP,14932.261,12009.739,26942.0,0.1675,2922.522,0.10847,-2733.1349,NEUTRAL,False,NONE,0.25,NONE,NEUTRAL
2009-06-22,2009,922.1,SELL_SIDE_SWEEP,4904.9244,22523.0756,27428.0,0.1109,-17618.1512,-0.64234,-3060.5199,SELL,False,NONE,0.0,NONE,AGGRESSIVE_SELL
2009-06-23,2009,925.65,NO_SWEEP,27996.3,3110.7,31107.0,0.4469,24885.6,0.8,367.3763,BUY,False,NONE,0.25,NONE,AGGRESSIVE_BUY
2009-06-24,2009,932.0,NO_SWEEP,21465.1069,10426.8931,31892.0,0.4989,11038.2138,0.34611,2746.653,BUY,False,NONE,0.25,NONE,AGGRESSIVE_BUY
2009-06-25,2009,938.65,NO_SWEEP,26184.6,2909.4,29094.0,0.218,23275.2,0.8,6051.553,BUY,False,NONE,0.0,NONE,AGGRESSIVE_BUY
2009-06-26,2009,939.1,NO_SWEEP,13538.9396,15357.0604,28896.0,0.1873,-1818.1208,-0.06292,5601.263,NEUTRAL,False,NONE,0.25,NONE,NEUTRAL
2009-06-29,2009,937.56,NO_SWEEP,12465.5746,8946.4254,21412.0,-0.5155,3519.1493,0.16435,3460.5567,NEUTRAL,False,NONE,0.25,NONE,NEUTRAL
2009-06-30,2009,926.35,NO_SWEEP,2648.9,23840.1,26489.0,0.0069,-21191.2,-0.8,3126.6516,SELL,False,NONE,0.0,NONE,AGGRESSIVE_SELL
2009-07-01,2009,940.48,NO_SWEEP,18732.3652,4619.6348,23352.0,-0.2561,14112.7304,0.60435,4525.4277,BUY,False,NONE,0.0,NONE,AGGRESSIVE_BUY
2009-07-02,2009,929.15,NO_SWEEP,3157.0362,21053.9638,24211.0,-0.0949,-17896.9275,-0.73921,4490.5807,SELL,False,NONE,0.0,NONE,AGGRESSIVE_SELL
2009-07-03,2009,931.5,NO_SWEEP,9173.5951,3559.4049,12733.0,-1.2211,5614.1902,0.44092,2081.6544,BUY,False,NONE,0.25,NONE,AGGRESSIVE_BUY
2009-07-06,2009,922.88,NO_SWEEP,1122.4648,6302.5352,7425.0,-1.5909,-5180.0704,-0.69765,54.3689,SELL,False,NONE,0.0,NONE,AGGRESSIVE_SELL
2009-07-07,2009,923.4,NO_SWEEP,4325.2269,22973.7731,27299.0,0.5414,-18648.5461,-0.68312,-5186.0994,SELL,False,NONE,0.25,NONE,AGGRESSIVE_SELL
2009-07-08,2009,909.0,SELL_SIDE_SWEEP,4201.4682,25012.5318,29214.0,0.8018,-20811.0637,-0.71237,-7560.2172,SELL,False,NONE,0.0,NONE,AGGRESSIVE_SELL
2009-07-09,2009,911.24,NO_SWEEP,8949.4832,6160.5168,15110.0,-0.7383,2788.9664,0.18458,-7651.4901,BUY,False,NONE,0.25,NONE,AGGRESSIVE_BUY
2009-07-10,2009,912.58,NO_SWEEP,4257.981,4705.019,8963.0,-1.3983,-447.038,-0.04988,-5058.4698,NEUTRAL,False,NONE,0.25,NONE,NEUTRAL
2009-07-13,2009,920.5,NO_SWEEP,8343.9738,1080.0262,9424.0,-1.4517,7263.9476,0.77079,-5914.5677,BUY,False,NONE,0.0,NONE,AGGRESSIVE_BUY
2009-07-14,2009,925.1,NO_SWEEP,7828.5764,1591.4236,9420.0,-1.5701,6237.1527,0.66212,-2897.8077,BUY,False,NONE,0.0,NONE,AGGRESSIVE_BUY
2009-07-15,2009,938.95,NO_SWEEP,21345.7051,2728.2949,24074.0,0.2266,18617.4103,0.77334,-1272.4051,BUY,False,NONE,0.0,NONE,AGGRESSIVE_BUY
2009-07-16,2009,936.86,NO_SWEEP,9411.5692,14543.4308,23955.0,0.2541,-5131.8617,-0.21423,-1266.3791,SELL,False,NONE,0.0,NONE,AGGRESSIVE_SELL
2009-07-17,2009,936.95,NO_SWEEP,17407.9471,5458.0529,22866.0,0.1449,11949.8943,0.52261,2558.426,BUY,False,NONE,0.25,NONE,AGGRESSIVE_BUY
2009-07-20,2009,949.2,BUY_SIDE_SWEEP,17030.0231,5266.9769,22297.0,0.1069,11763.0463,0.52756,6630.1897,BUY,False,NONE,0.0,NONE,AGGRESSIVE_BUY
2009-07-21,2009,948.53,NO_SWEEP,8352.6019,17915.3981,26268.0,0.6657,-9562.7961,-0.36405,5086.2194,SELL,False,NONE,0.25,NONE,AGGRESSIVE_SELL
2009-07-22,2009,950.95,NO_SWEEP,18970.6596,6202.3404,25173.0,0.5921,12768.3192,0.50722,6738.1391,BUY,False,NONE,0.25,NONE,AGGRESSIVE_BUY
2009-07-23,2009,947.45,NO_SWEEP,2793.2,25138.8,27932.0,0.9893,-22345.6,-0.8,3036.9456,SELL,False,NONE,0.25,NONE,AGGRESSIVE_SELL
2009-07-24,2009,950.92,NO_SWEEP,16795.3457,7222.6543,24018.0,0.492,9572.6914,0.39856,3453.888,BUY,False,NONE,0.0,NONE,AGGRESSIVE_BUY
2009-07-27,2009,953.1,NO_SWEEP,14102.0323,7731.9677,21834.0,0.1762,6370.0646,0.29175,1922.9697,BUY,False,NONE,0.25,NONE,AGGRESSIVE_BUY
2009-07-28,2009,937.16,NO_SWEEP,2526.0,22734.0,25260.0,0.6798,-20208.0,-0.8,38.4524,SELL,False,NONE,0.0,NONE,AGGRESSIVE_SELL
2009-07-29,2009,929.4,NO_SWEEP,5997.2616,26917.7384,32915.0,1.6009,-20920.4768,-0.63559,-4070.3439,SELL,False,NONE,0.35,NONE,AGGRESSIVE_SELL
2009-07-30,2009,933.92,NO_SWEEP,26121.3127,8072.6873,34194.0,1.5953,18048.6255,0.52783,-3284.6465,BUY,False,NONE,0.35,NONE,AGGRESSIVE_BUY
2009-07-31,2009,953.5,NO_SWEEP,31706.1,3522.9,35229.0,1.5329,28183.2,0.8,1433.603,BUY,False,NONE,0.35,NONE,AGGRESSIVE_BUY
2009-08-03,2009,956.3,NO_SWEEP,23577.27,14914.73,38492.0,1.76,8662.54,0.22505,920.3806,BUY,True,NONE,0.6,NONE,AGGRESSIVE_BUY
2009-08-04,2009,967.25,BUY_SIDE_SWEEP,34717.5,3857.5,38575.0,1.5898,30860.0,0.8,7571.0806,BUY,False,NONE,0.35,NONE,AGGRESSIVE_BUY
2009-08-05,2009,962.6,NO_SWEEP,11249.4584,26583.5416,37833.0,1.3886,-15334.0832,-0.40531,4457.7338,SELL,False,NONE,0.35,NONE,AGGRESSIVE_SELL
2009-08-06,2009,962.83,NO_SWEEP,12322.1366,27425.8634,39748.0,1.4296,-15103.7268,-0.37999,1773.5098,SELL,True,NONE,0.6,NONE,AGGRESSIVE_SELL
2009-08-07,2009,954.45,NO_SWEEP,3904.6,35141.4,39046.0,1.2643,-31236.8,-0.8,394.9098,SELL,False,NONE,0.35,NONE,AGGRESSIVE_SELL
2009-08-10,2009,945.65,NO_SWEEP,5133.42,32024.58,37158.0,0.9918,-26891.1601,-0.7237,-351.4256,SELL,False,NONE,0.0,NONE,AGGRESSIVE_SELL
2009-08-11,2009,945.97,NO_SWEEP,23596.8983,11708.1017,35305.0,0.7172,11888.7966,0.33675,-1121.4042,BUY,False,NONE,0.25,NONE,AGGRESSIVE_BUY
2009-08-12,2009,947.05,NO_SWEEP,26332.5308,10471.4692,36804.0,0.8551,15861.0616,0.43096,-2661.6715,BUY,False,NONE,0.25,NONE,AGGRESSIVE_BUY
2009-08-13,2009,954.5,NO_SWEEP,23403.6324,11840.3676,35244.0,0.5425,11563.2649,0.32809,-2299.0809,BUY,False,NONE,0.0,NONE,AGGRESSIVE_BUY
2009-08-14,2009,948.05,NO_SWEEP,7666.1674,28040.8326,35707.0,0.5394,-20374.6652,-0.57061,-8703.414,SELL,False,NONE,0.0,NONE,AGGRESSIVE_SELL
2009-08-17,2009,933.8,SELL_SIDE_SWEEP,4174.9543,24620.0457,28795.0,-0.7056,-20445.0913,-0.71002,-9342.29,SELL,False,NONE,0.0,NONE,AGGRESSIVE_SELL
2009-08-18,2009,938.25,NO_SWEEP,19901.6701,4379.3299,24281.0,-1.4546,15522.3402,0.63928,-5514.0317,BUY,False,NONE,0.0,NONE,AGGRESSIVE_BUY
2009-08-19,2009,941.55,NO_SWEEP,27898.6501,5890.3499,33789.0,0.1236,22008.3002,0.65135,1141.6059,BUY,False,NONE,0.25,NONE,AGGRESSIVE_BUY
2009-08-20,2009,940.35,NO_SWEEP,7918.5923,21199.4077,29118.0,-0.7414,-13280.8155,-0.4561,2842.8989,SELL,False,NONE,0.0,NONE,AGGRESSIVE_SELL
2009-08-21,2009,953.24,NO_SWEEP,26043.2557,4764.7443,30808.0,-0.5312,21278.5114,0.69068,4016.6133,BUY,False,NONE,0.0,NONE,AGGRESSIVE_BUY
2009-08-24,2009,942.15,NO_SWEEP,3720.9395,32421.0605,36142.0,0.4424,-28700.121,-0.79409,-1553.5345,SELL,False,NONE,0.0,NONE,AGGRESSIVE_SELL
2009-08-25,2009,944.71,NO_SWEEP,17663.8544,22406.1456,40070.0,1.2777,-4742.2912,-0.11835,-3591.729,NEUTRAL,True,NONE,0.6,NONE,NEUTRAL
2009-08-26,2009,945.2,NO_SWEEP,23101.7038,11322.2962,34424.0,-0.1546,11779.4076,0.34219,427.53,BUY,False,NONE,0.25,NONE,AGGRESSIVE_BUY
2009-08-27,2009,947.75,NO_SWEEP,26364.6853,6619.3147,32984.0,-0.4992,19745.3706,0.59863,5451.3378,BUY,False,NONE,0.25,NONE,AGGRESSIVE_BUY
2009-08-28,2009,954.42,NO_SWEEP,20072.2652,11970.7348,32043.0,-0.6864,8101.5303,0.25283,4523.7366,BUY,False,NONE,0.0,NONE,AGGRESSIVE_BUY
2009-08-31,2009,950.65,NO_SWEEP,7174.1543,18793.8457,25968.0,-1.8769,-11619.6914,-0.44746,320.2376,SELL,False,NONE,0.25,NONE,AGGRESSIVE_SELL
2009-09-01,2009,956.85,NO_SWEEP,31083.3,3453.7,34537.0,0.1282,27629.6,0.8,5434.0395,BUY,False,NONE,0.0,NONE,AGGRESSIVE_BUY
2009-09-02,2009,977.6,BUY_SIDE_SWEEP,35141.4,3904.6,39046.0,1.1539,31236.8,0.8,6678.8256,BUY,False,NONE,0.35,NONE,AGGRESSIVE_BUY
2009-09-03,2009,991.1,BUY_SIDE_SWEEP,36342.5021,8205.4979,44548.0,2.1591,28137.0043,0.63161,13783.4663,BUY,False,NONE,0.35,NONE,AGGRESSIVE_BUY
2009-09-04,2009,993.37,NO_SWEEP,18793.6818,17942.3182,36736.0,0.5494,851.3635,0.02318,14482.6731,NEUTRAL,False,NONE,0.25,NONE,NEUTRAL
2009-09-07,2009,994.5,NO_SWEEP,15807.6749,5131.3251,20939.0,-2.2923,10676.3497,0.50988,14344.7909,BUY,False,NONE,0.25,NONE,AGGRESSIVE_BUY
2009-09-08,2009,996.19,NO_SWEEP,18720.1195,20622.8805,39343.0,1.0385,-1902.761,-0.04836,11638.7744,NEUTRAL,True,NONE,0.6,NONE,NEUTRAL
2009-09-09,2009,992.15,NO_SWEEP,8984.2746,30878.7254,39863.0,1.0798,-21894.4508,-0.54924,7889.2768,SELL,False,NONE,0.35,NONE,AGGRESSIVE_SELL
2009-09-10,2009,994.58,NO_SWEEP,30853.6963,5894.3037,36748.0,0.5164,24959.3926,0.6792,12461.6623,BUY,False,NONE,0.25,NONE,AGGRESSIVE_BUY
2009-09-11,2009,1004.71,NO_SWEEP,27083.0661,10430.9339,37514.0,0.6297,16652.1323,0.44389,11089.4788,BUY,False,NONE,0.0,NONE,AGGRESSIVE_BUY
2009-09-14,2009,999.55,NO_SWEEP,9790.0658,24112.9342,33903.0,-0.042,-14322.8684,-0.42247,5394.5203,SELL,False,NONE,0.0,NONE,AGGRESSIVE_SELL
2009-09-15,2009,1006.25,NO_SWEEP,31070.8957,4504.1043,35575.0,0.1682,26566.7913,0.74678,5198.2436,BUY,False,NONE,0.0,NONE,AGGRESSIVE_BUY
2009-09-16,2009,1017.2,BUY_SIDE_SWEEP,35229.0187,6462.9813,41692.0,1.2237,28766.0374,0.68997,8687.5779,BUY,False,NONE,0.35,NONE,AGGRESSIVE_BUY
2009-09-17,2009,1013.03,NO_SWEEP,5575.9249,31172.0751,36748.0,0.2427,-25596.1503,-0.69653,4153.5154,SELL,False,NONE,0.25,NONE,AGGRESSIVE_SELL
2009-09-18,2009,1007.13,NO_SWEEP,3232.2,29089.8,32322.0,-0.627,-25857.6,-0.8,1159.1605,SELL,False,NONE,0.0,NONE,AGGRESSIVE_SELL
2009-09-21,2009,1003.2,NO_SWEEP,35722.5265,9794.4735,45517.0,1.6953,25928.053,0.56963,7136.9735,BUY,True,NONE,0.6,NONE,AGGRESSIVE_BUY
2009-09-22,2009,1014.4,NO_SWEEP,34545.9488,9971.0512,44517.0,1.4164,24574.8976,0.55203,7088.9116,BUY,False,NONE,0.35,NONE,AGGRESSIVE_BUY
2009-09-23,2009,1007.65,NO_SWEEP,5072.0,45648.0,50720.0,2.0654,-40576.0,-0.8,-64.6049,SELL,False,NONE,0.35,NONE,AGGRESSIVE_SELL
2009-09-24,2009,994.45,NO_SWEEP,3933.4,35400.6,39334.0,0.2977,-31467.2,-0.8,-2207.6464,SELL,False,NONE,0.0,NONE,AGGRESSIVE_SELL
2009-09-25,2009,990.6,NO_SWEEP,13655.2738,35078.7262,48734.0,1.5283,-21423.4525,-0.4396,-8206.4268,SELL,True,NONE,0.6,NONE,AGGRESSIVE_SELL
2009-09-28,2009,990.55,NO_SWEEP,11994.0287,26970.9713,38965.0,0.0159,-14976.9426,-0.38437,-13674.2993,SELL,False,NONE,0.0,NONE,AGGRESSIVE_SELL
2009-09-29,2009,991.9,NO_SWEEP,21346.4597,7069.5403,28416.0,-1.5307,14276.9194,0.50243,-8690.1656,BUY,False,NONE,0.25,NONE,AGGRESSIVE_BUY
2009-09-30,2009,1007.3,NO_SWEEP,38409.3,4267.7,42677.0,0.5887,34141.6,0.8,-1190.2656,BUY,False,NONE,0.0,NONE,AGGRESSIVE_BUY
2009-10-01,2009,999.12,NO_SWEEP,2748.4,24735.6,27484.0,-1.4918,-21987.2,-0.8,-7179.6722,SELL,False,NONE,0.0,NONE,AGGRESSIVE_SELL
2009-10-02,2009,1002.37,NO_SWEEP,29845.2321,5931.7679,35777.0,-0.2953,23913.4642,0.6684,-7262.3514,BUY,False,NONE,0.25,NONE,AGGRESSIVE_BUY
2009-10-05,2009,1017.67,NO_SWEEP,45119.7,5013.3,50133.0,1.7145,40106.4,0.8,2822.9486,BUY,False,NONE,0.35,NONE,AGGRESSIVE_BUY
2009-10-06,2009,1041.4,BUY_SIDE_SWEEP,36801.9,4089.1,40891.0,0.2393,32712.8,0.8,10845.4486,BUY,False,NONE,0.0,NONE,AGGRESSIVE_BUY
2009-10-07,2009,1044.37,BUY_SIDE_SWEEP,25395.3761,8061.6239,33457.0,-0.8672,17333.7523,0.51809,15690.0992,BUY,False,NONE,0.0,NONE,AGGRESSIVE_BUY
2009-10-08,2009,1054.75,BUY_SIDE_SWEEP,26167.7652,8691.2348,34859.0,-0.6309,17476.5305,0.50135,19746.7833,BUY,False,NONE,0.0,NONE,AGGRESSIVE_BUY
2009-10-09,2009,1048.8,NO_SWEEP,12270.5437,17634.4563,29905.0,-1.2772,-5363.9127,-0.17937,17291.6793,NEUTRAL,False,NONE,0.0,NONE,NEUTRAL
2009-10-12,2009,1055.65,NO_SWEEP,36342.2337,8536.7663,44879.0,0.841,27805.4674,0.61957,16499.6627,BUY,False,NONE,0.25,NONE,AGGRESSIVE_BUY
2009-10-13,2009,1064.37,BUY_SIDE_SWEEP,41226.888,8263.112,49490.0,1.3535,32963.776,0.66607,23368.5347,BUY,False,NONE,0.35,NONE,AGGRESSIVE_BUY
2009-10-14,2009,1062.5,NO_SWEEP,19930.4355,43934.5645,63865.0,2.5885,-24004.1289,-0.37586,17378.8356,SELL,True,NONE,0.6,NONE,AGGRESSIVE_SELL
2009-10-15,2009,1050.52,NO_SWEEP,9216.48,51551.52,60768.0,1.9034,-42335.04,-0.69667,7073.6556,SELL,False,NONE,0.35,NONE,AGGRESSIVE_SELL
2009-10-16,2009,1053.15,NO_SWEEP,41234.3947,9339.6053,50574.0,0.7773,31894.7894,0.63066,6971.4042,BUY,False,NONE,0.25,NONE,AGGRESSIVE_BUY
2009-10-19,2009,1063.37,NO_SWEEP,50084.1,5564.9,55649.0,1.2028,44519.2,0.8,10369.5852,BUY,False,NONE,0.35,NONE,AGGRESSIVE_BUY
2009-10-20,2009,1054.61,NO_SWEEP,6520.3126,50792.6874,57313.0,1.2501,-44272.3748,-0.77247,2650.9721,SELL,False,NONE,0.35,NONE,AGGRESSIVE_SELL
2009-10-21,2009,1059.1,NO_SWEEP,47692.0347,14315.9653,62008.0,1.5519,33376.0694,0.53825,7493.4698,BUY,True,NONE,0.6,NONE,AGGRESSIVE_BUY
2009-10-22,2009,1060.0,NO_SWEEP,55367.1,6151.9,61519.0,1.3476,49215.2,0.8,10169.6864,BUY,True,NONE,0.6,NONE,AGGRESSIVE_BUY
2009-10-23,2009,1055.07,NO_SWEEP,12152.0861,48324.9139,60477.0,1.1652,-36172.8278,-0.59813,1527.6109,SELL,True,NONE,0.6,NONE,AGGRESSIVE_SELL
2009-10-26,2009,1037.92,SELL_SIDE_SWEEP,5284.3,47558.7,52843.0,0.4752,-42274.4,-0.8,-756.173,SELL,False,NONE,0.0,NONE,AGGRESSIVE_SELL
2009-10-27,2009,1040.15,NO_SWEEP,46649.8447,11954.1553,58604.0,0.8713,34695.6894,0.59204,8872.6682,BUY,False,NONE,0.25,NONE,AGGRESSIVE_BUY
2009-10-28,2009,1027.31,SELL_SIDE_SWEEP,5398.4,48585.6,53984.0,0.4181,-43187.2,-0.8,-512.5805,SELL,False,NONE,0.0,NONE,AGGRESSIVE_SELL
2009-10-29,2009,1046.44,NO_SWEEP,52696.8,5855.2,58552.0,0.7484,46841.6,0.8,-222.2805,BUY,False,NONE,0.0,NONE,AGGRESSIVE_BUY
2009-10-30,2009,1044.96,NO_SWEEP,40362.3259,9597.6741,49960.0,-0.1556,30764.6517,0.61579,9157.3478,BUY,False,NONE,0.25,NONE,AGGRESSIVE_BUY
2009-11-02,2009,1058.95,NO_SWEEP,50492.8516,7054.1484,57547.0,0.5754,43438.7032,0.75484,10415.1771,BUY,False,NONE,0.0,NONE,AGGRESSIVE_BUY
2009-11-04,2009,1092.05,BUY_SIDE_SWEEP,43714.7828,11699.2172,55414.0,0.2953,32015.5656,0.57775,8265.2228,BUY,False,NONE,0.0,NONE,AGGRESSIVE_BUY
2009-11-05,2009,1089.8,NO_SWEEP,25332.7083,36292.2917,61625.0,0.8773,-10959.5833,-0.17784,11416.8783,NEUTRAL,False,NONE,0.25,NONE,NEUTRAL
2009-11-06,2009,1094.72,NO_SWEEP,35313.4668,15568.5332,50882.0,-0.5169,19744.9335,0.38805,19169.295,BUY,False,NONE,0.0,NONE,AGGRESSIVE_BUY
2009-11-09,2009,1103.0,BUY_SIDE_SWEEP,29817.4883,16801.5117,46619.0,-1.6757,13015.9766,0.2792,16459.3309,BUY,False,NONE,0.0,NONE,AGGRESSIVE_BUY
2009-11-10,2009,1105.98,NO_SWEEP,43759.1066,9309.8934,53069.0,-0.6152,34449.2133,0.64914,26163.8826,BUY,False,NONE,0.25,NONE,AGGRESSIVE_BUY
2009-11-11,2009,1116.85,BUY_SIDE_SWEEP,49967.1,5551.9,55519.0,-0.1788,44415.2,0.8,25860.5826,BUY,False,NONE,0.0,NONE,AGGRESSIVE_BUY
2009-11-12,2009,1103.55,NO_SWEEP,5786.0,52074.0,57860.0,0.426,-46288.0,-0.8,16229.0011,SELL,False,NONE,0.0,NONE,AGGRESSIVE_SELL
2009-11-13,2009,1118.29,NO_SWEEP,42703.2,4744.8,47448.0,-1.7551,37958.4,0.8,15543.9632,BUY,False,NONE,0.0,NONE,AGGRESSIVE_BUY
2009-11-16,2009,1139.75,BUY_SIDE_SWEEP,45604.7621,6354.2379,51959.0,-0.7825,39250.5241,0.75541,16448.333,BUY,False,NONE,0.0,NONE,AGGRESSIVE_BUY
2009-11-17,2009,1140.63,NO_SWEEP,49579.2,5508.8,55088.0,-0.0733,44070.4,0.8,23327.0809,BUY,False,NONE,0.25,NONE,AGGRESSIVE_BUY
2009-11-18,2009,1141.45,NO_SWEEP,26596.3288,23756.6712,50353.0,-1.0335,2839.6576,0.0564,21213.9214,NEUTRAL,False,NONE,0.25,NONE,NEUTRAL
2009-11-19,2009,1144.37,NO_SWEEP,48612.6,5401.4,54014.0,-0.1527,43211.2,0.8,24988.3244,BUY,False,NONE,0.25,NONE,AGGRESSIVE_BUY
2009-11-20,2009,1150.2,NO_SWEEP,46599.3,5177.7,51777.0,-0.5984,41421.6,0.8,25859.8727,BUY,False,NONE,0.0,NONE,AGGRESSIVE_BUY
2009-11-23,2009,1162.28,BUY_SIDE_SWEEP,22938.2208,26529.7792,49468.0,-1.0764,-3591.5584,-0.0726,19859.0279,NEUTRAL,False,NONE,0.25,NONE,NEUTRAL
2009-11-24,2009,1168.4,NO_SWEEP,34967.8386,6045.1614,41013.0,-2.5338,28922.6771,0.70521,29260.3626,BUY,False,NONE,0.0,NONE,AGGRESSIVE_BUY
2009-11-25,2009,1192.2,BUY_SIDE_SWEEP,29722.5,3302.5,33025.0,-2.986,26420.0,0.8,27818.0626,BUY,False,NONE,0.0,NONE,AGGRESSIVE_BUY
2009-11-26,2009,1191.8,NO_SWEEP,17011.3365,3028.6635,20040.0,-3.2272,13982.6731,0.69774,24659.5812,BUY,False,NONE,0.25,NONE,AGGRESSIVE_BUY
2009-11-27,2009,1177.28,NO_SWEEP,18562.1888,17319.8112,35882.0,-1.3624,1242.3775,0.03462,19306.0784,NEUTRAL,False,NONE,0.25,NONE,NEUTRAL
2009-11-30,2009,1179.32,NO_SWEEP,33992.1,3776.9,37769.0,-1.0684,30215.2,0.8,22728.0212,BUY,False,NONE,0.0,NONE,AGGRESSIVE_BUY
2009-12-01,2009,1195.3,BUY_SIDE_SWEEP,26839.8145,5170.1855,32010.0,-1.4675,21669.629,0.67696,20035.3248,BUY,False,NONE,0.0,NONE,AGGRESSIVE_BUY
2009-12-02,2009,1215.1,BUY_SIDE_SWEEP,31886.1,3542.9,35429.0,-1.0253,28343.2,0.8,18400.5248,BUY,False,NONE,0.0,NONE,AGGRESSIVE_BUY
2009-12-03,2009,1207.6,NO_SWEEP,3892.9367,33110.0633,37003.0,-0.7904,-29217.1266,-0.78959,15197.3288,SELL,False,NONE,0.0,NONE,AGGRESSIVE_SELL
2009-12-04,2009,1160.82,NO_SWEEP,5721.0929,33581.9071,39303.0,-0.5007,-27860.8142,-0.70887,8099.3923,SELL,False,NONE,0.0,NONE,AGGRESSIVE_SELL
2009-12-07,2009,1157.7,NO_SWEEP,32858.3726,6564.6274,39423.0,-0.4502,26293.7451,0.66696,8083.6105,BUY,False,NONE,0.25,NONE,AGGRESSIVE_BUY
2009-12-08,2009,1128.1,SELL_SIDE_SWEEP,4109.7,36987.3,41097.0,-0.2252,-32877.6,-0.8,2226.0764,SELL,False,NONE,0.0,NONE,AGGRESSIVE_SELL
2009-12-09,2009,1128.2,NO_SWEEP,11273.457,31063.543,42337.0,-0.03,-19790.086,-0.46744,-402.9816,SELL,False,NONE,0.25,NONE,AGGRESSIVE_SELL
2009-12-10,2009,1129.9,NO_SWEEP,17210.4362,25378.5638,42589.0,0.0861,-8168.1276,-0.19179,-5200.8975,SELL,False,NONE,0.25,NONE,AGGRESSIVE_SELL
2009-12-11,2009,1115.05,SELL_SIDE_SWEEP,4950.3695,35778.6305,40729.0,-0.0928,-30828.2611,-0.75691,-11763.1338,SELL,False,NONE,0.0,NONE,AGGRESSIVE_SELL
2009-12-14,2009,1126.8,NO_SWEEP,31202.1,3466.9,34669.0,-0.726,27735.2,0.8,-11839.1338,BUY,False,NONE,0.0,NONE,AGGRESSIVE_BUY
2009-12-15,2009,1123.1,NO_SWEEP,16821.9333,19225.0667,36047.0,-0.481,-2403.1333,-0.06667,-8487.3847,NEUTRAL,False,NONE,0.25,NONE,NEUTRAL
2009-12-16,2009,1137.84,NO_SWEEP,32991.7932,4205.2068,37197.0,-0.2561,28786.5864,0.7739,-1406.4596,BUY,False,NONE,0.0,NONE,AGGRESSIVE_BUY
2009-12-17,2009,1097.29,SELL_SIDE_SWEEP,3972.1,35748.9,39721.0,0.2201,-31776.8,-0.8,-8665.2777,SELL,False,NONE,0.0,NONE,AGGRESSIVE_SELL
2009-12-18,2009,1112.98,NO_SWEEP,27299.9223,3805.0777,31105.0,-1.0832,23494.8447,0.75534,-1618.7221,BUY,False,NONE,0.0,NONE,AGGRESSIVE_BUY
2009-12-21,2009,1091.9,SELL_SIDE_SWEEP,1363.7,12273.3,13637.0,-3.0924,-10909.6,-0.8,-508.6614,SELL,False,NONE,0.0,NONE,AGGRESSIVE_SELL
2009-12-22,2009,1083.4,SELL_SIDE_SWEEP,7034.2821,18493.7179,25528.0,-1.2654,-11459.4358,-0.4489,-920.0749,SELL,False,NONE,0.0,NONE,AGGRESSIVE_SELL
2009-12-23,2009,1087.77,NO_SWEEP,29272.5169,14729.4831,44002.0,1.1589,14543.0339,0.33051,4751.337,BUY,True,NONE,0.6,NONE,AGGRESSIVE_BUY
2009-12-24,2009,1105.15,NO_SWEEP,33068.7,3674.3,36743.0,0.0947,29394.4,0.8,4958.737,BUY,False,NONE,0.0,NONE,AGGRESSIVE_BUY
2009-12-28,2009,1108.29,NO_SWEEP,25843.5551,10720.4449,36564.0,0.0628,15123.1102,0.41361,7149.5174,BUY,False,NONE,0.25,NONE,AGGRESSIVE_BUY
2009-12-29,2009,1097.26,NO_SWEEP,4834.7,43512.3,48347.0,1.6259,-38677.6,-0.8,-1283.5059,SELL,False,NONE,0.35,NONE,AGGRESSIVE_SELL
2009-12-30,2009,1093.91,NO_SWEEP,27859.5356,24251.4644,52111.0,1.8424,3608.0712,0.06924,3139.603,NEUTRAL,True,NONE,0.6,NONE,NEUTRAL
2009-12-31,2009,1097.51,NO_SWEEP,20706.814,18482.186,39189.0,0.169,2224.6279,0.05677,480.8259,NEUTRAL,False,NONE,0.25,NONE,NEUTRAL
2010-01-04,2010,1121.05,NO_SWEEP,28941.3,3215.7,32157.0,-0.6904,25725.6,0.8,5060.2259,BUY,False,NONE,0.0,NONE,AGGRESSIVE_BUY
2010-01-05,2010,1117.65,NO_SWEEP,2115.7695,15952.2305,18068.0,-2.0604,-13836.461,-0.7658,4763.0978,SELL,False,NONE,0.25,NONE,AGGRESSIVE_SELL
2010-01-06,2010,1137.15,BUY_SIDE_SWEEP,17931.0364,2101.9636,20033.0,-1.6145,15829.0728,0.79015,4923.8526,BUY,False,NONE,0.0,NONE,AGGRESSIVE_BUY
2010-01-07,2010,1131.45,NO_SWEEP,3599.6575,15526.3425,19126.0,-1.509,-11926.6849,-0.62358,-241.283,SELL,False,NONE,0.0,NONE,AGGRESSIVE_SELL
2010-01-08,2010,1138.25,NO_SWEEP,17990.1,1998.9,19989.0,-1.277,15991.2,0.8,-132.7717,BUY,False,NONE,0.0,NONE,AGGRESSIVE_BUY
2010-01-11,2010,1149.55,BUY_SIDE_SWEEP,6122.9,55106.1,61229.0,2.2464,-48983.2,-0.8,-1420.9717,SELL,True,SELL,1.0,BUY_BREAKOUT_ABSORBED,ICEBERG_SELL
2010-01-12,2010,1128.18,NO_SWEEP,7577.4,68196.6,75774.0,2.6508,-60619.2,-0.8,-9449.3806,SELL,False,NONE,0.35,NONE,AGGRESSIVE_SELL
2010-01-13,2010,1137.86,NO_SWEEP,70698.6,7855.4,78554.0,2.2895,62843.2,0.8,-1872.0591,BUY,False,NONE,0.35,NONE,AGGRESSIVE_BUY
2010-01-14,2010,1141.69,NO_SWEEP,63459.2,15864.8,79324.0,1.972,47594.4,0.6,861.5409,BUY,True,NONE,0.6,NONE,AGGRESSIVE_BUY
2010-01-15,2010,1130.9,NO_SWEEP,10703.2797,58340.7203,69044.0,1.308,-47637.4406,-0.68996,-3363.5816,SELL,False,NONE,0.35,NONE,AGGRESSIVE_SELL
2010-01-18,2010,1133.2,NO_SWEEP,30354.1693,16154.8307,46509.0,0.201,14199.3386,0.3053,-3567.2984,BUY,False,NONE,0.25,NONE,AGGRESSIVE_BUY
2010-01-19,2010,1138.11,NO_SWEEP,62855.4414,10613.5586,73469.0,1.3443,52241.8829,0.71107,4453.7726,BUY,True,NONE,0.6,NONE,AGGRESSIVE_BUY
2010-01-20,2010,1111.75,SELL_SIDE_SWEEP,8170.3,73532.7,81703.0,1.5513,-65362.4,-0.8,-5715.4274,SELL,False,NONE,0.35,NONE,AGGRESSIVE_SELL
2010-01-21,2010,1093.05,SELL_SIDE_SWEEP,9404.1111,75232.8889,84637.0,1.4979,-65828.7778,-0.77778,-7821.1246,SELL,False,NONE,0.35,NONE,AGGRESSIVE_SELL
2010-01-22,2010,1092.76,NO_SWEEP,39239.2408,46931.7592,86171.0,1.398,-7692.5185,-0.08927,-1205.2894,NEUTRAL,True,NONE,0.6,NONE,NEUTRAL
2010-01-25,2010,1102.39,NO_SWEEP,69987.6,7776.4,77764.0,0.9469,62211.2,0.8,-1284.2894,BUY,False,NONE,0.0,NONE,AGGRESSIVE_BUY
2010-01-26,2010,1097.9,NO_SWEEP,38113.3313,40039.6687,78153.0,0.8724,-1926.3373,-0.02465,-7474.3816,NEUTRAL,False,NONE,0.25,NONE,NEUTRAL
2010-01-27,2010,1088.27,NO_SWEEP,14440.3472,65243.6528,79684.0,0.8569,-50803.3057,-0.63756,-7870.1147,SELL,False,NONE,0.0,NONE,AGGRESSIVE_SELL
2010-01-28,2010,1085.92,NO_SWEEP,31895.9567,52081.0433,83977.0,0.9455,-20185.0867,-0.24036,-12168.1679,SELL,False,NONE,0.25,NONE,AGGRESSIVE_SELL
2010-01-29,2010,1080.67,NO_SWEEP,23036.7011,60926.2989,83963.0,0.8551,-37889.5978,-0.45127,-23434.603,SELL,False,NONE,0.25,NONE,AGGRESSIVE_SELL
2010-02-01,2010,1106.46,NO_SWEEP,70958.7,7884.3,78843.0,0.5762,63074.4,0.8,-7380.003,BUY,False,NONE,0.0,NONE,AGGRESSIVE_BUY
2010-02-02,2010,1114.5,NO_SWEEP,73687.5732,10491.4268,84179.0,0.7242,63196.1463,0.75074,8748.1126,BUY,False,NONE,0.0,NONE,AGGRESSIVE_BUY
2010-02-03,2010,1110.44,NO_SWEEP,10685.4407,70013.5593,80699.0,0.4931,-59328.1186,-0.73518,2293.6625,SELL,False,NONE,0.25,NONE,AGGRESSIVE_SELL
2010-02-04,2010,1064.35,SELL_SIDE_SWEEP,8320.8,74887.2,83208.0,0.5752,-66566.4,-0.8,-13803.5375,SELL,False,NONE,0.0,NONE,AGGRESSIVE_SELL
2010-02-05,2010,1065.95,NO_SWEEP,84435.3,9381.7,93817.0,1.618,75053.6,0.8,-4181.0453,BUY,True,NONE,0.6,NONE,AGGRESSIVE_BUY
2010-02-08,2010,1062.63,NO_SWEEP,8089.7,72807.3,80897.0,0.2094,-64717.6,-0.8,-5920.3321,SELL,False,NONE,0.25,NONE,AGGRESSIVE_SELL
2010-02-09,2010,1077.91,NO_SWEEP,66061.1073,14207.8927,80269.0,0.1147,51853.2146,0.64599,3084.4556,BUY,False,NONE,0.0,NONE,AGGRESSIVE_BUY
2010-02-10,2010,1071.77,NO_SWEEP,25405.4543,54833.5457,80239.0,0.1019,-29428.0914,-0.36676,4142.1439,SELL,False,NONE,0.25,NONE,AGGRESSIVE_SELL
2010-02-11,2010,1095.08,NO_SWEEP,74135.7,8237.3,82373.0,0.3226,65898.4,0.8,4495.1439,BUY,False,NONE,0.0,NONE,AGGRESSIVE_BUY
2010-02-12,2010,1093.05,NO_SWEEP,71930.7,7992.3,79923.0,-0.0117,63938.4,0.8,4587.9256,BUY,False,NONE,0.25,NONE,AGGRESSIVE_BUY
2010-02-15,2010,1100.58,NO_SWEEP,46277.9068,5233.0932,51511.0,-3.7409,41044.8137,0.79682,17134.5421,BUY,False,NONE,0.0,NONE,AGGRESSIVE_BUY
2010-02-16,2010,1118.94,NO_SWEEP,67003.2,7444.8,74448.0,-0.7681,59558.4,0.8,32900.1421,BUY,False,NONE,0.0,NONE,AGGRESSIVE_BUY
2010-02-17,2010,1106.55,NO_SWEEP,7641.3,68771.7,76413.0,-0.4742,-61130.4,-0.8,15877.1421,SELL,False,NONE,0.0,NONE,AGGRESSIVE_SELL
2010-02-18,2010,1108.55,NO_SWEEP,48309.0782,33637.9218,81947.0,0.2652,14671.1565,0.17903,25800.7367,NEUTRAL,False,NONE,0.25,NONE,NEUTRAL
2010-02-19,2010,1118.99,NO_SWEEP,62586.7241,15111.2759,77698.0,-0.2401,47475.4483,0.61103,25253.5159,BUY,False,NONE,0.0,NONE,AGGRESSIVE_BUY
2010-02-22,2010,1113.92,NO_SWEEP,6240.5438,40659.4562,46900.0,-3.0034,-34418.9124,-0.73388,24629.6632,SELL,False,NONE,0.0,NONE,AGGRESSIVE_SELL
2010-02-23,2010,1103.0,NO_SWEEP,6330.5399,44078.4601,50409.0,-2.1881,-37747.9203,-0.74883,11673.8732,SELL,False,NONE,0.0,NONE,AGGRESSIVE_SELL
2010-02-24,2010,1097.28,NO_SWEEP,13505.5172,32743.4828,46249.0,-2.1027,-19237.9657,-0.41597,1276.8275,SELL,False,NONE,0.0,NONE,AGGRESSIVE_SELL
2010-02-25,2010,1106.05,NO_SWEEP,45929.7,5103.3,51033.0,-1.5432,40826.4,0.8,1249.5258,BUY,False,NONE,0.25,NONE,AGGRESSIVE_BUY
2010-02-26,2010,1117.3,NO_SWEEP,44109.0,4901.0,49010.0,-1.4901,39208.0,0.8,-1294.2742,BUY,False,NONE,0.0,NONE,AGGRESSIVE_BUY
2010-03-01,2010,1118.5,NO_SWEEP,33678.6508,14293.3492,47972.0,-1.3893,19385.3015,0.4041,8770.1885,BUY,False,NONE,0.25,NONE,AGGRESSIVE_BUY
2010-03-02,2010,1134.33,BUY_SIDE_SWEEP,42276.6,4697.4,46974.0,-1.3018,37579.2,0.8,11633.6939,BUY,False,NONE,0.0,NONE,AGGRESSIVE_BUY
2010-03-03,2010,1139.58,BUY_SIDE_SWEEP,34826.9491,13710.0509,48537.0,-1.0888,21116.8982,0.43507,8338.8752,BUY,False,NONE,0.25,NONE,AGGRESSIVE_BUY
2010-03-04,2010,1131.78,NO_SWEEP,12862.6897,34470.3103,47333.0,-1.0508,-21607.6206,-0.4565,9940.2866,SELL,False,NONE,0.0,NONE,AGGRESSIVE_SELL
2010-03-05,2010,1134.55,NO_SWEEP,29237.4911,13222.5089,42460.0,-1.2469,16014.9823,0.37718,16660.6495,BUY,False,NONE,0.25,NONE,AGGRESSIVE_BUY
2010-03-08,2010,1123.37,NO_SWEEP,5487.0677,25330.9323,30818.0,-1.7404,-19843.8647,-0.64391,16584.9121,SELL,False,NONE,0.0,NONE,AGGRESSIVE_SELL
2010-03-09,2010,1121.53,NO_SWEEP,19448.5471,14176.4529,33625.0,-1.4119,5272.0941,0.15679,12140.6238,NEUTRAL,False,NONE,0.25,NONE,NEUTRAL
2010-03-10,2010,1108.25,NO_SWEEP,4916.4058,30832.5942,35749.0,-1.1694,-25916.1883,-0.72495,4000.1003,SELL,False,NONE,0.0,NONE,AGGRESSIVE_SELL
2010-03-11,2010,1109.35,NO_SWEEP,38356.5943,6361.4057,44718.0,-0.5495,31995.1885,0.71549,5576.3362,BUY,False,NONE,0.25,NONE,AGGRESSIVE_BUY
2010-03-12,2010,1101.49,NO_SWEEP,5633.2746,49031.7254,54665.0,0.1937,-43398.4508,-0.7939,-4545.8702,SELL,False,NONE,0.0,NONE,AGGRESSIVE_SELL
2010-03-15,2010,1108.75,NO_SWEEP,43330.5,4814.5,48145.0,-0.2547,38516.0,0.8,-2370.9824,BUY,False,NONE,0.0,NONE,AGGRESSIVE_BUY
2010-03-16,2010,1125.7,NO_SWEEP,46349.1,5149.9,51499.0,0.0676,41199.2,0.8,5479.8701,BUY,False,NONE,0.0,NONE,AGGRESSIVE_BUY
2010-03-17,2010,1124.45,NO_SWEEP,13632.3382,32475.6618,46108.0,-0.2529,-18843.3237,-0.40868,1122.5819,SELL,False,NONE,0.25,NONE,AGGRESSIVE_SELL
2010-03-18,2010,1126.13,NO_SWEEP,40997.5768,9317.4232,50315.0,0.308,31680.1536,0.62964,7563.0842,BUY,False,NONE,0.25,NONE,AGGRESSIVE_BUY
2010-03-19,2010,1106.64,NO_SWEEP,7342.4348,43388.5652,50731.0,0.7609,-36046.1303,-0.71053,2398.3061,SELL,False,NONE,0.0,NONE,AGGRESSIVE_SELL
2010-03-22,2010,1101.63,NO_SWEEP,15405.3483,23358.6517,38764.0,-1.1254,-7953.3034,-0.20517,4643.6667,SELL,False,NONE,0.25,NONE,AGGRESSIVE_SELL
2010-03-23,2010,1104.85,NO_SWEEP,35110.2149,29384.7851,64495.0,2.4413,5725.4297,0.08877,1359.9469,NEUTRAL,True,NONE,0.6,NONE,NEUTRAL
2010-03-24,2010,1086.52,SELL_SIDE_SWEEP,7072.3,63650.7,70723.0,2.5364,-56578.4,-0.8,-287.5468,SELL,False,NONE,0.35,NONE,AGGRESSIVE_SELL
2010-03-25,2010,1089.8,NO_SWEEP,38983.7805,31832.2195,70816.0,2.1334,7151.5609,0.10099,-4208.1016,NEUTRAL,True,NONE,0.6,NONE,NEUTRAL
2010-03-26,2010,1107.1,NO_SWEEP,58154.4,6461.6,64616.0,1.3852,51692.8,0.8,-2896.4016,BUY,False,NONE,0.35,NONE,AGGRESSIVE_BUY
2010-03-29,2010,1109.61,NO_SWEEP,20751.9389,32495.0611,53247.0,0.3218,-11743.1222,-0.22054,-2008.8765,SELL,False,NONE,0.25,NONE,AGGRESSIVE_SELL
2010-03-30,2010,1103.33,NO_SWEEP,5562.9612,46789.0388,52352.0,0.2158,-41226.0775,-0.78748,-11122.1554,SELL,False,NONE,0.0,NONE,AGGRESSIVE_SELL
2010-03-31,2010,1112.89,NO_SWEEP,44939.0057,13147.9943,58087.0,0.6868,31791.0113,0.5473,-2642.5126,BUY,False,NONE,0.0,NONE,AGGRESSIVE_BUY
2010-04-01,2010,1126.5,NO_SWEEP,56273.4,6252.6,62526.0,0.9936,50020.8,0.8,4604.2503,BUY,False,NONE,0.0,NONE,AGGRESSIVE_BUY
2010-04-02,2010,1122.18,NO_SWEEP,13016.9859,29109.0141,42126.0,-0.7973,-16092.0281,-0.382,1877.0681,SELL,False,NONE,0.0,NONE,AGGRESSIVE_SELL
2010-04-05,2010,1131.58,BUY_SIDE_SWEEP,45700.76,5231.24,50932.0,-0.1232,40469.52,0.79458,14008.0581,BUY,False,NONE,0.0,NONE,AGGRESSIVE_BUY
2010-04-06,2010,1133.98,BUY_SIDE_SWEEP,45638.0272,11215.9728,56854.0,0.3661,34422.0545,0.60545,17416.8697,BUY,False,NONE,0.25,NONE,AGGRESSIVE_BUY
2010-04-07,2010,1149.04,BUY_SIDE_SWEEP,50204.7588,7579.2412,57784.0,0.3831,42625.5177,0.73767,16283.4595,BUY,False,NONE,0.0,NONE,AGGRESSIVE_BUY
2010-04-08,2010,1150.24,NO_SWEEP,43221.3882,12815.6118,56037.0,0.1193,30405.7764,0.5426,21552.0718,BUY,False,NONE,0.25,NONE,AGGRESSIVE_BUY
2010-04-09,2010,1161.54,BUY_SIDE_SWEEP,46738.7531,7079.2469,53818.0,-0.1414,39659.5062,0.73692,31662.7697,BUY,False,NONE,0.0,NONE,AGGRESSIVE_BUY
2010-04-12,2010,1156.1,NO_SWEEP,5607.8,50470.2,56078.0,0.0832,-44862.4,-0.8,22081.0933,SELL,False,NONE,0.0,NONE,AGGRESSIVE_SELL
2010-04-13,2010,1150.37,NO_SWEEP,18228.7443,39776.2557,58005.0,0.2796,-21547.5114,-0.37148,13135.0544,SELL,False,NONE,0.0,NONE,AGGRESSIVE_SELL
2010-04-14,2010,1155.06,NO_SWEEP,35483.0702,23663.9298,59147.0,0.3515,11819.1403,0.19983,16623.9505,BUY,False,NONE,0.25,NONE,AGGRESSIVE_BUY
2010-04-15,2010,1158.79,NO_SWEEP,43959.5546,7925.4454,51885.0,-0.5825,36034.1091,0.6945,16069.5241,BUY,False,NONE,0.25,NONE,AGGRESSIVE_BUY
2010-04-16,2010,1137.11,NO_SWEEP,10594.6505,52692.3495,63287.0,0.79,-42097.699,-0.66519,6504.5549,SELL,False,NONE,0.0,NONE,AGGRESSIVE_SELL
2010-04-19,2010,1135.5,NO_SWEEP,54222.314,6976.686,61199.0,0.4491,47245.628,0.772,7082.0687,BUY,False,NONE,0.25,NONE,AGGRESSIVE_BUY
2010-04-20,2010,1140.5,NO_SWEEP,34473.7858,14678.2142,49152.0,-1.2197,19795.5716,0.40274,5755.7931,BUY,False,NONE,0.0,NONE,AGGRESSIVE_BUY
2010-04-21,2010,1146.4,NO_SWEEP,41610.4229,11269.5771,52880.0,-0.5978,30340.8458,0.57377,4590.9606,BUY,False,NONE,0.0,NONE,AGGRESSIVE_BUY
2010-04-23,2010,1157.37,NO_SWEEP,54265.5,6029.5,60295.0,0.8124,48236.0,0.8,16228.2606,BUY,False,NONE,0.0,NONE,AGGRESSIVE_BUY
2010-04-26,2010,1153.37,NO_SWEEP,9296.7421,36000.2579,45297.0,-1.8153,-26703.5157,-0.58952,15583.76,SELL,False,NONE,0.0,NONE,AGGRESSIVE_SELL
2010-04-27,2010,1167.57,NO_SWEEP,54023.5773,8057.4227,62081.0,1.184,45966.1546,0.74042,19852.1368,BUY,False,NONE,0.35,NONE,AGGRESSIVE_BUY
2010-04-28,2010,1165.45,NO_SWEEP,16172.2898,46215.7102,62388.0,1.1199,-30043.4204,-0.48156,11592.4456,SELL,True,NONE,0.6,NONE,AGGRESSIVE_SELL
2010-04-29,2010,1166.6,NO_SWEEP,35744.5543,18817.4457,54562.0,-0.2202,16927.1087,0.31024,18970.5466,BUY,False,NONE,0.25,NONE,AGGRESSIVE_BUY
2010-04-30,2010,1178.72,BUY_SIDE_SWEEP,46388.4892,7354.5108,53743.0,-0.2973,39033.9783,0.72631,17944.0904,BUY,False,NONE,0.0,NONE,AGGRESSIVE_BUY
2010-05-03,2010,1182.04,BUY_SIDE_SWEEP,29762.8385,15539.1615,45302.0,-1.9879,14223.677,0.31397,17247.6035,BUY,False,NONE,0.0,NONE,AGGRESSIVE_BUY
2010-05-04,2010,1170.85,NO_SWEEP,6796.5118,57305.4882,64102.0,1.4765,-50508.9765,-0.78795,7141.3757,SELL,False,NONE,0.35,NONE,AGGRESSIVE_SELL
2010-05-05,2010,1174.71,NO_SWEEP,63883.8,7098.2,70982.0,2.2521,56785.6,0.8,8210.0757,BUY,True,NONE,0.6,NONE,AGGRESSIVE_BUY
2010-05-06,2010,1208.05,BUY_SIDE_SWEEP,69669.9,7741.1,77411.0,2.5398,61928.8,0.8,19289.1152,BUY,False,NONE,0.35,NONE,AGGRESSIVE_BUY
2010-05-07,2010,1207.87,NO_SWEEP,70207.4114,15602.5886,85810.0,2.7022,54604.8227,0.63635,20368.9487,BUY,True,NONE,0.6,NONE,AGGRESSIVE_BUY
2010-05-10,2010,1202.64,NO_SWEEP,42673.5,4741.5,47415.0,-1.1565,37932.0,0.8,28865.8763,BUY,False,NONE,0.25,NONE,AGGRESSIVE_BUY
2010-05-11,2010,1232.33,BUY_SIDE_SWEEP,44887.5,4987.5,49875.0,-0.8656,39900.0,0.8,31737.4877,BUY,False,NONE,0.0,NONE,AGGRESSIVE_BUY
2010-05-12,2010,1238.64,BUY_SIDE_SWEEP,50912.432,22842.568,73755.0,1.3236,28069.8641,0.38058,30366.9734,BUY,False,NONE,0.35,NONE,AGGRESSIVE_BUY
2010-05-13,2010,1232.51,NO_SWEEP,14552.7527,47696.2473,62249.0,0.2383,-33143.4945,-0.53243,24446.077,SELL,False,NONE,0.0,NONE,AGGRESSIVE_SELL
2010-05-14,2010,1232.46,NO_SWEEP,22844.1366,47572.8634,70417.0,0.9038,-24728.7268,-0.35118,27668.6082,SELL,False,NONE,0.25,NONE,AGGRESSIVE_SELL
2010-05-17,2010,1222.22,NO_SWEEP,6384.9,57464.1,63849.0,0.2957,-51079.2,-0.8,14185.5082,SELL,False,NONE,0.0,NONE,AGGRESSIVE_SELL
2010-05-18,2010,1224.83,NO_SWEEP,62900.6513,8894.3487,71795.0,0.955,54006.3025,0.75223,13195.196,BUY,False,NONE,0.25,NONE,AGGRESSIVE_BUY
2010-05-19,2010,1193.46,NO_SWEEP,9838.6807,76120.3193,85959.0,1.9129,-66281.6386,-0.77108,-1915.6117,SELL,False,NONE,0.35,NONE,AGGRESSIVE_SELL
2010-05-20,2010,1182.16,NO_SWEEP,17127.0048,61030.9952,78158.0,1.1387,-43903.9904,-0.56173,-12145.1105,SELL,False,NONE,0.35,NONE,AGGRESSIVE_SELL
2010-05-21,2010,1176.81,NO_SWEEP,29389.29,54820.71,84210.0,1.4531,-25431.42,-0.302,-20311.538,SELL,True,NONE,0.6,NONE,AGGRESSIVE_SELL
2010-05-24,2010,1191.38,NO_SWEEP,54898.8237,14629.1763,69528.0,0.2363,40269.6474,0.57919,-18786.565,BUY,False,NONE,0.0,NONE,AGGRESSIVE_BUY
2010-05-25,2010,1204.02,NO_SWEEP,70056.0,7784.0,77840.0,0.8472,62272.0,0.8,-6859.6282,BUY,False,NONE,0.0,NONE,AGGRESSIVE_BUY
2010-05-26,2010,1211.39,NO_SWEEP,47361.7318,13647.2682,61009.0,-0.5205,33714.4635,0.55261,445.7706,BUY,False,NONE,0.0,NONE,AGGRESSIVE_BUY
2010-05-27,2010,1212.27,NO_SWEEP,16188.3827,28249.6173,44438.0,-1.7295,-12061.2346,-0.27142,5323.0163,SELL,False,NONE,0.25,NONE,AGGRESSIVE_SELL
2010-05-28,2010,1214.05,NO_SWEEP,47426.4,5269.6,52696.0,-1.0848,42156.8,0.8,3841.8284,BUY,False,NONE,0.25,NONE,AGGRESSIVE_BUY
2010-05-31,2010,1216.0,NO_SWEEP,23892.3415,4312.6585,28205.0,-2.5431,19579.6831,0.69419,14574.4936,BUY,False,NONE,0.25,NONE,AGGRESSIVE_BUY
2010-06-01,2010,1225.47,NO_SWEEP,49706.0039,9252.9961,58959.0,-0.4534,40453.0078,0.68612,25119.1184,BUY,False,NONE,0.0,NONE,AGGRESSIVE_BUY
2010-06-02,2010,1223.24,NO_SWEEP,32489.1629,31910.8371,64400.0,-0.0671,578.3257,0.00898,28370.3366,NEUTRAL,False,NONE,0.25,NONE,NEUTRAL
2010-06-03,2010,1206.36,NO_SWEEP,10224.6415,55253.3585,65478.0,0.0462,-45028.7169,-0.68769,17708.0411,SELL,False,NONE,0.0,NONE,AGGRESSIVE_SELL
2010-06-04,2010,1219.58,NO_SWEEP,66840.3,7426.7,74267.0,0.7172,59413.6,0.8,17350.7411,BUY,False,NONE,0.0,NONE,AGGRESSIVE_BUY
2010-06-07,2010,1240.05,BUY_SIDE_SWEEP,62775.9,6975.1,69751.0,0.3267,55800.8,0.8,20111.5331,BUY,False,NONE,0.0,NONE,AGGRESSIVE_BUY
2010-06-08,2010,1236.39,NO_SWEEP,8994.5552,67684.4448,76679.0,0.756,-58689.8897,-0.7654,14282.9513,SELL,False,NONE,0.25,NONE,AGGRESSIVE_SELL
2010-06-09,2010,1233.0,NO_SWEEP,25795.795,36489.205,62285.0,-0.2907,-10693.4099,-0.17169,7676.675,NEUTRAL,False,NONE,0.25,NONE,NEUTRAL
2010-06-10,2010,1216.28,NO_SWEEP,7045.5,63409.5,70455.0,0.2992,-56364.0,-0.8,-1816.2854,SELL,False,NONE,0.0,NONE,AGGRESSIVE_SELL
2010-06-11,2010,1226.25,NO_SWEEP,50919.5385,13470.4615,64390.0,-0.1392,37449.077,0.5816,-2191.7767,BUY,False,NONE,0.0,NONE,AGGRESSIVE_BUY
2010-06-14,2010,1221.0,NO_SWEEP,5236.9264,23967.0736,29204.0,-2.2888,-18730.1473,-0.64136,-4605.3358,SELL,False,NONE,0.0,NONE,AGGRESSIVE_SELL
2010-06-15,2010,1233.93,NO_SWEEP,26475.4915,3399.5085,29875.0,-1.9078,23075.983,0.77242,3907.7516,BUY,False,NONE,0.0,NONE,AGGRESSIVE_BUY
2010-06-16,2010,1228.85,NO_SWEEP,3631.0046,23888.9954,27520.0,-1.8002,-20257.9907,-0.73612,-6051.1972,SELL,False,NONE,0.0,NONE,AGGRESSIVE_SELL
2010-06-17,2010,1244.81,NO_SWEEP,21766.5425,5392.4575,27159.0,-1.6064,16374.085,0.6029,-10979.5366,BUY,False,NONE,0.0,NONE,AGGRESSIVE_BUY
2010-06-18,2010,1256.58,BUY_SIDE_SWEEP,19369.9902,4506.0098,23876.0,-1.6017,14863.9804,0.62255,-1785.3028,BUY,False,NONE,0.0,NONE,AGGRESSIVE_BUY
2010-06-21,2010,1233.45,NO_SWEEP,2985.3,26867.7,29853.0,-1.1562,-23882.4,-0.8,-3433.9266,SELL,False,NONE,0.0,NONE,AGGRESSIVE_SELL
2010-06-22,2010,1239.68,NO_SWEEP,23317.15,5533.85,28851.0,-1.1002,17783.3,0.61638,5834.4859,BUY,False,NONE,0.0,NONE,AGGRESSIVE_BUY
2010-06-23,2010,1236.99,NO_SWEEP,8666.325,12827.675,21494.0,-1.3341,-4161.35,-0.19361,633.1825,SELL,False,NONE,0.25,NONE,AGGRESSIVE_SELL
2010-06-24,2010,1243.1,NO_SWEEP,22777.7544,4756.2456,27534.0,-0.9575,18021.5088,0.65452,5227.1396,BUY,False,NONE,0.25,NONE,AGGRESSIVE_BUY
2010-06-25,2010,1255.45,NO_SWEEP,21310.9108,2737.0892,24048.0,-1.0327,18573.8216,0.77236,4664.3694,BUY,False,NONE,0.0,NONE,AGGRESSIVE_BUY
2010-06-28,2010,1238.65,NO_SWEEP,2914.6,26231.4,29146.0,-0.7877,-23316.8,-0.8,4282.0182,SELL,False,NONE,0.0,NONE,AGGRESSIVE_SELL
2010-06-29,2010,1240.3,NO_SWEEP,25604.1196,5685.8804,31290.0,-0.6164,19918.2393,0.63657,4725.0375,BUY,False,NONE,0.25,NONE,AGGRESSIVE_BUY
2010-06-30,2010,1242.13,NO_SWEEP,20857.862,8282.138,29140.0,-0.6457,12575.724,0.43156,4439.0055,BUY,False,NONE,0.25,NONE,AGGRESSIVE_BUY
2010-07-01,2010,1198.4,SELL_SIDE_SWEEP,3794.1,34146.9,37941.0,-0.1444,-30352.8,-0.8,3630.2055,SELL,False,NONE,0.0,NONE,AGGRESSIVE_SELL
2010-07-02,2010,1211.33,NO_SWEEP,31279.7446,3527.2554,34807.0,-0.2223,27752.4892,0.79732,4876.3541,BUY,False,NONE,0.0,NONE,AGGRESSIVE_BUY
2010-07-05,2010,1208.6,NO_SWEEP,3633.6527,11724.3473,15358.0,-1.2168,-8090.6946,-0.52681,4385.186,SELL,False,NONE,0.25,NONE,AGGRESSIVE_SELL
2010-07-06,2010,1192.3,SELL_SIDE_SWEEP,3171.0,28539.0,31710.0,-0.1467,-25368.0,-0.8,-1038.5026,SELL,False,NONE,0.0,NONE,AGGRESSIVE_SELL
2010-07-07,2010,1202.48,NO_SWEEP,26458.2,2939.8,29398.0,-0.2177,23518.4,0.8,-420.4303,BUY,False,NONE,0.0,NONE,AGGRESSIVE_BUY
2010-07-08,2010,1197.91,NO_SWEEP,9811.0301,17168.9699,26980.0,-0.3285,-7357.9398,-0.27272,1574.4273,SELL,False,NONE,0.25,NONE,AGGRESSIVE_SELL
2010-07-09,2010,1211.54,NO_SWEEP,21466.8,2385.2,23852.0,-0.8765,19081.6,0.8,1469.8473,BUY,False,NONE,0.0,NONE,AGGRESSIVE_BUY
2010-07-12,2010,1196.55,NO_SWEEP,2509.5,22585.5,25095.0,-0.5632,-20076.0,-0.8,-2611.6182,SELL,False,NONE,0.0,NONE,AGGRESSIVE_SELL
2010-07-13,2010,1212.03,NO_SWEEP,18511.8813,4361.1187,22873.0,-0.9431,14150.7627,0.61867,2951.3272,BUY,False,NONE,0.0,NONE,AGGRESSIVE_BUY
2010-07-14,2010,1208.16,NO_SWEEP,6446.2088,18196.7912,24643.0,-0.5399,-11750.5823,-0.47683,-1986.5568,SELL,False,NONE,0.25,NONE,AGGRESSIVE_SELL
2010-07-15,2010,1208.03,NO_SWEEP,6550.5694,22901.4306,29452.0,0.4293,-16350.8613,-0.55517,-3019.0776,SELL,False,NONE,0.25,NONE,AGGRESSIVE_SELL
2010-07-16,2010,1192.68,NO_SWEEP,5529.9113,23586.0887,29116.0,0.3096,-18056.1774,-0.62015,-2105.0998,SELL,False,NONE,0.0,NONE,AGGRESSIVE_SELL
2010-07-19,2010,1182.64,SELL_SIDE_SWEEP,5766.1648,22312.8352,28079.0,0.1128,-16546.6703,-0.58929,-7113.2336,SELL,False,NONE,0.0,NONE,AGGRESSIVE_SELL
2010-07-20,2010,1191.85,NO_SWEEP,26945.1,2993.9,29939.0,0.4886,23951.2,0.8,-3199.5911,BUY,False,NONE,0.0,NONE,AGGRESSIVE_BUY
2010-07-21,2010,1184.78,NO_SWEEP,2965.9,26693.1,29659.0,0.3596,-23727.2,-0.8,-8550.6911,SELL,False,NONE,0.0,NONE,AGGRESSIVE_SELL
2010-07-22,2010,1194.64,NO_SWEEP,21351.4368,5642.5632,26994.0,-0.2131,15708.8737,0.58194,-4077.5819,BUY,False,NONE,0.0,NONE,AGGRESSIVE_BUY
2010-07-23,2010,1188.82,NO_SWEEP,5176.2418,24298.7582,29475.0,0.2711,-19122.5163,-0.64877,-8236.7417,SELL,False,NONE,0.0,NONE,AGGRESSIVE_SELL
2010-07-26,2010,1183.3,NO_SWEEP,4387.7341,20905.2659,25293.0,-0.6045,-16517.5318,-0.65305,-8832.6104,SELL,False,NONE,0.0,NONE,AGGRESSIVE_SELL
2010-07-27,2010,1161.3,SELL_SIDE_SWEEP,2342.0,21078.0,23420.0,-0.9197,-18736.0,-0.8,-9130.7528,SELL,False,NONE,0.0,NONE,AGGRESSIVE_SELL
2010-07-28,2010,1163.0,NO_SWEEP,16923.4703,4970.5297,21894.0,-1.1347,11952.9405,0.54595,-5379.613,BUY,False,NONE,0.25,NONE,AGGRESSIVE_BUY
2010-07-29,2010,1167.8,NO_SWEEP,20511.9,2279.1,22791.0,-0.8974,18232.8,0.8,-1032.1792,BUY,False,NONE,0.0,NONE,AGGRESSIVE_BUY
2010-07-30,2010,1180.55,NO_SWEEP,22349.3938,2701.6062,25051.0,-0.2687,19647.7877,0.78431,-1570.1058,BUY,False,NONE,0.0,NONE,AGGRESSIVE_BUY
2010-08-02,2010,1182.48,NO_SWEEP,16605.2287,8241.7713,24847.0,-0.5924,8363.4574,0.3366,2441.2264,BUY,False,NONE,0.25,NONE,AGGRESSIVE_BUY
2010-08-03,2010,1185.88,NO_SWEEP,16053.4447,6517.5553,22571.0,-1.2969,9535.8894,0.42248,1669.6034,BUY,False,NONE,0.0,NONE,AGGRESSIVE_BUY
2010-08-04,2010,1194.52,NO_SWEEP,16015.5569,9911.4431,25927.0,0.0114,6104.1139,0.23543,4822.9321,BUY,False,NONE,0.0,NONE,AGGRESSIVE_BUY
2010-08-05,2010,1194.67,NO_SWEEP,7802.8033,14698.1967,22501.0,-1.1849,-6895.3934,-0.30645,6025.6994,SELL,False,NONE,0.25,NONE,AGGRESSIVE_SELL
2010-08-06,2010,1204.98,BUY_SIDE_SWEEP,17903.3268,5006.6732,22910.0,-0.9997,12896.6537,0.56293,9979.7811,BUY,False,NONE,0.0,NONE,AGGRESSIVE_BUY
2010-08-09,2010,1201.02,NO_SWEEP,2477.2521,16032.7479,18510.0,-2.1689,-13555.4958,-0.73233,6791.2266,SELL,False,NONE,0.0,NONE,AGGRESSIVE_SELL
2010-08-10,2010,1203.98,NO_SWEEP,21359.6096,3380.3904,24740.0,-0.211,17979.2192,0.72673,6759.529,BUY,False,NONE,0.25,NONE,AGGRESSIVE_BUY
2010-08-11,2010,1197.85,NO_SWEEP,7063.8618,20899.1382,27963.0,0.7694,-13835.2764,-0.49477,2574.146,SELL,False,NONE,0.25,NONE,AGGRESSIVE_SELL
2010-08-12,2010,1213.63,BUY_SIDE_SWEEP,22676.4,2519.6,25196.0,-0.0493,20156.8,0.8,4048.3138,BUY,False,NONE,0.0,NONE,AGGRESSIVE_BUY
2010-08-13,2010,1215.2,NO_SWEEP,18105.3539,5360.6461,23466.0,-0.5515,12744.7078,0.54311,4449.4161,BUY,False,NONE,0.25,NONE,AGGRESSIVE_BUY
2010-08-16,2010,1224.93,BUY_SIDE_SWEEP,17526.1798,2438.8202,19965.0,-1.5594,15087.3596,0.75569,5572.3218,BUY,False,NONE,0.0,NONE,AGGRESSIVE_BUY
2010-08-17,2010,1224.53,NO_SWEEP,4769.0421,15542.9579,20312.0,-1.3355,-10773.9158,-0.53042,5087.5065,SELL,False,NONE,0.25,NONE,AGGRESSIVE_SELL
2010-08-18,2010,1229.13,BUY_SIDE_SWEEP,18073.3888,3236.6112,21310.0,-0.9186,14836.7775,0.69624,5330.022,BUY,False,NONE,0.25,NONE,AGGRESSIVE_BUY
2010-08-19,2010,1231.71,NO_SWEEP,13125.7801,8974.2199,22100.0,-0.5477,4151.5602,0.18785,7543.404,BUY,False,NONE,0.25,NONE,AGGRESSIVE_BUY
2010-08-20,2010,1227.58,NO_SWEEP,8527.1829,14900.8171,23428.0,0.0998,-6373.6342,-0.27205,4499.2974,SELL,False,NONE,0.25,NONE,AGGRESSIVE_SELL
2010-08-23,2010,1225.83,NO_SWEEP,6059.2376,15179.7624,21239.0,-0.8142,-9120.5249,-0.42942,5088.6413,SELL,False,NONE,0.25,NONE,AGGRESSIVE_SELL
2010-08-24,2010,1230.28,NO_SWEEP,22809.9365,3796.0635,26606.0,1.49,19013.8729,0.71465,4945.7754,BUY,True,NONE,0.6,NONE,AGGRESSIVE_BUY
2010-08-25,2010,1239.8,BUY_SIDE_SWEEP,23458.5,2606.5,26065.0,1.1342,20852.0,0.8,5959.1869,BUY,False,NONE,0.35,NONE,AGGRESSIVE_BUY
2010-08-26,2010,1237.28,NO_SWEEP,5543.3042,18357.6958,23901.0,0.1985,-12814.3916,-0.53614,2471.468,SELL,False,NONE,0.25,NONE,AGGRESSIVE_SELL
2010-08-27,2010,1237.8,NO_SWEEP,17992.0939,7616.9061,25609.0,0.8989,10375.1877,0.40514,5115.106,BUY,False,NONE,0.0,NONE,AGGRESSIVE_BUY
2010-08-30,2010,1236.69,NO_SWEEP,8302.1306,8945.8694,17248.0,-2.1416,-643.7387,-0.03732,3180.0414,NEUTRAL,False,NONE,0.25,NONE,NEUTRAL
2010-08-31,2010,1247.2,BUY_SIDE_SWEEP,23137.2,2570.8,25708.0,0.89,20566.4,0.8,5231.8964,BUY,False,NONE,0.0,NONE,AGGRESSIVE_BUY
2010-09-01,2010,1243.9,NO_SWEEP,2467.4,22206.6,24674.0,0.5498,-19739.2,-0.8,3561.2007,SELL,False,NONE,0.25,NONE,AGGRESSIVE_SELL
2010-09-02,2010,1250.71,NO_SWEEP,20884.988,4027.012,24912.0,0.5883,16857.9761,0.6767,6808.5133,BUY,False,NONE,0.0,NONE,AGGRESSIVE_BUY
2010-09-03,2010,1246.34,NO_SWEEP,9235.9426,15045.0574,24281.0,0.3333,-5809.1147,-0.23925,3705.6399,SELL,False,NONE,0.25,NONE,AGGRESSIVE_SELL
2010-09-06,2010,1249.7,NO_SWEEP,7666.4386,1945.5614,9612.0,-3.3593,5720.8771,0.59518,1814.2495,BUY,False,NONE,0.0,NONE,AGGRESSIVE_BUY
2010-09-07,2010,1255.43,BUY_SIDE_SWEEP,17924.8822,4165.1178,22090.0,-0.1761,13759.7643,0.6229,5136.019,BUY,False,NONE,0.25,NONE,AGGRESSIVE_BUY
2010-09-08,2010,1254.8,NO_SWEEP,2420.6229,20175.3771,22596.0,0.0213,-17754.7542,-0.78575,1619.7762,SELL,False,NONE,0.25,NONE,AGGRESSIVE_SELL
2010-09-09,2010,1243.4,NO_SWEEP,2345.2,21106.8,23452.0,0.2754,-18761.6,-0.8,-644.9564,SELL,False,NONE,0.0,NONE,AGGRESSIVE_SELL
2010-09-10,2010,1245.75,NO_SWEEP,14307.9032,4334.0968,18642.0,-0.9341,9973.8065,0.53502,-1969.0306,BUY,False,NONE,0.25,NONE,AGGRESSIVE_BUY
2010-09-13,2010,1245.35,NO_SWEEP,15358.1698,6948.8302,22307.0,0.0006,8409.3396,0.37698,1549.5368,BUY,False,NONE,0.25,NONE,AGGRESSIVE_BUY
2010-09-14,2010,1267.94,BUY_SIDE_SWEEP,22799.4105,4520.5895,27320.0,1.2012,18278.8209,0.66906,1727.1424,BUY,False,NONE,0.35,NONE,AGGRESSIVE_BUY
2010-09-15,2010,1267.75,NO_SWEEP,9602.9541,15993.0459,25596.0,0.6953,-6390.0919,-0.24965,1654.5203,SELL,False,NONE,0.25,NONE,AGGRESSIVE_SELL
2010-09-16,2010,1274.93,BUY_SIDE_SWEEP,22563.0563,3765.9437,26329.0,0.8145,18797.1127,0.71393,3289.0497,BUY,False,NONE,0.0,NONE,AGGRESSIVE_BUY
2010-09-17,2010,1273.93,NO_SWEEP,3353.9095,20804.0905,24158.0,0.2606,-17450.1809,-0.72234,-612.1934,SELL,False,NONE,0.25,NONE,AGGRESSIVE_SELL
2010-09-20,2010,1277.93,NO_SWEEP,14264.1581,10233.8419,24498.0,0.3059,4030.3161,0.16452,2110.9404,NEUTRAL,False,NONE,0.25,NONE,NEUTRAL
2010-09-21,2010,1286.97,BUY_SIDE_SWEEP,26047.1502,3893.8498,29941.0,1.5531,22153.3003,0.7399,7225.3029,BUY,False,NONE,0.35,NONE,AGGRESSIVE_BUY
2010-09-22,2010,1291.09,BUY_SIDE_SWEEP,35197.8404,19168.1596,54366.0,3.719,16029.6808,0.29485,7982.2872,BUY,False,NONE,0.35,NONE,AGGRESSIVE_BUY
2010-09-23,2010,1292.13,NO_SWEEP,44839.2905,17720.7095,62560.0,3.1342,27118.5809,0.43348,10320.9424,BUY,True,NONE,0.6,NONE,AGGRESSIVE_BUY
2010-09-24,2010,1296.18,BUY_SIDE_SWEEP,46088.6166,19444.3834,65533.0,2.5903,26644.2331,0.40658,11366.6189,BUY,True,NONE,0.6,NONE,AGGRESSIVE_BUY
2010-09-27,2010,1294.12,NO_SWEEP,5230.1,47070.9,52301.0,1.4699,-41840.8,-0.8,6935.2804,SELL,True,NONE,0.6,NONE,AGGRESSIVE_SELL
2010-09-28,2010,1308.7,BUY_SIDE_SWEEP,64411.2,7156.8,71568.0,2.2481,57254.4,0.8,11742.4413,BUY,False,NONE,0.35,NONE,AGGRESSIVE_BUY
2010-09-29,2010,1309.48,NO_SWEEP,40106.9996,20480.0004,60587.0,1.4314,19626.9992,0.32395,16377.0888,BUY,True,NONE,0.6,NONE,AGGRESSIVE_BUY
2010-09-30,2010,1307.94,NO_SWEEP,24891.3672,9350.6328,34242.0,-0.0476,15540.7343,0.45385,17815.8911,BUY,False,NONE,0.25,NONE,AGGRESSIVE_BUY
2010-10-01,2010,1318.72,BUY_SIDE_SWEEP,53052.3,5894.7,58947.0,1.1934,47157.6,0.8,20941.4285,BUY,False,NONE,0.35,NONE,AGGRESSIVE_BUY
2010-10-04,2010,1314.95,NO_SWEEP,13417.3288,41224.6712,54642.0,0.8736,-27807.3424,-0.5089,15461.8006,SELL,False,NONE,0.0,NONE,AGGRESSIVE_SELL
2010-10-05,2010,1340.36,BUY_SIDE_SWEEP,59124.6,6569.4,65694.0,1.338,52555.2,0.8,18641.378,BUY,False,NONE,0.35,NONE,AGGRESSIVE_BUY
2010-10-06,2010,1348.63,BUY_SIDE_SWEEP,66885.3,7431.7,74317.0,1.5972,59453.6,0.8,22742.5489,BUY,False,NONE,0.35,NONE,AGGRESSIVE_BUY
2010-10-08,2010,1347.21,NO_SWEEP,70673.4,7852.6,78526.0,1.6049,62820.8,0.8,35825.2489,BUY,False,NONE,0.35,NONE,AGGRESSIVE_BUY
2010-10-11,2010,1353.77,BUY_SIDE_SWEEP,58929.3,6547.7,65477.0,0.8608,52381.6,0.8,35216.1489,BUY,False,NONE,0.25,NONE,AGGRESSIVE_BUY
2010-10-12,2010,1350.15,NO_SWEEP,38020.8149,37919.1851,75940.0,1.2768,101.6297,0.00134,32775.4777,NEUTRAL,True,NONE,0.6,NONE,NEUTRAL
2010-10-13,2010,1371.87,BUY_SIDE_SWEEP,66360.6,7373.4,73734.0,1.0544,58987.2,0.8,38206.2859,BUY,False,NONE,0.35,NONE,AGGRESSIVE_BUY
2010-10-14,2010,1380.83,BUY_SIDE_SWEEP,62514.5655,22609.4345,85124.0,1.5038,39905.131,0.46879,37299.7273,BUY,False,NONE,0.35,NONE,AGGRESSIVE_BUY
2010-10-15,2010,1368.17,NO_SWEEP,13662.0856,63254.9144,76917.0,0.9786,-49592.8287,-0.64476,34576.5415,SELL,False,NONE,0.0,NONE,AGGRESSIVE_SELL
2010-10-18,2010,1368.2,NO_SWEEP,59887.6171,15770.3829,75658.0,0.841,44117.2341,0.58311,33521.7958,BUY,False,NONE,0.25,NONE,AGGRESSIVE_BUY
2010-10-19,2010,1331.68,NO_SWEEP,8078.2,72703.8,80782.0,1.1218,-64625.6,-0.8,18011.8958,SELL,False,NONE,0.35,NONE,AGGRESSIVE_SELL
2010-10-20,2010,1345.93,NO_SWEEP,72436.5,8048.5,80485.0,1.0823,64388.0,0.8,18207.7958,BUY,False,NONE,0.35,NONE,AGGRESSIVE_BUY
2010-10-21,2010,1325.39,NO_SWEEP,14385.6027,70146.3973,84532.0,1.2746,-55760.7946,-0.65964,4689.9964,SELL,False,NONE,0.35,NONE,AGGRESSIVE_SELL
2010-10-22,2010,1328.18,NO_SWEEP,63391.5,7043.5,70435.0,0.0953,56348.0,0.8,11720.7927,BUY,False,NONE,0.0,NONE,AGGRESSIVE_BUY
2010-10-25,2010,1339.65,NO_SWEEP,37721.8606,22447.1394,60169.0,-0.7162,15274.7211,0.25386,6256.7329,BUY,False,NONE,0.0,NONE,AGGRESSIVE_BUY
2010-10-26,2010,1339.3,NO_SWEEP,23524.0654,5462.9346,28987.0,-2.6378,18061.1308,0.62308,3526.2328,BUY,False,NONE,0.25,NONE,AGGRESSIVE_BUY
2010-10-27,2010,1324.72,NO_SWEEP,6614.9021,32653.0979,39268.0,-1.6898,-26038.1958,-0.66309,6470.562,SELL,False,NONE,0.0,NONE,AGGRESSIVE_SELL
2010-10-28,2010,1343.73,NO_SWEEP,28284.3,3142.7,31427.0,-1.8896,25141.6,0.8,4098.6077,BUY,False,NONE,0.0,NONE,AGGRESSIVE_BUY
2010-10-29,2010,1359.0,NO_SWEEP,25136.1,2792.9,27929.0,-2.003,22343.2,0.8,14969.7077,BUY,False,NONE,0.0,NONE,AGGRESSIVE_BUY
2010-11-01,2010,1352.65,NO_SWEEP,4166.7073,21865.2927,26032.0,-1.834,-17698.5854,-0.67988,4708.8845,SELL,False,NONE,0.0,NONE,AGGRESSIVE_SELL
2010-11-02,2010,1356.3,NO_SWEEP,18559.2064,6046.7936,24606.0,-1.6938,12512.4128,0.50851,13243.0354,BUY,False,NONE,0.25,NONE,AGGRESSIVE_BUY
2010-11-03,2010,1347.95,NO_SWEEP,15442.4733,22720.5267,38163.0,-0.9798,-7278.0534,-0.19071,5289.7788,SELL,False,NONE,0.25,NONE,AGGRESSIVE_SELL
2010-11-04,2010,1391.2,BUY_SIDE_SWEEP,29638.8,3293.2,32932.0,-1.0982,26345.6,0.8,6673.6386,BUY,False,NONE,0.0,NONE,AGGRESSIVE_BUY
2010-11-05,2010,1393.25,NO_SWEEP,25157.5296,3939.4704,29097.0,-1.143,21218.0593,0.72922,7068.2547,BUY,False,NONE,0.25,NONE,AGGRESSIVE_BUY
2010-11-08,2010,1409.25,BUY_SIDE_SWEEP,30660.3,3406.7,34067.0,-0.8466,27253.6,0.8,13729.7292,BUY,False,NONE,0.0,NONE,AGGRESSIVE_BUY
2010-11-09,2010,1392.37,NO_SWEEP,6296.3081,32094.6919,38391.0,-0.5895,-25798.3837,-0.67199,7362.2312,SELL,False,NONE,0.25,NONE,AGGRESSIVE_SELL
2010-11-10,2010,1402.9,NO_SWEEP,29289.7421,6889.2579,36179.0,-0.6127,22400.4843,0.61916,7369.3917,BUY,False,NONE,0.25,NONE,AGGRESSIVE_BUY
2010-11-11,2010,1412.0,NO_SWEEP,10519.2,1168.8,11688.0,-1.5338,9350.4,0.8,10750.5149,BUY,False,NONE,0.0,NONE,AGGRESSIVE_BUY
2010-11-15,2010,1360.3,NO_SWEEP,6892.1485,36740.8515,43633.0,-0.0507,-29848.7031,-0.68409,5455.3754,SELL,False,NONE,0.0,NONE,AGGRESSIVE_SELL
2010-11-16,2010,1337.65,NO_SWEEP,7173.0976,36707.9024,43881.0,0.0368,-29534.8049,-0.67307,2673.2815,SELL,False,NONE,0.0,NONE,AGGRESSIVE_SELL
2010-11-17,2010,1335.6,NO_SWEEP,10185.3207,31495.6793,41681.0,0.0273,-21310.3585,-0.51127,-3283.7133,SELL,False,NONE,0.25,NONE,AGGRESSIVE_SELL
2010-11-18,2010,1353.75,NO_SWEEP,28269.7824,7175.2176,35445.0,-0.2171,21094.5649,0.59514,-3299.1501,BUY,False,NONE,0.0,NONE,AGGRESSIVE_BUY
2010-11-19,2010,1353.15,NO_SWEEP,15935.2292,24048.7708,39984.0,0.2697,-8113.5416,-0.20292,-7720.0428,SELL,False,NONE,0.0,NONE,AGGRESSIVE_SELL
2010-11-22,2010,1365.97,NO_SWEEP,31958.1,3550.9,35509.0,0.0591,28407.2,0.8,-944.3449,BUY,False,NONE,0.0,NONE,AGGRESSIVE_BUY
2010-11-23,2010,1375.0,NO_SWEEP,29555.5212,7055.4788,36611.0,0.381,22500.0425,0.61457,-931.9001,BUY,False,NONE,0.0,NONE,AGGRESSIVE_BUY
2010-11-24,2010,1372.35,NO_SWEEP,5612.6407,24580.3593,30193.0,-0.4917,-18967.7187,-0.62822,-4471.6649,SELL,False,NONE,0.25,NONE,AGGRESSIVE_SELL
2010-11-25,2010,1374.6,NO_SWEEP,18181.8,2020.2,20202.0,-1.6131,16161.6,0.8,1279.623,BUY,False,NONE,0.25,NONE,AGGRESSIVE_BUY
2010-11-26,2010,1363.1,NO_SWEEP,9128.1902,15637.8098,24766.0,-0.9664,-6509.6195,-0.26285,4157.7711,SELL,False,NONE,0.0,NONE,AGGRESSIVE_SELL
2010-11-29,2010,1366.65,NO_SWEEP,23438.6258,2921.3742,26360.0,-0.7538,20517.2516,0.77835,9386.2224,BUY,False,NONE,0.0,NONE,AGGRESSIVE_BUY
2010-11-30,2010,1386.4,BUY_SIDE_SWEEP,26143.2,2904.8,29048.0,-0.446,23238.4,0.8,9654.2018,BUY,False,NONE,0.0,NONE,AGGRESSIVE_BUY
2010-12-01,2010,1386.6,NO_SWEEP,15900.155,14356.845,30257.0,-0.3384,1543.3101,0.05101,10861.3082,NEUTRAL,False,NONE,0.25,NONE,NEUTRAL
2010-12-02,2010,1384.65,NO_SWEEP,3513.2,31618.8,35132.0,0.3071,-28105.6,-0.8,3797.2082,SELL,False,NONE,0.25,NONE,AGGRESSIVE_SELL
2010-12-03,2010,1413.4,BUY_SIDE_SWEEP,27612.0,3068.0,30680.0,-0.2526,24544.0,0.8,4052.7029,BUY,False,NONE,0.0,NONE,AGGRESSIVE_BUY
2010-12-06,2010,1422.75,BUY_SIDE_SWEEP,25055.9278,5073.0722,30129.0,-0.3311,19982.8557,0.66324,8921.5247,BUY,False,NONE,0.0,NONE,AGGRESSIVE_BUY
2010-12-07,2010,1400.9,NO_SWEEP,3470.6272,31097.3728,34568.0,0.239,-27626.7456,-0.7992,3447.9815,SELL,False,NONE,0.0,NONE,AGGRESSIVE_SELL
2010-12-08,2010,1381.0,NO_SWEEP,9340.0686,34835.9314,44176.0,1.3868,-25495.8629,-0.57714,1074.7011,SELL,False,NONE,0.35,NONE,AGGRESSIVE_SELL
2010-12-09,2010,1387.15,NO_SWEEP,22482.9779,12736.0221,35219.0,0.2813,9746.9557,0.27675,-271.5859,BUY,False,NONE,0.25,NONE,AGGRESSIVE_BUY
2010-12-10,2010,1385.7,NO_SWEEP,15647.044,16984.956,32632.0,-0.2147,-1337.912,-0.041,-3343.6249,NEUTRAL,False,NONE,0.25,NONE,NEUTRAL
2010-12-14,2010,1395.4,NO_SWEEP,3769.8174,19664.1826,23434.0,-1.4963,-15894.3652,-0.67826,-5523.3343,SELL,False,NONE,0.0,NONE,AGGRESSIVE_SELL
2010-12-15,2010,1380.6,NO_SWEEP,3197.8756,26192.1244,29390.0,-0.4867,-22994.2487,-0.78238,-4884.4154,SELL,False,NONE,0.0,NONE,AGGRESSIVE_SELL
2010-12-16,2010,1370.95,SELL_SIDE_SWEEP,8240.4683,21925.5317,30166.0,-0.2769,-13685.0634,-0.45366,-9663.0483,SELL,False,NONE,0.0,NONE,AGGRESSIVE_SELL
2010-12-17,2010,1374.85,NO_SWEEP,23613.887,5503.113,29117.0,-0.4128,18110.774,0.622,-9897.0585,BUY,False,NONE,0.0,NONE,AGGRESSIVE_BUY
2010-12-20,2010,1385.01,NO_SWEEP,50261.201,10372.799,60634.0,3.4213,39888.402,0.65786,-1457.6651,BUY,True,NONE,0.6,NONE,AGGRESSIVE_BUY
2010-12-21,2010,1385.28,NO_SWEEP,36548.581,26438.419,62987.0,2.7541,10110.162,0.16051,2993.088,NEUTRAL,True,NONE,0.6,NONE,NEUTRAL
2010-12-22,2010,1385.15,NO_SWEEP,11464.97,47393.03,58858.0,2.0092,-35928.06,-0.61042,-2716.2889,SELL,False,NONE,0.35,NONE,AGGRESSIVE_SELL
2010-12-23,2010,1379.65,NO_SWEEP,19752.2624,40875.7376,60628.0,1.8464,-21123.4751,-0.34841,-5189.4843,SELL,False,NONE,0.35,NONE,AGGRESSIVE_SELL
2010-12-24,2010,1383.0,NO_SWEEP,1631.6819,335.3181,1967.0,-2.2755,1296.3638,0.65906,-3040.6432,BUY,False,NONE,0.25,NONE,AGGRESSIVE_BUY
2010-12-27,2010,1383.29,NO_SWEEP,53590.724,6674.276,60265.0,1.4866,46916.4481,0.7785,5698.1939,BUY,False,NONE,0.35,NONE,AGGRESSIVE_BUY
2010-12-28,2010,1405.3,NO_SWEEP,34676.1,3852.9,38529.0,0.0418,30823.2,0.8,11261.7268,BUY,False,NONE,0.0,NONE,AGGRESSIVE_BUY
2010-12-29,2010,1411.25,BUY_SIDE_SWEEP,26945.5767,4057.4233,31003.0,-0.4594,22888.1535,0.73826,11858.8993,BUY,False,NONE,0.0,NONE,AGGRESSIVE_BUY
2010-12-30,2010,1404.37,NO_SWEEP,3033.2,27298.8,30332.0,-0.5039,-24265.6,-0.8,3839.649,SELL,False,NONE,0.0,NONE,AGGRESSIVE_SELL
2010-12-31,2010,1408.13,NO_SWEEP,3300.07,671.93,3972.0,-1.919,2628.14,0.66167,2904.3963,BUY,False,NONE,0.0,NONE,AGGRESSIVE_BUY
2011-01-03,2011,1414.54,BUY_SIDE_SWEEP,3754.1818,31792.8182,35547.0,-0.067,-28038.6364,-0.78878,3890.5742,SELL,True,SELL,0.65,BUY_BREAKOUT_ABSORBED,ICEBERG_SELL
2011-01-04,2011,1380.3,NO_SWEEP,4526.6,40739.4,45266.0,0.4635,-36212.8,-0.8,2004.4086,SELL,False,NONE,0.0,NONE,AGGRESSIVE_SELL
2011-01-05,2011,1377.98,NO_SWEEP,24073.3277,26437.6723,50511.0,0.7174,-2364.3447,-0.04681,1546.8201,NEUTRAL,False,NONE,0.25,NONE,NEUTRAL
2011-01-06,2011,1371.31,NO_SWEEP,14161.4771,31641.5229,45803.0,0.4368,-17480.0457,-0.38164,-6502.7417,SELL,False,NONE,0.25,NONE,AGGRESSIVE_SELL
2011-01-07,2011,1368.78,NO_SWEEP,21479.9208,27782.0792,49262.0,0.5925,-6302.1585,-0.12793,-11143.4115,NEUTRAL,False,NONE,0.25,NONE,NEUTRAL
2011-01-10,2011,1375.19,NO_SWEEP,37406.7,4156.3,41563.0,0.1219,33250.4,0.8,-9848.1307,BUY,False,NONE,0.0,NONE,AGGRESSIVE_BUY
2011-01-11,2011,1381.22,NO_SWEEP,31681.8901,12167.1099,43849.0,0.1997,19514.7802,0.44505,-4375.5831,BUY,False,NONE,0.0,NONE,AGGRESSIVE_BUY
2011-01-12,2011,1387.52,NO_SWEEP,39145.5,4349.5,43495.0,0.1384,34796.0,0.8,-354.6006,BUY,False,NONE,0.0,NONE,AGGRESSIVE_BUY
2011-01-13,2011,1373.27,NO_SWEEP,6818.2893,54306.7107,61125.0,1.0809,-47488.4214,-0.77691,-2785.8238,SELL,False,NONE,0.35,NONE,AGGRESSIVE_SELL
2011-01-14,2011,1361.78,NO_SWEEP,17617.4436,66987.5564,84605.0,2.0601,-49370.1128,-0.58354,-4430.4879,SELL,False,NONE,0.35,NONE,AGGRESSIVE_SELL
2011-01-17,2011,1362.24,NO_SWEEP,24141.824,33114.176,57256.0,0.6319,-8972.352,-0.15671,-5256.4888,NEUTRAL,False,NONE,0.25,NONE,NEUTRAL
2011-01-18,2011,1367.91,NO_SWEEP,50955.2041,32152.7959,83108.0,1.8148,18802.4082,0.22624,-721.182,BUY,False,NONE,0.35,NONE,AGGRESSIVE_BUY
2011-01-19,2011,1369.68,NO_SWEEP,38837.5082,46565.4918,85403.0,1.7275,-7727.9835,-0.09049,-899.4102,NEUTRAL,True,NONE,0.6,NONE,NEUTRAL
2011-01-20,2011,1345.88,SELL_SIDE_SWEEP,9385.0,84465.0,93850.0,1.8605,-75080.0,-0.8,-14440.7102,SELL,False,NONE,0.35,NONE,AGGRESSIVE_SELL
2011-01-21,2011,1342.35,SELL_SIDE_SWEEP,24379.7046,67099.2954,91479.0,1.6377,-42719.5908,-0.46699,-22220.0066,SELL,False,NONE,0.35,NONE,AGGRESSIVE_SELL
2011-01-24,2011,1334.02,SELL_SIDE_SWEEP,7813.4,70320.6,78134.0,0.9939,-62507.2,-0.8,-34382.9066,SELL,False,NONE,0.0,NONE,AGGRESSIVE_SELL
2011-01-25,2011,1331.98,SELL_SIDE_SWEEP,37528.0038,52435.9962,89964.0,1.3365,-14907.9924,-0.16571,-30310.3529,NEUTRAL,False,NONE,0.35,NONE,NEUTRAL
2011-01-26,2011,1345.44,NO_SWEEP,71478.9,7942.1,79421.0,0.8173,63536.8,0.8,-16196.9888,BUY,False,NONE,0.0,NONE,AGGRESSIVE_BUY
2011-01-27,2011,1313.45,SELL_SIDE_SWEEP,6544.9,58904.1,65449.0,0.1723,-52359.2,-0.8,-21620.3448,SELL,False,NONE,0.0,NONE,AGGRESSIVE_SELL
2011-01-28,2011,1336.31,NO_SWEEP,70780.6546,16558.3454,87339.0,1.1015,54222.3092,0.62083,-17192.8572,BUY,False,NONE,0.35,NONE,AGGRESSIVE_BUY
2011-01-31,2011,1332.4,NO_SWEEP,28430.4359,65534.5641,93965.0,1.3126,-37104.1282,-0.39487,-20864.8753,SELL,False,NONE,0.35,NONE,AGGRESSIVE_SELL
2011-02-01,2011,1340.96,NO_SWEEP,85338.9,9482.1,94821.0,1.2267,75856.8,0.8,-1997.7753,BUY,False,NONE,0.35,NONE,AGGRESSIVE_BUY
2011-02-02,2011,1334.82,NO_SWEEP,31421.2474,57036.7526,88458.0,0.8112,-25615.5052,-0.28958,140.2354,SELL,False,NONE,0.0,NONE,AGGRESSIVE_SELL
2011-02-03,2011,1353.95,NO_SWEEP,82085.4,9120.6,91206.0,0.8664,72964.8,0.8,17074.2354,BUY,False,NONE,0.0,NONE,AGGRESSIVE_BUY
2011-02-04,2011,1348.65,NO_SWEEP,16740.9385,67919.0615,84660.0,0.4378,-51178.123,-0.60451,12540.4691,SELL,False,NONE,0.25,NONE,AGGRESSIVE_SELL
2011-02-07,2011,1350.9,NO_SWEEP,61278.0166,13535.9834,74814.0,-0.2435,47742.0331,0.63814,10566.1232,BUY,False,NONE,0.0,NONE,AGGRESSIVE_BUY
2011-02-08,2011,1363.52,BUY_SIDE_SWEEP,69903.4349,12405.5651,82309.0,0.1313,57497.8698,0.69856,24298.257,BUY,False,NONE,0.0,NONE,AGGRESSIVE_BUY
2011-02-09,2011,1363.31,NO_SWEEP,59991.412,23787.588,83779.0,0.1172,36203.824,0.43213,22045.9463,BUY,False,NONE,0.25,NONE,AGGRESSIVE_BUY
2011-02-10,2011,1363.44,NO_SWEEP,71900.9322,8873.0678,80774.0,-0.3,63027.8644,0.7803,34562.4454,BUY,False,NONE,0.25,NONE,AGGRESSIVE_BUY
2011-02-11,2011,1356.63,NO_SWEEP,10248.2169,66736.7831,76985.0,-0.6622,-56488.5662,-0.73376,18019.2746,SELL,False,NONE,0.0,NONE,AGGRESSIVE_SELL
2011-02-14,2011,1361.48,NO_SWEEP,25556.3695,10089.6305,35646.0,-3.6138,15466.739,0.4339,23154.5551,BUY,False,NONE,0.0,NONE,AGGRESSIVE_BUY
2011-02-15,2011,1373.45,BUY_SIDE_SWEEP,27632.8125,4200.1875,31833.0,-2.8259,23432.625,0.73611,16963.0333,BUY,False,NONE,0.0,NONE,AGGRESSIVE_BUY
2011-02-16,2011,1374.1,NO_SWEEP,22783.7415,14495.2585,37279.0,-2.0809,8288.483,0.22234,24396.359,BUY,False,NONE,0.25,NONE,AGGRESSIVE_BUY
2011-02-17,2011,1383.67,BUY_SIDE_SWEEP,53223.3,5913.7,59137.0,-0.8493,47309.6,0.8,24342.3049,BUY,False,NONE,0.0,NONE,AGGRESSIVE_BUY
2011-02-18,2011,1389.79,BUY_SIDE_SWEEP,37703.6265,5663.3735,43367.0,-1.4838,32040.253,0.73882,21160.1028,BUY,False,NONE,0.0,NONE,AGGRESSIVE_BUY
2011-02-21,2011,1405.83,BUY_SIDE_SWEEP,42053.4,4672.6,46726.0,-1.1917,37380.8,0.8,21307.2248,BUY,False,NONE,0.0,NONE,AGGRESSIVE_BUY
2011-02-22,2011,1398.78,NO_SWEEP,22386.3249,72096.6751,94483.0,1.0924,-49710.3502,-0.52613,7214.9479,SELL,False,NONE,0.35,NONE,AGGRESSIVE_SELL
2011-02-23,2011,1411.3,BUY_SIDE_SWEEP,69151.4038,14323.5962,83475.0,0.5542,54827.8076,0.65682,21129.4947,BUY,False,NONE,0.0,NONE,AGGRESSIVE_BUY
2011-02-24,2011,1402.47,NO_SWEEP,25864.1753,67790.8247,93655.0,0.9503,-41926.6493,-0.44767,13955.3211,SELL,False,NONE,0.0,NONE,AGGRESSIVE_SELL
2011-02-25,2011,1410.15,NO_SWEEP,74869.2,8318.8,83188.0,0.4755,66550.4,0.8,19345.043,BUY,False,NONE,0.0,NONE,AGGRESSIVE_BUY
2011-02-28,2011,1411.12,NO_SWEEP,34101.5294,53210.4706,87312.0,0.693,-19108.9412,-0.21886,15920.365,SELL,False,NONE,0.25,NONE,AGGRESSIVE_SELL
2011-03-01,2011,1433.0,BUY_SIDE_SWEEP,78310.8,8701.2,87012.0,0.7089,69609.6,0.8,18707.865,BUY,False,NONE,0.0,NONE,AGGRESSIVE_BUY
2011-03-02,2011,1434.1,NO_SWEEP,57870.8402,28525.1598,86396.0,0.6867,29345.6804,0.33966,18371.0434,BUY,False,NONE,0.25,NONE,AGGRESSIVE_BUY
2011-03-03,2011,1415.7,NO_SWEEP,14229.1321,79644.8679,93874.0,1.0354,-65415.7358,-0.69685,5521.4764,SELL,False,NONE,0.35,NONE,AGGRESSIVE_SELL
2011-03-04,2011,1430.64,NO_SWEEP,77364.0,8596.0,85960.0,0.6506,68768.0,0.8,20331.2702,BUY,False,NONE,0.0,NONE,AGGRESSIVE_BUY
2011-03-07,2011,1431.71,NO_SWEEP,14838.6996,79919.3004,94758.0,0.998,-65080.6009,-0.68681,5342.7192,SELL,False,NONE,0.25,NONE,AGGRESSIVE_SELL
2011-03-08,2011,1428.67,NO_SWEEP,26236.5296,64846.4704,91083.0,0.7959,-38609.9409,-0.4239,5757.3077,SELL,False,NONE,0.25,NONE,AGGRESSIVE_SELL
2011-03-09,2011,1430.64,NO_SWEEP,57530.7118,23176.2882,80707.0,0.3251,34354.4235,0.42567,1732.8107,BUY,False,NONE,0.25,NONE,AGGRESSIVE_BUY
2011-03-10,2011,1411.45,NO_SWEEP,18809.7288,70353.2712,89163.0,0.6901,-51543.5425,-0.57808,-2321.5145,SELL,False,NONE,0.0,NONE,AGGRESSIVE_SELL
2011-03-11,2011,1417.2,NO_SWEEP,69851.6945,22500.3055,92352.0,0.7882,47351.3891,0.51273,-5103.7909,BUY,False,NONE,0.25,NONE,AGGRESSIVE_BUY
2011-03-14,2011,1423.88,NO_SWEEP,28419.1574,61005.8426,89425.0,0.5801,-32586.6853,-0.3644,-12845.3366,SELL,False,NONE,0.25,NONE,AGGRESSIVE_SELL
2011-03-15,2011,1399.83,SELL_SIDE_SWEEP,33066.5091,79232.4909,112299.0,1.6235,-46165.9818,-0.4111,-10439.1173,SELL,False,NONE,0.35,NONE,AGGRESSIVE_SELL
2011-03-16,2011,1399.39,NO_SWEEP,67562.218,33060.782,100623.0,0.9698,34501.436,0.34288,-14722.4378,BUY,False,NONE,0.0,NONE,AGGRESSIVE_BUY
2011-03-17,2011,1402.1,NO_SWEEP,88053.3082,11187.6918,99241.0,0.8033,76865.6164,0.77453,3020.8393,BUY,False,NONE,0.0,NONE,AGGRESSIVE_BUY
2011-03-18,2011,1418.16,NO_SWEEP,29441.4883,7948.5117,37390.0,-2.9904,21492.9765,0.57483,10533.704,BUY,False,NONE,0.0,NONE,AGGRESSIVE_BUY
2011-03-21,2011,1426.75,NO_SWEEP,6886.0027,6910.9973,13797.0,-3.3418,-24.9946,-0.00181,6236.2767,NEUTRAL,False,NONE,0.25,NONE,NEUTRAL
2011-03-22,2011,1428.31,NO_SWEEP,14071.2419,3538.7581,17610.0,-2.4701,10532.4837,0.5981,13995.78,BUY,False,NONE,0.25,NONE,AGGRESSIVE_BUY
2011-03-23,2011,1437.75,BUY_SIDE_SWEEP,12063.1063,1927.8937,13991.0,-2.1531,10135.2126,0.72441,9343.758,BUY,False,NONE,0.0,NONE,AGGRESSIVE_BUY
2011-03-24,2011,1430.75,NO_SWEEP,3197.7068,12314.2932,15512.0,-1.8064,-9116.5864,-0.58771,12277.5203,SELL,False,NONE,0.25,NONE,AGGRESSIVE_SELL
2011-03-25,2011,1429.32,NO_SWEEP,4795.0876,10290.9124,15086.0,-1.5981,-5495.8249,-0.3643,17361.2899,SELL,False,NONE,0.25,NONE,AGGRESSIVE_SELL
2011-03-28,2011,1419.92,NO_SWEEP,7596.0725,12110.9275,19707.0,-1.3113,-4514.855,-0.2291,12484.2536,SELL,False,NONE,0.25,NONE,AGGRESSIVE_SELL
2011-03-29,2011,1418.15,NO_SWEEP,7600.1527,10570.8473,18171.0,-1.2183,-2970.6946,-0.16349,2504.7147,NEUTRAL,False,NONE,0.25,NONE,NEUTRAL
2011-03-30,2011,1422.6,NO_SWEEP,13289.04,5167.96,18457.0,-1.0943,8121.08,0.44,833.2276,BUY,False,NONE,0.25,NONE,AGGRESSIVE_BUY
2011-03-31,2011,1431.9,NO_SWEEP,13045.0808,4871.9192,17917.0,-1.0027,8173.1617,0.45617,1857.9971,BUY,False,NONE,0.0,NONE,AGGRESSIVE_BUY
2011-04-01,2011,1428.35,NO_SWEEP,8382.4145,9330.5855,17713.0,-0.913,-948.171,-0.05353,422.9153,NEUTRAL,False,NONE,0.25,NONE,NEUTRAL
2011-04-04,2011,1433.65,NO_SWEEP,9735.8891,4426.1109,14162.0,-0.9098,5309.7782,0.37493,-180.264,BUY,False,NONE,0.0,NONE,AGGRESSIVE_BUY
2011-04-05,2011,1455.6,BUY_SIDE_SWEEP,16886.7,1876.3,18763.0,-0.7079,15010.4,0.8,2835.6093,BUY,False,NONE,0.0,NONE,AGGRESSIVE_BUY
2011-04-06,2011,1459.35,BUY_SIDE_SWEEP,15894.7681,3296.2319,19191.0,-0.6226,12598.5361,0.65648,5097.4044,BUY,False,NONE,0.0,NONE,AGGRESSIVE_BUY
2011-04-07,2011,1457.8,NO_SWEEP,4588.8585,10343.1415,14932.0,-0.6595,-5754.2829,-0.38537,4942.4759,SELL,False,NONE,0.25,NONE,AGGRESSIVE_SELL
2011-04-08,2011,1474.53,BUY_SIDE_SWEEP,13356.9,1484.1,14841.0,-0.5847,11872.8,0.8,6797.9128,BUY,False,NONE,0.0,NONE,AGGRESSIVE_BUY
2011-04-11,2011,1462.9,NO_SWEEP,2548.0661,14355.9339,16904.0,-0.4455,-11807.8678,-0.69853,4306.7943,SELL,False,NONE,0.0,NONE,AGGRESSIVE_SELL
2011-04-12,2011,1452.6,NO_SWEEP,4551.4714,15570.5286,20122.0,-0.2429,-11019.0572,-0.54761,1907.7669,SELL,False,NONE,0.0,NONE,AGGRESSIVE_SELL
2011-04-13,2011,1456.97,NO_SWEEP,15215.3918,7374.6082,22590.0,0.0156,7840.7836,0.34709,3006.3862,BUY,False,NONE,0.0,NONE,AGGRESSIVE_BUY
2011-04-14,2011,1473.75,NO_SWEEP,21195.0,2355.0,23550.0,0.9902,18840.0,0.8,4697.664,BUY,False,NONE,0.0,NONE,AGGRESSIVE_BUY
2011-04-15,2011,1486.35,BUY_SIDE_SWEEP,16650.9,1850.1,18501.0,0.347,14800.8,0.8,4671.464,BUY,False,NONE,0.0,NONE,AGGRESSIVE_BUY
2011-04-18,2011,1495.0,BUY_SIDE_SWEEP,13574.7,1508.3,15083.0,-0.9879,12066.4,0.8,4604.947,BUY,False,NONE,0.0,NONE,AGGRESSIVE_BUY
2011-04-19,2011,1496.65,NO_SWEEP,1934.6995,392.3005,2327.0,-3.4444,1542.399,0.66283,5517.0322,BUY,False,NONE,0.25,NONE,AGGRESSIVE_BUY
2011-04-20,2011,1502.1,BUY_SIDE_SWEEP,1740.3819,589.6181,2330.0,-2.6547,1150.7637,0.49389,4176.7777,BUY,False,NONE,0.25,NONE,AGGRESSIVE_BUY
2011-04-21,2011,1504.95,NO_SWEEP,316.75,588.25,905.0,-2.3489,-271.5,-0.3,5618.8236,SELL,False,NONE,0.0,NONE,AGGRESSIVE_SELL
2011-04-25,2011,1508.43,BUY_SIDE_SWEEP,308.402,933.598,1242.0,-1.9528,-625.1959,-0.50338,6918.0563,SELL,False,NONE,0.0,NONE,AGGRESSIVE_SELL
2011-04-26,2011,1505.9,NO_SWEEP,8995.5,999.5,9995.0,-0.6304,7996.0,0.8,6937.4583,BUY,False,NONE,0.0,NONE,AGGRESSIVE_BUY
2011-04-27,2011,1526.65,BUY_SIDE_SWEEP,16382.7,1820.3,18203.0,0.548,14562.4,0.8,6402.7583,BUY,False,NONE,0.0,NONE,AGGRESSIVE_BUY
2011-04-28,2011,1535.75,BUY_SIDE_SWEEP,15088.2888,2036.7112,17125.0,0.4047,13051.5777,0.76214,6184.1056,BUY,False,NONE,0.0,NONE,AGGRESSIVE_BUY
2011-04-29,2011,1563.3,BUY_SIDE_SWEEP,13789.1416,1641.8584,15431.0,0.1794,12147.2832,0.7872,6194.216,BUY,False,NONE,0.0,NONE,AGGRESSIVE_BUY
2011-05-02,2011,1545.05,NO_SWEEP,2301.1092,16934.8908,19236.0,0.7159,-14633.7817,-0.76075,4172.1934,SELL,False,NONE,0.25,NONE,AGGRESSIVE_SELL
2011-05-03,2011,1535.55,NO_SWEEP,7352.1396,21945.8604,29298.0,1.8609,-14593.7208,-0.49811,2204.1328,SELL,True,NONE,0.6,NONE,AGGRESSIVE_SELL
2011-05-04,2011,1515.82,NO_SWEEP,6097.9753,26438.0247,32536.0,1.9691,-20340.0494,-0.62516,-304.4359,SELL,False,NONE,0.35,NONE,AGGRESSIVE_SELL
2011-05-05,2011,1473.9,SELL_SIDE_SWEEP,5763.9454,36619.0546,42383.0,2.4709,-30855.1092,-0.72801,-4083.175,SELL,False,NONE,0.35,NONE,AGGRESSIVE_SELL
2011-05-06,2011,1495.0,NO_SWEEP,35397.0,3933.0,39330.0,1.8616,31464.0,0.8,-1149.675,BUY,False,NONE,0.35,NONE,AGGRESSIVE_BUY
2011-05-09,2011,1512.85,NO_SWEEP,27962.1,3106.9,31069.0,1.0378,24855.2,0.8,136.925,BUY,False,NONE,0.35,NONE,AGGRESSIVE_BUY
2011-05-11,2011,1501.45,NO_SWEEP,4014.4841,26150.5159,30165.0,0.8859,-22136.0318,-0.73383,-4261.5262,SELL,False,NONE,0.0,NONE,AGGRESSIVE_SELL
2011-05-12,2011,1506.3,NO_SWEEP,25903.8,2878.2,28782.0,0.7239,23025.6,0.8,-2901.7366,BUY,False,NONE,0.25,NONE,AGGRESSIVE_BUY
2011-05-13,2011,1494.6,NO_SWEEP,6741.5979,20451.4021,27193.0,0.5696,-13709.8042,-0.50417,-2786.2394,SELL,False,NONE,0.25,NONE,AGGRESSIVE_SELL
2011-05-16,2011,1489.6,NO_SWEEP,1967.1183,17321.8817,19289.0,-0.06,-15354.7634,-0.79604,-2881.3698,SELL,False,NONE,0.25,NONE,AGGRESSIVE_SELL
2011-05-17,2011,1485.2,NO_SWEEP,7730.6438,13360.3562,21091.0,0.0771,-5629.7123,-0.26692,-1042.5776,SELL,False,NONE,0.25,NONE,AGGRESSIVE_SELL
2011-05-18,2011,1496.15,NO_SWEEP,16008.0737,3108.9263,19117.0,-0.1018,12899.1475,0.67475,4426.7045,BUY,False,NONE,0.0,NONE,AGGRESSIVE_BUY
2011-05-19,2011,1493.4,NO_SWEEP,8468.2172,13807.7828,22276.0,0.0811,-5339.5655,-0.2397,-173.7412,SELL,False,NONE,0.25,NONE,AGGRESSIVE_SELL
2011-05-20,2011,1512.85,NO_SWEEP,27135.0,3015.0,30150.0,0.6935,24120.0,0.8,-265.6412,BUY,False,NONE,0.0,NONE,AGGRESSIVE_BUY
2011-05-23,2011,1516.15,NO_SWEEP,27505.3739,3812.6261,31318.0,0.737,23692.7478,0.75652,5462.9562,BUY,False,NONE,0.25,NONE,AGGRESSIVE_BUY
2011-05-24,2011,1525.86,NO_SWEEP,26010.0,2890.0,28900.0,0.4059,23120.0,0.8,5474.7562,BUY,False,NONE,0.0,NONE,AGGRESSIVE_BUY
2011-05-25,2011,1524.75,NO_SWEEP,6099.8691,19469.1309,25569.0,-0.119,-13369.2619,-0.52287,5517.324,SELL,False,NONE,0.25,NONE,AGGRESSIVE_SELL
2011-05-26,2011,1519.15,NO_SWEEP,4776.4629,19142.5371,23919.0,-0.4012,-14366.0742,-0.60061,5640.9102,SELL,False,NONE,0.0,NONE,AGGRESSIVE_SELL
2011-05-27,2011,1535.96,BUY_SIDE_SWEEP,11916.0,1324.0,13240.0,-1.8271,10592.0,0.8,7668.6242,BUY,False,NONE,0.0,NONE,AGGRESSIVE_BUY
2011-05-30,2011,1537.95,NO_SWEEP,4036.1818,703.8182,4740.0,-2.5375,3332.3636,0.70303,6472.7762,BUY,False,NONE,0.0,NONE,AGGRESSIVE_BUY
2011-05-31,2011,1535.6,NO_SWEEP,2928.8422,7137.1578,10066.0,-1.7254,-4208.3157,-0.41807,6614.1825,SELL,False,NONE,0.25,NONE,AGGRESSIVE_SELL
2011-06-01,2011,1539.38,NO_SWEEP,8168.8148,4504.1852,12673.0,-1.2877,3664.6296,0.28917,4057.2612,BUY,False,NONE,0.25,NONE,AGGRESSIVE_BUY
2011-06-02,2011,1533.15,NO_SWEEP,8238.6699,13050.3301,21289.0,-0.3092,-4811.6602,-0.22602,494.2102,SELL,False,NONE,0.25,NONE,AGGRESSIVE_SELL
2011-06-03,2011,1542.15,NO_SWEEP,19972.9696,2378.0304,22351.0,-0.0949,17594.9392,0.78721,-196.4224,BUY,False,NONE,0.0,NONE,AGGRESSIVE_BUY
2011-06-06,2011,1544.6,NO_SWEEP,10225.1259,8902.8741,19128.0,-0.4089,1322.2518,0.06913,1640.0168,NEUTRAL,False,NONE,0.25,NONE,NEUTRAL
2011-06-07,2011,1543.55,NO_SWEEP,8056.0129,13131.9871,21188.0,-0.0619,-5075.9741,-0.23957,2801.2793,SELL,False,NONE,0.25,NONE,AGGRESSIVE_SELL
2011-06-08,2011,1537.0,NO_SWEEP,5197.256,13184.744,18382.0,-0.392,-7987.4879,-0.43453,478.8433,SELL,False,NONE,0.0,NONE,AGGRESSIVE_SELL
2011-06-09,2011,1543.85,NO_SWEEP,12420.6601,3795.3399,16216.0,-0.6351,8625.3202,0.5319,1140.4629,BUY,False,NONE,0.0,NONE,AGGRESSIVE_BUY
2011-06-10,2011,1531.12,NO_SWEEP,3111.0118,13320.9882,16432.0,-0.5319,-10209.9764,-0.62135,390.2553,SELL,False,NONE,0.0,NONE,AGGRESSIVE_SELL
2011-06-13,2011,1515.7,SELL_SIDE_SWEEP,2927.6649,15751.3351,18679.0,-0.1791,-12823.6703,-0.68653,-1670.7822,SELL,False,NONE,0.0,NONE,AGGRESSIVE_SELL
2011-06-14,2011,1523.6,NO_SWEEP,14140.2511,1885.7489,16026.0,-0.5467,12254.5021,0.76466,462.4881,BUY,False,NONE,0.0,NONE,AGGRESSIVE_BUY
2011-06-15,2011,1530.6,NO_SWEEP,17843.0646,2618.9354,20462.0,0.1247,15224.1292,0.74402,166.1368,BUY,False,NONE,0.25,NONE,AGGRESSIVE_BUY
2011-06-16,2011,1529.25,NO_SWEEP,17221.1604,18571.8396,35793.0,2.0935,-1350.6792,-0.03774,-167.9795,NEUTRAL,True,NONE,0.6,NONE,NEUTRAL
2011-06-17,2011,1539.38,NO_SWEEP,32558.4,3617.6,36176.0,1.971,28940.8,0.8,4084.1172,BUY,False,NONE,0.35,NONE,AGGRESSIVE_BUY
2011-06-20,2011,1540.33,NO_SWEEP,19929.0759,9428.9241,29358.0,1.1368,10500.1517,0.35766,6395.0722,BUY,True,NONE,0.6,NONE,AGGRESSIVE_BUY
2011-06-21,2011,1545.64,NO_SWEEP,22085.3064,4576.6936,26662.0,0.8152,17508.6127,0.65669,7505.4837,BUY,False,NONE,0.0,NONE,AGGRESSIVE_BUY
2011-06-22,2011,1548.82,NO_SWEEP,20194.0933,12237.9067,32432.0,1.4538,7956.1865,0.24532,9776.2541,BUY,True,NONE,0.6,NONE,AGGRESSIVE_BUY
2011-06-23,2011,1521.22,NO_SWEEP,7530.1208,37893.8792,45424.0,2.4432,-30363.7583,-0.66845,7583.7431,SELL,False,NONE,0.35,NONE,AGGRESSIVE_SELL
2011-06-24,2011,1502.29,SELL_SIDE_SWEEP,4283.0173,37875.9827,42159.0,1.8158,-33592.9655,-0.79682,1852.8096,SELL,False,NONE,0.35,NONE,AGGRESSIVE_SELL
2011-06-27,2011,1498.17,SELL_SIDE_SWEEP,26916.3902,49187.6098,76104.0,3.3384,-22271.2196,-0.29264,-2834.109,SELL,True,NONE,0.6,NONE,AGGRESSIVE_SELL
2011-06-28,2011,1500.86,NO_SWEEP,44673.1717,24336.8283,69010.0,2.3278,20336.3435,0.29469,-123.2311,BUY,False,NONE,0.35,NONE,AGGRESSIVE_BUY
2011-06-29,2011,1511.62,NO_SWEEP,60879.6,6764.4,67644.0,1.9229,54115.2,0.8,3023.5689,BUY,False,NONE,0.35,NONE,AGGRESSIVE_BUY
2011-06-30,2011,1500.0,NO_SWEEP,6953.1,62577.9,69531.0,1.752,-55624.8,-0.8,-5242.0501,SELL,False,NONE,0.35,NONE,AGGRESSIVE_SELL
2011-07-01,2011,1487.25,SELL_SIDE_SWEEP,18859.0205,52652.9795,71512.0,1.6214,-33793.959,-0.47256,-11654.8716,SELL,False,NONE,0.35,NONE,AGGRESSIVE_SELL
2011-07-05,2011,1515.51,NO_SWEEP,55456.2,6161.8,61618.0,1.0404,49294.4,0.8,-6487.5949,BUY,False,NONE,0.35,NONE,AGGRESSIVE_BUY
2011-07-06,2011,1528.48,NO_SWEEP,58950.1834,10487.8166,69438.0,1.2647,48462.3668,0.69792,3365.6708,BUY,False,NONE,0.35,NONE,AGGRESSIVE_BUY
2011-07-07,2011,1531.34,NO_SWEEP,58526.8708,13010.1292,71537.0,1.2274,45516.7416,0.63627,13254.3841,BUY,True,NONE,0.6,NONE,AGGRESSIVE_BUY
2011-07-08,2011,1543.75,NO_SWEEP,58731.3,6525.7,65257.0,0.8518,52205.6,0.8,22563.9866,BUY,False,NONE,0.0,NONE,AGGRESSIVE_BUY
2011-07-11,2011,1553.43,BUY_SIDE_SWEEP,57152.2127,10135.7873,67288.0,0.8594,47016.4253,0.69873,25898.9968,BUY,False,NONE,0.0,NONE,AGGRESSIVE_BUY
2011-07-12,2011,1567.89,BUY_SIDE_SWEEP,72497.7643,9242.2357,81740.0,1.4189,63255.5285,0.77386,27041.5379,BUY,False,NONE,0.35,NONE,AGGRESSIVE_BUY
2011-07-13,2011,1581.35,BUY_SIDE_SWEEP,63363.5603,14523.4397,77887.0,1.1429,48840.1205,0.62706,40099.653,BUY,False,NONE,0.35,NONE,AGGRESSIVE_BUY
2011-07-14,2011,1587.09,NO_SWEEP,52304.2148,24610.7852,76915.0,1.0145,27693.4296,0.36005,47785.5765,BUY,True,NONE,0.6,NONE,AGGRESSIVE_BUY
2011-07-15,2011,1592.79,NO_SWEEP,63658.8,7073.2,70732.0,0.594,56585.6,0.8,48696.9765,BUY,False,NONE,0.25,NONE,AGGRESSIVE_BUY
2011-07-18,2011,1604.86,BUY_SIDE_SWEEP,19815.3,2201.7,22017.0,-2.0289,17613.6,0.8,44840.8807,BUY,False,NONE,0.25,NONE,AGGRESSIVE_BUY
2011-07-19,2011,1588.03,NO_SWEEP,9451.1488,55498.8512,64950.0,0.2005,-46047.7024,-0.70897,33395.3252,SELL,False,NONE,0.0,NONE,AGGRESSIVE_SELL
2011-07-20,2011,1600.83,NO_SWEEP,64806.3,7200.7,72007.0,0.5356,57605.6,0.8,34070.3252,BUY,False,NONE,0.0,NONE,AGGRESSIVE_BUY
2011-07-21,2011,1590.49,NO_SWEEP,16224.933,62445.067,78670.0,0.9051,-46220.134,-0.58752,22415.7553,SELL,False,NONE,0.0,NONE,AGGRESSIVE_SELL
2011-07-22,2011,1600.85,NO_SWEEP,54299.9455,11530.0545,65830.0,-0.0964,42769.8911,0.6497,19855.0506,BUY,False,NONE,0.0,NONE,AGGRESSIVE_BUY
2011-07-25,2011,1613.93,BUY_SIDE_SWEEP,48973.0488,24281.9512,73255.0,0.3897,24691.0976,0.33706,16836.4227,BUY,False,NONE,0.25,NONE,AGGRESSIVE_BUY
2011-07-26,2011,1619.03,NO_SWEEP,62120.7,6902.3,69023.0,0.0624,55218.4,0.8,20277.044,BUY,False,NONE,0.0,NONE,AGGRESSIVE_BUY
2011-07-27,2011,1612.98,NO_SWEEP,10232.4094,56899.5906,67132.0,-0.0912,-46667.1812,-0.69516,7370.4464,SELL,False,NONE,0.25,NONE,AGGRESSIVE_SELL
2011-07-28,2011,1616.23,NO_SWEEP,58998.2693,10602.7307,69601.0,0.1114,48395.5386,0.69533,11218.1887,BUY,False,NONE,0.25,NONE,AGGRESSIVE_BUY
2011-07-29,2011,1626.27,NO_SWEEP,56819.5325,13682.4675,70502.0,0.1841,43137.065,0.61186,22366.2846,BUY,False,NONE,0.0,NONE,AGGRESSIVE_BUY
2011-08-01,2011,1619.78,NO_SWEEP,49602.0361,26656.9639,76259.0,0.6493,22945.0723,0.30088,18033.7187,BUY,False,NONE,0.0,NONE,AGGRESSIVE_BUY
2011-08-02,2011,1658.29,BUY_SIDE_SWEEP,68682.6,7631.4,76314.0,0.5918,61051.2,0.8,31442.6354,BUY,False,NONE,0.0,NONE,AGGRESSIVE_BUY
2011-08-03,2011,1660.87,BUY_SIDE_SWEEP,30138.1307,19245.8693,49384.0,-1.5031,10892.2615,0.22056,27457.9317,BUY,False,NONE,0.25,NONE,AGGRESSIVE_BUY
2011-08-04,2011,1646.86,NO_SWEEP,2918.4,26265.6,29184.0,-2.4396,-23347.2,-0.8,21453.1445,SELL,False,NONE,0.0,NONE,AGGRESSIVE_SELL
2011-08-05,2011,1665.12,NO_SWEEP,53914.8893,6957.1107,60872.0,-0.3356,46957.7786,0.77142,20420.5669,BUY,False,NONE,0.0,NONE,AGGRESSIVE_BUY
2011-08-08,2011,1717.9,BUY_SIDE_SWEEP,53046.0,5894.0,58940.0,-0.4331,47152.0,0.8,32147.9645,BUY,False,NONE,0.0,NONE,AGGRESSIVE_BUY
2011-08-09,2011,1738.4,BUY_SIDE_SWEEP,27705.3089,21267.6911,48973.0,-0.9821,6437.6178,0.13145,26903.2244,NEUTRAL,False,NONE,0.0,NONE,NEUTRAL
2011-08-10,2011,1792.09,BUY_SIDE_SWEEP,60629.4,6736.6,67366.0,0.2663,53892.8,0.8,28247.6913,BUY,False,NONE,0.0,NONE,AGGRESSIVE_BUY
2011-08-11,2011,1763.58,NO_SWEEP,24003.315,65768.685,89772.0,1.6357,-41765.3701,-0.46524,20158.886,SELL,False,NONE,0.35,NONE,AGGRESSIVE_SELL
2011-08-12,2011,1742.98,NO_SWEEP,19645.4082,43525.5918,63171.0,-0.0313,-23880.1836,-0.37802,9542.463,SELL,False,NONE,0.0,NONE,AGGRESSIVE_SELL
2011-08-15,2011,1765.33,NO_SWEEP,47447.1,5271.9,52719.0,-0.98,42175.2,0.8,13452.8303,BUY,False,NONE,0.0,NONE,AGGRESSIVE_BUY
2011-08-16,2011,1784.41,NO_SWEEP,39627.0,4403.0,44030.0,-1.4858,35224.0,0.8,20774.2303,BUY,False,NONE,0.0,NONE,AGGRESSIVE_BUY
2011-08-17,2011,1790.62,NO_SWEEP,33514.9583,7037.0417,40552.0,-1.5358,26477.9166,0.65294,18214.2476,BUY,False,NONE,0.25,NONE,AGGRESSIVE_BUY
2011-08-18,2011,1823.92,BUY_SIDE_SWEEP,38422.8,4269.2,42692.0,-1.2503,34153.6,0.8,16589.4476,BUY,False,NONE,0.0,NONE,AGGRESSIVE_BUY
2011-08-19,2011,1851.51,BUY_SIDE_SWEEP,49917.6336,23032.3664,72950.0,0.8053,26885.2672,0.36854,19145.4038,BUY,False,NONE,0.0,NONE,AGGRESSIVE_BUY
2011-08-22,2011,1896.45,BUY_SIDE_SWEEP,73303.2,8144.8,81448.0,1.3171,65158.4,0.8,20553.6038,BUY,False,NONE,0.35,NONE,AGGRESSIVE_BUY
2011-08-23,2011,1829.31,NO_SWEEP,8311.3,74801.7,83113.0,1.324,-66490.4,-0.8,17462.975,SELL,False,NONE,0.35,NONE,AGGRESSIVE_SELL
2011-08-24,2011,1759.89,NO_SWEEP,8598.1,77382.9,85981.0,1.3757,-68784.8,-0.8,11849.898,SELL,False,NONE,0.35,NONE,AGGRESSIVE_SELL
2011-08-25,2011,1770.07,NO_SWEEP,74463.3,8273.7,82737.0,1.1072,66189.6,0.8,14851.698,BUY,True,NONE,0.6,NONE,AGGRESSIVE_BUY
2011-08-26,2011,1825.27,NO_SWEEP,63495.9,7055.1,70551.0,0.3927,56440.8,0.8,17503.798,BUY,False,NONE,0.0,NONE,AGGRESSIVE_BUY
2011-08-29,2011,1786.78,NO_SWEEP,10796.3345,70888.6655,81685.0,1.0154,-60092.3309,-0.73566,6682.517,SELL,False,NONE,0.35,NONE,AGGRESSIVE_SELL
2011-08-30,2011,1834.24,NO_SWEEP,62274.6,6919.4,69194.0,0.3172,55355.2,0.8,9332.717,BUY,False,NONE,0.0,NONE,AGGRESSIVE_BUY
2011-08-31,2011,1824.56,NO_SWEEP,19189.2434,40792.7566,59982.0,-0.2564,-21603.5132,-0.36017,3271.6195,SELL,False,NONE,0.0,NONE,AGGRESSIVE_SELL
2011-09-01,2011,1825.93,NO_SWEEP,39092.3139,9002.6861,48095.0,-1.1218,30089.6279,0.62563,-1111.977,BUY,False,NONE,0.25,NONE,AGGRESSIVE_BUY
2011-09-02,2011,1881.92,NO_SWEEP,40329.0,4481.0,44810.0,-1.2343,35848.0,0.8,11680.323,BUY,False,NONE,0.0,NONE,AGGRESSIVE_BUY
2011-09-05,2011,1899.54,NO_SWEEP,31453.2,3494.8,34948.0,-1.6516,27958.4,0.8,23773.223,BUY,False,NONE,0.0,NONE,AGGRESSIVE_BUY
2011-09-06,2011,1875.63,NO_SWEEP,13784.865,57257.135,71042.0,0.3968,-43472.27,-0.61192,10065.4892,SELL,False,NONE,0.0,NONE,AGGRESSIVE_SELL
2011-09-07,2011,1816.93,NO_SWEEP,13563.0788,55816.9212,69380.0,0.292,-42253.8424,-0.60902,-2271.3411,SELL,False,NONE,0.0,NONE,AGGRESSIVE_SELL
2011-09-08,2011,1868.77,NO_SWEEP,56522.7,6280.3,62803.0,-0.0183,50242.4,0.8,11520.5003,BUY,False,NONE,0.0,NONE,AGGRESSIVE_BUY
2011-09-09,2011,1857.02,NO_SWEEP,25941.8091,42302.1909,68244.0,0.3076,-16360.3818,-0.23973,2556.0526,SELL,False,NONE,0.25,NONE,AGGRESSIVE_SELL
2011-09-12,2011,1815.87,NO_SWEEP,12150.8449,58503.1551,70654.0,0.4057,-46352.3102,-0.65605,-537.5471,SELL,False,NONE,0.0,NONE,AGGRESSIVE_SELL
2011-09-13,2011,1833.37,NO_SWEEP,56915.3565,9623.6435,66539.0,0.0774,47291.7131,0.71074,1612.7136,BUY,False,NONE,0.0,NONE,AGGRESSIVE_BUY
2011-09-14,2011,1819.3,NO_SWEEP,13152.8009,48910.1991,62063.0,-0.3124,-35757.3982,-0.57615,-7337.9612,SELL,False,NONE,0.0,NONE,AGGRESSIVE_SELL
2011-09-15,2011,1788.28,SELL_SIDE_SWEEP,12441.262,48270.738,60712.0,-0.5098,-35829.476,-0.59015,-15311.4457,SELL,False,NONE,0.0,NONE,AGGRESSIVE_SELL
2011-09-16,2011,1808.8,NO_SWEEP,46548.7116,8206.2884,54755.0,-0.8833,38342.4231,0.70025,-5084.6091,BUY,False,NONE,0.0,NONE,AGGRESSIVE_BUY
2011-09-19,2011,1777.55,NO_SWEEP,5615.1,50535.9,56151.0,-0.6974,-44920.8,-0.8,-5417.9788,SELL,False,NONE,0.0,NONE,AGGRESSIVE_SELL
2011-09-20,2011,1803.48,NO_SWEEP,49581.6397,7538.3603,57120.0,-0.5463,42043.2794,0.73605,-6442.8688,BUY,False,NONE,0.0,NONE,AGGRESSIVE_BUY
2011-09-21,2011,1781.87,NO_SWEEP,5965.8,53692.2,59658.0,-0.2567,-47726.4,-0.8,-10363.6211,SELL,False,NONE,0.0,NONE,AGGRESSIVE_SELL
2011-09-22,2011,1740.1,SELL_SIDE_SWEEP,15441.2672,59300.7328,74742.0,1.1767,-43859.4655,-0.58681,-10052.0155,SELL,False,NONE,0.35,NONE,AGGRESSIVE_SELL
2011-09-23,2011,1653.92,SELL_SIDE_SWEEP,10916.7209,67538.2791,78455.0,1.4282,-56621.5582,-0.72171,-23041.1744,SELL,False,NONE,0.35,NONE,AGGRESSIVE_SELL
2011-09-26,2011,1627.65,SELL_SIDE_SWEEP,48269.2194,46486.7806,94756.0,2.517,1782.4387,0.01881,-18348.6948,NEUTRAL,True,NONE,0.6,NONE,NEUTRAL
2011-09-27,2011,1650.17,NO_SWEEP,53167.0897,22928.9103,76096.0,0.9811,30238.1795,0.39737,-10090.2379,BUY,False,NONE,0.0,NONE,AGGRESSIVE_BUY
2011-09-28,2011,1608.16,NO_SWEEP,7379.1,66411.9,73791.0,0.7376,-59032.8,-0.8,-22262.1408,SELL,False,NONE,0.0,NONE,AGGRESSIVE_SELL
2011-09-29,2011,1614.23,NO_SWEEP,55234.9096,21200.0904,76435.0,0.8519,34034.8192,0.44528,-12392.6884,BUY,False,NONE,0.25,NONE,AGGRESSIVE_BUY
2011-09-30,2011,1623.68,NO_SWEEP,40939.8675,21351.1325,62291.0,-0.3608,19588.735,0.31447,-15199.5064,BUY,False,NONE,0.25,NONE,AGGRESSIVE_BUY
2011-10-03,2011,1657.46,NO_SWEEP,52434.7619,6529.2381,58964.0,-0.926,45905.5238,0.77853,-3495.5159,BUY,False,NONE,0.0,NONE,AGGRESSIVE_BUY
2011-10-04,2011,1621.57,NO_SWEEP,15457.2839,54996.7161,70454.0,0.2908,-39539.4323,-0.56121,-2955.5118,SELL,False,NONE,0.0,NONE,AGGRESSIVE_SELL
2011-10-05,2011,1640.25,NO_SWEEP,58637.7,6515.3,65153.0,-0.247,52122.4,0.8,10637.483,BUY,False,NONE,0.25,NONE,AGGRESSIVE_BUY
2011-10-06,2011,1652.2,NO_SWEEP,49479.3,5497.7,54977.0,-1.236,43981.6,0.8,15912.3782,BUY,False,NONE,0.0,NONE,AGGRESSIVE_BUY
2011-10-07,2011,1636.48,NO_SWEEP,9619.3802,42144.6198,51764.0,-1.4015,-32525.2397,-0.62834,8066.9508,SELL,False,NONE,0.0,NONE,AGGRESSIVE_SELL
2011-10-10,2011,1676.07,NO_SWEEP,39828.6,4425.4,44254.0,-1.8244,35403.2,0.8,19871.4508,BUY,False,NONE,0.0,NONE,AGGRESSIVE_BUY
2011-10-11,2011,1661.9,NO_SWEEP,9918.0929,43379.9071,53298.0,-0.9464,-33461.8142,-0.62782,11434.3716,SELL,False,NONE,0.0,NONE,AGGRESSIVE_SELL
2011-10-12,2011,1677.47,NO_SWEEP,38139.1619,18047.8381,56187.0,-0.6653,20091.3237,0.35758,11497.1952,BUY,False,NONE,0.0,NONE,AGGRESSIVE_BUY
2011-10-13,2011,1667.82,NO_SWEEP,17828.3677,35741.6323,53570.0,-0.8432,-17913.2647,-0.33439,3519.8466,SELL,False,NONE,0.25,NONE,AGGRESSIVE_SELL
2011-10-14,2011,1680.62,NO_SWEEP,41326.2,4591.8,45918.0,-1.3915,36734.4,0.8,13054.0756,BUY,False,NONE,0.0,NONE,AGGRESSIVE_BUY
2011-10-17,2011,1670.31,NO_SWEEP,7048.4781,47514.5219,54563.0,-0.6863,-40466.0437,-0.74164,1480.5202,SELL,False,NONE,0.0,NONE,AGGRESSIVE_SELL
2011-10-18,2011,1657.98,NO_SWEEP,25685.2161,32666.7839,58352.0,-0.3883,-6981.5678,-0.11965,-4889.8758,NEUTRAL,False,NONE,0.25,NONE,NEUTRAL
2011-10-19,2011,1640.68,NO_SWEEP,5366.4,48297.6,53664.0,-0.7319,-42931.2,-0.8,-6190.6208,SELL,False,NONE,0.0,NONE,AGGRESSIVE_SELL
2011-10-20,2011,1621.73,SELL_SIDE_SWEEP,19531.1124,43350.8876,62882.0,0.048,-23819.7751,-0.3788,-13593.4927,SELL,False,NONE,0.0,NONE,AGGRESSIVE_SELL
2011-10-21,2011,1641.77,NO_SWEEP,46430.7406,6543.2594,52974.0,-0.6775,39887.4811,0.75296,-4424.8308,BUY,False,NONE,0.0,NONE,AGGRESSIVE_BUY
2011-10-24,2011,1653.36,NO_SWEEP,38975.3413,11252.6587,50228.0,-0.9293,27722.6825,0.55194,-3470.911,BUY,False,NONE,0.0,NONE,AGGRESSIVE_BUY
2011-10-25,2011,1704.59,BUY_SIDE_SWEEP,47854.8,5317.2,53172.0,-0.5338,42537.6,0.8,4085.4471,BUY,False,NONE,0.0,NONE,AGGRESSIVE_BUY
2011-10-26,2011,1724.14,BUY_SIDE_SWEEP,48540.6,5393.4,53934.0,-0.3604,43147.2,0.8,4887.0471,BUY,False,NONE,0.0,NONE,AGGRESSIVE_BUY
2011-10-27,2011,1744.28,BUY_SIDE_SWEEP,51229.8,5692.2,56922.0,0.2067,45537.6,0.8,15637.5026,BUY,False,NONE,0.0,NONE,AGGRESSIVE_BUY
2011-10-28,2011,1743.07,NO_SWEEP,18508.3631,30127.6369,48636.0,-1.0571,-11619.2738,-0.2389,15057.7893,SELL,False,NONE,0.25,NONE,AGGRESSIVE_SELL
2011-10-31,2011,1713.95,NO_SWEEP,9156.0,45004.0,54160.0,-0.0998,-35848.0,-0.66189,15943.1893,SELL,False,NONE,0.0,NONE,AGGRESSIVE_SELL
2011-11-01,2011,1719.15,NO_SWEEP,49744.8,5527.2,55272.0,0.2696,44217.6,0.8,24447.8612,BUY,False,NONE,0.25,NONE,AGGRESSIVE_BUY
2011-11-02,2011,1735.59,NO_SWEEP,40663.2442,9989.7558,50653.0,-0.6485,30673.4884,0.60556,23296.1121,BUY,False,NONE,0.0,NONE,AGGRESSIVE_BUY
2011-11-03,2011,1763.07,BUY_SIDE_SWEEP,46743.3,5193.7,51937.0,-0.2933,41549.6,0.8,25024.4768,BUY,False,NONE,0.0,NONE,AGGRESSIVE_BUY
2011-11-04,2011,1754.18,NO_SWEEP,11651.2055,34167.7945,45819.0,-1.62,-22516.5889,-0.49142,16892.7032,SELL,False,NONE,0.0,NONE,AGGRESSIVE_SELL
2011-11-07,2011,1794.77,BUY_SIDE_SWEEP,41816.7,4646.3,46463.0,-1.5679,37170.4,0.8,16145.6032,BUY,False,NONE,0.0,NONE,AGGRESSIVE_BUY
2011-11-08,2011,1785.25,NO_SWEEP,10780.8281,36068.1719,46849.0,-1.3299,-25287.3439,-0.53976,7292.4852,SELL,False,NONE,0.25,NONE,AGGRESSIVE_SELL
2011-11-09,2011,1770.67,NO_SWEEP,7631.7903,48445.2097,56077.0,0.8033,-40813.4194,-0.72781,3643.217,SELL,False,NONE,0.0,NONE,AGGRESSIVE_SELL
2011-11-10,2011,1758.18,NO_SWEEP,22657.9265,33969.0735,56627.0,0.8779,-11311.147,-0.19975,6710.3236,SELL,False,NONE,0.25,NONE,AGGRESSIVE_SELL
2011-11-11,2011,1787.98,NO_SWEEP,42041.7,4671.3,46713.0,-1.3975,37370.4,0.8,5854.4236,BUY,False,NONE,0.0,NONE,AGGRESSIVE_BUY
2011-11-14,2011,1780.12,NO_SWEEP,9468.1107,37021.8893,46490.0,-1.3,-27553.7787,-0.59268,-1423.9847,SELL,False,NONE,0.25,NONE,AGGRESSIVE_SELL
2011-11-15,2011,1781.15,NO_SWEEP,44773.6364,6797.3636,51571.0,-0.1111,37976.2728,0.73639,-1870.6506,BUY,False,NONE,0.25,NONE,AGGRESSIVE_BUY
2011-11-16,2011,1762.98,NO_SWEEP,13057.217,44052.783,57110.0,1.096,-30995.5661,-0.54273,-2930.5228,SELL,False,NONE,0.35,NONE,AGGRESSIVE_SELL
2011-11-17,2011,1721.15,SELL_SIDE_SWEEP,8041.7401,51860.2599,59902.0,1.8918,-43818.5199,-0.7315,-13054.1378,SELL,False,NONE,0.35,NONE,AGGRESSIVE_SELL
2011-11-18,2011,1723.6,NO_SWEEP,33667.8979,18943.1021,52611.0,0.1339,14724.7957,0.27988,-8052.6203,BUY,False,NONE,0.25,NONE,AGGRESSIVE_BUY
2011-11-21,2011,1677.18,SELL_SIDE_SWEEP,7828.3022,53911.6978,61740.0,1.9743,-46083.3957,-0.74641,-8711.3673,SELL,False,NONE,0.35,NONE,AGGRESSIVE_SELL
2011-11-22,2011,1699.57,NO_SWEEP,52105.7414,6279.2586,58385.0,1.1488,45826.4827,0.7849,-1569.1636,BUY,False,NONE,0.35,NONE,AGGRESSIVE_BUY
2011-11-23,2011,1692.42,NO_SWEEP,18607.7229,38347.2771,56955.0,0.805,-19739.5542,-0.34658,-8707.9079,SELL,False,NONE,0.25,NONE,AGGRESSIVE_SELL
2011-11-24,2011,1694.67,NO_SWEEP,21954.6767,11530.3233,33485.0,-2.8857,10424.3535,0.31131,-3960.6414,BUY,False,NONE,0.25,NONE,AGGRESSIVE_BUY
2011-11-25,2011,1682.33,NO_SWEEP,12563.0817,31731.9183,44295.0,-1.1238,-19168.8366,-0.43275,-11103.7801,SELL,False,NONE,0.0,NONE,AGGRESSIVE_SELL
2011-11-28,2011,1712.21,NO_SWEEP,43268.2478,8973.7522,52242.0,0.1045,34294.4955,0.65645,-2942.5224,BUY,False,NONE,0.0,NONE,AGGRESSIVE_BUY
2011-11-29,2011,1715.05,NO_SWEEP,39717.4628,10238.5372,49956.0,-0.2065,29478.9257,0.5901,6219.6583,BUY,False,NONE,0.25,NONE,AGGRESSIVE_BUY
2011-11-30,2011,1746.03,NO_SWEEP,52919.1,5879.9,58799.0,1.0629,47039.2,0.8,10258.9589,BUY,False,NONE,0.35,NONE,AGGRESSIVE_BUY
2011-12-01,2011,1744.49,NO_SWEEP,19455.6045,32692.3955,52148.0,0.0653,-13236.7911,-0.25383,14364.7844,SELL,False,NONE,0.25,NONE,AGGRESSIVE_SELL
2011-12-02,2011,1745.82,NO_SWEEP,25488.707,23488.293,48977.0,-0.44,2000.4141,0.04084,8886.5259,NEUTRAL,False,NONE,0.25,NONE,NEUTRAL
2011-12-05,2011,1722.71,NO_SWEEP,5578.7,50208.3,55787.0,0.5306,-44629.6,-0.8,5775.2701,SELL,False,NONE,0.0,NONE,AGGRESSIVE_SELL
2011-12-06,2011,1728.65,NO_SWEEP,53589.6,5954.4,59544.0,1.0025,47635.2,0.8,10426.626,BUY,True,NONE,0.6,NONE,AGGRESSIVE_BUY
2011-12-07,2011,1741.6,NO_SWEEP,46862.1,5206.9,52069.0,-0.1076,41655.2,0.8,18029.6305,BUY,False,NONE,0.0,NONE,AGGRESSIVE_BUY
2011-12-08,2011,1707.94,NO_SWEEP,5520.0,49680.0,55200.0,0.3857,-44160.0,-0.8,8222.8186,SELL,False,NONE,0.0,NONE,AGGRESSIVE_SELL
2011-12-09,2011,1710.48,NO_SWEEP,31136.4844,25296.5156,56433.0,0.509,5839.9687,0.10348,5267.949,NEUTRAL,False,NONE,0.25,NONE,NEUTRAL
2011-12-12,2011,1666.51,SELL_SIDE_SWEEP,6576.1007,51642.8993,58219.0,0.7085,-45066.7986,-0.77409,-6245.3009,SELL,False,NONE,0.0,NONE,AGGRESSIVE_SELL
2011-12-13,2011,1631.42,SELL_SIDE_SWEEP,7650.0205,57897.9795,65548.0,1.6403,-50247.9591,-0.76658,-10871.6969,SELL,False,NONE,0.35,NONE,AGGRESSIVE_SELL
2011-12-14,2011,1573.4,SELL_SIDE_SWEEP,7493.3,67439.7,74933.0,2.42,-59946.4,-0.8,-18615.0486,SELL,False,NONE,0.35,NONE,AGGRESSIVE_SELL
2011-12-15,2011,1569.41,NO_SWEEP,13419.5252,55681.4748,69101.0,1.5479,-42261.9497,-0.6116,-18319.0923,SELL,True,NONE,0.6,NONE,AGGRESSIVE_SELL
2011-12-16,2011,1598.64,NO_SWEEP,54036.0,6004.0,60040.0,0.4477,48032.0,0.8,-18269.4923,BUY,False,NONE,0.0,NONE,AGGRESSIVE_BUY
2011-12-19,2011,1593.86,NO_SWEEP,17098.4745,41377.5255,58476.0,0.2872,-24279.051,-0.4152,-26511.2737,SELL,False,NONE,0.25,NONE,AGGRESSIVE_SELL
2011-12-20,2011,1614.55,NO_SWEEP,44678.888,5040.112,49719.0,-0.6829,39638.7759,0.79726,-16036.4267,BUY,False,NONE,0.0,NONE,AGGRESSIVE_BUY
2011-12-21,2011,1614.81,NO_SWEEP,8947.379,41231.621,50179.0,-0.5852,-32284.242,-0.64338,-20801.9531,SELL,False,NONE,0.25,NONE,AGGRESSIVE_SELL
2011-12-22,2011,1605.73,NO_SWEEP,14592.6422,34827.3578,49420.0,-0.914,-20234.7156,-0.40944,-17697.9427,SELL,False,NONE,0.0,NONE,AGGRESSIVE_SELL
2011-12-23,2011,1606.56,NO_SWEEP,7436.0918,22270.9082,29707.0,-2.8651,-14834.8164,-0.49937,-13271.2999,SELL,False,NONE,0.25,NONE,AGGRESSIVE_SELL
2011-12-27,2011,1593.01,NO_SWEEP,5131.2921,27917.7079,33049.0,-2.0966,-22786.4158,-0.68947,-8626.3018,SELL,False,NONE,0.0,NONE,AGGRESSIVE_SELL
2011-12-28,2011,1555.75,SELL_SIDE_SWEEP,4815.6864,43241.3136,48057.0,-0.6082,-38425.6271,-0.79958,-8146.7615,SELL,False,NONE,0.0,NONE,AGGRESSIVE_SELL
2011-12-29,2011,1545.38,SELL_SIDE_SWEEP,21049.8536,29677.1464,50727.0,-0.3081,-8627.2927,-0.17007,-15229.1731,NEUTRAL,False,NONE,0.25,NONE,NEUTRAL
2011-12-30,2011,1564.11,NO_SWEEP,29328.4179,15459.5821,44788.0,-0.8395,13868.8359,0.30966,-10460.6872,BUY,False,NONE,0.0,NONE,AGGRESSIVE_BUY
2012-01-03,2012,1603.13,NO_SWEEP,45926.1,5102.9,51029.0,-0.2488,40823.2,0.8,-10312.6342,BUY,False,NONE,0.0,NONE,AGGRESSIVE_BUY
2012-01-04,2012,1611.6,NO_SWEEP,52055.4751,11911.5249,63967.0,0.9413,40143.9503,0.62757,-1259.1102,BUY,False,NONE,0.25,NONE,AGGRESSIVE_BUY
2012-01-05,2012,1621.88,NO_SWEEP,59013.9,6557.1,65571.0,1.0412,52456.8,0.8,7827.3293,BUY,False,NONE,0.35,NONE,AGGRESSIVE_BUY
2012-01-06,2012,1616.55,NO_SWEEP,14219.7612,42594.2388,56814.0,0.2095,-28374.4777,-0.49943,6134.8716,SELL,False,NONE,0.25,NONE,AGGRESSIVE_SELL
2012-01-09,2012,1610.63,NO_SWEEP,12584.0861,47061.9139,59646.0,0.4484,-34477.8278,-0.57804,4673.4451,SELL,False,NONE,0.25,NONE,AGGRESSIVE_SELL
2012-01-10,2012,1632.45,BUY_SIDE_SWEEP,46705.5176,9408.4824,56114.0,0.125,37297.0351,0.66467,14138.7779,BUY,False,NONE,0.0,NONE,AGGRESSIVE_BUY
2012-01-11,2012,1640.51,BUY_SIDE_SWEEP,41460.7434,15351.2566,56812.0,0.196,26109.4867,0.45958,18480.8753,BUY,False,NONE,0.0,NONE,AGGRESSIVE_BUY
2012-01-12,2012,1649.55,BUY_SIDE_SWEEP,33729.4257,22184.5743,55914.0,0.1619,11544.8514,0.20648,18190.3773,BUY,False,NONE,0.0,NONE,AGGRESSIVE_BUY
2012-01-13,2012,1638.21,NO_SWEEP,23541.3833,39538.6167,63080.0,0.9778,-15997.2334,-0.2536,11087.8231,SELL,False,NONE,0.0,NONE,AGGRESSIVE_SELL
2012-01-16,2012,1643.38,NO_SWEEP,30677.1458,6047.8542,36725.0,-1.5795,24629.2917,0.67064,9148.4908,BUY,False,NONE,0.0,NONE,AGGRESSIVE_BUY
2012-01-17,2012,1651.75,NO_SWEEP,33946.85,25251.15,59198.0,0.7525,8695.7001,0.14689,3678.3533,NEUTRAL,False,NONE,0.0,NONE,NEUTRAL
2012-01-18,2012,1659.67,NO_SWEEP,58407.3,6489.7,64897.0,1.2694,51917.6,0.8,13714.863,BUY,False,NONE,0.35,NONE,AGGRESSIVE_BUY
2012-01-19,2012,1657.45,NO_SWEEP,16588.604,43041.396,59630.0,0.6827,-26452.792,-0.44362,14717.9925,SELL,False,NONE,0.25,NONE,AGGRESSIVE_SELL
2012-01-20,2012,1666.81,NO_SWEEP,47092.5,5232.5,52325.0,-0.0547,41860.0,0.8,15288.3631,BUY,False,NONE,0.0,NONE,AGGRESSIVE_BUY
2012-01-23,2012,1677.15,BUY_SIDE_SWEEP,39903.3381,7482.6619,47386.0,-0.5342,32420.6762,0.68418,16077.2618,BUY,False,NONE,0.0,NONE,AGGRESSIVE_BUY
2012-01-24,2012,1665.65,NO_SWEEP,8307.8914,42286.1086,50594.0,-0.3741,-33978.2172,-0.67159,10386.8782,SELL,False,NONE,0.0,NONE,AGGRESSIVE_SELL
2012-01-25,2012,1709.91,BUY_SIDE_SWEEP,52814.7,5868.3,58683.0,0.4964,46946.4,0.8,18254.8324,BUY,False,NONE,0.0,NONE,AGGRESSIVE_BUY
2012-01-26,2012,1720.52,BUY_SIDE_SWEEP,41215.5295,13714.4705,54930.0,-0.0727,27501.0591,0.50066,18613.8033,BUY,False,NONE,0.0,NONE,AGGRESSIVE_BUY
2012-01-27,2012,1738.65,BUY_SIDE_SWEEP,45875.7,5097.3,50973.0,-0.6372,40778.4,0.8,22624.1408,BUY,False,NONE,0.0,NONE,AGGRESSIVE_BUY
2012-01-30,2012,1729.55,NO_SWEEP,23157.0792,35445.9208,58603.0,0.3716,-12288.8416,-0.2097,14598.3356,SELL,False,NONE,0.25,NONE,AGGRESSIVE_SELL
2012-01-31,2012,1738.18,NO_SWEEP,43548.677,19235.323,62784.0,0.909,24313.3541,0.38725,20944.1038,BUY,False,NONE,0.25,NONE,AGGRESSIVE_BUY
2012-02-01,2012,1743.75,NO_SWEEP,48391.9728,18630.0272,67022.0,1.4789,29761.9456,0.44406,19431.847,BUY,True,NONE,0.6,NONE,AGGRESSIVE_BUY
2012-02-02,2012,1759.19,BUY_SIDE_SWEEP,53721.9,5969.1,59691.0,0.4699,47752.8,0.8,21348.3625,BUY,False,NONE,0.0,NONE,AGGRESSIVE_BUY
2012-02-03,2012,1725.37,NO_SWEEP,5370.8,48337.2,53708.0,-0.4117,-42966.4,-0.8,20224.8397,SELL,False,NONE,0.0,NONE,AGGRESSIVE_SELL
2012-02-06,2012,1719.79,NO_SWEEP,11652.9255,42455.0745,54108.0,-0.3107,-30802.149,-0.56927,10506.271,SELL,False,NONE,0.25,NONE,AGGRESSIVE_SELL
2012-02-07,2012,1745.05,NO_SWEEP,49882.5,5542.5,55425.0,-0.1059,44340.0,0.8,12611.1386,BUY,False,NONE,0.0,NONE,AGGRESSIVE_BUY
2012-02-08,2012,1733.1,NO_SWEEP,12176.7287,41306.2713,53483.0,-0.3735,-29129.5427,-0.54465,3872.6458,SELL,False,NONE,0.0,NONE,AGGRESSIVE_SELL
2012-02-09,2012,1729.99,NO_SWEEP,6311.3693,51336.6307,57648.0,0.2416,-45025.2614,-0.78104,-219.4067,SELL,False,NONE,0.25,NONE,AGGRESSIVE_SELL
2012-02-10,2012,1721.39,NO_SWEEP,22136.2679,34445.7321,56582.0,0.1339,-12309.4641,-0.21755,-4797.2589,SELL,False,NONE,0.25,NONE,AGGRESSIVE_SELL
2012-02-13,2012,1722.75,NO_SWEEP,14036.9818,37536.0182,51573.0,-1.0033,-23499.0363,-0.45565,-11454.8817,SELL,False,NONE,0.25,NONE,AGGRESSIVE_SELL
2012-02-14,2012,1720.59,NO_SWEEP,39608.1289,18300.8711,57909.0,0.312,21307.2579,0.36794,-14760.5745,BUY,False,NONE,0.25,NONE,AGGRESSIVE_BUY
2012-02-15,2012,1727.95,NO_SWEEP,34993.8887,18432.1113,53426.0,-0.5366,16561.7775,0.30999,-7319.5523,BUY,False,NONE,0.0,NONE,AGGRESSIVE_BUY
2012-02-16,2012,1728.26,NO_SWEEP,50274.9,5586.1,55861.0,0.0514,44688.8,0.8,2116.8164,BUY,False,NONE,0.25,NONE,AGGRESSIVE_BUY
2012-02-17,2012,1722.87,NO_SWEEP,9737.7956,35132.2044,44870.0,-2.1075,-25394.4088,-0.56596,-6599.9847,SELL,False,NONE,0.25,NONE,AGGRESSIVE_SELL
2012-02-20,2012,1734.44,NO_SWEEP,25224.5111,6289.4889,31514.0,-3.2864,18935.0222,0.60084,-591.9141,BUY,False,NONE,0.0,NONE,AGGRESSIVE_BUY
2012-02-21,2012,1759.45,BUY_SIDE_SWEEP,45408.6,5045.4,50454.0,-0.5735,40363.2,0.8,10081.6435,BUY,False,NONE,0.0,NONE,AGGRESSIVE_BUY
2012-02-22,2012,1776.05,BUY_SIDE_SWEEP,42727.5121,5841.4879,48569.0,-0.7663,36886.0242,0.75946,16231.0796,BUY,False,NONE,0.0,NONE,AGGRESSIVE_BUY
2012-02-23,2012,1779.85,NO_SWEEP,32703.873,17199.127,49903.0,-0.5369,15504.746,0.3107,21106.5524,BUY,False,NONE,0.25,NONE,AGGRESSIVE_BUY
2012-02-24,2012,1772.05,NO_SWEEP,4936.7,44430.3,49367.0,-0.598,-39493.6,-0.8,13506.4451,SELL,False,NONE,0.0,NONE,AGGRESSIVE_SELL
2012-02-27,2012,1767.15,NO_SWEEP,11145.9273,38949.0727,50095.0,-0.4395,-27803.1455,-0.55501,7960.8298,SELL,False,NONE,0.0,NONE,AGGRESSIVE_SELL
2012-02-28,2012,1784.05,NO_SWEEP,40849.739,8893.261,49743.0,-0.4158,31956.4781,0.64243,6369.2895,BUY,False,NONE,0.0,NONE,AGGRESSIVE_BUY
2012-02-29,2012,1696.35,SELL_SIDE_SWEEP,6195.3,55757.7,61953.0,1.5393,-49562.4,-0.8,3348.2906,SELL,False,NONE,0.35,NONE,AGGRESSIVE_SELL
2012-03-02,2012,1711.38,NO_SWEEP,12722.8158,40323.1842,53046.0,0.1793,-27600.3684,-0.52031,-2468.6332,SELL,False,NONE,0.25,NONE,AGGRESSIVE_SELL
2012-03-05,2012,1706.25,NO_SWEEP,21922.2335,35245.7665,57168.0,0.8194,-13323.533,-0.23306,-9179.4748,SELL,False,NONE,0.25,NONE,AGGRESSIVE_SELL
2012-03-06,2012,1674.24,SELL_SIDE_SWEEP,10552.2243,50421.7757,60974.0,1.3217,-39869.5514,-0.65388,-18773.9218,SELL,False,NONE,0.35,NONE,AGGRESSIVE_SELL
2012-03-07,2012,1684.55,NO_SWEEP,43167.1392,7361.8608,50529.0,-0.2661,35805.2784,0.70861,-16236.3552,BUY,False,NONE,0.0,NONE,AGGRESSIVE_BUY
2012-03-08,2012,1699.8,NO_SWEEP,42965.9251,6666.0749,49632.0,-0.3751,36299.8503,0.73138,-6762.1739,BUY,False,NONE,0.0,NONE,AGGRESSIVE_BUY
2012-03-09,2012,1713.69,NO_SWEEP,48212.1,5356.9,53569.0,0.2748,42855.2,0.8,2070.1192,BUY,False,NONE,0.25,NONE,AGGRESSIVE_BUY
2012-03-12,2012,1700.97,NO_SWEEP,14337.5153,34647.4847,48985.0,-0.3964,-20309.9695,-0.41462,-4463.1867,SELL,False,NONE,0.0,NONE,AGGRESSIVE_SELL
2012-03-13,2012,1673.67,NO_SWEEP,10747.636,46284.364,57032.0,0.8346,-35536.7279,-0.6231,-2709.9777,SELL,False,NONE,0.0,NONE,AGGRESSIVE_SELL
2012-03-14,2012,1644.17,SELL_SIDE_SWEEP,8623.8944,51899.1056,60523.0,1.3319,-43275.2112,-0.71502,-4669.333,SELL,False,NONE,0.35,NONE,AGGRESSIVE_SELL
2012-03-15,2012,1658.21,NO_SWEEP,43918.5917,10305.4083,54224.0,0.3566,33613.1835,0.61989,1197.7565,BUY,False,NONE,0.0,NONE,AGGRESSIVE_BUY
2012-03-16,2012,1659.31,NO_SWEEP,43090.6973,7560.3027,50651.0,-0.1532,35530.3946,0.70147,10622.7498,BUY,False,NONE,0.25,NONE,AGGRESSIVE_BUY
2012-03-19,2012,1663.86,NO_SWEEP,34342.3972,10577.6028,44920.0,-1.0417,23764.7945,0.52905,9117.6893,BUY,False,NONE,0.25,NONE,AGGRESSIVE_BUY
2012-03-20,2012,1650.51,NO_SWEEP,13182.0734,34387.9266,47570.0,-1.0497,-21205.8533,-0.44578,1929.4763,SELL,False,NONE,0.0,NONE,AGGRESSIVE_SELL
2012-03-21,2012,1650.05,NO_SWEEP,24660.3028,28831.6972,53492.0,0.1934,-4171.3945,-0.07798,-3948.848,NEUTRAL,False,NONE,0.25,NONE,NEUTRAL
2012-03-22,2012,1645.54,NO_SWEEP,29163.2187,38077.7813,67241.0,2.4848,-8914.5627,-0.13258,-2524.4221,NEUTRAL,True,NONE,0.6,NONE,NEUTRAL
2012-03-23,2012,1661.26,NO_SWEEP,51960.4082,9110.5918,61071.0,1.2281,42849.8164,0.70164,7273.8959,BUY,False,NONE,0.35,NONE,AGGRESSIVE_BUY
2012-03-26,2012,1690.66,NO_SWEEP,56214.9,6246.1,62461.0,1.3181,49968.8,0.8,18929.3973,BUY,False,NONE,0.35,NONE,AGGRESSIVE_BUY
2012-03-27,2012,1680.27,NO_SWEEP,5415.3,48737.7,54153.0,-0.1378,-43322.4,-0.8,9312.4494,SELL,False,NONE,0.0,NONE,AGGRESSIVE_SELL
2012-03-28,2012,1663.18,NO_SWEEP,18348.2457,72198.7543,90547.0,3.5175,-53850.5087,-0.59472,-1860.1635,SELL,False,NONE,0.35,NONE,AGGRESSIVE_SELL
2012-03-29,2012,1661.28,NO_SWEEP,69647.7554,51863.2446,121511.0,3.6198,17784.5107,0.14636,-2607.699,NEUTRAL,True,NONE,0.6,NONE,NEUTRAL
2012-03-30,2012,1666.95,NO_SWEEP,99591.9615,33584.0385,133176.0,2.9818,66007.923,0.49564,8294.023,BUY,False,NONE,0.35,NONE,AGGRESSIVE_BUY
2012-04-02,2012,1677.61,NO_SWEEP,116045.339,28704.661,144750.0,2.6307,87340.678,0.60339,19733.0321,BUY,True,NONE,0.6,NONE,AGGRESSIVE_BUY
2012-04-03,2012,1645.11,NO_SWEEP,15983.7833,140752.2167,156736.0,2.4049,-124768.4334,-0.79604,5251.2983,SELL,False,NONE,0.35,NONE,AGGRESSIVE_SELL
2012-04-04,2012,1620.56,SELL_SIDE_SWEEP,29715.4604,154895.5396,184611.0,2.4979,-125180.0791,-0.67807,-15752.4387,SELL,False,NONE,0.35,NONE,AGGRESSIVE_SELL
2012-04-05,2012,1630.65,NO_SWEEP,85732.2,9525.8,95258.0,0.3167,76206.4,0.8,-12472.7387,BUY,False,NONE,0.0,NONE,AGGRESSIVE_BUY
2012-04-09,2012,1640.23,NO_SWEEP,33874.0419,96772.9581,130647.0,1.0581,-62898.9161,-0.48144,-14919.8032,SELL,True,NONE,0.6,NONE,AGGRESSIVE_SELL
2012-04-10,2012,1659.03,NO_SWEEP,148774.5,16530.5,165305.0,1.6459,132244.0,0.8,8342.0104,BUY,False,NONE,0.35,NONE,AGGRESSIVE_BUY
2012-04-11,2012,1658.22,NO_SWEEP,54882.0185,88757.9815,143640.0,1.0495,-33875.9629,-0.23584,1884.4512,SELL,True,NONE,0.6,NONE,AGGRESSIVE_SELL
2012-04-12,2012,1675.47,NO_SWEEP,112163.851,13250.149,125414.0,0.5797,98913.702,0.7887,5997.6736,BUY,False,NONE,0.0,NONE,AGGRESSIVE_BUY
2012-04-13,2012,1655.57,NO_SWEEP,12479.2265,67548.7735,80028.0,-0.4691,-55069.5469,-0.68813,-11803.6046,SELL,False,NONE,0.0,NONE,AGGRESSIVE_SELL
2012-04-16,2012,1651.41,NO_SWEEP,55642.7991,73272.2009,128915.0,0.5685,-17629.4017,-0.13675,1588.7744,NEUTRAL,False,NONE,0.25,NONE,NEUTRAL
2012-04-17,2012,1649.26,NO_SWEEP,49925.8076,61004.1924,110930.0,0.0753,-11078.3847,-0.09987,15851.4862,NEUTRAL,False,NONE,0.25,NONE,NEUTRAL
2012-04-18,2012,1641.52,NO_SWEEP,20588.0985,110455.9015,131044.0,0.4947,-89867.803,-0.68578,-4907.7892,SELL,False,NONE,0.0,NONE,AGGRESSIVE_SELL
2012-04-19,2012,1642.56,NO_SWEEP,100708.1967,52871.8033,153580.0,0.989,47836.3934,0.31148,8934.1245,BUY,False,NONE,0.25,NONE,AGGRESSIVE_BUY
2012-04-20,2012,1642.56,NO_SWEEP,76859.3604,45543.6396,122403.0,0.0738,31315.7208,0.25584,-3681.9104,BUY,False,NONE,0.25,NONE,AGGRESSIVE_BUY
2012-04-23,2012,1637.77,NO_SWEEP,65856.2354,63245.7646,129102.0,0.1814,2610.4709,0.02022,878.8938,NEUTRAL,False,NONE,0.25,NONE,NEUTRAL
2012-04-24,2012,1641.72,NO_SWEEP,71468.171,37214.829,108683.0,-0.5693,34253.3421,0.31517,-7203.6511,BUY,False,NONE,0.25,NONE,AGGRESSIVE_BUY
2012-04-25,2012,1644.18,NO_SWEEP,137937.6,15326.4,153264.0,0.9049,122611.2,0.8,15006.4422,BUY,False,NONE,0.25,NONE,AGGRESSIVE_BUY
2012-04-26,2012,1656.74,NO_SWEEP,111480.9387,19026.0613,130507.0,-0.0839,92454.8774,0.70843,28766.9771,BUY,False,NONE,0.0,NONE,AGGRESSIVE_BUY
2012-04-27,2012,1662.37,NO_SWEEP,102825.61,27333.39,130159.0,-0.1178,75492.22,0.58,39588.3027,BUY,False,NONE,0.0,NONE,AGGRESSIVE_BUY
2012-04-30,2012,1664.42,NO_SWEEP,96417.9,10713.1,107131.0,-1.0197,85704.8,0.8,61534.8781,BUY,False,NONE,0.25,NONE,AGGRESSIVE_BUY
2012-05-01,2012,1661.56,NO_SWEEP,18425.0106,73467.9894,91893.0,-1.4661,-55042.9788,-0.59899,48674.9565,SELL,False,NONE,0.25,NONE,AGGRESSIVE_SELL
2012-05-02,2012,1653.0,NO_SWEEP,36574.1025,101468.8975,138043.0,0.4075,-64894.795,-0.47011,36648.6421,SELL,False,NONE,0.0,NONE,AGGRESSIVE_SELL
2012-05-03,2012,1636.24,NO_SWEEP,21683.7398,111851.2602,133535.0,0.3848,-90167.5204,-0.67524,25051.3932,SELL,False,NONE,0.0,NONE,AGGRESSIVE_SELL
2012-05-04,2012,1641.17,NO_SWEEP,101868.3564,25636.6436,127505.0,0.0212,76231.7128,0.59787,30298.6895,BUY,False,NONE,0.25,NONE,AGGRESSIVE_BUY
2012-05-07,2012,1638.37,NO_SWEEP,46415.1106,64840.8894,111256.0,-0.7414,-18425.7788,-0.16562,12669.0672,NEUTRAL,False,NONE,0.25,NONE,NEUTRAL
2012-05-08,2012,1604.99,SELL_SIDE_SWEEP,22939.532,126018.468,148958.0,1.2639,-103078.936,-0.692,-11772.6595,SELL,False,NONE,0.35,NONE,AGGRESSIVE_SELL
2012-05-09,2012,1589.78,SELL_SIDE_SWEEP,43678.137,122035.863,165714.0,1.9319,-78357.726,-0.47285,-31003.9028,SELL,False,NONE,0.35,NONE,AGGRESSIVE_SELL
2012-05-10,2012,1593.63,NO_SWEEP,88581.0239,48791.9761,137373.0,0.5063,39789.0477,0.28964,-36743.3718,BUY,False,NONE,0.25,NONE,AGGRESSIVE_BUY
2012-05-11,2012,1579.11,SELL_SIDE_SWEEP,22534.7623,117904.2377,140439.0,0.5924,-95369.4754,-0.67908,-41784.1839,SELL,False,NONE,0.0,NONE,AGGRESSIVE_SELL
2012-05-14,2012,1556.26,SELL_SIDE_SWEEP,14800.1,133200.9,148001.0,0.9452,-118400.8,-0.8,-48472.4345,SELL,False,NONE,0.0,NONE,AGGRESSIVE_SELL
2012-05-15,2012,1543.75,SELL_SIDE_SWEEP,14945.8,134512.2,149458.0,0.9288,-119566.4,-0.8,-52147.2945,SELL,False,NONE,0.0,NONE,AGGRESSIVE_SELL
2012-05-16,2012,1538.13,SELL_SIDE_SWEEP,53337.5902,118974.4098,172312.0,1.8889,-65636.8196,-0.38092,-69880.861,SELL,True,NONE,0.6,NONE,AGGRESSIVE_SELL
2012-05-17,2012,1573.6,NO_SWEEP,134463.8373,15724.1627,150188.0,0.7843,118739.6746,0.79061,-52735.1793,BUY,False,NONE,0.0,NONE,AGGRESSIVE_BUY
2012-05-18,2012,1592.18,NO_SWEEP,139634.0317,20445.9683,160080.0,1.1615,119188.0634,0.74455,-24951.8044,BUY,False,NONE,0.35,NONE,AGGRESSIVE_BUY
2012-05-21,2012,1593.42,NO_SWEEP,90931.1264,35139.8736,126071.0,-0.5173,55791.2529,0.44254,-8183.1821,BUY,False,NONE,0.25,NONE,AGGRESSIVE_BUY
2012-05-22,2012,1568.14,NO_SWEEP,19686.6865,116286.3135,135973.0,-0.1001,-96599.6269,-0.71043,-25231.7664,SELL,False,NONE,0.0,NONE,AGGRESSIVE_SELL
2012-05-23,2012,1561.07,NO_SWEEP,92844.401,75786.599,168631.0,1.4932,17057.8021,0.10115,-11178.3567,NEUTRAL,True,NONE,0.6,NONE,NEUTRAL
2012-05-24,2012,1558.73,NO_SWEEP,29846.2719,123010.7281,152857.0,0.6472,-93164.4562,-0.60949,-8023.8137,SELL,False,NONE,0.25,NONE,AGGRESSIVE_SELL
2012-05-25,2012,1572.56,NO_SWEEP,118122.3,13124.7,131247.0,-0.4254,104997.6,0.8,20046.6863,BUY,False,NONE,0.0,NONE,AGGRESSIVE_BUY
2012-05-28,2012,1573.74,NO_SWEEP,10125.7408,68490.2592,78616.0,-2.5749,-58364.5184,-0.7424,20955.7239,SELL,False,NONE,0.25,NONE,AGGRESSIVE_SELL
2012-05-29,2012,1554.86,NO_SWEEP,16799.6866,124250.3134,141050.0,0.009,-107450.6269,-0.76179,-7318.0637,SELL,False,NONE,0.0,NONE,AGGRESSIVE_SELL
2012-05-30,2012,1562.61,NO_SWEEP,131562.0938,19561.9062,151124.0,0.4633,112000.1876,0.74111,-8216.5482,BUY,False,NONE,0.25,NONE,AGGRESSIVE_BUY
2012-05-31,2012,1560.9,NO_SWEEP,45605.3187,109770.6813,155376.0,0.612,-64165.3625,-0.41297,-23211.1251,SELL,False,NONE,0.25,NONE,AGGRESSIVE_SELL
2012-06-01,2012,1623.04,BUY_SIDE_SWEEP,155647.8,17294.2,172942.0,1.302,138353.6,0.8,6158.0282,BUY,False,NONE,0.35,NONE,AGGRESSIVE_BUY
2012-06-04,2012,1618.89,NO_SWEEP,64045.5432,109587.4568,173633.0,1.2226,-45541.9136,-0.26229,-1666.9362,SELL,True,NONE,0.6,NONE,AGGRESSIVE_SELL
2012-06-05,2012,1617.26,NO_SWEEP,51196.4716,101121.5284,152318.0,0.1977,-49925.0569,-0.32777,3737.9887,SELL,False,NONE,0.25,NONE,AGGRESSIVE_SELL
2012-06-06,2012,1618.74,NO_SWEEP,66495.0534,101920.9466,168416.0,0.9529,-35425.8932,-0.21035,-13814.948,SELL,False,NONE,0.25,NONE,AGGRESSIVE_SELL
2012-06-07,2012,1589.47,NO_SWEEP,26112.1832,147796.8168,173909.0,1.098,-121684.6336,-0.6997,-21729.9624,SELL,False,NONE,0.35,NONE,AGGRESSIVE_SELL
2012-06-08,2012,1592.32,NO_SWEEP,158643.0,17627.0,176270.0,1.0941,141016.0,0.8,9328.366,BUY,True,NONE,0.6,NONE,AGGRESSIVE_BUY
2012-06-11,2012,1597.29,NO_SWEEP,47199.8541,67103.1459,114303.0,-1.5154,-19903.2917,-0.17413,-7159.5689,NEUTRAL,False,NONE,0.25,NONE,NEUTRAL
2012-06-12,2012,1609.3,NO_SWEEP,97707.6822,21980.3178,119688.0,-1.1799,75727.3645,0.63271,10327.0219,BUY,False,NONE,0.0,NONE,AGGRESSIVE_BUY
2012-06-13,2012,1616.77,NO_SWEEP,73720.5912,31243.4088,104964.0,-1.5691,42477.1823,0.40468,-1657.5303,BUY,False,NONE,0.0,NONE,AGGRESSIVE_BUY
2012-06-14,2012,1622.67,NO_SWEEP,87620.4522,21378.5478,108999.0,-1.2754,66241.9043,0.60773,12315.447,BUY,False,NONE,0.25,NONE,AGGRESSIVE_BUY
2012-06-15,2012,1623.99,NO_SWEEP,52661.7017,46440.2983,99102.0,-1.4568,6221.4033,0.06278,19333.7545,NEUTRAL,False,NONE,0.25,NONE,NEUTRAL
2012-06-18,2012,1627.65,NO_SWEEP,109356.3,12150.7,121507.0,-0.6529,97205.6,0.8,35912.6911,BUY,False,NONE,0.25,NONE,AGGRESSIVE_BUY
2012-06-19,2012,1618.1,NO_SWEEP,10900.7,98106.3,109007.0,-1.0174,-87205.6,-0.8,40222.5703,SELL,False,NONE,0.0,NONE,AGGRESSIVE_SELL
2012-06-20,2012,1605.88,NO_SWEEP,45623.2374,86803.7626,132427.0,-0.1572,-41180.5252,-0.31097,17448.0047,SELL,False,NONE,0.0,NONE,AGGRESSIVE_SELL
2012-06-21,2012,1566.5,NO_SWEEP,13680.5,123124.5,136805.0,0.0256,-109444.0,-0.8,6255.4162,SELL,False,NONE,0.0,NONE,AGGRESSIVE_SELL
2012-06-22,2012,1571.29,NO_SWEEP,94404.6,10489.4,104894.0,-1.032,83915.2,0.8,7278.8956,BUY,False,NONE,0.0,NONE,AGGRESSIVE_BUY
2012-06-25,2012,1584.69,NO_SWEEP,93238.1579,11839.8421,105078.0,-1.1537,81398.3157,0.77465,12144.0373,BUY,False,NONE,0.0,NONE,AGGRESSIVE_BUY
2012-06-26,2012,1571.87,NO_SWEEP,15407.4281,85585.5719,100993.0,-1.1858,-70178.1437,-0.69488,-4908.4687,SELL,False,NONE,0.0,NONE,AGGRESSIVE_SELL
2012-06-27,2012,1574.13,NO_SWEEP,64823.9823,28752.0177,93576.0,-1.2999,36071.9647,0.38548,-1177.1486,BUY,False,NONE,0.25,NONE,AGGRESSIVE_BUY
2012-06-28,2012,1552.53,SELL_SIDE_SWEEP,11558.9737,98895.0263,110454.0,-0.6442,-87336.0527,-0.7907,-24244.8551,SELL,False,NONE,0.0,NONE,AGGRESSIVE_SELL
2012-06-29,2012,1596.56,NO_SWEEP,112622.9092,16605.0908,129228.0,0.091,96017.8185,0.74301,-1341.9278,BUY,False,NONE,0.0,NONE,AGGRESSIVE_BUY
2012-07-02,2012,1597.02,NO_SWEEP,45226.5449,54157.4551,99384.0,-0.9375,-8930.9101,-0.08986,2689.274,NEUTRAL,False,NONE,0.25,NONE,NEUTRAL
2012-07-03,2012,1617.13,NO_SWEEP,88138.2813,19522.7187,107661.0,-0.5368,68615.5626,0.63733,24946.7194,BUY,False,NONE,0.0,NONE,AGGRESSIVE_BUY
2012-07-04,2012,1614.98,NO_SWEEP,16600.64,42687.36,59288.0,-2.2024,-26086.72,-0.44,11196.4794,SELL,False,NONE,0.25,NONE,AGGRESSIVE_SELL
2012-07-05,2012,1604.0,NO_SWEEP,18455.5898,87936.4102,106392.0,-0.2588,-69480.8204,-0.65306,-7663.4127,SELL,False,NONE,0.0,NONE,AGGRESSIVE_SELL
2012-07-06,2012,1582.5,NO_SWEEP,14140.4378,95921.5622,110062.0,0.0863,-81781.1244,-0.74305,-9113.7852,SELL,False,NONE,0.0,NONE,AGGRESSIVE_SELL
2012-07-09,2012,1587.42,NO_SWEEP,68733.369,20388.631,89122.0,-1.1172,48344.7379,0.54246,-7579.6886,BUY,False,NONE,0.0,NONE,AGGRESSIVE_BUY
2012-07-10,2012,1566.21,NO_SWEEP,10583.4,95250.6,105834.0,-0.056,-84667.2,-0.8,-7246.082,SELL,False,NONE,0.0,NONE,AGGRESSIVE_SELL
2012-07-11,2012,1575.71,NO_SWEEP,67877.3279,31886.6721,99764.0,-0.4141,35990.6557,0.36076,-14749.4773,BUY,False,NONE,0.0,NONE,AGGRESSIVE_BUY
2012-07-12,2012,1571.38,NO_SWEEP,51601.7314,51171.2686,102773.0,-0.2092,430.4628,0.00419,-13579.3057,NEUTRAL,False,NONE,0.25,NONE,NEUTRAL
2012-07-13,2012,1588.72,NO_SWEEP,79965.1061,17748.8939,97714.0,-0.5157,62216.2121,0.63672,-14379.2245,BUY,False,NONE,0.0,NONE,AGGRESSIVE_BUY
2012-07-16,2012,1589.12,NO_SWEEP,43432.6826,49444.3174,92877.0,-0.7324,-6011.6348,-0.06473,-11869.8389,NEUTRAL,False,NONE,0.25,NONE,NEUTRAL
2012-07-17,2012,1582.68,NO_SWEEP,33518.979,84340.021,117859.0,0.7808,-50821.0419,-0.4312,-9537.3666,SELL,False,NONE,0.25,NONE,AGGRESSIVE_SELL
2012-07-18,2012,1573.18,NO_SWEEP,24268.9532,91192.0468,115461.0,0.7322,-66923.0936,-0.57962,-7680.1127,SELL,False,NONE,0.0,NONE,AGGRESSIVE_SELL
2012-07-19,2012,1580.87,NO_SWEEP,63540.3004,40956.6996,104497.0,0.1386,22583.6007,0.21612,-10900.2549,BUY,False,NONE,0.0,NONE,AGGRESSIVE_BUY
2012-07-20,2012,1583.53,NO_SWEEP,92858.5651,19896.4349,112755.0,0.718,72962.1302,0.64709,8803.4114,BUY,False,NONE,0.25,NONE,AGGRESSIVE_BUY
2012-07-23,2012,1576.97,NO_SWEEP,53402.8069,55314.1931,108717.0,0.4047,-1911.3863,-0.01758,4065.6562,NEUTRAL,False,NONE,0.25,NONE,NEUTRAL
2012-07-24,2012,1580.53,NO_SWEEP,89879.4605,19168.5395,109048.0,0.398,70710.9211,0.64844,12850.7134,BUY,False,NONE,0.25,NONE,AGGRESSIVE_BUY
2012-07-25,2012,1604.18,BUY_SIDE_SWEEP,106654.8038,16918.1962,123573.0,1.3099,89736.6076,0.72618,16290.7629,BUY,False,NONE,0.35,NONE,AGGRESSIVE_BUY
2012-07-26,2012,1615.43,BUY_SIDE_SWEEP,86518.0065,23966.9935,110485.0,0.3806,62551.0131,0.56615,24861.0939,BUY,False,NONE,0.0,NONE,AGGRESSIVE_BUY
2012-07-27,2012,1622.35,BUY_SIDE_SWEEP,77681.0762,30054.9238,107736.0,0.2839,47626.1524,0.44206,37166.9932,BUY,False,NONE,0.0,NONE,AGGRESSIVE_BUY
2012-07-30,2012,1621.88,NO_SWEEP,26794.1851,31676.8149,58471.0,-2.6635,-4882.6299,-0.08351,44922.0511,NEUTRAL,False,NONE,0.25,NONE,NEUTRAL
2012-07-31,2012,1613.98,NO_SWEEP,14471.1799,96915.8201,111387.0,0.5598,-82444.6402,-0.74016,31793.521,SELL,False,NONE,0.0,NONE,AGGRESSIVE_SELL
2012-08-01,2012,1599.51,NO_SWEEP,24554.9035,95274.0965,119829.0,1.0764,-70719.1931,-0.59017,13833.3556,SELL,False,NONE,0.35,NONE,AGGRESSIVE_SELL
2012-08-02,2012,1588.33,NO_SWEEP,11723.1218,104093.8782,115817.0,0.7355,-92370.7564,-0.79756,2525.9343,SELL,False,NONE,0.0,NONE,AGGRESSIVE_SELL
2012-08-03,2012,1602.24,NO_SWEEP,86486.8237,14440.1763,100927.0,-0.3127,72046.6474,0.71385,2692.9001,BUY,False,NONE,0.0,NONE,AGGRESSIVE_BUY
2012-08-06,2012,1610.38,NO_SWEEP,65371.3845,20360.6155,85732.0,-1.3823,45010.769,0.52502,-2897.8297,BUY,False,NONE,0.0,NONE,AGGRESSIVE_BUY
2012-08-07,2012,1612.0,NO_SWEEP,52058.8922,44965.1078,97024.0,-0.5392,7093.7845,0.07311,-9829.9833,NEUTRAL,False,NONE,0.25,NONE,NEUTRAL
2012-08-08,2012,1611.83,NO_SWEEP,78137.0505,26338.9495,104476.0,-0.0272,51798.1011,0.49579,-9308.4897,BUY,False,NONE,0.25,NONE,AGGRESSIVE_BUY
2012-08-09,2012,1616.75,NO_SWEEP,80982.551,10793.449,91776.0,-0.8745,70189.102,0.76479,75.4768,BUY,False,NONE,0.0,NONE,AGGRESSIVE_BUY
2012-08-10,2012,1619.48,NO_SWEEP,72994.4033,21939.5967,94934.0,-0.641,51054.8067,0.53779,16762.9076,BUY,False,NONE,0.25,NONE,AGGRESSIVE_BUY
2012-08-13,2012,1609.53,NO_SWEEP,9690.1,87210.9,96901.0,-0.5232,-77520.8,-0.8,15912.7068,SELL,False,NONE,0.0,NONE,AGGRESSIVE_SELL
2012-08-14,2012,1598.99,NO_SWEEP,24460.3476,72124.6524,96585.0,-0.4794,-47664.3049,-0.4935,21501.0132,SELL,False,NONE,0.0,NONE,AGGRESSIVE_SELL
2012-08-15,2012,1603.17,NO_SWEEP,79275.8898,12396.1102,91672.0,-0.7488,66879.7796,0.72956,20855.1547,BUY,False,NONE,0.25,NONE,AGGRESSIVE_BUY
2012-08-16,2012,1614.74,NO_SWEEP,73120.9335,12831.0665,85952.0,-1.0604,60289.867,0.70144,22765.042,BUY,False,NONE,0.0,NONE,AGGRESSIVE_BUY
2012-08-17,2012,1614.76,NO_SWEEP,21077.7374,61875.2626,82953.0,-1.1442,-40797.5253,-0.49181,16778.6283,SELL,False,NONE,0.25,NONE,AGGRESSIVE_SELL
2012-08-20,2012,1620.13,NO_SWEEP,62383.1983,8515.8017,70899.0,-1.7086,53867.3966,0.75978,17037.2902,BUY,False,NONE,0.25,NONE,AGGRESSIVE_BUY
2012-08-21,2012,1637.33,BUY_SIDE_SWEEP,75121.3736,10193.6264,85315.0,-0.7178,64927.7473,0.76104,16379.6209,BUY,False,NONE,0.0,NONE,AGGRESSIVE_BUY
2012-08-22,2012,1653.94,BUY_SIDE_SWEEP,81075.6,9008.4,90084.0,-0.3347,72067.2,0.8,19006.17,BUY,False,NONE,0.0,NONE,AGGRESSIVE_BUY
2012-08-23,2012,1670.55,BUY_SIDE_SWEEP,97471.5534,14861.4466,112333.0,1.1816,82610.1068,0.7354,39022.5334,BUY,False,NONE,0.35,NONE,AGGRESSIVE_BUY
2012-08-24,2012,1669.44,NO_SWEEP,39581.8009,49679.1991,89261.0,-0.3375,-10097.3982,-0.11312,43718.3967,NEUTRAL,False,NONE,0.25,NONE,NEUTRAL
2012-08-27,2012,1664.2,NO_SWEEP,8654.3,77888.7,86543.0,-0.7473,-69234.4,-0.8,26704.1243,SELL,False,NONE,0.0,NONE,AGGRESSIVE_SELL
2012-08-28,2012,1666.56,NO_SWEEP,65390.6438,23469.3562,88860.0,-0.4804,41921.2876,0.47177,24408.0519,BUY,False,NONE,0.25,NONE,AGGRESSIVE_BUY
2012-08-29,2012,1656.03,NO_SWEEP,12397.9193,70902.0807,83300.0,-0.9125,-58504.1615,-0.70233,22194.7223,SELL,False,NONE,0.0,NONE,AGGRESSIVE_SELL
2012-08-30,2012,1655.08,NO_SWEEP,16616.8106,63531.1894,80148.0,-1.1844,-46914.3788,-0.58535,9597.0004,SELL,False,NONE,0.25,NONE,AGGRESSIVE_SELL
2012-08-31,2012,1690.8,BUY_SIDE_SWEEP,84771.0,9419.0,94190.0,0.4295,75352.0,0.8,10900.032,BUY,False,NONE,0.0,NONE,AGGRESSIVE_BUY
2012-09-03,2012,1692.3,NO_SWEEP,50536.8,5615.2,56152.0,-2.862,44921.6,0.8,7506.832,BUY,False,NONE,0.0,NONE,AGGRESSIVE_BUY
2012-09-04,2012,1695.72,BUY_SIDE_SWEEP,73168.168,19321.832,92490.0,0.3303,53846.3361,0.58219,3911.3607,BUY,False,NONE,0.25,NONE,AGGRESSIVE_BUY
2012-09-05,2012,1692.8,NO_SWEEP,42828.3571,50752.6429,93581.0,0.4972,-7924.2858,-0.08468,4182.9997,NEUTRAL,False,NONE,0.25,NONE,NEUTRAL
2012-09-06,2012,1700.04,BUY_SIDE_SWEEP,79687.082,59416.918,139104.0,3.1292,20270.1639,0.14572,15371.0702,NEUTRAL,True,NONE,0.6,NONE,NEUTRAL
2012-09-07,2012,1735.7,BUY_SIDE_SWEEP,118243.8,13138.2,131382.0,2.1811,105105.6,0.8,23269.1092,BUY,False,NONE,0.35,NONE,AGGRESSIVE_BUY
2012-09-10,2012,1726.0,NO_SWEEP,12763.3,114869.7,127633.0,1.733,-102106.4,-0.8,17818.8294,SELL,False,NONE,0.35,NONE,AGGRESSIVE_SELL
2012-09-11,2012,1732.03,NO_SWEEP,77035.6313,40108.3687,117144.0,1.1043,36927.2625,0.31523,28299.0346,BUY,False,NONE,0.35,NONE,AGGRESSIVE_BUY
2012-09-12,2012,1730.64,NO_SWEEP,26147.8687,122257.1313,148405.0,2.1818,-96109.2626,-0.64761,6866.3768,SELL,True,NONE,0.6,NONE,AGGRESSIVE_SELL
2012-09-13,2012,1766.12,BUY_SIDE_SWEEP,144773.1,16085.9,160859.0,2.217,128687.2,0.8,17337.0768,BUY,False,NONE,0.35,NONE,AGGRESSIVE_BUY
2012-09-14,2012,1770.35,NO_SWEEP,101180.9838,74031.0162,175212.0,2.242,27149.9676,0.15495,14000.0307,NEUTRAL,True,NONE,0.6,NONE,NEUTRAL
2012-09-17,2012,1761.14,NO_SWEEP,30551.4722,104850.5278,135402.0,0.8586,-74299.0556,-0.54873,5703.1845,SELL,False,NONE,0.0,NONE,AGGRESSIVE_SELL
2012-09-18,2012,1771.25,NO_SWEEP,153999.0,17111.0,171110.0,1.7624,136888.0,0.8,20280.414,BUY,False,NONE,0.35,NONE,AGGRESSIVE_BUY
2012-09-19,2012,1770.02,NO_SWEEP,49404.2717,100907.7283,150312.0,1.0176,-51503.4566,-0.34264,704.2819,SELL,True,NONE,0.6,NONE,AGGRESSIVE_SELL
2012-09-20,2012,1768.5,NO_SWEEP,85837.2689,70767.7311,156605.0,1.1043,15069.5377,0.09623,15351.2741,NEUTRAL,True,NONE,0.6,NONE,NEUTRAL
2012-09-21,2012,1773.03,NO_SWEEP,82977.5485,77821.4515,160799.0,1.1077,5156.097,0.03207,11379.8784,NEUTRAL,True,NONE,0.6,NONE,NEUTRAL
2012-09-24,2012,1764.15,NO_SWEEP,57325.2766,101039.7234,158365.0,0.9387,-43714.4468,-0.27604,17929.2304,SELL,False,NONE,0.0,NONE,AGGRESSIVE_SELL
2012-09-25,2012,1760.84,NO_SWEEP,16105.4,144948.6,161054.0,0.9201,-128843.2,-0.8,-14262.0696,SELL,False,NONE,0.25,NONE,AGGRESSIVE_SELL
2012-09-26,2012,1752.21,NO_SWEEP,54958.7603,90526.2397,145485.0,0.3906,-35567.4794,-0.24448,-22101.7505,SELL,False,NONE,0.25,NONE,AGGRESSIVE_SELL
2012-09-27,2012,1777.05,NO_SWEEP,141346.8,15705.2,157052.0,0.6681,125641.6,0.8,2890.8315,BUY,False,NONE,0.0,NONE,AGGRESSIVE_BUY
2012-09-28,2012,1771.68,NO_SWEEP,31818.3221,130664.6779,162483.0,0.7623,-98846.3559,-0.60835,-26575.963,SELL,False,NONE,0.25,NONE,AGGRESSIVE_SELL
2012-10-01,2012,1775.27,NO_SWEEP,100047.3163,67945.6837,167993.0,0.9777,32101.6327,0.19109,-16125.3268,BUY,False,NONE,0.25,NONE,AGGRESSIVE_BUY
2012-10-02,2012,1774.74,NO_SWEEP,30543.0387,107693.9613,138237.0,-0.4964,-77150.9225,-0.55811,-27652.8844,SELL,False,NONE,0.25,NONE,AGGRESSIVE_SELL
2012-10-03,2012,1777.46,NO_SWEEP,103928.9877,39882.0123,143811.0,-0.439,64046.9754,0.44536,-20291.5246,BUY,False,NONE,0.0,NONE,AGGRESSIVE_BUY
2012-10-04,2012,1790.09,NO_SWEEP,130209.528,32494.472,162704.0,0.7376,97715.056,0.60057,-2612.8367,BUY,False,NONE,0.0,NONE,AGGRESSIVE_BUY
2012-10-05,2012,1780.29,NO_SWEEP,33507.4663,109002.5337,142510.0,-0.666,-75495.0673,-0.52975,4055.6799,SELL,False,NONE,0.0,NONE,AGGRESSIVE_SELL
2012-10-08,2012,1774.86,NO_SWEEP,57197.1283,69544.8717,126742.0,-1.7421,-12347.7433,-0.09742,6958.1469,NEUTRAL,False,NONE,0.25,NONE,NEUTRAL
2012-10-09,2012,1764.16,NO_SWEEP,19216.9905,123227.0095,142444.0,-0.8811,-104010.0189,-0.73018,-21748.3055,SELL,False,NONE,0.0,NONE,AGGRESSIVE_SELL
2012-10-10,2012,1762.32,NO_SWEEP,46801.2926,92859.7074,139661.0,-1.0434,-46058.4149,-0.32979,-15149.8129,SELL,False,NONE,0.25,NONE,AGGRESSIVE_SELL
2012-10-11,2012,1767.13,NO_SWEEP,91391.4365,44776.5635,136168.0,-1.1868,46614.8731,0.34233,-13335.6578,BUY,False,NONE,0.0,NONE,AGGRESSIVE_BUY
2012-10-12,2012,1754.19,SELL_SIDE_SWEEP,13207.4,118866.6,132074.0,-1.3885,-105659.2,-0.8,-16899.1925,SELL,False,NONE,0.0,NONE,AGGRESSIVE_SELL
2012-10-15,2012,1737.87,SELL_SIDE_SWEEP,42445.7981,109243.2019,151689.0,0.1088,-66797.4038,-0.44036,-33254.7399,SELL,False,NONE,0.0,NONE,AGGRESSIVE_SELL
2012-10-16,2012,1747.52,NO_SWEEP,108476.1,12052.9,120529.0,-2.1285,96423.2,0.8,-33416.2219,BUY,False,NONE,0.0,NONE,AGGRESSIVE_BUY
2012-10-17,2012,1749.86,NO_SWEEP,93511.1607,28807.8393,122319.0,-1.7276,64703.3215,0.52897,-15891.4233,BUY,False,NONE,0.25,NONE,AGGRESSIVE_BUY
2012-10-18,2012,1741.07,NO_SWEEP,18732.7866,105534.2134,124267.0,-1.4127,-86801.4269,-0.69851,-25198.1337,SELL,False,NONE,0.0,NONE,AGGRESSIVE_SELL
2012-10-19,2012,1721.75,SELL_SIDE_SWEEP,24718.1417,132738.8583,157457.0,0.8903,-108020.7166,-0.68603,-25699.4709,SELL,False,NONE,0.0,NONE,AGGRESSIVE_SELL
2012-10-22,2012,1728.14,NO_SWEEP,128215.8,14246.2,142462.0,-0.0994,113969.6,0.8,-5695.9691,BUY,False,NONE,0.0,NONE,AGGRESSIVE_BUY
2012-10-23,2012,1707.3,SELL_SIDE_SWEEP,16173.3,145559.7,161733.0,1.2672,-129386.4,-0.8,-27696.1282,SELL,False,NONE,0.35,NONE,AGGRESSIVE_SELL
2012-10-24,2012,1701.71,SELL_SIDE_SWEEP,21446.0039,129639.9961,151086.0,0.4882,-108193.9922,-0.71611,-28012.9772,SELL,False,NONE,0.0,NONE,AGGRESSIVE_SELL
2012-10-25,2012,1711.43,NO_SWEEP,102216.3462,40283.6538,142500.0,-0.0681,61932.6923,0.43462,-11921.7152,BUY,False,NONE,0.0,NONE,AGGRESSIVE_BUY
2012-10-26,2012,1710.89,NO_SWEEP,59790.3472,91508.6528,151299.0,0.6332,-31718.3056,-0.20964,-27939.4034,SELL,False,NONE,0.25,NONE,AGGRESSIVE_SELL
2012-10-29,2012,1709.14,NO_SWEEP,19032.6329,76555.3671,95588.0,-2.7972,-57522.7342,-0.60178,-43217.6604,SELL,False,NONE,0.25,NONE,AGGRESSIVE_SELL
2012-10-30,2012,1708.62,NO_SWEEP,54727.2083,42725.7917,97453.0,-2.1994,12001.4165,0.12315,-30867.305,NEUTRAL,False,NONE,0.25,NONE,NEUTRAL
2012-10-31,2012,1720.32,NO_SWEEP,110862.5756,33952.4244,144815.0,0.4165,76910.1513,0.53109,-7750.9465,BUY,False,NONE,0.0,NONE,AGGRESSIVE_BUY
2012-11-01,2012,1713.97,NO_SWEEP,13077.4,117696.6,130774.0,-0.2856,-104619.2,-0.8,-35074.5465,SELL,False,NONE,0.0,NONE,AGGRESSIVE_SELL
2012-11-02,2012,1677.42,SELL_SIDE_SWEEP,15333.0,137997.0,153330.0,0.9751,-122664.0,-0.8,-34234.2465,SELL,False,NONE,0.0,NONE,AGGRESSIVE_SELL
2012-11-05,2012,1684.46,NO_SWEEP,127418.4,14157.6,141576.0,0.2645,113260.8,0.8,-6552.3975,BUY,False,NONE,0.0,NONE,AGGRESSIVE_BUY
2012-11-06,2012,1716.02,NO_SWEEP,133897.5,14877.5,148775.0,0.6533,119020.0,0.8,583.516,BUY,False,NONE,0.0,NONE,AGGRESSIVE_BUY
2012-11-07,2012,1717.18,NO_SWEEP,139571.5941,76865.4059,216437.0,3.0548,62706.1882,0.28972,12386.5777,BUY,True,NONE,0.6,NONE,AGGRESSIVE_BUY
2012-11-08,2012,1731.57,NO_SWEEP,137524.8452,16531.1548,154056.0,0.486,120993.6904,0.78539,34701.1308,BUY,False,NONE,0.0,NONE,AGGRESSIVE_BUY
2012-11-09,2012,1730.84,NO_SWEEP,85708.3978,77625.6022,163334.0,0.7875,8082.7955,0.04949,34211.3032,NEUTRAL,False,NONE,0.25,NONE,NEUTRAL
2012-11-12,2012,1728.47,NO_SWEEP,21531.5989,109885.4011,131417.0,-0.443,-88353.8023,-0.67232,13553.309,SELL,False,NONE,0.0,NONE,AGGRESSIVE_SELL
2012-11-13,2012,1725.2,NO_SWEEP,53449.3669,102358.6331,155808.0,0.4634,-48909.2662,-0.31391,20517.0507,SELL,False,NONE,0.25,NONE,AGGRESSIVE_SELL
2012-11-14,2012,1726.72,NO_SWEEP,97003.0679,60107.9321,157111.0,0.4529,36895.1357,0.23483,40461.9427,BUY,False,NONE,0.25,NONE,AGGRESSIVE_BUY
2012-11-15,2012,1716.05,NO_SWEEP,51428.5996,98353.4004,149782.0,0.1023,-46924.8009,-0.31329,20438.7426,SELL,False,NONE,0.0,NONE,AGGRESSIVE_SELL
2012-11-16,2012,1713.57,NO_SWEEP,72933.6462,79755.3538,152689.0,0.2347,-6821.7075,-0.04468,4708.5291,NEUTRAL,False,NONE,0.25,NONE,NEUTRAL
2012-11-19,2012,1731.63,NO_SWEEP,111474.4129,16322.5871,127797.0,-0.7687,95151.8257,0.74455,8764.2338,BUY,False,NONE,0.0,NONE,AGGRESSIVE_BUY
2012-11-20,2012,1727.63,NO_SWEEP,39548.5699,98523.4301,138072.0,-0.2969,-58974.8602,-0.42713,-13731.835,SELL,False,NONE,0.25,NONE,AGGRESSIVE_SELL
2012-11-21,2012,1728.6,NO_SWEEP,104732.8,26183.2,130916.0,-0.55,78549.6,0.6,-4923.4844,BUY,False,NONE,0.25,NONE,AGGRESSIVE_BUY
2012-11-22,2012,1729.74,NO_SWEEP,34691.2826,31348.7174,66040.0,-2.5168,3342.5651,0.05061,6538.5615,NEUTRAL,False,NONE,0.25,NONE,NEUTRAL
2012-11-23,2012,1751.13,BUY_SIDE_SWEEP,102525.3,11391.7,113917.0,-0.8202,91133.6,0.8,24043.9198,BUY,False,NONE,0.0,NONE,AGGRESSIVE_BUY
2012-11-26,2012,1748.56,NO_SWEEP,41002.2512,96322.7488,137325.0,-0.1147,-55320.4976,-0.40284,12516.9656,SELL,False,NONE,0.25,NONE,AGGRESSIVE_SELL
2012-11-27,2012,1742.01,NO_SWEEP,14654.4123,130102.5877,144757.0,0.0687,-115448.1753,-0.79753,3951.5438,SELL,False,NONE,0.0,NONE,AGGRESSIVE_SELL
2012-11-28,2012,1719.3,NO_SWEEP,44054.2266,127902.7734,171957.0,1.0146,-83848.5468,-0.48761,-5676.8111,SELL,False,NONE,0.35,NONE,AGGRESSIVE_SELL
2012-11-29,2012,1725.7,NO_SWEEP,119491.4719,27247.5281,146739.0,0.0608,92243.9439,0.62863,-6040.2964,BUY,False,NONE,0.0,NONE,AGGRESSIVE_BUY
2012-11-30,2012,1714.13,NO_SWEEP,26226.4315,126399.5685,152626.0,0.2795,-100173.137,-0.65633,-11190.081,SELL,False,NONE,0.0,NONE,AGGRESSIVE_SELL
2012-12-03,2012,1715.53,NO_SWEEP,70009.1258,66887.8742,136897.0,-0.2921,3121.2516,0.0228,-20618.6245,NEUTRAL,False,NONE,0.25,NONE,NEUTRAL
2012-12-04,2012,1697.38,SELL_SIDE_SWEEP,29144.9824,147115.0176,176260.0,1.0745,-117970.0352,-0.6693,-35782.6995,SELL,False,NONE,0.35,NONE,AGGRESSIVE_SELL
2012-12-05,2012,1693.74,NO_SWEEP,43025.2211,108140.7789,151166.0,0.3587,-65115.5578,-0.43076,-55313.8443,SELL,False,NONE,0.25,NONE,AGGRESSIVE_SELL
2012-12-06,2012,1699.87,NO_SWEEP,136073.0782,21248.9218,157322.0,0.6174,114824.1564,0.72987,-34045.7625,BUY,False,NONE,0.0,NONE,AGGRESSIVE_BUY
2012-12-07,2012,1703.59,NO_SWEEP,134390.7,14932.3,149323.0,0.3062,119458.4,0.8,-4682.4406,BUY,False,NONE,0.25,NONE,AGGRESSIVE_BUY
2012-12-10,2012,1712.85,NO_SWEEP,79611.5956,21040.4044,100652.0,-1.6545,58571.1912,0.58192,13120.0266,BUY,False,NONE,0.0,NONE,AGGRESSIVE_BUY
2012-12-11,2012,1709.91,NO_SWEEP,44934.2623,73994.7377,118929.0,-0.82,-29060.4753,-0.24435,-2043.0258,SELL,False,NONE,0.25,NONE,AGGRESSIVE_SELL
2012-12-12,2012,1711.51,NO_SWEEP,79230.45,82268.55,161499.0,0.9024,-3038.1,-0.01881,10098.8539,NEUTRAL,False,NONE,0.25,NONE,NEUTRAL
2012-12-13,2012,1697.22,NO_SWEEP,47723.2915,141480.7085,189204.0,1.7836,-93757.417,-0.49554,-2010.9797,SELL,False,NONE,0.35,NONE,AGGRESSIVE_SELL
2012-12-14,2012,1695.38,NO_SWEEP,28387.5463,104886.4537,133274.0,-0.2594,-76498.9073,-0.574,3172.9113,SELL,False,NONE,0.25,NONE,AGGRESSIVE_SELL
2012-12-17,2012,1698.01,NO_SWEEP,76500.6014,49577.3986,126078.0,-0.5236,26923.2027,0.21354,14677.7563,BUY,False,NONE,0.25,NONE,AGGRESSIVE_BUY
2012-12-18,2012,1670.48,SELL_SIDE_SWEEP,25771.9022,135901.0978,161673.0,0.746,-110129.1957,-0.68118,-13441.4127,SELL,False,NONE,0.0,NONE,AGGRESSIVE_SELL
2012-12-19,2012,1666.83,NO_SWEEP,27002.0245,117250.9755,144253.0,0.0831,-90248.951,-0.62563,-39654.8315,SELL,False,NONE,0.0,NONE,AGGRESSIVE_SELL
2012-12-20,2012,1647.15,SELL_SIDE_SWEEP,33998.3428,117077.6572,151076.0,0.2313,-83079.3144,-0.54992,-57361.1447,SELL,False,NONE,0.0,NONE,AGGRESSIVE_SELL
2012-12-21,2012,1657.04,NO_SWEEP,131129.1,14569.9,145699.0,-0.1094,116559.2,0.8,-39158.6853,BUY,False,NONE,0.0,NONE,AGGRESSIVE_BUY
2012-12-24,2012,1658.25,NO_SWEEP,46306.3688,28113.6312,74420.0,-2.7883,18192.7377,0.24446,-36504.8306,BUY,False,NONE,0.25,NONE,AGGRESSIVE_BUY
2012-12-26,2012,1659.96,NO_SWEEP,32224.659,25162.341,57387.0,-2.6264,7062.318,0.12306,-23902.3637,NEUTRAL,False,NONE,0.25,NONE,NEUTRAL
2012-12-27,2012,1663.86,NO_SWEEP,81663.3,9073.7,90737.0,-1.4025,72589.6,0.8,-5266.3003,BUY,False,NONE,0.0,NONE,AGGRESSIVE_BUY
2012-12-28,2012,1655.16,NO_SWEEP,7915.8,71242.2,79158.0,-1.5511,-63326.4,-0.8,-16547.5007,SELL,False,NONE,0.0,NONE,AGGRESSIVE_SELL
2012-12-31,2012,1674.87,NO_SWEEP,55738.8,6193.2,61932.0,-1.7679,49545.6,0.8,3411.8488,BUY,False,NONE,0.0,NONE,AGGRESSIVE_BUY
2013-01-02,2013,1686.61,NO_SWEEP,93671.8853,28223.1147,121895.0,-0.1519,65448.7706,0.53693,22874.064,BUY,False,NONE,0.0,NONE,AGGRESSIVE_BUY
2013-01-03,2013,1663.17,NO_SWEEP,12762.7,114864.3,127627.0,0.0687,-102101.6,-0.8,20496.2783,SELL,False,NONE,0.0,NONE,AGGRESSIVE_SELL
2013-01-04,2013,1655.75,NO_SWEEP,109084.2514,90144.7486,199229.0,1.8383,18939.5027,0.09506,8293.8161,NEUTRAL,True,NONE,0.6,NONE,NEUTRAL
2013-01-07,2013,1646.98,NO_SWEEP,22298.5251,124042.4749,146341.0,0.5001,-101743.9498,-0.69525,-6698.2698,SELL,False,NONE,0.0,NONE,AGGRESSIVE_SELL
2013-01-08,2013,1658.65,NO_SWEEP,118962.9332,23475.0668,142438.0,0.4098,95487.8665,0.67038,4354.9238,BUY,False,NONE,0.0,NONE,AGGRESSIVE_BUY
2013-01-09,2013,1657.57,NO_SWEEP,39022.662,90456.338,129479.0,0.0359,-51433.676,-0.39724,-11147.9858,SELL,False,NONE,0.25,NONE,AGGRESSIVE_SELL
2013-01-10,2013,1674.68,NO_SWEEP,108668.4717,14022.5283,122691.0,-0.1479,94645.9435,0.77142,8598.5572,BUY,False,NONE,0.0,NONE,AGGRESSIVE_BUY
2013-01-11,2013,1662.71,NO_SWEEP,37408.3451,95655.6549,133064.0,0.1661,-58247.3098,-0.43774,-4875.5565,SELL,False,NONE,0.0,NONE,AGGRESSIVE_SELL
2013-01-14,2013,1667.59,NO_SWEEP,74958.2308,37901.7692,112860.0,-0.2963,37056.4615,0.32834,-8424.5952,BUY,False,NONE,0.0,NONE,AGGRESSIVE_BUY
2013-01-15,2013,1679.12,NO_SWEEP,110246.1659,31457.8341,141704.0,0.5263,78788.3319,0.55601,14186.6463,BUY,False,NONE,0.0,NONE,AGGRESSIVE_BUY
2013-01-16,2013,1679.41,NO_SWEEP,45041.2482,76486.7518,121528.0,-0.05,-31445.5036,-0.25875,7888.5205,SELL,False,NONE,0.25,NONE,AGGRESSIVE_SELL
2013-01-17,2013,1687.6,NO_SWEEP,112590.4509,28555.5491,141146.0,0.5603,84034.9017,0.59538,31110.877,BUY,False,NONE,0.25,NONE,AGGRESSIVE_BUY
2013-01-18,2013,1683.31,NO_SWEEP,11804.7,106242.3,118047.0,-0.0862,-94437.6,-0.8,7370.1936,SELL,False,NONE,0.25,NONE,AGGRESSIVE_SELL
2013-01-21,2013,1689.62,NO_SWEEP,55753.9948,14394.0052,70148.0,-1.3596,41359.9896,0.58961,18969.4019,BUY,False,NONE,0.25,NONE,AGGRESSIVE_BUY
2013-01-22,2013,1691.93,NO_SWEEP,80664.0977,34956.9023,115621.0,0.0074,45707.1953,0.39532,12852.0583,BUY,False,NONE,0.25,NONE,AGGRESSIVE_BUY
2013-01-23,2013,1685.73,NO_SWEEP,13804.209,91993.791,105798.0,-0.343,-78189.582,-0.73905,10359.2743,SELL,False,NONE,0.0,NONE,AGGRESSIVE_SELL
2013-01-24,2013,1667.77,NO_SWEEP,13969.8,125728.2,139698.0,0.6258,-111758.4,-0.8,-8242.5834,SELL,False,NONE,0.0,NONE,AGGRESSIVE_SELL
2013-01-25,2013,1658.91,NO_SWEEP,17981.6,120598.4,138580.0,0.5187,-102616.8,-0.74049,-30918.2249,SELL,False,NONE,0.0,NONE,AGGRESSIVE_SELL
2013-01-28,2013,1655.67,SELL_SIDE_SWEEP,31228.9062,91515.0938,122744.0,-0.1055,-60286.1877,-0.49115,-34523.3104,SELL,False,NONE,0.0,NONE,AGGRESSIVE_SELL
2013-01-29,2013,1663.65,NO_SWEEP,94794.78,15817.22,110612.0,-0.7436,78977.56,0.71401,-35155.4781,BUY,False,NONE,0.0,NONE,AGGRESSIVE_BUY
2013-01-30,2013,1676.71,NO_SWEEP,101939.8333,31025.1667,132965.0,0.1855,70914.6667,0.53333,-14486.4448,BUY,False,NONE,0.0,NONE,AGGRESSIVE_BUY
2013-01-31,2013,1663.44,NO_SWEEP,23724.9353,113460.0647,137185.0,0.344,-89735.1294,-0.65412,-30873.3346,SELL,False,NONE,0.0,NONE,AGGRESSIVE_SELL
2013-02-01,2013,1667.11,NO_SWEEP,73514.7925,65638.2075,139153.0,0.7502,7876.5849,0.0566,-35602.1609,NEUTRAL,False,NONE,0.25,NONE,NEUTRAL
2013-02-04,2013,1674.16,NO_SWEEP,106744.3474,18745.6526,125490.0,0.0264,87998.6948,0.70124,-14828.6263,BUY,False,NONE,0.25,NONE,AGGRESSIVE_BUY
2013-02-05,2013,1672.74,NO_SWEEP,34256.1247,112475.8753,146732.0,1.2608,-78219.7506,-0.53308,-10636.2952,SELL,True,NONE,0.6,NONE,AGGRESSIVE_SELL
2013-02-06,2013,1677.47,NO_SWEEP,104583.5606,17783.4394,122367.0,-0.1493,86800.1211,0.70934,13040.82,BUY,False,NONE,0.0,NONE,AGGRESSIVE_BUY
2013-02-07,2013,1671.4,NO_SWEEP,40528.2625,111412.7375,151941.0,1.4217,-70884.4749,-0.46653,11716.0341,SELL,True,NONE,0.6,NONE,AGGRESSIVE_SELL
2013-02-08,2013,1666.97,NO_SWEEP,20716.2033,110628.7967,131345.0,0.2819,-89912.5935,-0.68455,-9395.2351,SELL,False,NONE,0.0,NONE,AGGRESSIVE_SELL
2013-02-11,2013,1647.84,SELL_SIDE_SWEEP,13718.0953,110365.9047,124084.0,-0.1559,-96647.8094,-0.77889,-30340.5446,SELL,False,NONE,0.0,NONE,AGGRESSIVE_SELL
2013-02-12,2013,1650.85,NO_SWEEP,122757.5408,17012.4592,139770.0,0.7387,105745.0816,0.75656,-5905.5183,BUY,False,NONE,0.25,NONE,AGGRESSIVE_BUY
2013-02-13,2013,1642.35,NO_SWEEP,14163.0169,126276.9831,140440.0,0.715,-112113.9661,-0.79831,-20904.3371,SELL,False,NONE,0.0,NONE,AGGRESSIVE_SELL
2013-02-14,2013,1634.25,SELL_SIDE_SWEEP,15229.3,137063.7,152293.0,1.3063,-121834.4,-0.8,-47133.474,SELL,False,NONE,0.35,NONE,AGGRESSIVE_SELL
2013-02-15,2013,1609.23,SELL_SIDE_SWEEP,38383.8367,145619.1633,184003.0,2.399,-107235.3265,-0.58279,-50760.421,SELL,False,NONE,0.35,NONE,AGGRESSIVE_SELL
2013-02-18,2013,1609.63,NO_SWEEP,52559.1071,63015.8929,115575.0,-1.0583,-10456.7857,-0.09048,-62917.5343,NEUTRAL,False,NONE,0.25,NONE,NEUTRAL
2013-02-19,2013,1604.65,NO_SWEEP,31883.1021,135934.8979,167818.0,1.7237,-104051.7959,-0.62003,-67063.4494,SELL,False,NONE,0.35,NONE,AGGRESSIVE_SELL
2013-02-20,2013,1563.94,SELL_SIDE_SWEEP,26043.9,234395.1,260439.0,3.6884,-208351.2,-0.8,-81868.2752,SELL,False,NONE,0.35,NONE,AGGRESSIVE_SELL
2013-02-21,2013,1575.91,NO_SWEEP,206169.8963,55486.1037,261656.0,2.7458,150683.7927,0.57589,-50951.825,BUY,True,NONE,0.6,NONE,AGGRESSIVE_BUY
2013-02-22,2013,1580.46,NO_SWEEP,141862.9171,53249.0829,195112.0,1.0099,88613.8342,0.45417,-53093.2309,BUY,True,NONE,0.6,NONE,AGGRESSIVE_BUY
2013-02-25,2013,1593.83,NO_SWEEP,182507.1663,20588.8337,203096.0,1.0857,161918.3325,0.79725,-18839.1936,BUY,False,NONE,0.35,NONE,AGGRESSIVE_BUY
2013-02-26,2013,1613.66,NO_SWEEP,229393.5089,33195.4911,262589.0,2.0941,196198.0178,0.74717,20914.8586,BUY,False,NONE,0.35,NONE,AGGRESSIVE_BUY
2013-02-27,2013,1597.05,NO_SWEEP,29063.9568,163114.0432,192178.0,0.527,-134050.0864,-0.69753,17563.0136,SELL,False,NONE,0.0,NONE,AGGRESSIVE_SELL
2013-02-28,2013,1579.99,NO_SWEEP,26673.1977,186864.8023,213538.0,0.8951,-160191.6046,-0.75018,-1153.8387,SELL,False,NONE,0.0,NONE,AGGRESSIVE_SELL
2013-03-01,2013,1576.23,NO_SWEEP,82768.6735,149882.3265,232651.0,1.1727,-67113.653,-0.28847,3463.4292,SELL,True,NONE,0.6,NONE,AGGRESSIVE_SELL
2013-03-04,2013,1573.63,NO_SWEEP,33493.206,141121.794,174615.0,-0.0855,-107628.588,-0.61638,16053.7557,SELL,False,NONE,0.0,NONE,AGGRESSIVE_SELL
2013-03-05,2013,1575.3,NO_SWEEP,72571.8639,84831.1361,157403.0,-0.468,-12259.2721,-0.07788,-4314.1274,NEUTRAL,False,NONE,0.25,NONE,NEUTRAL
2013-03-06,2013,1583.46,NO_SWEEP,146016.0,16224.0,162240.0,-0.4219,129792.0,0.8,833.1433,BUY,False,NONE,0.0,NONE,AGGRESSIVE_BUY
2013-03-07,2013,1578.76,NO_SWEEP,38902.5166,113387.4834,152290.0,-0.6445,-74484.9668,-0.4891,-28717.2691,SELL,False,NONE,0.0,NONE,AGGRESSIVE_SELL
2013-03-08,2013,1578.55,NO_SWEEP,155937.8364,30300.1636,186238.0,0.0539,125637.6727,0.67461,-37537.3123,BUY,False,NONE,0.25,NONE,AGGRESSIVE_BUY
2013-03-11,2013,1581.59,NO_SWEEP,93076.2928,17688.7072,110765.0,-1.6353,75387.5856,0.68061,-11357.6033,BUY,False,NONE,0.0,NONE,AGGRESSIVE_BUY
2013-03-12,2013,1592.74,NO_SWEEP,97920.7733,26866.2267,124787.0,-1.2776,71054.5465,0.56941,17548.1656,BUY,False,NONE,0.0,NONE,AGGRESSIVE_BUY
2013-03-13,2013,1587.54,NO_SWEEP,12176.9,109592.1,121769.0,-1.2939,-97415.2,-0.8,13760.4722,SELL,False,NONE,0.0,NONE,AGGRESSIVE_SELL
2013-03-14,2013,1590.13,NO_SWEEP,114411.5658,17390.4342,131802.0,-1.0354,97021.1317,0.73611,39341.6872,BUY,False,NONE,0.25,NONE,AGGRESSIVE_BUY
2013-03-15,2013,1591.95,NO_SWEEP,57203.5445,51266.4555,108470.0,-1.3769,5937.089,0.05473,41616.2323,NEUTRAL,False,NONE,0.25,NONE,NEUTRAL
2013-03-18,2013,1605.01,BUY_SIDE_SWEEP,122960.5295,35257.4705,158218.0,-0.4323,87703.059,0.55432,36355.1147,BUY,False,NONE,0.25,NONE,AGGRESSIVE_BUY
2013-03-19,2013,1612.23,BUY_SIDE_SWEEP,111613.9223,19915.0777,131529.0,-0.932,91698.8445,0.69718,57128.0911,BUY,False,NONE,0.0,NONE,AGGRESSIVE_BUY
2013-03-20,2013,1605.95,NO_SWEEP,21353.7772,97367.2228,118721.0,-1.103,-76013.4457,-0.64027,31921.7013,SELL,False,NONE,0.0,NONE,AGGRESSIVE_SELL
2013-03-21,2013,1614.49,NO_SWEEP,85041.9069,13068.0931,98110.0,-1.4494,71973.8138,0.7336,31494.9799,BUY,False,NONE,0.0,NONE,AGGRESSIVE_BUY
2013-03-22,2013,1608.42,NO_SWEEP,26533.209,71167.791,97701.0,-1.3058,-44634.5819,-0.45685,17033.8388,SELL,False,NONE,0.0,NONE,AGGRESSIVE_SELL
2013-03-25,2013,1605.14,NO_SWEEP,62287.9594,76385.0406,138673.0,-0.34,-14097.0813,-0.10166,27448.6036,NEUTRAL,False,NONE,0.25,NONE,NEUTRAL
2013-03-26,2013,1599.22,NO_SWEEP,29528.4654,74786.5346,104315.0,-1.0993,-45258.0693,-0.43386,9663.7035,SELL,False,NONE,0.0,NONE,AGGRESSIVE_SELL
2013-03-27,2013,1605.11,NO_SWEEP,103580.4164,15881.5836,119462.0,-0.6207,87698.8328,0.73411,19883.9215,BUY,False,NONE,0.25,NONE,AGGRESSIVE_BUY
2013-03-28,2013,1596.1,NO_SWEEP,12624.4181,103120.5819,115745.0,-0.6508,-90496.1639,-0.78186,-2390.9814,SELL,False,NONE,0.0,NONE,AGGRESSIVE_SELL
2013-04-01,2013,1599.5,NO_SWEEP,41014.1525,36734.8475,77749.0,-1.8824,4279.305,0.05504,-13318.4238,NEUTRAL,False,NONE,0.25,NONE,NEUTRAL
2013-04-02,2013,1575.96,SELL_SIDE_SWEEP,12051.9,108467.1,120519.0,-0.247,-96415.2,-0.8,-15868.6431,SELL,False,NONE,0.0,NONE,AGGRESSIVE_SELL
2013-04-03,2013,1557.2,SELL_SIDE_SWEEP,32028.9938,131300.0062,163329.0,1.3972,-99271.0124,-0.6078,-37274.2464,SELL,False,NONE,0.35,NONE,AGGRESSIVE_SELL
2013-04-04,2013,1554.66,NO_SWEEP,95203.9307,86168.0693,181372.0,1.9381,9035.8614,0.04982,-30565.441,NEUTRAL,True,NONE,0.6,NONE,NEUTRAL
2013-04-05,2013,1580.79,NO_SWEEP,147402.0,16378.0,163780.0,1.2496,131024.0,0.8,-12425.3058,BUY,False,NONE,0.35,NONE,AGGRESSIVE_BUY
2013-04-08,2013,1573.53,NO_SWEEP,31295.6412,79389.3588,110685.0,-0.567,-48093.7176,-0.43451,-12779.7618,SELL,False,NONE,0.0,NONE,AGGRESSIVE_SELL
2013-04-09,2013,1585.19,NO_SWEEP,98001.2594,21766.7406,119768.0,-0.2236,76234.5189,0.63652,-14212.8011,BUY,False,NONE,0.0,NONE,AGGRESSIVE_BUY
2013-04-10,2013,1557.91,NO_SWEEP,16087.8,144790.2,160878.0,1.2967,-128702.4,-0.8,-18988.5806,SELL,False,NONE,0.35,NONE,AGGRESSIVE_SELL
2013-04-11,2013,1560.99,NO_SWEEP,86233.1842,45488.8158,131722.0,0.1574,40744.3683,0.30932,-14430.4477,BUY,False,NONE,0.25,NONE,AGGRESSIVE_BUY
2013-04-12,2013,1482.33,SELL_SIDE_SWEEP,27226.5,245038.5,272265.0,3.3649,-217812.0,-0.8,-29605.0477,SELL,False,NONE,0.35,NONE,AGGRESSIVE_SELL
2013-04-15,2013,1348.0,SELL_SIDE_SWEEP,67903.9,611135.1,679039.0,4.1246,-543231.2,-0.8,-85100.0711,SELL,False,NONE,0.35,NONE,AGGRESSIVE_SELL
2013-04-16,2013,1366.31,NO_SWEEP,310815.8116,144492.1884,455308.0,1.9761,166323.6232,0.3653,-65439.1009,BUY,True,NONE,0.6,NONE,AGGRESSIVE_BUY
2013-04-17,2013,1375.74,NO_SWEEP,172806.3806,140595.6194,313402.0,0.8838,32210.7611,0.10278,-77790.7558,NEUTRAL,False,NONE,0.25,NONE,NEUTRAL
2013-04-18,2013,1390.5,NO_SWEEP,260600.8889,36496.1111,297097.0,0.7023,224104.7779,0.75432,-43765.9438,BUY,False,NONE,0.25,NONE,AGGRESSIVE_BUY
2013-04-19,2013,1403.53,NO_SWEEP,117063.3756,73060.6244,190124.0,-0.074,44002.7513,0.23144,-47794.9148,BUY,False,NONE,0.25,NONE,AGGRESSIVE_BUY
2013-04-22,2013,1425.5,NO_SWEEP,176720.9395,64556.0605,241277.0,0.2383,112164.879,0.46488,-17686.5049,BUY,False,NONE,0.0,NONE,AGGRESSIVE_BUY
2013-04-23,2013,1414.16,NO_SWEEP,57371.4114,190459.5886,247831.0,0.2473,-133088.1773,-0.53701,-39415.5731,SELL,False,NONE,0.0,NONE,AGGRESSIVE_SELL
2013-04-24,2013,1431.45,NO_SWEEP,183637.8,20404.2,204042.0,-0.1035,163233.6,0.8,8215.1269,BUY,False,NONE,0.0,NONE,AGGRESSIVE_BUY
2013-04-25,2013,1466.52,NO_SWEEP,190348.2,21149.8,211498.0,-0.0839,169198.4,0.8,97268.8269,BUY,False,NONE,0.0,NONE,AGGRESSIVE_BUY
2013-04-26,2013,1461.01,NO_SWEEP,67024.3413,205604.6587,272629.0,0.3134,-138580.3174,-0.50831,59155.8343,SELL,False,NONE,0.25,NONE,AGGRESSIVE_SELL
2013-04-29,2013,1474.77,NO_SWEEP,154666.8919,31242.1081,185909.0,-0.3876,123424.7838,0.6639,70557.5871,BUY,False,NONE,0.0,NONE,AGGRESSIVE_BUY
2013-04-30,2013,1476.59,NO_SWEEP,159256.8002,22504.1998,181761.0,-0.4504,136752.6003,0.75238,59638.565,BUY,False,NONE,0.25,NONE,AGGRESSIVE_BUY
2013-05-01,2013,1457.02,NO_SWEEP,67262.1641,150600.8359,217863.0,-0.1902,-83338.6717,-0.38253,43720.8871,SELL,False,NONE,0.0,NONE,AGGRESSIVE_SELL
2013-05-02,2013,1466.96,NO_SWEEP,159836.1062,38286.8938,198123.0,-0.354,121549.2125,0.6135,44893.9288,BUY,False,NONE,0.0,NONE,AGGRESSIVE_BUY
2013-05-03,2013,1470.45,NO_SWEEP,133914.3551,84193.6449,218108.0,-0.219,49720.7102,0.22796,67745.0397,BUY,False,NONE,0.25,NONE,AGGRESSIVE_BUY
2013-05-06,2013,1469.15,NO_SWEEP,33368.8237,113315.1763,146684.0,-0.8163,-79946.3527,-0.54502,37347.5456,SELL,False,NONE,0.25,NONE,AGGRESSIVE_SELL
2013-05-07,2013,1452.07,NO_SWEEP,53787.0509,156477.9491,210265.0,-0.3458,-102690.8982,-0.48839,3361.3833,SELL,False,NONE,0.0,NONE,AGGRESSIVE_SELL
2013-05-08,2013,1473.65,NO_SWEEP,161366.4,17929.6,179296.0,-0.6147,143436.8,0.8,38613.523,BUY,False,NONE,0.0,NONE,AGGRESSIVE_BUY
2013-05-09,2013,1457.13,NO_SWEEP,21734.7666,162030.2334,183765.0,-0.6098,-140295.4669,-0.76345,5648.4917,SELL,False,NONE,0.0,NONE,AGGRESSIVE_SELL
2013-05-10,2013,1447.39,NO_SWEEP,121354.117,144740.883,266095.0,0.0945,-23386.766,-0.08789,-14368.9291,NEUTRAL,False,NONE,0.25,NONE,NEUTRAL
2013-05-13,2013,1430.81,NO_SWEEP,30971.717,155951.283,186923.0,-0.656,-124979.566,-0.66862,-19574.0409,SELL,False,NONE,0.0,NONE,AGGRESSIVE_SELL
2013-05-14,2013,1425.56,NO_SWEEP,28653.3284,200497.6716,229151.0,0.2414,-171844.3432,-0.74992,-56248.2353,SELL,False,NONE,0.25,NONE,AGGRESSIVE_SELL
2013-05-15,2013,1392.86,SELL_SIDE_SWEEP,28099.7,252897.3,280997.0,1.6511,-224797.6,-0.8,-90563.0241,SELL,False,NONE,0.35,NONE,AGGRESSIVE_SELL
2013-05-16,2013,1386.09,SELL_SIDE_SWEEP,119916.8702,178497.1298,298414.0,2.0946,-58580.2596,-0.19631,-87892.2625,SELL,True,NONE,0.6,NONE,AGGRESSIVE_SELL
2013-05-17,2013,1358.89,SELL_SIDE_SWEEP,30036.1,270324.9,300361.0,1.8397,-240288.8,-0.8,-105092.0002,SELL,False,NONE,0.35,NONE,AGGRESSIVE_SELL
2013-05-20,2013,1393.41,NO_SWEEP,323293.5,35921.5,359215.0,2.5346,287372.0,0.8,-87100.1002,BUY,False,NONE,0.35,NONE,AGGRESSIVE_BUY
2013-05-21,2013,1376.38,NO_SWEEP,83631.1587,216913.8413,300545.0,1.2866,-133282.6826,-0.44347,-86223.5022,SELL,False,NONE,0.35,NONE,AGGRESSIVE_SELL
2013-05-22,2013,1369.5,NO_SWEEP,64123.2513,300044.7487,364168.0,2.062,-235921.4974,-0.64784,-112790.3436,SELL,True,NONE,0.6,NONE,AGGRESSIVE_SELL
2013-05-23,2013,1390.8,NO_SWEEP,283924.5181,39726.4819,323651.0,1.2511,244198.0362,0.75451,-66643.1433,BUY,False,NONE,0.35,NONE,AGGRESSIVE_BUY
2013-05-24,2013,1385.79,NO_SWEEP,28659.9416,163401.0584,192061.0,-0.7745,-134741.1167,-0.70155,-62005.24,SELL,False,NONE,0.25,NONE,AGGRESSIVE_SELL
2013-05-27,2013,1394.4,NO_SWEEP,61161.2164,9633.7836,70795.0,-2.2643,51527.4328,0.72784,-27464.6109,BUY,False,NONE,0.0,NONE,AGGRESSIVE_BUY
2013-05-28,2013,1380.98,NO_SWEEP,39918.361,161824.639,201743.0,-0.4809,-121906.2781,-0.60427,-35380.3632,SELL,False,NONE,0.0,NONE,AGGRESSIVE_SELL
2013-05-29,2013,1393.51,NO_SWEEP,164962.8,18329.2,183292.0,-0.7047,146633.6,0.8,12984.9368,BUY,False,NONE,0.0,NONE,AGGRESSIVE_BUY
2013-05-30,2013,1413.95,NO_SWEEP,187713.9,20857.1,208571.0,-0.3664,166856.8,0.8,-2079.4632,BUY,False,NONE,0.0,NONE,AGGRESSIVE_BUY
2013-05-31,2013,1387.64,NO_SWEEP,20404.8,183643.2,204048.0,-0.4176,-163238.4,-0.8,-5823.9279,SELL,False,NONE,0.0,NONE,AGGRESSIVE_SELL
2013-06-03,2013,1411.29,NO_SWEEP,170412.8342,28526.1658,198939.0,-0.5405,141886.6683,0.71322,41402.0928,BUY,False,NONE,0.0,NONE,AGGRESSIVE_BUY
2013-06-04,2013,1399.4,NO_SWEEP,51731.4083,134275.5917,186007.0,-0.6999,-82544.1833,-0.44377,559.3154,SELL,False,NONE,0.0,NONE,AGGRESSIVE_SELL
2013-06-05,2013,1403.74,NO_SWEEP,145540.1041,69322.8959,214863.0,-0.3246,76217.2083,0.35472,26929.106,BUY,False,NONE,0.25,NONE,AGGRESSIVE_BUY
2013-06-06,2013,1413.53,NO_SWEEP,182938.9325,53370.0675,236309.0,-0.0578,129568.865,0.5483,36684.285,BUY,False,NONE,0.0,NONE,AGGRESSIVE_BUY
2013-06-07,2013,1381.96,NO_SWEEP,25247.9,227231.1,252479.0,0.1862,-201983.2,-0.8,26674.6698,SELL,False,NONE,0.0,NONE,AGGRESSIVE_SELL
2013-06-10,2013,1386.28,NO_SWEEP,168061.7303,27819.2697,195881.0,-0.6433,140242.4606,0.71596,25875.7774,BUY,False,NONE,0.0,NONE,AGGRESSIVE_BUY
2013-06-11,2013,1377.88,NO_SWEEP,88405.01,134688.99,223094.0,-0.2426,-46283.98,-0.20746,-766.8201,SELL,False,NONE,0.0,NONE,AGGRESSIVE_SELL
2013-06-12,2013,1388.46,NO_SWEEP,134218.4728,33720.5272,167939.0,-0.9485,100497.9455,0.59842,32200.223,BUY,False,NONE,0.0,NONE,AGGRESSIVE_BUY
2013-06-13,2013,1385.12,NO_SWEEP,78345.5186,136049.4814,214395.0,-0.2273,-57703.9628,-0.26915,7251.3942,SELL,False,NONE,0.25,NONE,AGGRESSIVE_SELL
2013-06-14,2013,1390.25,NO_SWEEP,157779.8185,18545.1815,176325.0,-0.7048,139234.637,0.78965,34973.7467,BUY,False,NONE,0.25,NONE,AGGRESSIVE_BUY
2013-06-17,2013,1385.09,NO_SWEEP,34575.0157,87944.9843,122520.0,-1.4174,-53369.9686,-0.4356,18775.3496,SELL,False,NONE,0.0,NONE,AGGRESSIVE_SELL
2013-06-18,2013,1367.92,NO_SWEEP,31969.9783,135716.0217,167686.0,-0.6228,-103746.0435,-0.61869,-10389.014,SELL,False,NONE,0.0,NONE,AGGRESSIVE_SELL
2013-06-19,2013,1351.03,SELL_SIDE_SWEEP,17596.5,158368.5,175965.0,-0.4118,-140772.0,-0.8,-2737.614,SELL,False,NONE,0.0,NONE,AGGRESSIVE_SELL
2013-06-20,2013,1284.42,SELL_SIDE_SWEEP,46497.1,418473.9,464971.0,3.6764,-371976.8,-0.8,-66765.0216,SELL,False,NONE,0.35,NONE,AGGRESSIVE_SELL
2013-06-21,2013,1295.57,NO_SWEEP,269893.0275,46209.9725,316103.0,1.4201,223683.0551,0.70763,-33019.1422,BUY,False,NONE,0.35,NONE,AGGRESSIVE_BUY
2013-06-24,2013,1282.52,NO_SWEEP,49466.9619,228614.0381,278081.0,0.8415,-179147.0763,-0.64423,-67974.7699,SELL,False,NONE,0.0,NONE,AGGRESSIVE_SELL
2013-06-25,2013,1277.47,NO_SWEEP,52977.032,181832.968,234810.0,0.1968,-128855.9361,-0.54877,-76868.7666,SELL,False,NONE,0.25,NONE,AGGRESSIVE_SELL
2013-06-26,2013,1226.89,SELL_SIDE_SWEEP,40980.9,368828.1,409809.0,2.2126,-327847.2,-0.8,-135253.9962,SELL,False,NONE,0.35,NONE,AGGRESSIVE_SELL
2013-06-27,2013,1200.29,SELL_SIDE_SWEEP,33247.9,299231.1,332479.0,1.1331,-265983.2,-0.8,-161830.6501,SELL,False,NONE,0.35,NONE,AGGRESSIVE_SELL
2013-06-28,2013,1234.86,NO_SWEEP,346246.2,38471.8,384718.0,1.5533,307774.4,0.8,-110390.5947,BUY,False,NONE,0.35,NONE,AGGRESSIVE_BUY
2013-07-01,2013,1252.2,NO_SWEEP,218971.4456,48723.5544,267695.0,0.1894,170247.8913,0.63598,-71513.1083,BUY,False,NONE,0.0,NONE,AGGRESSIVE_BUY
2013-07-02,2013,1243.18,NO_SWEEP,20512.3,184610.7,205123.0,-0.5396,-164098.4,-0.8,-45528.3083,SELL,False,NONE,0.0,NONE,AGGRESSIVE_SELL
2013-07-03,2013,1252.93,NO_SWEEP,158443.3704,43118.6296,201562.0,-0.5707,115324.7409,0.57216,-59073.0975,BUY,False,NONE,0.0,NONE,AGGRESSIVE_BUY
2013-07-04,2013,1249.45,NO_SWEEP,27694.8535,83441.1465,111136.0,-1.4485,-55746.293,-0.5016,-43647.9996,SELL,False,NONE,0.25,NONE,AGGRESSIVE_SELL
2013-07-05,2013,1222.92,NO_SWEEP,60138.5651,186321.4349,246460.0,0.0175,-126182.8698,-0.51198,-43313.8663,SELL,False,NONE,0.0,NONE,AGGRESSIVE_SELL
2013-07-08,2013,1236.73,NO_SWEEP,176673.6,19630.4,196304.0,-0.525,157043.2,0.8,17297.4337,BUY,False,NONE,0.0,NONE,AGGRESSIVE_BUY
2013-07-09,2013,1251.14,NO_SWEEP,167804.7183,54327.2817,222132.0,-0.2452,113477.4367,0.51086,64730.0132,BUY,False,NONE,0.0,NONE,AGGRESSIVE_BUY
2013-07-10,2013,1257.61,NO_SWEEP,162102.5045,58210.4955,220313.0,-0.2979,103892.0089,0.47157,39244.7144,BUY,False,NONE,0.25,NONE,AGGRESSIVE_BUY
2013-07-11,2013,1285.8,BUY_SIDE_SWEEP,200127.9088,74235.0912,274363.0,0.2634,125892.8177,0.45885,33700.3302,BUY,False,NONE,0.0,NONE,AGGRESSIVE_BUY
2013-07-12,2013,1285.31,NO_SWEEP,94333.1964,65575.8036,159909.0,-0.9792,28757.3928,0.17984,57807.3043,NEUTRAL,False,NONE,0.25,NONE,NEUTRAL
2013-07-15,2013,1284.53,NO_SWEEP,53132.7936,96028.2064,149161.0,-1.1318,-42895.4128,-0.28758,38029.7851,SELL,False,NONE,0.25,NONE,AGGRESSIVE_SELL
2013-07-16,2013,1291.93,NO_SWEEP,154435.36,25140.64,179576.0,-0.8048,129294.72,0.72,61159.9117,BUY,False,NONE,0.0,NONE,AGGRESSIVE_BUY
2013-07-17,2013,1275.24,NO_SWEEP,28304.5603,218048.4397,246353.0,-0.0992,-189743.8793,-0.77021,53214.7855,SELL,False,NONE,0.0,NONE,AGGRESSIVE_SELL
2013-07-18,2013,1284.11,NO_SWEEP,135423.4072,38211.5928,173635.0,-0.8923,97211.8144,0.55986,45735.8623,BUY,False,NONE,0.0,NONE,AGGRESSIVE_BUY
2013-07-19,2013,1295.75,NO_SWEEP,135840.6,15093.4,150934.0,-1.0806,120747.2,0.8,46644.5827,BUY,False,NONE,0.0,NONE,AGGRESSIVE_BUY
2013-07-22,2013,1335.54,BUY_SIDE_SWEEP,176555.7,19617.3,196173.0,-0.427,156938.4,0.8,53275.3816,BUY,False,NONE,0.0,NONE,AGGRESSIVE_BUY
2013-07-23,2013,1342.55,BUY_SIDE_SWEEP,137883.5643,23096.4357,160980.0,-0.8324,114787.1285,0.71305,51887.1704,BUY,False,NONE,0.0,NONE,AGGRESSIVE_BUY
2013-07-24,2013,1322.07,NO_SWEEP,31214.7017,136559.2983,167774.0,-0.6952,-105344.5966,-0.6279,35124.4218,SELL,False,NONE,0.0,NONE,AGGRESSIVE_SELL
2013-07-25,2013,1333.97,NO_SWEEP,163817.1,18201.9,182019.0,-0.3923,145615.2,0.8,58688.2484,BUY,False,NONE,0.0,NONE,AGGRESSIVE_BUY
2013-07-26,2013,1333.06,NO_SWEEP,92288.1908,88433.8092,180722.0,-0.3387,3854.3816,0.02133,43008.2061,NEUTRAL,False,NONE,0.25,NONE,NEUTRAL
2013-07-29,2013,1328.09,NO_SWEEP,37292.4091,120282.5909,157575.0,-0.8269,-82990.1817,-0.52667,56352.4183,SELL,False,NONE,0.25,NONE,AGGRESSIVE_SELL
2013-07-30,2013,1326.16,NO_SWEEP,63859.0353,68015.9647,131875.0,-1.3427,-4156.9293,-0.03152,43681.3253,NEUTRAL,False,NONE,0.25,NONE,NEUTRAL
2013-07-31,2013,1325.06,NO_SWEEP,98910.9812,144171.0188,243082.0,1.3316,-45260.0377,-0.18619,22930.4206,SELL,True,NONE,0.6,NONE,AGGRESSIVE_SELL
2013-08-01,2013,1310.73,NO_SWEEP,18897.9,170081.1,188979.0,-0.0644,-151183.2,-0.8,-15584.7794,SELL,False,NONE,0.0,NONE,AGGRESSIVE_SELL
2013-08-02,2013,1312.43,NO_SWEEP,179572.3429,24341.6571,203914.0,0.4079,155230.6859,0.76126,-10529.3347,BUY,False,NONE,0.25,NONE,AGGRESSIVE_BUY
2013-08-05,2013,1302.85,NO_SWEEP,21200.925,110630.075,131831.0,-1.4302,-89429.1499,-0.67836,-8539.9039,SELL,False,NONE,0.0,NONE,AGGRESSIVE_SELL
2013-08-06,2013,1283.08,SELL_SIDE_SWEEP,16713.6,150422.4,167136.0,-0.435,-133708.8,-0.8,-43455.4039,SELL,False,NONE,0.0,NONE,AGGRESSIVE_SELL
2013-08-07,2013,1287.24,NO_SWEEP,142538.4,15837.6,158376.0,-0.5975,126700.8,0.8,-28099.6016,BUY,False,NONE,0.25,NONE,AGGRESSIVE_BUY
2013-08-08,2013,1312.92,NO_SWEEP,156454.2,17383.8,173838.0,-0.0459,139070.4,0.8,-342.0289,BUY,False,NONE,0.0,NONE,AGGRESSIVE_BUY
2013-08-09,2013,1314.24,NO_SWEEP,121176.0654,24780.9346,145957.0,-0.9509,96395.1307,0.66044,12226.9786,BUY,False,NONE,0.25,NONE,AGGRESSIVE_BUY
2013-08-12,2013,1337.07,NO_SWEEP,146270.0624,31612.9376,177883.0,0.0663,114657.1247,0.64456,32216.6239,BUY,False,NONE,0.0,NONE,AGGRESSIVE_BUY
2013-08-13,2013,1321.41,NO_SWEEP,18850.1,169650.9,188501.0,0.4101,-150800.8,-0.8,32264.4239,SELL,False,NONE,0.0,NONE,AGGRESSIVE_SELL
2013-08-14,2013,1335.53,NO_SWEEP,158443.2,17604.8,176048.0,0.1283,140838.4,0.8,30465.3882,BUY,False,NONE,0.0,NONE,AGGRESSIVE_BUY
2013-08-15,2013,1365.61,BUY_SIDE_SWEEP,249895.8,27766.2,277662.0,2.9513,222129.6,0.8,69410.2319,BUY,False,NONE,0.35,NONE,AGGRESSIVE_BUY
2013-08-16,2013,1376.56,BUY_SIDE_SWEEP,231755.4,25750.6,257506.0,1.9884,206004.8,0.8,111874.4319,BUY,False,NONE,0.35,NONE,AGGRESSIVE_BUY
2013-08-19,2013,1365.9,NO_SWEEP,23157.4127,181839.5873,204997.0,0.5648,-158682.1746,-0.77407,76201.5601,SELL,False,NONE,0.0,NONE,AGGRESSIVE_SELL
2013-08-20,2013,1371.13,NO_SWEEP,168779.9971,36942.0029,205722.0,0.5258,131837.9943,0.64086,75297.5094,BUY,False,NONE,0.25,NONE,AGGRESSIVE_BUY
2013-08-21,2013,1366.56,NO_SWEEP,57126.9529,177623.0471,234750.0,1.1753,-120496.0942,-0.5133,48186.1063,SELL,True,NONE,0.6,NONE,AGGRESSIVE_SELL
2013-08-22,2013,1375.72,NO_SWEEP,178474.4252,33536.5748,212011.0,0.5431,144937.8503,0.68363,51971.197,BUY,False,NONE,0.25,NONE,AGGRESSIVE_BUY
2013-08-23,2013,1397.68,BUY_SIDE_SWEEP,181576.8,20175.2,201752.0,0.2519,161401.6,0.8,90996.497,BUY,False,NONE,0.0,NONE,AGGRESSIVE_BUY
2013-08-26,2013,1404.39,BUY_SIDE_SWEEP,154467.1849,17752.8151,172220.0,-0.5347,136714.3699,0.79384,90480.9932,BUY,False,NONE,0.25,NONE,AGGRESSIVE_BUY
2013-08-27,2013,1414.4,BUY_SIDE_SWEEP,165384.1754,50592.8246,215977.0,0.5305,114791.3508,0.5315,77063.7121,BUY,False,NONE,0.0,NONE,AGGRESSIVE_BUY
2013-08-28,2013,1417.73,NO_SWEEP,108459.169,132613.831,241073.0,1.2359,-24154.6621,-0.1002,48293.7793,NEUTRAL,True,NONE,0.6,NONE,NEUTRAL
2013-08-29,2013,1407.53,NO_SWEEP,52112.5125,181231.4875,233344.0,0.937,-129118.975,-0.55334,51989.1792,SELL,False,NONE,0.0,NONE,AGGRESSIVE_SELL
2013-08-30,2013,1394.81,NO_SWEEP,18568.6,167117.4,185686.0,-0.3384,-148548.8,-0.8,16940.83,SELL,False,NONE,0.0,NONE,AGGRESSIVE_SELL
2013-09-02,2013,1391.84,NO_SWEEP,105455.3,23869.7,129325.0,-1.8582,81585.6,0.63086,42201.0417,BUY,False,NONE,0.25,NONE,AGGRESSIVE_BUY
2013-09-03,2013,1412.69,NO_SWEEP,172446.3,19160.7,191607.0,-0.2094,153285.6,0.8,43244.5104,BUY,False,NONE,0.0,NONE,AGGRESSIVE_BUY
2013-09-04,2013,1391.28,NO_SWEEP,28170.8881,157246.1119,185417.0,-0.4297,-129075.2238,-0.69613,6934.9075,SELL,False,NONE,0.0,NONE,AGGRESSIVE_SELL
2013-09-05,2013,1367.94,NO_SWEEP,18340.8,165067.2,183408.0,-0.5046,-146726.4,-0.8,-28495.1888,SELL,False,NONE,0.0,NONE,AGGRESSIVE_SELL
2013-09-06,2013,1391.13,NO_SWEEP,162043.2,18004.8,180048.0,-0.6879,144038.4,0.8,-24839.3076,BUY,False,NONE,0.0,NONE,AGGRESSIVE_BUY
2013-09-09,2013,1386.84,NO_SWEEP,36800.6466,72091.3534,108892.0,-2.3448,-35290.7069,-0.32409,-26231.3132,SELL,False,NONE,0.25,NONE,AGGRESSIVE_SELL
2013-09-10,2013,1363.67,NO_SWEEP,17861.6326,126530.3674,144392.0,-1.3067,-108668.7347,-0.7526,-23675.0332,SELL,False,NONE,0.0,NONE,AGGRESSIVE_SELL
2013-09-11,2013,1365.09,NO_SWEEP,102568.7147,26496.2853,129065.0,-1.5352,76072.4294,0.58941,4402.6205,BUY,False,NONE,0.25,NONE,AGGRESSIVE_BUY
2013-09-12,2013,1322.01,SELL_SIDE_SWEEP,20058.1,180522.9,200581.0,0.2525,-160464.8,-0.8,-25853.6795,SELL,False,NONE,0.0,NONE,AGGRESSIVE_SELL
2013-09-13,2013,1326.15,NO_SWEEP,187380.4197,27380.5803,214761.0,0.7283,159999.8394,0.74501,-25014.3996,BUY,False,NONE,0.25,NONE,AGGRESSIVE_BUY
2013-09-16,2013,1310.68,NO_SWEEP,31335.3909,171156.6091,202492.0,0.3888,-139821.2183,-0.6905,-26357.6489,SELL,False,NONE,0.0,NONE,AGGRESSIVE_SELL
2013-09-17,2013,1310.41,NO_SWEEP,27750.1355,139088.8645,166839.0,-0.5553,-111338.7291,-0.66734,-21934.19,SELL,False,NONE,0.25,NONE,AGGRESSIVE_SELL
2013-09-18,2013,1364.02,NO_SWEEP,242035.2,26892.8,268928.0,2.0818,215142.4,0.8,-13046.19,BUY,False,NONE,0.35,NONE,AGGRESSIVE_BUY
2013-09-19,2013,1366.09,NO_SWEEP,129889.0066,80554.9934,210444.0,0.5727,49334.0131,0.23443,-2468.1,BUY,False,NONE,0.25,NONE,AGGRESSIVE_BUY
2013-09-20,2013,1325.65,NO_SWEEP,20273.4,182460.6,202734.0,0.3718,-162187.2,-0.8,-9157.9082,SELL,False,NONE,0.0,NONE,AGGRESSIVE_SELL
2013-09-23,2013,1322.32,NO_SWEEP,71092.832,138717.168,209810.0,0.5051,-67624.336,-0.32231,-27120.0039,SELL,False,NONE,0.25,NONE,AGGRESSIVE_SELL
2013-09-24,2013,1323.04,NO_SWEEP,175104.9381,40251.0619,215356.0,0.6494,134853.8762,0.62619,9794.8307,BUY,False,NONE,0.25,NONE,AGGRESSIVE_BUY
2013-09-25,2013,1334.03,NO_SWEEP,170170.8414,26018.1586,196189.0,0.2224,144152.6829,0.73476,7813.9361,BUY,False,NONE,0.0,NONE,AGGRESSIVE_BUY
2013-09-26,2013,1323.79,NO_SWEEP,31345.2616,152545.7384,183891.0,-0.0452,-121200.4768,-0.65909,10141.5288,SELL,False,NONE,0.0,NONE,AGGRESSIVE_SELL
2013-09-27,2013,1336.46,NO_SWEEP,231536.9387,64987.0613,296524.0,2.4564,166549.8774,0.56167,44877.6046,BUY,False,NONE,0.35,NONE,AGGRESSIVE_BUY
2013-09-30,2013,1328.65,NO_SWEEP,24920.2072,123188.7928,148109.0,-1.0501,-98268.5856,-0.66349,5701.2314,SELL,False,NONE,0.0,NONE,AGGRESSIVE_SELL
2013-10-01,2013,1288.68,SELL_SIDE_SWEEP,22539.5,202855.5,225395.0,0.7483,-180316.0,-0.8,-23005.0203,SELL,False,NONE,0.0,NONE,AGGRESSIVE_SELL
2013-10-02,2013,1316.07,NO_SWEEP,206950.1507,27864.8493,234815.0,0.8937,179085.3015,0.76267,19654.0424,BUY,False,NONE,0.0,NONE,AGGRESSIVE_BUY
2013-10-03,2013,1316.72,NO_SWEEP,118581.5441,111805.4559,230387.0,0.7285,6776.0882,0.02941,28954.0955,NEUTRAL,False,NONE,0.25,NONE,NEUTRAL
2013-10-04,2013,1310.51,NO_SWEEP,30289.3815,139156.6185,169446.0,-0.6467,-108867.2369,-0.64249,-1511.0437,SELL,False,NONE,0.25,NONE,AGGRESSIVE_SELL
2013-10-07,2013,1322.6,NO_SWEEP,151117.9452,42244.0548,193362.0,-0.2254,108873.8904,0.56306,-5920.8927,BUY,False,NONE,0.0,NONE,AGGRESSIVE_BUY
2013-10-08,2013,1319.18,NO_SWEEP,40982.8563,192085.1437,233068.0,0.7095,-151102.2874,-0.64832,-9658.619,SELL,False,NONE,0.25,NONE,AGGRESSIVE_SELL
2013-10-09,2013,1304.64,NO_SWEEP,72923.7655,208501.2345,281425.0,1.8552,-135577.4691,-0.48175,-47424.5374,SELL,False,NONE,0.35,NONE,AGGRESSIVE_SELL
2013-10-10,2013,1286.74,NO_SWEEP,25615.1664,226575.8336,252191.0,0.9566,-200960.6671,-0.79686,-60261.0475,SELL,False,NONE,0.0,NONE,AGGRESSIVE_SELL
2013-10-11,2013,1272.08,SELL_SIDE_SWEEP,66370.9767,242852.0233,309223.0,2.0828,-176481.0465,-0.57072,-59781.6784,SELL,False,NONE,0.35,NONE,AGGRESSIVE_SELL
2013-10-14,2013,1271.9,NO_SWEEP,10978.6817,90253.3183,101232.0,-2.327,-79274.6366,-0.7831,-92076.6706,SELL,False,NONE,0.25,NONE,AGGRESSIVE_SELL
2013-10-15,2013,1282.95,NO_SWEEP,103158.9,11462.1,114621.0,-1.8618,91696.8,0.8,-81461.5817,BUY,False,NONE,0.25,NONE,AGGRESSIVE_BUY
2013-10-16,2013,1282.52,NO_SWEEP,85980.7777,23263.2223,109244.0,-1.7155,62717.5554,0.57411,-60013.4826,BUY,False,NONE,0.25,NONE,AGGRESSIVE_BUY
2013-10-17,2013,1320.2,NO_SWEEP,104716.8,11635.2,116352.0,-1.4234,93081.6,0.8,-61987.5189,BUY,False,NONE,0.0,NONE,AGGRESSIVE_BUY
2013-10-18,2013,1316.08,NO_SWEEP,15669.7291,64285.2709,79955.0,-1.7657,-48615.5418,-0.60804,-49176.6757,SELL,False,NONE,0.25,NONE,AGGRESSIVE_SELL
2013-10-21,2013,1315.92,NO_SWEEP,29778.7766,33318.2234,63097.0,-1.7528,-3539.4467,-0.0561,-32671.9229,NEUTRAL,False,NONE,0.25,NONE,NEUTRAL
2013-10-22,2013,1340.09,BUY_SIDE_SWEEP,56738.7,6304.3,63043.0,-1.5456,50434.4,0.8,-1247.5395,BUY,False,NONE,0.0,NONE,AGGRESSIVE_BUY
2013-10-23,2013,1333.4,NO_SWEEP,15657.656,54750.344,70408.0,-1.3043,-39092.688,-0.55523,15926.0053,SELL,False,NONE,0.0,NONE,AGGRESSIVE_SELL
2013-10-24,2013,1346.6,BUY_SIDE_SWEEP,58957.8822,12625.1178,71583.0,-1.1741,46332.7644,0.64726,31626.9304,BUY,False,NONE,0.0,NONE,AGGRESSIVE_BUY
2013-10-25,2013,1350.44,NO_SWEEP,54588.8094,13310.1906,67899.0,-1.1179,41278.6188,0.60794,25324.6578,BUY,False,NONE,0.25,NONE,AGGRESSIVE_BUY
2013-10-28,2013,1352.85,NO_SWEEP,36532.8329,25078.1671,61611.0,-1.1056,11454.6657,0.18592,18916.7966,BUY,False,NONE,0.25,NONE,AGGRESSIVE_BUY
2013-10-29,2013,1344.85,NO_SWEEP,11268.6083,60466.3917,71735.0,-0.8887,-49197.7835,-0.68583,1131.8736,SELL,False,NONE,0.0,NONE,AGGRESSIVE_SELL
2013-10-30,2013,1344.35,NO_SWEEP,44159.5119,33382.4881,77542.0,-0.7356,10777.0237,0.13898,8555.9443,NEUTRAL,False,NONE,0.25,NONE,NEUTRAL
2013-10-31,2013,1322.87,NO_SWEEP,8982.2066,69939.7934,78922.0,-0.6409,-60957.5867,-0.77238,1378.6768,SELL,False,NONE,0.0,NONE,AGGRESSIVE_SELL
2013-11-01,2013,1315.85,NO_SWEEP,24047.7573,51389.2427,75437.0,-0.6233,-27341.4854,-0.36244,-8343.3089,SELL,False,NONE,0.0,NONE,AGGRESSIVE_SELL
2013-11-04,2013,1314.3,NO_SWEEP,10645.0505,44853.9495,55499.0,-0.7916,-34208.899,-0.61639,-7732.8352,SELL,False,NONE,0.25,NONE,AGGRESSIVE_SELL
2013-11-05,2013,1311.15,NO_SWEEP,16720.1438,48460.8562,65181.0,-0.5909,-31740.7125,-0.48696,-17492.0199,SELL,False,NONE,0.25,NONE,AGGRESSIVE_SELL
2013-11-06,2013,1317.69,NO_SWEEP,44568.4367,13868.5633,58437.0,-0.6203,30699.8734,0.52535,-18814.363,BUY,False,NONE,0.0,NONE,AGGRESSIVE_BUY
2013-11-07,2013,1307.41,NO_SWEEP,18367.8712,54556.1288,72924.0,-0.3039,-36188.2576,-0.49625,-24769.7284,SELL,False,NONE,0.25,NONE,AGGRESSIVE_SELL
2013-11-08,2013,1287.8,SELL_SIDE_SWEEP,10185.1041,60446.8959,70632.0,-0.3705,-50261.7917,-0.7116,-24902.7295,SELL,False,NONE,0.0,NONE,AGGRESSIVE_SELL
2013-11-11,2013,1283.71,NO_SWEEP,18825.3377,36707.6623,55533.0,-1.1038,-17882.3245,-0.32201,-28485.148,SELL,False,NONE,0.0,NONE,AGGRESSIVE_SELL
2013-11-12,2013,1268.87,SELL_SIDE_SWEEP,16466.0813,58220.9187,74687.0,0.1127,-41754.8374,-0.55906,-26084.8043,SELL,False,NONE,0.0,NONE,AGGRESSIVE_SELL
2013-11-13,2013,1273.35,NO_SWEEP,47913.346,22411.654,70325.0,-0.0567,25501.6919,0.36263,-19479.4072,BUY,False,NONE,0.0,NONE,AGGRESSIVE_BUY
2013-11-14,2013,1287.65,NO_SWEEP,56656.6014,22741.3986,79398.0,1.3611,33915.2027,0.42715,-10963.8945,BUY,True,NONE,0.6,NONE,AGGRESSIVE_BUY
2013-11-15,2013,1287.97,NO_SWEEP,49422.6929,12789.3071,62212.0,-0.8443,36633.3859,0.58885,-2417.1322,BUY,False,NONE,0.25,NONE,AGGRESSIVE_BUY
2013-11-18,2013,1273.64,NO_SWEEP,8053.6653,53433.3347,61487.0,-0.9251,-45379.6693,-0.73804,-11927.075,SELL,False,NONE,0.0,NONE,AGGRESSIVE_SELL
2013-11-19,2013,1274.11,NO_SWEEP,24803.19,44062.81,68866.0,0.0487,-19259.6199,-0.27967,-9810.9953,SELL,False,NONE,0.25,NONE,AGGRESSIVE_SELL
2013-11-20,2013,1244.35,SELL_SIDE_SWEEP,8238.0,74142.0,82380.0,1.7025,-65904.0,-0.8,-11766.2713,SELL,False,NONE,0.35,NONE,AGGRESSIVE_SELL
2013-11-21,2013,1243.18,NO_SWEEP,25621.3421,51655.6579,77277.0,0.9874,-26034.3158,-0.3369,-12785.2702,SELL,False,NONE,0.25,NONE,AGGRESSIVE_SELL
2013-11-22,2013,1243.15,NO_SWEEP,10473.3794,46049.6206,56523.0,-1.4554,-35576.2412,-0.62941,-12012.9457,SELL,False,NONE,0.25,NONE,AGGRESSIVE_SELL
2013-11-25,2013,1248.74,NO_SWEEP,61957.9246,9395.0754,71353.0,0.2451,52562.8493,0.73666,-8630.301,BUY,False,NONE,0.0,NONE,AGGRESSIVE_BUY
2013-11-26,2013,1242.89,NO_SWEEP,7321.0693,50757.9307,58079.0,-1.2226,-43436.8613,-0.74789,-18299.309,SELL,False,NONE,0.0,NONE,AGGRESSIVE_SELL
2013-11-27,2013,1237.99,NO_SWEEP,5770.5,51934.5,57705.0,-1.1432,-46164.0,-0.8,-28648.9823,SELL,False,NONE,0.25,NONE,AGGRESSIVE_SELL
2013-11-28,2013,1244.33,NO_SWEEP,29441.7,3271.3,32713.0,-2.9191,26170.4,0.8,-19705.2236,BUY,False,NONE,0.0,NONE,AGGRESSIVE_BUY
2013-11-29,2013,1252.92,NO_SWEEP,40901.4,4544.6,45446.0,-1.5692,36356.8,0.8,-12753.1711,BUY,False,NONE,0.0,NONE,AGGRESSIVE_BUY
2013-12-02,2013,1219.77,SELL_SIDE_SWEEP,7270.3,65432.7,72703.0,0.6843,-58162.4,-0.8,-11785.4711,SELL,False,NONE,0.0,NONE,AGGRESSIVE_SELL
2013-12-03,2013,1223.12,NO_SWEEP,51550.0732,12259.9268,63810.0,-0.0696,39290.1464,0.61574,-3619.9133,BUY,False,NONE,0.25,NONE,AGGRESSIVE_BUY
2013-12-04,2013,1243.48,NO_SWEEP,68847.6851,11296.3149,80144.0,1.1947,57551.3701,0.7181,8021.0381,BUY,False,NONE,0.35,NONE,AGGRESSIVE_BUY
2013-12-05,2013,1224.81,NO_SWEEP,17969.4806,66773.5194,84743.0,1.4528,-48804.0388,-0.57591,-4649.823,SELL,False,NONE,0.35,NONE,AGGRESSIVE_SELL
2013-12-06,2013,1228.61,NO_SWEEP,49090.744,26446.256,75537.0,0.7012,22644.488,0.29978,3610.3457,BUY,False,NONE,0.25,NONE,AGGRESSIVE_BUY
2013-12-09,2013,1240.34,NO_SWEEP,57590.6721,6817.3279,64408.0,-0.2052,50773.3441,0.78831,15727.5137,BUY,False,NONE,0.0,NONE,AGGRESSIVE_BUY
2013-12-10,2013,1260.87,BUY_SIDE_SWEEP,62277.1565,11972.8435,74250.0,0.5792,50304.3129,0.6775,18744.2528,BUY,False,NONE,0.0,NONE,AGGRESSIVE_BUY
2013-12-11,2013,1251.08,NO_SWEEP,7663.5,68971.5,76635.0,0.7346,-61308.0,-0.8,6536.1528,SELL,False,NONE,0.0,NONE,AGGRESSIVE_SELL
2013-12-12,2013,1225.35,NO_SWEEP,7839.9,70559.1,78399.0,0.8802,-62719.2,-0.8,5966.5528,SELL,False,NONE,0.0,NONE,AGGRESSIVE_SELL
2013-12-13,2013,1238.41,NO_SWEEP,67162.5,7462.5,74625.0,0.532,59700.0,0.8,8517.7846,BUY,False,NONE,0.0,NONE,AGGRESSIVE_BUY
2013-12-16,2013,1241.16,NO_SWEEP,52556.7001,23685.2999,76242.0,0.5993,28871.4002,0.37868,4932.7883,BUY,False,NONE,0.25,NONE,AGGRESSIVE_BUY
2013-12-17,2013,1230.89,NO_SWEEP,8725.3521,65024.6479,73750.0,0.3835,-56299.2958,-0.76338,3995.8812,SELL,False,NONE,0.0,NONE,AGGRESSIVE_SELL
2013-12-18,2013,1217.81,NO_SWEEP,8018.9,72170.1,80189.0,0.9021,-64151.2,-0.8,-6853.5798,SELL,False,NONE,0.0,NONE,AGGRESSIVE_SELL
2013-12-19,2013,1189.7,SELL_SIDE_SWEEP,9300.7,83706.3,93007.0,1.7196,-74405.6,-0.8,-22500.9478,SELL,False,NONE,0.35,NONE,AGGRESSIVE_SELL
2013-12-20,2013,1202.93,NO_SWEEP,61440.7456,12470.2544,73911.0,0.2642,48970.4912,0.66256,-22667.6755,BUY,False,NONE,0.0,NONE,AGGRESSIVE_BUY
2013-12-23,2013,1198.56,NO_SWEEP,15714.7646,35452.2354,51167.0,-1.301,-19737.4708,-0.38575,-17471.3594,SELL,False,NONE,0.0,NONE,AGGRESSIVE_SELL
2013-12-24,2013,1202.91,NO_SWEEP,26478.0,2942.0,29420.0,-2.3565,23536.0,0.8,-6689.4594,BUY,False,NONE,0.0,NONE,AGGRESSIVE_BUY
2013-12-26,2013,1210.39,NO_SWEEP,17662.0596,8459.9404,26122.0,-2.1604,9202.1191,0.35227,-13001.6945,BUY,False,NONE,0.0,NONE,AGGRESSIVE_BUY
2013-12-27,2013,1213.13,NO_SWEEP,30828.066,21336.934,52165.0,-0.8766,9491.1319,0.18194,-15424.228,BUY,False,NONE,0.25,NONE,AGGRESSIVE_BUY
2013-12-30,2013,1196.29,NO_SWEEP,6372.4,57351.6,63724.0,-0.2726,-50979.2,-0.8,-14759.2161,SELL,False,NONE,0.0,NONE,AGGRESSIVE_SELL
2013-12-31,2013,1208.26,NO_SWEEP,42705.4903,6771.5097,49477.0,-1.033,35933.9806,0.72628,-2248.5685,BUY,False,NONE,0.25,NONE,AGGRESSIVE_BUY
2014-01-02,2014,1224.56,NO_SWEEP,25062.3725,31004.6275,56067.0,-0.618,-5942.255,-0.10598,6309.3496,NEUTRAL,False,NONE,0.25,NONE,NEUTRAL
2014-01-03,2014,1236.05,NO_SWEEP,57775.291,11634.709,69410.0,0.1917,46140.582,0.66475,5955.611,BUY,False,NONE,0.0,NONE,AGGRESSIVE_BUY
2014-01-06,2014,1237.71,NO_SWEEP,59389.6461,16544.3539,75934.0,0.6166,42845.2921,0.56424,13778.4564,BUY,False,NONE,0.25,NONE,AGGRESSIVE_BUY
2014-01-07,2014,1231.71,NO_SWEEP,17016.1989,55624.8011,72641.0,0.4284,-38608.6023,-0.5315,6010.3811,SELL,False,NONE,0.25,NONE,AGGRESSIVE_SELL
2014-01-08,2014,1225.28,NO_SWEEP,24414.5129,46410.4871,70825.0,0.2982,-21995.9741,-0.31057,2110.6194,SELL,False,NONE,0.0,NONE,AGGRESSIVE_SELL
2014-01-09,2014,1227.65,NO_SWEEP,38418.0662,18759.9338,57178.0,-0.4764,19658.1323,0.34381,3381.4945,BUY,False,NONE,0.25,NONE,AGGRESSIVE_BUY
2014-01-10,2014,1247.78,NO_SWEEP,55995.3,6221.7,62217.0,-0.1292,49773.6,0.8,15975.5945,BUY,False,NONE,0.0,NONE,AGGRESSIVE_BUY
2014-01-13,2014,1252.93,BUY_SIDE_SWEEP,49980.868,7223.132,57204.0,-0.3777,42757.7359,0.74746,16828.5639,BUY,False,NONE,0.25,NONE,AGGRESSIVE_BUY
2014-01-14,2014,1245.06,NO_SWEEP,10021.4077,46699.5923,56721.0,-0.3556,-36678.1846,-0.64664,12986.5727,SELL,False,NONE,0.0,NONE,AGGRESSIVE_SELL
2014-01-15,2014,1241.6,NO_SWEEP,29081.6566,30959.3434,60041.0,-0.0975,-1877.6867,-0.03127,6984.2891,NEUTRAL,False,NONE,0.25,NONE,NEUTRAL
2014-01-16,2014,1242.1,NO_SWEEP,41901.8076,13905.1924,55807.0,-0.3162,27996.6151,0.50167,5128.2045,BUY,False,NONE,0.25,NONE,AGGRESSIVE_BUY
2014-01-17,2014,1253.75,NO_SWEEP,50216.4,5579.6,55796.0,-0.2479,44636.8,0.8,15533.8797,BUY,False,NONE,0.0,NONE,AGGRESSIVE_BUY
2014-01-20,2014,1250.81,NO_SWEEP,3241.2,29170.8,32412.0,-1.7537,-25929.6,-0.8,15042.1765,SELL,False,NONE,0.0,NONE,AGGRESSIVE_SELL
2014-01-21,2014,1241.05,NO_SWEEP,10753.5846,45696.4154,56450.0,0.0696,-34942.8308,-0.619,8217.0561,SELL,False,NONE,0.0,NONE,AGGRESSIVE_SELL
2014-01-22,2014,1236.5,NO_SWEEP,4856.8,43711.2,48568.0,-0.5206,-38854.4,-0.8,-2861.4439,SELL,False,NONE,0.0,NONE,AGGRESSIVE_SELL
2014-01-23,2014,1264.43,BUY_SIDE_SWEEP,63082.8,7009.2,70092.0,1.0485,56073.6,0.8,-1196.9609,BUY,False,NONE,0.35,NONE,AGGRESSIVE_BUY
2014-01-24,2014,1269.22,BUY_SIDE_SWEEP,60177.8738,10288.1262,70466.0,1.0803,49889.7477,0.708,9624.0307,BUY,True,NONE,0.6,NONE,AGGRESSIVE_BUY
2014-01-27,2014,1256.64,NO_SWEEP,8873.4602,63666.5398,72540.0,1.1603,-54793.0796,-0.75535,3009.6065,SELL,False,NONE,0.35,NONE,AGGRESSIVE_SELL
2014-01-28,2014,1256.28,NO_SWEEP,37911.5379,16277.4621,54189.0,-0.5842,21634.0759,0.39923,2214.2891,BUY,False,NONE,0.25,NONE,AGGRESSIVE_BUY
2014-01-29,2014,1267.59,NO_SWEEP,56107.8,6234.2,62342.0,0.1497,49873.6,0.8,2868.8891,BUY,False,NONE,0.0,NONE,AGGRESSIVE_BUY
2014-01-30,2014,1243.44,NO_SWEEP,8552.1494,58081.8506,66634.0,0.5254,-49529.7012,-0.74331,-81.1235,SELL,False,NONE,0.0,NONE,AGGRESSIVE_SELL
2014-01-31,2014,1243.85,NO_SWEEP,32419.0728,28708.9272,61128.0,0.0171,3710.1455,0.06069,4750.4985,NEUTRAL,False,NONE,0.25,NONE,NEUTRAL
2014-02-03,2014,1257.41,NO_SWEEP,44797.4784,14333.5216,59131.0,-0.1071,30463.9569,0.51519,13415.2931,BUY,False,NONE,0.0,NONE,AGGRESSIVE_BUY
2014-02-04,2014,1254.66,NO_SWEEP,22503.6766,36614.3234,59118.0,-0.0371,-14110.6467,-0.23869,4642.2623,SELL,False,NONE,0.25,NONE,AGGRESSIVE_SELL
2014-02-05,2014,1258.01,NO_SWEEP,28388.9945,30721.0055,59110.0,0.0302,-2332.011,-0.03945,-1885.4575,NEUTRAL,False,NONE,0.25,NONE,NEUTRAL
2014-02-06,2014,1257.66,NO_SWEEP,13465.675,41384.325,54850.0,-0.4628,-27918.65,-0.509,1473.8462,SELL,False,NONE,0.25,NONE,AGGRESSIVE_SELL
2014-02-07,2014,1267.35,NO_SWEEP,48025.1368,12015.8632,60041.0,0.1682,36009.2736,0.59974,3270.7459,BUY,False,NONE,0.0,NONE,AGGRESSIVE_BUY
2014-02-10,2014,1274.59,NO_SWEEP,42926.2517,9305.7483,52232.0,-0.7248,33620.5034,0.64368,1239.1088,BUY,False,NONE,0.0,NONE,AGGRESSIVE_BUY
2014-02-11,2014,1291.52,BUY_SIDE_SWEEP,61051.5,6783.5,67835.0,1.0201,54268.0,0.8,14213.8215,BUY,False,NONE,0.35,NONE,AGGRESSIVE_BUY
2014-02-12,2014,1290.83,NO_SWEEP,44309.5943,19717.4057,64027.0,0.5562,24592.1886,0.38409,16824.0769,BUY,False,NONE,0.25,NONE,AGGRESSIVE_BUY
2014-02-13,2014,1302.72,BUY_SIDE_SWEEP,58047.3,6449.7,64497.0,0.5578,51597.6,0.8,19465.7822,BUY,False,NONE,0.0,NONE,AGGRESSIVE_BUY
2014-02-14,2014,1318.14,BUY_SIDE_SWEEP,66387.6,7376.4,73764.0,1.4294,59011.2,0.8,28606.0131,BUY,False,NONE,0.35,NONE,AGGRESSIVE_BUY
2014-02-17,2014,1328.33,BUY_SIDE_SWEEP,44610.3,4956.7,49567.0,-1.6261,39653.6,0.8,33854.2145,BUY,False,NONE,0.0,NONE,AGGRESSIVE_BUY
2014-02-18,2014,1321.43,NO_SWEEP,23408.3164,50069.6836,73478.0,1.4862,-26661.3672,-0.36285,34011.3748,SELL,False,NONE,0.35,NONE,AGGRESSIVE_SELL
2014-02-19,2014,1311.47,NO_SWEEP,8841.5807,58716.4193,67558.0,0.6321,-49874.8387,-0.73825,23275.8608,SELL,False,NONE,0.0,NONE,AGGRESSIVE_SELL
2014-02-20,2014,1322.56,NO_SWEEP,61006.5,6778.5,67785.0,0.6906,54228.0,0.8,25851.7978,BUY,False,NONE,0.0,NONE,AGGRESSIVE_BUY
2014-02-21,2014,1324.09,NO_SWEEP,43751.495,14197.505,57949.0,-0.6558,29553.99,0.51,22762.5466,BUY,False,NONE,0.25,NONE,AGGRESSIVE_BUY
2014-02-24,2014,1336.73,BUY_SIDE_SWEEP,56867.4,6318.6,63186.0,0.1988,50548.8,0.8,26007.123,BUY,False,NONE,0.0,NONE,AGGRESSIVE_BUY
2014-02-25,2014,1340.41,BUY_SIDE_SWEEP,49224.3683,10729.6317,59954.0,-0.3677,38494.7366,0.64207,24369.2651,BUY,False,NONE,0.0,NONE,AGGRESSIVE_BUY
2014-02-26,2014,1330.9,NO_SWEEP,17335.6373,49344.3627,66680.0,0.685,-32008.7254,-0.48003,12991.7744,SELL,False,NONE,0.0,NONE,AGGRESSIVE_SELL
2014-02-27,2014,1330.96,NO_SWEEP,46552.6296,19340.3704,65893.0,0.5663,27212.2592,0.41298,11436.6068,BUY,False,NONE,0.25,NONE,AGGRESSIVE_BUY
2014-02-28,2014,1326.21,NO_SWEEP,23380.3555,46480.6445,69861.0,1.1014,-23100.2891,-0.33066,11881.7416,SELL,False,NONE,0.35,NONE,AGGRESSIVE_SELL
2014-03-03,2014,1350.44,BUY_SIDE_SWEEP,66263.6968,9296.3032,75560.0,1.7276,56967.3936,0.75394,25237.0206,BUY,False,NONE,0.35,NONE,AGGRESSIVE_BUY
2014-03-04,2014,1334.71,NO_SWEEP,8582.1426,65395.8574,73978.0,1.3385,-56813.7147,-0.76798,11356.8063,SELL,False,NONE,0.35,NONE,AGGRESSIVE_SELL
2014-03-05,2014,1336.84,NO_SWEEP,39051.0339,23416.9661,62468.0,-0.2954,15634.0678,0.25027,9616.816,BUY,False,NONE,0.25,NONE,AGGRESSIVE_BUY
2014-03-06,2014,1351.02,NO_SWEEP,53562.6,5951.4,59514.0,-0.7733,47611.2,0.8,9249.616,BUY,False,NONE,0.0,NONE,AGGRESSIVE_BUY
2014-03-07,2014,1340.17,NO_SWEEP,24100.216,46196.784,70297.0,0.7306,-22096.568,-0.31433,1675.7029,SELL,False,NONE,0.0,NONE,AGGRESSIVE_SELL
2014-03-10,2014,1339.22,NO_SWEEP,48826.7477,14242.2523,63069.0,-0.4498,34584.4954,0.54836,9999.8555,BUY,False,NONE,0.25,NONE,AGGRESSIVE_BUY
2014-03-11,2014,1348.43,NO_SWEEP,47753.7849,11252.2151,59006.0,-1.011,36501.5697,0.61861,11161.0193,BUY,False,NONE,0.0,NONE,AGGRESSIVE_BUY
2014-03-12,2014,1363.65,BUY_SIDE_SWEEP,59662.295,14553.705,74216.0,1.2575,45108.5901,0.6078,19687.1292,BUY,False,NONE,0.35,NONE,AGGRESSIVE_BUY
2014-03-13,2014,1366.3,NO_SWEEP,9550.4363,67542.5637,77093.0,1.5019,-57992.1273,-0.75224,5317.1891,SELL,True,NONE,0.6,NONE,AGGRESSIVE_SELL
2014-03-14,2014,1382.27,BUY_SIDE_SWEEP,56816.9734,13857.0266,70674.0,0.6213,42959.9469,0.60786,17788.8968,BUY,False,NONE,0.0,NONE,AGGRESSIVE_BUY
2014-03-17,2014,1366.68,NO_SWEEP,8795.9156,61964.0844,70760.0,0.5743,-53168.1687,-0.75139,9188.6173,SELL,False,NONE,0.0,NONE,AGGRESSIVE_SELL
2014-03-18,2014,1355.44,NO_SWEEP,14072.2859,56709.7141,70782.0,0.6134,-42637.4282,-0.60238,-2092.4613,SELL,False,NONE,0.0,NONE,AGGRESSIVE_SELL
2014-03-19,2014,1327.9,SELL_SIDE_SWEEP,7823.3,70409.7,78233.0,1.6928,-62586.4,-0.8,-7153.6903,SELL,False,NONE,0.35,NONE,AGGRESSIVE_SELL
2014-03-20,2014,1327.56,SELL_SIDE_SWEEP,25957.05,47786.95,73744.0,0.8932,-21829.9,-0.29602,-14205.4897,SELL,False,NONE,0.25,NONE,AGGRESSIVE_SELL
2014-03-21,2014,1333.55,NO_SWEEP,30387.6359,26382.3641,56770.0,-1.7771,4005.2718,0.07055,-18267.5269,NEUTRAL,False,NONE,0.25,NONE,NEUTRAL
2014-03-24,2014,1308.58,SELL_SIDE_SWEEP,6140.3,55262.7,61403.0,-1.0228,-49122.4,-0.8,-30046.4007,SELL,False,NONE,0.0,NONE,AGGRESSIVE_SELL
2014-03-25,2014,1310.86,NO_SWEEP,39566.9353,24931.0647,64498.0,-0.5975,14635.8706,0.22692,-20967.901,BUY,False,NONE,0.25,NONE,AGGRESSIVE_BUY
2014-03-26,2014,1304.27,SELL_SIDE_SWEEP,13885.6746,47929.3254,61815.0,-0.9657,-34043.6508,-0.55073,-30593.3507,SELL,False,NONE,0.25,NONE,AGGRESSIVE_SELL
2014-03-27,2014,1291.13,SELL_SIDE_SWEEP,6107.2,54964.8,61072.0,-1.0183,-48857.6,-0.8,-30054.5296,SELL,False,NONE,0.0,NONE,AGGRESSIVE_SELL
2014-03-28,2014,1294.83,NO_SWEEP,45319.2434,11687.7566,57007.0,-1.4563,33631.4867,0.58995,-20520.9152,BUY,False,NONE,0.25,NONE,AGGRESSIVE_BUY
2014-03-31,2014,1283.82,SELL_SIDE_SWEEP,6060.4,54543.6,60604.0,-0.8474,-48483.2,-0.8,-18758.0152,SELL,False,NONE,0.0,NONE,AGGRESSIVE_SELL
2014-04-01,2014,1279.17,SELL_SIDE_SWEEP,6332.516,54055.484,60388.0,-0.7929,-47722.9681,-0.79027,-21994.6487,SELL,False,NONE,0.0,NONE,AGGRESSIVE_SELL
2014-04-02,2014,1289.77,NO_SWEEP,43998.4792,12279.5208,56278.0,-1.3084,31718.9584,0.56361,-18530.4379,BUY,False,NONE,0.0,NONE,AGGRESSIVE_BUY
2014-04-03,2014,1286.49,NO_SWEEP,15768.0073,40113.9927,55882.0,-1.3027,-24345.9853,-0.43567,-15433.3861,SELL,False,NONE,0.25,NONE,AGGRESSIVE_SELL
2014-04-04,2014,1303.9,NO_SWEEP,51294.6,5699.4,56994.0,-1.0375,45595.2,0.8,-11563.4699,BUY,False,NONE,0.0,NONE,AGGRESSIVE_BUY
2014-04-07,2014,1297.16,NO_SWEEP,5851.0303,38485.9697,44337.0,-2.2689,-32634.9393,-0.73607,-11387.381,SELL,False,NONE,0.0,NONE,AGGRESSIVE_SELL
2014-04-08,2014,1308.41,NO_SWEEP,41825.7294,12911.2706,54737.0,-0.998,28914.4589,0.52824,-1665.8736,BUY,False,NONE,0.0,NONE,AGGRESSIVE_BUY
2014-04-09,2014,1311.47,NO_SWEEP,53300.3979,11161.6021,64462.0,0.1913,42138.7958,0.6537,-602.46,BUY,False,NONE,0.25,NONE,AGGRESSIVE_BUY
2014-04-10,2014,1318.89,BUY_SIDE_SWEEP,48468.2786,19049.7214,67518.0,0.6643,29418.5571,0.43571,9135.2597,BUY,False,NONE,0.0,NONE,AGGRESSIVE_BUY
2014-04-11,2014,1318.16,NO_SWEEP,17564.3073,42494.6927,60059.0,-0.2417,-24930.3853,-0.4151,11984.3325,SELL,False,NONE,0.25,NONE,AGGRESSIVE_SELL
2014-04-14,2014,1327.06,BUY_SIDE_SWEEP,45140.0977,13121.9023,58262.0,-0.4122,32018.1953,0.54956,12021.7371,BUY,False,NONE,0.0,NONE,AGGRESSIVE_BUY
2014-04-15,2014,1302.33,NO_SWEEP,22322.0756,56085.9244,78408.0,2.1262,-33763.8489,-0.43062,10844.5042,SELL,False,NONE,0.35,NONE,AGGRESSIVE_SELL
2014-04-16,2014,1302.54,NO_SWEEP,40705.8368,25064.1632,65770.0,0.6814,15641.6736,0.23782,7100.3134,BUY,False,NONE,0.25,NONE,AGGRESSIVE_BUY
2014-04-17,2014,1294.74,NO_SWEEP,6042.9291,51058.0709,57101.0,-0.4794,-45015.1417,-0.78834,5552.7881,SELL,False,NONE,0.0,NONE,AGGRESSIVE_SELL
2014-04-21,2014,1289.8,NO_SWEEP,15682.4068,40101.5932,55784.0,-0.6743,-24419.1863,-0.43775,-1113.9176,SELL,False,NONE,0.25,NONE,AGGRESSIVE_SELL
2014-04-22,2014,1283.96,NO_SWEEP,17196.1125,40499.8875,57696.0,-0.3473,-23303.775,-0.40391,-9294.2389,SELL,False,NONE,0.0,NONE,AGGRESSIVE_SELL
2014-04-23,2014,1283.52,NO_SWEEP,13319.7407,43207.2593,56527.0,-0.4705,-29887.5186,-0.52873,-16707.4984,SELL,False,NONE,0.25,NONE,AGGRESSIVE_SELL
2014-04-24,2014,1292.98,NO_SWEEP,65291.7633,9750.2367,75042.0,2.0546,55541.5267,0.74014,-6648.5094,BUY,True,NONE,0.6,NONE,AGGRESSIVE_BUY
2014-04-25,2014,1302.55,NO_SWEEP,54292.7349,7176.2651,61469.0,0.1733,47116.4697,0.76651,-4761.2251,BUY,False,NONE,0.0,NONE,AGGRESSIVE_BUY
2014-04-28,2014,1296.49,NO_SWEEP,13241.7701,46517.2299,59759.0,-0.0827,-33275.4597,-0.55683,-4700.1764,SELL,False,NONE,0.0,NONE,AGGRESSIVE_SELL
2014-04-29,2014,1295.76,NO_SWEEP,24649.5319,30933.4681,55583.0,-0.622,-6283.9362,-0.11306,-7440.8777,NEUTRAL,False,NONE,0.25,NONE,NEUTRAL
2014-04-30,2014,1291.08,NO_SWEEP,21421.9636,43683.0364,65105.0,0.6487,-22261.0728,-0.34193,-4596.619,SELL,False,NONE,0.25,NONE,AGGRESSIVE_SELL
2014-05-01,2014,1283.97,NO_SWEEP,16026.8803,36775.1197,52802.0,-0.9841,-20748.2394,-0.39294,-4137.7507,SELL,False,NONE,0.0,NONE,AGGRESSIVE_SELL
2014-05-02,2014,1300.05,NO_SWEEP,58145.4715,6483.5285,64629.0,0.5388,51661.9431,0.79936,5232.9641,BUY,False,NONE,0.0,NONE,AGGRESSIVE_BUY
2014-05-05,2014,1310.06,BUY_SIDE_SWEEP,45386.4738,14126.5262,59513.0,-0.1635,31259.9476,0.52526,12876.3974,BUY,False,NONE,0.0,NONE,AGGRESSIVE_BUY
2014-05-06,2014,1308.07,NO_SWEEP,16070.2663,42504.7337,58575.0,-0.4445,-26434.4674,-0.45129,2629.3981,SELL,False,NONE,0.25,NONE,AGGRESSIVE_SELL
2014-05-07,2014,1289.97,NO_SWEEP,6800.8,61207.2,68008.0,0.9219,-54406.4,-0.8,-10060.9606,SELL,False,NONE,0.0,NONE,AGGRESSIVE_SELL
2014-05-08,2014,1289.05,NO_SWEEP,18484.5405,47595.4595,66080.0,0.6045,-29110.9189,-0.44054,-9540.393,SELL,False,NONE,0.25,NONE,AGGRESSIVE_SELL
2014-05-09,2014,1288.62,NO_SWEEP,14510.2495,42768.7505,57279.0,-0.6858,-28258.501,-0.49335,-12287.2136,SELL,False,NONE,0.25,NONE,AGGRESSIVE_SELL
2014-05-12,2014,1295.8,NO_SWEEP,51986.1974,14180.8026,66167.0,0.6477,37805.3948,0.57136,-4778.9052,BUY,False,NONE,0.25,NONE,AGGRESSIVE_BUY
2014-05-13,2014,1293.32,NO_SWEEP,20363.6222,44490.3778,64854.0,0.3956,-24126.7556,-0.37202,-5201.2197,SELL,False,NONE,0.25,NONE,AGGRESSIVE_SELL
2014-05-14,2014,1305.9,NO_SWEEP,54429.4364,7517.5636,61947.0,0.0877,46911.8728,0.75729,-5794.9785,BUY,False,NONE,0.0,NONE,AGGRESSIVE_BUY
2014-05-15,2014,1295.93,NO_SWEEP,14647.6514,51554.3486,66202.0,0.8874,-36906.6972,-0.55749,-14315.8091,SELL,False,NONE,0.0,NONE,AGGRESSIVE_SELL
2014-05-16,2014,1293.28,NO_SWEEP,19846.6768,33415.3232,53262.0,-1.4605,-13568.6464,-0.25475,-12707.5814,SELL,False,NONE,0.25,NONE,AGGRESSIVE_SELL
2014-05-19,2014,1292.9,NO_SWEEP,23983.5794,34003.4206,57987.0,-0.6339,-10019.8412,-0.17279,-7159.2616,NEUTRAL,False,NONE,0.25,NONE,NEUTRAL
2014-05-20,2014,1294.02,NO_SWEEP,54179.5005,11645.4995,65825.0,0.7352,42534.0009,0.64617,1796.3534,BUY,False,NONE,0.25,NONE,AGGRESSIVE_BUY
2014-05-21,2014,1291.83,NO_SWEEP,28678.6427,33325.3573,62004.0,-0.019,-4646.7146,-0.07494,4747.8267,NEUTRAL,False,NONE,0.25,NONE,NEUTRAL
2014-05-22,2014,1293.58,NO_SWEEP,28772.5617,30503.4383,59276.0,-0.4627,-1730.8766,-0.0292,-194.2072,NEUTRAL,False,NONE,0.25,NONE,NEUTRAL
2014-05-23,2014,1292.13,NO_SWEEP,23549.1786,29913.8214,53463.0,-1.5759,-6364.6429,-0.11905,2026.0569,NEUTRAL,False,NONE,0.25,NONE,NEUTRAL
2014-05-26,2014,1291.34,NO_SWEEP,3184.4628,22777.5372,25962.0,-3.7067,-19593.0743,-0.75468,-6287.0615,SELL,False,NONE,0.25,NONE,AGGRESSIVE_SELL
2014-05-27,2014,1264.77,SELL_SIDE_SWEEP,6509.4,58584.6,65094.0,0.5978,-52075.2,-0.8,-8183.1244,SELL,False,NONE,0.0,NONE,AGGRESSIVE_SELL
2014-05-28,2014,1258.23,SELL_SIDE_SWEEP,9053.2102,52283.7898,61337.0,0.2039,-43230.5795,-0.7048,-11890.866,SELL,False,NONE,0.0,NONE,AGGRESSIVE_SELL
2014-05-29,2014,1255.59,SELL_SIDE_SWEEP,20092.8,41800.2,61893.0,0.2182,-21707.4,-0.35072,-13351.8109,SELL,False,NONE,0.0,NONE,AGGRESSIVE_SELL
2014-05-30,2014,1249.23,SELL_SIDE_SWEEP,16175.4998,43095.5002,59271.0,-0.049,-26920.0004,-0.45419,-22033.561,SELL,False,NONE,0.0,NONE,AGGRESSIVE_SELL
2014-06-02,2014,1243.83,NO_SWEEP,10990.2579,41903.7421,52894.0,-0.729,-30913.4841,-0.58444,-25316.9072,SELL,False,NONE,0.0,NONE,AGGRESSIVE_SELL
2014-06-03,2014,1244.75,NO_SWEEP,38608.9536,15223.0464,53832.0,-0.5913,23385.9073,0.43442,-22177.3093,BUY,False,NONE,0.25,NONE,AGGRESSIVE_BUY
2014-06-04,2014,1243.53,NO_SWEEP,5091.8,45826.2,50918.0,-0.8277,-40734.4,-0.8,-26473.5289,SELL,False,NONE,0.25,NONE,AGGRESSIVE_SELL
2014-06-05,2014,1253.66,NO_SWEEP,50103.5083,9813.4917,59917.0,0.2234,40290.0166,0.67243,-18988.1425,BUY,False,NONE,0.0,NONE,AGGRESSIVE_BUY
2014-06-06,2014,1253.04,NO_SWEEP,24046.9774,32322.0226,56369.0,-0.1782,-8275.0451,-0.1468,-13513.1232,NEUTRAL,False,NONE,0.25,NONE,NEUTRAL
2014-06-09,2014,1252.43,NO_SWEEP,17916.4359,24303.5641,42220.0,-1.5861,-6387.1282,-0.15128,-8907.6918,NEUTRAL,False,NONE,0.25,NONE,NEUTRAL
2014-06-10,2014,1260.0,NO_SWEEP,39227.5713,8740.4287,47968.0,-0.8663,30487.1426,0.63557,-2383.3739,BUY,False,NONE,0.0,NONE,AGGRESSIVE_BUY
2014-06-11,2014,1260.99,NO_SWEEP,25815.5102,20325.4898,46141.0,-0.9666,5490.0203,0.11898,1667.8787,NEUTRAL,False,NONE,0.25,NONE,NEUTRAL
2014-06-12,2014,1272.63,BUY_SIDE_SWEEP,53010.0,5890.0,58900.0,0.4661,47120.0,0.8,11422.0642,BUY,False,NONE,0.0,NONE,AGGRESSIVE_BUY
2014-06-13,2014,1276.63,BUY_SIDE_SWEEP,51058.8634,6690.1366,57749.0,0.3119,44368.7268,0.7683,14044.9166,BUY,False,NONE,0.0,NONE,AGGRESSIVE_BUY
2014-06-16,2014,1272.07,NO_SWEEP,5803.1,52227.9,58031.0,0.3431,-46424.8,-0.8,13333.6166,SELL,False,NONE,0.0,NONE,AGGRESSIVE_SELL
2014-06-17,2014,1270.46,NO_SWEEP,31523.3588,23861.6412,55385.0,0.1106,7661.7176,0.13834,9255.0792,NEUTRAL,False,NONE,0.25,NONE,NEUTRAL
2014-06-18,2014,1277.46,NO_SWEEP,50103.0,5567.0,55670.0,0.1841,44536.0,0.8,15856.4599,BUY,False,NONE,0.0,NONE,AGGRESSIVE_BUY
2014-06-19,2014,1319.67,BUY_SIDE_SWEEP,66711.6,7412.4,74124.0,2.036,59299.2,0.8,24067.2509,BUY,False,NONE,0.35,NONE,AGGRESSIVE_BUY
2014-06-20,2014,1314.9,NO_SWEEP,26918.3921,43003.6079,69922.0,1.4233,-16085.2157,-0.23005,18245.7061,SELL,False,NONE,0.35,NONE,AGGRESSIVE_SELL
2014-06-23,2014,1317.37,NO_SWEEP,49818.6,5535.4,55354.0,-0.2448,44283.2,0.8,23094.8536,BUY,False,NONE,0.25,NONE,AGGRESSIVE_BUY
2014-06-24,2014,1317.81,NO_SWEEP,30147.4208,26358.5792,56506.0,-0.0301,3788.8416,0.06705,17678.4588,NEUTRAL,False,NONE,0.25,NONE,NEUTRAL
2014-06-25,2014,1319.08,NO_SWEEP,40720.7412,15751.2588,56472.0,-0.0007,24969.4824,0.44216,15253.5532,BUY,False,NONE,0.25,NONE,AGGRESSIVE_BUY
2014-06-26,2014,1316.76,NO_SWEEP,29112.6233,23944.3767,53057.0,-0.4285,5168.2466,0.09741,21702.6841,NEUTRAL,False,NONE,0.25,NONE,NEUTRAL
2014-06-27,2014,1315.88,NO_SWEEP,12423.9178,39573.0822,51997.0,-0.5279,-27149.1643,-0.52213,17351.3238,SELL,False,NONE,0.25,NONE,AGGRESSIVE_SELL
2014-06-30,2014,1327.17,BUY_SIDE_SWEEP,49239.9,5471.1,54711.0,-0.1516,43768.8,0.8,17255.4238,BUY,False,NONE,0.0,NONE,AGGRESSIVE_BUY
2014-07-01,2014,1325.71,NO_SWEEP,9229.7736,46710.2264,55940.0,0.0105,-37480.4527,-0.67001,5157.9672,SELL,False,NONE,0.25,NONE,AGGRESSIVE_SELL
2014-07-02,2014,1326.41,NO_SWEEP,32105.5615,18147.4385,50253.0,-0.8034,13958.123,0.27776,8913.3846,BUY,False,NONE,0.25,NONE,AGGRESSIVE_BUY
2014-07-03,2014,1319.61,NO_SWEEP,21461.8377,32163.1623,53625.0,-0.2747,-10701.3245,-0.19956,2040.319,SELL,False,NONE,0.0,NONE,AGGRESSIVE_SELL
2014-07-04,2014,1319.6,NO_SWEEP,5080.4612,26689.5388,31770.0,-2.6139,-21609.0776,-0.68017,-1134.4209,SELL,False,NONE,0.25,NONE,AGGRESSIVE_SELL
2014-07-07,2014,1319.57,NO_SWEEP,36590.679,17411.321,54002.0,-0.1074,19179.358,0.35516,-1858.1864,BUY,False,NONE,0.25,NONE,AGGRESSIVE_BUY
2014-07-08,2014,1319.26,NO_SWEEP,17470.1831,30868.8169,48339.0,-0.8052,-13398.6338,-0.27718,-4179.0465,SELL,False,NONE,0.25,NONE,AGGRESSIVE_SELL
2014-07-09,2014,1327.75,NO_SWEEP,39888.1159,10724.8841,50613.0,-0.5662,29163.2317,0.5762,2860.003,BUY,False,NONE,0.0,NONE,AGGRESSIVE_BUY
2014-07-10,2014,1335.04,BUY_SIDE_SWEEP,34001.7072,20323.2928,54325.0,-0.0717,13678.4143,0.25179,-901.2952,BUY,False,NONE,0.0,NONE,AGGRESSIVE_BUY
2014-07-11,2014,1337.83,NO_SWEEP,33319.4062,6104.5938,39424.0,-1.699,27214.8124,0.69031,7185.6129,BUY,False,NONE,0.0,NONE,AGGRESSIVE_BUY
2014-07-14,2014,1306.79,SELL_SIDE_SWEEP,5949.5,53545.5,59495.0,0.6328,-47596.0,-0.8,-508.6524,SELL,False,NONE,0.0,NONE,AGGRESSIVE_SELL
2014-07-15,2014,1294.51,SELL_SIDE_SWEEP,5908.9,53180.1,59089.0,0.5598,-47271.2,-0.8,-5079.8869,SELL,False,NONE,0.0,NONE,AGGRESSIVE_SELL
2014-07-16,2014,1298.44,NO_SWEEP,30974.5313,18115.4687,49090.0,-0.5512,12859.0626,0.26195,-771.3693,BUY,False,NONE,0.0,NONE,AGGRESSIVE_BUY
2014-07-17,2014,1318.93,NO_SWEEP,56997.6053,8548.3947,65546.0,1.5271,48449.2106,0.73916,2887.3622,BUY,False,NONE,0.35,NONE,AGGRESSIVE_BUY
2014-07-18,2014,1310.34,NO_SWEEP,10996.4364,42303.5636,53300.0,0.0942,-31307.1272,-0.58738,648.8006,SELL,False,NONE,0.0,NONE,AGGRESSIVE_SELL
2014-07-21,2014,1312.18,NO_SWEEP,24080.6923,15255.3077,39336.0,-1.6699,8825.3846,0.22436,-1893.4303,BUY,False,NONE,0.25,NONE,AGGRESSIVE_BUY
2014-07-22,2014,1307.14,NO_SWEEP,12698.1518,34816.8482,47515.0,-0.5196,-22118.6963,-0.46551,-6368.0692,SELL,False,NONE,0.0,NONE,AGGRESSIVE_SELL
2014-07-23,2014,1304.72,NO_SWEEP,5878.5149,33842.4851,39721.0,-1.3923,-27963.9701,-0.70401,-13265.417,SELL,False,NONE,0.25,NONE,AGGRESSIVE_SELL
2014-07-24,2014,1293.44,NO_SWEEP,12905.3404,41501.6596,54407.0,0.4842,-28596.3192,-0.5256,-10890.4569,SELL,False,NONE,0.0,NONE,AGGRESSIVE_SELL
2014-07-25,2014,1307.03,NO_SWEEP,37295.1,4143.9,41439.0,-1.0751,33151.2,0.8,-837.6569,BUY,False,NONE,0.0,NONE,AGGRESSIVE_BUY
2014-07-28,2014,1303.91,NO_SWEEP,11794.5631,37193.4369,48988.0,-0.103,-25398.8739,-0.51847,-5619.8989,SELL,False,NONE,0.25,NONE,AGGRESSIVE_SELL
2014-07-29,2014,1298.67,NO_SWEEP,5343.3727,40802.6273,46146.0,-0.4022,-35459.2547,-0.76841,-16108.4571,SELL,False,NONE,0.25,NONE,AGGRESSIVE_SELL
2014-07-30,2014,1295.9,NO_SWEEP,12291.8047,36586.1953,48878.0,-0.0474,-24294.3905,-0.49704,-15231.865,SELL,False,NONE,0.25,NONE,AGGRESSIVE_SELL
2014-07-31,2014,1282.96,SELL_SIDE_SWEEP,4906.2047,42205.7953,47112.0,-0.2315,-37299.5906,-0.79172,-20997.4869,SELL,False,NONE,0.0,NONE,AGGRESSIVE_SELL
2014-08-01,2014,1292.9,NO_SWEEP,44309.5257,8596.4743,52906.0,0.429,35713.0513,0.67503,-13768.5185,BUY,False,NONE,0.0,NONE,AGGRESSIVE_BUY
2014-08-04,2014,1288.03,NO_SWEEP,5453.1427,29791.8573,35245.0,-1.8512,-24338.7146,-0.69056,-13315.3615,SELL,False,NONE,0.0,NONE,AGGRESSIVE_SELL
2014-08-05,2014,1288.49,NO_SWEEP,30806.9142,14932.0858,45739.0,-0.4242,15874.8285,0.34707,-7756.4681,BUY,False,NONE,0.25,NONE,AGGRESSIVE_BUY
2014-08-06,2014,1305.72,NO_SWEEP,59290.2281,7826.7719,67117.0,2.0503,51463.4561,0.76677,-5467.4361,BUY,False,NONE,0.35,NONE,AGGRESSIVE_BUY
2014-08-07,2014,1312.0,NO_SWEEP,57029.7989,9680.2011,66710.0,1.7756,47349.5978,0.70978,3626.1229,BUY,False,NONE,0.35,NONE,AGGRESSIVE_BUY
2014-08-08,2014,1310.35,NO_SWEEP,15861.0989,65021.9011,80883.0,2.5854,-49160.8021,-0.6078,1913.4295,SELL,True,NONE,0.6,NONE,AGGRESSIVE_SELL
2014-08-11,2014,1307.97,NO_SWEEP,17192.0,34998.0,52190.0,0.0112,-17806.0,-0.34118,2724.4783,SELL,False,NONE,0.25,NONE,AGGRESSIVE_SELL
2014-08-12,2014,1309.19,NO_SWEEP,28196.9792,27110.0208,55307.0,0.3176,1086.9584,0.01965,7522.7969,NEUTRAL,False,NONE,0.25,NONE,NEUTRAL
2014-08-13,2014,1312.05,NO_SWEEP,48207.9757,11514.0243,59722.0,0.6706,36693.9514,0.61441,7645.4094,BUY,False,NONE,0.0,NONE,AGGRESSIVE_BUY
2014-08-14,2014,1313.12,NO_SWEEP,37848.9642,25322.0358,63171.0,1.0099,12526.9285,0.1983,12253.6148,BUY,True,NONE,0.6,NONE,AGGRESSIVE_BUY
2014-08-15,2014,1304.4,NO_SWEEP,27335.8188,46174.1812,73510.0,1.7235,-18838.3624,-0.25627,7914.466,SELL,True,NONE,0.6,NONE,AGGRESSIVE_SELL
2014-08-18,2014,1298.37,NO_SWEEP,12841.8084,36900.1916,49742.0,-0.3605,-24058.3832,-0.48366,-1525.7639,SELL,False,NONE,0.0,NONE,AGGRESSIVE_SELL
2014-08-19,2014,1295.41,NO_SWEEP,6254.5934,37491.4066,43746.0,-0.8634,-31236.8132,-0.71405,-11349.0653,SELL,False,NONE,0.0,NONE,AGGRESSIVE_SELL
2014-08-20,2014,1291.44,NO_SWEEP,13881.0623,38738.9377,52620.0,-0.1507,-24857.8754,-0.4724,-8311.1995,SELL,False,NONE,0.0,NONE,AGGRESSIVE_SELL
2014-08-21,2014,1276.41,SELL_SIDE_SWEEP,7777.8168,45848.1832,53626.0,-0.0558,-38070.3664,-0.70992,-10844.2453,SELL,False,NONE,0.0,NONE,AGGRESSIVE_SELL
2014-08-22,2014,1279.8,NO_SWEEP,34745.7998,10830.2002,45576.0,-0.8214,23915.5995,0.52474,-7990.6651,BUY,False,NONE,0.25,NONE,AGGRESSIVE_BUY
2014-08-25,2014,1276.63,NO_SWEEP,11923.3777,27565.6223,39489.0,-1.2897,-15642.2447,-0.39612,-14532.6897,SELL,False,NONE,0.25,NONE,AGGRESSIVE_SELL
2014-08-26,2014,1281.4,NO_SWEEP,34913.3641,25564.6359,60478.0,0.5186,9348.7283,0.15458,-14929.9647,NEUTRAL,False,NONE,0.25,NONE,NEUTRAL
2014-08-27,2014,1282.31,NO_SWEEP,23321.8858,21022.1142,44344.0,-0.8934,2299.7716,0.05186,-12287.6979,NEUTRAL,False,NONE,0.25,NONE,NEUTRAL
2014-08-28,2014,1288.86,NO_SWEEP,41418.2087,23646.7913,65065.0,0.85,17771.4173,0.27313,-7058.9729,BUY,False,NONE,0.0,NONE,AGGRESSIVE_BUY
2014-08-29,2014,1286.66,NO_SWEEP,12935.7511,29913.2489,42849.0,-1.0235,-16977.4979,-0.39622,-5276.5585,SELL,False,NONE,0.0,NONE,AGGRESSIVE_SELL
2014-09-01,2014,1285.77,NO_SWEEP,3115.2403,13427.7597,16543.0,-2.705,-10312.5195,-0.62338,-3458.389,SELL,False,NONE,0.25,NONE,AGGRESSIVE_SELL
2014-09-02,2014,1265.19,SELL_SIDE_SWEEP,6454.2,58087.8,64542.0,0.698,-51633.6,-0.8,-5153.7932,SELL,False,NONE,0.0,NONE,AGGRESSIVE_SELL
2014-09-03,2014,1269.07,NO_SWEEP,48816.2401,9379.7599,58196.0,0.2778,39436.4802,0.67765,-3213.6831,BUY,False,NONE,0.25,NONE,AGGRESSIVE_BUY
2014-09-04,2014,1260.94,SELL_SIDE_SWEEP,6908.9,62180.1,69089.0,1.0604,-55271.2,-0.8,-8167.3025,SELL,False,NONE,0.35,NONE,AGGRESSIVE_SELL
2014-09-05,2014,1268.65,NO_SWEEP,47581.9633,12577.0367,60159.0,0.5364,35004.9266,0.58187,-4960.2777,BUY,False,NONE,0.0,NONE,AGGRESSIVE_BUY
2014-09-08,2014,1254.87,SELL_SIDE_SWEEP,7888.9718,56142.0282,64031.0,0.7876,-48253.0564,-0.75359,-11279.3812,SELL,False,NONE,0.0,NONE,AGGRESSIVE_SELL
2014-09-09,2014,1255.12,NO_SWEEP,37133.7453,35516.2547,72650.0,1.3348,1617.4906,0.02226,-13298.6221,NEUTRAL,True,NONE,0.6,NONE,NEUTRAL
2014-09-10,2014,1249.41,NO_SWEEP,20638.9444,50449.0556,71088.0,1.1373,-29810.1112,-0.41934,-14902.6987,SELL,False,NONE,0.35,NONE,AGGRESSIVE_SELL
2014-09-11,2014,1240.49,SELL_SIDE_SWEEP,19259.563,54142.437,73402.0,1.2278,-34882.874,-0.47523,-17973.993,SELL,False,NONE,0.35,NONE,AGGRESSIVE_SELL
2014-09-12,2014,1229.12,SELL_SIDE_SWEEP,10615.832,59225.168,69841.0,1.0035,-48609.336,-0.696,-17595.96,SELL,False,NONE,0.35,NONE,AGGRESSIVE_SELL
2014-09-15,2014,1232.98,NO_SWEEP,38962.2889,15962.7111,54925.0,-0.0856,22999.5778,0.41875,-19650.5728,BUY,False,NONE,0.25,NONE,AGGRESSIVE_BUY
2014-09-16,2014,1235.24,NO_SWEEP,34777.0952,28728.9048,63506.0,0.469,6048.1905,0.09524,-11985.649,NEUTRAL,False,NONE,0.25,NONE,NEUTRAL
2014-09-17,2014,1222.37,SELL_SIDE_SWEEP,6086.5,54778.5,60865.0,0.2458,-48692.0,-0.8,-22447.7648,SELL,False,NONE,0.0,NONE,AGGRESSIVE_SELL
2014-09-18,2014,1224.52,NO_SWEEP,59673.029,13729.971,73403.0,1.0619,45943.058,0.6259,-10673.2505,BUY,True,NONE,0.6,NONE,AGGRESSIVE_BUY
2014-09-19,2014,1215.33,SELL_SIDE_SWEEP,7951.2,71560.8,79512.0,1.3399,-63609.6,-0.8,-18826.6369,SELL,False,NONE,0.35,NONE,AGGRESSIVE_SELL
2014-09-22,2014,1214.45,NO_SWEEP,25627.9298,43177.0702,68805.0,0.521,-17549.1404,-0.25506,-17294.0155,SELL,False,NONE,0.25,NONE,AGGRESSIVE_SELL
2014-09-23,2014,1223.72,NO_SWEEP,47074.1835,27144.8165,74219.0,0.8494,19929.3671,0.26852,-10442.4854,BUY,False,NONE,0.0,NONE,AGGRESSIVE_BUY
2014-09-24,2014,1216.59,NO_SWEEP,5931.3,53381.7,59313.0,-0.2832,-47450.4,-0.8,-10297.6184,SELL,False,NONE,0.0,NONE,AGGRESSIVE_SELL
2014-09-25,2014,1221.5,NO_SWEEP,62015.8767,7833.1233,69849.0,0.484,54182.7534,0.77571,-6399.7214,BUY,False,NONE,0.25,NONE,AGGRESSIVE_BUY
2014-09-26,2014,1217.49,NO_SWEEP,11522.0545,46855.9455,58378.0,-0.4528,-35333.891,-0.60526,-11572.4816,SELL,False,NONE,0.25,NONE,AGGRESSIVE_SELL
2014-09-29,2014,1215.78,NO_SWEEP,5892.2,53029.8,58922.0,-1.0994,-47137.6,-0.8,-11378.1816,SELL,False,NONE,0.25,NONE,AGGRESSIVE_SELL
2014-09-30,2014,1207.83,NO_SWEEP,11120.7484,59512.2516,70633.0,0.6104,-48391.5033,-0.68511,-23170.0018,SELL,False,NONE,0.0,NONE,AGGRESSIVE_SELL
2014-10-01,2014,1213.46,NO_SWEEP,48436.4517,18071.5483,66508.0,-0.0695,30364.9033,0.45656,-11423.1889,BUY,False,NONE,0.0,NONE,AGGRESSIVE_BUY
2014-10-02,2014,1213.91,NO_SWEEP,40959.4478,30220.5522,71180.0,0.636,10738.8957,0.15087,-7887.1844,NEUTRAL,False,NONE,0.25,NONE,NEUTRAL
2014-10-03,2014,1191.77,SELL_SIDE_SWEEP,5844.9,52604.1,58449.0,-1.2956,-46759.2,-0.8,-16223.2552,SELL,False,NONE,0.0,NONE,AGGRESSIVE_SELL
2014-10-06,2014,1206.72,NO_SWEEP,56765.7,6307.3,63073.0,-0.5834,50458.4,0.8,-3984.6552,BUY,False,NONE,0.0,NONE,AGGRESSIVE_BUY
2014-10-07,2014,1208.6,NO_SWEEP,40115.908,18362.092,58478.0,-1.1531,21753.816,0.372,-8038.2724,BUY,False,NONE,0.25,NONE,AGGRESSIVE_BUY
2014-10-08,2014,1221.1,NO_SWEEP,64120.103,7352.897,71473.0,0.7785,56767.206,0.79425,3474.3647,BUY,False,NONE,0.0,NONE,AGGRESSIVE_BUY
2014-10-09,2014,1224.28,NO_SWEEP,39559.7307,29609.2693,69169.0,0.4791,9950.4615,0.14386,10610.3724,NEUTRAL,False,NONE,0.25,NONE,NEUTRAL
2014-10-10,2014,1222.75,NO_SWEEP,26963.9095,29393.0905,56357.0,-1.3182,-2429.181,-0.0431,16355.6627,NEUTRAL,False,NONE,0.25,NONE,NEUTRAL
2014-10-13,2014,1235.46,BUY_SIDE_SWEEP,54998.1426,7289.8574,62288.0,-0.5329,47708.2852,0.76593,18523.5854,BUY,False,NONE,0.0,NONE,AGGRESSIVE_BUY
2014-10-14,2014,1231.74,NO_SWEEP,6875.5,61879.5,68755.0,0.43,-55004.0,-0.8,10305.7234,SELL,False,NONE,0.0,NONE,AGGRESSIVE_SELL
2014-10-15,2014,1241.85,BUY_SIDE_SWEEP,87019.2967,20785.7033,107805.0,3.5705,66233.5933,0.61438,24429.8226,BUY,True,NONE,0.6,NONE,AGGRESSIVE_BUY
2014-10-16,2014,1238.27,NO_SWEEP,20924.4415,76949.5585,97874.0,2.2176,-56025.1171,-0.57242,11119.383,SELL,True,NONE,0.6,NONE,AGGRESSIVE_SELL
2014-10-17,2014,1238.31,NO_SWEEP,45871.1068,13492.8932,59364.0,-0.7206,32378.2135,0.54542,12447.4327,BUY,False,NONE,0.25,NONE,AGGRESSIVE_BUY
2014-10-20,2014,1246.81,NO_SWEEP,42161.4,4684.6,46846.0,-1.516,37476.8,0.8,10036.1319,BUY,False,NONE,0.0,NONE,AGGRESSIVE_BUY
2014-10-21,2014,1248.32,NO_SWEEP,31560.6864,29253.3136,60814.0,-0.4394,2307.3728,0.03794,9080.7458,NEUTRAL,False,NONE,0.25,NONE,NEUTRAL
2014-10-22,2014,1241.35,NO_SWEEP,5126.9885,39542.0115,44669.0,-1.4921,-34415.0231,-0.77045,5082.5156,SELL,False,NONE,0.0,NONE,AGGRESSIVE_SELL
2014-10-23,2014,1231.22,NO_SWEEP,10200.9115,42410.0885,52611.0,-0.8618,-32209.1771,-0.61221,-4907.1672,SELL,False,NONE,0.0,NONE,AGGRESSIVE_SELL
2014-10-24,2014,1230.09,NO_SWEEP,8796.6375,36605.3625,45402.0,-1.2626,-27808.725,-0.6125,-1507.7578,SELL,False,NONE,0.25,NONE,AGGRESSIVE_SELL
2014-10-27,2014,1224.77,NO_SWEEP,3809.9,34289.1,38099.0,-1.5691,-30479.2,-0.8,-13596.857,SELL,False,NONE,0.0,NONE,AGGRESSIVE_SELL
2014-10-28,2014,1227.12,NO_SWEEP,29220.351,23425.649,52646.0,-0.6117,5794.7019,0.11007,-5869.3796,NEUTRAL,False,NONE,0.25,NONE,NEUTRAL
2014-10-29,2014,1210.77,SELL_SIDE_SWEEP,4608.9,41480.1,46089.0,-0.9316,-36871.2,-0.8,-14525.5563,SELL,False,NONE,0.0,NONE,AGGRESSIVE_SELL
2014-10-30,2014,1197.97,SELL_SIDE_SWEEP,7537.3,67835.7,75373.0,0.8107,-60298.4,-0.8,-26747.4563,SELL,False,NONE,0.0,NONE,AGGRESSIVE_SELL
2014-10-31,2014,1171.52,SELL_SIDE_SWEEP,18666.8283,89928.1717,108595.0,2.2615,-71261.3433,-0.65621,-35943.5458,SELL,False,NONE,0.35,NONE,AGGRESSIVE_SELL
2014-11-03,2014,1165.7,NO_SWEEP,12913.0421,40412.9579,53326.0,-0.5308,-27499.9159,-0.51569,-35079.1574,SELL,False,NONE,0.25,NONE,AGGRESSIVE_SELL
2014-11-04,2014,1168.31,NO_SWEEP,33024.8141,22325.1859,55350.0,-0.4192,10699.6283,0.19331,-29715.5567,BUY,False,NONE,0.25,NONE,AGGRESSIVE_BUY
2014-11-05,2014,1141.25,SELL_SIDE_SWEEP,9389.2,84502.8,93892.0,1.3996,-75113.6,-0.8,-35628.6661,SELL,False,NONE,0.35,NONE,AGGRESSIVE_SELL
2014-11-06,2014,1141.32,NO_SWEEP,15116.351,58858.649,73975.0,0.4294,-43742.298,-0.59131,-37286.5534,SELL,False,NONE,0.25,NONE,AGGRESSIVE_SELL
2014-11-07,2014,1176.24,NO_SWEEP,93547.8,10394.2,103942.0,1.6305,83153.6,0.8,-27616.6911,BUY,False,NONE,0.35,NONE,AGGRESSIVE_BUY
2014-11-10,2014,1151.32,NO_SWEEP,7032.9,63296.1,70329.0,0.1135,-56263.2,-0.8,-30040.6911,SELL,False,NONE,0.0,NONE,AGGRESSIVE_SELL
2014-11-11,2014,1164.1,NO_SWEEP,63003.0939,19036.9061,82040.0,0.6009,43966.1878,0.53591,-17007.6176,BUY,False,NONE,0.0,NONE,AGGRESSIVE_BUY
2014-11-12,2014,1162.31,NO_SWEEP,20132.4728,51490.5272,71623.0,0.2398,-31358.0543,-0.43782,-12019.7065,SELL,False,NONE,0.25,NONE,AGGRESSIVE_SELL
2014-11-13,2014,1162.02,NO_SWEEP,50915.648,21145.352,72061.0,0.3432,29770.296,0.41313,-4860.93,BUY,False,NONE,0.25,NONE,AGGRESSIVE_BUY
2014-11-14,2014,1188.33,NO_SWEEP,82715.4,9190.6,91906.0,1.2266,73524.8,0.8,2992.2164,BUY,False,NONE,0.35,NONE,AGGRESSIVE_BUY
2014-11-17,2014,1186.13,NO_SWEEP,50518.9009,38473.0991,88992.0,0.9801,12045.8019,0.13536,13887.1417,NEUTRAL,False,NONE,0.25,NONE,NEUTRAL
2014-11-18,2014,1197.11,BUY_SIDE_SWEEP,52734.4886,16986.5114,69721.0,0.0093,35747.9773,0.51273,23823.4261,BUY,False,NONE,0.0,NONE,AGGRESSIVE_BUY
2014-11-19,2014,1182.78,NO_SWEEP,20877.6542,82369.3458,103247.0,1.4912,-61491.6915,-0.59558,5742.7646,SELL,False,NONE,0.35,NONE,AGGRESSIVE_SELL
2014-11-20,2014,1193.41,NO_SWEEP,80864.5913,11273.4087,92138.0,0.8617,69591.1827,0.75529,21474.5625,BUY,False,NONE,0.0,NONE,AGGRESSIVE_BUY
2014-11-21,2014,1201.13,NO_SWEEP,67249.2433,18691.7567,85941.0,0.4847,48557.4866,0.56501,22048.4748,BUY,False,NONE,0.0,NONE,AGGRESSIVE_BUY
2014-11-24,2014,1196.81,NO_SWEEP,14552.6451,42308.3549,56861.0,-1.1358,-27755.7098,-0.48813,22498.7679,SELL,False,NONE,0.0,NONE,AGGRESSIVE_SELL
2014-11-25,2014,1200.72,NO_SWEEP,62249.3833,8221.6167,70471.0,-0.4531,54027.7667,0.76667,25530.9517,BUY,False,NONE,0.25,NONE,AGGRESSIVE_BUY
2014-11-26,2014,1197.56,NO_SWEEP,17388.8342,28258.1658,45647.0,-1.8852,-10869.3316,-0.23812,14981.6853,SELL,False,NONE,0.0,NONE,AGGRESSIVE_SELL
2014-11-27,2014,1190.62,NO_SWEEP,12668.6781,36651.3219,49320.0,-1.5011,-23982.6438,-0.48627,10478.1296,SELL,False,NONE,0.0,NONE,AGGRESSIVE_SELL
2014-11-28,2014,1165.88,NO_SWEEP,6817.6,61358.4,68176.0,-0.3983,-54540.8,-0.8,-807.9676,SELL,False,NONE,0.0,NONE,AGGRESSIVE_SELL
2014-12-01,2014,1210.8,BUY_SIDE_SWEEP,124658.1,13850.9,138509.0,2.797,110807.2,0.8,20729.3939,BUY,False,NONE,0.35,NONE,AGGRESSIVE_BUY
2014-12-02,2014,1198.5,NO_SWEEP,23457.0542,80650.9458,104108.0,1.0635,-57193.8916,-0.54937,4881.2596,SELL,False,NONE,0.35,NONE,AGGRESSIVE_SELL
2014-12-03,2014,1209.47,NO_SWEEP,53948.1941,12269.8059,66218.0,-0.663,41678.3882,0.62941,4021.3723,BUY,False,NONE,0.0,NONE,AGGRESSIVE_BUY
2014-12-04,2014,1205.45,NO_SWEEP,15888.2012,48332.7988,64221.0,-0.7257,-32444.5977,-0.5052,3435.2613,SELL,False,NONE,0.25,NONE,AGGRESSIVE_SELL
2014-12-05,2014,1191.87,NO_SWEEP,12038.794,51763.206,63802.0,-0.6667,-39724.4121,-0.62262,-8283.7611,SELL,False,NONE,0.0,NONE,AGGRESSIVE_SELL
2014-12-08,2014,1203.22,NO_SWEEP,43659.3243,9369.6757,53029.0,-1.106,34289.6486,0.64662,-2638.8885,BUY,False,NONE,0.0,NONE,AGGRESSIVE_BUY
2014-12-09,2014,1230.62,BUY_SIDE_SWEEP,79868.7895,12429.2105,92298.0,0.6821,67439.5791,0.73067,8788.8893,BUY,False,NONE,0.0,NONE,AGGRESSIVE_BUY
2014-12-10,2014,1226.72,NO_SWEEP,15701.4982,129884.5018,145586.0,2.4489,-114183.0037,-0.7843,1333.6139,SELL,False,NONE,0.35,NONE,AGGRESSIVE_SELL
2014-12-11,2014,1227.57,NO_SWEEP,136189.2503,37095.7497,173285.0,2.6407,99093.5006,0.57185,-130.5986,BUY,True,NONE,0.6,NONE,AGGRESSIVE_BUY
2014-12-12,2014,1222.36,NO_SWEEP,63794.3741,91936.6259,155731.0,1.8278,-28142.2518,-0.18071,3500.8564,SELL,False,NONE,0.35,NONE,AGGRESSIVE_SELL
2014-12-15,2014,1192.14,NO_SWEEP,9029.8,81268.2,90298.0,0.0239,-72238.4,-0.8,-10738.7421,SELL,False,NONE,0.0,NONE,AGGRESSIVE_SELL
2014-12-16,2014,1196.3,NO_SWEEP,55154.8898,61151.1102,116306.0,0.6732,-5996.2204,-0.05156,-7432.695,NEUTRAL,False,NONE,0.25,NONE,NEUTRAL
2014-12-17,2014,1188.83,NO_SWEEP,18210.5303,74782.4697,92993.0,0.048,-56571.9394,-0.60835,-9538.6359,SELL,False,NONE,0.25,NONE,AGGRESSIVE_SELL
2014-12-18,2014,1197.92,NO_SWEEP,40291.0616,31789.9384,72081.0,-0.4962,8501.1231,0.11794,-12762.2016,NEUTRAL,False,NONE,0.0,NONE,NEUTRAL
2014-12-19,2014,1195.19,NO_SWEEP,9908.6985,51116.3015,61025.0,-0.7529,-41207.6031,-0.67526,-26343.0993,SELL,False,NONE,0.25,NONE,AGGRESSIVE_SELL
2014-12-22,2014,1175.5,SELL_SIDE_SWEEP,6226.5332,51768.4668,57995.0,-0.8371,-45541.9337,-0.78527,-17762.9656,SELL,False,NONE,0.0,NONE,AGGRESSIVE_SELL
2014-12-23,2014,1175.75,NO_SWEEP,14209.44,61912.56,76122.0,-0.3573,-47703.12,-0.62667,-36112.5432,SELL,False,NONE,0.25,NONE,AGGRESSIVE_SELL
2014-12-24,2014,1174.38,NO_SWEEP,4634.9999,28036.0001,32671.0,-1.4801,-23401.0002,-0.71626,-35519.8867,SELL,False,NONE,0.25,NONE,AGGRESSIVE_SELL
2014-12-26,2014,1195.13,NO_SWEEP,16080.4642,3893.5358,19974.0,-1.687,12186.9284,0.61014,-24966.7207,BUY,False,NONE,0.0,NONE,AGGRESSIVE_BUY
2014-12-29,2014,1182.94,NO_SWEEP,12331.8596,66987.1404,79319.0,-0.2133,-54655.2808,-0.68906,-31049.1032,SELL,False,NONE,0.0,NONE,AGGRESSIVE_SELL
2014-12-30,2014,1200.19,NO_SWEEP,85744.2265,27750.7735,113495.0,0.7018,57993.4531,0.51098,-16728.4291,BUY,False,NONE,0.0,NONE,AGGRESSIVE_BUY
2014-12-31,2014,1186.83,NO_SWEEP,7302.9991,45060.0009,52363.0,-0.8119,-37757.0019,-0.72106,-22510.6948,SELL,False,NONE,0.0,NONE,AGGRESSIVE_SELL
2015-01-02,2015,1188.82,NO_SWEEP,82382.1336,15334.8664,97717.0,0.3146,67047.2672,0.68614,-8978.836,BUY,False,NONE,0.25,NONE,AGGRESSIVE_BUY
2015-01-05,2015,1204.32,NO_SWEEP,109904.4,12211.6,122116.0,0.8589,97692.8,0.8,8925.5057,BUY,False,NONE,0.0,NONE,AGGRESSIVE_BUY
2015-01-06,2015,1218.35,BUY_SIDE_SWEEP,69749.8042,12259.1958,82009.0,-0.1881,57490.6083,0.70103,22074.7218,BUY,False,NONE,0.0,NONE,AGGRESSIVE_BUY
2015-01-07,2015,1210.52,NO_SWEEP,8300.8711,60080.1289,68381.0,-0.5669,-51779.2577,-0.75722,18527.4396,SELL,False,NONE,0.0,NONE,AGGRESSIVE_SELL
2015-01-08,2015,1208.69,NO_SWEEP,14063.8369,42963.1631,57027.0,-0.8034,-28899.3262,-0.50677,13391.6578,SELL,False,NONE,0.25,NONE,AGGRESSIVE_SELL
2015-01-09,2015,1222.36,NO_SWEEP,59180.4,6575.6,65756.0,-0.5032,52604.8,0.8,26799.1678,BUY,False,NONE,0.0,NONE,AGGRESSIVE_BUY
2015-01-12,2015,1233.25,BUY_SIDE_SWEEP,65991.6,7332.4,73324.0,-0.1952,58659.2,0.8,26882.3862,BUY,False,NONE,0.0,NONE,AGGRESSIVE_BUY
2015-01-13,2015,1230.77,NO_SWEEP,14364.1767,81057.8233,95422.0,0.7432,-66693.6467,-0.69893,23265.3056,SELL,False,NONE,0.25,NONE,AGGRESSIVE_SELL
2015-01-14,2015,1228.89,NO_SWEEP,17533.7881,103637.2119,121171.0,1.5823,-86103.4238,-0.71059,4121.4692,SELL,True,NONE,0.6,NONE,AGGRESSIVE_SELL
2015-01-15,2015,1262.31,BUY_SIDE_SWEEP,108578.7,12064.3,120643.0,1.5372,96514.4,0.8,3974.1692,BUY,False,NONE,0.35,NONE,AGGRESSIVE_BUY
2015-01-16,2015,1280.04,BUY_SIDE_SWEEP,72832.5,8092.5,80925.0,0.1254,64740.0,0.8,4880.3432,BUY,False,NONE,0.0,NONE,AGGRESSIVE_BUY
2015-01-19,2015,1276.66,NO_SWEEP,20060.1882,22835.8118,42896.0,-1.1625,-2775.6235,-0.06471,11005.7975,NEUTRAL,False,NONE,0.25,NONE,NEUTRAL
2015-01-21,2015,1293.47,BUY_SIDE_SWEEP,33578.7634,76287.2366,109866.0,1.076,-42708.4732,-0.38873,9279.6541,SELL,True,SELL,1.0,BUY_BREAKOUT_ABSORBED,ICEBERG_SELL
2015-01-22,2015,1301.38,NO_SWEEP,90371.5761,16254.4239,106626.0,0.8752,74117.1523,0.69511,11968.6981,BUY,False,NONE,0.25,NONE,AGGRESSIVE_BUY
2015-01-23,2015,1293.76,NO_SWEEP,30799.4972,51809.5028,82609.0,0.0474,-21010.0055,-0.25433,2010.0474,SELL,False,NONE,0.0,NONE,AGGRESSIVE_SELL
2015-01-26,2015,1281.22,NO_SWEEP,14803.6595,74586.3405,89390.0,0.1961,-59782.681,-0.66878,2873.9182,SELL,False,NONE,0.0,NONE,AGGRESSIVE_SELL
2015-01-27,2015,1292.25,NO_SWEEP,81723.9903,13610.0097,95334.0,0.3271,68113.9806,0.71448,22151.0937,BUY,False,NONE,0.0,NONE,AGGRESSIVE_BUY
2015-01-28,2015,1284.72,NO_SWEEP,20433.4845,60223.5155,80657.0,-0.315,-39790.0309,-0.49332,5113.0398,SELL,False,NONE,0.0,NONE,AGGRESSIVE_SELL
2015-01-29,2015,1257.3,NO_SWEEP,10645.3793,84388.6207,95034.0,0.3625,-73743.2415,-0.77597,-12197.3653,SELL,False,NONE,0.0,NONE,AGGRESSIVE_SELL
2015-01-30,2015,1283.56,NO_SWEEP,66624.3,7402.7,74027.0,-0.666,59221.6,0.8,-4447.7124,BUY,False,NONE,0.0,NONE,AGGRESSIVE_BUY
2015-02-02,2015,1274.98,NO_SWEEP,27901.9802,50027.0198,77929.0,-0.4339,-22125.0396,-0.28391,-1874.7832,SELL,False,NONE,0.25,NONE,AGGRESSIVE_SELL
2015-02-03,2015,1259.87,NO_SWEEP,10999.0415,94581.9585,105581.0,0.9704,-83582.9169,-0.79165,-21587.2919,SELL,False,NONE,0.0,NONE,AGGRESSIVE_SELL
2015-02-04,2015,1269.31,NO_SWEEP,75580.9034,11683.0966,87264.0,0.0387,63897.8067,0.73224,-10973.8153,BUY,False,NONE,0.0,NONE,AGGRESSIVE_BUY
2015-02-05,2015,1264.52,NO_SWEEP,29961.781,60570.219,90532.0,0.1504,-30608.4381,-0.3381,-7327.035,SELL,False,NONE,0.25,NONE,AGGRESSIVE_SELL
2015-02-06,2015,1233.12,SELL_SIDE_SWEEP,9561.9,86057.1,95619.0,0.3338,-76495.2,-0.8,-25403.1825,SELL,False,NONE,0.0,NONE,AGGRESSIVE_SELL
2015-02-09,2015,1239.27,NO_SWEEP,35721.1317,19754.8683,55476.0,-1.7626,15966.2634,0.2878,-18433.6457,BUY,False,NONE,0.25,NONE,AGGRESSIVE_BUY
2015-02-10,2015,1233.22,NO_SWEEP,7245.4318,57902.5682,65148.0,-1.2065,-50657.1364,-0.77757,-15547.8826,SELL,False,NONE,0.0,NONE,AGGRESSIVE_SELL
2015-02-11,2015,1217.18,SELL_SIDE_SWEEP,6361.1,57249.9,63611.0,-1.1638,-50888.8,-0.8,-29311.6826,SELL,False,NONE,0.0,NONE,AGGRESSIVE_SELL
2015-02-12,2015,1222.17,NO_SWEEP,36670.4088,37219.5912,73890.0,-0.576,-549.1824,-0.00743,-26614.7005,NEUTRAL,False,NONE,0.25,NONE,NEUTRAL
2015-02-13,2015,1228.99,NO_SWEEP,45281.9688,23016.0312,68298.0,-0.8054,22265.9376,0.32601,-13383.5937,BUY,False,NONE,0.0,NONE,AGGRESSIVE_BUY
2015-02-16,2015,1230.79,NO_SWEEP,18547.3092,16696.6908,35244.0,-2.239,1850.6184,0.05251,-21139.4922,NEUTRAL,False,NONE,0.25,NONE,NEUTRAL
2015-02-17,2015,1209.18,SELL_SIDE_SWEEP,9356.2528,63505.7472,72862.0,-0.4636,-54149.4943,-0.74318,-24082.1242,SELL,False,NONE,0.0,NONE,AGGRESSIVE_SELL
2015-02-18,2015,1211.83,NO_SWEEP,61190.1,6798.9,67989.0,-0.6548,54391.2,0.8,-7721.3242,BUY,False,NONE,0.25,NONE,AGGRESSIVE_BUY
2015-02-19,2015,1206.77,NO_SWEEP,7271.3,65441.7,72713.0,-0.2989,-58170.4,-0.8,-16988.4071,SELL,False,NONE,0.25,NONE,AGGRESSIVE_SELL
2015-02-20,2015,1201.66,NO_SWEEP,9819.9782,59312.0218,69132.0,-0.4803,-49492.0435,-0.71591,-16842.7705,SELL,False,NONE,0.25,NONE,AGGRESSIVE_SELL
2015-02-23,2015,1201.03,NO_SWEEP,20775.0676,35078.9324,55854.0,-1.1826,-14303.8648,-0.25609,-12269.6536,SELL,False,NONE,0.25,NONE,AGGRESSIVE_SELL
2015-02-24,2015,1199.81,NO_SWEEP,33572.5899,37637.4101,71210.0,-0.1724,-4064.8201,-0.05708,-12709.1083,NEUTRAL,False,NONE,0.25,NONE,NEUTRAL
2015-02-25,2015,1204.51,NO_SWEEP,34630.9429,30887.0571,65518.0,-0.4877,3743.8857,0.05714,-15024.3648,NEUTRAL,False,NONE,0.25,NONE,NEUTRAL
2015-02-26,2015,1209.12,NO_SWEEP,41611.3676,35298.6324,76910.0,0.3144,6312.7352,0.08208,-14466.6002,NEUTRAL,False,NONE,0.25,NONE,NEUTRAL
2015-02-27,2015,1212.78,NO_SWEEP,45822.9158,19790.0842,65613.0,-0.4161,26032.8316,0.39676,-4443.8095,BUY,False,NONE,0.25,NONE,AGGRESSIVE_BUY
2015-03-02,2015,1206.79,NO_SWEEP,7186.6,64679.4,71866.0,0.0235,-57492.8,-0.8,-18429.3095,SELL,False,NONE,0.0,NONE,AGGRESSIVE_SELL
2015-03-03,2015,1203.4,NO_SWEEP,21961.3833,53630.6167,75592.0,0.4393,-31669.2334,-0.41895,-15116.6637,SELL,False,NONE,0.25,NONE,AGGRESSIVE_SELL
2015-03-04,2015,1200.13,NO_SWEEP,7866.2578,55344.7422,63211.0,-0.4621,-47478.4844,-0.75111,-14864.9688,SELL,False,NONE,0.0,NONE,AGGRESSIVE_SELL
2015-03-05,2015,1198.47,NO_SWEEP,6867.2671,53290.7329,60158.0,-0.6387,-46423.4658,-0.77169,-18879.9189,SELL,False,NONE,0.25,NONE,AGGRESSIVE_SELL
2015-03-06,2015,1167.13,SELL_SIDE_SWEEP,8883.3,79949.7,88833.0,2.1063,-71066.4,-0.8,-27255.1164,SELL,False,NONE,0.35,NONE,AGGRESSIVE_SELL
2015-03-09,2015,1166.6,NO_SWEEP,4540.6,40865.4,45406.0,-1.8882,-36324.8,-0.8,-32263.7021,SELL,False,NONE,0.25,NONE,AGGRESSIVE_SELL
2015-03-10,2015,1161.63,SELL_SIDE_SWEEP,39794.5695,26288.4305,66083.0,-0.0374,13506.1389,0.20438,-31364.5266,BUY,False,NONE,0.25,NONE,AGGRESSIVE_BUY
2015-03-11,2015,1154.43,SELL_SIDE_SWEEP,18655.1603,48901.8397,67557.0,0.0773,-30246.6793,-0.44772,-38399.4655,SELL,False,NONE,0.0,NONE,AGGRESSIVE_SELL
2015-03-12,2015,1153.52,NO_SWEEP,14621.6843,61377.3157,75999.0,0.8209,-46755.6313,-0.61521,-37057.3194,SELL,False,NONE,0.25,NONE,AGGRESSIVE_SELL
2015-03-13,2015,1158.18,NO_SWEEP,45914.2012,14746.7988,60661.0,-0.5108,31167.4025,0.5138,-29202.7399,BUY,False,NONE,0.0,NONE,AGGRESSIVE_BUY
2015-03-16,2015,1154.52,NO_SWEEP,13635.4559,48752.5441,62388.0,-0.6122,-35117.0882,-0.56288,-27657.5654,SELL,False,NONE,0.25,NONE,AGGRESSIVE_SELL
2015-03-17,2015,1149.24,NO_SWEEP,19091.1197,51968.8803,71060.0,0.385,-32877.7606,-0.46268,-25964.3523,SELL,False,NONE,0.25,NONE,AGGRESSIVE_SELL
2015-03-18,2015,1167.43,NO_SWEEP,72886.2567,17147.7433,90034.0,2.1193,55738.5134,0.61908,-10113.7381,BUY,False,NONE,0.35,NONE,AGGRESSIVE_BUY
2015-03-19,2015,1170.81,NO_SWEEP,68724.0648,24789.9352,93514.0,2.0837,43934.1295,0.46981,-81.3719,BUY,True,NONE,0.6,NONE,AGGRESSIVE_BUY
2015-03-20,2015,1182.22,NO_SWEEP,65284.7929,16941.2071,82226.0,1.0052,48343.5859,0.58794,4273.309,BUY,False,NONE,0.35,NONE,AGGRESSIVE_BUY
2015-03-23,2015,1189.32,BUY_SIDE_SWEEP,63907.4547,8959.5453,72867.0,0.1368,54947.9093,0.75408,14922.6326,BUY,False,NONE,0.25,NONE,AGGRESSIVE_BUY
2015-03-24,2015,1193.1,BUY_SIDE_SWEEP,56163.6784,8570.3216,64734.0,-0.5563,47593.3567,0.73521,26716.2561,BUY,False,NONE,0.0,NONE,AGGRESSIVE_BUY
2015-03-25,2015,1195.17,BUY_SIDE_SWEEP,38264.9364,11821.0636,50086.0,-1.6614,26443.8728,0.52797,26125.8149,BUY,False,NONE,0.25,NONE,AGGRESSIVE_BUY
2015-03-26,2015,1204.54,BUY_SIDE_SWEEP,42663.6281,30620.3719,73284.0,0.2675,12043.2562,0.16434,32020.8579,NEUTRAL,False,NONE,0.0,NONE,NEUTRAL
2015-03-27,2015,1198.09,NO_SWEEP,17861.7971,43668.2029,61530.0,-0.6844,-25806.4059,-0.41941,32904.7773,SELL,False,NONE,0.0,NONE,AGGRESSIVE_SELL
2015-03-30,2015,1185.61,NO_SWEEP,8917.9207,51653.0793,60571.0,-0.7078,-42735.1586,-0.70554,20595.5683,SELL,False,NONE,0.0,NONE,AGGRESSIVE_SELL
2015-03-31,2015,1183.57,NO_SWEEP,20554.0165,48014.9835,68569.0,-0.0302,-27460.9669,-0.40049,11671.1812,SELL,False,NONE,0.25,NONE,AGGRESSIVE_SELL
2015-04-01,2015,1204.14,NO_SWEEP,63445.0698,7853.9302,71299.0,0.1607,55591.1396,0.77969,12577.1254,BUY,False,NONE,0.0,NONE,AGGRESSIVE_BUY
2015-04-02,2015,1202.07,NO_SWEEP,26398.4697,37794.5303,64193.0,-0.4441,-11396.0607,-0.17753,4284.1292,NEUTRAL,False,NONE,0.25,NONE,NEUTRAL
2015-04-03,2015,1199.64,NO_SWEEP,17.8,160.2,178.0,-3.4831,-142.4,-0.8,-1682.8404,SELL,False,NONE,0.0,NONE,AGGRESSIVE_SELL
2015-04-06,2015,1214.39,NO_SWEEP,6490.1,58410.9,64901.0,-0.0656,-51920.8,-0.8,-11478.4245,SELL,False,NONE,0.25,NONE,AGGRESSIVE_SELL
2015-04-07,2015,1208.91,NO_SWEEP,7351.2797,48301.7203,55653.0,-0.5437,-40950.4406,-0.73582,-18102.6366,SELL,False,NONE,0.0,NONE,AGGRESSIVE_SELL
2015-04-08,2015,1202.03,NO_SWEEP,14814.7859,52287.2141,67102.0,0.0856,-37472.4282,-0.55844,-19560.8894,SELL,False,NONE,0.0,NONE,AGGRESSIVE_SELL
2015-04-09,2015,1194.15,NO_SWEEP,5786.8823,48278.1177,54065.0,-0.5696,-42491.2355,-0.78593,-19530.399,SELL,False,NONE,0.0,NONE,AGGRESSIVE_SELL
2015-04-10,2015,1207.24,NO_SWEEP,51604.906,8038.094,59643.0,-0.2605,43566.8121,0.73046,-10651.9267,BUY,False,NONE,0.0,NONE,AGGRESSIVE_BUY
2015-04-13,2015,1198.39,NO_SWEEP,7796.262,62633.738,70430.0,0.3082,-54837.4759,-0.77861,-24455.5036,SELL,False,NONE,0.0,NONE,AGGRESSIVE_SELL
2015-04-14,2015,1192.3,NO_SWEEP,30672.0266,60132.9734,90805.0,1.3097,-29460.9468,-0.32444,-26713.6144,SELL,False,NONE,0.35,NONE,AGGRESSIVE_SELL
2015-04-15,2015,1202.35,NO_SWEEP,72986.4,8109.6,81096.0,0.8459,64876.8,0.8,-18586.2144,BUY,False,NONE,0.0,NONE,AGGRESSIVE_BUY
2015-04-16,2015,1198.23,NO_SWEEP,16314.2533,77233.7467,93548.0,1.5139,-60919.4934,-0.65121,-19711.051,SELL,True,NONE,0.6,NONE,AGGRESSIVE_SELL
2015-04-17,2015,1204.27,NO_SWEEP,63535.367,18584.633,82120.0,0.9011,44950.734,0.54738,-8973.4042,BUY,False,NONE,0.0,NONE,AGGRESSIVE_BUY
2015-04-20,2015,1195.69,NO_SWEEP,13390.4834,63429.5166,76820.0,0.6028,-50039.0332,-0.65138,-10544.2298,SELL,False,NONE,0.0,NONE,AGGRESSIVE_SELL
2015-04-21,2015,1202.05,NO_SWEEP,50501.5537,7645.4463,58147.0,-0.3753,42856.1073,0.73703,124.188,BUY,False,NONE,0.0,NONE,AGGRESSIVE_BUY
2015-04-22,2015,1186.88,NO_SWEEP,7367.9,66311.1,73679.0,0.3934,-58943.2,-0.8,-12689.5635,SELL,False,NONE,0.0,NONE,AGGRESSIVE_SELL
2015-04-23,2015,1193.8,NO_SWEEP,61245.8862,16356.1138,77602.0,0.5899,44889.7723,0.57846,-223.6575,BUY,False,NONE,0.0,NONE,AGGRESSIVE_BUY
2015-04-24,2015,1179.24,SELL_SIDE_SWEEP,9875.0694,61486.9306,71362.0,0.2292,-51611.8611,-0.72324,-2992.5218,SELL,False,NONE,0.0,NONE,AGGRESSIVE_SELL
2015-04-27,2015,1201.79,NO_SWEEP,74993.3686,11273.6314,86267.0,0.9402,63719.7372,0.73863,-3137.1546,BUY,False,NONE,0.0,NONE,AGGRESSIVE_BUY
2015-04-28,2015,1212.06,BUY_SIDE_SWEEP,72116.4532,10631.5468,82748.0,0.7085,61484.9063,0.74304,12163.3953,BUY,False,NONE,0.0,NONE,AGGRESSIVE_BUY
2015-04-29,2015,1204.92,NO_SWEEP,15668.1547,63107.8453,78776.0,0.4804,-47439.6906,-0.60221,614.5923,SELL,False,NONE,0.0,NONE,AGGRESSIVE_SELL
2015-04-30,2015,1183.97,NO_SWEEP,15771.6662,81916.3338,97688.0,1.3084,-66144.6676,-0.6771,-1398.612,SELL,False,NONE,0.35,NONE,AGGRESSIVE_SELL
2015-05-01,2015,1178.4,NO_SWEEP,26737.6769,40871.3231,67609.0,-0.5638,-14133.6462,-0.20905,-8522.3312,SELL,False,NONE,0.0,NONE,AGGRESSIVE_SELL
2015-05-04,2015,1188.28,NO_SWEEP,50147.3656,13133.6344,63281.0,-0.9061,37013.7312,0.58491,3472.2852,BUY,False,NONE,0.0,NONE,AGGRESSIVE_BUY
2015-05-05,2015,1192.83,NO_SWEEP,39541.3315,20947.6685,60489.0,-1.1845,18593.6631,0.30739,185.2715,BUY,False,NONE,0.25,NONE,AGGRESSIVE_BUY
2015-05-06,2015,1192.01,NO_SWEEP,18812.1906,46733.8094,65546.0,-0.752,-27921.6187,-0.42599,3146.5518,SELL,False,NONE,0.25,NONE,AGGRESSIVE_SELL
2015-05-07,2015,1184.22,NO_SWEEP,17489.929,46464.071,63954.0,-0.9802,-28974.1419,-0.45305,-8440.1831,SELL,False,NONE,0.0,NONE,AGGRESSIVE_SELL
2015-05-08,2015,1188.38,NO_SWEEP,56632.4398,24251.5602,80884.0,0.4374,32380.8796,0.40034,-12078.1864,BUY,False,NONE,0.0,NONE,AGGRESSIVE_BUY
2015-05-11,2015,1183.66,NO_SWEEP,16016.3026,44808.6974,60825.0,-1.3147,-28792.3949,-0.47336,-9747.2744,SELL,False,NONE,0.0,NONE,AGGRESSIVE_SELL
2015-05-12,2015,1193.65,NO_SWEEP,59884.249,10028.751,69913.0,-0.4359,49855.4981,0.71311,4752.7463,BUY,False,NONE,0.0,NONE,AGGRESSIVE_BUY
2015-05-13,2015,1215.69,BUY_SIDE_SWEEP,76855.5,8539.5,85395.0,0.9637,68316.0,0.8,15058.952,BUY,False,NONE,0.0,NONE,AGGRESSIVE_BUY
2015-05-14,2015,1220.86,BUY_SIDE_SWEEP,59304.5085,24671.4915,83976.0,0.9321,34633.017,0.41242,14761.3628,BUY,False,NONE,0.0,NONE,AGGRESSIVE_BUY
2015-05-15,2015,1223.78,NO_SWEEP,69005.7943,8245.2057,77251.0,0.3081,60760.5885,0.78653,20032.2285,BUY,False,NONE,0.25,NONE,AGGRESSIVE_BUY
2015-05-18,2015,1225.35,NO_SWEEP,37522.8705,30683.1295,68206.0,-0.5339,6839.7411,0.10028,24377.3984,NEUTRAL,False,NONE,0.25,NONE,NEUTRAL
2015-05-19,2015,1207.63,NO_SWEEP,7530.6,67775.4,75306.0,0.0799,-60244.8,-0.8,20468.5662,SELL,False,NONE,0.0,NONE,AGGRESSIVE_SELL
2015-05-20,2015,1209.74,NO_SWEEP,49306.7703,16129.2297,65436.0,-0.8852,33177.5407,0.50702,20568.1488,BUY,False,NONE,0.25,NONE,AGGRESSIVE_BUY
2015-05-21,2015,1206.03,NO_SWEEP,20101.7152,49621.2848,69723.0,-0.4079,-29519.5695,-0.42338,20477.252,SELL,False,NONE,0.25,NONE,AGGRESSIVE_SELL
2015-05-22,2015,1206.26,NO_SWEEP,16841.1471,49246.8529,66088.0,-0.7411,-32405.7058,-0.49034,10194.6015,SELL,False,NONE,0.25,NONE,AGGRESSIVE_SELL
2015-05-25,2015,1206.55,NO_SWEEP,17896.2928,7080.7072,24977.0,-3.2191,10815.5857,0.43302,3007.0497,BUY,False,NONE,0.25,NONE,AGGRESSIVE_BUY
2015-05-26,2015,1187.18,NO_SWEEP,6976.6,62789.4,69766.0,0.0008,-55812.8,-0.8,-8298.6774,SELL,False,NONE,0.0,NONE,AGGRESSIVE_SELL
2015-05-27,2015,1187.98,NO_SWEEP,44168.5471,16756.4529,60925.0,-0.5756,27412.0941,0.44993,-12467.2392,BUY,False,NONE,0.25,NONE,AGGRESSIVE_BUY
2015-05-28,2015,1188.13,NO_SWEEP,52798.0376,16406.9624,69205.0,0.146,36391.0752,0.52584,-8773.3225,BUY,False,NONE,0.25,NONE,AGGRESSIVE_BUY
2015-05-29,2015,1190.42,NO_SWEEP,48180.8049,20182.1951,68363.0,0.0733,27998.6098,0.40956,2257.1038,BUY,False,NONE,0.25,NONE,AGGRESSIVE_BUY
2015-06-01,2015,1189.15,NO_SWEEP,11102.0284,56089.9716,67192.0,-0.0397,-44987.9431,-0.66954,-7513.5817,SELL,False,NONE,0.25,NONE,AGGRESSIVE_SELL
2015-06-02,2015,1192.77,NO_SWEEP,52478.6701,16194.3299,68673.0,0.0496,36284.3402,0.52836,711.907,BUY,False,NONE,0.0,NONE,AGGRESSIVE_BUY
2015-06-03,2015,1184.81,NO_SWEEP,16613.1387,53669.8613,70283.0,0.1645,-37056.7227,-0.52725,130.5299,SELL,False,NONE,0.0,NONE,AGGRESSIVE_SELL
2015-06-04,2015,1176.43,SELL_SIDE_SWEEP,13529.5222,58530.4778,72060.0,0.2796,-45000.9557,-0.62449,-6846.5378,SELL,False,NONE,0.0,NONE,AGGRESSIVE_SELL
2015-06-05,2015,1171.52,SELL_SIDE_SWEEP,24992.1942,38863.8058,63856.0,-0.3449,-13871.6116,-0.21723,-1603.8892,SELL,False,NONE,0.0,NONE,AGGRESSIVE_SELL
2015-06-08,2015,1173.78,NO_SWEEP,50701.3469,22926.6531,73628.0,0.4416,27774.6939,0.37723,-1558.5643,BUY,False,NONE,0.0,NONE,AGGRESSIVE_BUY
2015-06-09,2015,1176.79,NO_SWEEP,37276.8779,25531.1221,62808.0,-0.4591,11745.7559,0.18701,-4639.2292,BUY,False,NONE,0.25,NONE,AGGRESSIVE_BUY
2015-06-10,2015,1185.85,NO_SWEEP,52737.0089,18730.9911,71468.0,0.3646,34006.0178,0.47582,-3888.3032,BUY,False,NONE,0.0,NONE,AGGRESSIVE_BUY
2015-06-11,2015,1182.04,NO_SWEEP,21527.7087,36947.2913,58475.0,-0.7362,-15419.5827,-0.2637,-192.2581,SELL,False,NONE,0.0,NONE,AGGRESSIVE_SELL
2015-06-12,2015,1181.47,NO_SWEEP,23563.4846,28310.5154,51874.0,-1.2314,-4747.0308,-0.09151,-5321.1795,NEUTRAL,False,NONE,0.25,NONE,NEUTRAL
2015-06-15,2015,1186.11,NO_SWEEP,52828.6286,10747.3714,63576.0,-0.1049,42081.2571,0.6619,4571.068,BUY,False,NONE,0.25,NONE,AGGRESSIVE_BUY
2015-06-16,2015,1182.04,NO_SWEEP,19540.7408,35092.2592,54633.0,-0.8597,-15551.5184,-0.28465,8252.2477,SELL,False,NONE,0.25,NONE,AGGRESSIVE_SELL
2015-06-17,2015,1184.82,NO_SWEEP,45927.4304,11795.5696,57723.0,-0.5249,34131.8609,0.5913,14252.6817,BUY,False,NONE,0.25,NONE,AGGRESSIVE_BUY
2015-06-18,2015,1201.95,BUY_SIDE_SWEEP,69611.9761,9307.0239,78919.0,1.3789,60304.9522,0.76414,18318.964,BUY,False,NONE,0.35,NONE,AGGRESSIVE_BUY
2015-06-19,2015,1200.19,NO_SWEEP,13709.4099,46070.5901,59780.0,-0.3288,-32361.1801,-0.54134,12805.597,SELL,False,NONE,0.25,NONE,AGGRESSIVE_SELL
2015-06-22,2015,1185.78,NO_SWEEP,7875.3176,49538.6824,57414.0,-1.1095,-41663.3649,-0.72567,3346.9242,SELL,False,NONE,0.0,NONE,AGGRESSIVE_SELL
2015-06-23,2015,1178.42,NO_SWEEP,7298.3414,47027.6586,54326.0,-1.389,-39729.3172,-0.73131,308.2074,SELL,False,NONE,0.0,NONE,AGGRESSIVE_SELL
2015-06-24,2015,1175.07,NO_SWEEP,17971.8101,32887.1899,50859.0,-1.6746,-14915.3798,-0.29327,-962.8363,SELL,False,NONE,0.25,NONE,AGGRESSIVE_SELL
2015-06-25,2015,1172.74,NO_SWEEP,6708.7742,45284.2258,51993.0,-1.3627,-38575.4516,-0.74194,-11044.9249,SELL,False,NONE,0.25,NONE,AGGRESSIVE_SELL
2015-06-26,2015,1175.18,NO_SWEEP,49435.836,15241.164,64677.0,0.2484,34194.6721,0.5287,-4826.651,BUY,False,NONE,0.25,NONE,AGGRESSIVE_BUY
2015-06-29,2015,1179.32,NO_SWEEP,27294.9208,71870.0792,99165.0,3.1111,-44575.1584,-0.4495,-14665.0285,SELL,False,NONE,0.35,NONE,AGGRESSIVE_SELL
2015-06-30,2015,1171.83,NO_SWEEP,24625.934,69689.066,94315.0,2.2165,-45063.1321,-0.47779,-27836.039,SELL,False,NONE,0.35,NONE,AGGRESSIVE_SELL
2015-07-01,2015,1168.48,NO_SWEEP,5680.7,51126.3,56807.0,-0.6216,-45445.6,-0.8,-29471.5915,SELL,False,NONE,0.0,NONE,AGGRESSIVE_SELL
2015-07-02,2015,1165.63,SELL_SIDE_SWEEP,29422.9427,29510.0573,58933.0,-0.4098,-87.1146,-0.00148,-24274.5602,NEUTRAL,False,NONE,0.25,NONE,NEUTRAL
2015-07-03,2015,1168.58,NO_SWEEP,30627.5696,7778.4304,38406.0,-1.7346,22849.1392,0.59494,-16452.2531,BUY,False,NONE,0.0,NONE,AGGRESSIVE_BUY
2015-07-06,2015,1170.05,NO_SWEEP,31732.9592,42648.0408,74381.0,0.7995,-10915.0817,-0.14675,-15952.2159,NEUTRAL,False,NONE,0.25,NONE,NEUTRAL
2015-07-07,2015,1156.74,NO_SWEEP,22773.711,59438.289,82212.0,1.2305,-36664.578,-0.44598,-15713.3567,SELL,False,NONE,0.35,NONE,AGGRESSIVE_SELL
2015-07-08,2015,1157.4,NO_SWEEP,67498.0276,27493.9724,94992.0,1.8387,40004.0553,0.42113,-14987.1838,BUY,True,NONE,0.6,NONE,AGGRESSIVE_BUY
2015-07-09,2015,1159.73,NO_SWEEP,39501.119,35568.881,75070.0,0.557,3932.2381,0.05238,-8923.7592,NEUTRAL,False,NONE,0.25,NONE,NEUTRAL
2015-07-10,2015,1163.59,NO_SWEEP,52002.3741,9422.6259,61425.0,-0.3161,42579.7481,0.6932,2031.6008,BUY,False,NONE,0.0,NONE,AGGRESSIVE_BUY
2015-07-13,2015,1157.78,NO_SWEEP,21921.2515,39030.7485,60952.0,-0.3367,-17109.4971,-0.2807,5573.6137,SELL,False,NONE,0.0,NONE,AGGRESSIVE_SELL
2015-07-14,2015,1155.35,NO_SWEEP,13048.2873,38797.7127,51846.0,-0.8899,-25749.4253,-0.49665,2365.8248,SELL,False,NONE,0.0,NONE,AGGRESSIVE_SELL
2015-07-15,2015,1149.34,NO_SWEEP,17465.3236,37482.6764,54948.0,-0.6855,-20017.3529,-0.3643,-2992.4867,SELL,False,NONE,0.0,NONE,AGGRESSIVE_SELL
2015-07-16,2015,1145.23,NO_SWEEP,19706.7681,47354.2319,67061.0,0.0992,-27647.4639,-0.41227,-5084.0345,SELL,False,NONE,0.0,NONE,AGGRESSIVE_SELL
2015-07-17,2015,1134.23,SELL_SIDE_SWEEP,10418.2202,58222.7798,68641.0,0.1709,-47804.5596,-0.69644,-6476.5322,SELL,False,NONE,0.0,NONE,AGGRESSIVE_SELL
2015-07-20,2015,1096.7,SELL_SIDE_SWEEP,31760.2447,74824.7553,106585.0,2.1147,-43064.5106,-0.40404,-16860.1029,SELL,False,NONE,0.35,NONE,AGGRESSIVE_SELL
2015-07-21,2015,1100.92,NO_SWEEP,39609.1402,36940.8598,76550.0,0.3955,2668.2804,0.03486,-17018.0976,NEUTRAL,False,NONE,0.25,NONE,NEUTRAL
2015-07-22,2015,1094.01,NO_SWEEP,24109.5,56255.5,80365.0,0.5382,-32146.0,-0.4,-26358.8161,SELL,False,NONE,0.0,NONE,AGGRESSIVE_SELL
2015-07-23,2015,1090.63,NO_SWEEP,10628.7788,71945.2212,82574.0,0.5904,-61316.4424,-0.74256,-31884.6843,SELL,False,NONE,0.25,NONE,AGGRESSIVE_SELL
2015-07-24,2015,1099.08,NO_SWEEP,95277.6,10586.4,105864.0,1.6986,84691.2,0.8,-18079.6061,BUY,True,NONE,0.6,NONE,AGGRESSIVE_BUY
2015-07-27,2015,1094.13,NO_SWEEP,22355.019,69149.981,91505.0,0.9634,-46794.962,-0.51139,-21426.8073,SELL,False,NONE,0.25,NONE,AGGRESSIVE_SELL
2015-07-28,2015,1095.23,NO_SWEEP,44427.024,24071.976,68499.0,-0.2516,20355.0479,0.29716,-15426.4933,BUY,False,NONE,0.25,NONE,AGGRESSIVE_BUY
2015-07-29,2015,1096.78,NO_SWEEP,57777.5448,25986.4552,83764.0,0.5556,31791.0897,0.37953,-5477.0371,BUY,False,NONE,0.25,NONE,AGGRESSIVE_BUY
2015-07-30,2015,1088.53,NO_SWEEP,20834.28,58239.72,79074.0,0.2282,-37405.44,-0.47304,-4769.6533,SELL,False,NONE,0.0,NONE,AGGRESSIVE_SELL
2015-07-31,2015,1095.48,NO_SWEEP,66496.6342,20758.3658,87255.0,0.6509,45738.2683,0.52419,614.0952,BUY,False,NONE,0.25,NONE,AGGRESSIVE_BUY
2015-08-03,2015,1086.66,NO_SWEEP,7849.5,70645.5,78495.0,0.0416,-62796.0,-0.8,-3217.1548,SELL,False,NONE,0.0,NONE,AGGRESSIVE_SELL
2015-08-04,2015,1087.61,NO_SWEEP,54579.3001,31054.6999,85634.0,0.5134,23524.6003,0.27471,7387.9755,BUY,False,NONE,0.25,NONE,AGGRESSIVE_BUY
2015-08-05,2015,1084.77,NO_SWEEP,11620.864,74167.136,85788.0,0.5703,-62546.272,-0.72908,-11016.7085,SELL,False,NONE,0.25,NONE,AGGRESSIVE_SELL
2015-08-06,2015,1089.33,NO_SWEEP,54891.9109,24679.0891,79571.0,0.122,30212.8218,0.3797,-1390.7355,BUY,False,NONE,0.0,NONE,AGGRESSIVE_BUY
2015-08-07,2015,1094.17,NO_SWEEP,74898.4896,21200.5104,96099.0,1.1515,53697.9793,0.55878,2777.1309,BUY,True,NONE,0.6,NONE,AGGRESSIVE_BUY
2015-08-10,2015,1104.43,NO_SWEEP,71064.6322,13564.3678,84629.0,0.283,57500.2645,0.67944,5990.7778,BUY,False,NONE,0.0,NONE,AGGRESSIVE_BUY
2015-08-11,2015,1108.75,NO_SWEEP,79925.3958,32544.6042,112470.0,2.0907,47380.7916,0.42127,16589.0567,BUY,True,NONE,0.6,NONE,AGGRESSIVE_BUY
2015-08-12,2015,1123.91,BUY_SIDE_SWEEP,108800.1,12088.9,120889.0,2.3626,96711.2,0.8,22960.6732,BUY,False,NONE,0.35,NONE,AGGRESSIVE_BUY
2015-08-13,2015,1115.09,NO_SWEEP,8742.9,78686.1,87429.0,-0.0483,-69943.2,-0.8,22067.2732,SELL,False,NONE,0.0,NONE,AGGRESSIVE_SELL
2015-08-14,2015,1114.82,NO_SWEEP,18884.6804,61446.3196,80331.0,-0.6439,-42561.6393,-0.52983,13806.4932,SELL,False,NONE,0.25,NONE,AGGRESSIVE_SELL
2015-08-17,2015,1117.34,NO_SWEEP,45169.7581,31157.2419,76327.0,-0.8643,14012.5162,0.18359,23376.3418,BUY,False,NONE,0.25,NONE,AGGRESSIVE_BUY
2015-08-18,2015,1117.49,NO_SWEEP,64335.4436,18267.5564,82603.0,-0.3935,46067.8872,0.5577,25358.2249,BUY,False,NONE,0.25,NONE,AGGRESSIVE_BUY
2015-08-19,2015,1134.19,BUY_SIDE_SWEEP,88881.3,9875.7,98757.0,0.8329,79005.6,0.8,28521.6775,BUY,False,NONE,0.0,NONE,AGGRESSIVE_BUY
2015-08-20,2015,1152.08,BUY_SIDE_SWEEP,99261.0,11029.0,110290.0,1.5485,88232.0,0.8,32363.1445,BUY,False,NONE,0.35,NONE,AGGRESSIVE_BUY
2015-08-21,2015,1160.54,BUY_SIDE_SWEEP,88162.3782,33792.6218,121955.0,2.146,54369.7564,0.44582,33236.7651,BUY,False,NONE,0.35,NONE,AGGRESSIVE_BUY
2015-08-24,2015,1154.97,NO_SWEEP,47209.0262,128831.9738,176041.0,3.4294,-81622.9477,-0.46366,10944.9966,SELL,False,NONE,0.35,NONE,AGGRESSIVE_SELL
2015-08-25,2015,1140.5,NO_SWEEP,25147.7554,108055.2446,133203.0,1.448,-82907.4891,-0.62241,9324.4605,SELL,False,NONE,0.35,NONE,AGGRESSIVE_SELL
2015-08-26,2015,1124.77,NO_SWEEP,22695.3422,108455.6578,131151.0,1.2261,-85760.3157,-0.65391,3924.6259,SELL,False,NONE,0.35,NONE,AGGRESSIVE_SELL
2015-08-27,2015,1124.56,NO_SWEEP,51640.9601,76092.0399,127733.0,0.986,-24451.0797,-0.19142,-883.3236,SELL,False,NONE,0.25,NONE,AGGRESSIVE_SELL
2015-08-28,2015,1134.02,NO_SWEEP,87969.2455,33682.7545,121652.0,0.6757,54286.4911,0.44624,144.0019,BUY,False,NONE,0.0,NONE,AGGRESSIVE_BUY
2015-08-31,2015,1134.71,NO_SWEEP,80916.9872,10887.0128,91804.0,-0.5413,70029.9744,0.76282,-977.9513,BUY,False,NONE,0.25,NONE,AGGRESSIVE_BUY
2015-09-01,2015,1139.97,NO_SWEEP,61659.7583,42387.2417,104047.0,-0.0858,19272.5167,0.18523,-9597.8867,BUY,False,NONE,0.0,NONE,AGGRESSIVE_BUY
2015-09-02,2015,1133.78,NO_SWEEP,11341.6263,84298.3737,95640.0,-0.4569,-72956.7473,-0.76283,-25513.6997,SELL,False,NONE,0.0,NONE,AGGRESSIVE_SELL
2015-09-03,2015,1125.11,NO_SWEEP,14875.5268,65527.4732,80403.0,-1.0941,-50651.9463,-0.62998,-21642.3245,SELL,False,NONE,0.0,NONE,AGGRESSIVE_SELL
2015-09-04,2015,1122.33,NO_SWEEP,20146.9212,62657.0788,82804.0,-0.9481,-42510.1576,-0.51338,-16592.6581,SELL,False,NONE,0.25,NONE,AGGRESSIVE_SELL
2015-09-07,2015,1118.94,NO_SWEEP,12674.0679,41580.9321,54255.0,-1.8883,-28906.8642,-0.5328,-9485.9766,SELL,False,NONE,0.0,NONE,AGGRESSIVE_SELL
2015-09-08,2015,1121.27,NO_SWEEP,43344.5352,38014.4648,81359.0,-0.7991,5330.0705,0.06551,-5763.3329,NEUTRAL,False,NONE,0.25,NONE,NEUTRAL
2015-09-09,2015,1107.35,SELL_SIDE_SWEEP,16415.7758,75894.2242,92310.0,-0.3435,-59478.4483,-0.64433,-19983.9503,SELL,False,NONE,0.0,NONE,AGGRESSIVE_SELL
2015-09-10,2015,1110.37,NO_SWEEP,66212.5331,26784.4669,92997.0,-0.3297,39428.0662,0.42397,-23809.1888,BUY,False,NONE,0.25,NONE,AGGRESSIVE_BUY
2015-09-11,2015,1107.68,NO_SWEEP,33057.6899,41281.3101,74339.0,-1.0085,-8223.6203,-0.11062,-27246.2059,NEUTRAL,False,NONE,0.25,NONE,NEUTRAL
2015-09-14,2015,1108.77,NO_SWEEP,53285.6239,10484.3761,63770.0,-1.3421,42801.2478,0.67118,-12776.4565,BUY,False,NONE,0.25,NONE,AGGRESSIVE_BUY
2015-09-15,2015,1105.24,NO_SWEEP,16053.931,37088.069,53142.0,-1.5781,-21034.138,-0.39581,-9074.2305,SELL,False,NONE,0.0,NONE,AGGRESSIVE_SELL
2015-09-16,2015,1119.15,NO_SWEEP,75887.6307,15760.3693,91648.0,-0.2514,60127.2614,0.65607,3755.4469,BUY,False,NONE,0.0,NONE,AGGRESSIVE_BUY
2015-09-17,2015,1132.34,NO_SWEEP,86312.7,9590.3,95903.0,-0.0822,76722.4,0.8,16959.1049,BUY,False,NONE,0.0,NONE,AGGRESSIVE_BUY
2015-09-18,2015,1139.04,BUY_SIDE_SWEEP,94329.6286,14101.3714,108431.0,0.3744,80228.2571,0.7399,26321.3783,BUY,False,NONE,0.0,NONE,AGGRESSIVE_BUY
2015-09-21,2015,1133.3,NO_SWEEP,16224.9592,47299.0408,63524.0,-1.2135,-31074.0816,-0.48917,29871.9241,SELL,False,NONE,0.0,NONE,AGGRESSIVE_SELL
2015-09-22,2015,1124.3,NO_SWEEP,11311.6351,70181.3649,81493.0,-0.3677,-58869.7299,-0.72239,17584.6996,SELL,False,NONE,0.0,NONE,AGGRESSIVE_SELL
2015-09-23,2015,1129.98,NO_SWEEP,53924.9874,16638.0126,70563.0,-0.8052,37286.9747,0.52842,23273.524,BUY,False,NONE,0.0,NONE,AGGRESSIVE_BUY
2015-09-24,2015,1153.98,BUY_SIDE_SWEEP,104643.0,11627.0,116270.0,1.6389,93016.0,0.8,29550.368,BUY,False,NONE,0.35,NONE,AGGRESSIVE_BUY
2015-09-25,2015,1145.56,NO_SWEEP,35130.9262,72797.0738,107928.0,1.3053,-37666.1477,-0.34899,27471.3668,SELL,False,NONE,0.35,NONE,AGGRESSIVE_SELL
2015-09-28,2015,1132.17,NO_SWEEP,15487.2119,90364.7881,105852.0,1.1125,-74877.5762,-0.70738,10595.7621,SELL,False,NONE,0.35,NONE,AGGRESSIVE_SELL
2015-09-29,2015,1127.11,NO_SWEEP,18430.3147,75243.6853,93674.0,0.4747,-56813.3706,-0.6065,-6096.2092,SELL,False,NONE,0.0,NONE,AGGRESSIVE_SELL
2015-09-30,2015,1114.47,NO_SWEEP,13699.2173,89893.7827,103593.0,0.9976,-76194.5653,-0.73552,-25649.0621,SELL,False,NONE,0.0,NONE,AGGRESSIVE_SELL
2015-10-01,2015,1113.52,NO_SWEEP,17351.2311,62399.7689,79751.0,-0.3306,-45048.5378,-0.56486,-27395.8691,SELL,False,NONE,0.25,NONE,AGGRESSIVE_SELL
2015-10-02,2015,1138.72,NO_SWEEP,99844.2,11093.8,110938.0,1.2729,88750.4,0.8,-8943.3529,BUY,False,NONE,0.35,NONE,AGGRESSIVE_BUY
2015-10-05,2015,1135.43,NO_SWEEP,30992.4162,66791.5838,97784.0,0.4934,-35799.1676,-0.3661,-18079.1207,SELL,False,NONE,0.25,NONE,AGGRESSIVE_SELL
2015-10-06,2015,1146.97,NO_SWEEP,66759.0456,14777.9544,81537.0,-0.4481,51981.0911,0.63752,-23208.4843,BUY,False,NONE,0.0,NONE,AGGRESSIVE_BUY
2015-10-07,2015,1145.32,NO_SWEEP,17576.6278,65075.3722,82652.0,-0.3546,-47498.7443,-0.57468,-24437.5588,SELL,False,NONE,0.25,NONE,AGGRESSIVE_SELL
2015-10-08,2015,1139.07,NO_SWEEP,10427.7051,76519.2949,86947.0,-0.0891,-66091.5899,-0.76014,-23339.3105,SELL,False,NONE,0.0,NONE,AGGRESSIVE_SELL
2015-10-09,2015,1156.53,BUY_SIDE_SWEEP,85066.7927,9890.2073,94957.0,0.3195,75176.5853,0.79169,-6840.5661,BUY,False,NONE,0.0,NONE,AGGRESSIVE_BUY
2015-10-12,2015,1163.78,BUY_SIDE_SWEEP,49938.7266,16907.2734,66846.0,-1.3586,33031.4532,0.49414,6812.6863,BUY,False,NONE,0.0,NONE,AGGRESSIVE_BUY
2015-10-13,2015,1168.09,NO_SWEEP,87581.7,9731.3,97313.0,0.3717,77850.4,0.8,22175.0535,BUY,False,NONE,0.25,NONE,AGGRESSIVE_BUY
2015-10-14,2015,1184.58,BUY_SIDE_SWEEP,89505.3714,14090.6286,103596.0,0.7494,75414.7428,0.72797,20508.0963,BUY,False,NONE,0.0,NONE,AGGRESSIVE_BUY
2015-10-15,2015,1182.7,NO_SWEEP,33444.5898,63634.4102,97079.0,0.3059,-30189.8203,-0.31098,21209.2647,SELL,False,NONE,0.25,NONE,AGGRESSIVE_SELL
2015-10-16,2015,1177.14,NO_SWEEP,18741.3218,74503.6782,93245.0,0.1019,-55762.3564,-0.59802,7741.3338,SELL,False,NONE,0.0,NONE,AGGRESSIVE_SELL
2015-10-19,2015,1170.2,NO_SWEEP,14135.5025,67412.4975,81548.0,-0.8489,-53276.9951,-0.65332,7019.0524,SELL,False,NONE,0.0,NONE,AGGRESSIVE_SELL
2015-10-20,2015,1176.35,NO_SWEEP,64516.4455,18875.5545,83392.0,-0.7196,45640.891,0.54731,20985.6126,BUY,False,NONE,0.0,NONE,AGGRESSIVE_BUY
2015-10-21,2015,1166.95,NO_SWEEP,14062.3469,79285.6531,93348.0,-0.047,-65223.3062,-0.69871,3435.6261,SELL,False,NONE,0.0,NONE,AGGRESSIVE_SELL
2015-10-22,2015,1165.43,NO_SWEEP,22587.1145,80152.8855,102740.0,0.8589,-57565.771,-0.56031,-7889.0269,SELL,False,NONE,0.25,NONE,AGGRESSIVE_SELL
2015-10-23,2015,1164.37,NO_SWEEP,21120.1188,91047.8812,112168.0,1.6449,-69927.7625,-0.62342,-26361.2972,SELL,True,NONE,0.6,NONE,AGGRESSIVE_SELL
2015-10-26,2015,1163.0,NO_SWEEP,31946.3909,50176.6091,82123.0,-0.9002,-18230.2183,-0.22199,-38066.9173,SELL,False,NONE,0.25,NONE,AGGRESSIVE_SELL
2015-10-27,2015,1166.5,NO_SWEEP,66318.5472,15428.4528,81747.0,-0.8636,50890.0944,0.62253,-27931.928,BUY,False,NONE,0.25,NONE,AGGRESSIVE_BUY
2015-10-28,2015,1155.77,SELL_SIDE_SWEEP,11213.8,100924.2,112138.0,1.6614,-89710.4,-0.8,-32175.4334,SELL,False,NONE,0.35,NONE,AGGRESSIVE_SELL
2015-10-29,2015,1145.78,SELL_SIDE_SWEEP,11881.3,106931.7,118813.0,1.9005,-95050.4,-0.8,-37397.1091,SELL,False,NONE,0.35,NONE,AGGRESSIVE_SELL
2015-10-30,2015,1141.74,SELL_SIDE_SWEEP,18505.1035,94610.8965,113116.0,1.4385,-76105.7929,-0.67281,-52615.4446,SELL,False,NONE,0.35,NONE,AGGRESSIVE_SELL
2015-11-02,2015,1133.46,SELL_SIDE_SWEEP,9917.6638,82796.3362,92714.0,-0.0902,-72878.6724,-0.78606,-53572.3653,SELL,False,NONE,0.0,NONE,AGGRESSIVE_SELL
2015-11-03,2015,1117.61,SELL_SIDE_SWEEP,10144.9,91304.1,101449.0,0.5065,-81159.2,-0.8,-56521.544,SELL,False,NONE,0.0,NONE,AGGRESSIVE_SELL
2015-11-04,2015,1107.51,SELL_SIDE_SWEEP,11054.5,99490.5,110545.0,1.0928,-88436.0,-0.8,-58835.0736,SELL,False,NONE,0.35,NONE,AGGRESSIVE_SELL
2015-11-05,2015,1103.57,SELL_SIDE_SWEEP,9381.2,84430.8,93812.0,-0.2191,-75049.6,-0.8,-65937.4964,SELL,False,NONE,0.0,NONE,AGGRESSIVE_SELL
2015-11-06,2015,1088.62,SELL_SIDE_SWEEP,8814.7,79332.3,88147.0,-0.6261,-70517.6,-0.8,-81113.4582,SELL,False,NONE,0.0,NONE,AGGRESSIVE_SELL
2015-11-09,2015,1091.95,NO_SWEEP,59058.35,31800.65,90859.0,-0.5912,27257.7,0.3,-66492.4457,BUY,False,NONE,0.25,NONE,AGGRESSIVE_BUY
2015-11-10,2015,1089.6,NO_SWEEP,25071.6784,53185.3216,78257.0,-1.526,-28113.6433,-0.35925,-58125.3511,SELL,False,NONE,0.25,NONE,AGGRESSIVE_SELL
2015-11-11,2015,1085.84,NO_SWEEP,12630.5165,68606.4835,81237.0,-1.1524,-55975.967,-0.68905,-55609.1228,SELL,False,NONE,0.0,NONE,AGGRESSIVE_SELL
2015-11-12,2015,1084.9,NO_SWEEP,49122.5898,51016.4102,100139.0,0.3694,-1893.8205,-0.01891,-46736.0163,NEUTRAL,False,NONE,0.25,NONE,NEUTRAL
2015-11-13,2015,1083.54,NO_SWEEP,34952.8183,77867.1817,112820.0,1.2618,-42914.3634,-0.38038,-41955.4118,SELL,True,NONE,0.6,NONE,AGGRESSIVE_SELL
2015-11-16,2015,1082.68,NO_SWEEP,11098.2,99883.8,110982.0,1.0143,-88785.6,-0.8,-41999.1118,SELL,True,NONE,0.6,NONE,AGGRESSIVE_SELL
2015-11-17,2015,1070.06,SELL_SIDE_SWEEP,17783.6949,89831.3051,107615.0,0.6717,-72047.6101,-0.66949,-41623.863,SELL,False,NONE,0.0,NONE,AGGRESSIVE_SELL
2015-11-18,2015,1070.87,NO_SWEEP,45904.9002,67252.0998,113157.0,1.0141,-21347.1996,-0.18865,-35477.563,SELL,True,NONE,0.6,NONE,AGGRESSIVE_SELL
2015-11-19,2015,1082.04,NO_SWEEP,90055.7,23736.3,113792.0,0.9947,66319.4,0.58281,-30594.8505,BUY,False,NONE,0.0,NONE,AGGRESSIVE_BUY
2015-11-20,2015,1077.98,NO_SWEEP,13897.9611,95658.0389,109556.0,0.6862,-81760.0777,-0.74629,-37300.6548,SELL,False,NONE,0.25,NONE,AGGRESSIVE_SELL
2015-11-23,2015,1068.92,NO_SWEEP,18012.7378,94203.2622,112216.0,0.8063,-76190.5244,-0.67896,-39827.4745,SELL,False,NONE,0.0,NONE,AGGRESSIVE_SELL
2015-11-24,2015,1075.31,NO_SWEEP,70152.6225,34599.3775,104752.0,0.125,35553.245,0.3394,-35146.5913,BUY,False,NONE,0.0,NONE,AGGRESSIVE_BUY
2015-11-25,2015,1071.1,NO_SWEEP,14715.3799,68279.6201,82995.0,-1.5472,-53564.2401,-0.64539,-36477.8259,SELL,False,NONE,0.0,NONE,AGGRESSIVE_SELL
2015-11-26,2015,1071.65,NO_SWEEP,28363.8019,20882.1981,49246.0,-3.0445,7481.6038,0.15192,-24444.4254,NEUTRAL,False,NONE,0.25,NONE,NEUTRAL
2015-11-27,2015,1058.04,SELL_SIDE_SWEEP,13535.9698,62300.0302,75836.0,-1.2547,-48764.0604,-0.64302,-21533.9817,SELL,False,NONE,0.0,NONE,AGGRESSIVE_SELL
2015-11-30,2015,1064.37,NO_SWEEP,67551.2061,19565.7939,87117.0,-0.5493,47985.4122,0.55082,-12867.4052,BUY,False,NONE,0.0,NONE,AGGRESSIVE_BUY
2015-12-01,2015,1069.24,NO_SWEEP,59643.2932,29097.7068,88741.0,-0.4123,30545.5863,0.34421,-17339.1319,BUY,False,NONE,0.0,NONE,AGGRESSIVE_BUY
2015-12-02,2015,1053.49,NO_SWEEP,9676.0,87084.0,96760.0,0.1143,-77408.0,-0.8,-16795.1222,SELL,False,NONE,0.0,NONE,AGGRESSIVE_SELL
2015-12-03,2015,1062.1,NO_SWEEP,118065.8649,16130.1351,134196.0,2.0289,101935.7299,0.7596,5470.6596,BUY,False,NONE,0.35,NONE,AGGRESSIVE_BUY
2015-12-04,2015,1086.76,NO_SWEEP,130131.0,14459.0,144590.0,2.1396,115672.0,0.8,15485.504,BUY,False,NONE,0.35,NONE,AGGRESSIVE_BUY
2015-12-07,2015,1070.76,NO_SWEEP,20881.6849,110246.3151,131128.0,1.3398,-89364.6301,-0.68151,11010.4552,SELL,False,NONE,0.35,NONE,AGGRESSIVE_SELL
2015-12-08,2015,1074.52,NO_SWEEP,91142.4512,34654.5488,125797.0,0.9927,56487.9024,0.44904,17136.2425,BUY,False,NONE,0.25,NONE,AGGRESSIVE_BUY
2015-12-09,2015,1072.67,NO_SWEEP,18476.2285,106546.7715,125023.0,0.8653,-88070.543,-0.70443,12222.9322,SELL,False,NONE,0.25,NONE,AGGRESSIVE_SELL
2015-12-10,2015,1071.21,NO_SWEEP,21531.9861,95389.0139,116921.0,0.4501,-73857.0277,-0.63168,-3007.3728,SELL,False,NONE,0.25,NONE,AGGRESSIVE_SELL
2015-12-11,2015,1074.66,NO_SWEEP,103833.4372,25722.5628,129556.0,0.9711,78110.8743,0.60291,2938.2882,BUY,False,NONE,0.25,NONE,AGGRESSIVE_BUY
2015-12-14,2015,1060.12,NO_SWEEP,11268.6,101417.4,112686.0,0.2072,-90148.8,-0.8,1345.6882,SELL,False,NONE,0.0,NONE,AGGRESSIVE_SELL
2015-12-15,2015,1060.8,NO_SWEEP,15369.0284,96248.9716,111618.0,0.15,-80879.9432,-0.72461,-21506.2709,SELL,False,NONE,0.25,NONE,AGGRESSIVE_SELL
2015-12-16,2015,1072.18,NO_SWEEP,81794.1119,26461.8881,108256.0,0.0098,55332.2239,0.51112,-29048.7429,BUY,False,NONE,0.0,NONE,AGGRESSIVE_BUY
2015-12-17,2015,1051.55,NO_SWEEP,12883.9545,104226.0455,117110.0,0.4002,-91342.0911,-0.77997,-29295.9255,SELL,False,NONE,0.0,NONE,AGGRESSIVE_SELL
2015-12-18,2015,1065.85,NO_SWEEP,83420.2217,19718.7783,103139.0,-0.213,63701.4434,0.61763,-28394.2329,BUY,False,NONE,0.0,NONE,AGGRESSIVE_BUY
2015-12-21,2015,1078.28,NO_SWEEP,87483.6222,13640.3778,101124.0,-0.2783,73843.2445,0.73022,-8155.0095,BUY,False,NONE,0.0,NONE,AGGRESSIVE_BUY
2015-12-22,2015,1072.6,NO_SWEEP,8868.9,79820.1,88689.0,-0.787,-70951.2,-0.8,-7791.781,SELL,False,NONE,0.0,NONE,AGGRESSIVE_SELL
2015-12-23,2015,1070.2,NO_SWEEP,14183.0505,60700.9495,74884.0,-1.3493,-46517.899,-0.6212,-23370.3777,SELL,False,NONE,0.0,NONE,AGGRESSIVE_SELL
2015-12-24,2015,1076.05,NO_SWEEP,50481.0,5609.0,56090.0,-2.2545,44872.0,0.8,-6492.7777,BUY,False,NONE,0.0,NONE,AGGRESSIVE_BUY
2015-12-28,2015,1068.9,NO_SWEEP,14817.9857,72952.0143,87770.0,-0.8903,-58134.0286,-0.66235,-3649.5384,SELL,False,NONE,0.0,NONE,AGGRESSIVE_SELL
2015-12-29,2015,1068.62,NO_SWEEP,9992.3408,82853.6592,92846.0,-0.6764,-72861.3183,-0.78475,-19673.7311,SELL,False,NONE,0.25,NONE,AGGRESSIVE_SELL
2015-12-30,2015,1061.08,NO_SWEEP,6373.6,57362.4,63736.0,-1.83,-50988.8,-0.8,-14629.5698,SELL,False,NONE,0.0,NONE,AGGRESSIVE_SELL
2015-12-31,2015,1060.81,NO_SWEEP,22745.7081,41878.2919,64624.0,-1.6077,-19132.5839,-0.29606,-24983.8232,SELL,False,NONE,0.25,NONE,AGGRESSIVE_SELL
2016-01-04,2016,1074.43,NO_SWEEP,103821.8408,42319.1592,146141.0,1.6015,61502.6816,0.42084,-26526.3935,BUY,False,NONE,0.35,NONE,AGGRESSIVE_BUY
2016-01-05,2016,1078.07,NO_SWEEP,88897.65,35791.35,124689.0,0.8428,53106.3,0.42591,-11019.206,BUY,False,NONE,0.0,NONE,AGGRESSIVE_BUY
2016-01-06,2016,1093.01,BUY_SIDE_SWEEP,124236.9,13804.1,138041.0,1.3515,110432.8,0.8,8599.6314,BUY,False,NONE,0.35,NONE,AGGRESSIVE_BUY
2016-01-07,2016,1108.93,BUY_SIDE_SWEEP,166659.3,18517.7,185177.0,2.5744,148141.6,0.8,21508.3314,BUY,False,NONE,0.35,NONE,AGGRESSIVE_BUY
2016-01-08,2016,1103.85,NO_SWEEP,65722.055,100274.945,165997.0,1.733,-34552.8901,-0.20815,24455.9737,SELL,True,NONE,0.6,NONE,AGGRESSIVE_SELL
2016-01-11,2016,1095.4,NO_SWEEP,14417.8,129760.2,144178.0,0.9968,-115342.4,-0.8,19145.8385,SELL,False,NONE,0.0,NONE,AGGRESSIVE_SELL
2016-01-12,2016,1089.48,NO_SWEEP,38800.9604,104842.0396,143643.0,0.9447,-66041.0792,-0.45976,17264.3036,SELL,False,NONE,0.0,NONE,AGGRESSIVE_SELL
2016-01-13,2016,1093.65,NO_SWEEP,124415.1,13823.9,138239.0,0.7375,110591.2,0.8,33479.7765,BUY,False,NONE,0.0,NONE,AGGRESSIVE_BUY
2016-01-14,2016,1077.18,NO_SWEEP,26475.6707,127529.3293,154005.0,1.0966,-101053.6587,-0.65617,13160.234,SELL,False,NONE,0.35,NONE,AGGRESSIVE_SELL
2016-01-15,2016,1088.72,NO_SWEEP,117450.9364,46915.0636,164366.0,1.2544,70535.8728,0.42914,15338.9306,BUY,False,NONE,0.35,NONE,AGGRESSIVE_BUY
2016-01-18,2016,1088.88,NO_SWEEP,18678.3313,90136.6687,108815.0,-0.2282,-71458.3374,-0.6567,-7397.4616,SELL,False,NONE,0.25,NONE,AGGRESSIVE_SELL
2016-01-19,2016,1087.18,NO_SWEEP,46676.5466,122492.4534,169169.0,1.2539,-75815.9068,-0.44817,-35392.1499,SELL,True,NONE,0.6,NONE,AGGRESSIVE_SELL
2016-01-20,2016,1100.83,NO_SWEEP,137407.1387,52714.8613,190122.0,1.5768,84692.2775,0.44546,-20486.504,BUY,False,NONE,0.35,NONE,AGGRESSIVE_BUY
2016-01-21,2016,1101.16,NO_SWEEP,156634.7126,36757.2874,193392.0,1.4699,119877.4252,0.61987,8915.9742,BUY,True,NONE,0.6,NONE,AGGRESSIVE_BUY
2016-01-22,2016,1097.78,NO_SWEEP,45253.3291,104233.6709,149487.0,0.3757,-58980.3419,-0.39455,9798.5663,SELL,False,NONE,0.0,NONE,AGGRESSIVE_SELL
2016-01-25,2016,1107.67,NO_SWEEP,115406.1,12822.9,128229.0,-0.2533,102583.2,0.8,8797.5663,BUY,False,NONE,0.0,NONE,AGGRESSIVE_BUY
2016-01-26,2016,1120.09,BUY_SIDE_SWEEP,121898.0078,16754.9922,138653.0,-0.0432,105143.0157,0.75832,34572.1506,BUY,False,NONE,0.0,NONE,AGGRESSIVE_BUY
2016-01-27,2016,1124.76,BUY_SIDE_SWEEP,113938.9106,23260.0894,137199.0,-0.1545,90678.8212,0.66093,37090.0192,BUY,False,NONE,0.0,NONE,AGGRESSIVE_BUY
2016-01-28,2016,1114.28,NO_SWEEP,18268.6304,115121.3696,133390.0,-0.4378,-96852.7391,-0.72609,33915.719,SELL,False,NONE,0.0,NONE,AGGRESSIVE_SELL
2016-01-29,2016,1117.99,NO_SWEEP,124561.8,13840.2,138402.0,-0.5134,110721.6,0.8,57232.9073,BUY,False,NONE,0.25,NONE,AGGRESSIVE_BUY
2016-02-01,2016,1128.37,BUY_SIDE_SWEEP,125908.2,13989.8,139898.0,-0.4285,111918.4,0.8,60636.1726,BUY,False,NONE,0.0,NONE,AGGRESSIVE_BUY
2016-02-02,2016,1128.62,NO_SWEEP,103663.6128,24379.3872,128043.0,-0.9871,79284.2256,0.6192,55562.0227,BUY,False,NONE,0.25,NONE,AGGRESSIVE_BUY
2016-02-03,2016,1142.34,BUY_SIDE_SWEEP,162513.3603,18676.6397,181190.0,1.3132,143836.7206,0.79384,80914.1555,BUY,False,NONE,0.35,NONE,AGGRESSIVE_BUY
2016-02-04,2016,1155.36,BUY_SIDE_SWEEP,183226.5,20358.5,203585.0,2.1096,162868.0,0.8,88449.7555,BUY,False,NONE,0.35,NONE,AGGRESSIVE_BUY
2016-02-05,2016,1173.06,BUY_SIDE_SWEEP,167822.1,18646.9,186469.0,1.3085,149175.2,0.8,93953.7785,BUY,False,NONE,0.35,NONE,AGGRESSIVE_BUY
2016-02-08,2016,1190.02,BUY_SIDE_SWEEP,151374.456,39388.544,190763.0,1.3257,111985.912,0.58704,96617.1649,BUY,False,NONE,0.35,NONE,AGGRESSIVE_BUY
2016-02-09,2016,1188.76,NO_SWEEP,32574.8529,161641.1471,194216.0,1.3057,-129066.2942,-0.66455,92590.4705,SELL,True,NONE,0.6,NONE,AGGRESSIVE_SELL
2016-02-10,2016,1197.41,NO_SWEEP,164172.6,18241.4,182414.0,0.7932,145931.2,0.8,96991.6705,BUY,False,NONE,0.0,NONE,AGGRESSIVE_BUY
2016-02-11,2016,1248.7,BUY_SIDE_SWEEP,156781.3461,28501.6539,185283.0,0.8267,128279.6922,0.69234,99036.832,BUY,False,NONE,0.0,NONE,AGGRESSIVE_BUY
2016-02-12,2016,1238.13,NO_SWEEP,42133.1257,123180.8743,165314.0,0.1112,-81047.7487,-0.49027,78995.3352,SELL,False,NONE,0.0,NONE,AGGRESSIVE_SELL
2016-02-15,2016,1209.07,NO_SWEEP,14021.3523,80156.6477,94178.0,-2.2796,-66135.2955,-0.70224,52748.8332,SELL,False,NONE,0.0,NONE,AGGRESSIVE_SELL
2016-02-16,2016,1199.53,NO_SWEEP,40304.2693,131834.7307,172139.0,0.3559,-91530.4614,-0.53172,20949.0256,SELL,False,NONE,0.0,NONE,AGGRESSIVE_SELL
2016-02-17,2016,1208.31,NO_SWEEP,136950.0039,35827.9961,172778.0,0.4152,101122.0078,0.58527,14942.3765,BUY,False,NONE,0.25,NONE,AGGRESSIVE_BUY
2016-02-18,2016,1230.65,NO_SWEEP,142619.2034,27999.7966,170619.0,0.3918,114619.4068,0.67179,15271.5634,BUY,False,NONE,0.0,NONE,AGGRESSIVE_BUY
2016-02-19,2016,1227.29,NO_SWEEP,49981.4663,90224.5337,140206.0,-0.6686,-40243.0674,-0.28703,26374.4667,SELL,False,NONE,0.25,NONE,AGGRESSIVE_SELL
2016-02-22,2016,1208.42,NO_SWEEP,21589.7122,92279.2878,113869.0,-1.5223,-70689.5757,-0.6208,-703.1302,SELL,False,NONE,0.0,NONE,AGGRESSIVE_SELL
2016-02-23,2016,1226.44,NO_SWEEP,91215.9,10135.1,101351.0,-1.7488,81080.8,0.8,-6602.9918,BUY,False,NONE,0.0,NONE,AGGRESSIVE_BUY
2016-02-24,2016,1229.17,NO_SWEEP,69698.9607,80265.0393,149964.0,-0.2313,-10566.0785,-0.07046,2207.217,NEUTRAL,False,NONE,0.25,NONE,NEUTRAL
2016-02-25,2016,1233.2,NO_SWEEP,115606.3352,51261.6648,166868.0,0.2588,64344.6704,0.3856,18517.2127,BUY,False,NONE,0.25,NONE,AGGRESSIVE_BUY
2016-02-26,2016,1223.32,NO_SWEEP,34728.9906,85290.0094,120019.0,-1.1956,-50561.0188,-0.42128,23638.3931,SELL,False,NONE,0.25,NONE,AGGRESSIVE_SELL
2016-02-29,2016,1238.3,NO_SWEEP,123001.2,13666.8,136668.0,-0.6637,109334.4,0.8,24664.9421,BUY,False,NONE,0.0,NONE,AGGRESSIVE_BUY
2016-03-01,2016,1231.57,NO_SWEEP,20973.5245,122268.4755,143242.0,-0.4894,-101294.9511,-0.70716,-2324.3526,SELL,False,NONE,0.0,NONE,AGGRESSIVE_SELL
2016-03-02,2016,1240.09,NO_SWEEP,98438.177,16169.823,114608.0,-1.2602,82268.354,0.71782,12989.575,BUY,False,NONE,0.0,NONE,AGGRESSIVE_BUY
2016-03-03,2016,1265.51,BUY_SIDE_SWEEP,135201.6,15022.4,150224.0,-0.0772,120179.2,0.8,36848.172,BUY,False,NONE,0.0,NONE,AGGRESSIVE_BUY
2016-03-04,2016,1258.78,NO_SWEEP,31833.4909,127633.5091,159467.0,0.2817,-95800.0181,-0.60075,14738.0697,SELL,False,NONE,0.25,NONE,AGGRESSIVE_SELL
2016-03-07,2016,1267.22,NO_SWEEP,101682.3957,33932.6043,135615.0,-0.458,67749.7915,0.49957,24527.5535,BUY,False,NONE,0.0,NONE,AGGRESSIVE_BUY
2016-03-08,2016,1261.5,NO_SWEEP,12847.5,115627.5,128475.0,-0.6354,-102780.0,-0.8,3636.9697,SELL,False,NONE,0.25,NONE,AGGRESSIVE_SELL
2016-03-09,2016,1252.88,NO_SWEEP,34570.0334,74256.9666,108827.0,-1.2588,-39686.9333,-0.36468,4996.2304,SELL,False,NONE,0.0,NONE,AGGRESSIVE_SELL
2016-03-10,2016,1271.98,NO_SWEEP,107579.7,11953.3,119533.0,-0.7681,95626.4,0.8,3282.7304,BUY,False,NONE,0.0,NONE,AGGRESSIVE_BUY
2016-03-11,2016,1249.23,NO_SWEEP,11588.7,104298.3,115887.0,-0.8292,-92709.6,-0.8,4355.8993,SELL,False,NONE,0.0,NONE,AGGRESSIVE_SELL
2016-03-14,2016,1235.0,NO_SWEEP,9632.3709,66919.6291,76552.0,-2.2682,-57287.2583,-0.74834,-13088.5523,SELL,False,NONE,0.0,NONE,AGGRESSIVE_SELL
2016-03-15,2016,1232.44,NO_SWEEP,33764.281,53678.719,87443.0,-1.6489,-19914.4381,-0.22774,-30600.257,SELL,False,NONE,0.25,NONE,AGGRESSIVE_SELL
2016-03-16,2016,1262.04,NO_SWEEP,99401.4,11044.6,110446.0,-0.6919,88356.8,0.8,-7580.6548,BUY,False,NONE,0.0,NONE,AGGRESSIVE_BUY
2016-03-17,2016,1257.72,NO_SWEEP,20915.4581,124602.5419,145518.0,0.8384,-103687.0837,-0.71254,-29010.2642,SELL,False,NONE,0.25,NONE,AGGRESSIVE_SELL
2016-03-18,2016,1255.04,NO_SWEEP,29941.4943,82589.5057,112531.0,-0.5371,-52648.0113,-0.46785,-22743.7656,SELL,False,NONE,0.25,NONE,AGGRESSIVE_SELL
2016-03-21,2016,1243.44,NO_SWEEP,11940.3281,74994.6719,86935.0,-1.505,-63054.3437,-0.7253,-25664.6919,SELL,False,NONE,0.0,NONE,AGGRESSIVE_SELL
2016-03-22,2016,1248.0,NO_SWEEP,51381.4949,46742.5051,98124.0,-1.0313,4638.9898,0.04728,-37038.1182,NEUTRAL,False,NONE,0.25,NONE,NEUTRAL
2016-03-23,2016,1220.13,SELL_SIDE_SWEEP,8225.4,74028.6,82254.0,-1.4955,-65803.2,-0.8,-33674.8182,SELL,False,NONE,0.0,NONE,AGGRESSIVE_SELL
2016-03-24,2016,1217.12,NO_SWEEP,21690.6119,48793.3881,70484.0,-1.7865,-27102.7762,-0.38452,-29901.7579,SELL,False,NONE,0.0,NONE,AGGRESSIVE_SELL
2016-03-28,2016,1221.34,NO_SWEEP,48195.9,5355.1,53551.0,-2.0571,42840.8,0.8,-22057.3531,BUY,False,NONE,0.0,NONE,AGGRESSIVE_BUY
2016-03-29,2016,1240.72,NO_SWEEP,79016.4,8779.6,87796.0,-0.7657,70236.8,0.8,-24322.3531,BUY,False,NONE,0.0,NONE,AGGRESSIVE_BUY
2016-03-30,2016,1224.46,NO_SWEEP,7165.1,64485.9,71651.0,-1.2107,-57320.8,-0.8,-18526.5677,SELL,False,NONE,0.0,NONE,AGGRESSIVE_SELL
2016-03-31,2016,1232.44,NO_SWEEP,46904.4502,23405.5498,70310.0,-1.1415,23498.9004,0.33422,-9008.2037,BUY,False,NONE,0.0,NONE,AGGRESSIVE_BUY
2016-04-01,2016,1222.16,NO_SWEEP,30033.0565,55191.9435,85225.0,-0.5527,-25158.887,-0.29521,-4271.2716,SELL,False,NONE,0.0,NONE,AGGRESSIVE_SELL
2016-04-04,2016,1215.55,NO_SWEEP,6556.8,59011.2,65568.0,-1.2169,-52454.4,-0.8,-11407.9453,SELL,False,NONE,0.0,NONE,AGGRESSIVE_SELL
2016-04-05,2016,1230.47,NO_SWEEP,62415.8162,15511.1838,77927.0,-0.6391,46904.6324,0.6019,2680.5337,BUY,False,NONE,0.0,NONE,AGGRESSIVE_BUY
2016-04-06,2016,1222.03,NO_SWEEP,18833.5177,58337.4823,77171.0,-0.5942,-39503.9647,-0.5119,1130.3851,SELL,False,NONE,0.0,NONE,AGGRESSIVE_SELL
2016-04-07,2016,1240.6,NO_SWEEP,81905.4,9100.6,91006.0,0.0796,72804.8,0.8,4875.8851,BUY,False,NONE,0.0,NONE,AGGRESSIVE_BUY
2016-04-08,2016,1240.49,NO_SWEEP,67954.7825,8665.2175,76620.0,-0.5142,59289.5651,0.77381,3507.4808,BUY,False,NONE,0.25,NONE,AGGRESSIVE_BUY
2016-04-11,2016,1257.51,BUY_SIDE_SWEEP,84754.8,9417.2,94172.0,0.4163,75337.6,0.8,20089.7808,BUY,False,NONE,0.0,NONE,AGGRESSIVE_BUY
2016-04-12,2016,1255.41,NO_SWEEP,21037.3456,58848.6544,79886.0,-0.3269,-37811.3088,-0.47332,12426.0046,SELL,False,NONE,0.25,NONE,AGGRESSIVE_SELL
2016-04-13,2016,1243.16,NO_SWEEP,11588.7172,69604.2828,81193.0,-0.2431,-58015.5656,-0.71454,8318.9198,SELL,False,NONE,0.0,NONE,AGGRESSIVE_SELL
2016-04-14,2016,1226.33,NO_SWEEP,9176.8,82591.2,91768.0,0.3633,-73414.4,-0.8,5698.9198,SELL,False,NONE,0.0,NONE,AGGRESSIVE_SELL
2016-04-15,2016,1233.73,NO_SWEEP,60610.0351,9553.9649,70164.0,-0.868,51056.0703,0.72767,6217.8495,BUY,False,NONE,0.0,NONE,AGGRESSIVE_BUY
2016-04-18,2016,1232.57,NO_SWEEP,11702.9096,64356.0904,76059.0,-0.3163,-52653.1809,-0.69227,4574.1975,SELL,False,NONE,0.25,NONE,AGGRESSIVE_SELL
2016-04-19,2016,1250.21,NO_SWEEP,75236.7287,13794.2713,89031.0,0.8972,61442.4574,0.69012,3153.9047,BUY,False,NONE,0.0,NONE,AGGRESSIVE_BUY
2016-04-20,2016,1243.7,NO_SWEEP,8299.7,74697.3,82997.0,0.4352,-66397.6,-0.8,-12556.991,SELL,False,NONE,0.0,NONE,AGGRESSIVE_SELL
2016-04-21,2016,1248.77,NO_SWEEP,47412.7224,57257.2776,104670.0,2.1984,-9844.5553,-0.09405,-23204.7604,NEUTRAL,True,NONE,0.6,NONE,NEUTRAL
2016-04-22,2016,1232.73,NO_SWEEP,14105.6719,79609.3281,93715.0,1.108,-65503.6562,-0.69897,-26666.3038,SELL,False,NONE,0.35,NONE,AGGRESSIVE_SELL
2016-04-25,2016,1237.5,NO_SWEEP,51876.5561,19129.4439,71006.0,-1.1018,32747.1121,0.46119,-15320.9691,BUY,False,NONE,0.0,NONE,AGGRESSIVE_BUY
2016-04-26,2016,1243.68,NO_SWEEP,58982.4,6553.6,65536.0,-1.4665,52428.8,0.8,409.4309,BUY,False,NONE,0.0,NONE,AGGRESSIVE_BUY
2016-04-27,2016,1245.98,NO_SWEEP,51770.6915,27973.3085,79744.0,-0.1418,23797.383,0.29842,-2997.905,BUY,False,NONE,0.25,NONE,AGGRESSIVE_BUY
2016-04-28,2016,1266.29,NO_SWEEP,86615.1,9623.9,96239.0,1.3262,76991.2,0.8,13207.6426,BUY,False,NONE,0.35,NONE,AGGRESSIVE_BUY
2016-04-29,2016,1293.68,BUY_SIDE_SWEEP,86625.0,9625.0,96250.0,1.225,77000.0,0.8,15152.3355,BUY,False,NONE,0.35,NONE,AGGRESSIVE_BUY
2016-05-02,2016,1291.24,NO_SWEEP,15936.6185,83605.3815,99542.0,1.4002,-67668.763,-0.6798,14993.4401,SELL,True,NONE,0.6,NONE,AGGRESSIVE_SELL
2016-05-03,2016,1286.33,NO_SWEEP,15192.5049,87034.4951,102227.0,1.4657,-71841.9902,-0.70277,7243.7607,SELL,True,NONE,0.6,NONE,AGGRESSIVE_SELL
2016-05-04,2016,1279.71,NO_SWEEP,30538.7909,67785.2091,98324.0,1.0081,-37246.4182,-0.37881,10775.9155,SELL,True,NONE,0.6,NONE,AGGRESSIVE_SELL
2016-05-05,2016,1278.09,NO_SWEEP,35615.773,60563.227,96179.0,0.7836,-24947.4539,-0.25939,3564.0947,SELL,False,NONE,0.25,NONE,AGGRESSIVE_SELL
2016-05-06,2016,1288.8,NO_SWEEP,79657.8116,22649.1884,102307.0,1.1913,57008.6232,0.55723,4136.5726,BUY,False,NONE,0.35,NONE,AGGRESSIVE_BUY
2016-05-09,2016,1263.09,NO_SWEEP,9693.9,87245.1,96939.0,0.7093,-77551.2,-0.8,-8532.0002,SELL,False,NONE,0.0,NONE,AGGRESSIVE_SELL
2016-05-10,2016,1266.15,NO_SWEEP,74521.4422,17341.5578,91863.0,0.2245,57179.8845,0.62245,-11008.4147,BUY,False,NONE,0.25,NONE,AGGRESSIVE_BUY
2016-05-11,2016,1277.12,NO_SWEEP,78773.4,8752.6,87526.0,-0.1835,70020.8,0.8,-11880.8147,BUY,False,NONE,0.0,NONE,AGGRESSIVE_BUY
2016-05-12,2016,1263.42,NO_SWEEP,9315.0,83835.0,93150.0,0.3064,-74520.0,-0.8,-12737.2193,SELL,False,NONE,0.0,NONE,AGGRESSIVE_SELL
2016-05-13,2016,1273.3,NO_SWEEP,76587.6135,14033.3865,90621.0,-0.0072,62554.2269,0.69028,4062.3078,BUY,False,NONE,0.0,NONE,AGGRESSIVE_BUY
2016-05-16,2016,1273.62,NO_SWEEP,37701.5593,54981.4407,92683.0,0.117,-17279.8814,-0.18644,6558.1249,SELL,False,NONE,0.25,NONE,AGGRESSIVE_SELL
2016-05-17,2016,1279.26,NO_SWEEP,79443.2826,15021.7174,94465.0,0.27,64421.5653,0.68196,17729.2523,BUY,False,NONE,0.0,NONE,AGGRESSIVE_BUY
2016-05-18,2016,1257.88,NO_SWEEP,10302.8,92725.2,103028.0,1.0282,-82422.4,-0.8,300.3744,SELL,False,NONE,0.35,NONE,AGGRESSIVE_SELL
2016-05-19,2016,1254.2,SELL_SIDE_SWEEP,42370.8,58531.2,100902.0,0.8498,-16160.4,-0.16016,7974.2244,NEUTRAL,False,NONE,0.25,NONE,NEUTRAL
2016-05-20,2016,1251.91,NO_SWEEP,16112.9039,66521.0961,82634.0,-0.9436,-50408.1923,-0.61002,-5474.2852,SELL,False,NONE,0.25,NONE,AGGRESSIVE_SELL
2016-05-23,2016,1249.0,NO_SWEEP,25190.4286,52982.5714,78173.0,-1.5261,-27792.1428,-0.35552,-17700.903,SELL,False,NONE,0.25,NONE,AGGRESSIVE_SELL
2016-05-24,2016,1226.7,SELL_SIDE_SWEEP,8638.7,77748.3,86387.0,-0.9834,-69109.6,-0.8,-17024.603,SELL,False,NONE,0.0,NONE,AGGRESSIVE_SELL
2016-05-25,2016,1224.33,SELL_SIDE_SWEEP,31617.7412,52961.2588,84579.0,-1.3421,-21343.5175,-0.25235,-27511.8211,SELL,False,NONE,0.25,NONE,AGGRESSIVE_SELL
2016-05-26,2016,1219.62,NO_SWEEP,8681.6,78134.4,86816.0,-0.9256,-69452.8,-0.8,-34033.4359,SELL,False,NONE,0.25,NONE,AGGRESSIVE_SELL
2016-05-27,2016,1211.64,SELL_SIDE_SWEEP,16612.38,63751.62,80364.0,-1.6246,-47139.2399,-0.58657,-47978.5366,SELL,False,NONE,0.0,NONE,AGGRESSIVE_SELL
2016-05-30,2016,1207.4,NO_SWEEP,24683.3806,37591.6194,62275.0,-2.9079,-12908.2387,-0.20728,-39289.2664,SELL,False,NONE,0.0,NONE,AGGRESSIVE_SELL
2016-05-31,2016,1215.08,NO_SWEEP,67278.4663,16116.5337,83395.0,-0.6588,51161.9326,0.61349,-30873.9748,BUY,False,NONE,0.0,NONE,AGGRESSIVE_BUY
2016-06-01,2016,1212.57,NO_SWEEP,23824.0817,49814.9183,73639.0,-1.4978,-25990.8365,-0.35295,-27821.8054,SELL,False,NONE,0.25,NONE,AGGRESSIVE_SELL
2016-06-02,2016,1211.03,NO_SWEEP,9169.5632,70859.4368,80029.0,-0.768,-61689.8737,-0.77084,-32059.0217,SELL,False,NONE,0.25,NONE,AGGRESSIVE_SELL
2016-06-03,2016,1244.51,NO_SWEEP,86058.9,9562.1,95621.0,0.886,76496.8,0.8,-13858.2217,BUY,False,NONE,0.0,NONE,AGGRESSIVE_BUY
2016-06-06,2016,1244.89,NO_SWEEP,59640.2561,25741.7439,85382.0,-0.141,33898.5123,0.39702,-6952.968,BUY,False,NONE,0.25,NONE,AGGRESSIVE_BUY
2016-06-07,2016,1244.29,NO_SWEEP,39386.8301,30050.1699,69437.0,-1.64,9336.6601,0.13446,2895.7145,NEUTRAL,False,NONE,0.25,NONE,NEUTRAL
2016-06-08,2016,1261.84,BUY_SIDE_SWEEP,72467.1,8051.9,80519.0,-0.4745,64415.2,0.8,16840.0195,BUY,False,NONE,0.0,NONE,AGGRESSIVE_BUY
2016-06-09,2016,1269.32,BUY_SIDE_SWEEP,65534.566,8147.434,73682.0,-1.0546,57387.132,0.77885,25626.9408,BUY,False,NONE,0.0,NONE,AGGRESSIVE_BUY
2016-06-10,2016,1274.07,BUY_SIDE_SWEEP,63156.3052,16507.6948,79664.0,-0.4045,46648.6103,0.58557,25062.7756,BUY,False,NONE,0.0,NONE,AGGRESSIVE_BUY
2016-06-13,2016,1283.87,BUY_SIDE_SWEEP,77220.9122,13940.0878,91161.0,0.7649,63280.8244,0.69417,36221.7332,BUY,False,NONE,0.0,NONE,AGGRESSIVE_BUY
2016-06-14,2016,1285.87,NO_SWEEP,60956.828,15367.172,76324.0,-0.6596,45589.656,0.59732,49631.6744,BUY,False,NONE,0.25,NONE,AGGRESSIVE_BUY
2016-06-15,2016,1291.51,BUY_SIDE_SWEEP,66476.5207,16613.4793,83090.0,0.1636,49863.0413,0.60011,46302.4546,BUY,False,NONE,0.0,NONE,AGGRESSIVE_BUY
2016-06-16,2016,1278.75,NO_SWEEP,13749.5,123745.5,137495.0,3.7628,-109996.0,-0.8,28315.6405,SELL,False,NONE,0.35,NONE,AGGRESSIVE_SELL
2016-06-17,2016,1298.55,NO_SWEEP,83147.4,9238.6,92386.0,0.5782,73908.8,0.8,36387.158,BUY,False,NONE,0.0,NONE,AGGRESSIVE_BUY
2016-06-20,2016,1289.75,NO_SWEEP,73360.0879,10020.9121,83381.0,-0.0625,63339.1759,0.75964,36252.655,BUY,False,NONE,0.25,NONE,AGGRESSIVE_BUY
2016-06-21,2016,1267.18,NO_SWEEP,9399.4,84594.6,93994.0,0.6411,-75195.2,-0.8,19679.8635,SELL,False,NONE,0.0,NONE,AGGRESSIVE_SELL
2016-06-22,2016,1266.06,NO_SWEEP,25971.0526,45296.9474,71268.0,-0.8573,-19325.8948,-0.27117,11433.0504,SELL,False,NONE,0.0,NONE,AGGRESSIVE_SELL
2016-06-23,2016,1255.96,SELL_SIDE_SWEEP,7977.1,71793.9,79771.0,-0.2606,-63816.8,-0.8,-4454.1527,SELL,False,NONE,0.0,NONE,AGGRESSIVE_SELL
2016-06-24,2016,1315.67,BUY_SIDE_SWEEP,161148.5792,61497.4208,222646.0,3.9135,99651.1584,0.44758,2303.5351,BUY,False,NONE,0.35,NONE,AGGRESSIVE_BUY
2016-06-27,2016,1324.88,NO_SWEEP,60083.8951,147280.1049,207364.0,2.6349,-87196.2097,-0.4205,-14828.8713,SELL,True,NONE,0.6,NONE,AGGRESSIVE_SELL
2016-06-28,2016,1312.01,NO_SWEEP,40368.6602,138834.3398,179203.0,1.7006,-98465.6796,-0.54946,-13387.5812,SELL,False,NONE,0.35,NONE,AGGRESSIVE_SELL
2016-06-29,2016,1318.6,NO_SWEEP,88407.4448,57130.5552,145538.0,0.8636,31276.8897,0.21491,-18716.57,BUY,False,NONE,0.0,NONE,AGGRESSIVE_BUY
2016-06-30,2016,1321.58,NO_SWEEP,130481.7871,23610.2129,154092.0,0.9555,106871.5742,0.69356,-13275.0202,BUY,False,NONE,0.25,NONE,AGGRESSIVE_BUY
2016-07-01,2016,1342.28,NO_SWEEP,128086.2,14231.8,142318.0,0.6436,113854.4,0.8,10356.1798,BUY,False,NONE,0.0,NONE,AGGRESSIVE_BUY
2016-07-04,2016,1350.83,NO_SWEEP,75228.7739,25707.2261,100936.0,-0.2663,49521.5479,0.49062,18962.1101,BUY,False,NONE,0.0,NONE,AGGRESSIVE_BUY
2016-07-05,2016,1356.03,NO_SWEEP,154093.5,17121.5,171215.0,1.1355,136972.0,0.8,44060.7101,BUY,False,NONE,0.35,NONE,AGGRESSIVE_BUY
2016-07-06,2016,1363.68,BUY_SIDE_SWEEP,88501.3615,63167.6385,151669.0,0.6439,25333.7231,0.16703,34771.0307,NEUTRAL,False,NONE,0.0,NONE,NEUTRAL
2016-07-07,2016,1360.28,NO_SWEEP,60256.5741,118906.4259,179163.0,1.1186,-58649.8518,-0.32735,38339.3254,SELL,True,NONE,0.6,NONE,AGGRESSIVE_SELL
2016-07-08,2016,1364.93,NO_SWEEP,143918.1375,16878.8625,160797.0,0.6475,127039.2751,0.79006,66527.4448,BUY,False,NONE,0.25,NONE,AGGRESSIVE_BUY
2016-07-11,2016,1354.57,NO_SWEEP,23012.1682,176371.8318,199384.0,1.3343,-153359.6636,-0.76917,43447.8756,SELL,False,NONE,0.35,NONE,AGGRESSIVE_SELL
2016-07-12,2016,1332.68,NO_SWEEP,17338.1,156042.9,173381.0,0.7006,-138704.8,-0.8,12750.8288,SELL,False,NONE,0.0,NONE,AGGRESSIVE_SELL
2016-07-13,2016,1342.48,NO_SWEEP,154281.5245,18355.4755,172637.0,0.6072,135926.049,0.78735,15509.785,BUY,False,NONE,0.0,NONE,AGGRESSIVE_BUY
2016-07-14,2016,1334.53,NO_SWEEP,75600.5234,125826.4766,201427.0,1.1482,-50225.9532,-0.24935,3041.3473,SELL,True,NONE,0.6,NONE,AGGRESSIVE_SELL
2016-07-15,2016,1338.29,NO_SWEEP,149369.4,16596.6,165966.0,0.3007,132772.8,0.8,2516.4473,BUY,False,NONE,0.25,NONE,AGGRESSIVE_BUY
2016-07-18,2016,1328.37,NO_SWEEP,41135.7606,99948.2394,141084.0,-0.3573,-58812.4788,-0.41686,-8001.8279,SELL,False,NONE,0.0,NONE,AGGRESSIVE_SELL
2016-07-19,2016,1331.93,NO_SWEEP,117336.1805,32996.8195,150333.0,-0.2129,84339.361,0.56102,9871.8237,BUY,False,NONE,0.0,NONE,AGGRESSIVE_BUY
2016-07-20,2016,1315.34,SELL_SIDE_SWEEP,14484.4,130359.6,144844.0,-0.5252,-115875.2,-0.8,-20492.4857,SELL,False,NONE,0.0,NONE,AGGRESSIVE_SELL
2016-07-21,2016,1331.12,NO_SWEEP,133892.1,14876.9,148769.0,-0.6168,119015.2,0.8,13554.3722,BUY,False,NONE,0.0,NONE,AGGRESSIVE_BUY
2016-07-22,2016,1322.39,NO_SWEEP,18016.3041,111770.6959,129787.0,-1.2452,-93754.3918,-0.72237,19173.1733,SELL,False,NONE,0.0,NONE,AGGRESSIVE_SELL
2016-07-25,2016,1315.76,NO_SWEEP,22417.1182,81958.8818,104376.0,-2.0121,-59541.7636,-0.57045,-5260.3033,SELL,False,NONE,0.0,NONE,AGGRESSIVE_SELL
2016-07-26,2016,1320.2,NO_SWEEP,77313.4421,29871.5579,107185.0,-1.6649,47441.8841,0.44262,6948.1764,BUY,False,NONE,0.0,NONE,AGGRESSIVE_BUY
2016-07-27,2016,1339.46,NO_SWEEP,116806.5,12978.5,129785.0,-0.7888,103828.0,0.8,3330.0764,BUY,False,NONE,0.0,NONE,AGGRESSIVE_BUY
2016-07-28,2016,1335.32,NO_SWEEP,20562.2383,110035.7617,130598.0,-0.7071,-89473.5234,-0.68511,-502.5542,SELL,False,NONE,0.25,NONE,AGGRESSIVE_SELL
2016-07-29,2016,1351.11,BUY_SIDE_SWEEP,144748.8,16083.2,160832.0,0.3454,128665.6,0.8,5038.2257,BUY,False,NONE,0.0,NONE,AGGRESSIVE_BUY
2016-08-01,2016,1352.73,NO_SWEEP,91871.6521,18292.3479,110164.0,-1.5319,73579.3042,0.66791,28720.0387,BUY,False,NONE,0.25,NONE,AGGRESSIVE_BUY
2016-08-02,2016,1363.67,BUY_SIDE_SWEEP,110517.7258,15453.2742,125971.0,-0.8599,95064.4517,0.75465,25726.1951,BUY,False,NONE,0.0,NONE,AGGRESSIVE_BUY
2016-08-03,2016,1358.15,NO_SWEEP,26648.1573,87744.8427,114393.0,-1.1717,-61096.6855,-0.53409,29808.4084,SELL,False,NONE,0.0,NONE,AGGRESSIVE_SELL
2016-08-04,2016,1360.96,NO_SWEEP,100216.875,21258.125,121475.0,-0.8322,78958.75,0.65,47120.9726,BUY,False,NONE,0.25,NONE,AGGRESSIVE_BUY
2016-08-05,2016,1336.87,NO_SWEEP,11861.0,106749.0,118610.0,-0.8503,-94888.0,-0.8,29329.7371,SELL,False,NONE,0.0,NONE,AGGRESSIVE_SELL
2016-08-08,2016,1334.97,NO_SWEEP,85570.5429,31362.4571,116933.0,-0.8451,54208.0859,0.46358,23127.2479,BUY,False,NONE,0.25,NONE,AGGRESSIVE_BUY
2016-08-09,2016,1340.45,NO_SWEEP,90877.025,12306.975,103184.0,-1.2587,78570.05,0.76146,44132.6945,BUY,False,NONE,0.0,NONE,AGGRESSIVE_BUY
2016-08-10,2016,1346.0,NO_SWEEP,72523.6855,59602.3145,132126.0,-0.0324,12921.371,0.0978,29664.6659,NEUTRAL,False,NONE,0.0,NONE,NEUTRAL
2016-08-11,2016,1338.46,NO_SWEEP,12282.4331,98423.5669,110706.0,-0.9717,-86141.1339,-0.77811,9699.6111,SELL,False,NONE,0.0,NONE,AGGRESSIVE_SELL
2016-08-12,2016,1336.58,NO_SWEEP,13305.1164,112631.8836,125937.0,-0.0261,-99326.7671,-0.7887,-14599.2912,SELL,False,NONE,0.25,NONE,AGGRESSIVE_SELL
2016-08-15,2016,1339.2,NO_SWEEP,52002.797,33937.203,85940.0,-2.1093,18065.594,0.21021,-4704.0063,BUY,False,NONE,0.25,NONE,AGGRESSIVE_BUY
2016-08-16,2016,1346.37,NO_SWEEP,67938.8044,51904.1956,119843.0,-0.1329,16034.6089,0.1338,-12569.5239,NEUTRAL,False,NONE,0.0,NONE,NEUTRAL
2016-08-17,2016,1348.44,NO_SWEEP,96766.5675,15353.4325,112120.0,-0.5181,81413.135,0.72613,9468.118,BUY,False,NONE,0.25,NONE,AGGRESSIVE_BUY
2016-08-18,2016,1352.17,NO_SWEEP,89848.6576,32460.3424,122309.0,0.2174,57388.3151,0.46921,9865.6466,BUY,False,NONE,0.25,NONE,AGGRESSIVE_BUY
2016-08-19,2016,1340.92,NO_SWEEP,15899.3226,90237.6774,106137.0,-0.8,-74338.3548,-0.7004,-9247.904,SELL,False,NONE,0.0,NONE,AGGRESSIVE_SELL
2016-08-22,2016,1338.63,NO_SWEEP,116714.2256,14640.7744,131355.0,0.8229,102073.4511,0.77708,1896.106,BUY,False,NONE,0.25,NONE,AGGRESSIVE_BUY
2016-08-23,2016,1338.06,NO_SWEEP,22581.0316,82961.9684,105543.0,-0.926,-60380.9367,-0.5721,5116.1307,SELL,False,NONE,0.25,NONE,AGGRESSIVE_SELL
2016-08-24,2016,1323.9,SELL_SIDE_SWEEP,10437.3,93935.7,104373.0,-0.9113,-83498.4,-0.8,7094.6766,SELL,False,NONE,0.0,NONE,AGGRESSIVE_SELL
2016-08-25,2016,1321.46,SELL_SIDE_SWEEP,24430.6814,65046.3186,89477.0,-1.6712,-40615.6371,-0.45392,-240.4773,SELL,False,NONE,0.0,NONE,AGGRESSIVE_SELL
2016-08-26,2016,1321.85,NO_SWEEP,12599.0835,107880.9165,120480.0,0.5496,-95281.833,-0.79085,-14155.0325,SELL,False,NONE,0.25,NONE,AGGRESSIVE_SELL
2016-08-29,2016,1323.25,NO_SWEEP,94019.0184,12863.9816,106883.0,-0.5613,81155.0368,0.75929,-14187.2948,BUY,False,NONE,0.0,NONE,AGGRESSIVE_BUY
2016-08-30,2016,1310.36,SELL_SIDE_SWEEP,10321.3,92891.7,103213.0,-0.779,-82570.4,-0.8,-31682.1342,SELL,False,NONE,0.0,NONE,AGGRESSIVE_SELL
2016-08-31,2016,1308.81,SELL_SIDE_SWEEP,28716.3639,75650.6361,104367.0,-0.6345,-46934.2722,-0.4497,-28256.6239,SELL,False,NONE,0.25,NONE,AGGRESSIVE_SELL
2016-09-01,2016,1312.94,NO_SWEEP,88795.59,11538.41,100334.0,-0.8763,77257.18,0.77,-31358.6578,BUY,False,NONE,0.25,NONE,AGGRESSIVE_BUY
2016-09-02,2016,1324.8,NO_SWEEP,91605.6029,14365.3971,105971.0,-0.3635,77240.2057,0.72888,-14156.015,BUY,False,NONE,0.0,NONE,AGGRESSIVE_BUY
2016-09-05,2016,1326.81,NO_SWEEP,48821.2139,10245.7861,59067.0,-2.9624,38575.4279,0.65308,1103.2135,BUY,False,NONE,0.25,NONE,AGGRESSIVE_BUY
2016-09-06,2016,1350.26,BUY_SIDE_SWEEP,99075.6,11008.4,110084.0,0.1392,88067.2,0.8,17188.5681,BUY,False,NONE,0.0,NONE,AGGRESSIVE_BUY
2016-09-07,2016,1344.74,NO_SWEEP,14171.8249,80275.1751,94447.0,-0.738,-66103.3503,-0.6999,20835.8785,SELL,False,NONE,0.25,NONE,AGGRESSIVE_SELL
2016-09-08,2016,1337.65,NO_SWEEP,11808.6213,95890.3787,107699.0,0.1237,-84081.7574,-0.78071,181.2792,SELL,False,NONE,0.0,NONE,AGGRESSIVE_SELL
2016-09-09,2016,1327.83,NO_SWEEP,10036.5,90328.5,100365.0,-0.2784,-80292.0,-0.8,466.0792,SELL,False,NONE,0.0,NONE,AGGRESSIVE_SELL
2016-09-12,2016,1327.38,NO_SWEEP,61369.7854,60478.2146,121848.0,1.0602,891.5707,0.00732,6444.3096,NEUTRAL,True,NONE,0.6,NONE,NEUTRAL
2016-09-13,2016,1317.84,NO_SWEEP,12834.7,115512.3,128347.0,1.4255,-102677.6,-0.8,-16047.5379,SELL,False,NONE,0.35,NONE,AGGRESSIVE_SELL
2016-09-14,2016,1321.98,NO_SWEEP,89501.3546,24612.6454,114114.0,0.4794,64888.7092,0.56863,-17591.475,BUY,False,NONE,0.25,NONE,AGGRESSIVE_BUY
2016-09-15,2016,1314.41,NO_SWEEP,23691.5933,97943.4067,121635.0,0.9782,-74251.8134,-0.61045,-31694.8801,SELL,False,NONE,0.0,NONE,AGGRESSIVE_SELL
2016-09-16,2016,1309.66,NO_SWEEP,19146.1541,72854.8459,92001.0,-0.9073,-53708.6919,-0.58378,-49416.8666,SELL,False,NONE,0.0,NONE,AGGRESSIVE_SELL
2016-09-19,2016,1313.21,NO_SWEEP,50037.5955,32772.4045,82810.0,-1.3742,17265.1911,0.20849,-38995.799,BUY,False,NONE,0.0,NONE,AGGRESSIVE_BUY
2016-09-20,2016,1314.86,NO_SWEEP,45989.2775,24893.7225,70883.0,-1.853,21095.5549,0.29761,-25848.6349,BUY,False,NONE,0.25,NONE,AGGRESSIVE_BUY
2016-09-21,2016,1335.92,NO_SWEEP,115845.3,12871.7,128717.0,1.442,102973.6,0.8,-2940.4349,BUY,False,NONE,0.35,NONE,AGGRESSIVE_BUY
2016-09-22,2016,1337.72,NO_SWEEP,63137.2149,30787.7851,93925.0,-0.5362,32349.4297,0.34442,991.7975,BUY,False,NONE,0.25,NONE,AGGRESSIVE_BUY
2016-09-23,2016,1338.72,NO_SWEEP,60253.6302,14003.3698,74257.0,-1.4706,46250.2603,0.62284,19607.78,BUY,False,NONE,0.25,NONE,AGGRESSIVE_BUY
2016-09-26,2016,1337.86,NO_SWEEP,79805.2457,35763.7543,115569.0,0.7633,44041.4914,0.38108,17001.8778,BUY,False,NONE,0.25,NONE,AGGRESSIVE_BUY
2016-09-27,2016,1326.87,NO_SWEEP,12240.7897,103219.2103,115460.0,0.7146,-90978.4206,-0.78796,14911.0519,SELL,False,NONE,0.0,NONE,AGGRESSIVE_SELL
2016-09-28,2016,1321.47,NO_SWEEP,21035.4077,59635.5923,80671.0,-1.0507,-38600.1847,-0.47849,16799.6153,SELL,False,NONE,0.0,NONE,AGGRESSIVE_SELL
2016-09-29,2016,1320.4,NO_SWEEP,40237.6909,85682.3091,125920.0,1.1855,-45444.6182,-0.3609,8960.8891,SELL,True,NONE,0.6,NONE,AGGRESSIVE_SELL
2016-09-30,2016,1315.89,NO_SWEEP,19064.9604,127376.0396,146441.0,1.9003,-108311.0792,-0.73962,-7214.9402,SELL,False,NONE,0.35,NONE,AGGRESSIVE_SELL
2016-10-03,2016,1311.73,NO_SWEEP,17866.4814,88811.5186,106678.0,0.0043,-70945.0371,-0.66504,-28954.7698,SELL,False,NONE,0.0,NONE,AGGRESSIVE_SELL
2016-10-04,2016,1268.45,SELL_SIDE_SWEEP,13890.9,125018.1,138909.0,1.4785,-111127.2,-0.8,-46889.3485,SELL,False,NONE,0.35,NONE,AGGRESSIVE_SELL
2016-10-05,2016,1266.69,SELL_SIDE_SWEEP,25330.5024,91651.4976,116982.0,0.3773,-66320.9952,-0.56693,-60960.7555,SELL,False,NONE,0.25,NONE,AGGRESSIVE_SELL
2016-10-06,2016,1254.39,SELL_SIDE_SWEEP,18548.2874,93209.7126,111758.0,0.1155,-74661.4252,-0.66806,-75798.62,SELL,False,NONE,0.0,NONE,AGGRESSIVE_SELL
2016-10-07,2016,1256.54,NO_SWEEP,88762.52,30402.48,119165.0,0.4275,58360.04,0.48974,-57131.3125,BUY,False,NONE,0.25,NONE,AGGRESSIVE_BUY
2016-10-10,2016,1259.47,NO_SWEEP,40627.3713,33745.6287,74373.0,-1.5287,6881.7427,0.09253,-51446.0715,NEUTRAL,False,NONE,0.25,NONE,NEUTRAL
2016-10-11,2016,1252.59,NO_SWEEP,10262.274,87822.726,98085.0,-0.387,-77560.452,-0.79075,-55460.5508,SELL,False,NONE,0.0,NONE,AGGRESSIVE_SELL
2016-10-12,2016,1255.24,NO_SWEEP,71912.1174,27205.8826,99118.0,-0.3045,44706.2348,0.45104,-36333.3865,BUY,False,NONE,0.25,NONE,AGGRESSIVE_BUY
2016-10-13,2016,1257.68,NO_SWEEP,71697.4924,37964.5076,109662.0,0.2164,33732.9848,0.30761,-23248.6338,BUY,False,NONE,0.25,NONE,AGGRESSIVE_BUY
2016-10-14,2016,1250.43,NO_SWEEP,27152.4,90096.6,117249.0,0.516,-62944.2,-0.53684,-17225.7588,SELL,False,NONE,0.0,NONE,AGGRESSIVE_SELL
2016-10-17,2016,1254.92,NO_SWEEP,81808.8483,22609.1517,104418.0,-0.1463,59199.6966,0.56695,-1535.6723,BUY,False,NONE,0.0,NONE,AGGRESSIVE_BUY
2016-10-18,2016,1262.52,NO_SWEEP,85350.2431,15177.7569,100528.0,-0.4456,70172.4863,0.69804,16568.5667,BUY,False,NONE,0.0,NONE,AGGRESSIVE_BUY
2016-10-19,2016,1269.58,NO_SWEEP,76947.9185,18715.0815,95663.0,-0.629,58232.8369,0.60873,16552.6663,BUY,False,NONE,0.0,NONE,AGGRESSIVE_BUY
2016-10-20,2016,1265.66,NO_SWEEP,9439.7,84957.3,94397.0,-0.6997,-75517.6,-0.8,6252.7484,SELL,False,NONE,0.0,NONE,AGGRESSIVE_SELL
2016-10-21,2016,1266.79,NO_SWEEP,70111.0957,9168.9043,79280.0,-1.5714,60942.1913,0.7687,23565.5788,BUY,False,NONE,0.25,NONE,AGGRESSIVE_BUY
2016-10-24,2016,1264.16,NO_SWEEP,19611.4987,63643.5013,83255.0,-1.2166,-44032.0026,-0.52888,12473.2992,SELL,False,NONE,0.25,NONE,AGGRESSIVE_SELL
2016-10-25,2016,1273.87,NO_SWEEP,91363.1459,13344.8541,104708.0,-0.0354,78018.2919,0.7451,18008.9625,BUY,False,NONE,0.0,NONE,AGGRESSIVE_BUY
2016-10-26,2016,1266.48,NO_SWEEP,5777.8795,45216.1205,50994.0,-2.4745,-39438.241,-0.77339,20947.2074,SELL,False,NONE,0.0,NONE,AGGRESSIVE_SELL
2016-10-27,2016,1268.52,NO_SWEEP,65114.7364,39755.2636,104870.0,0.0984,25359.4727,0.24182,16717.1794,BUY,False,NONE,0.25,NONE,AGGRESSIVE_BUY
2016-10-28,2016,1275.71,NO_SWEEP,88387.1811,31658.8189,120046.0,0.9918,56728.3621,0.47256,15036.6639,BUY,False,NONE,0.25,NONE,AGGRESSIVE_BUY
2016-10-31,2016,1276.87,NO_SWEEP,49103.9306,51978.0694,101082.0,-0.0078,-2874.1388,-0.02843,7398.292,NEUTRAL,False,NONE,0.25,NONE,NEUTRAL
2016-11-01,2016,1288.04,BUY_SIDE_SWEEP,90395.4722,17522.5278,107918.0,0.4953,72872.9444,0.67526,25947.11,BUY,False,NONE,0.0,NONE,AGGRESSIVE_BUY
2016-11-02,2016,1296.69,BUY_SIDE_SWEEP,77099.9432,47404.0568,124504.0,1.4295,29695.8865,0.23851,22041.3219,BUY,False,NONE,0.35,NONE,AGGRESSIVE_BUY
2016-11-03,2016,1301.84,NO_SWEEP,100409.264,19192.736,119602.0,1.0975,81216.5279,0.67906,37697.3882,BUY,True,NONE,0.6,NONE,AGGRESSIVE_BUY
2016-11-04,2016,1304.27,NO_SWEEP,87007.1058,16441.8942,103449.0,0.2237,70565.2116,0.68213,36765.7532,BUY,False,NONE,0.25,NONE,AGGRESSIVE_BUY
2016-11-07,2016,1281.38,NO_SWEEP,15978.1046,106684.8954,122663.0,1.2401,-90706.7908,-0.73948,30357.1845,SELL,False,NONE,0.35,NONE,AGGRESSIVE_SELL
2016-11-08,2016,1275.54,NO_SWEEP,13381.8367,109090.1633,122472.0,1.1182,-95708.3266,-0.78147,15223.7095,SELL,False,NONE,0.35,NONE,AGGRESSIVE_SELL
2016-11-09,2016,1277.11,NO_SWEEP,133356.644,205976.356,339333.0,4.1354,-72619.7121,-0.21401,-944.7997,SELL,True,NONE,0.6,NONE,AGGRESSIVE_SELL
2016-11-10,2016,1259.29,SELL_SIDE_SWEEP,25288.7661,177702.2339,202991.0,1.4461,-152413.4677,-0.75084,-19637.2159,SELL,False,NONE,0.35,NONE,AGGRESSIVE_SELL
2016-11-11,2016,1227.24,SELL_SIDE_SWEEP,21577.7001,152185.2999,173763.0,0.87,-130607.5998,-0.75164,-45072.2839,SELL,False,NONE,0.0,NONE,AGGRESSIVE_SELL
2016-11-14,2016,1220.09,NO_SWEEP,61354.2613,138363.7387,199718.0,1.1881,-77009.4774,-0.38559,-58410.4544,SELL,False,NONE,0.35,NONE,AGGRESSIVE_SELL
2016-11-15,2016,1228.35,NO_SWEEP,129457.0079,26728.9921,156186.0,0.4257,102728.0158,0.65773,-55721.5184,BUY,False,NONE,0.0,NONE,AGGRESSIVE_BUY
2016-11-16,2016,1224.81,NO_SWEEP,28183.815,108026.185,136210.0,0.0638,-79842.3699,-0.58617,-74522.4661,SELL,False,NONE,0.25,NONE,AGGRESSIVE_SELL
2016-11-17,2016,1216.73,NO_SWEEP,30166.3248,121783.6752,151950.0,0.2798,-91617.3503,-0.60294,-74636.286,SELL,False,NONE,0.0,NONE,AGGRESSIVE_SELL
2016-11-18,2016,1208.51,SELL_SIDE_SWEEP,37887.9358,101788.0642,139676.0,0.0241,-63900.1284,-0.45749,-70660.2612,SELL,False,NONE,0.0,NONE,AGGRESSIVE_SELL
2016-11-21,2016,1213.94,NO_SWEEP,91871.2718,24182.7282,116054.0,-0.4173,67688.5436,0.58325,-53121.7293,BUY,False,NONE,0.0,NONE,AGGRESSIVE_BUY
2016-11-22,2016,1211.85,NO_SWEEP,31849.438,84913.562,116763.0,-0.4178,-53064.1239,-0.45446,-40703.0613,SELL,False,NONE,0.25,NONE,AGGRESSIVE_SELL
2016-11-23,2016,1186.87,SELL_SIDE_SWEEP,14527.7956,116077.2044,130605.0,-0.2615,-101549.4088,-0.77753,-37070.7874,SELL,False,NONE,0.0,NONE,AGGRESSIVE_SELL
2016-11-24,2016,1184.03,NO_SWEEP,18759.4172,55784.5828,74544.0,-1.2528,-37025.1656,-0.49669,-32072.7485,SELL,False,NONE,0.0,NONE,AGGRESSIVE_SELL
2016-11-25,2016,1183.71,NO_SWEEP,46811.696,66431.304,113243.0,-0.5365,-19619.6079,-0.17325,-47366.2014,NEUTRAL,False,NONE,0.25,NONE,NEUTRAL
2016-11-28,2016,1192.84,NO_SWEEP,120533.5572,34904.4428,155438.0,0.1867,85629.1144,0.55089,-26682.2659,BUY,False,NONE,0.0,NONE,AGGRESSIVE_BUY
2016-11-29,2016,1188.15,NO_SWEEP,51793.8509,92267.1491,144061.0,-0.0581,-40473.2981,-0.28095,-20289.2594,SELL,False,NONE,0.0,NONE,AGGRESSIVE_SELL
2016-11-30,2016,1172.62,NO_SWEEP,16128.0,145152.0,161280.0,0.2311,-129024.0,-0.8,-28429.7433,SELL,False,NONE,0.0,NONE,AGGRESSIVE_SELL
2016-12-01,2016,1171.29,NO_SWEEP,73102.3684,83349.6316,156452.0,0.1064,-10247.2631,-0.0655,-38171.7191,NEUTRAL,False,NONE,0.25,NONE,NEUTRAL
2016-12-02,2016,1176.87,NO_SWEEP,113316.3,12590.7,125907.0,-0.5017,100725.6,0.8,-18948.0036,BUY,False,NONE,0.0,NONE,AGGRESSIVE_BUY
2016-12-05,2016,1170.03,NO_SWEEP,55832.6096,133837.3904,189670.0,0.6594,-78004.7808,-0.41127,-16004.9251,SELL,False,NONE,0.0,NONE,AGGRESSIVE_SELL
2016-12-06,2016,1169.44,NO_SWEEP,26884.8182,92232.1818,119117.0,-0.6901,-65347.3636,-0.5486,-19545.1999,SELL,False,NONE,0.25,NONE,AGGRESSIVE_SELL
2016-12-07,2016,1173.5,NO_SWEEP,76360.2725,35684.7275,112045.0,-1.0069,40675.545,0.36303,-12008.3058,BUY,False,NONE,0.25,NONE,AGGRESSIVE_BUY
2016-12-08,2016,1170.35,NO_SWEEP,12595.5,113359.5,125955.0,-0.4883,-100764.0,-0.8,-35307.4451,SELL,False,NONE,0.0,NONE,AGGRESSIVE_SELL
2016-12-09,2016,1158.35,NO_SWEEP,10836.0,97524.0,108360.0,-0.9998,-86688.0,-0.8,-41084.2828,SELL,False,NONE,0.0,NONE,AGGRESSIVE_SELL
2016-12-12,2016,1161.83,NO_SWEEP,97827.5691,22466.4309,120294.0,-0.5061,75361.1383,0.62647,-15536.1405,BUY,False,NONE,0.25,NONE,AGGRESSIVE_BUY
2016-12-13,2016,1158.06,NO_SWEEP,30227.0507,95789.9493,126017.0,-0.2159,-65562.8986,-0.52027,-22450.595,SELL,False,NONE,0.0,NONE,AGGRESSIVE_SELL
2016-12-14,2016,1142.94,SELL_SIDE_SWEEP,15586.0468,133137.9532,148724.0,0.6987,-117551.9063,-0.7904,-49735.2833,SELL,False,NONE,0.0,NONE,AGGRESSIVE_SELL
2016-12-15,2016,1127.96,SELL_SIDE_SWEEP,25962.5327,124478.4673,150441.0,0.7747,-98515.9346,-0.65485,-52299.1775,SELL,False,NONE,0.0,NONE,AGGRESSIVE_SELL
2016-12-16,2016,1134.65,NO_SWEEP,54556.3274,24705.6726,79262.0,-1.8577,29850.6547,0.37661,-40399.4252,BUY,False,NONE,0.0,NONE,AGGRESSIVE_BUY
2016-12-19,2016,1138.47,NO_SWEEP,59607.1599,32293.8401,91901.0,-1.2857,27313.3198,0.2972,-42069.7033,BUY,False,NONE,0.0,NONE,AGGRESSIVE_BUY
2016-12-20,2016,1131.73,NO_SWEEP,27462.877,63562.123,91025.0,-1.2245,-36099.2461,-0.39659,-33986.6091,SELL,False,NONE,0.0,NONE,AGGRESSIVE_SELL
2016-12-21,2016,1131.59,NO_SWEEP,16993.092,63718.908,80712.0,-1.4162,-46725.8159,-0.57892,-28991.3361,SELL,False,NONE,0.25,NONE,AGGRESSIVE_SELL
2016-12-22,2016,1128.2,NO_SWEEP,7295.7,65661.3,72957.0,-1.6618,-58365.6,-0.8,-45707.1784,SELL,False,NONE,0.0,NONE,AGGRESSIVE_SELL
2016-12-23,2016,1133.39,NO_SWEEP,31730.9316,7071.0684,38802.0,-2.2755,24659.8632,0.63553,-34429.3331,BUY,False,NONE,0.0,NONE,AGGRESSIVE_BUY
2016-12-27,2016,1138.86,NO_SWEEP,32913.1333,25168.8667,58082.0,-1.5362,7744.2667,0.13333,-18767.3115,NEUTRAL,False,NONE,0.25,NONE,NEUTRAL
2016-12-28,2016,1141.55,NO_SWEEP,50662.4608,17023.5392,67686.0,-1.1513,33638.9216,0.49698,-2247.9545,BUY,False,NONE,0.25,NONE,AGGRESSIVE_BUY
2016-12-29,2016,1157.83,NO_SWEEP,69750.9,7750.1,77501.0,-0.8056,62000.8,0.8,1770.8137,BUY,False,NONE,0.0,NONE,AGGRESSIVE_BUY
2016-12-30,2016,1151.32,NO_SWEEP,15083.3792,58380.6208,73464.0,-0.8285,-43297.2416,-0.58937,-7055.5065,SELL,False,NONE,0.0,NONE,AGGRESSIVE_SELL
2017-01-03,2017,1159.09,NO_SWEEP,106628.7104,26675.2896,133304.0,0.839,79953.4209,0.59978,7451.0769,BUY,False,NONE,0.0,NONE,AGGRESSIVE_BUY
2017-01-04,2017,1162.64,NO_SWEEP,90094.2911,40274.7089,130369.0,0.9826,49819.5821,0.38214,19519.2516,BUY,False,NONE,0.25,NONE,AGGRESSIVE_BUY
2017-01-05,2017,1180.3,BUY_SIDE_SWEEP,132458.4391,22857.5609,155316.0,1.629,109600.8783,0.70566,40515.0614,BUY,False,NONE,0.35,NONE,AGGRESSIVE_BUY
2017-01-06,2017,1172.59,NO_SWEEP,12700.2483,112539.7517,125240.0,0.6812,-99839.5033,-0.79719,24952.6406,SELL,False,NONE,0.0,NONE,AGGRESSIVE_SELL
2017-01-09,2017,1181.01,NO_SWEEP,93876.0034,32820.9966,126697.0,0.7236,61055.0069,0.4819,31616.4831,BUY,False,NONE,0.0,NONE,AGGRESSIVE_BUY
2017-01-10,2017,1187.41,BUY_SIDE_SWEEP,90071.9628,23885.0372,113957.0,0.3286,66186.9255,0.58081,35684.9836,BUY,False,NONE,0.0,NONE,AGGRESSIVE_BUY
2017-01-11,2017,1191.44,BUY_SIDE_SWEEP,120491.1984,34719.8016,155211.0,1.4468,85771.3969,0.55261,38656.3082,BUY,True,NONE,0.6,NONE,AGGRESSIVE_BUY
2017-01-12,2017,1195.38,NO_SWEEP,66392.6502,76790.3498,143183.0,1.055,-10397.6995,-0.07262,42768.751,NEUTRAL,True,NONE,0.6,NONE,NEUTRAL
2017-01-13,2017,1197.33,NO_SWEEP,99137.9505,25146.0495,124284.0,0.5754,73991.9009,0.59535,42023.561,BUY,False,NONE,0.25,NONE,AGGRESSIVE_BUY
2017-01-16,2017,1202.5,NO_SWEEP,46577.7614,31326.2386,77904.0,-0.6909,15251.5228,0.19577,37702.5535,BUY,False,NONE,0.0,NONE,AGGRESSIVE_BUY
2017-01-17,2017,1216.56,BUY_SIDE_SWEEP,127591.2,14176.8,141768.0,1.1131,113414.4,0.8,38179.2438,BUY,False,NONE,0.35,NONE,AGGRESSIVE_BUY
2017-01-18,2017,1203.59,NO_SWEEP,11504.2,103537.8,115042.0,0.2923,-92033.6,-0.8,39154.9817,SELL,False,NONE,0.0,NONE,AGGRESSIVE_SELL
2017-01-19,2017,1204.73,NO_SWEEP,138672.9571,17268.0429,155941.0,1.3405,121404.9141,0.77853,46698.7201,BUY,True,NONE,0.6,NONE,AGGRESSIVE_BUY
2017-01-20,2017,1209.94,NO_SWEEP,115271.3595,30863.6405,146135.0,0.9635,84407.7191,0.5776,48976.3193,BUY,False,NONE,0.25,NONE,AGGRESSIVE_BUY
2017-01-23,2017,1217.8,NO_SWEEP,125042.4653,15315.5347,140358.0,0.7207,109726.9306,0.78176,51970.761,BUY,False,NONE,0.0,NONE,AGGRESSIVE_BUY
2017-01-24,2017,1208.67,NO_SWEEP,11755.125,88846.875,100602.0,-0.5686,-77091.75,-0.7663,43634.0047,SELL,False,NONE,0.0,NONE,AGGRESSIVE_SELL
2017-01-25,2017,1199.6,NO_SWEEP,29295.9862,79006.0138,108302.0,-0.445,-49710.0276,-0.45899,28171.2636,SELL,False,NONE,0.0,NONE,AGGRESSIVE_SELL
2017-01-26,2017,1188.38,NO_SWEEP,18650.5459,100558.4541,119209.0,-0.16,-81907.9082,-0.6871,16026.3348,SELL,False,NONE,0.0,NONE,AGGRESSIVE_SELL
2017-01-27,2017,1191.49,NO_SWEEP,112082.4,12453.6,124536.0,-0.0445,99628.8,0.8,14303.1348,BUY,False,NONE,0.25,NONE,AGGRESSIVE_BUY
2017-01-30,2017,1195.2,NO_SWEEP,105044.6591,36859.3409,141904.0,0.6681,68185.3182,0.4805,34330.4995,BUY,False,NONE,0.25,NONE,AGGRESSIVE_BUY
2017-01-31,2017,1210.36,NO_SWEEP,138438.938,25972.062,164411.0,1.6257,112466.8759,0.68406,33213.2448,BUY,False,NONE,0.35,NONE,AGGRESSIVE_BUY
2017-02-01,2017,1209.7,NO_SWEEP,89193.125,76011.875,165205.0,1.4856,13181.25,0.07979,24309.9361,NEUTRAL,True,NONE,0.6,NONE,NEUTRAL
2017-02-02,2017,1215.74,NO_SWEEP,106262.4586,68250.5414,174513.0,1.7551,38011.9172,0.21782,15345.5594,BUY,False,NONE,0.35,NONE,AGGRESSIVE_BUY
2017-02-03,2017,1219.95,NO_SWEEP,128398.5,14266.5,142665.0,0.3642,114132.0,0.8,39248.5282,BUY,False,NONE,0.0,NONE,AGGRESSIVE_BUY
2017-02-06,2017,1235.45,BUY_SIDE_SWEEP,133582.5,14842.5,148425.0,0.5596,118740.0,0.8,60304.7816,BUY,False,NONE,0.0,NONE,AGGRESSIVE_BUY
2017-02-07,2017,1233.49,NO_SWEEP,70558.145,68753.855,139312.0,0.1237,1804.2899,0.01295,70768.8064,NEUTRAL,False,NONE,0.25,NONE,NEUTRAL
2017-02-08,2017,1241.68,BUY_SIDE_SWEEP,123275.5614,20307.4386,143583.0,0.3379,102968.1227,0.71713,71186.2217,BUY,False,NONE,0.0,NONE,AGGRESSIVE_BUY
2017-02-09,2017,1227.53,NO_SWEEP,13116.4,118047.6,131164.0,-0.1798,-104931.2,-0.8,49546.657,SELL,False,NONE,0.0,NONE,AGGRESSIVE_SELL
2017-02-10,2017,1233.68,NO_SWEEP,114704.0633,20565.9367,135270.0,-0.0239,94138.1267,0.69593,47255.5633,BUY,False,NONE,0.25,NONE,AGGRESSIVE_BUY
2017-02-13,2017,1225.2,NO_SWEEP,34800.15,73667.85,108468.0,-1.4795,-38867.7,-0.35833,40749.4446,SELL,False,NONE,0.0,NONE,AGGRESSIVE_SELL
2017-02-14,2017,1228.57,NO_SWEEP,80792.3084,38991.6916,119784.0,-0.829,41800.6169,0.34897,41223.032,BUY,False,NONE,0.25,NONE,AGGRESSIVE_BUY
2017-02-15,2017,1232.81,NO_SWEEP,89063.1,9895.9,98959.0,-1.7381,79167.2,0.8,36852.432,BUY,False,NONE,0.25,NONE,AGGRESSIVE_BUY
2017-02-16,2017,1239.01,NO_SWEEP,88418.7148,25431.2852,113850.0,-0.9306,62987.4297,0.55325,29883.3607,BUY,False,NONE,0.0,NONE,AGGRESSIVE_BUY
2017-02-17,2017,1234.83,NO_SWEEP,9935.6,89420.4,99356.0,-1.4405,-79484.8,-0.8,19722.2245,SELL,False,NONE,0.0,NONE,AGGRESSIVE_SELL
2017-02-20,2017,1237.42,NO_SWEEP,44925.7129,8957.2871,53883.0,-2.6462,35968.4258,0.66753,11347.2624,BUY,False,NONE,0.25,NONE,AGGRESSIVE_BUY
2017-02-21,2017,1235.75,NO_SWEEP,46341.5289,40314.4711,86656.0,-1.3882,6027.0577,0.06955,25217.0446,NEUTRAL,False,NONE,0.25,NONE,NEUTRAL
2017-02-22,2017,1237.45,NO_SWEEP,81373.9059,24321.0941,105695.0,-0.7092,57052.8117,0.53979,20581.3802,BUY,False,NONE,0.25,NONE,AGGRESSIVE_BUY
2017-02-23,2017,1249.19,BUY_SIDE_SWEEP,90438.3,10048.7,100487.0,-0.8445,80389.6,0.8,35488.5427,BUY,False,NONE,0.0,NONE,AGGRESSIVE_BUY
2017-02-24,2017,1256.98,BUY_SIDE_SWEEP,67466.0365,14184.9635,81651.0,-1.3516,53281.0729,0.65255,36923.5997,BUY,False,NONE,0.0,NONE,AGGRESSIVE_BUY
2017-02-27,2017,1252.7,NO_SWEEP,8950.6,80555.4,89506.0,-0.9912,-71604.8,-0.8,18077.0997,SELL,False,NONE,0.25,NONE,AGGRESSIVE_SELL
2017-02-28,2017,1248.0,NO_SWEEP,8270.4,74433.6,82704.0,-1.1052,-66163.2,-0.8,1933.271,SELL,False,NONE,0.0,NONE,AGGRESSIVE_SELL
2017-03-01,2017,1249.23,NO_SWEEP,120973.5,13441.5,134415.0,0.7016,107532.0,0.8,25310.371,BUY,False,NONE,0.25,NONE,AGGRESSIVE_BUY
2017-03-02,2017,1234.17,NO_SWEEP,10872.4062,75368.5938,86241.0,-0.9397,-64496.1875,-0.74786,12752.2944,SELL,False,NONE,0.0,NONE,AGGRESSIVE_SELL
2017-03-03,2017,1234.42,NO_SWEEP,87078.6,9675.4,96754.0,-0.453,77403.2,0.8,21674.3121,BUY,False,NONE,0.25,NONE,AGGRESSIVE_BUY
2017-03-06,2017,1225.18,NO_SWEEP,7832.5,70492.5,78325.0,-1.1136,-62660.0,-0.8,6710.2107,SELL,False,NONE,0.0,NONE,AGGRESSIVE_SELL
2017-03-07,2017,1215.72,SELL_SIDE_SWEEP,7197.9,64781.1,71979.0,-1.2652,-57583.2,-0.8,-10536.3893,SELL,False,NONE,0.0,NONE,AGGRESSIVE_SELL
2017-03-08,2017,1207.75,SELL_SIDE_SWEEP,7463.2,67168.8,74632.0,-1.0709,-59705.6,-0.8,-24659.7234,SELL,False,NONE,0.0,NONE,AGGRESSIVE_SELL
2017-03-09,2017,1200.24,SELL_SIDE_SWEEP,9519.9,85679.1,95199.0,-0.0247,-76159.2,-0.8,-25229.0234,SELL,False,NONE,0.0,NONE,AGGRESSIVE_SELL
2017-03-10,2017,1204.43,NO_SWEEP,89585.6247,11338.3753,100924.0,0.391,78247.2494,0.77531,-7177.7173,BUY,False,NONE,0.25,NONE,AGGRESSIVE_BUY
2017-03-13,2017,1203.7,NO_SWEEP,6943.015,59079.985,66023.0,-1.4006,-52136.97,-0.78968,-27136.3385,SELL,False,NONE,0.25,NONE,AGGRESSIVE_SELL
2017-03-14,2017,1198.47,NO_SWEEP,7440.2,66961.8,74402.0,-0.8606,-59521.6,-0.8,-26514.5151,SELL,False,NONE,0.25,NONE,AGGRESSIVE_SELL
2017-03-15,2017,1218.59,NO_SWEEP,77781.6,8642.4,86424.0,-0.1445,69139.2,0.8,-27547.5151,BUY,False,NONE,0.0,NONE,AGGRESSIVE_BUY
2017-03-16,2017,1226.01,NO_SWEEP,52063.5046,28579.4954,80643.0,-0.4,23484.0091,0.29121,-16779.5139,BUY,False,NONE,0.0,NONE,AGGRESSIVE_BUY
2017-03-17,2017,1229.25,NO_SWEEP,50023.1407,14866.8593,64890.0,-1.2115,35156.2813,0.54178,-5187.0788,BUY,False,NONE,0.0,NONE,AGGRESSIVE_BUY
2017-03-20,2017,1234.12,NO_SWEEP,47691.7057,8491.2943,56183.0,-1.7496,39200.4114,0.69773,7176.1727,BUY,False,NONE,0.0,NONE,AGGRESSIVE_BUY
2017-03-21,2017,1244.85,BUY_SIDE_SWEEP,72947.7,8105.3,81053.0,-0.2577,64842.4,0.8,24801.3727,BUY,False,NONE,0.0,NONE,AGGRESSIVE_BUY
2017-03-22,2017,1248.78,BUY_SIDE_SWEEP,69674.1315,21242.8685,90917.0,0.3834,48431.2629,0.5327,21074.3744,BUY,False,NONE,0.0,NONE,AGGRESSIVE_BUY
2017-03-23,2017,1245.37,NO_SWEEP,15085.389,70063.611,85149.0,0.0785,-54978.2221,-0.64567,20719.2178,SELL,False,NONE,0.25,NONE,AGGRESSIVE_SELL
2017-03-24,2017,1245.57,NO_SWEEP,44641.2,29760.8,74402.0,-0.5702,14880.4,0.2,30019.4678,BUY,False,NONE,0.25,NONE,AGGRESSIVE_BUY
2017-03-27,2017,1254.09,BUY_SIDE_SWEEP,51446.3997,30535.6003,81982.0,-0.0739,20910.7994,0.25507,23990.9178,BUY,False,NONE,0.0,NONE,AGGRESSIVE_BUY
2017-03-28,2017,1251.47,NO_SWEEP,20118.3056,59699.6944,79818.0,-0.2002,-39581.3888,-0.4959,16107.743,SELL,False,NONE,0.25,NONE,AGGRESSIVE_SELL
2017-03-29,2017,1253.07,NO_SWEEP,66705.2623,11170.7377,77876.0,-0.2143,55534.5246,0.71311,18655.0234,BUY,False,NONE,0.25,NONE,AGGRESSIVE_BUY
2017-03-30,2017,1243.43,NO_SWEEP,6836.6,61529.4,68366.0,-0.9934,-54692.8,-0.8,6918.372,SELL,False,NONE,0.0,NONE,AGGRESSIVE_SELL
2017-03-31,2017,1248.96,NO_SWEEP,63363.6,7040.4,70404.0,-0.7288,56323.2,0.8,5853.472,BUY,False,NONE,0.0,NONE,AGGRESSIVE_BUY
2017-04-03,2017,1252.8,NO_SWEEP,57792.6,6421.4,64214.0,-1.2073,51371.2,0.8,6220.9641,BUY,False,NONE,0.0,NONE,AGGRESSIVE_BUY
2017-04-04,2017,1255.98,NO_SWEEP,32336.249,32928.751,65265.0,-1.0537,-592.5021,-0.00908,13019.1791,NEUTRAL,False,NONE,0.25,NONE,NEUTRAL
2017-04-05,2017,1255.21,NO_SWEEP,51132.6275,34741.3725,85874.0,0.7456,16391.255,0.19088,13208.036,BUY,False,NONE,0.25,NONE,AGGRESSIVE_BUY
2017-04-06,2017,1251.77,NO_SWEEP,11685.9462,62420.0538,74106.0,-0.2232,-50734.1077,-0.68462,4252.4226,SELL,False,NONE,0.0,NONE,AGGRESSIVE_SELL
2017-04-07,2017,1254.3,NO_SWEEP,54705.8818,72434.1182,127140.0,3.4344,-17728.2363,-0.13944,6984.0667,NEUTRAL,True,NONE,0.6,NONE,NEUTRAL
2017-04-10,2017,1254.63,NO_SWEEP,61970.8455,12493.1545,74464.0,-0.2625,49477.691,0.66445,6226.9625,BUY,False,NONE,0.25,NONE,AGGRESSIVE_BUY
2017-04-11,2017,1273.93,BUY_SIDE_SWEEP,81356.4,9039.6,90396.0,0.7948,72316.8,0.8,22103.1625,BUY,False,NONE,0.0,NONE,AGGRESSIVE_BUY
2017-04-12,2017,1286.55,BUY_SIDE_SWEEP,83672.1,9296.9,92969.0,0.9357,74375.2,0.8,24359.6625,BUY,False,NONE,0.0,NONE,AGGRESSIVE_BUY
2017-04-13,2017,1287.44,BUY_SIDE_SWEEP,71905.6967,9243.3033,81149.0,0.1245,62662.3935,0.77219,25771.0617,BUY,False,NONE,0.25,NONE,AGGRESSIVE_BUY
2017-04-17,2017,1284.84,NO_SWEEP,11649.8738,55015.1262,66665.0,-0.8782,-43365.2525,-0.6505,20424.4679,SELL,False,NONE,0.0,NONE,AGGRESSIVE_SELL
2017-04-18,2017,1289.8,NO_SWEEP,72769.7571,10685.2429,83455.0,0.1976,62084.5142,0.74393,26136.1253,BUY,False,NONE,0.0,NONE,AGGRESSIVE_BUY
2017-04-19,2017,1279.14,NO_SWEEP,17090.6461,61596.3539,78687.0,-0.1462,-44505.7079,-0.5656,26914.6753,SELL,False,NONE,0.0,NONE,AGGRESSIVE_SELL
2017-04-20,2017,1281.43,NO_SWEEP,64513.8159,16054.1841,80568.0,0.0316,48459.6319,0.60147,35188.1588,BUY,False,NONE,0.25,NONE,AGGRESSIVE_BUY
2017-04-21,2017,1284.29,NO_SWEEP,61997.7004,23990.2996,85988.0,0.4346,38007.4008,0.44201,33754.3725,BUY,False,NONE,0.25,NONE,AGGRESSIVE_BUY
2017-04-24,2017,1275.39,NO_SWEEP,79870.4774,10309.5226,90180.0,0.6845,69560.9548,0.77136,33409.8919,BUY,False,NONE,0.0,NONE,AGGRESSIVE_BUY
2017-04-25,2017,1263.32,NO_SWEEP,7627.8,68650.2,76278.0,-0.3276,-61022.4,-0.8,16485.1919,SELL,False,NONE,0.0,NONE,AGGRESSIVE_SELL
2017-04-26,2017,1269.2,NO_SWEEP,74848.5,8316.5,83165.0,0.1709,66532.0,0.8,16968.8927,BUY,False,NONE,0.0,NONE,AGGRESSIVE_BUY
2017-04-27,2017,1264.23,NO_SWEEP,19289.4685,54873.5315,74163.0,-0.4805,-35584.0631,-0.47981,17941.5413,SELL,False,NONE,0.0,NONE,AGGRESSIVE_SELL
2017-04-28,2017,1267.99,NO_SWEEP,54902.7,6100.3,61003.0,-1.3812,48802.4,0.8,16281.2771,BUY,False,NONE,0.0,NONE,AGGRESSIVE_BUY
2017-05-01,2017,1256.87,SELL_SIDE_SWEEP,6016.64,47703.36,53720.0,-1.7166,-41686.72,-0.776,16633.6505,SELL,False,NONE,0.0,NONE,AGGRESSIVE_SELL
2017-05-02,2017,1256.75,NO_SWEEP,52601.3149,6838.6851,59440.0,-1.2955,45762.6298,0.7699,16296.5253,BUY,False,NONE,0.25,NONE,AGGRESSIVE_BUY
2017-05-03,2017,1238.55,SELL_SIDE_SWEEP,7056.1,63504.9,70561.0,-0.5927,-56448.8,-0.8,4489.5002,SELL,False,NONE,0.0,NONE,AGGRESSIVE_SELL
2017-05-04,2017,1227.46,SELL_SIDE_SWEEP,7689.6,69206.4,76896.0,-0.1434,-61516.8,-0.8,-11895.2192,SELL,False,NONE,0.0,NONE,AGGRESSIVE_SELL
2017-05-05,2017,1227.56,NO_SWEEP,9522.7595,73856.2405,83379.0,0.2577,-64333.4811,-0.77158,-12309.1043,SELL,False,NONE,0.25,NONE,AGGRESSIVE_SELL
2017-05-08,2017,1226.21,NO_SWEEP,25580.4734,42681.5266,68262.0,-0.7949,-17101.0531,-0.25052,-22763.2359,SELL,False,NONE,0.25,NONE,AGGRESSIVE_SELL
2017-05-09,2017,1221.26,SELL_SIDE_SWEEP,23495.2818,44827.7182,68323.0,-0.7492,-21332.4363,-0.31223,-20981.7826,SELL,False,NONE,0.0,NONE,AGGRESSIVE_SELL
2017-05-10,2017,1218.99,NO_SWEEP,8199.4201,55670.5799,63870.0,-1.0637,-47471.1599,-0.74325,-33015.9776,SELL,False,NONE,0.25,NONE,AGGRESSIVE_SELL
2017-05-11,2017,1224.83,NO_SWEEP,52118.1927,11749.8073,63868.0,-0.9812,40368.3855,0.63206,-22759.0894,BUY,False,NONE,0.0,NONE,AGGRESSIVE_BUY
2017-05-12,2017,1228.48,NO_SWEEP,41810.2754,18482.7246,60293.0,-1.2106,23327.5509,0.3869,-25563.4743,BUY,False,NONE,0.0,NONE,AGGRESSIVE_BUY
2017-05-15,2017,1230.08,NO_SWEEP,30544.4178,28804.5822,59349.0,-1.2277,1739.8357,0.02932,-18289.8948,NEUTRAL,False,NONE,0.25,NONE,NEUTRAL
2017-05-16,2017,1236.95,NO_SWEEP,50369.1667,10073.8333,60443.0,-1.016,40295.3333,0.66667,-5563.3781,BUY,False,NONE,0.0,NONE,AGGRESSIVE_BUY
2017-05-17,2017,1260.41,BUY_SIDE_SWEEP,91431.9,10159.1,101591.0,2.4181,81272.8,0.8,12637.407,BUY,False,NONE,0.35,NONE,AGGRESSIVE_BUY
2017-05-18,2017,1246.56,NO_SWEEP,12284.2,110557.8,122842.0,2.962,-98273.6,-0.8,2490.8386,SELL,False,NONE,0.35,NONE,AGGRESSIVE_SELL
2017-05-19,2017,1255.33,NO_SWEEP,68092.2,7565.8,75658.0,0.123,60526.4,0.8,12723.1932,BUY,False,NONE,0.0,NONE,AGGRESSIVE_BUY
2017-05-22,2017,1260.09,NO_SWEEP,51231.9269,9453.0731,60685.0,-0.7199,41778.8538,0.68845,23879.4449,BUY,False,NONE,0.0,NONE,AGGRESSIVE_BUY
2017-05-23,2017,1251.33,NO_SWEEP,7933.8,71404.2,79338.0,0.4363,-63470.4,-0.8,10899.5967,SELL,False,NONE,0.0,NONE,AGGRESSIVE_SELL
2017-05-24,2017,1258.33,NO_SWEEP,67086.9,7454.1,74541.0,0.1659,59632.8,0.8,15437.7529,BUY,False,NONE,0.0,NONE,AGGRESSIVE_BUY
2017-05-25,2017,1255.69,NO_SWEEP,16660.9735,55363.0265,72024.0,0.0139,-38702.053,-0.53735,10382.5168,SELL,False,NONE,0.0,NONE,AGGRESSIVE_SELL
2017-05-26,2017,1266.94,BUY_SIDE_SWEEP,64117.1457,7554.8543,71672.0,-0.0425,56562.2913,0.78918,12415.8865,BUY,False,NONE,0.0,NONE,AGGRESSIVE_BUY
2017-05-29,2017,1266.5,NO_SWEEP,7413.525,20828.475,28242.0,-2.3821,-13414.95,-0.475,579.9178,SELL,False,NONE,0.25,NONE,AGGRESSIVE_SELL
2017-05-30,2017,1263.1,NO_SWEEP,13887.6185,44217.3815,58105.0,-0.7153,-30329.7631,-0.52198,9072.8974,SELL,False,NONE,0.25,NONE,AGGRESSIVE_SELL
2017-05-31,2017,1268.7,NO_SWEEP,45800.9515,15965.0485,61766.0,-0.4848,29835.9031,0.48305,5236.5853,BUY,False,NONE,0.0,NONE,AGGRESSIVE_BUY
2017-06-01,2017,1265.62,NO_SWEEP,20141.1,40509.9,60651.0,-0.4998,-20368.8,-0.33584,-2531.8715,SELL,False,NONE,0.25,NONE,AGGRESSIVE_SELL
2017-06-02,2017,1278.56,BUY_SIDE_SWEEP,63224.1,7024.9,70249.0,0.0647,56199.2,0.8,12426.8285,BUY,False,NONE,0.0,NONE,AGGRESSIVE_BUY
2017-06-05,2017,1279.43,BUY_SIDE_SWEEP,10587.6613,38722.3387,49310.0,-1.0212,-28134.6773,-0.57057,1455.8939,SELL,True,SELL,0.65,BUY_BREAKOUT_ABSORBED,ICEBERG_SELL
2017-06-06,2017,1293.92,BUY_SIDE_SWEEP,59930.1,6658.9,66589.0,-0.0795,53271.2,0.8,12952.5505,BUY,False,NONE,0.0,NONE,AGGRESSIVE_BUY
2017-06-07,2017,1286.83,NO_SWEEP,17462.1976,52267.8024,69730.0,0.0751,-34805.6048,-0.49915,1531.5635,SELL,False,NONE,0.0,NONE,AGGRESSIVE_SELL
2017-06-08,2017,1278.69,NO_SWEEP,22575.7733,53955.2267,76531.0,0.4087,-31379.4533,-0.41002,-713.9994,SELL,False,NONE,0.0,NONE,AGGRESSIVE_SELL
2017-06-09,2017,1266.6,NO_SWEEP,7713.0,69417.0,77130.0,0.3963,-61704.0,-0.8,-4635.779,SELL,False,NONE,0.0,NONE,AGGRESSIVE_SELL
2017-06-12,2017,1265.66,NO_SWEEP,16050.2119,55935.7881,71986.0,0.0838,-39885.5763,-0.55407,-13350.964,SELL,False,NONE,0.25,NONE,AGGRESSIVE_SELL
2017-06-13,2017,1266.26,NO_SWEEP,47269.6258,10886.3742,58156.0,-0.6637,36383.2516,0.62561,-6256.9575,BUY,False,NONE,0.25,NONE,AGGRESSIVE_BUY
2017-06-14,2017,1261.83,NO_SWEEP,12945.1848,80866.8152,93812.0,1.3433,-67921.6304,-0.72402,-21772.0613,SELL,True,NONE,0.6,NONE,AGGRESSIVE_SELL
2017-06-15,2017,1253.91,SELL_SIDE_SWEEP,8916.8226,67413.1774,76330.0,0.6632,-58496.3547,-0.76636,-25567.271,SELL,False,NONE,0.0,NONE,AGGRESSIVE_SELL
2017-06-16,2017,1253.38,NO_SWEEP,11990.9288,44157.0712,56148.0,-0.7945,-32166.1424,-0.57288,-36246.9388,SELL,False,NONE,0.25,NONE,AGGRESSIVE_SELL
2017-06-19,2017,1243.25,SELL_SIDE_SWEEP,5767.9,51911.1,57679.0,-0.6631,-46143.2,-0.8,-37664.1382,SELL,False,NONE,0.0,NONE,AGGRESSIVE_SELL
2017-06-20,2017,1242.82,SELL_SIDE_SWEEP,9610.0186,49763.9814,59374.0,-0.4696,-40153.9629,-0.67629,-38760.9519,SELL,False,NONE,0.25,NONE,AGGRESSIVE_SELL
2017-06-21,2017,1246.08,NO_SWEEP,52252.6304,10587.3696,62840.0,-0.1611,41665.2607,0.66304,-25839.7943,BUY,False,NONE,0.25,NONE,AGGRESSIVE_BUY
2017-06-22,2017,1250.4,NO_SWEEP,45036.6112,24077.3888,69114.0,0.3387,20959.2223,0.30326,-18234.1945,BUY,False,NONE,0.0,NONE,AGGRESSIVE_BUY
2017-06-23,2017,1256.61,NO_SWEEP,42600.5642,8699.4358,51300.0,-0.9547,33901.1283,0.66084,-18544.4599,BUY,False,NONE,0.0,NONE,AGGRESSIVE_BUY
2017-06-26,2017,1244.3,NO_SWEEP,17281.1864,48293.8136,65575.0,-0.0043,-31012.6272,-0.47293,-13930.8345,SELL,False,NONE,0.0,NONE,AGGRESSIVE_SELL
2017-06-27,2017,1246.8,NO_SWEEP,41116.4653,24288.5347,65405.0,-0.0576,16827.9305,0.25729,-4515.2988,BUY,False,NONE,0.25,NONE,AGGRESSIVE_BUY
2017-06-28,2017,1248.85,NO_SWEEP,36580.2256,42001.7744,78582.0,1.1358,-5421.5488,-0.06899,-1172.2246,NEUTRAL,True,NONE,0.6,NONE,NEUTRAL
2017-06-29,2017,1245.1,NO_SWEEP,23696.936,60840.064,84537.0,1.511,-37143.128,-0.43937,-47.2156,SELL,True,NONE,0.6,NONE,AGGRESSIVE_SELL
2017-06-30,2017,1241.43,NO_SWEEP,14455.2167,67597.7833,82053.0,1.1848,-53142.5666,-0.64766,-1670.7911,SELL,False,NONE,0.35,NONE,AGGRESSIVE_SELL
2017-07-03,2017,1219.46,SELL_SIDE_SWEEP,7304.0,65736.0,73040.0,0.3098,-58432.0,-0.8,-14182.9487,SELL,False,NONE,0.0,NONE,AGGRESSIVE_SELL
2017-07-04,2017,1223.38,NO_SWEEP,28585.027,16329.973,44915.0,-2.0186,12255.054,0.27285,-15270.9697,BUY,False,NONE,0.25,NONE,AGGRESSIVE_BUY
2017-07-05,2017,1226.83,NO_SWEEP,61282.654,8255.346,69538.0,0.0709,53027.3079,0.76257,-12880.1973,BUY,False,NONE,0.25,NONE,AGGRESSIVE_BUY
2017-07-06,2017,1224.6,NO_SWEEP,15878.8833,54178.1167,70057.0,0.144,-38299.2334,-0.54669,-13791.0231,SELL,False,NONE,0.25,NONE,AGGRESSIVE_SELL
2017-07-07,2017,1212.2,SELL_SIDE_SWEEP,11669.7243,59435.2757,71105.0,0.2632,-47765.5515,-0.67176,-21865.2083,SELL,False,NONE,0.0,NONE,AGGRESSIVE_SELL
2017-07-10,2017,1214.25,NO_SWEEP,52327.8,5814.2,58142.0,-0.7925,46513.6,0.8,-15373.3147,BUY,False,NONE,0.25,NONE,AGGRESSIVE_BUY
2017-07-11,2017,1217.21,NO_SWEEP,52436.7,5826.3,58263.0,-0.7829,46610.4,0.8,-4904.1237,BUY,False,NONE,0.25,NONE,AGGRESSIVE_BUY
2017-07-12,2017,1220.14,NO_SWEEP,46417.9539,21368.0461,67786.0,0.1703,25049.9078,0.36954,4869.9356,BUY,False,NONE,0.25,NONE,AGGRESSIVE_BUY
2017-07-13,2017,1217.5,NO_SWEEP,5721.1,51489.9,57211.0,-0.8039,-45768.8,-0.8,6452.8356,SELL,False,NONE,0.25,NONE,AGGRESSIVE_SELL
2017-07-14,2017,1228.81,NO_SWEEP,53515.8634,9716.1366,63232.0,-0.2337,43799.7268,0.69268,10395.9197,BUY,False,NONE,0.0,NONE,AGGRESSIVE_BUY
2017-07-17,2017,1233.61,NO_SWEEP,41001.6216,10970.3784,51972.0,-1.3287,30031.2433,0.57784,7521.4116,BUY,False,NONE,0.0,NONE,AGGRESSIVE_BUY
2017-07-18,2017,1242.03,BUY_SIDE_SWEEP,58160.5095,10072.4905,68233.0,0.2618,48088.019,0.70476,18319.8182,BUY,False,NONE,0.0,NONE,AGGRESSIVE_BUY
2017-07-19,2017,1241.13,NO_SWEEP,25836.073,30747.927,56584.0,-0.8691,-4911.854,-0.08681,23676.5304,NEUTRAL,False,NONE,0.25,NONE,NEUTRAL
2017-07-20,2017,1244.62,BUY_SIDE_SWEEP,60054.0093,11806.9907,71861.0,0.6306,48247.0186,0.67139,23893.2077,BUY,False,NONE,0.25,NONE,AGGRESSIVE_BUY
2017-07-21,2017,1254.7,BUY_SIDE_SWEEP,61762.5,6862.5,68625.0,0.2381,54900.0,0.8,24929.4077,BUY,False,NONE,0.0,NONE,AGGRESSIVE_BUY
2017-07-24,2017,1255.31,NO_SWEEP,40802.5182,21872.4818,62675.0,-0.3645,18930.0363,0.30203,24164.4238,BUY,False,NONE,0.25,NONE,AGGRESSIVE_BUY
2017-07-25,2017,1249.71,NO_SWEEP,7034.7,63312.3,70347.0,0.4036,-56277.6,-0.8,22850.8238,SELL,False,NONE,0.0,NONE,AGGRESSIVE_SELL
2017-07-26,2017,1260.84,BUY_SIDE_SWEEP,82035.9,9115.1,91151.0,2.2306,72920.8,0.8,26490.9579,BUY,False,NONE,0.35,NONE,AGGRESSIVE_BUY
2017-07-27,2017,1258.42,NO_SWEEP,26589.0336,75815.9664,102405.0,2.6983,-49226.9329,-0.48071,16583.6859,SELL,True,NONE,0.6,NONE,AGGRESSIVE_SELL
2017-07-28,2017,1268.91,BUY_SIDE_SWEEP,78666.3,8740.7,87407.0,1.463,69925.6,0.8,19313.3835,BUY,False,NONE,0.35,NONE,AGGRESSIVE_BUY
2017-07-31,2017,1269.37,NO_SWEEP,29779.2322,32120.7678,61900.0,-0.4395,-2341.5356,-0.03783,19634.6733,NEUTRAL,False,NONE,0.25,NONE,NEUTRAL
2017-08-01,2017,1268.92,NO_SWEEP,29331.5745,46356.4255,75688.0,0.5337,-17024.8509,-0.22493,11475.6896,SELL,False,NONE,0.25,NONE,AGGRESSIVE_SELL
2017-08-02,2017,1266.18,NO_SWEEP,15994.6395,51138.3605,67133.0,-0.161,-35143.7211,-0.52349,220.2245,SELL,False,NONE,0.25,NONE,AGGRESSIVE_SELL
2017-08-03,2017,1268.85,NO_SWEEP,65215.8,7246.2,72462.0,0.2673,57969.6,0.8,5100.1699,BUY,False,NONE,0.25,NONE,AGGRESSIVE_BUY
2017-08-04,2017,1258.73,NO_SWEEP,14058.2498,55557.7502,69616.0,0.0396,-41499.5004,-0.59612,6947.4324,SELL,False,NONE,0.0,NONE,AGGRESSIVE_SELL
2017-08-07,2017,1257.67,NO_SWEEP,36034.9576,20660.0424,56695.0,-1.0112,15374.9153,0.27119,-245.8032,BUY,False,NONE,0.25,NONE,AGGRESSIVE_BUY
2017-08-08,2017,1260.74,NO_SWEEP,54965.468,15877.532,70843.0,0.0961,39087.936,0.55175,10793.5554,BUY,False,NONE,0.25,NONE,AGGRESSIVE_BUY
2017-08-09,2017,1277.39,BUY_SIDE_SWEEP,83620.8,9291.2,92912.0,1.691,74329.6,0.8,11344.0554,BUY,False,NONE,0.35,NONE,AGGRESSIVE_BUY
2017-08-10,2017,1286.25,BUY_SIDE_SWEEP,78090.3,8676.7,86767.0,1.1012,69413.6,0.8,20313.4474,BUY,False,NONE,0.35,NONE,AGGRESSIVE_BUY
2017-08-11,2017,1290.41,BUY_SIDE_SWEEP,76246.2,8471.8,84718.0,0.8559,67774.4,0.8,30913.3537,BUY,False,NONE,0.0,NONE,AGGRESSIVE_BUY
2017-08-14,2017,1281.3,NO_SWEEP,12726.5399,59008.4601,71735.0,-0.2264,-46281.9201,-0.64518,29521.0788,SELL,False,NONE,0.0,NONE,AGGRESSIVE_SELL
2017-08-15,2017,1271.52,NO_SWEEP,14341.9916,55577.0084,69919.0,-0.384,-41235.0168,-0.58975,17120.5017,SELL,False,NONE,0.0,NONE,AGGRESSIVE_SELL
2017-08-16,2017,1283.08,NO_SWEEP,65727.0,7303.0,73030.0,-0.2073,58424.0,0.8,29610.9393,BUY,False,NONE,0.0,NONE,AGGRESSIVE_BUY
2017-08-17,2017,1287.74,NO_SWEEP,75441.6978,18438.3022,93880.0,1.4418,57003.3957,0.60719,34814.4993,BUY,False,NONE,0.35,NONE,AGGRESSIVE_BUY
2017-08-18,2017,1284.62,NO_SWEEP,10232.2,92089.8,102322.0,1.8366,-81857.6,-0.8,19696.3073,SELL,True,NONE,0.6,NONE,AGGRESSIVE_SELL
2017-08-21,2017,1291.59,NO_SWEEP,62001.7654,7748.2346,69750.0,-0.6855,54253.5308,0.77783,17186.7987,BUY,False,NONE,0.0,NONE,AGGRESSIVE_BUY
2017-08-22,2017,1284.96,NO_SWEEP,13075.5042,51569.4958,64645.0,-1.0421,-38493.9915,-0.59547,3698.3498,SELL,False,NONE,0.0,NONE,AGGRESSIVE_SELL
2017-08-23,2017,1290.44,NO_SWEEP,57543.3,6393.7,63937.0,-0.9919,51149.6,0.8,1620.2498,BUY,False,NONE,0.0,NONE,AGGRESSIVE_BUY
2017-08-24,2017,1286.15,NO_SWEEP,12691.7313,56724.2687,69416.0,-0.4957,-44032.5373,-0.63433,1901.4226,SELL,False,NONE,0.0,NONE,AGGRESSIVE_SELL
2017-08-25,2017,1291.47,NO_SWEEP,71553.0788,9538.9212,81092.0,0.5365,62014.1576,0.76474,14807.5694,BUY,False,NONE,0.25,NONE,AGGRESSIVE_BUY
2017-08-28,2017,1309.61,BUY_SIDE_SWEEP,61510.5,6834.5,68345.0,-0.6152,54676.0,0.8,14339.0694,BUY,False,NONE,0.0,NONE,AGGRESSIVE_BUY
2017-08-29,2017,1309.48,NO_SWEEP,17707.0515,99909.9485,117617.0,2.7717,-82202.8971,-0.6989,-3061.7172,SELL,True,NONE,0.6,NONE,AGGRESSIVE_SELL
2017-08-30,2017,1308.15,NO_SWEEP,20144.239,60981.761,81126.0,0.2148,-40837.5221,-0.50338,2065.7925,SELL,False,NONE,0.25,NONE,AGGRESSIVE_SELL
2017-08-31,2017,1321.41,NO_SWEEP,78689.7,8743.3,87433.0,0.5986,69946.4,0.8,4027.4012,BUY,False,NONE,0.0,NONE,AGGRESSIVE_BUY
2017-09-01,2017,1324.59,NO_SWEEP,66206.0345,20361.9655,86568.0,0.4822,45844.069,0.52957,14569.6588,BUY,False,NONE,0.25,NONE,AGGRESSIVE_BUY
2017-09-04,2017,1333.96,BUY_SIDE_SWEEP,11213.9974,46185.0026,57399.0,-1.5558,-34971.0053,-0.60926,3804.5831,SELL,True,SELL,0.65,BUY_BREAKOUT_ABSORBED,ICEBERG_SELL
2017-09-05,2017,1339.95,BUY_SIDE_SWEEP,86245.4565,17283.5435,103529.0,1.4754,68961.9129,0.66611,17928.8894,BUY,False,NONE,0.35,NONE,AGGRESSIVE_BUY
2017-09-06,2017,1334.01,NO_SWEEP,13868.6131,73434.3869,87303.0,0.4214,-59565.7738,-0.68229,2731.398,SELL,False,NONE,0.0,NONE,AGGRESSIVE_SELL
2017-09-07,2017,1349.31,BUY_SIDE_SWEEP,90296.1,10032.9,100329.0,1.2063,80263.2,0.8,5929.798,BUY,False,NONE,0.35,NONE,AGGRESSIVE_BUY
2017-09-08,2017,1346.48,NO_SWEEP,18206.0502,83275.9498,101482.0,1.1819,-65069.8997,-0.6412,8071.4226,SELL,True,NONE,0.6,NONE,AGGRESSIVE_SELL
2017-09-11,2017,1327.25,NO_SWEEP,8257.1,74313.9,82571.0,-0.0324,-66056.8,-0.8,4919.0129,SELL,False,NONE,0.0,NONE,AGGRESSIVE_SELL
2017-09-12,2017,1331.26,NO_SWEEP,111040.2,12337.8,123378.0,2.1163,98702.4,0.8,8513.5129,BUY,False,NONE,0.35,NONE,AGGRESSIVE_BUY
2017-09-13,2017,1323.0,NO_SWEEP,10121.9894,79491.0106,89613.0,0.1725,-69369.0213,-0.7741,-5888.1234,SELL,False,NONE,0.0,NONE,AGGRESSIVE_SELL
2017-09-14,2017,1329.56,NO_SWEEP,74435.4,8270.6,82706.0,-0.19,66164.8,0.8,6753.8523,BUY,False,NONE,0.0,NONE,AGGRESSIVE_BUY
2017-09-15,2017,1320.29,NO_SWEEP,8409.6,75686.4,84096.0,-0.0598,-67276.8,-0.8,-10275.9868,SELL,False,NONE,0.0,NONE,AGGRESSIVE_SELL
2017-09-18,2017,1307.19,SELL_SIDE_SWEEP,8351.8686,59833.1314,68185.0,-0.9824,-51481.2628,-0.75502,-9265.423,SELL,False,NONE,0.0,NONE,AGGRESSIVE_SELL
2017-09-19,2017,1310.9,NO_SWEEP,62106.3,6900.7,69007.0,-0.9603,55205.6,0.8,-12397.623,BUY,False,NONE,0.0,NONE,AGGRESSIVE_BUY
2017-09-20,2017,1300.08,SELL_SIDE_SWEEP,12114.5058,71014.4942,83129.0,-0.1904,-58899.9884,-0.70854,-11626.3841,SELL,False,NONE,0.0,NONE,AGGRESSIVE_SELL
2017-09-21,2017,1291.22,SELL_SIDE_SWEEP,13370.923,68935.077,82306.0,-0.2886,-55564.154,-0.67509,-10314.8033,SELL,False,NONE,0.0,NONE,AGGRESSIVE_SELL
2017-09-22,2017,1296.89,NO_SWEEP,57998.8807,11252.1193,69251.0,-1.0501,46746.7614,0.67503,-16809.2581,BUY,False,NONE,0.0,NONE,AGGRESSIVE_BUY
2017-09-25,2017,1310.28,NO_SWEEP,80690.4,8965.6,89656.0,0.148,71724.8,0.8,827.4695,BUY,False,NONE,0.0,NONE,AGGRESSIVE_BUY
2017-09-26,2017,1293.8,NO_SWEEP,8008.4,72075.6,80084.0,-0.3807,-64067.2,-0.8,-15451.5305,SELL,False,NONE,0.0,NONE,AGGRESSIVE_SELL
2017-09-27,2017,1282.16,SELL_SIDE_SWEEP,7871.7,70845.3,78717.0,-0.4674,-62973.6,-0.8,-14913.6305,SELL,False,NONE,0.0,NONE,AGGRESSIVE_SELL
2017-09-28,2017,1286.98,NO_SWEEP,66016.7962,8117.2038,74134.0,-0.7339,57899.5924,0.78101,-1241.0236,BUY,False,NONE,0.25,NONE,AGGRESSIVE_BUY
2017-09-29,2017,1279.37,NO_SWEEP,11918.1008,58800.8992,70719.0,-0.8973,-46882.7983,-0.66294,-14002.0734,SELL,False,NONE,0.0,NONE,AGGRESSIVE_SELL
2017-10-02,2017,1270.95,SELL_SIDE_SWEEP,6740.1709,57900.8291,64641.0,-1.3914,-51160.6581,-0.79146,-13034.6571,SELL,False,NONE,0.0,NONE,AGGRESSIVE_SELL
2017-10-03,2017,1271.54,NO_SWEEP,36158.3858,18647.6142,54806.0,-1.8318,17510.7715,0.3195,-3900.2914,BUY,False,NONE,0.25,NONE,AGGRESSIVE_BUY
2017-10-04,2017,1274.64,NO_SWEEP,32156.0014,26127.9986,58284.0,-1.4209,6028.0027,0.10342,-8990.1362,NEUTRAL,False,NONE,0.25,NONE,NEUTRAL
2017-10-05,2017,1267.57,SELL_SIDE_SWEEP,5392.7,48534.3,53927.0,-1.522,-43141.6,-0.8,-23348.4362,SELL,False,NONE,0.0,NONE,AGGRESSIVE_SELL
2017-10-06,2017,1276.17,NO_SWEEP,64859.4,7206.6,72066.0,-0.3012,57652.8,0.8,-8133.4362,BUY,False,NONE,0.0,NONE,AGGRESSIVE_BUY
2017-10-09,2017,1283.94,NO_SWEEP,53991.0,5999.0,59990.0,-1.0104,47992.0,0.8,5737.2638,BUY,False,NONE,0.0,NONE,AGGRESSIVE_BUY
2017-10-10,2017,1287.92,NO_SWEEP,46057.4751,25790.5249,71848.0,-0.0951,20266.9503,0.28208,1033.1835,BUY,False,NONE,0.25,NONE,AGGRESSIVE_BUY
2017-10-11,2017,1291.32,NO_SWEEP,59210.5129,11667.4871,70878.0,-0.1054,47543.0258,0.67077,12836.4115,BUY,False,NONE,0.0,NONE,AGGRESSIVE_BUY
2017-10-12,2017,1293.27,NO_SWEEP,66811.1329,38644.8671,105456.0,2.6708,28166.2658,0.26709,22752.277,BUY,True,NONE,0.6,NONE,AGGRESSIVE_BUY
2017-10-13,2017,1303.3,BUY_SIDE_SWEEP,138328.2,15369.8,153698.0,3.621,122958.4,0.8,35933.2306,BUY,False,NONE,0.35,NONE,AGGRESSIVE_BUY
2017-10-16,2017,1294.57,NO_SWEEP,27690.5462,117169.4538,144860.0,2.4927,-89478.9077,-0.61769,23994.8668,SELL,False,NONE,0.35,NONE,AGGRESSIVE_SELL
2017-10-17,2017,1285.14,NO_SWEEP,28939.3408,128096.6592,157036.0,2.3603,-99157.3185,-0.63143,16992.902,SELL,False,NONE,0.35,NONE,AGGRESSIVE_SELL
2017-10-18,2017,1280.81,NO_SWEEP,30797.7797,101748.2203,132546.0,1.4012,-70950.4406,-0.53529,917.4969,SELL,True,NONE,0.6,NONE,AGGRESSIVE_SELL
2017-10-19,2017,1289.36,NO_SWEEP,169821.9,18869.1,188691.0,2.4574,150952.8,0.8,13787.5969,BUY,False,NONE,0.35,NONE,AGGRESSIVE_BUY
2017-10-20,2017,1280.11,NO_SWEEP,21569.5676,155068.4324,176638.0,1.841,-133498.8649,-0.75578,-5433.13,SELL,False,NONE,0.35,NONE,AGGRESSIVE_SELL
2017-10-23,2017,1281.93,NO_SWEEP,136109.7,15123.3,151233.0,1.1353,120986.4,0.8,3747.2918,BUY,False,NONE,0.35,NONE,AGGRESSIVE_BUY
2017-10-24,2017,1276.47,NO_SWEEP,32180.4904,126559.5096,158740.0,1.1778,-94379.0192,-0.59455,-11570.8688,SELL,False,NONE,0.35,NONE,AGGRESSIVE_SELL
2017-10-25,2017,1277.36,NO_SWEEP,149803.0426,37424.9574,187228.0,1.5818,112378.0851,0.60022,-12893.4082,BUY,True,NONE,0.6,NONE,AGGRESSIVE_BUY
2017-10-26,2017,1266.9,SELL_SIDE_SWEEP,18239.7,164157.3,182397.0,1.3256,-145917.6,-0.8,-19948.2447,SELL,False,NONE,0.35,NONE,AGGRESSIVE_SELL
2017-10-27,2017,1273.43,NO_SWEEP,163357.2,18150.8,181508.0,1.1783,145206.4,0.8,10597.2201,BUY,False,NONE,0.35,NONE,AGGRESSIVE_BUY
2017-10-30,2017,1276.01,NO_SWEEP,116392.6695,27063.3305,143456.0,0.367,89329.339,0.6227,30632.1925,BUY,False,NONE,0.25,NONE,AGGRESSIVE_BUY
2017-10-31,2017,1271.0,NO_SWEEP,32467.7106,107615.2894,140083.0,0.2249,-75147.5788,-0.53645,2369.6452,SELL,False,NONE,0.0,NONE,AGGRESSIVE_SELL
2017-11-01,2017,1274.52,NO_SWEEP,116064.6704,58978.3296,175043.0,0.8833,57086.3407,0.32613,26192.7959,BUY,False,NONE,0.25,NONE,AGGRESSIVE_BUY
2017-11-02,2017,1276.15,NO_SWEEP,87639.9017,91910.0983,179550.0,0.9076,-4270.1966,-0.02378,10535.7213,NEUTRAL,False,NONE,0.25,NONE,NEUTRAL
2017-11-03,2017,1270.03,NO_SWEEP,31519.8527,110329.1473,141849.0,-0.0852,-78809.2946,-0.55559,12481.9369,SELL,False,NONE,0.0,NONE,AGGRESSIVE_SELL
2017-11-06,2017,1281.49,NO_SWEEP,137943.0,15327.0,153270.0,0.1042,122616.0,0.8,13761.6762,BUY,False,NONE,0.0,NONE,AGGRESSIVE_BUY
2017-11-07,2017,1275.23,NO_SWEEP,40719.9766,117764.0234,158484.0,0.1548,-77044.0467,-0.48613,22370.8704,SELL,False,NONE,0.0,NONE,AGGRESSIVE_SELL
2017-11-08,2017,1281.16,NO_SWEEP,98983.0361,57731.9639,156715.0,-0.0829,41251.0721,0.26322,9376.4544,BUY,False,NONE,0.0,NONE,AGGRESSIVE_BUY
2017-11-09,2017,1284.63,NO_SWEEP,145920.4617,63559.5383,209480.0,2.3268,82360.9234,0.39317,8505.4025,BUY,False,NONE,0.35,NONE,AGGRESSIVE_BUY
2017-11-10,2017,1275.6,NO_SWEEP,20040.5299,150856.4701,170897.0,0.3266,-130815.9402,-0.76547,1546.8573,SELL,False,NONE,0.0,NONE,AGGRESSIVE_SELL
2017-11-13,2017,1277.94,NO_SWEEP,106834.9403,29534.0597,136369.0,-1.3753,77300.8807,0.56685,4073.6748,BUY,False,NONE,0.0,NONE,AGGRESSIVE_BUY
2017-11-14,2017,1280.32,NO_SWEEP,138995.5713,26576.4287,165572.0,0.054,112419.1426,0.67897,18659.8422,BUY,False,NONE,0.25,NONE,AGGRESSIVE_BUY
2017-11-15,2017,1278.34,NO_SWEEP,20382.8,183445.2,203828.0,1.7529,-163062.4,-0.8,8128.204,SELL,True,NONE,0.6,NONE,AGGRESSIVE_SELL
2017-11-16,2017,1278.3,NO_SWEEP,55357.9166,104241.0834,159599.0,-0.3513,-48883.1668,-0.30629,-13309.1919,SELL,False,NONE,0.25,NONE,AGGRESSIVE_SELL
2017-11-17,2017,1294.11,BUY_SIDE_SWEEP,163945.0111,18226.9889,182172.0,0.7614,145718.0221,0.79989,14536.0667,BUY,False,NONE,0.0,NONE,AGGRESSIVE_BUY
2017-11-20,2017,1276.65,NO_SWEEP,18080.3,162722.7,180803.0,0.6233,-144642.4,-0.8,-8700.6173,SELL,False,NONE,0.0,NONE,AGGRESSIVE_SELL
2017-11-21,2017,1280.37,NO_SWEEP,106894.611,57980.389,164875.0,-0.1904,48914.2221,0.29667,-12881.4549,BUY,False,NONE,0.25,NONE,AGGRESSIVE_BUY
2017-11-22,2017,1291.94,NO_SWEEP,145308.47,19038.53,164347.0,-0.1631,126269.9401,0.76831,19254.2801,BUY,False,NONE,0.0,NONE,AGGRESSIVE_BUY
2017-11-23,2017,1290.93,NO_SWEEP,35003.7897,45540.2103,80544.0,-3.0546,-10536.4205,-0.13082,8274.6174,NEUTRAL,False,NONE,0.25,NONE,NEUTRAL
2017-11-24,2017,1288.27,NO_SWEEP,30303.0916,88666.9084,118970.0,-1.4394,-58363.8168,-0.49058,-13073.2525,SELL,False,NONE,0.25,NONE,AGGRESSIVE_SELL
2017-11-27,2017,1294.26,NO_SWEEP,110660.3337,41092.6663,151753.0,-0.2858,69567.6674,0.45843,16005.506,BUY,False,NONE,0.0,NONE,AGGRESSIVE_BUY
2017-11-28,2017,1293.75,NO_SWEEP,49832.4338,99399.5662,149232.0,-0.3964,-49567.1324,-0.33215,15920.0102,SELL,False,NONE,0.25,NONE,AGGRESSIVE_SELL
2017-11-29,2017,1283.24,NO_SWEEP,18190.4,163713.6,181904.0,0.7692,-145523.2,-0.8,-20485.1425,SELL,False,NONE,0.0,NONE,AGGRESSIVE_SELL
2017-11-30,2017,1274.7,NO_SWEEP,40461.117,152296.883,192758.0,1.112,-111835.766,-0.58019,-16384.3133,SELL,False,NONE,0.35,NONE,AGGRESSIVE_SELL
2017-12-01,2017,1279.88,NO_SWEEP,139699.308,80693.692,220393.0,1.7957,59005.6159,0.26773,-15122.889,BUY,True,NONE,0.6,NONE,AGGRESSIVE_BUY
2017-12-04,2017,1275.94,NO_SWEEP,154365.3008,21715.6992,176081.0,0.32,132649.6016,0.75334,-14325.4313,BUY,False,NONE,0.25,NONE,AGGRESSIVE_BUY
2017-12-05,2017,1265.66,SELL_SIDE_SWEEP,36175.5112,136519.4888,172695.0,0.187,-100343.9776,-0.58105,-25551.376,SELL,False,NONE,0.0,NONE,AGGRESSIVE_SELL
2017-12-06,2017,1263.12,NO_SWEEP,17323.7,155913.3,173237.0,0.1781,-138589.6,-0.8,-35579.5989,SELL,False,NONE,0.0,NONE,AGGRESSIVE_SELL
2017-12-07,2017,1246.64,SELL_SIDE_SWEEP,16770.3,150932.7,167703.0,0.0692,-134162.4,-0.8,-61045.8573,SELL,False,NONE,0.0,NONE,AGGRESSIVE_SELL
2017-12-08,2017,1248.04,NO_SWEEP,100288.3244,51631.6756,151920.0,-0.438,48656.6489,0.32028,-48767.8846,BUY,False,NONE,0.25,NONE,AGGRESSIVE_BUY
2017-12-11,2017,1241.54,SELL_SIDE_SWEEP,12726.1,114534.9,127261.0,-1.2436,-101808.8,-0.8,-43303.5846,SELL,False,NONE,0.0,NONE,AGGRESSIVE_SELL
2017-12-12,2017,1243.77,NO_SWEEP,109246.8576,21914.1424,131161.0,-1.0253,87332.7152,0.66584,-18407.5245,BUY,False,NONE,0.25,NONE,AGGRESSIVE_BUY
2017-12-13,2017,1255.51,NO_SWEEP,138345.3,15371.7,153717.0,-0.2174,122973.6,0.8,-10411.5265,BUY,False,NONE,0.0,NONE,AGGRESSIVE_BUY
2017-12-14,2017,1252.5,NO_SWEEP,28392.7,133851.3,162244.0,0.0705,-105458.6,-0.65,-40175.0517,SELL,False,NONE,0.25,NONE,AGGRESSIVE_SELL
2017-12-15,2017,1255.33,NO_SWEEP,70942.3728,73676.6272,144619.0,-0.4738,-2734.2544,-0.01891,-27973.8363,NEUTRAL,False,NONE,0.25,NONE,NEUTRAL
2017-12-18,2017,1261.62,NO_SWEEP,116059.4398,18580.5602,134640.0,-0.7404,97478.8796,0.724,1534.7237,BUY,False,NONE,0.0,NONE,AGGRESSIVE_BUY
2017-12-19,2017,1261.64,NO_SWEEP,37437.7593,89398.2407,126836.0,-0.9257,-51960.4813,-0.40967,11809.9635,SELL,False,NONE,0.25,NONE,AGGRESSIVE_SELL
2017-12-20,2017,1265.37,NO_SWEEP,93274.9203,31569.0797,124844.0,-0.9088,61705.8406,0.49426,13441.1125,BUY,False,NONE,0.0,NONE,AGGRESSIVE_BUY
2017-12-21,2017,1266.52,NO_SWEEP,85637.9773,29947.0227,115585.0,-1.4384,55690.9545,0.48182,33128.5818,BUY,False,NONE,0.25,NONE,AGGRESSIVE_BUY
2017-12-22,2017,1275.28,BUY_SIDE_SWEEP,89995.5,9999.5,99995.0,-1.8809,79996.0,0.8,32211.4924,BUY,False,NONE,0.0,NONE,AGGRESSIVE_BUY
2017-12-26,2017,1283.08,BUY_SIDE_SWEEP,50264.1,5584.9,55849.0,-2.6205,44679.2,0.8,22424.6924,BUY,False,NONE,0.0,NONE,AGGRESSIVE_BUY
2017-12-27,2017,1287.01,BUY_SIDE_SWEEP,91153.0389,18051.9611,109205.0,-1.0195,73101.0778,0.66939,44744.6521,BUY,False,NONE,0.0,NONE,AGGRESSIVE_BUY
2017-12-28,2017,1294.86,BUY_SIDE_SWEEP,94361.4,10484.6,104846.0,-1.031,83876.8,0.8,55571.0339,BUY,False,NONE,0.0,NONE,AGGRESSIVE_BUY
2017-12-29,2017,1302.33,BUY_SIDE_SWEEP,81241.3997,28535.6003,109777.0,-0.8096,52705.7994,0.48012,49974.3989,BUY,False,NONE,0.0,NONE,AGGRESSIVE_BUY
2018-01-02,2018,1317.82,BUY_SIDE_SWEEP,92425.5,10269.5,102695.0,-0.9762,82156.0,0.8,66738.9591,BUY,False,NONE,0.0,NONE,AGGRESSIVE_BUY
2018-01-03,2018,1312.78,NO_SWEEP,39110.2251,103173.7749,142284.0,0.409,-64063.5497,-0.45025,51017.7853,SELL,False,NONE,0.25,NONE,AGGRESSIVE_SELL
2018-01-04,2018,1322.69,BUY_SIDE_SWEEP,135354.9285,16641.0715,151996.0,0.8177,118713.857,0.78103,58895.6481,BUY,False,NONE,0.0,NONE,AGGRESSIVE_BUY
2018-01-05,2018,1319.9,NO_SWEEP,62281.7286,73771.2714,136053.0,0.327,-11489.5427,-0.08445,47459.9552,NEUTRAL,False,NONE,0.25,NONE,NEUTRAL
2018-01-08,2018,1320.27,NO_SWEEP,60154.8743,52234.1257,112389.0,-0.5182,7920.7486,0.07048,42865.1488,NEUTRAL,False,NONE,0.25,NONE,NEUTRAL
2018-01-09,2018,1312.61,NO_SWEEP,37706.0437,108164.9563,145871.0,0.8929,-70458.9126,-0.48302,24920.15,SELL,False,NONE,0.0,NONE,AGGRESSIVE_SELL
2018-01-10,2018,1316.59,NO_SWEEP,115123.0707,74352.9293,189476.0,2.2285,40770.1413,0.21517,19531.8177,BUY,True,NONE,0.6,NONE,AGGRESSIVE_BUY
2018-01-11,2018,1322.34,NO_SWEEP,140289.3544,19790.6456,160080.0,1.0814,120498.7089,0.75274,28005.9313,BUY,False,NONE,0.35,NONE,AGGRESSIVE_BUY
2018-01-12,2018,1338.17,BUY_SIDE_SWEEP,160759.8,17862.2,178622.0,1.5998,142897.6,0.8,35598.6313,BUY,False,NONE,0.35,NONE,AGGRESSIVE_BUY
2018-01-15,2018,1339.93,BUY_SIDE_SWEEP,71139.6887,42978.3113,114118.0,-0.4715,28161.3774,0.24677,47126.7472,BUY,False,NONE,0.0,NONE,AGGRESSIVE_BUY
2018-01-16,2018,1338.37,NO_SWEEP,77587.0827,95360.9173,172948.0,1.4122,-17773.8346,-0.10277,30065.7858,NEUTRAL,True,NONE,0.6,NONE,NEUTRAL
2018-01-17,2018,1326.61,NO_SWEEP,20174.0,181566.0,201740.0,1.9915,-161392.0,-0.8,11327.9786,SELL,False,NONE,0.35,NONE,AGGRESSIVE_SELL
2018-01-18,2018,1327.04,NO_SWEEP,42197.9921,141145.0079,183343.0,1.3155,-98947.0159,-0.53968,-2030.4919,SELL,True,NONE,0.6,NONE,AGGRESSIVE_SELL
2018-01-19,2018,1331.43,NO_SWEEP,104187.3938,70002.6062,174190.0,0.9726,34184.7875,0.19625,11049.9706,BUY,False,NONE,0.25,NONE,AGGRESSIVE_BUY
2018-01-22,2018,1333.87,NO_SWEEP,78033.696,64696.304,142730.0,0.0902,13337.3919,0.09344,7620.8769,NEUTRAL,False,NONE,0.25,NONE,NEUTRAL
2018-01-23,2018,1341.11,NO_SWEEP,150557.4,16728.6,167286.0,0.6787,133828.8,0.8,9287.1383,BUY,False,NONE,0.0,NONE,AGGRESSIVE_BUY
2018-01-24,2018,1357.97,BUY_SIDE_SWEEP,171916.1449,24658.8551,196575.0,1.4629,147257.2898,0.74912,9832.0995,BUY,False,NONE,0.35,NONE,AGGRESSIVE_BUY
2018-01-25,2018,1348.22,NO_SWEEP,42965.3653,202863.6347,245829.0,2.4241,-159898.2694,-0.65045,-13675.3563,SELL,False,NONE,0.35,NONE,AGGRESSIVE_SELL
2018-01-26,2018,1350.0,NO_SWEEP,131456.0701,83960.9299,215417.0,1.443,47495.1402,0.22048,-5516.7345,BUY,True,NONE,0.6,NONE,AGGRESSIVE_BUY
2018-01-29,2018,1340.32,NO_SWEEP,23002.0614,154083.9386,177086.0,0.3301,-131081.8772,-0.74022,-1727.9691,SELL,False,NONE,0.0,NONE,AGGRESSIVE_SELL
2018-01-30,2018,1338.59,NO_SWEEP,41641.3468,165633.6532,207275.0,1.1076,-123992.3064,-0.5982,-4858.6304,SELL,True,NONE,0.6,NONE,AGGRESSIVE_SELL
2018-01-31,2018,1344.94,NO_SWEEP,188096.5373,26680.4627,214777.0,1.2016,161416.0746,0.75155,11045.2804,BUY,False,NONE,0.35,NONE,AGGRESSIVE_BUY
2018-02-01,2018,1348.39,NO_SWEEP,183429.8535,27782.1465,211212.0,0.9926,155647.7069,0.73693,28834.0698,BUY,False,NONE,0.0,NONE,AGGRESSIVE_BUY
2018-02-02,2018,1332.57,NO_SWEEP,37046.2036,195959.7964,233006.0,1.4608,-158913.5928,-0.68202,-7758.7293,SELL,False,NONE,0.35,NONE,AGGRESSIVE_SELL
2018-02-05,2018,1339.56,NO_SWEEP,221428.4861,28146.5139,249575.0,1.7877,193281.9722,0.77444,-2005.644,BUY,False,NONE,0.35,NONE,AGGRESSIVE_BUY
2018-02-06,2018,1324.4,SELL_SIDE_SWEEP,40202.4573,312283.5427,352486.0,3.2053,-272081.0854,-0.77189,-16028.496,SELL,False,NONE,0.35,NONE,AGGRESSIVE_SELL
2018-02-07,2018,1318.29,SELL_SIDE_SWEEP,59967.7017,199392.2983,259360.0,1.1424,-139424.5966,-0.53757,-39393.4631,SELL,True,NONE,0.6,NONE,AGGRESSIVE_SELL
2018-02-08,2018,1318.34,NO_SWEEP,237183.8561,49257.1439,286441.0,1.4971,187926.7121,0.65607,482.6106,BUY,True,NONE,0.6,NONE,AGGRESSIVE_BUY
2018-02-09,2018,1315.64,NO_SWEEP,80884.8699,213358.1301,294243.0,1.461,-132473.2603,-0.45022,-577.5086,SELL,True,NONE,0.6,NONE,AGGRESSIVE_SELL
2018-02-12,2018,1322.86,NO_SWEEP,111399.9587,33637.0413,145037.0,-1.3818,77762.9175,0.53616,-11034.1533,BUY,False,NONE,0.0,NONE,AGGRESSIVE_BUY
2018-02-13,2018,1328.99,NO_SWEEP,132570.6074,23521.3926,156092.0,-1.1336,109049.2148,0.69862,-16858.9648,BUY,False,NONE,0.0,NONE,AGGRESSIVE_BUY
2018-02-14,2018,1350.14,NO_SWEEP,174039.3,19337.7,193377.0,-0.4153,154701.6,0.8,22342.9343,BUY,False,NONE,0.0,NONE,AGGRESSIVE_BUY
2018-02-15,2018,1353.07,NO_SWEEP,117940.1967,57531.8033,175472.0,-0.7437,60408.3934,0.34426,5733.737,BUY,False,NONE,0.25,NONE,AGGRESSIVE_BUY
2018-02-16,2018,1347.43,NO_SWEEP,18723.5637,148254.4363,166978.0,-0.8922,-129530.8726,-0.77574,23552.5136,SELL,False,NONE,0.0,NONE,AGGRESSIVE_SELL
2018-02-19,2018,1346.6,NO_SWEEP,8993.114,78117.886,87111.0,-2.142,-69124.7719,-0.79353,32339.9916,SELL,False,NONE,0.0,NONE,AGGRESSIVE_SELL
2018-02-20,2018,1329.33,NO_SWEEP,14138.5,127246.5,141385.0,-1.1619,-113108.0,-0.8,-5289.3474,SELL,False,NONE,0.0,NONE,AGGRESSIVE_SELL
2018-02-21,2018,1324.37,NO_SWEEP,17570.7845,140915.2155,158486.0,-0.828,-123344.431,-0.77827,-4148.2437,SELL,False,NONE,0.0,NONE,AGGRESSIVE_SELL
2018-02-22,2018,1331.85,NO_SWEEP,133552.8,14839.2,148392.0,-0.9036,118713.6,0.8,970.5916,BUY,False,NONE,0.0,NONE,AGGRESSIVE_BUY
2018-02-23,2018,1328.78,NO_SWEEP,39864.2835,80677.7165,120542.0,-1.2305,-40813.4331,-0.33858,-17762.2394,SELL,False,NONE,0.0,NONE,AGGRESSIVE_SELL
2018-02-26,2018,1332.93,NO_SWEEP,83210.058,54022.942,137233.0,-0.9189,29187.1161,0.21268,-33451.5499,BUY,False,NONE,0.25,NONE,AGGRESSIVE_BUY
2018-02-27,2018,1318.29,NO_SWEEP,23021.6986,133938.3014,156960.0,-0.5719,-110916.6028,-0.70666,-54867.1744,SELL,False,NONE,0.0,NONE,AGGRESSIVE_SELL
2018-02-28,2018,1318.08,NO_SWEEP,36233.9387,107205.0613,143439.0,-0.7159,-70971.1226,-0.49478,-47547.2057,SELL,False,NONE,0.25,NONE,AGGRESSIVE_SELL
2018-03-01,2018,1317.16,NO_SWEEP,105289.4812,85965.5188,191255.0,0.0214,19323.9623,0.10104,-36491.1139,NEUTRAL,False,NONE,0.25,NONE,NEUTRAL
2018-03-02,2018,1322.12,NO_SWEEP,125493.4658,36648.5342,162142.0,-0.3686,88844.9315,0.54795,-11246.9974,BUY,False,NONE,0.0,NONE,AGGRESSIVE_BUY
2018-03-05,2018,1319.88,NO_SWEEP,28265.1319,146995.8681,175261.0,-0.1146,-118730.7363,-0.67745,-10670.2856,SELL,False,NONE,0.0,NONE,AGGRESSIVE_SELL
2018-03-06,2018,1334.3,NO_SWEEP,157979.7191,29993.2809,187973.0,0.2682,127986.4382,0.68088,-9511.1808,BUY,False,NONE,0.0,NONE,AGGRESSIVE_BUY
2018-03-07,2018,1325.35,NO_SWEEP,25077.0512,181566.9488,206644.0,0.7343,-156489.8976,-0.75729,-23970.7389,SELL,False,NONE,0.0,NONE,AGGRESSIVE_SELL
2018-03-08,2018,1322.14,NO_SWEEP,41360.3997,141680.6003,183041.0,0.4144,-100320.2006,-0.54808,-40159.1535,SELL,False,NONE,0.25,NONE,AGGRESSIVE_SELL
2018-03-09,2018,1323.36,NO_SWEEP,162976.0455,18353.9545,181330.0,0.7473,144622.091,0.79756,-8216.8168,BUY,False,NONE,0.25,NONE,AGGRESSIVE_BUY
2018-03-12,2018,1322.7,NO_SWEEP,69267.7199,48159.2801,117427.0,-1.464,21108.4398,0.17976,3293.1285,NEUTRAL,False,NONE,0.25,NONE,NEUTRAL
2018-03-13,2018,1326.31,NO_SWEEP,136925.1,15213.9,152139.0,-0.2497,121711.2,0.8,16091.5333,BUY,False,NONE,0.25,NONE,AGGRESSIVE_BUY
2018-03-14,2018,1324.74,NO_SWEEP,38652.2873,105283.7127,143936.0,-0.4636,-66631.4255,-0.46292,-3343.0114,SELL,False,NONE,0.25,NONE,AGGRESSIVE_SELL
2018-03-15,2018,1316.44,NO_SWEEP,13171.2,118540.8,131712.0,-0.8187,-105369.6,-0.8,-1672.8693,SELL,False,NONE,0.0,NONE,AGGRESSIVE_SELL
2018-03-16,2018,1313.47,NO_SWEEP,27386.8277,95141.1723,122528.0,-1.0413,-67754.3446,-0.55297,-26140.4672,SELL,False,NONE,0.25,NONE,AGGRESSIVE_SELL
2018-03-19,2018,1317.02,NO_SWEEP,109413.7942,19552.2058,128966.0,-1.0147,89861.5885,0.69679,4653.4686,BUY,False,NONE,0.25,NONE,AGGRESSIVE_BUY
2018-03-20,2018,1311.06,NO_SWEEP,29616.4992,90785.5008,120402.0,-1.2654,-61169.0016,-0.50804,9547.3685,SELL,False,NONE,0.0,NONE,AGGRESSIVE_SELL
2018-03-21,2018,1331.8,NO_SWEEP,127983.9948,18338.0052,146322.0,-0.2507,109645.9896,0.74935,5175.3558,BUY,False,NONE,0.0,NONE,AGGRESSIVE_BUY
2018-03-22,2018,1328.61,NO_SWEEP,44553.6666,122688.3334,167242.0,0.5096,-78134.6668,-0.4672,-7230.0326,SELL,False,NONE,0.25,NONE,AGGRESSIVE_SELL
2018-03-23,2018,1347.51,BUY_SIDE_SWEEP,157114.8,17457.2,174572.0,0.7068,139657.6,0.8,-4986.7326,BUY,False,NONE,0.0,NONE,AGGRESSIVE_BUY
2018-03-26,2018,1353.44,BUY_SIDE_SWEEP,117663.5195,18689.4805,136353.0,-0.7873,98974.039,0.72587,15713.9505,BUY,False,NONE,0.0,NONE,AGGRESSIVE_BUY
2018-03-27,2018,1344.59,NO_SWEEP,28151.0147,115778.9853,143930.0,-0.4628,-87627.9706,-0.60882,17931.6542,SELL,False,NONE,0.0,NONE,AGGRESSIVE_SELL
2018-03-28,2018,1324.83,NO_SWEEP,17557.3,158015.7,175573.0,0.7005,-140458.4,-0.8,8843.6473,SELL,False,NONE,0.0,NONE,AGGRESSIVE_SELL
2018-03-29,2018,1325.04,NO_SWEEP,97757.0155,46397.9845,144155.0,-0.4401,51359.031,0.35628,4030.8276,BUY,False,NONE,0.25,NONE,AGGRESSIVE_BUY
2018-04-02,2018,1341.04,NO_SWEEP,121270.8707,18571.1293,139842.0,-0.5653,102699.7414,0.7344,24514.4204,BUY,False,NONE,0.0,NONE,AGGRESSIVE_BUY
2018-04-03,2018,1332.54,NO_SWEEP,30649.6006,131690.3994,162340.0,0.3667,-101040.7988,-0.6224,-1821.4281,SELL,False,NONE,0.0,NONE,AGGRESSIVE_SELL
2018-04-04,2018,1333.24,NO_SWEEP,66119.2201,111038.7799,177158.0,1.0186,-44919.5598,-0.25356,2330.4603,SELL,True,NONE,0.6,NONE,AGGRESSIVE_SELL
2018-04-05,2018,1326.37,NO_SWEEP,30446.8376,114101.1624,144548.0,-0.2498,-83654.3248,-0.57873,-25583.5303,SELL,False,NONE,0.0,NONE,AGGRESSIVE_SELL
2018-04-06,2018,1332.69,NO_SWEEP,168097.4405,22930.5595,191028.0,1.928,145166.8809,0.75992,-19809.4251,BUY,True,NONE,0.6,NONE,AGGRESSIVE_BUY
2018-04-09,2018,1336.06,NO_SWEEP,134185.3614,18157.6386,152343.0,0.1857,116027.7227,0.76162,5647.5366,BUY,False,NONE,0.25,NONE,AGGRESSIVE_BUY
2018-04-10,2018,1339.08,NO_SWEEP,132015.9002,35209.0998,167225.0,0.8456,96806.8003,0.5789,35305.6866,BUY,False,NONE,0.25,NONE,AGGRESSIVE_BUY
2018-04-11,2018,1353.08,NO_SWEEP,123633.2331,60890.7669,184524.0,1.5585,62742.4663,0.34002,36728.616,BUY,False,NONE,0.35,NONE,AGGRESSIVE_BUY
2018-04-12,2018,1334.87,NO_SWEEP,17916.3,161246.7,179163.0,1.1706,-143330.4,-0.8,5974.8483,SELL,False,NONE,0.35,NONE,AGGRESSIVE_SELL
2018-04-13,2018,1345.07,NO_SWEEP,139730.6717,15722.3283,155453.0,-0.0113,124008.3433,0.79772,34105.9911,BUY,False,NONE,0.0,NONE,AGGRESSIVE_BUY
2018-04-16,2018,1345.59,NO_SWEEP,94654.7173,46639.2827,141294.0,-0.7956,48015.4345,0.33983,45722.8654,BUY,False,NONE,0.25,NONE,AGGRESSIVE_BUY
2018-04-17,2018,1347.17,NO_SWEEP,123335.5062,18578.4938,141914.0,-0.8287,104757.0125,0.73817,69274.2826,BUY,False,NONE,0.25,NONE,AGGRESSIVE_BUY
2018-04-18,2018,1349.21,NO_SWEEP,98490.8094,50166.1906,148657.0,-0.6022,48324.6188,0.32507,57168.9998,BUY,False,NONE,0.25,NONE,AGGRESSIVE_BUY
2018-04-19,2018,1345.7,NO_SWEEP,40794.6949,126831.3051,167626.0,0.4775,-86036.6102,-0.51327,31910.9582,SELL,False,NONE,0.25,NONE,AGGRESSIVE_SELL
2018-04-20,2018,1335.44,NO_SWEEP,13752.8,123775.2,137528.0,-1.2134,-110022.4,-0.8,6057.3082,SELL,False,NONE,0.0,NONE,AGGRESSIVE_SELL
2018-04-23,2018,1324.76,SELL_SIDE_SWEEP,19816.0514,122474.9486,142291.0,-0.8447,-102658.8971,-0.72147,-14617.8623,SELL,False,NONE,0.0,NONE,AGGRESSIVE_SELL
2018-04-24,2018,1330.77,NO_SWEEP,131545.9278,18674.0722,150220.0,-0.4335,112871.8557,0.75138,17407.4197,BUY,False,NONE,0.0,NONE,AGGRESSIVE_BUY
2018-04-25,2018,1322.88,NO_SWEEP,28759.587,103570.413,132330.0,-1.4303,-74810.8259,-0.56534,-7444.9765,SELL,False,NONE,0.0,NONE,AGGRESSIVE_SELL
2018-04-26,2018,1317.01,SELL_SIDE_SWEEP,14929.6198,122910.3802,137840.0,-1.003,-107980.7604,-0.78338,-26944.5008,SELL,False,NONE,0.0,NONE,AGGRESSIVE_SELL
2018-04-27,2018,1322.91,NO_SWEEP,104226.2191,20226.7809,124453.0,-1.6254,83999.4383,0.67495,-29539.1976,BUY,False,NONE,0.0,NONE,AGGRESSIVE_BUY
2018-04-30,2018,1314.98,SELL_SIDE_SWEEP,27316.3429,92192.6571,119509.0,-1.7202,-64876.3143,-0.54286,-43689.3143,SELL,False,NONE,0.0,NONE,AGGRESSIVE_SELL
2018-05-01,2018,1304.0,SELL_SIDE_SWEEP,13184.9609,108330.0391,121515.0,-1.4362,-95145.0782,-0.78299,-44827.8727,SELL,False,NONE,0.0,NONE,AGGRESSIVE_SELL
2018-05-02,2018,1304.92,NO_SWEEP,61970.4086,102743.5914,164714.0,0.7333,-40773.1828,-0.24754,-36171.7206,SELL,False,NONE,0.25,NONE,AGGRESSIVE_SELL
2018-05-03,2018,1312.19,NO_SWEEP,109113.2221,52370.7779,161484.0,0.5245,56742.4442,0.35138,-16246.5529,BUY,False,NONE,0.0,NONE,AGGRESSIVE_BUY
2018-05-04,2018,1314.6,NO_SWEEP,124637.4,13848.6,138486.0,-0.5589,110788.8,0.8,-16506.9349,BUY,False,NONE,0.25,NONE,AGGRESSIVE_BUY
2018-05-07,2018,1314.2,NO_SWEEP,38029.3588,79748.6412,117778.0,-1.5251,-41719.2823,-0.35422,-12370.4919,SELL,False,NONE,0.25,NONE,AGGRESSIVE_SELL
2018-05-08,2018,1314.67,NO_SWEEP,128520.1755,28810.8245,157331.0,0.5999,99709.3511,0.63376,13590.772,BUY,False,NONE,0.25,NONE,AGGRESSIVE_BUY
2018-05-09,2018,1312.36,NO_SWEEP,64773.7209,85250.2791,150024.0,0.3384,-20476.5582,-0.13649,531.2724,NEUTRAL,False,NONE,0.25,NONE,NEUTRAL
2018-05-10,2018,1321.05,NO_SWEEP,135826.2298,15494.7702,151321.0,0.57,120331.4597,0.79521,23682.2442,BUY,False,NONE,0.0,NONE,AGGRESSIVE_BUY
2018-05-11,2018,1317.93,NO_SWEEP,12186.5,109678.5,121865.0,-1.3158,-97492.0,-0.8,23388.879,SELL,False,NONE,0.0,NONE,AGGRESSIVE_SELL
2018-05-14,2018,1313.13,NO_SWEEP,11383.9,102455.1,113839.0,-1.6349,-91071.2,-0.8,17101.6268,SELL,False,NONE,0.0,NONE,AGGRESSIVE_SELL
2018-05-15,2018,1290.77,SELL_SIDE_SWEEP,15500.8,139507.2,155008.0,0.8756,-124006.4,-0.8,-5491.9787,SELL,False,NONE,0.0,NONE,AGGRESSIVE_SELL
2018-05-16,2018,1290.48,NO_SWEEP,40839.3613,108430.6387,149270.0,0.5223,-67591.2774,-0.45281,-27789.4884,SELL,False,NONE,0.25,NONE,AGGRESSIVE_SELL
2018-05-17,2018,1290.77,NO_SWEEP,61682.7503,80302.2497,141985.0,0.1678,-18619.4995,-0.13114,-24902.0155,NEUTRAL,False,NONE,0.25,NONE,NEUTRAL
2018-05-18,2018,1292.48,NO_SWEEP,101754.0776,17472.9224,119227.0,-1.2217,84281.1552,0.7069,-26830.54,BUY,False,NONE,0.25,NONE,AGGRESSIVE_BUY
2018-05-21,2018,1292.48,NO_SWEEP,110172.6,12241.4,122414.0,-0.9361,97931.2,0.8,-12029.5703,BUY,False,NONE,0.25,NONE,AGGRESSIVE_BUY
2018-05-22,2018,1291.02,NO_SWEEP,33585.0667,92358.9333,125944.0,-0.6458,-58773.8667,-0.46667,-34417.736,SELL,False,NONE,0.25,NONE,AGGRESSIVE_SELL
2018-05-23,2018,1293.18,NO_SWEEP,113062.3547,56294.6453,169357.0,1.7762,56767.7095,0.3352,-15135.2724,BUY,True,NONE,0.6,NONE,AGGRESSIVE_BUY
2018-05-24,2018,1304.25,NO_SWEEP,129579.8287,17352.1713,146932.0,0.4704,112227.6574,0.76381,10277.0848,BUY,False,NONE,0.0,NONE,AGGRESSIVE_BUY
2018-05-25,2018,1300.52,NO_SWEEP,14582.5,131242.5,145825.0,0.3521,-116660.0,-0.8,11195.3848,SELL,False,NONE,0.0,NONE,AGGRESSIVE_SELL
2018-05-28,2018,1298.02,NO_SWEEP,34701.9859,59372.0141,94074.0,-2.2587,-24670.0282,-0.26224,16560.541,SELL,False,NONE,0.25,NONE,AGGRESSIVE_SELL
2018-05-29,2018,1298.64,NO_SWEEP,114188.6714,74231.3286,188420.0,2.1186,39957.3428,0.21207,23882.6462,BUY,True,NONE,0.6,NONE,AGGRESSIVE_BUY
2018-05-30,2018,1301.55,NO_SWEEP,145252.7413,42645.2587,187898.0,1.8942,102607.4827,0.54608,26173.4372,BUY,True,NONE,0.6,NONE,AGGRESSIVE_BUY
2018-05-31,2018,1298.24,NO_SWEEP,17378.6,156407.4,173786.0,1.2413,-139028.8,-0.8,-3446.5628,SELL,False,NONE,0.35,NONE,AGGRESSIVE_SELL
2018-06-01,2018,1293.27,NO_SWEEP,36416.6081,111844.3919,148261.0,0.1738,-75427.7837,-0.50875,-5528.3025,SELL,False,NONE,0.0,NONE,AGGRESSIVE_SELL
2018-06-04,2018,1291.81,NO_SWEEP,15323.8933,89253.1067,104577.0,-1.5378,-73929.2134,-0.70694,-21865.4178,SELL,False,NONE,0.25,NONE,AGGRESSIVE_SELL
2018-06-05,2018,1296.49,NO_SWEEP,73045.6982,25620.3018,98666.0,-1.559,47425.3965,0.48067,-29965.7004,BUY,False,NONE,0.0,NONE,AGGRESSIVE_BUY
2018-06-06,2018,1295.95,NO_SWEEP,21356.9529,89001.0471,110358.0,-1.0227,-67644.0941,-0.61295,-23838.7122,SELL,False,NONE,0.25,NONE,AGGRESSIVE_SELL
2018-06-07,2018,1296.71,NO_SWEEP,55746.3091,65447.6909,121194.0,-0.5718,-9701.3819,-0.08005,-21967.6314,NEUTRAL,False,NONE,0.25,NONE,NEUTRAL
2018-06-08,2018,1298.6,NO_SWEEP,92223.4849,17310.5151,109534.0,-0.9565,74912.9697,0.68392,-17598.178,BUY,False,NONE,0.25,NONE,AGGRESSIVE_BUY
2018-06-11,2018,1300.35,NO_SWEEP,77595.97,14595.03,92191.0,-1.4719,63000.9401,0.68337,-22548.9959,BUY,False,NONE,0.25,NONE,AGGRESSIVE_BUY
2018-06-12,2018,1295.52,NO_SWEEP,26216.7486,75149.2514,101366.0,-1.0479,-48932.5028,-0.48273,-11286.9587,SELL,False,NONE,0.0,NONE,AGGRESSIVE_SELL
2018-06-13,2018,1299.46,NO_SWEEP,83503.8731,12461.1269,95965.0,-1.1114,71042.7463,0.7403,7021.8576,BUY,False,NONE,0.0,NONE,AGGRESSIVE_BUY
2018-06-14,2018,1302.25,NO_SWEEP,70530.7368,50455.2632,120986.0,-0.2581,20075.4736,0.16593,18772.4434,NEUTRAL,False,NONE,0.25,NONE,NEUTRAL
2018-06-15,2018,1280.19,SELL_SIDE_SWEEP,15898.2794,113736.7206,129635.0,0.0088,-97838.4412,-0.75472,614.4637,SELL,False,NONE,0.0,NONE,AGGRESSIVE_SELL
2018-06-18,2018,1278.2,NO_SWEEP,13453.1833,72316.8167,85770.0,-1.3128,-58863.6333,-0.6863,1712.0213,SELL,False,NONE,0.25,NONE,AGGRESSIVE_SELL
2018-06-19,2018,1274.46,SELL_SIDE_SWEEP,23647.9317,87713.0683,111361.0,-0.4826,-64065.1367,-0.57529,-5083.4481,SELL,False,NONE,0.25,NONE,AGGRESSIVE_SELL
2018-06-20,2018,1267.56,SELL_SIDE_SWEEP,9406.2,84655.8,94062.0,-0.9288,-75249.6,-0.8,-23853.7693,SELL,False,NONE,0.0,NONE,AGGRESSIVE_SELL
2018-06-21,2018,1267.24,SELL_SIDE_SWEEP,47614.451,52644.549,100259.0,-0.6582,-5030.0981,-0.05017,-32357.649,NEUTRAL,False,NONE,0.25,NONE,NEUTRAL
2018-06-22,2018,1269.21,NO_SWEEP,65145.8265,26132.1735,91278.0,-0.8575,39013.653,0.42742,-21364.3796,BUY,False,NONE,0.0,NONE,AGGRESSIVE_BUY
2018-06-25,2018,1265.32,NO_SWEEP,8579.1,77211.9,85791.0,-1.0085,-68632.8,-0.8,-38823.8228,SELL,False,NONE,0.0,NONE,AGGRESSIVE_SELL
2018-06-26,2018,1258.45,SELL_SIDE_SWEEP,19492.938,76557.062,96050.0,-0.6197,-57064.124,-0.59411,-48466.2725,SELL,False,NONE,0.0,NONE,AGGRESSIVE_SELL
2018-06-27,2018,1251.79,SELL_SIDE_SWEEP,12000.0,108000.0,120000.0,0.4903,-96000.0,-0.8,-48236.4674,SELL,False,NONE,0.0,NONE,AGGRESSIVE_SELL
2018-06-28,2018,1248.14,SELL_SIDE_SWEEP,20529.8,86582.2,107112.0,0.0579,-66052.4,-0.61667,-49135.0632,SELL,False,NONE,0.0,NONE,AGGRESSIVE_SELL
2018-06-29,2018,1252.74,NO_SWEEP,83299.4765,21715.5235,105015.0,0.0798,61583.953,0.58643,-33428.927,BUY,False,NONE,0.0,NONE,AGGRESSIVE_BUY
2018-07-02,2018,1241.49,SELL_SIDE_SWEEP,9280.1,83520.9,92801.0,-0.8719,-74240.8,-0.8,-33302.827,SELL,False,NONE,0.0,NONE,AGGRESSIVE_SELL
2018-07-03,2018,1252.78,NO_SWEEP,84839.2873,14937.7127,99777.0,-0.3068,69901.5746,0.70058,-23936.3679,BUY,False,NONE,0.0,NONE,AGGRESSIVE_BUY
2018-07-04,2018,1256.47,NO_SWEEP,41735.8832,24390.1168,66126.0,-2.417,17345.7663,0.26231,-26644.8538,BUY,False,NONE,0.0,NONE,AGGRESSIVE_BUY
2018-07-05,2018,1257.17,NO_SWEEP,76518.7664,20117.2336,96636.0,-0.2491,56401.5327,0.58365,-11015.5622,BUY,False,NONE,0.25,NONE,AGGRESSIVE_BUY
2018-07-06,2018,1254.56,NO_SWEEP,17682.3909,66744.6091,84427.0,-1.0236,-49062.2182,-0.58112,-10015.324,SELL,False,NONE,0.0,NONE,AGGRESSIVE_SELL
2018-07-09,2018,1257.41,NO_SWEEP,39773.6346,45939.3654,85713.0,-0.8951,-6165.7308,-0.07193,1213.9597,NEUTRAL,False,NONE,0.25,NONE,NEUTRAL
2018-07-10,2018,1255.93,NO_SWEEP,43041.4255,49083.5745,92125.0,-0.4127,-6042.1489,-0.06559,8715.2411,NEUTRAL,False,NONE,0.25,NONE,NEUTRAL
2018-07-11,2018,1242.18,NO_SWEEP,10725.9,96533.1,107259.0,0.5977,-85807.2,-0.8,-9708.653,SELL,False,NONE,0.0,NONE,AGGRESSIVE_SELL
2018-07-12,2018,1246.94,NO_SWEEP,105847.4678,18739.5322,124587.0,1.7469,87107.9355,0.69917,10459.9389,BUY,False,NONE,0.35,NONE,AGGRESSIVE_BUY
2018-07-13,2018,1241.06,NO_SWEEP,24710.1574,62353.8426,87064.0,-0.7299,-37643.6852,-0.43237,-2983.2186,SELL,False,NONE,0.0,NONE,AGGRESSIVE_SELL
2018-07-16,2018,1240.8,NO_SWEEP,20729.3178,64232.6822,84962.0,-0.8844,-43503.3643,-0.51203,-10589.3599,SELL,False,NONE,0.25,NONE,AGGRESSIVE_SELL
2018-07-17,2018,1227.28,SELL_SIDE_SWEEP,9425.9,84833.1,94259.0,-0.1182,-75407.2,-0.8,-27065.4515,SELL,False,NONE,0.0,NONE,AGGRESSIVE_SELL
2018-07-18,2018,1227.5,NO_SWEEP,47036.1793,36647.8207,83684.0,-0.8885,10388.3586,0.12414,-19634.1294,NEUTRAL,False,NONE,0.25,NONE,NEUTRAL
2018-07-19,2018,1222.86,NO_SWEEP,50229.2543,60014.7457,110244.0,1.0835,-9785.4914,-0.08876,-20086.5995,NEUTRAL,True,NONE,0.6,NONE,NEUTRAL
2018-07-20,2018,1231.59,NO_SWEEP,110944.8,12327.2,123272.0,1.7748,98617.6,0.8,-7004.1308,BUY,False,NONE,0.35,NONE,AGGRESSIVE_BUY
2018-07-23,2018,1224.42,NO_SWEEP,12849.9448,93835.0552,106685.0,0.5724,-80985.1103,-0.7591,-6401.3696,SELL,False,NONE,0.0,NONE,AGGRESSIVE_SELL
2018-07-24,2018,1224.45,NO_SWEEP,43637.7595,67788.2405,111426.0,0.8316,-24150.4811,-0.21674,-20308.6717,SELL,False,NONE,0.25,NONE,AGGRESSIVE_SELL
2018-07-25,2018,1231.57,NO_SWEEP,96576.9291,18924.0709,115501.0,1.1454,77652.8581,0.67231,-5896.6038,BUY,False,NONE,0.35,NONE,AGGRESSIVE_BUY
2018-07-26,2018,1222.84,NO_SWEEP,9871.8,88846.2,98718.0,0.0142,-78974.4,-0.8,-10330.4833,SELL,False,NONE,0.0,NONE,AGGRESSIVE_SELL
2018-07-27,2018,1222.81,NO_SWEEP,35530.1519,58418.8481,93949.0,-0.2807,-22888.6962,-0.24363,-3765.6703,SELL,False,NONE,0.25,NONE,AGGRESSIVE_SELL
2018-07-30,2018,1221.28,NO_SWEEP,17695.9815,48446.0185,66142.0,-1.9211,-30750.0369,-0.46491,-8907.9697,SELL,False,NONE,0.25,NONE,AGGRESSIVE_SELL
2018-07-31,2018,1223.94,NO_SWEEP,79499.1984,22431.8016,101931.0,0.3268,57067.3968,0.55986,-551.3587,BUY,False,NONE,0.25,NONE,AGGRESSIVE_BUY
2018-08-01,2018,1216.05,NO_SWEEP,9058.7,81528.3,90587.0,-0.5133,-72469.6,-0.8,-21937.2587,SELL,False,NONE,0.0,NONE,AGGRESSIVE_SELL
2018-08-02,2018,1207.72,SELL_SIDE_SWEEP,9410.8,84697.2,94108.0,-0.2589,-75286.4,-0.8,-21224.9199,SELL,False,NONE,0.0,NONE,AGGRESSIVE_SELL
2018-08-03,2018,1213.14,NO_SWEEP,67832.361,30094.639,97927.0,-0.0413,37737.722,0.38537,-13488.8945,BUY,False,NONE,0.25,NONE,AGGRESSIVE_BUY
2018-08-06,2018,1207.1,NO_SWEEP,7327.6,65948.4,73276.0,-1.6564,-58620.8,-0.8,-30523.1018,SELL,False,NONE,0.0,NONE,AGGRESSIVE_SELL
2018-08-07,2018,1210.58,NO_SWEEP,40500.6213,34124.3787,74625.0,-1.4291,6376.2426,0.08544,-19854.2715,NEUTRAL,False,NONE,0.25,NONE,NEUTRAL
2018-08-08,2018,1213.38,NO_SWEEP,62977.9337,13858.0663,76836.0,-1.161,49119.8674,0.63928,-10853.201,BUY,False,NONE,0.25,NONE,AGGRESSIVE_BUY
2018-08-09,2018,1212.16,NO_SWEEP,13264.607,73455.393,86720.0,-0.4678,-60190.786,-0.69408,-14533.2947,SELL,False,NONE,0.25,NONE,AGGRESSIVE_SELL
2018-08-10,2018,1211.38,NO_SWEEP,41298.7364,77009.2636,118308.0,1.488,-35710.5271,-0.30184,-26130.5352,SELL,True,NONE,0.6,NONE,AGGRESSIVE_SELL
2018-08-13,2018,1193.64,SELL_SIDE_SWEEP,9039.7,81357.3,90397.0,-0.3263,-72317.6,-0.8,-26111.5352,SELL,False,NONE,0.0,NONE,AGGRESSIVE_SELL
2018-08-14,2018,1193.93,NO_SWEEP,12634.8889,49516.1111,62151.0,-1.8579,-36881.2222,-0.59341,-21310.8879,SELL,False,NONE,0.25,NONE,AGGRESSIVE_SELL
2018-08-15,2018,1174.65,SELL_SIDE_SWEEP,7745.7,69711.3,77457.0,-0.9289,-61965.6,-0.8,-33773.8032,SELL,False,NONE,0.0,NONE,AGGRESSIVE_SELL
2018-08-16,2018,1173.93,NO_SWEEP,41121.4518,51912.5482,93034.0,0.0226,-10791.0963,-0.11599,-27795.0902,NEUTRAL,False,NONE,0.25,NONE,NEUTRAL
2018-08-17,2018,1184.17,NO_SWEEP,58456.8,6495.2,64952.0,-1.5167,51961.6,0.8,-22096.9205,BUY,False,NONE,0.0,NONE,AGGRESSIVE_BUY
2018-08-20,2018,1190.36,NO_SWEEP,47890.8,5321.2,53212.0,-1.9157,42569.6,0.8,-22915.704,BUY,False,NONE,0.0,NONE,AGGRESSIVE_BUY
2018-08-21,2018,1196.12,NO_SWEEP,62361.0,6929.0,69290.0,-0.9138,55432.0,0.8,-8462.8557,BUY,False,NONE,0.0,NONE,AGGRESSIVE_BUY
2018-08-22,2018,1195.42,NO_SWEEP,15408.4811,53226.5189,68635.0,-0.8752,-37818.0379,-0.551,-8726.2945,SELL,False,NONE,0.25,NONE,AGGRESSIVE_SELL
2018-08-23,2018,1185.27,NO_SWEEP,6477.8,58300.2,64778.0,-1.0103,-51822.4,-0.8,-6164.3945,SELL,False,NONE,0.0,NONE,AGGRESSIVE_SELL
2018-08-24,2018,1205.88,NO_SWEEP,61785.0,6865.0,68650.0,-0.6922,54920.0,0.8,5310.7582,BUY,False,NONE,0.0,NONE,AGGRESSIVE_BUY
2018-08-27,2018,1211.07,NO_SWEEP,43425.0,4825.0,48250.0,-1.7854,38600.0,0.8,17881.4582,BUY,False,NONE,0.0,NONE,AGGRESSIVE_BUY
2018-08-28,2018,1200.96,NO_SWEEP,6437.8,57940.2,64378.0,-0.7581,-51502.4,-0.8,12792.5453,SELL,False,NONE,0.0,NONE,AGGRESSIVE_SELL
2018-08-29,2018,1206.53,NO_SWEEP,52473.6,5830.4,58304.0,-1.0188,46643.2,0.8,12127.7453,BUY,False,NONE,0.0,NONE,AGGRESSIVE_BUY
2018-08-30,2018,1199.61,NO_SWEEP,12591.9368,48276.0632,60868.0,-0.7793,-35684.1265,-0.58625,2346.0295,SELL,False,NONE,0.0,NONE,AGGRESSIVE_SELL
2018-08-31,2018,1200.78,NO_SWEEP,35656.0987,40149.9013,75806.0,0.2152,-4493.8027,-0.05928,-5144.6959,NEUTRAL,False,NONE,0.25,NONE,NEUTRAL
2018-09-03,2018,1201.25,NO_SWEEP,46222.9216,13039.0784,59262.0,-0.8013,33183.8432,0.55995,3730.5393,BUY,False,NONE,0.25,NONE,AGGRESSIVE_BUY
2018-09-04,2018,1191.03,NO_SWEEP,7622.9,68606.1,76229.0,0.278,-60983.2,-0.8,2585.4393,SELL,False,NONE,0.0,NONE,AGGRESSIVE_SELL
2018-09-05,2018,1196.48,NO_SWEEP,54229.5346,11466.4654,65696.0,-0.3588,42763.0691,0.65092,1065.8229,BUY,False,NONE,0.0,NONE,AGGRESSIVE_BUY
2018-09-06,2018,1199.97,NO_SWEEP,50199.9233,38785.0767,88985.0,1.1116,11414.8466,0.12828,-2332.3213,NEUTRAL,True,NONE,0.6,NONE,NEUTRAL
2018-09-07,2018,1195.83,NO_SWEEP,13305.0495,65786.9505,79092.0,0.8173,-52481.9011,-0.66356,-2454.7589,SELL,False,NONE,0.0,NONE,AGGRESSIVE_SELL
2018-09-10,2018,1195.57,NO_SWEEP,24667.4062,35486.5938,60154.0,-0.7163,-10819.1875,-0.17986,-9637.5574,NEUTRAL,False,NONE,0.25,NONE,NEUTRAL
2018-09-11,2018,1198.37,NO_SWEEP,57982.5,6442.5,64425.0,-0.3363,51540.0,0.8,1265.4585,BUY,False,NONE,0.25,NONE,AGGRESSIVE_BUY
2018-09-12,2018,1206.06,NO_SWEEP,60107.305,7051.695,67159.0,-0.0375,53055.61,0.79,8459.135,BUY,False,NONE,0.0,NONE,AGGRESSIVE_BUY
2018-09-13,2018,1201.26,NO_SWEEP,7478.2,67303.8,74782.0,0.8966,-59825.6,-0.8,-3167.0454,SELL,False,NONE,0.0,NONE,AGGRESSIVE_SELL
2018-09-14,2018,1193.43,NO_SWEEP,7448.8,67039.2,74488.0,0.7987,-59590.4,-0.8,-2992.9454,SELL,False,NONE,0.0,NONE,AGGRESSIVE_SELL
2018-09-17,2018,1200.93,NO_SWEEP,47434.82,13663.18,61098.0,-0.7313,33771.6399,0.55275,-4116.874,BUY,False,NONE,0.0,NONE,AGGRESSIVE_BUY
2018-09-18,2018,1198.04,NO_SWEEP,16370.7611,64324.2389,80695.0,1.3656,-47953.4778,-0.59426,-11537.9146,SELL,False,NONE,0.35,NONE,AGGRESSIVE_SELL
2018-09-19,2018,1203.68,NO_SWEEP,54761.4699,14616.5301,69378.0,0.1358,40144.9398,0.57864,40.4406,BUY,False,NONE,0.0,NONE,AGGRESSIVE_BUY
2018-09-20,2018,1207.07,NO_SWEEP,60572.2495,9038.7505,69611.0,0.1353,51533.499,0.74031,7834.5264,BUY,False,NONE,0.0,NONE,AGGRESSIVE_BUY
2018-09-21,2018,1199.1,NO_SWEEP,18790.8393,51803.1607,70594.0,0.2311,-33012.3215,-0.46764,-2734.5138,SELL,False,NONE,0.0,NONE,AGGRESSIVE_SELL
2018-09-24,2018,1198.66,NO_SWEEP,16113.3689,36134.6311,52248.0,-1.862,-20021.2623,-0.3832,-11869.1228,SELL,False,NONE,0.25,NONE,AGGRESSIVE_SELL
2018-09-25,2018,1201.06,NO_SWEEP,41274.0483,13914.9517,55189.0,-1.4061,27359.0967,0.49573,-971.0358,BUY,False,NONE,0.25,NONE,AGGRESSIVE_BUY
2018-09-26,2018,1194.22,NO_SWEEP,19142.7632,68148.2368,87291.0,1.7921,-49005.4737,-0.5614,352.08,SELL,False,NONE,0.35,NONE,AGGRESSIVE_SELL
2018-09-27,2018,1182.52,SELL_SIDE_SWEEP,6274.5,56470.5,62745.0,-0.7168,-50196.0,-0.8,-10143.875,SELL,False,NONE,0.0,NONE,AGGRESSIVE_SELL
2018-09-28,2018,1191.51,NO_SWEEP,55983.7675,8224.2325,64208.0,-0.5094,47759.5349,0.74383,1820.2516,BUY,False,NONE,0.0,NONE,AGGRESSIVE_BUY
2018-10-01,2018,1188.66,NO_SWEEP,19991.267,32584.733,52576.0,-1.5979,-12593.466,-0.23953,-4772.0491,SELL,False,NONE,0.0,NONE,AGGRESSIVE_SELL
2018-10-02,2018,1202.74,NO_SWEEP,56145.375,13638.625,69784.0,0.127,42506.75,0.60912,-5900.3927,BUY,False,NONE,0.0,NONE,AGGRESSIVE_BUY
2018-10-03,2018,1196.85,NO_SWEEP,6151.5,55363.5,61515.0,-0.6696,-49212.0,-0.8,-7925.3525,SELL,False,NONE,0.0,NONE,AGGRESSIVE_SELL
2018-10-04,2018,1199.72,NO_SWEEP,38177.1181,31926.8819,70104.0,0.306,6250.2361,0.08916,-4641.4152,NEUTRAL,False,NONE,0.25,NONE,NEUTRAL
2018-10-05,2018,1202.75,NO_SWEEP,54965.086,17946.914,72912.0,0.6764,37018.172,0.50771,-3434.0308,BUY,False,NONE,0.0,NONE,AGGRESSIVE_BUY
2018-10-08,2018,1187.96,NO_SWEEP,5894.6763,31772.3237,37667.0,-2.6386,-25877.6473,-0.68701,-543.0525,SELL,False,NONE,0.0,NONE,AGGRESSIVE_SELL
2018-10-09,2018,1189.48,NO_SWEEP,49129.7542,11416.2458,60546.0,-0.4813,37713.5084,0.62289,10445.636,BUY,False,NONE,0.25,NONE,AGGRESSIVE_BUY
2018-10-10,2018,1194.03,NO_SWEEP,54524.7,6058.3,60583.0,-0.4452,48466.4,0.8,10533.9942,BUY,False,NONE,0.0,NONE,AGGRESSIVE_BUY
2018-10-11,2018,1224.82,BUY_SIDE_SWEEP,76019.4,8446.6,84466.0,1.6258,67572.8,0.8,20554.7774,BUY,False,NONE,0.35,NONE,AGGRESSIVE_BUY
2018-10-12,2018,1217.76,NO_SWEEP,10988.552,52043.448,63032.0,-0.2023,-41054.8961,-0.65133,10109.5716,SELL,False,NONE,0.0,NONE,AGGRESSIVE_SELL
2018-10-15,2018,1226.81,BUY_SIDE_SWEEP,44613.9685,18210.0315,62824.0,-0.229,26403.937,0.42028,19561.5638,BUY,False,NONE,0.0,NONE,AGGRESSIVE_BUY
2018-10-16,2018,1224.42,NO_SWEEP,5861.1,52749.9,58611.0,-0.5281,-46888.8,-0.8,12919.1842,SELL,False,NONE,0.25,NONE,AGGRESSIVE_SELL
2018-10-17,2018,1222.21,NO_SWEEP,7119.5569,46761.4431,53881.0,-0.8823,-39641.8863,-0.73573,3336.677,SELL,False,NONE,0.25,NONE,AGGRESSIVE_SELL
2018-10-18,2018,1225.75,NO_SWEEP,44836.8657,16205.1343,61042.0,-0.1889,28631.7315,0.46905,10150.3493,BUY,False,NONE,0.25,NONE,AGGRESSIVE_BUY
2018-10-19,2018,1226.38,NO_SWEEP,36237.4125,23731.5875,59969.0,-0.2416,12505.8251,0.20854,6999.3889,BUY,False,NONE,0.25,NONE,AGGRESSIVE_BUY
2018-10-22,2018,1221.86,NO_SWEEP,6985.2736,43384.7264,50370.0,-1.1178,-36399.4528,-0.72264,-3608.8427,SELL,False,NONE,0.0,NONE,AGGRESSIVE_SELL
2018-10-23,2018,1230.34,NO_SWEEP,36379.0767,20746.9233,57126.0,-0.5051,15632.1535,0.27364,-10101.4235,BUY,False,NONE,0.0,NONE,AGGRESSIVE_BUY
2018-10-24,2018,1233.33,NO_SWEEP,53738.1,5970.9,59709.0,-0.1611,47767.2,0.8,1001.3385,BUY,False,NONE,0.25,NONE,AGGRESSIVE_BUY
2018-10-25,2018,1231.86,NO_SWEEP,14108.8869,44559.1131,58668.0,-0.2523,-30450.2261,-0.51903,-6105.4319,SELL,False,NONE,0.25,NONE,AGGRESSIVE_SELL
2018-10-26,2018,1233.53,NO_SWEEP,40913.0993,43317.9007,84231.0,2.1268,-2404.8013,-0.02855,-544.9321,NEUTRAL,True,NONE,0.6,NONE,NEUTRAL
2018-10-29,2018,1229.47,NO_SWEEP,22512.462,45813.538,68326.0,0.5387,-23301.0759,-0.34103,1497.6692,SELL,False,NONE,0.25,NONE,AGGRESSIVE_SELL
2018-10-30,2018,1222.97,NO_SWEEP,10821.606,41506.394,52328.0,-0.9179,-30684.7881,-0.58639,-5916.8957,SELL,False,NONE,0.0,NONE,AGGRESSIVE_SELL
2018-10-31,2018,1214.48,SELL_SIDE_SWEEP,9400.1369,48685.8631,58086.0,-0.3479,-39285.7262,-0.67634,-12390.8396,SELL,False,NONE,0.0,NONE,AGGRESSIVE_SELL
2018-11-01,2018,1233.04,NO_SWEEP,57777.2433,9099.7567,66877.0,0.5134,48677.4865,0.72787,-1756.2222,BUY,False,NONE,0.0,NONE,AGGRESSIVE_BUY
2018-11-02,2018,1232.75,NO_SWEEP,22684.9815,47811.0185,70496.0,0.885,-25126.037,-0.35642,-6850.996,SELL,False,NONE,0.25,NONE,AGGRESSIVE_SELL
2018-11-05,2018,1231.36,NO_SWEEP,19672.1271,31581.8729,51254.0,-1.2065,-11909.7459,-0.23237,-14310.6143,SELL,False,NONE,0.25,NONE,AGGRESSIVE_SELL
2018-11-06,2018,1227.03,NO_SWEEP,11628.0244,45979.9756,57608.0,-0.4822,-34351.9512,-0.59631,-14798.3299,SELL,False,NONE,0.25,NONE,AGGRESSIVE_SELL
2018-11-07,2018,1226.36,NO_SWEEP,15467.4199,71500.5801,86968.0,2.243,-56033.1603,-0.6443,-21501.8748,SELL,True,NONE,0.6,NONE,AGGRESSIVE_SELL
2018-11-08,2018,1223.37,NO_SWEEP,18898.5047,37247.4953,56146.0,-0.6057,-18348.9906,-0.32681,-20882.8641,SELL,False,NONE,0.0,NONE,AGGRESSIVE_SELL
2018-11-09,2018,1209.32,SELL_SIDE_SWEEP,6543.949,52243.051,58787.0,-0.3036,-45699.1021,-0.77737,-22759.6533,SELL,False,NONE,0.0,NONE,AGGRESSIVE_SELL
2018-11-12,2018,1200.16,SELL_SIDE_SWEEP,5103.3,45929.7,51033.0,-1.0296,-40826.4,-0.8,-22952.2376,SELL,False,NONE,0.0,NONE,AGGRESSIVE_SELL
2018-11-13,2018,1201.99,NO_SWEEP,45173.778,14690.222,59864.0,-0.1308,30483.556,0.50921,-25226.4789,BUY,False,NONE,0.25,NONE,AGGRESSIVE_BUY
2018-11-14,2018,1210.54,NO_SWEEP,59624.9952,16911.0048,76536.0,1.4066,42713.9905,0.55809,-16746.4755,BUY,False,NONE,0.35,NONE,AGGRESSIVE_BUY
2018-11-15,2018,1212.69,NO_SWEEP,48003.6145,20383.3855,68387.0,0.5623,27620.229,0.40388,-11805.2286,BUY,False,NONE,0.25,NONE,AGGRESSIVE_BUY
2018-11-16,2018,1221.2,NO_SWEEP,45508.9613,13791.0387,59300.0,-0.323,31717.9225,0.53487,-3546.4944,BUY,False,NONE,0.0,NONE,AGGRESSIVE_BUY
2018-11-19,2018,1223.85,NO_SWEEP,44223.3413,6464.6587,50688.0,-1.1683,37758.6826,0.74492,8177.486,BUY,False,NONE,0.25,NONE,AGGRESSIVE_BUY
2018-11-20,2018,1221.52,NO_SWEEP,8379.9889,57651.0111,66031.0,0.2919,-49271.0221,-0.74618,4312.232,SELL,False,NONE,0.25,NONE,AGGRESSIVE_SELL
2018-11-21,2018,1225.82,NO_SWEEP,36847.7727,14609.2273,51457.0,-1.0715,22238.5455,0.43218,12804.438,BUY,False,NONE,0.0,NONE,AGGRESSIVE_BUY
2018-11-22,2018,1226.96,NO_SWEEP,22477.4447,11885.5553,34363.0,-2.2335,10591.8894,0.30824,19231.7242,BUY,False,NONE,0.0,NONE,AGGRESSIVE_BUY
2018-11-23,2018,1222.51,NO_SWEEP,9385.465,34508.535,43894.0,-1.35,-25123.0699,-0.57236,12280.8959,SELL,False,NONE,0.0,NONE,AGGRESSIVE_SELL
2018-11-26,2018,1222.15,NO_SWEEP,4734.8,42613.2,47348.0,-0.9505,-37878.4,-0.8,2206.8471,SELL,False,NONE,0.25,NONE,AGGRESSIVE_SELL
2018-11-27,2018,1214.47,NO_SWEEP,7052.3249,43853.6751,50906.0,-0.6354,-36801.3503,-0.72293,-5845.8503,SELL,False,NONE,0.0,NONE,AGGRESSIVE_SELL
2018-11-28,2018,1221.06,NO_SWEEP,38711.0457,13072.9543,51784.0,-0.529,25638.0914,0.4951,-6605.8292,BUY,False,NONE,0.0,NONE,AGGRESSIVE_BUY
2018-11-29,2018,1224.03,NO_SWEEP,35862.8408,24144.1592,60007.0,0.2045,11718.6815,0.19529,-9860.8293,BUY,False,NONE,0.0,NONE,AGGRESSIVE_BUY
2018-11-30,2018,1221.96,NO_SWEEP,21976.6586,30172.3414,52149.0,-0.4077,-8195.6828,-0.15716,-4726.4119,NEUTRAL,False,NONE,0.25,NONE,NEUTRAL
2018-12-03,2018,1230.84,BUY_SIDE_SWEEP,47998.9684,12511.0316,60510.0,0.2971,35487.9368,0.58648,-3070.238,BUY,False,NONE,0.0,NONE,AGGRESSIVE_BUY
2018-12-04,2018,1238.54,BUY_SIDE_SWEEP,52465.8427,13424.1573,65890.0,0.7307,39041.6855,0.59253,485.9865,BUY,False,NONE,0.0,NONE,AGGRESSIVE_BUY
2018-12-05,2018,1237.06,NO_SWEEP,13358.3082,16443.6918,29802.0,-2.3158,-3085.3835,-0.10353,3240.6973,NEUTRAL,False,NONE,0.25,NONE,NEUTRAL
2018-12-06,2018,1237.76,NO_SWEEP,40228.1041,36491.8959,76720.0,1.7768,3736.2081,0.0487,8442.5233,NEUTRAL,True,NONE,0.6,NONE,NEUTRAL
2018-12-07,2018,1248.41,BUY_SIDE_SWEEP,55508.4,6167.6,61676.0,0.4863,49340.8,0.8,19210.2921,BUY,False,NONE,0.0,NONE,AGGRESSIVE_BUY
2018-12-10,2018,1244.09,NO_SWEEP,14021.5387,56480.4613,70502.0,1.116,-42458.9226,-0.60224,10698.1654,SELL,False,NONE,0.35,NONE,AGGRESSIVE_SELL
2018-12-11,2018,1242.83,NO_SWEEP,11623.304,63852.696,75476.0,1.3862,-52229.392,-0.692,2704.6562,SELL,True,NONE,0.6,NONE,AGGRESSIVE_SELL
2018-12-12,2018,1245.39,NO_SWEEP,45161.2167,14225.7833,59387.0,0.2125,30935.4335,0.52091,7596.0457,BUY,False,NONE,0.0,NONE,AGGRESSIVE_BUY
2018-12-13,2018,1242.0,NO_SWEEP,12781.1765,49298.8235,62080.0,0.4697,-36517.6471,-0.58824,-1404.6523,SELL,False,NONE,0.0,NONE,AGGRESSIVE_SELL
2018-12-14,2018,1238.0,NO_SWEEP,22916.9785,41535.0215,64452.0,0.6416,-18618.0429,-0.28887,-8612.1183,SELL,False,NONE,0.0,NONE,AGGRESSIVE_SELL
2018-12-17,2018,1245.8,NO_SWEEP,39464.4232,5671.5768,45136.0,-0.9301,33792.8464,0.74869,-4002.3396,BUY,False,NONE,0.0,NONE,AGGRESSIVE_BUY
2018-12-18,2018,1249.37,NO_SWEEP,50024.2836,7170.7164,57195.0,0.0965,42853.5672,0.74925,887.3303,BUY,False,NONE,0.0,NONE,AGGRESSIVE_BUY
2018-12-19,2018,1242.98,NO_SWEEP,7752.9,69776.1,77529.0,1.5749,-62023.2,-0.8,-13033.1697,SELL,False,NONE,0.35,NONE,AGGRESSIVE_SELL
2018-12-20,2018,1259.69,BUY_SIDE_SWEEP,49403.8666,12247.1334,61651.0,0.2517,37156.7332,0.60269,-3081.2127,BUY,False,NONE,0.0,NONE,AGGRESSIVE_BUY
2018-12-21,2018,1255.38,NO_SWEEP,5964.3203,43320.6797,49285.0,-0.8485,-37356.3593,-0.75797,-1222.0836,SELL,False,NONE,0.0,NONE,AGGRESSIVE_SELL
2018-12-24,2018,1268.3,BUY_SIDE_SWEEP,31789.8,3532.2,35322.0,-1.8743,28257.6,0.8,-1556.8128,BUY,False,NONE,0.0,NONE,AGGRESSIVE_BUY
2018-12-26,2018,1266.78,NO_SWEEP,4560.7797,36413.2203,40974.0,-1.3225,-31852.4406,-0.77738,-973.662,SELL,False,NONE,0.0,NONE,AGGRESSIVE_SELL
2018-12-27,2018,1275.5,NO_SWEEP,41993.8792,9126.1208,51120.0,-0.5253,32867.7584,0.64295,5462.0632,BUY,False,NONE,0.0,NONE,AGGRESSIVE_BUY
2018-12-28,2018,1280.59,BUY_SIDE_SWEEP,38973.9167,6020.0833,44994.0,-0.9246,32953.8334,0.73241,5357.1865,BUY,False,NONE,0.0,NONE,AGGRESSIVE_BUY
2018-12-31,2018,1279.48,NO_SWEEP,6559.875,23071.125,29631.0,-1.8329,-16511.25,-0.55723,-2063.4156,SELL,False,NONE,0.25,NONE,AGGRESSIVE_SELL
2019-01-02,2019,1284.6,BUY_SIDE_SWEEP,28067.4443,11203.5557,39271.0,-1.0583,16863.8887,0.42942,7797.4705,BUY,False,NONE,0.25,NONE,AGGRESSIVE_BUY
2019-01-03,2019,1293.97,BUY_SIDE_SWEEP,51586.2,5731.8,57318.0,0.195,45854.4,0.8,8884.6788,BUY,False,NONE,0.0,NONE,AGGRESSIVE_BUY
2019-01-04,2019,1284.53,NO_SWEEP,15665.7436,45899.2564,61565.0,0.4079,-30233.5127,-0.49108,9775.0346,SELL,False,NONE,0.0,NONE,AGGRESSIVE_SELL
2019-01-07,2019,1288.72,NO_SWEEP,30063.457,16489.543,46553.0,-0.6273,13573.914,0.29158,7939.5739,BUY,False,NONE,0.25,NONE,AGGRESSIVE_BUY
2019-01-08,2019,1285.04,NO_SWEEP,15954.3337,27282.6663,43237.0,-0.8075,-11328.3327,-0.26201,10505.0874,SELL,False,NONE,0.0,NONE,AGGRESSIVE_SELL
2019-01-09,2019,1292.93,NO_SWEEP,45167.4,5018.6,50186.0,-0.1978,40148.8,0.8,11415.2176,BUY,False,NONE,0.0,NONE,AGGRESSIVE_BUY
2019-01-10,2019,1286.1,NO_SWEEP,4268.6,38417.4,42686.0,-0.7351,-34148.8,-0.8,3027.3884,SELL,False,NONE,0.0,NONE,AGGRESSIVE_SELL
2019-01-11,2019,1287.39,NO_SWEEP,13172.5942,23846.4058,37019.0,-1.1168,-10673.8117,-0.28833,3757.0682,SELL,False,NONE,0.25,NONE,AGGRESSIVE_SELL
2019-01-14,2019,1291.37,NO_SWEEP,22817.4531,14331.5469,37149.0,-1.0007,8485.9062,0.22843,2709.8204,BUY,False,NONE,0.0,NONE,AGGRESSIVE_BUY
2019-01-15,2019,1288.92,NO_SWEEP,8317.0882,34047.9118,42365.0,-0.4707,-25730.8236,-0.60736,-6238.3326,SELL,False,NONE,0.0,NONE,AGGRESSIVE_SELL
2019-01-16,2019,1293.62,NO_SWEEP,32807.3943,4895.6057,37703.0,-0.8478,27911.7886,0.74031,1029.8301,BUY,False,NONE,0.0,NONE,AGGRESSIVE_BUY
2019-01-17,2019,1291.78,NO_SWEEP,12242.8465,25211.1535,37454.0,-0.7857,-12968.3069,-0.34625,-2287.9475,SELL,False,NONE,0.25,NONE,AGGRESSIVE_SELL
2019-01-18,2019,1281.18,NO_SWEEP,3642.6,32783.4,36426.0,-0.8929,-29140.8,-0.8,-4514.5059,SELL,False,NONE,0.0,NONE,AGGRESSIVE_SELL
2019-01-21,2019,1280.03,NO_SWEEP,7664.9092,14804.0908,22469.0,-2.2282,-7139.1815,-0.31773,-10425.5036,SELL,False,NONE,0.0,NONE,AGGRESSIVE_SELL
2019-01-22,2019,1284.97,NO_SWEEP,30541.5,3393.5,33935.0,-0.841,27148.0,0.8,-2763.4036,BUY,False,NONE,0.0,NONE,AGGRESSIVE_BUY
2019-01-23,2019,1282.42,NO_SWEEP,10069.4005,19526.5995,29596.0,-1.2597,-9457.199,-0.31954,-2611.327,SELL,False,NONE,0.25,NONE,AGGRESSIVE_SELL
2019-01-24,2019,1280.75,NO_SWEEP,12003.6236,21911.3764,33915.0,-0.7366,-9907.7528,-0.29213,-4910.5344,SELL,False,NONE,0.25,NONE,AGGRESSIVE_SELL
2019-01-25,2019,1302.79,BUY_SIDE_SWEEP,35434.8,3937.2,39372.0,-0.0861,31497.6,0.8,2243.0185,BUY,False,NONE,0.0,NONE,AGGRESSIVE_BUY
2019-01-28,2019,1303.21,NO_SWEEP,27080.4866,3606.5134,30687.0,-0.9609,23473.9732,0.76495,1688.2916,BUY,False,NONE,0.25,NONE,AGGRESSIVE_BUY
2019-01-29,2019,1311.66,BUY_SIDE_SWEEP,32459.4,3606.6,36066.0,-0.4159,28852.8,0.8,6915.93,BUY,False,NONE,0.0,NONE,AGGRESSIVE_BUY
2019-01-30,2019,1319.59,BUY_SIDE_SWEEP,36645.4976,8214.5024,44860.0,0.5416,28430.9952,0.63377,14112.4044,BUY,False,NONE,0.0,NONE,AGGRESSIVE_BUY
2019-01-31,2019,1321.05,NO_SWEEP,25753.3465,17855.6535,43609.0,0.5299,7897.6929,0.1811,15992.0137,BUY,False,NONE,0.25,NONE,AGGRESSIVE_BUY
2019-02-01,2019,1317.71,NO_SWEEP,6261.7276,33748.2724,40010.0,0.2795,-27486.5447,-0.68699,9162.6956,SELL,False,NONE,0.0,NONE,AGGRESSIVE_SELL
2019-02-04,2019,1311.96,NO_SWEEP,8239.0725,23879.9275,32119.0,-0.8926,-15640.8549,-0.48697,8389.7386,SELL,False,NONE,0.0,NONE,AGGRESSIVE_SELL
2019-02-05,2019,1314.87,NO_SWEEP,23785.7807,6618.2193,30404.0,-1.0618,17167.5614,0.56465,11774.1529,BUY,False,NONE,0.0,NONE,AGGRESSIVE_BUY
2019-02-06,2019,1306.33,NO_SWEEP,2889.4,26004.6,28894.0,-1.2532,-23115.2,-0.8,4947.5529,SELL,False,NONE,0.0,NONE,AGGRESSIVE_SELL
2019-02-07,2019,1309.95,NO_SWEEP,29211.2977,5108.7023,34320.0,-0.2066,24102.5954,0.70229,5026.1307,BUY,False,NONE,0.25,NONE,AGGRESSIVE_BUY
2019-02-08,2019,1313.95,NO_SWEEP,24340.5742,4180.4258,28521.0,-1.1747,20160.1485,0.70685,3939.5492,BUY,False,NONE,0.0,NONE,AGGRESSIVE_BUY
2019-02-11,2019,1308.1,NO_SWEEP,8661.6139,22094.3861,30756.0,-0.7046,-13432.7722,-0.43675,-1293.4217,SELL,False,NONE,0.0,NONE,AGGRESSIVE_SELL
2019-02-12,2019,1310.57,NO_SWEEP,20795.3968,11176.6032,31972.0,-0.412,9618.7937,0.30085,-1078.2841,BUY,False,NONE,0.0,NONE,AGGRESSIVE_BUY
2019-02-13,2019,1305.88,NO_SWEEP,3815.0,34335.0,38150.0,0.7478,-30520.0,-0.8,-1457.466,SELL,False,NONE,0.0,NONE,AGGRESSIVE_SELL
2019-02-14,2019,1312.21,NO_SWEEP,37313.1579,5223.8421,42537.0,1.453,32089.3158,0.75439,4508.8053,BUY,False,NONE,0.35,NONE,AGGRESSIVE_BUY
2019-02-15,2019,1321.26,NO_SWEEP,35715.6,3968.4,39684.0,0.896,31747.2,0.8,6331.2602,BUY,False,NONE,0.0,NONE,AGGRESSIVE_BUY
2019-02-18,2019,1326.06,BUY_SIDE_SWEEP,22182.3,2464.7,24647.0,-1.8402,19717.6,0.8,11685.3602,BUY,False,NONE,0.0,NONE,AGGRESSIVE_BUY
2019-02-19,2019,1341.16,BUY_SIDE_SWEEP,36520.2,4057.8,40578.0,0.9885,32462.4,0.8,12730.3357,BUY,False,NONE,0.0,NONE,AGGRESSIVE_BUY
2019-02-20,2019,1338.2,NO_SWEEP,4412.4,39711.6,44124.0,1.4433,-35299.2,-0.8,5797.9172,SELL,True,NONE,0.6,NONE,AGGRESSIVE_SELL
2019-02-21,2019,1323.3,NO_SWEEP,4592.6,41333.4,45926.0,1.5473,-36740.8,-0.8,2884.4137,SELL,False,NONE,0.35,NONE,AGGRESSIVE_SELL
2019-02-22,2019,1327.56,NO_SWEEP,28210.2891,14066.7109,42277.0,0.9183,14143.5782,0.33455,3450.0117,BUY,False,NONE,0.25,NONE,AGGRESSIVE_BUY
2019-02-25,2019,1327.24,NO_SWEEP,7986.5917,31131.4083,39118.0,0.3554,-23144.8167,-0.59167,4371.9097,SELL,False,NONE,0.25,NONE,AGGRESSIVE_SELL
2019-02-26,2019,1328.69,NO_SWEEP,31442.4458,5639.5542,37082.0,0.0167,25802.8917,0.69583,3586.1066,BUY,False,NONE,0.25,NONE,AGGRESSIVE_BUY
2019-02-27,2019,1319.62,NO_SWEEP,4982.4192,25915.5808,30898.0,-0.8951,-20933.1616,-0.67749,-2998.9386,SELL,False,NONE,0.0,NONE,AGGRESSIVE_SELL
2019-02-28,2019,1313.08,NO_SWEEP,4432.8,39895.2,44328.0,1.322,-35462.4,-0.8,-9896.4386,SELL,False,NONE,0.35,NONE,AGGRESSIVE_SELL
2019-03-01,2019,1293.42,SELL_SIDE_SWEEP,4486.9,40382.1,44869.0,1.3198,-35895.2,-0.8,-18441.1386,SELL,False,NONE,0.35,NONE,AGGRESSIVE_SELL
2019-03-04,2019,1286.46,SELL_SIDE_SWEEP,7265.5136,32890.4864,40156.0,0.5106,-25624.9729,-0.63814,-17231.8602,SELL,False,NONE,0.0,NONE,AGGRESSIVE_SELL
2019-03-05,2019,1287.38,NO_SWEEP,31088.923,6843.077,37932.0,0.0977,24245.8461,0.63919,-9608.5294,BUY,False,NONE,0.25,NONE,AGGRESSIVE_BUY
2019-03-06,2019,1286.15,NO_SWEEP,9183.1718,27164.8282,36348.0,-0.2365,-17981.6564,-0.49471,-13624.1837,SELL,False,NONE,0.25,NONE,AGGRESSIVE_SELL
2019-03-07,2019,1285.33,NO_SWEEP,15455.9591,24346.0409,39802.0,0.3172,-8890.0818,-0.22336,-11842.3419,SELL,False,NONE,0.25,NONE,AGGRESSIVE_SELL
2019-03-08,2019,1298.23,NO_SWEEP,39701.8479,4696.1521,44398.0,1.0302,35005.6958,0.78845,-10691.9914,BUY,False,NONE,0.35,NONE,AGGRESSIVE_BUY
2019-03-11,2019,1293.27,NO_SWEEP,7511.1056,24942.8944,32454.0,-1.2002,-17431.7889,-0.53712,-10254.3198,SELL,False,NONE,0.0,NONE,AGGRESSIVE_SELL
2019-03-12,2019,1301.15,NO_SWEEP,28685.7,3187.3,31873.0,-1.3065,25498.4,0.8,-2634.2198,BUY,False,NONE,0.0,NONE,AGGRESSIVE_BUY
2019-03-13,2019,1309.1,NO_SWEEP,26808.7315,4428.2685,31237.0,-1.2995,22380.463,0.71647,4650.2381,BUY,False,NONE,0.0,NONE,AGGRESSIVE_BUY
2019-03-14,2019,1296.08,NO_SWEEP,4493.5162,29193.4838,33687.0,-0.7809,-24699.9676,-0.73322,4765.8638,SELL,False,NONE,0.0,NONE,AGGRESSIVE_SELL
2019-03-15,2019,1301.92,NO_SWEEP,24846.1673,8283.8327,33130.0,-0.8093,16562.3347,0.49992,3805.4249,BUY,False,NONE,0.0,NONE,AGGRESSIVE_BUY
2019-03-18,2019,1303.41,NO_SWEEP,21272.0705,7756.9295,29029.0,-1.6983,13515.141,0.46557,7742.5245,BUY,False,NONE,0.25,NONE,AGGRESSIVE_BUY
2019-03-19,2019,1306.41,NO_SWEEP,20918.3163,11921.6837,32840.0,-0.8872,8996.6326,0.27395,9978.3638,BUY,False,NONE,0.0,NONE,AGGRESSIVE_BUY
2019-03-20,2019,1312.34,BUY_SIDE_SWEEP,33494.7605,7175.2395,40670.0,0.6312,26319.5209,0.64715,8892.592,BUY,False,NONE,0.25,NONE,AGGRESSIVE_BUY
2019-03-21,2019,1309.28,NO_SWEEP,10105.6545,30444.3455,40550.0,0.7034,-20338.6911,-0.50157,8529.2292,SELL,False,NONE,0.25,NONE,AGGRESSIVE_SELL
2019-03-22,2019,1313.07,NO_SWEEP,35399.9194,6707.0806,42107.0,1.0276,28692.8389,0.68143,8928.534,BUY,False,NONE,0.35,NONE,AGGRESSIVE_BUY
2019-03-25,2019,1322.01,BUY_SIDE_SWEEP,31499.1093,4616.8907,36116.0,-0.1779,26882.2186,0.74433,9491.2535,BUY,False,NONE,0.0,NONE,AGGRESSIVE_BUY
2019-03-26,2019,1315.1,NO_SWEEP,5513.3528,28223.6472,33737.0,-0.6292,-22710.2943,-0.67316,9739.9626,SELL,False,NONE,0.0,NONE,AGGRESSIVE_SELL
2019-03-27,2019,1309.63,NO_SWEEP,4960.3027,44554.6973,49515.0,2.1761,-39594.3947,-0.79964,2720.3715,SELL,False,NONE,0.35,NONE,AGGRESSIVE_SELL
2019-03-28,2019,1289.87,SELL_SIDE_SWEEP,4059.9,36539.1,40599.0,0.5811,-32479.2,-0.8,-3028.9211,SELL,False,NONE,0.0,NONE,AGGRESSIVE_SELL
2019-03-29,2019,1292.16,NO_SWEEP,21571.2295,14681.7705,36253.0,-0.1747,6889.459,0.19004,-3292.3178,BUY,False,NONE,0.25,NONE,AGGRESSIVE_BUY
2019-04-01,2019,1287.3,NO_SWEEP,3581.8,32236.2,35818.0,-0.2205,-28654.4,-0.8,-10164.058,SELL,False,NONE,0.0,NONE,AGGRESSIVE_SELL
2019-04-02,2019,1292.34,NO_SWEEP,23251.5,2583.5,25835.0,-1.9107,20668.0,0.8,-5038.2216,BUY,False,NONE,0.0,NONE,AGGRESSIVE_BUY
2019-04-03,2019,1289.66,NO_SWEEP,4085.7845,23241.2155,27327.0,-1.4654,-19155.4311,-0.70097,-11019.2553,SELL,False,NONE,0.0,NONE,AGGRESSIVE_SELL
2019-04-04,2019,1292.38,NO_SWEEP,24803.1561,2828.8439,27632.0,-1.2673,21974.3121,0.79525,-11632.7436,BUY,False,NONE,0.25,NONE,AGGRESSIVE_BUY
2019-04-05,2019,1291.49,NO_SWEEP,14947.7222,12507.2778,27455.0,-1.1871,2440.4444,0.08889,-8488.9013,NEUTRAL,False,NONE,0.25,NONE,NEUTRAL
2019-04-08,2019,1297.49,NO_SWEEP,15104.308,8204.692,23309.0,-1.6822,6899.616,0.29601,-2677.1499,BUY,False,NONE,0.0,NONE,AGGRESSIVE_BUY
2019-04-09,2019,1303.9,NO_SWEEP,27661.1719,5428.8281,33090.0,-0.1439,22232.3438,0.67188,4161.793,BUY,False,NONE,0.0,NONE,AGGRESSIVE_BUY
2019-04-10,2019,1307.94,NO_SWEEP,27318.9133,6336.0867,33655.0,-0.0738,20982.8266,0.62347,5923.464,BUY,False,NONE,0.0,NONE,AGGRESSIVE_BUY
2019-04-11,2019,1292.26,NO_SWEEP,4041.0,36369.0,40410.0,0.928,-32328.0,-0.8,5464.264,SELL,False,NONE,0.0,NONE,AGGRESSIVE_SELL
2019-04-12,2019,1290.46,NO_SWEEP,3503.6,31532.4,35036.0,0.0759,-28028.8,-0.8,-622.836,SELL,False,NONE,0.25,NONE,AGGRESSIVE_SELL
2019-04-15,2019,1287.57,NO_SWEEP,11604.5008,18906.4992,30511.0,-0.647,-7301.9983,-0.23932,858.8431,SELL,False,NONE,0.0,NONE,AGGRESSIVE_SELL
2019-04-16,2019,1276.69,SELL_SIDE_SWEEP,6315.1055,31266.8945,37582.0,0.427,-24951.789,-0.66393,-5006.9196,SELL,False,NONE,0.0,NONE,AGGRESSIVE_SELL
2019-04-17,2019,1273.76,NO_SWEEP,3286.0,29574.0,32860.0,-0.2578,-26288.0,-0.8,-8597.9751,SELL,False,NONE,0.0,NONE,AGGRESSIVE_SELL
2019-04-18,2019,1275.47,NO_SWEEP,24091.0665,7302.9335,31394.0,-0.4281,16788.1329,0.53476,-7361.9105,BUY,False,NONE,0.25,NONE,AGGRESSIVE_BUY
2019-04-22,2019,1274.7,NO_SWEEP,2409.8388,19214.1612,21624.0,-1.7802,-16804.3224,-0.77711,-12241.4938,SELL,False,NONE,0.25,NONE,AGGRESSIVE_SELL
2019-04-23,2019,1272.1,NO_SWEEP,12359.3273,18306.6727,30666.0,-0.3222,-5947.3455,-0.19394,-15607.7653,SELL,False,NONE,0.25,NONE,AGGRESSIVE_SELL
2019-04-24,2019,1275.5,NO_SWEEP,25770.9897,7026.0103,32797.0,0.0202,18744.9793,0.57155,-9223.6429,BUY,False,NONE,0.25,NONE,AGGRESSIVE_BUY
2019-04-25,2019,1277.18,NO_SWEEP,20297.2858,13883.7142,34181.0,0.4493,6413.5716,0.18764,-4918.3464,BUY,False,NONE,0.25,NONE,AGGRESSIVE_BUY
2019-04-26,2019,1285.95,NO_SWEEP,33816.4408,5103.5592,38920.0,1.4375,28712.8815,0.73774,-416.4864,BUY,False,NONE,0.35,NONE,AGGRESSIVE_BUY
2019-04-29,2019,1279.49,NO_SWEEP,3618.206,26556.794,30175.0,-0.2764,-22938.588,-0.76019,-164.8363,SELL,False,NONE,0.0,NONE,AGGRESSIVE_SELL
2019-04-30,2019,1283.29,NO_SWEEP,24837.9372,11537.0628,36375.0,0.9923,13300.8744,0.36566,4783.773,BUY,False,NONE,0.0,NONE,AGGRESSIVE_BUY
2019-05-01,2019,1276.48,NO_SWEEP,7618.1583,35317.8417,42936.0,1.9969,-27699.6833,-0.64514,-777.204,SELL,False,NONE,0.35,NONE,AGGRESSIVE_SELL
2019-05-02,2019,1270.48,NO_SWEEP,9719.7301,28270.2699,37990.0,0.9588,-18550.5397,-0.4883,-995.4812,SELL,False,NONE,0.0,NONE,AGGRESSIVE_SELL
2019-05-03,2019,1278.97,NO_SWEEP,32719.3082,6829.6918,39549.0,1.1326,25889.6164,0.65462,2984.139,BUY,False,NONE,0.35,NONE,AGGRESSIVE_BUY
2019-05-06,2019,1280.2,NO_SWEEP,10329.5009,29562.4991,39892.0,1.0841,-19232.9982,-0.48213,-1763.1082,SELL,True,NONE,0.6,NONE,AGGRESSIVE_SELL
2019-05-07,2019,1284.28,NO_SWEEP,33716.3544,6187.6456,39904.0,1.0234,27528.7089,0.68987,876.284,BUY,False,NONE,0.35,NONE,AGGRESSIVE_BUY
2019-05-08,2019,1280.49,NO_SWEEP,4209.7,37887.3,42097.0,1.3252,-33677.6,-0.8,-6922.5262,SELL,True,NONE,0.6,NONE,AGGRESSIVE_SELL
2019-05-09,2019,1283.4,NO_SWEEP,28293.822,17923.178,46217.0,1.837,10370.6439,0.22439,-2758.8722,BUY,True,NONE,0.6,NONE,AGGRESSIVE_BUY
2019-05-10,2019,1285.66,NO_SWEEP,28373.6214,20116.3786,48490.0,1.972,8257.2428,0.17029,-3389.3262,NEUTRAL,True,NONE,0.6,NONE,NEUTRAL
2019-05-13,2019,1299.79,BUY_SIDE_SWEEP,40270.5,4474.5,44745.0,1.2285,35796.0,0.8,4547.6343,BUY,False,NONE,0.35,NONE,AGGRESSIVE_BUY
2019-05-14,2019,1296.76,NO_SWEEP,7425.2062,25249.7938,32675.0,-0.6999,-17824.5877,-0.54551,4638.3783,SELL,False,NONE,0.0,NONE,AGGRESSIVE_SELL
2019-05-15,2019,1296.35,NO_SWEEP,11589.2178,27090.7822,38680.0,0.2508,-15501.5643,-0.40076,-535.5193,SELL,False,NONE,0.25,NONE,AGGRESSIVE_SELL
2019-05-16,2019,1286.31,NO_SWEEP,4101.552,32832.448,36934.0,-0.0611,-28730.896,-0.7779,-1722.7566,SELL,False,NONE,0.0,NONE,AGGRESSIVE_SELL
2019-05-17,2019,1277.48,NO_SWEEP,5298.4793,33562.5207,38861.0,0.1945,-28264.0414,-0.72731,-8696.8503,SELL,False,NONE,0.0,NONE,AGGRESSIVE_SELL
2019-05-20,2019,1277.63,NO_SWEEP,16169.4337,14514.5663,30684.0,-1.465,1654.8674,0.05393,-4280.2919,NEUTRAL,False,NONE,0.25,NONE,NEUTRAL
2019-05-21,2019,1274.69,NO_SWEEP,12869.0783,16552.9217,29422.0,-1.6688,-3683.8433,-0.12521,-6037.1028,NEUTRAL,False,NONE,0.25,NONE,NEUTRAL
2019-05-22,2019,1273.41,NO_SWEEP,4041.4348,24413.5652,28455.0,-1.7146,-20372.1304,-0.71594,-9615.7745,SELL,False,NONE,0.25,NONE,AGGRESSIVE_SELL
2019-05-23,2019,1283.56,NO_SWEEP,35056.8541,7655.1459,42712.0,0.8028,27401.7082,0.64155,-10665.0609,BUY,False,NONE,0.0,NONE,AGGRESSIVE_BUY
2019-05-24,2019,1284.8,NO_SWEEP,28909.8,3212.2,32122.0,-1.0269,25697.6,0.8,-5224.7875,BUY,False,NONE,0.25,NONE,AGGRESSIVE_BUY
2019-05-27,2019,1284.95,NO_SWEEP,3708.9781,11842.0219,15551.0,-2.9566,-8133.0438,-0.52299,-4303.7224,SELL,False,NONE,0.25,NONE,AGGRESSIVE_SELL
2019-05-28,2019,1279.4,NO_SWEEP,8485.5122,29675.4878,38161.0,0.117,-21189.9756,-0.55528,-3361.1074,SELL,False,NONE,0.0,NONE,AGGRESSIVE_SELL
2019-05-29,2019,1280.2,NO_SWEEP,19088.7066,26445.2934,45534.0,1.0876,-7356.5869,-0.16156,-747.6755,NEUTRAL,True,NONE,0.6,NONE,NEUTRAL
2019-05-30,2019,1288.41,NO_SWEEP,33580.8,3731.2,37312.0,-0.0118,29849.6,0.8,2776.666,BUY,False,NONE,0.0,NONE,AGGRESSIVE_BUY
2019-05-31,2019,1305.13,BUY_SIDE_SWEEP,42335.1,4703.9,47039.0,1.1988,37631.2,0.8,7941.0464,BUY,False,NONE,0.35,NONE,AGGRESSIVE_BUY
2019-06-03,2019,1324.48,BUY_SIDE_SWEEP,45167.2641,5717.7359,50885.0,1.5255,39449.5282,0.77527,15418.7538,BUY,False,NONE,0.35,NONE,AGGRESSIVE_BUY
2019-06-04,2019,1325.59,NO_SWEEP,36922.541,13070.459,49993.0,1.2959,23852.0819,0.47711,14975.0505,BUY,True,NONE,0.6,NONE,AGGRESSIVE_BUY
2019-06-05,2019,1330.09,BUY_SIDE_SWEEP,32548.7639,32482.2361,65031.0,2.4256,66.5279,0.00102,11771.1665,NEUTRAL,True,NONE,0.6,NONE,NEUTRAL
2019-06-06,2019,1335.52,NO_SWEEP,42047.8137,13063.1863,55111.0,1.3639,28984.6274,0.52593,16410.8754,BUY,True,NONE,0.6,NONE,AGGRESSIVE_BUY
2019-06-07,2019,1340.24,NO_SWEEP,36176.0549,16307.9451,52484.0,1.0831,19868.1098,0.37856,21543.136,BUY,True,NONE,0.6,NONE,AGGRESSIVE_BUY
2019-06-10,2019,1327.84,NO_SWEEP,7477.4055,40496.5945,47974.0,0.6517,-33019.1889,-0.68827,18335.3108,SELL,False,NONE,0.0,NONE,AGGRESSIVE_SELL
2019-06-11,2019,1326.65,NO_SWEEP,22301.8769,24460.1231,46762.0,0.482,-2158.2462,-0.04615,14334.33,NEUTRAL,False,NONE,0.25,NONE,NEUTRAL
2019-06-12,2019,1333.23,NO_SWEEP,36041.0589,14772.9411,50814.0,0.7851,21268.1177,0.41855,12288.9447,BUY,False,NONE,0.0,NONE,AGGRESSIVE_BUY
2019-06-13,2019,1341.81,NO_SWEEP,39146.4,4349.6,43496.0,0.0974,34796.8,0.8,11707.3537,BUY,False,NONE,0.0,NONE,AGGRESSIVE_BUY
2019-06-14,2019,1340.82,NO_SWEEP,6581.6091,55461.3909,62043.0,1.5641,-48879.7819,-0.78784,2615.8707,SELL,True,NONE,0.6,NONE,AGGRESSIVE_SELL
2019-06-17,2019,1339.48,NO_SWEEP,21405.0769,27800.9231,49206.0,0.4095,-6395.8463,-0.12998,1808.074,NEUTRAL,False,NONE,0.25,NONE,NEUTRAL
2019-06-18,2019,1346.51,NO_SWEEP,46144.4846,25183.5154,71328.0,2.0058,20960.9692,0.29387,805.1167,BUY,False,NONE,0.35,NONE,AGGRESSIVE_BUY
2019-06-19,2019,1359.64,BUY_SIDE_SWEEP,65219.4,7246.6,72466.0,1.8472,57972.8,0.8,5568.203,BUY,False,NONE,0.35,NONE,AGGRESSIVE_BUY
2019-06-20,2019,1388.35,BUY_SIDE_SWEEP,91288.0494,10957.9506,102246.0,2.9323,80330.0988,0.78566,19736.8639,BUY,False,NONE,0.35,NONE,AGGRESSIVE_BUY
2019-06-21,2019,1398.68,BUY_SIDE_SWEEP,81226.5947,36956.4053,118183.0,2.8379,44270.1893,0.37459,25540.4184,BUY,False,NONE,0.35,NONE,AGGRESSIVE_BUY
2019-06-24,2019,1419.11,BUY_SIDE_SWEEP,70439.4,7826.6,78266.0,0.939,62612.8,0.8,30708.5036,BUY,False,NONE,0.0,NONE,AGGRESSIVE_BUY
2019-06-25,2019,1423.19,BUY_SIDE_SWEEP,77139.8537,53477.1463,130617.0,2.6756,23662.7073,0.18116,29316.7421,BUY,True,NONE,0.6,NONE,AGGRESSIVE_BUY
2019-06-26,2019,1408.67,NO_SWEEP,25903.6714,83329.3286,109233.0,1.5965,-57425.6573,-0.52572,28248.5076,SELL,False,NONE,0.35,NONE,AGGRESSIVE_SELL
2019-06-27,2019,1409.1,NO_SWEEP,64537.9471,11951.0529,76489.0,0.2932,52586.8942,0.68751,35621.3502,BUY,False,NONE,0.25,NONE,AGGRESSIVE_BUY
2019-06-28,2019,1409.91,NO_SWEEP,36772.5244,43528.4756,80301.0,0.3831,-6755.9513,-0.08413,32156.7351,NEUTRAL,False,NONE,0.25,NONE,NEUTRAL
2019-07-01,2019,1383.75,NO_SWEEP,9145.0,82305.0,91450.0,0.7462,-73160.0,-0.8,15765.1351,SELL,False,NONE,0.0,NONE,AGGRESSIVE_SELL
2019-07-02,2019,1418.0,NO_SWEEP,71341.2,7926.8,79268.0,0.2081,63414.4,0.8,13650.6728,BUY,False,NONE,0.0,NONE,AGGRESSIVE_BUY
2019-07-03,2019,1418.41,NO_SWEEP,17152.4447,80747.5553,97900.0,0.8821,-63595.1106,-0.64959,167.5103,SELL,False,NONE,0.25,NONE,AGGRESSIVE_SELL
2019-07-04,2019,1415.29,NO_SWEEP,11761.339,25619.661,37381.0,-1.4383,-13858.322,-0.37073,-9391.38,SELL,False,NONE,0.0,NONE,AGGRESSIVE_SELL
2019-07-05,2019,1398.09,NO_SWEEP,16487.2198,60625.7802,77113.0,0.0386,-44138.5604,-0.57239,-17866.5384,SELL,False,NONE,0.0,NONE,AGGRESSIVE_SELL
2019-07-08,2019,1395.28,NO_SWEEP,9343.5558,49424.4442,58768.0,-0.7136,-40080.8883,-0.68202,-15698.4423,SELL,False,NONE,0.25,NONE,AGGRESSIVE_SELL
2019-07-09,2019,1397.51,NO_SWEEP,45298.6369,6116.3631,51415.0,-1.0266,39182.2739,0.76208,-17374.0198,BUY,False,NONE,0.25,NONE,AGGRESSIVE_BUY
2019-07-10,2019,1417.87,NO_SWEEP,61497.9,6833.1,68331.0,-0.3904,54664.8,0.8,-9696.4259,BUY,False,NONE,0.0,NONE,AGGRESSIVE_BUY
2019-07-11,2019,1403.73,NO_SWEEP,6540.4,58863.6,65404.0,-0.5834,-52323.2,-0.8,-7091.8259,SELL,False,NONE,0.0,NONE,AGGRESSIVE_SELL
2019-07-12,2019,1414.83,NO_SWEEP,47821.1922,5446.8078,53268.0,-1.0718,42374.3843,0.79549,-9721.8279,BUY,False,NONE,0.0,NONE,AGGRESSIVE_BUY
2019-07-15,2019,1413.7,NO_SWEEP,16883.6298,31196.3702,48080.0,-1.2865,-14312.7405,-0.29769,-3561.5316,SELL,False,NONE,0.25,NONE,AGGRESSIVE_SELL
2019-07-16,2019,1405.82,NO_SWEEP,11223.3395,43489.6605,54713.0,-0.9485,-32266.3211,-0.58974,-5862.5315,SELL,False,NONE,0.0,NONE,AGGRESSIVE_SELL
2019-07-17,2019,1426.21,NO_SWEEP,46391.4,5154.6,51546.0,-1.0096,41236.8,0.8,4809.3885,BUY,False,NONE,0.0,NONE,AGGRESSIVE_BUY
2019-07-18,2019,1445.65,BUY_SIDE_SWEEP,70628.4,7847.6,78476.0,0.1319,62780.8,0.8,17667.0996,BUY,False,NONE,0.0,NONE,AGGRESSIVE_BUY
2019-07-19,2019,1424.96,NO_SWEEP,9455.9734,82251.0266,91707.0,0.7955,-72795.0532,-0.79378,3669.9337,SELL,False,NONE,0.0,NONE,AGGRESSIVE_SELL
2019-07-22,2019,1424.67,NO_SWEEP,13733.9462,47726.0538,61460.0,-0.5213,-33992.1077,-0.55308,-7412.1798,SELL,False,NONE,0.25,NONE,AGGRESSIVE_SELL
2019-07-23,2019,1417.6,NO_SWEEP,9355.5775,52578.4225,61934.0,-0.427,-43222.845,-0.69789,-6274.6354,SELL,False,NONE,0.0,NONE,AGGRESSIVE_SELL
2019-07-24,2019,1425.11,NO_SWEEP,44822.1752,13587.8248,58410.0,-0.5501,31234.3505,0.53474,-7667.1396,BUY,False,NONE,0.0,NONE,AGGRESSIVE_BUY
2019-07-25,2019,1414.11,NO_SWEEP,7076.5,63688.5,70765.0,0.2455,-56612.0,-0.8,-12954.5471,SELL,False,NONE,0.0,NONE,AGGRESSIVE_SELL
2019-07-26,2019,1418.31,NO_SWEEP,28590.6276,18921.3724,47512.0,-1.1063,9669.2551,0.20351,-7712.6,BUY,False,NONE,0.25,NONE,AGGRESSIVE_BUY
2019-07-29,2019,1426.62,NO_SWEEP,33003.0,3667.0,36670.0,-1.615,29336.0,0.8,-9200.2,BUY,False,NONE,0.0,NONE,AGGRESSIVE_BUY
2019-07-30,2019,1430.61,NO_SWEEP,37595.8984,7468.1016,45064.0,-0.9868,30127.7967,0.66856,-13281.8255,BUY,False,NONE,0.0,NONE,AGGRESSIVE_BUY
2019-07-31,2019,1412.23,NO_SWEEP,7526.4,67737.6,75264.0,1.1185,-60211.2,-0.8,-11708.8438,SELL,False,NONE,0.35,NONE,AGGRESSIVE_SELL
2019-08-01,2019,1444.89,NO_SWEEP,82718.1,9190.9,91909.0,2.0167,73527.2,0.8,1731.0697,BUY,False,NONE,0.35,NONE,AGGRESSIVE_BUY
2019-08-02,2019,1440.32,NO_SWEEP,43705.725,66103.275,109809.0,2.5872,-22397.55,-0.20397,4334.2315,SELL,True,NONE,0.6,NONE,AGGRESSIVE_SELL
2019-08-05,2019,1463.72,BUY_SIDE_SWEEP,97036.3858,14126.6142,111163.0,2.1827,82909.7716,0.74584,10793.6592,BUY,False,NONE,0.35,NONE,AGGRESSIVE_BUY
2019-08-06,2019,1474.27,BUY_SIDE_SWEEP,88272.9,9808.1,98081.0,1.3744,78464.8,0.8,27678.2592,BUY,False,NONE,0.35,NONE,AGGRESSIVE_BUY
2019-08-07,2019,1501.25,BUY_SIDE_SWEEP,111985.7185,22387.2815,134373.0,2.4331,89598.4371,0.66679,37669.4069,BUY,False,NONE,0.35,NONE,AGGRESSIVE_BUY
2019-08-08,2019,1500.88,NO_SWEEP,69803.4509,31296.5491,101100.0,1.0313,38506.9018,0.38088,38815.7696,BUY,True,NONE,0.6,NONE,AGGRESSIVE_BUY
2019-08-09,2019,1497.02,NO_SWEEP,10608.5582,78128.4418,88737.0,0.4971,-67519.8836,-0.7609,26609.8096,SELL,False,NONE,0.0,NONE,AGGRESSIVE_SELL
2019-08-12,2019,1511.72,BUY_SIDE_SWEEP,63496.4047,13613.5953,77110.0,-0.0072,49882.8094,0.6469,40371.5608,BUY,False,NONE,0.0,NONE,AGGRESSIVE_BUY
2019-08-13,2019,1501.35,NO_SWEEP,33141.7646,87920.2354,121062.0,1.5378,-54778.4708,-0.45248,24333.3519,SELL,True,NONE,0.6,NONE,AGGRESSIVE_SELL
2019-08-14,2019,1516.18,NO_SWEEP,99401.3498,22064.6502,121466.0,1.3914,77336.6995,0.63669,36800.1331,BUY,False,NONE,0.35,NONE,AGGRESSIVE_BUY
2019-08-15,2019,1523.42,NO_SWEEP,117838.1172,17560.8828,135399.0,1.6688,100277.2343,0.74061,38971.066,BUY,True,NONE,0.6,NONE,AGGRESSIVE_BUY
2019-08-16,2019,1512.1,NO_SWEEP,21379.4771,66388.5229,87768.0,0.035,-45009.0459,-0.51282,23536.8352,SELL,False,NONE,0.0,NONE,AGGRESSIVE_SELL
2019-08-19,2019,1495.79,NO_SWEEP,7750.1,69750.9,77501.0,-0.3525,-62000.8,-0.8,4586.9306,SELL,False,NONE,0.0,NONE,AGGRESSIVE_SELL
2019-08-20,2019,1507.36,NO_SWEEP,57193.2,6354.8,63548.0,-0.8467,50838.4,0.8,6128.3679,BUY,False,NONE,0.0,NONE,AGGRESSIVE_BUY
2019-08-21,2019,1502.31,NO_SWEEP,21729.2866,39509.7134,61239.0,-0.9374,-17780.4269,-0.29034,12345.8,SELL,False,NONE,0.0,NONE,AGGRESSIVE_SELL
2019-08-22,2019,1498.16,NO_SWEEP,21855.6478,44185.3522,66041.0,-0.7551,-22329.7045,-0.33812,3319.2357,SELL,False,NONE,0.25,NONE,AGGRESSIVE_SELL
2019-08-23,2019,1526.25,NO_SWEEP,88610.4,9845.6,98456.0,0.3097,78764.8,0.8,20012.1446,BUY,False,NONE,0.0,NONE,AGGRESSIVE_BUY
2019-08-26,2019,1527.38,NO_SWEEP,12796.6,115169.4,127966.0,1.3187,-102372.8,-0.8,-2451.5429,SELL,False,NONE,0.35,NONE,AGGRESSIVE_SELL
2019-08-27,2019,1542.63,NO_SWEEP,75304.8,8367.2,83672.0,-0.5675,66937.6,0.8,-6618.9972,BUY,False,NONE,0.0,NONE,AGGRESSIVE_BUY
2019-08-28,2019,1541.01,NO_SWEEP,65024.5886,24157.4114,89182.0,-0.3632,40867.1771,0.45824,4115.5307,BUY,False,NONE,0.25,NONE,AGGRESSIVE_BUY
2019-08-29,2019,1526.87,NO_SWEEP,17929.4391,89333.5609,107263.0,0.4122,-71404.1218,-0.66569,2940.1155,SELL,False,NONE,0.0,NONE,AGGRESSIVE_SELL
2019-08-30,2019,1520.55,NO_SWEEP,14466.0391,77901.9609,92368.0,-0.2163,-63435.9219,-0.68677,-11344.1747,SELL,False,NONE,0.0,NONE,AGGRESSIVE_SELL
2019-09-02,2019,1528.96,NO_SWEEP,23717.2682,26896.7318,50614.0,-1.8024,-3179.4636,-0.06282,-9519.0543,NEUTRAL,False,NONE,0.25,NONE,NEUTRAL
2019-09-03,2019,1548.7,NO_SWEEP,90649.8,10072.2,100722.0,0.2664,80577.6,0.8,3344.3587,BUY,False,NONE,0.0,NONE,AGGRESSIVE_BUY
2019-09-04,2019,1552.6,NO_SWEEP,82976.3797,12635.6203,95612.0,0.1462,70340.7593,0.73569,2291.3536,BUY,False,NONE,0.25,NONE,AGGRESSIVE_BUY
2019-09-05,2019,1518.89,NO_SWEEP,19599.8263,83492.1737,103092.0,0.4751,-63892.3473,-0.61976,7101.4102,SELL,False,NONE,0.0,NONE,AGGRESSIVE_SELL
2019-09-06,2019,1506.38,NO_SWEEP,11809.9282,97530.0718,109340.0,0.6991,-85720.1436,-0.78398,-11980.8077,SELL,False,NONE,0.0,NONE,AGGRESSIVE_SELL
2019-09-09,2019,1498.81,SELL_SIDE_SWEEP,8160.7,73446.3,81607.0,-0.5359,-65285.6,-0.8,-25249.9049,SELL,False,NONE,0.25,NONE,AGGRESSIVE_SELL
2019-09-10,2019,1485.77,SELL_SIDE_SWEEP,8741.1,78669.9,87411.0,-0.2122,-69928.8,-0.8,-25065.4896,SELL,False,NONE,0.0,NONE,AGGRESSIVE_SELL
2019-09-11,2019,1496.52,NO_SWEEP,59682.6,6631.4,66314.0,-1.0785,53051.2,0.8,-10504.5994,BUY,False,NONE,0.0,NONE,AGGRESSIVE_BUY
2019-09-12,2019,1498.97,NO_SWEEP,46518.6458,47199.3542,93718.0,0.3536,-680.7084,-0.00726,-10192.255,NEUTRAL,False,NONE,0.25,NONE,NEUTRAL
2019-09-13,2019,1488.55,NO_SWEEP,7332.9,65996.1,73329.0,-0.6996,-58663.2,-0.8,-27597.355,SELL,False,NONE,0.0,NONE,AGGRESSIVE_SELL
2019-09-16,2019,1498.4,NO_SWEEP,9366.7491,75293.2509,84660.0,-0.1152,-65926.5018,-0.77872,-44630.7626,SELL,False,NONE,0.25,NONE,AGGRESSIVE_SELL
2019-09-17,2019,1501.32,NO_SWEEP,47651.549,19751.451,67403.0,-1.0635,27900.0981,0.41393,-33156.707,BUY,False,NONE,0.25,NONE,AGGRESSIVE_BUY
2019-09-18,2019,1493.24,NO_SWEEP,16424.2355,48847.7645,65272.0,-1.2074,-32423.529,-0.49674,-26494.6301,SELL,False,NONE,0.25,NONE,AGGRESSIVE_SELL
2019-09-19,2019,1498.47,NO_SWEEP,54243.7502,20016.2498,74260.0,-0.7515,34227.5003,0.46091,-14055.4926,BUY,False,NONE,0.0,NONE,AGGRESSIVE_BUY
2019-09-20,2019,1516.27,NO_SWEEP,54656.1,6072.9,60729.0,-1.3509,48583.2,0.8,758.5074,BUY,False,NONE,0.0,NONE,AGGRESSIVE_BUY
2019-09-23,2019,1522.12,NO_SWEEP,56370.0824,15245.9176,71616.0,-0.7069,41124.1648,0.57423,-732.372,BUY,False,NONE,0.0,NONE,AGGRESSIVE_BUY
2019-09-24,2019,1531.17,BUY_SIDE_SWEEP,65349.9501,12031.0499,77381.0,-0.3254,53318.9002,0.68904,6017.5791,BUY,False,NONE,0.0,NONE,AGGRESSIVE_BUY
2019-09-25,2019,1503.64,NO_SWEEP,8460.4,76143.6,84604.0,0.1403,-67683.2,-0.8,4890.0791,SELL,False,NONE,0.0,NONE,AGGRESSIVE_SELL
2019-09-26,2019,1504.56,NO_SWEEP,41244.8638,33553.1362,74798.0,-0.3973,7691.7277,0.10283,14092.3578,NEUTRAL,False,NONE,0.25,NONE,NEUTRAL
2019-09-27,2019,1496.61,NO_SWEEP,29223.6988,58141.3012,87365.0,0.4642,-28917.6024,-0.331,6990.1452,SELL,False,NONE,0.0,NONE,AGGRESSIVE_SELL
2019-09-30,2019,1472.29,SELL_SIDE_SWEEP,13101.886,72577.114,85679.0,0.2611,-59475.228,-0.69416,3608.6828,SELL,False,NONE,0.0,NONE,AGGRESSIVE_SELL
2019-10-01,2019,1479.38,NO_SWEEP,73673.2758,17748.7242,91422.0,0.7627,55924.5516,0.61172,6320.8142,BUY,False,NONE,0.25,NONE,AGGRESSIVE_BUY
2019-10-02,2019,1499.92,NO_SWEEP,80045.1684,10579.8316,90625.0,0.7326,69465.3368,0.76651,8931.0813,BUY,False,NONE,0.0,NONE,AGGRESSIVE_BUY
2019-10-03,2019,1504.83,NO_SWEEP,52828.5538,40234.4462,93063.0,1.0272,12594.1075,0.13533,5364.8242,NEUTRAL,True,NONE,0.6,NONE,NEUTRAL
2019-10-04,2019,1504.5,NO_SWEEP,27299.2002,61017.7998,88317.0,0.8393,-33718.5997,-0.38179,-5514.8633,SELL,False,NONE,0.25,NONE,AGGRESSIVE_SELL
2019-10-07,2019,1493.27,NO_SWEEP,15084.602,71438.398,86523.0,0.6278,-56353.7961,-0.65132,-4098.6878,SELL,False,NONE,0.0,NONE,AGGRESSIVE_SELL
2019-10-08,2019,1505.48,NO_SWEEP,94174.6959,13799.3041,107974.0,2.2954,80375.3918,0.7444,4986.7702,BUY,False,NONE,0.35,NONE,AGGRESSIVE_BUY
2019-10-09,2019,1505.42,NO_SWEEP,27047.9754,59170.0246,86218.0,0.3557,-32122.0491,-0.37257,4586.2143,SELL,False,NONE,0.25,NONE,AGGRESSIVE_SELL
2019-10-10,2019,1493.39,NO_SWEEP,11549.9,103949.1,115499.0,2.4515,-92399.2,-0.8,470.7178,SELL,False,NONE,0.35,NONE,AGGRESSIVE_SELL
2019-10-11,2019,1487.93,NO_SWEEP,39726.2466,78641.7534,118368.0,2.1931,-38915.5068,-0.32877,-11384.2895,SELL,True,NONE,0.6,NONE,AGGRESSIVE_SELL
2019-10-14,2019,1493.03,NO_SWEEP,60121.1561,14787.8439,74909.0,-0.6738,45333.3122,0.60518,-14400.7925,BUY,False,NONE,0.0,NONE,AGGRESSIVE_BUY
2019-10-15,2019,1481.0,NO_SWEEP,10799.1627,74509.8373,85309.0,-0.0472,-63710.6747,-0.74682,-23938.8903,SELL,False,NONE,0.0,NONE,AGGRESSIVE_SELL
2019-10-16,2019,1489.52,NO_SWEEP,82682.1,9186.9,91869.0,0.3288,73495.2,0.8,-10537.1653,BUY,False,NONE,0.0,NONE,AGGRESSIVE_BUY
2019-10-17,2019,1492.23,NO_SWEEP,60733.7366,20798.2634,81532.0,-0.4542,39935.4732,0.48981,1498.9933,BUY,False,NONE,0.25,NONE,AGGRESSIVE_BUY
2019-10-18,2019,1489.93,NO_SWEEP,27576.506,44442.494,72019.0,-1.2857,-16865.988,-0.23419,-10656.1792,SELL,False,NONE,0.25,NONE,AGGRESSIVE_SELL
2019-10-21,2019,1484.06,NO_SWEEP,9911.4624,63834.5376,73746.0,-1.1696,-53923.0752,-0.7312,-13381.3074,SELL,False,NONE,0.0,NONE,AGGRESSIVE_SELL
2019-10-22,2019,1487.77,NO_SWEEP,62850.6,6983.4,69834.0,-1.4039,55867.2,0.8,5151.9926,BUY,False,NONE,0.0,NONE,AGGRESSIVE_BUY
2019-10-23,2019,1491.75,NO_SWEEP,41511.4846,23781.5154,65293.0,-1.5704,17729.9691,0.27154,12232.6771,BUY,False,NONE,0.0,NONE,AGGRESSIVE_BUY
2019-10-24,2019,1502.9,NO_SWEEP,61176.6,6797.4,67974.0,-1.3162,54379.2,0.8,13363.413,BUY,False,NONE,0.0,NONE,AGGRESSIVE_BUY
2019-10-25,2019,1504.16,BUY_SIDE_SWEEP,34018.0873,42358.9127,76377.0,-0.6779,-8340.8254,-0.10921,20284.6442,NEUTRAL,True,SELL,0.65,BUY_BREAKOUT_ABSORBED,ICEBERG_SELL
2019-10-28,2019,1492.54,NO_SWEEP,7695.2359,69130.7641,76826.0,-0.6098,-61435.5283,-0.79967,3418.3032,SELL,False,NONE,0.0,NONE,AGGRESSIVE_SELL
2019-10-29,2019,1487.9,NO_SWEEP,20536.0058,52517.9942,73054.0,-0.796,-31981.9884,-0.43779,-5571.3795,SELL,False,NONE,0.25,NONE,AGGRESSIVE_SELL
2019-10-30,2019,1495.6,NO_SWEEP,67101.3,7455.7,74557.0,-0.6351,59645.6,0.8,3992.569,BUY,False,NONE,0.0,NONE,AGGRESSIVE_BUY
2019-10-31,2019,1512.13,NO_SWEEP,63114.3,7012.7,70127.0,-0.8488,56101.6,0.8,17745.6534,BUY,False,NONE,0.0,NONE,AGGRESSIVE_BUY
2019-11-01,2019,1513.9,NO_SWEEP,64036.8727,8659.1273,72696.0,-0.6206,55377.7455,0.76177,17684.4716,BUY,False,NONE,0.25,NONE,AGGRESSIVE_BUY
2019-11-04,2019,1509.48,NO_SWEEP,21019.1503,39911.8497,60931.0,-1.2637,-18892.6993,-0.31007,13106.638,SELL,False,NONE,0.25,NONE,AGGRESSIVE_SELL
2019-11-05,2019,1483.78,NO_SWEEP,8977.132,77953.868,86931.0,0.4989,-68976.736,-0.79347,-2312.854,SELL,False,NONE,0.0,NONE,AGGRESSIVE_SELL
2019-11-06,2019,1490.14,NO_SWEEP,52869.2856,17522.7144,70392.0,-0.5859,35346.5711,0.50214,3148.0706,BUY,False,NONE,0.0,NONE,AGGRESSIVE_BUY
2019-11-07,2019,1468.52,SELL_SIDE_SWEEP,17892.87,82798.13,100691.0,1.739,-64905.26,-0.6446,2714.3541,SELL,False,NONE,0.35,NONE,AGGRESSIVE_SELL
2019-11-08,2019,1458.72,SELL_SIDE_SWEEP,9084.1361,74519.8639,83604.0,0.7761,-65435.7278,-0.78269,-1467.3633,SELL,False,NONE,0.0,NONE,AGGRESSIVE_SELL
2019-11-11,2019,1455.65,SELL_SIDE_SWEEP,18008.5667,44455.4333,62464.0,-1.3723,-26446.8666,-0.42339,-12228.9216,SELL,False,NONE,0.25,NONE,AGGRESSIVE_SELL
2019-11-12,2019,1456.3,NO_SWEEP,71432.307,16840.693,88273.0,1.2449,54591.614,0.61844,-12417.6699,BUY,True,NONE,0.6,NONE,AGGRESSIVE_BUY
2019-11-13,2019,1463.26,NO_SWEEP,62790.9081,21233.0919,84024.0,0.9001,41557.8162,0.49459,-14145.1611,BUY,False,NONE,0.0,NONE,AGGRESSIVE_BUY
2019-11-14,2019,1470.97,NO_SWEEP,64649.7227,14763.2773,79413.0,0.4231,49886.4454,0.62819,-5547.768,BUY,False,NONE,0.0,NONE,AGGRESSIVE_BUY
2019-11-15,2019,1467.37,NO_SWEEP,24750.5593,38469.4407,63220.0,-1.2176,-13718.8814,-0.217,1359.4639,SELL,False,NONE,0.0,NONE,AGGRESSIVE_SELL
2019-11-18,2019,1470.78,NO_SWEEP,57567.4562,8120.5438,65688.0,-0.9019,49446.9124,0.75275,3122.0065,BUY,False,NONE,0.25,NONE,AGGRESSIVE_BUY
2019-11-19,2019,1472.31,NO_SWEEP,57176.5125,13804.4875,70981.0,-0.3741,43372.0249,0.61104,16656.6671,BUY,False,NONE,0.25,NONE,AGGRESSIVE_BUY
2019-11-20,2019,1471.05,NO_SWEEP,22556.465,57659.535,80216.0,0.4941,-35103.0701,-0.43761,20448.2494,SELL,False,NONE,0.25,NONE,AGGRESSIVE_SELL
2019-11-21,2019,1464.32,NO_SWEEP,9079.4407,75547.5593,84627.0,0.8594,-66468.1186,-0.78542,15445.5929,SELL,False,NONE,0.0,NONE,AGGRESSIVE_SELL
2019-11-22,2019,1461.81,NO_SWEEP,6981.9,62837.1,69819.0,-0.6206,-55855.2,-0.8,1639.7411,SELL,False,NONE,0.25,NONE,AGGRESSIVE_SELL
2019-11-25,2019,1454.94,NO_SWEEP,5852.7,52674.3,58527.0,-1.5638,-46821.6,-0.8,-9407.6859,SELL,False,NONE,0.0,NONE,AGGRESSIVE_SELL
2019-11-26,2019,1461.3,NO_SWEEP,50084.1,5564.9,55649.0,-1.6286,44519.2,0.8,-10078.5916,BUY,False,NONE,0.0,NONE,AGGRESSIVE_BUY
2019-11-27,2019,1453.93,NO_SWEEP,6361.1514,50741.8486,57103.0,-1.3534,-44380.6972,-0.7772,-13911.3186,SELL,False,NONE,0.0,NONE,AGGRESSIVE_SELL
2019-11-28,2019,1455.74,NO_SWEEP,8571.5,23203.5,31775.0,-2.6408,-14632.0,-0.46049,-21921.1826,SELL,False,NONE,0.25,NONE,AGGRESSIVE_SELL
2019-11-29,2019,1463.83,NO_SWEEP,41499.2715,6703.7285,48203.0,-1.3872,34795.543,0.72185,-22993.2429,BUY,False,NONE,0.0,NONE,AGGRESSIVE_BUY
2019-12-02,2019,1462.45,NO_SWEEP,54096.7084,11426.2916,65523.0,-0.3078,42670.4168,0.65123,-13271.557,BUY,False,NONE,0.25,NONE,AGGRESSIVE_BUY
2019-12-03,2019,1477.32,NO_SWEEP,56652.5928,9271.4072,65924.0,-0.2217,47381.1856,0.71872,959.606,BUY,False,NONE,0.0,NONE,AGGRESSIVE_BUY
2019-12-04,2019,1474.33,NO_SWEEP,13137.3512,66593.6488,79731.0,0.6457,-53456.2976,-0.67046,1259.4688,SELL,False,NONE,0.25,NONE,AGGRESSIVE_SELL
2019-12-05,2019,1475.76,NO_SWEEP,39517.5585,29422.4415,68940.0,0.0551,10095.1171,0.14643,8374.0585,NEUTRAL,False,NONE,0.25,NONE,NEUTRAL
2019-12-06,2019,1459.53,NO_SWEEP,6332.8,56995.2,63328.0,-0.2898,-50662.4,-0.8,-3523.6415,SELL,False,NONE,0.0,NONE,AGGRESSIVE_SELL
2019-12-09,2019,1461.71,NO_SWEEP,28989.4847,17090.5153,46080.0,-1.4469,11898.9694,0.25822,3511.3168,BUY,False,NONE,0.0,NONE,AGGRESSIVE_BUY
2019-12-10,2019,1464.35,NO_SWEEP,41902.2512,24183.7488,66086.0,0.0645,17718.5024,0.26811,7555.1296,BUY,False,NONE,0.25,NONE,AGGRESSIVE_BUY
2019-12-11,2019,1474.72,NO_SWEEP,52094.7128,11274.2872,63369.0,-0.0681,40820.4255,0.64417,8308.2399,BUY,False,NONE,0.0,NONE,AGGRESSIVE_BUY
2019-12-12,2019,1469.4,NO_SWEEP,13624.0067,66911.9933,80536.0,1.3098,-53287.9867,-0.66167,-3686.5605,SELL,True,NONE,0.6,NONE,AGGRESSIVE_SELL
2019-12-13,2019,1475.44,NO_SWEEP,82350.1877,10192.8123,92543.0,1.9345,72157.3754,0.77972,-589.5368,BUY,False,NONE,0.35,NONE,AGGRESSIVE_BUY
2019-12-16,2019,1475.9,NO_SWEEP,32958.159,22810.841,55769.0,-0.6749,10147.318,0.18195,7360.9152,BUY,False,NONE,0.25,NONE,AGGRESSIVE_BUY
2019-12-17,2019,1475.99,NO_SWEEP,27983.1648,27374.8352,55358.0,-0.6442,608.3297,0.01099,6175.0667,NEUTRAL,False,NONE,0.25,NONE,NEUTRAL
2019-12-18,2019,1475.45,NO_SWEEP,20447.6076,30599.3924,51047.0,-0.8583,-10151.7849,-0.19887,11238.8936,SELL,False,NONE,0.25,NONE,AGGRESSIVE_SELL
2019-12-19,2019,1478.7,NO_SWEEP,37514.6102,12078.3898,49593.0,-0.8774,25436.2204,0.5129,12931.05,BUY,False,NONE,0.0,NONE,AGGRESSIVE_BUY
2019-12-20,2019,1477.93,NO_SWEEP,12979.4583,31521.5417,44501.0,-1.1376,-18542.0833,-0.41667,8398.4768,SELL,False,NONE,0.25,NONE,AGGRESSIVE_SELL
2019-12-23,2019,1485.38,NO_SWEEP,39890.7,4432.3,44323.0,-1.0655,35458.4,0.8,7728.2236,BUY,False,NONE,0.0,NONE,AGGRESSIVE_BUY
2019-12-24,2019,1498.99,BUY_SIDE_SWEEP,35656.2,3961.8,39618.0,-1.2862,31694.4,0.8,18351.0219,BUY,False,NONE,0.0,NONE,AGGRESSIVE_BUY
2019-12-26,2019,1511.04,BUY_SIDE_SWEEP,38187.9293,4404.0707,42592.0,-1.0061,33783.8585,0.7932,13554.3323,BUY,False,NONE,0.0,NONE,AGGRESSIVE_BUY
2019-12-27,2019,1510.63,NO_SWEEP,15859.3433,38312.6567,54172.0,-0.3381,-22453.3134,-0.41448,9479.2534,SELL,False,NONE,0.25,NONE,AGGRESSIVE_SELL
2019-12-30,2019,1514.96,NO_SWEEP,49297.3447,8339.6553,57637.0,-0.1242,40957.6894,0.71061,14522.9233,BUY,False,NONE,0.0,NONE,AGGRESSIVE_BUY
2019-12-31,2019,1520.46,BUY_SIDE_SWEEP,35504.8486,16127.1514,51632.0,-0.5122,19377.6973,0.3753,18214.1086,BUY,False,NONE,0.0,NONE,AGGRESSIVE_BUY
2020-01-02,2020,1528.77,BUY_SIDE_SWEEP,47864.7774,7659.2226,55524.0,-0.1909,40205.5549,0.72411,20060.2754,BUY,False,NONE,0.0,NONE,AGGRESSIVE_BUY
2020-01-03,2020,1551.44,BUY_SIDE_SWEEP,85539.6,9504.4,95044.0,2.3897,76035.2,0.8,31882.4358,BUY,False,NONE,0.35,NONE,AGGRESSIVE_BUY
2020-01-06,2020,1565.63,BUY_SIDE_SWEEP,19154.0987,99566.9013,118721.0,2.8792,-80412.8026,-0.67733,17398.5355,SELL,False,NONE,0.35,NONE,AGGRESSIVE_SELL
2020-01-07,2020,1573.24,NO_SWEEP,83667.4646,12423.5354,96091.0,1.5523,71243.9293,0.74142,22342.2267,BUY,False,NONE,0.35,NONE,AGGRESSIVE_BUY
2020-01-08,2020,1556.36,NO_SWEEP,15687.8,141190.2,156878.0,3.0302,-125502.4,-0.8,2431.4444,SELL,True,NONE,0.6,NONE,AGGRESSIVE_SELL
2020-01-09,2020,1552.08,NO_SWEEP,34667.3496,53251.6504,87919.0,0.6207,-18584.3007,-0.21138,2915.0709,SELL,False,NONE,0.25,NONE,AGGRESSIVE_SELL
2020-01-10,2020,1561.76,NO_SWEEP,70839.9,7871.1,78711.0,0.2817,62968.8,0.8,5666.4598,BUY,False,NONE,0.0,NONE,AGGRESSIVE_BUY
2020-01-13,2020,1548.34,NO_SWEEP,7277.7,65499.3,72777.0,0.0937,-58221.6,-0.8,-4033.4524,SELL,False,NONE,0.0,NONE,AGGRESSIVE_SELL
2020-01-14,2020,1546.25,NO_SWEEP,47559.917,37550.083,85110.0,0.5305,10009.834,0.11761,-7807.9175,NEUTRAL,False,NONE,0.25,NONE,NEUTRAL
2020-01-15,2020,1556.22,NO_SWEEP,65183.3206,8445.6794,73629.0,0.1065,56737.6412,0.77059,-10220.1124,BUY,False,NONE,0.0,NONE,AGGRESSIVE_BUY
2020-01-16,2020,1552.46,NO_SWEEP,20349.1556,45058.8444,65408.0,-0.1958,-24709.6889,-0.37778,-3257.2231,SELL,False,NONE,0.25,NONE,AGGRESSIVE_SELL
2020-01-17,2020,1556.83,NO_SWEEP,47932.4313,16673.5687,64606.0,-0.25,31258.8626,0.48384,-8255.3565,BUY,False,NONE,0.0,NONE,AGGRESSIVE_BUY
2020-01-20,2020,1560.5,NO_SWEEP,23608.2421,7735.7579,31344.0,-1.3404,15872.4842,0.5064,9416.5041,BUY,False,NONE,0.25,NONE,AGGRESSIVE_BUY
2020-01-21,2020,1557.91,NO_SWEEP,30891.7151,53835.2849,84727.0,0.4112,-22943.5699,-0.27079,8871.5954,SELL,False,NONE,0.25,NONE,AGGRESSIVE_SELL
2020-01-22,2020,1558.6,NO_SWEEP,61771.5,6863.5,68635.0,-0.1914,54908.0,0.8,7863.9954,BUY,False,NONE,0.25,NONE,AGGRESSIVE_BUY
2020-01-23,2020,1562.8,NO_SWEEP,62559.5727,17926.4273,80486.0,0.1624,44633.1455,0.55455,20720.8386,BUY,False,NONE,0.25,NONE,AGGRESSIVE_BUY
2020-01-24,2020,1570.9,BUY_SIDE_SWEEP,66866.9964,14843.0036,81710.0,0.1411,52023.9928,0.63669,25972.6084,BUY,False,NONE,0.0,NONE,AGGRESSIVE_BUY
2020-01-27,2020,1581.88,BUY_SIDE_SWEEP,67157.0677,37939.9323,105097.0,0.9408,29217.1354,0.278,22532.5452,BUY,False,NONE,0.25,NONE,AGGRESSIVE_BUY
2020-01-28,2020,1567.78,NO_SWEEP,8305.7,74751.3,83057.0,0.0471,-66445.6,-0.8,17315.5563,SELL,False,NONE,0.0,NONE,AGGRESSIVE_SELL
2020-01-29,2020,1577.11,NO_SWEEP,65194.2,7243.8,72438.0,-0.4238,57950.4,0.8,20651.9985,BUY,False,NONE,0.0,NONE,AGGRESSIVE_BUY
2020-01-30,2020,1573.85,NO_SWEEP,9670.2,87031.8,96702.0,0.4892,-77361.6,-0.8,8997.738,SELL,False,NONE,0.25,NONE,AGGRESSIVE_SELL
2020-01-31,2020,1588.83,BUY_SIDE_SWEEP,87764.4,9751.6,97516.0,0.5167,78012.8,0.8,21617.2842,BUY,False,NONE,0.0,NONE,AGGRESSIVE_BUY
2020-02-03,2020,1576.3,NO_SWEEP,19690.6056,71349.3944,91040.0,0.3213,-51658.7887,-0.56743,8296.4356,SELL,False,NONE,0.0,NONE,AGGRESSIVE_SELL
2020-02-04,2020,1552.74,NO_SWEEP,8102.9,72926.1,81029.0,-0.0843,-64823.2,-0.8,-5385.6076,SELL,False,NONE,0.0,NONE,AGGRESSIVE_SELL
2020-02-05,2020,1556.41,NO_SWEEP,60684.7485,23534.2515,84219.0,0.3249,37150.497,0.44112,-7244.7945,BUY,False,NONE,0.25,NONE,AGGRESSIVE_BUY
2020-02-06,2020,1566.46,NO_SWEEP,63990.0,7110.0,71100.0,-0.4886,56880.0,0.8,-3786.9365,BUY,False,NONE,0.0,NONE,AGGRESSIVE_BUY
2020-02-07,2020,1570.0,NO_SWEEP,77878.8436,19828.1564,97707.0,1.1686,58050.6872,0.59413,11775.0994,BUY,True,NONE,0.6,NONE,AGGRESSIVE_BUY
2020-02-10,2020,1571.87,NO_SWEEP,43457.5607,28679.4393,72137.0,-0.4626,14778.1213,0.20486,6378.5646,BUY,False,NONE,0.25,NONE,AGGRESSIVE_BUY
2020-02-11,2020,1567.63,NO_SWEEP,24797.5462,50457.4538,75255.0,-0.2327,-25659.9077,-0.34097,12841.2761,SELL,False,NONE,0.0,NONE,AGGRESSIVE_SELL
2020-02-12,2020,1565.73,NO_SWEEP,20460.6381,45344.3619,65805.0,-0.8007,-24883.7239,-0.37814,-20.7893,SELL,False,NONE,0.25,NONE,AGGRESSIVE_SELL
2020-02-13,2020,1575.98,NO_SWEEP,69909.1264,10290.8736,80200.0,0.0616,59618.2527,0.74337,13888.8408,BUY,False,NONE,0.0,NONE,AGGRESSIVE_BUY
2020-02-14,2020,1583.69,NO_SWEEP,54247.5,6027.5,60275.0,-1.1865,48220.0,0.8,28019.2408,BUY,False,NONE,0.0,NONE,AGGRESSIVE_BUY
2020-02-17,2020,1580.86,NO_SWEEP,8737.9552,21879.0448,30617.0,-3.04,-13141.0897,-0.42921,21732.7925,SELL,False,NONE,0.25,NONE,AGGRESSIVE_SELL
2020-02-18,2020,1601.35,BUY_SIDE_SWEEP,69034.1137,9297.8863,78332.0,-0.0212,59736.2273,0.7626,22089.8209,BUY,False,NONE,0.0,NONE,AGGRESSIVE_BUY
2020-02-19,2020,1611.34,BUY_SIDE_SWEEP,73688.4,8187.6,81876.0,0.1622,65500.8,0.8,23021.085,BUY,False,NONE,0.0,NONE,AGGRESSIVE_BUY
2020-02-20,2020,1619.26,BUY_SIDE_SWEEP,88668.9765,16553.0235,105222.0,1.4776,72115.9529,0.68537,30188.314,BUY,False,NONE,0.35,NONE,AGGRESSIVE_BUY
2020-02-21,2020,1643.73,BUY_SIDE_SWEEP,100623.9492,14641.0508,115265.0,1.8021,85982.8984,0.74596,44143.6647,BUY,False,NONE,0.35,NONE,AGGRESSIVE_BUY
2020-02-24,2020,1658.5,BUY_SIDE_SWEEP,21823.6854,134344.3146,156168.0,2.9729,-112520.6293,-0.72051,33189.0516,SELL,True,SELL,1.0,BUY_BREAKOUT_ABSORBED,ICEBERG_SELL
2020-02-25,2020,1635.26,NO_SWEEP,37598.7273,138952.2727,176551.0,2.7884,-101353.5454,-0.57408,13067.5768,SELL,False,NONE,0.35,NONE,AGGRESSIVE_SELL
2020-02-26,2020,1640.5,NO_SWEEP,107570.3987,54119.6013,161690.0,1.9546,53450.7975,0.33058,13721.4265,BUY,True,NONE,0.6,NONE,AGGRESSIVE_BUY
2020-02-27,2020,1644.23,NO_SWEEP,90100.6855,73329.3145,163430.0,1.7486,16771.3709,0.10262,17460.4841,NEUTRAL,True,NONE,0.6,NONE,NEUTRAL
2020-02-28,2020,1584.7,NO_SWEEP,32813.7778,153509.2222,186323.0,1.9897,-120695.4443,-0.64778,-5093.4749,SELL,False,NONE,0.35,NONE,AGGRESSIVE_SELL
2020-03-02,2020,1589.75,NO_SWEEP,100144.2967,71425.7033,171570.0,1.461,28718.5933,0.16739,-9691.2507,NEUTRAL,True,NONE,0.6,NONE,NEUTRAL
2020-03-03,2020,1639.48,NO_SWEEP,129555.1769,16835.8231,146391.0,0.8213,112719.3538,0.76999,-4615.8256,BUY,False,NONE,0.0,NONE,AGGRESSIVE_BUY
2020-03-04,2020,1635.73,NO_SWEEP,15989.2056,108241.7944,124231.0,0.2922,-92252.5887,-0.74259,-26895.2615,SELL,False,NONE,0.25,NONE,AGGRESSIVE_SELL
2020-03-05,2020,1671.58,NO_SWEEP,108915.3,12101.7,121017.0,0.1694,96813.6,0.8,-728.4829,BUY,False,NONE,0.0,NONE,AGGRESSIVE_BUY
2020-03-06,2020,1674.06,NO_SWEEP,123368.8669,41522.1331,164891.0,1.0541,81846.7338,0.49637,22171.552,BUY,True,NONE,0.6,NONE,AGGRESSIVE_BUY
2020-03-09,2020,1678.15,NO_SWEEP,47899.9379,103969.0621,151869.0,0.6899,-56069.1242,-0.36919,8481.5618,SELL,False,NONE,0.0,NONE,AGGRESSIVE_SELL
2020-03-10,2020,1649.37,NO_SWEEP,26417.0879,116922.9121,143340.0,0.4343,-90505.8243,-0.63141,-4928.0876,SELL,False,NONE,0.0,NONE,AGGRESSIVE_SELL
2020-03-11,2020,1636.63,NO_SWEEP,12833.4,115500.6,128334.0,0.0228,-102667.2,-0.8,-2674.557,SELL,False,NONE,0.0,NONE,AGGRESSIVE_SELL
2020-03-12,2020,1578.63,NO_SWEEP,22407.3614,136367.6386,158775.0,0.6713,-113960.2772,-0.71775,-20509.4158,SELL,False,NONE,0.0,NONE,AGGRESSIVE_SELL
2020-03-13,2020,1529.78,SELL_SIDE_SWEEP,36275.3584,155873.6416,192149.0,1.372,-119598.2831,-0.62242,-49549.1205,SELL,False,NONE,0.35,NONE,AGGRESSIVE_SELL
2020-03-16,2020,1509.09,NO_SWEEP,79509.2906,139605.7094,219115.0,2.0479,-60096.4188,-0.27427,-45529.5992,SELL,True,NONE,0.6,NONE,AGGRESSIVE_SELL
2020-03-17,2020,1527.8,NO_SWEEP,165546.8465,43005.1535,208552.0,1.6234,122541.6931,0.58758,-42313.5876,BUY,True,NONE,0.6,NONE,AGGRESSIVE_BUY
2020-03-18,2020,1484.63,NO_SWEEP,22874.4613,169277.5387,192152.0,1.0814,-146403.0773,-0.76191,-70844.814,SELL,False,NONE,0.35,NONE,AGGRESSIVE_SELL
2020-03-19,2020,1474.34,NO_SWEEP,30740.7728,106402.2272,137143.0,-0.844,-75661.4545,-0.5517,-73293.8553,SELL,False,NONE,0.25,NONE,AGGRESSIVE_SELL
2020-03-20,2020,1498.64,NO_SWEEP,79368.983,25281.017,104650.0,-1.9135,54087.9661,0.51685,-55219.6315,BUY,False,NONE,0.0,NONE,AGGRESSIVE_BUY
2020-03-23,2020,1552.39,NO_SWEEP,99241.2,11026.8,110268.0,-1.5373,88214.4,0.8,-31359.4315,BUY,False,NONE,0.0,NONE,AGGRESSIVE_BUY
2020-03-24,2020,1625.33,NO_SWEEP,66984.3,7442.7,74427.0,-2.1999,59541.6,0.8,-9671.6968,BUY,False,NONE,0.0,NONE,AGGRESSIVE_BUY
2020-03-25,2020,1616.35,NO_SWEEP,21797.4355,42081.5645,63879.0,-2.0767,-20284.1289,-0.31754,2742.5725,SELL,False,NONE,0.25,NONE,AGGRESSIVE_SELL
2020-03-26,2020,1628.93,NO_SWEEP,41109.7214,11600.2786,52710.0,-1.981,29509.4429,0.55985,13943.3052,BUY,False,NONE,0.25,NONE,AGGRESSIVE_BUY
2020-03-27,2020,1622.55,NO_SWEEP,20554.5026,37465.4974,58020.0,-1.637,-16910.9948,-0.29147,-3488.2808,SELL,False,NONE,0.0,NONE,AGGRESSIVE_SELL
2020-03-30,2020,1620.31,NO_SWEEP,40294.1434,24942.8566,65237.0,-1.3284,15351.2867,0.23532,16731.0147,BUY,False,NONE,0.25,NONE,AGGRESSIVE_BUY
2020-03-31,2020,1576.78,NO_SWEEP,8374.9,75374.1,83749.0,-0.8744,-66999.2,-0.8,17813.7965,SELL,False,NONE,0.0,NONE,AGGRESSIVE_SELL
2020-04-01,2020,1591.26,NO_SWEEP,57975.4496,14387.5504,72363.0,-1.0203,43587.8991,0.60235,16501.2881,BUY,False,NONE,0.0,NONE,AGGRESSIVE_BUY
2020-04-02,2020,1611.66,NO_SWEEP,84149.2125,15881.7875,100031.0,-0.4625,68267.425,0.68246,14007.9163,BUY,False,NONE,0.0,NONE,AGGRESSIVE_BUY
2020-04-03,2020,1615.7,NO_SWEEP,43923.2535,24545.7465,68469.0,-0.9681,19377.507,0.28301,8987.4046,BUY,False,NONE,0.25,NONE,AGGRESSIVE_BUY
2020-04-06,2020,1658.19,BUY_SIDE_SWEEP,82306.8,12625.2,94932.0,-0.4118,69681.6,0.73402,20233.1207,BUY,False,NONE,0.0,NONE,AGGRESSIVE_BUY
2020-04-07,2020,1647.94,NO_SWEEP,14385.7778,98894.2222,113280.0,-0.0315,-84508.4444,-0.74601,5980.8848,SELL,False,NONE,0.0,NONE,AGGRESSIVE_SELL
2020-04-08,2020,1645.4,NO_SWEEP,12344.8209,58243.1791,70588.0,-0.7882,-45898.3581,-0.65023,2357.4644,SELL,False,NONE,0.25,NONE,AGGRESSIVE_SELL
2020-04-09,2020,1683.56,BUY_SIDE_SWEEP,90548.824,10427.176,100976.0,-0.1584,80121.6481,0.79347,10453.7596,BUY,False,NONE,0.0,NONE,AGGRESSIVE_BUY
2020-04-13,2020,1711.98,BUY_SIDE_SWEEP,66620.5686,13036.4314,79657.0,-0.4953,53584.1373,0.67269,25526.6767,BUY,False,NONE,0.0,NONE,AGGRESSIVE_BUY
2020-04-14,2020,1726.54,BUY_SIDE_SWEEP,75980.888,45774.112,121755.0,0.57,30206.776,0.24809,23854.0363,BUY,False,NONE,0.0,NONE,AGGRESSIVE_BUY
2020-04-15,2020,1716.5,NO_SWEEP,27160.3697,74766.6303,101927.0,0.2708,-47606.2605,-0.46706,9369.8257,SELL,False,NONE,0.0,NONE,AGGRESSIVE_SELL
2020-04-16,2020,1718.38,NO_SWEEP,64494.8485,55644.1515,120139.0,1.301,8850.697,0.07367,8053.9744,NEUTRAL,True,NONE,0.6,NONE,NEUTRAL
2020-04-17,2020,1682.14,NO_SWEEP,12613.6,113522.4,126136.0,1.6526,-100908.8,-0.8,-13269.8256,SELL,False,NONE,0.35,NONE,AGGRESSIVE_SELL
2020-04-20,2020,1695.28,NO_SWEEP,124710.4557,24955.5443,149666.0,2.2563,99754.9115,0.66652,9763.0939,BUY,False,NONE,0.35,NONE,AGGRESSIVE_BUY
2020-04-21,2020,1683.54,NO_SWEEP,69550.5099,90326.4901,159877.0,2.2281,-20775.9802,-0.12995,12903.3911,NEUTRAL,True,NONE,0.6,NONE,NEUTRAL
2020-04-22,2020,1714.87,NO_SWEEP,87274.8,9697.2,96972.0,0.0667,77577.6,0.8,12585.3851,BUY,False,NONE,0.0,NONE,AGGRESSIVE_BUY
2020-04-23,2020,1730.31,NO_SWEEP,110181.5498,25270.4502,135452.0,1.244,84911.0996,0.62687,16501.2554,BUY,False,NONE,0.35,NONE,AGGRESSIVE_BUY
2020-04-24,2020,1726.41,NO_SWEEP,53836.3563,70703.6437,124540.0,0.7936,-16867.2874,-0.13544,10616.9975,NEUTRAL,False,NONE,0.25,NONE,NEUTRAL
2020-04-27,2020,1714.94,NO_SWEEP,35877.9885,86861.0115,122739.0,0.6515,-50983.0229,-0.41538,10194.9022,SELL,False,NONE,0.25,NONE,AGGRESSIVE_SELL
2020-04-28,2020,1707.65,NO_SWEEP,55232.5657,65351.4343,120584.0,0.4939,-10118.8686,-0.08392,7823.7065,NEUTRAL,False,NONE,0.25,NONE,NEUTRAL
2020-04-29,2020,1712.89,NO_SWEEP,102632.7403,20732.2597,123365.0,0.5354,81900.4807,0.66389,30674.8666,BUY,False,NONE,0.25,NONE,AGGRESSIVE_BUY
2020-04-30,2020,1685.98,NO_SWEEP,13153.0,118377.0,131530.0,0.7847,-105224.0,-0.8,5052.5026,SELL,False,NONE,0.0,NONE,AGGRESSIVE_SELL
2020-05-01,2020,1699.6,NO_SWEEP,129592.1343,17198.8657,146791.0,1.287,112393.2687,0.76567,21698.6587,BUY,False,NONE,0.35,NONE,AGGRESSIVE_BUY
2020-05-04,2020,1701.0,NO_SWEEP,54289.1609,36109.8391,90399.0,-1.1563,18179.3218,0.2011,14273.874,BUY,False,NONE,0.25,NONE,AGGRESSIVE_BUY
2020-05-05,2020,1704.71,NO_SWEEP,72111.4893,21413.5107,93525.0,-1.0119,50697.9786,0.54208,9997.2339,BUY,False,NONE,0.25,NONE,AGGRESSIVE_BUY
2020-05-06,2020,1685.19,NO_SWEEP,9065.0494,77012.9506,86078.0,-1.2288,-67947.9012,-0.78938,3612.1571,SELL,False,NONE,0.0,NONE,AGGRESSIVE_SELL
2020-05-07,2020,1715.25,NO_SWEEP,81408.1741,11624.8259,93033.0,-1.0566,69783.3482,0.75009,18707.9535,BUY,False,NONE,0.0,NONE,AGGRESSIVE_BUY
2020-05-08,2020,1702.09,NO_SWEEP,11234.0,101106.0,112340.0,-0.2065,-89872.0,-0.8,8738.8121,SELL,False,NONE,0.0,NONE,AGGRESSIVE_SELL
2020-05-11,2020,1697.64,NO_SWEEP,23724.1624,88711.8376,112436.0,-0.301,-64987.6752,-0.578,-9622.2074,SELL,False,NONE,0.25,NONE,AGGRESSIVE_SELL
2020-05-12,2020,1702.26,NO_SWEEP,66037.1715,35684.8285,101722.0,-0.7741,30352.343,0.29839,7324.8355,BUY,False,NONE,0.25,NONE,AGGRESSIVE_BUY
2020-05-13,2020,1715.3,NO_SWEEP,120173.7581,13593.2419,133767.0,0.7246,106580.5162,0.79676,6598.2414,BUY,False,NONE,0.0,NONE,AGGRESSIVE_BUY
2020-05-14,2020,1730.06,BUY_SIDE_SWEEP,102480.3471,21665.6529,124146.0,0.2406,80814.6943,0.65096,14427.663,BUY,False,NONE,0.0,NONE,AGGRESSIVE_BUY
2020-05-15,2020,1741.85,BUY_SIDE_SWEEP,101467.2065,43127.7935,144595.0,1.161,58339.4131,0.40347,15382.8423,BUY,False,NONE,0.35,NONE,AGGRESSIVE_BUY
2020-05-18,2020,1732.2,NO_SWEEP,14565.1,131085.9,145651.0,1.2364,-116520.8,-0.8,9311.23,SELL,False,NONE,0.35,NONE,AGGRESSIVE_SELL
2020-05-19,2020,1744.24,NO_SWEEP,132773.9432,17811.0568,150585.0,1.557,114962.8863,0.76344,14958.6722,BUY,False,NONE,0.35,NONE,AGGRESSIVE_BUY
2020-05-20,2020,1747.21,NO_SWEEP,72363.2062,48469.7938,120833.0,0.0066,23893.4123,0.19774,29179.3488,BUY,False,NONE,0.25,NONE,AGGRESSIVE_BUY
2020-05-21,2020,1726.76,NO_SWEEP,27093.2365,99878.7635,126972.0,0.3514,-72785.527,-0.57324,28204.6173,SELL,False,NONE,0.0,NONE,AGGRESSIVE_SELL
2020-05-22,2020,1735.45,NO_SWEEP,78953.5889,20365.4111,99319.0,-1.0082,58588.1778,0.5899,31734.0966,BUY,False,NONE,0.0,NONE,AGGRESSIVE_BUY
2020-05-25,2020,1728.22,NO_SWEEP,25629.2063,39088.7937,64718.0,-2.2536,-13459.5874,-0.20797,16729.0837,SELL,False,NONE,0.25,NONE,AGGRESSIVE_SELL
2020-05-26,2020,1710.31,NO_SWEEP,11209.4,100884.6,112094.0,-0.1579,-89675.2,-0.8,-4582.1531,SELL,False,NONE,0.0,NONE,AGGRESSIVE_SELL
2020-05-27,2020,1709.57,NO_SWEEP,45498.498,45661.502,91160.0,-0.9825,-163.004,-0.00179,-11894.9553,NEUTRAL,False,NONE,0.25,NONE,NEUTRAL
2020-05-28,2020,1718.68,NO_SWEEP,63358.9821,28009.0179,91368.0,-0.8822,35349.9641,0.3869,7088.8903,BUY,False,NONE,0.0,NONE,AGGRESSIVE_BUY
2020-05-29,2020,1730.41,NO_SWEEP,68445.8866,17577.1134,86023.0,-1.0138,50868.7732,0.59134,-922.8739,BUY,False,NONE,0.0,NONE,AGGRESSIVE_BUY
2020-06-01,2020,1739.48,NO_SWEEP,69273.2478,17238.7522,86512.0,-0.9761,52034.4955,0.60147,2594.7615,BUY,False,NONE,0.25,NONE,AGGRESSIVE_BUY
2020-06-02,2020,1727.45,NO_SWEEP,15024.9748,68005.0252,83030.0,-1.0836,-52980.0504,-0.63808,5070.4461,SELL,False,NONE,0.0,NONE,AGGRESSIVE_SELL
2020-06-03,2020,1698.26,NO_SWEEP,14556.3527,83190.6473,97747.0,-0.4868,-68634.2945,-0.70216,-10832.3629,SELL,False,NONE,0.0,NONE,AGGRESSIVE_SELL
2020-06-04,2020,1712.8,NO_SWEEP,67292.7856,22751.2144,90044.0,-0.8124,44541.5712,0.49466,-3582.2181,BUY,False,NONE,0.0,NONE,AGGRESSIVE_BUY
2020-06-05,2020,1684.3,SELL_SIDE_SWEEP,22824.5164,85049.4836,107874.0,-0.0285,-62224.9672,-0.57683,-150.939,SELL,False,NONE,0.0,NONE,AGGRESSIVE_SELL
2020-06-08,2020,1698.39,NO_SWEEP,77631.3,8625.7,86257.0,-0.8922,69005.6,0.8,8495.1365,BUY,False,NONE,0.0,NONE,AGGRESSIVE_BUY
2020-06-09,2020,1714.16,NO_SWEEP,79872.4331,15505.5669,95378.0,-0.4882,64366.8662,0.67486,12122.2492,BUY,False,NONE,0.0,NONE,AGGRESSIVE_BUY
2020-06-10,2020,1737.83,NO_SWEEP,87489.9,9721.1,97211.0,-0.344,77768.8,0.8,15484.7526,BUY,False,NONE,0.0,NONE,AGGRESSIVE_BUY
2020-06-11,2020,1728.56,NO_SWEEP,24881.7125,89019.2875,113901.0,0.4142,-64137.5751,-0.5631,963.2438,SELL,False,NONE,0.0,NONE,AGGRESSIVE_SELL
2020-06-12,2020,1730.57,NO_SWEEP,57790.1365,41423.8635,99214.0,-0.1495,16366.273,0.16496,9631.5342,NEUTRAL,False,NONE,0.25,NONE,NEUTRAL
2020-06-15,2020,1725.24,NO_SWEEP,56252.607,57918.393,114171.0,0.735,-1665.7861,-0.01459,18002.5978,NEUTRAL,False,NONE,0.25,NONE,NEUTRAL
2020-06-16,2020,1726.41,NO_SWEEP,73922.7715,27892.2285,101815.0,0.2469,46030.5429,0.4521,18188.7192,BUY,False,NONE,0.25,NONE,AGGRESSIVE_BUY
2020-06-17,2020,1726.19,NO_SWEEP,63027.3022,12041.6978,75069.0,-1.476,50985.6044,0.67918,32340.0407,BUY,False,NONE,0.25,NONE,AGGRESSIVE_BUY
2020-06-18,2020,1722.48,NO_SWEEP,14388.5542,66125.4458,80514.0,-1.0415,-51736.8917,-0.64258,17247.2292,SELL,False,NONE,0.25,NONE,AGGRESSIVE_SELL
2020-06-19,2020,1742.26,NO_SWEEP,66888.0,7432.0,74320.0,-1.3677,59456.0,0.8,16633.3709,BUY,False,NONE,0.0,NONE,AGGRESSIVE_BUY
2020-06-22,2020,1754.55,BUY_SIDE_SWEEP,66201.043,27826.957,94028.0,0.0122,38374.086,0.40811,11709.0317,BUY,False,NONE,0.25,NONE,AGGRESSIVE_BUY
2020-06-23,2020,1766.95,BUY_SIDE_SWEEP,80425.8745,11100.1255,91526.0,-0.1229,69325.749,0.75744,28391.9472,BUY,False,NONE,0.0,NONE,AGGRESSIVE_BUY
2020-06-24,2020,1761.28,NO_SWEEP,9748.0,87732.0,97480.0,0.396,-77984.0,-0.8,16598.1631,SELL,False,NONE,0.0,NONE,AGGRESSIVE_SELL
2020-06-25,2020,1763.63,NO_SWEEP,59057.3793,21788.6207,80846.0,-1.054,37268.7586,0.46098,21464.9812,BUY,False,NONE,0.25,NONE,AGGRESSIVE_BUY
2020-06-26,2020,1769.57,NO_SWEEP,69663.6,7740.4,77404.0,-1.2767,61923.2,0.8,23451.5633,BUY,False,NONE,0.25,NONE,AGGRESSIVE_BUY
2020-06-29,2020,1772.6,NO_SWEEP,51919.4053,13120.5947,65040.0,-2.0093,38798.8106,0.59654,21928.2141,BUY,False,NONE,0.25,NONE,AGGRESSIVE_BUY
2020-06-30,2020,1780.54,BUY_SIDE_SWEEP,53090.7134,11487.2866,64578.0,-1.8136,41603.4268,0.64424,33595.7539,BUY,False,NONE,0.0,NONE,AGGRESSIVE_BUY
2020-07-01,2020,1769.84,NO_SWEEP,20685.4909,62401.5091,83087.0,-0.4536,-41716.0182,-0.50208,20949.2516,SELL,False,NONE,0.0,NONE,AGGRESSIVE_SELL
2020-07-02,2020,1774.97,NO_SWEEP,61707.1121,10119.8879,71827.0,-1.1454,51587.2242,0.71821,22600.8939,BUY,False,NONE,0.25,NONE,AGGRESSIVE_BUY
2020-07-03,2020,1774.9,NO_SWEEP,10625.3189,19461.6811,30087.0,-2.9137,-8836.3622,-0.29369,12830.63,SELL,False,NONE,0.0,NONE,AGGRESSIVE_SELL
2020-07-06,2020,1784.25,NO_SWEEP,53610.2389,6782.7611,60393.0,-1.1817,46827.4778,0.77538,28432.0647,BUY,False,NONE,0.0,NONE,AGGRESSIVE_BUY
2020-07-07,2020,1794.6,BUY_SIDE_SWEEP,64689.3,7187.7,71877.0,-0.5327,57501.6,0.8,30961.1699,BUY,False,NONE,0.0,NONE,AGGRESSIVE_BUY
2020-07-08,2020,1808.45,BUY_SIDE_SWEEP,52279.317,17528.683,69808.0,-0.5728,34750.6339,0.4978,27564.5991,BUY,False,NONE,0.0,NONE,AGGRESSIVE_BUY
2020-07-09,2020,1802.32,NO_SWEEP,18105.0747,58700.9253,76806.0,-0.1234,-40595.8507,-0.52855,17640.2665,SELL,False,NONE,0.25,NONE,AGGRESSIVE_SELL
2020-07-10,2020,1798.57,NO_SWEEP,12234.5962,50404.4038,62639.0,-0.8333,-38169.8077,-0.60936,7668.6122,SELL,False,NONE,0.25,NONE,AGGRESSIVE_SELL
2020-07-13,2020,1802.27,NO_SWEEP,35852.0909,35285.9091,71138.0,-0.2542,566.1818,0.00796,12953.8872,NEUTRAL,False,NONE,0.25,NONE,NEUTRAL
2020-07-14,2020,1808.99,NO_SWEEP,72458.1,8050.9,80509.0,0.4673,64407.2,0.8,14556.3841,BUY,False,NONE,0.25,NONE,AGGRESSIVE_BUY
2020-07-15,2020,1809.97,NO_SWEEP,46994.5292,18447.4708,65442.0,-0.5669,28547.0583,0.43622,19229.3117,BUY,False,NONE,0.25,NONE,AGGRESSIVE_BUY
2020-07-16,2020,1796.84,NO_SWEEP,6358.1,57222.9,63581.0,-0.6359,-50864.8,-0.8,7017.777,SELL,False,NONE,0.0,NONE,AGGRESSIVE_SELL
2020-07-17,2020,1809.68,NO_SWEEP,43460.1,4828.9,48289.0,-1.5191,38631.2,0.8,4658.977,BUY,False,NONE,0.0,NONE,AGGRESSIVE_BUY
2020-07-20,2020,1817.21,NO_SWEEP,58589.4761,10818.5239,69408.0,-0.0478,47770.9521,0.68826,6286.5167,BUY,False,NONE,0.0,NONE,AGGRESSIVE_BUY
2020-07-21,2020,1841.48,BUY_SIDE_SWEEP,76154.4,8461.6,84616.0,1.0785,67692.8,0.8,19822.5981,BUY,False,NONE,0.35,NONE,AGGRESSIVE_BUY
2020-07-22,2020,1871.22,BUY_SIDE_SWEEP,113419.8,12602.2,126022.0,3.1253,100817.6,0.8,37196.024,BUY,False,NONE,0.35,NONE,AGGRESSIVE_BUY
2020-07-23,2020,1885.97,BUY_SIDE_SWEEP,103292.2593,34393.7407,137686.0,2.8018,68898.5185,0.5004,45737.5661,BUY,True,NONE,0.6,NONE,AGGRESSIVE_BUY
2020-07-24,2020,1901.63,BUY_SIDE_SWEEP,84176.4196,13162.5804,97339.0,0.9591,71013.8393,0.72955,46563.396,BUY,False,NONE,0.0,NONE,AGGRESSIVE_BUY
2020-07-27,2020,1940.96,BUY_SIDE_SWEEP,123624.0,13736.0,137360.0,2.1913,109888.0,0.8,56731.0137,BUY,False,NONE,0.35,NONE,AGGRESSIVE_BUY
2020-07-28,2020,1957.98,BUY_SIDE_SWEEP,127243.2191,35411.7809,162655.0,2.4564,91831.4382,0.56458,74568.0435,BUY,True,NONE,0.6,NONE,AGGRESSIVE_BUY
2020-07-29,2020,1970.82,NO_SWEEP,91195.7182,19523.2818,110719.0,0.788,71672.4364,0.64734,78698.1981,BUY,False,NONE,0.25,NONE,AGGRESSIVE_BUY
2020-07-30,2020,1957.54,NO_SWEEP,49589.0605,75185.9395,124775.0,1.104,-25596.8789,-0.20514,69527.2192,SELL,False,NONE,0.35,NONE,AGGRESSIVE_SELL
2020-07-31,2020,1975.02,NO_SWEEP,96758.5937,27092.4063,123851.0,0.9919,69666.1875,0.5625,69773.8926,BUY,False,NONE,0.0,NONE,AGGRESSIVE_BUY
2020-08-03,2020,1975.98,NO_SWEEP,41415.5251,51601.4749,93017.0,-0.0277,-10185.9497,-0.10951,55898.4489,NEUTRAL,False,NONE,0.25,NONE,NEUTRAL
2020-08-04,2020,2018.53,BUY_SIDE_SWEEP,89887.5,9987.5,99875.0,0.1502,79900.0,0.8,57273.6341,BUY,False,NONE,0.0,NONE,AGGRESSIVE_BUY
2020-08-05,2020,2038.96,BUY_SIDE_SWEEP,114740.9507,38610.0493,153351.0,1.6583,76130.9014,0.49645,57913.2669,BUY,False,NONE,0.35,NONE,AGGRESSIVE_BUY
2020-08-06,2020,2063.25,BUY_SIDE_SWEEP,117997.0958,17428.9042,135426.0,1.0023,100568.1916,0.74261,56748.2908,BUY,False,NONE,0.35,NONE,AGGRESSIVE_BUY
2020-08-07,2020,2033.15,NO_SWEEP,39338.3546,148724.6454,188063.0,2.1729,-109386.2908,-0.58165,31596.0747,SELL,False,NONE,0.35,NONE,AGGRESSIVE_SELL
2020-08-10,2020,2027.61,NO_SWEEP,66322.5209,68233.4791,134556.0,0.6332,-1910.9582,-0.0142,22398.1504,NEUTRAL,False,NONE,0.25,NONE,NEUTRAL
2020-08-11,2020,1912.57,NO_SWEEP,19846.8,178621.2,198468.0,2.0312,-158774.4,-0.8,5750.9602,SELL,False,NONE,0.35,NONE,AGGRESSIVE_SELL
2020-08-12,2020,1918.98,NO_SWEEP,146268.5265,47640.4735,193909.0,1.6957,98628.0529,0.50863,9371.1934,BUY,True,NONE,0.6,NONE,AGGRESSIVE_BUY
2020-08-13,2020,1953.64,NO_SWEEP,130114.0289,25489.9711,155604.0,0.6849,104624.0577,0.67237,23722.4443,BUY,False,NONE,0.0,NONE,AGGRESSIVE_BUY
2020-08-14,2020,1943.57,NO_SWEEP,35809.7475,98977.2525,134787.0,0.0495,-63167.505,-0.46865,5839.0062,SELL,False,NONE,0.25,NONE,AGGRESSIVE_SELL
2020-08-17,2020,1984.43,NO_SWEEP,123669.0,13741.0,137410.0,0.0298,109928.0,0.8,10063.6435,BUY,False,NONE,0.0,NONE,AGGRESSIVE_BUY
2020-08-18,2020,2002.22,NO_SWEEP,114069.4756,35105.5244,149175.0,0.3256,78963.9511,0.52934,7363.1135,BUY,False,NONE,0.0,NONE,AGGRESSIVE_BUY
2020-08-19,2020,1927.66,NO_SWEEP,16887.7,151989.3,168877.0,0.9137,-135101.6,-0.8,4148.6998,SELL,False,NONE,0.0,NONE,AGGRESSIVE_SELL
2020-08-20,2020,1946.17,NO_SWEEP,134716.7275,35193.2725,169910.0,0.8764,99523.4551,0.58574,16828.0015,BUY,False,NONE,0.0,NONE,AGGRESSIVE_BUY
2020-08-21,2020,1938.98,NO_SWEEP,65025.7508,84804.2492,149830.0,0.1326,-19778.4983,-0.13201,34202.4892,NEUTRAL,False,NONE,0.25,NONE,NEUTRAL
2020-08-24,2020,1928.38,NO_SWEEP,13180.2,118621.8,131802.0,-0.4931,-105441.6,-0.8,8693.7826,SELL,False,NONE,0.25,NONE,AGGRESSIVE_SELL
2020-08-25,2020,1926.87,NO_SWEEP,50103.3058,81420.6942,131524.0,-0.4499,-31317.3885,-0.23811,-8298.8982,SELL,False,NONE,0.25,NONE,AGGRESSIVE_SELL
2020-08-26,2020,1953.14,NO_SWEEP,121185.0,13465.0,134650.0,-0.395,107720.0,0.8,13062.0399,BUY,False,NONE,0.0,NONE,AGGRESSIVE_BUY
2020-08-27,2020,1928.32,NO_SWEEP,30948.2929,128290.7071,159239.0,0.4462,-97342.4142,-0.6113,-12846.7618,SELL,False,NONE,0.0,NONE,AGGRESSIVE_SELL
2020-08-28,2020,1964.34,NO_SWEEP,129001.0672,19363.9328,148365.0,-0.001,109637.1343,0.73897,-9012.614,BUY,False,NONE,0.0,NONE,AGGRESSIVE_BUY
2020-08-31,2020,1968.22,NO_SWEEP,43759.4784,55931.5216,99691.0,-1.8965,-12172.0432,-0.1221,6353.5806,NEUTRAL,False,NONE,0.25,NONE,NEUTRAL
2020-09-01,2020,1970.63,NO_SWEEP,52800.1144,58103.8856,110904.0,-1.5406,-5303.7711,-0.04782,-6749.8226,NEUTRAL,False,NONE,0.25,NONE,NEUTRAL
2020-09-02,2020,1943.08,NO_SWEEP,21218.4337,94670.5663,115889.0,-1.2159,-73452.1325,-0.63381,-13459.0269,SELL,False,NONE,0.0,NONE,AGGRESSIVE_SELL
2020-09-03,2020,1930.45,NO_SWEEP,25390.2302,96307.7698,121698.0,-0.9475,-70917.5396,-0.58273,-9143.5193,SELL,False,NONE,0.0,NONE,AGGRESSIVE_SELL
2020-09-04,2020,1933.09,NO_SWEEP,81450.5121,40681.4879,122132.0,-0.8474,40769.0241,0.33381,-132.7178,BUY,False,NONE,0.25,NONE,AGGRESSIVE_BUY
2020-09-07,2020,1928.29,NO_SWEEP,8568.2853,45257.7147,53826.0,-2.6892,-36689.4294,-0.68163,-18183.8964,SELL,False,NONE,0.25,NONE,AGGRESSIVE_SELL
2020-09-08,2020,1931.51,NO_SWEEP,103233.4839,24279.5161,127513.0,-0.2885,78953.9678,0.61918,3853.1513,BUY,False,NONE,0.25,NONE,AGGRESSIVE_BUY
2020-09-09,2020,1947.37,NO_SWEEP,96236.1,10692.9,106929.0,-0.9374,85543.2,0.8,841.4095,BUY,False,NONE,0.0,NONE,AGGRESSIVE_BUY
2020-09-10,2020,1946.01,NO_SWEEP,16203.3826,108873.6174,125077.0,-0.1906,-92670.2348,-0.74091,-9220.8644,SELL,False,NONE,0.25,NONE,AGGRESSIVE_SELL
2020-09-11,2020,1940.48,NO_SWEEP,15392.6959,100314.3041,115707.0,-0.5157,-84921.6081,-0.73394,-19173.0941,SELL,False,NONE,0.25,NONE,AGGRESSIVE_SELL
2020-09-14,2020,1956.52,NO_SWEEP,78927.9556,15912.0444,94840.0,-1.1978,63015.9111,0.66444,-2114.5886,BUY,False,NONE,0.0,NONE,AGGRESSIVE_BUY
2020-09-15,2020,1953.34,NO_SWEEP,15002.1735,86511.8265,101514.0,-0.8582,-71509.653,-0.70443,-2188.6028,SELL,False,NONE,0.25,NONE,AGGRESSIVE_SELL
2020-09-16,2020,1959.15,NO_SWEEP,65412.4664,48688.5336,114101.0,-0.3084,16723.9329,0.14657,-5194.2392,NEUTRAL,False,NONE,0.25,NONE,NEUTRAL
2020-09-17,2020,1944.2,NO_SWEEP,32770.3612,83295.6388,116066.0,-0.1348,-50525.2776,-0.43532,-6923.7202,SELL,False,NONE,0.0,NONE,AGGRESSIVE_SELL
2020-09-18,2020,1950.42,NO_SWEEP,60524.2,43656.8,104181.0,-0.5918,16867.4,0.1619,-14684.5412,NEUTRAL,False,NONE,0.0,NONE,NEUTRAL
2020-09-21,2020,1911.92,NO_SWEEP,39469.076,101269.924,140739.0,1.0836,-61800.8479,-0.43912,-33102.5472,SELL,False,NONE,0.35,NONE,AGGRESSIVE_SELL
2020-09-22,2020,1900.34,NO_SWEEP,21706.6058,116421.3942,138128.0,0.9367,-94714.7885,-0.6857,-33358.1164,SELL,False,NONE,0.0,NONE,AGGRESSIVE_SELL
2020-09-23,2020,1862.74,SELL_SIDE_SWEEP,17043.9,153395.1,170439.0,2.0785,-136351.2,-0.8,-39786.8154,SELL,False,NONE,0.35,NONE,AGGRESSIVE_SELL
2020-09-24,2020,1868.66,NO_SWEEP,146576.2064,38789.7936,185366.0,2.3775,107786.4128,0.58148,-34190.5027,BUY,True,NONE,0.6,NONE,AGGRESSIVE_BUY
2020-09-25,2020,1860.14,NO_SWEEP,34172.4668,109139.5332,143312.0,0.849,-74967.0664,-0.5231,-34622.6793,SELL,False,NONE,0.0,NONE,AGGRESSIVE_SELL
2020-09-28,2020,1881.84,NO_SWEEP,109728.0,12192.0,121920.0,0.0153,97536.0,0.8,-24521.171,BUY,False,NONE,0.0,NONE,AGGRESSIVE_BUY
2020-09-29,2020,1897.48,NO_SWEEP,109582.2,12175.8,121758.0,-0.0113,97406.4,0.8,-6029.7113,BUY,False,NONE,0.0,NONE,AGGRESSIVE_BUY
2020-09-30,2020,1885.23,NO_SWEEP,16221.4301,108462.5699,124684.0,0.0828,-92241.1398,-0.7398,-19668.2787,SELL,False,NONE,0.0,NONE,AGGRESSIVE_SELL
2020-10-01,2020,1905.94,NO_SWEEP,109362.6203,20459.3797,129822.0,0.2615,88903.2407,0.68481,-830.2677,BUY,False,NONE,0.0,NONE,AGGRESSIVE_BUY
2020-10-02,2020,1900.58,NO_SWEEP,30599.3478,79855.6522,110455.0,-0.446,-49256.3043,-0.44594,4852.0429,SELL,False,NONE,0.25,NONE,AGGRESSIVE_SELL
2020-10-05,2020,1913.65,NO_SWEEP,85882.9548,10859.0452,96742.0,-1.2383,75023.9096,0.77551,31273.9316,BUY,False,NONE,0.25,NONE,AGGRESSIVE_BUY
2020-10-06,2020,1877.56,NO_SWEEP,10322.9,92906.1,103229.0,-0.8765,-82583.2,-0.8,7477.73,SELL,False,NONE,0.0,NONE,AGGRESSIVE_SELL
2020-10-07,2020,1887.83,NO_SWEEP,67291.0736,26722.9264,94014.0,-1.2182,40568.1473,0.43151,21919.6317,BUY,False,NONE,0.0,NONE,AGGRESSIVE_BUY
2020-10-08,2020,1893.5,NO_SWEEP,65859.2436,24071.7564,89931.0,-1.2613,41787.4872,0.46466,14951.0676,BUY,False,NONE,0.25,NONE,AGGRESSIVE_BUY
2020-10-09,2020,1929.87,BUY_SIDE_SWEEP,83920.5,9324.5,93245.0,-1.0497,74596.0,0.8,12099.7676,BUY,False,NONE,0.0,NONE,AGGRESSIVE_BUY
2020-10-12,2020,1922.63,NO_SWEEP,18450.743,70679.257,89130.0,-1.1869,-52228.514,-0.58598,17101.3458,SELL,False,NONE,0.25,NONE,AGGRESSIVE_SELL
2020-10-13,2020,1891.07,NO_SWEEP,9893.4,89040.6,98934.0,-0.7949,-79147.2,-0.8,-3904.9593,SELL,False,NONE,0.0,NONE,AGGRESSIVE_SELL
2020-10-14,2020,1900.49,NO_SWEEP,62866.4316,25172.5684,88039.0,-1.1304,37693.8632,0.42815,6963.8117,BUY,False,NONE,0.25,NONE,AGGRESSIVE_BUY
2020-10-15,2020,1907.92,NO_SWEEP,90014.4,10001.6,100016.0,-0.6414,80012.8,0.8,7587.423,BUY,False,NONE,0.25,NONE,AGGRESSIVE_BUY
2020-10-16,2020,1898.76,NO_SWEEP,7935.8,71422.2,79358.0,-1.3108,-63486.4,-0.8,9974.523,SELL,False,NONE,0.0,NONE,AGGRESSIVE_SELL
2020-10-19,2020,1903.44,NO_SWEEP,41446.8948,39754.1052,81201.0,-1.1233,1692.7896,0.02085,5115.1032,NEUTRAL,False,NONE,0.25,NONE,NEUTRAL
2020-10-20,2020,1907.53,NO_SWEEP,61193.4396,18979.5604,80173.0,-1.0482,42213.8793,0.52653,5168.4023,BUY,False,NONE,0.25,NONE,AGGRESSIVE_BUY
2020-10-21,2020,1924.6,NO_SWEEP,69157.7507,17963.2493,87121.0,-0.7424,51194.5014,0.58763,2243.2149,BUY,False,NONE,0.0,NONE,AGGRESSIVE_BUY
2020-10-22,2020,1903.67,NO_SWEEP,17121.0083,66736.9917,83858.0,-0.9432,-49615.9833,-0.59167,2569.7813,SELL,False,NONE,0.0,NONE,AGGRESSIVE_SELL
2020-10-23,2020,1901.41,NO_SWEEP,18262.478,54655.522,72918.0,-1.5112,-36393.044,-0.4991,7914.0508,SELL,False,NONE,0.25,NONE,AGGRESSIVE_SELL
2020-10-26,2020,1901.68,NO_SWEEP,61486.5646,23510.4354,84997.0,-0.6842,37976.1293,0.44679,7949.334,BUY,False,NONE,0.25,NONE,AGGRESSIVE_BUY
2020-10-27,2020,1907.35,NO_SWEEP,56003.4928,14868.5072,70872.0,-1.4739,41134.9856,0.58041,3089.6072,BUY,False,NONE,0.0,NONE,AGGRESSIVE_BUY
2020-10-28,2020,1876.81,SELL_SIDE_SWEEP,13513.0185,94046.9815,107560.0,1.1421,-80533.9629,-0.74874,958.6619,SELL,False,NONE,0.35,NONE,AGGRESSIVE_SELL
2020-10-29,2020,1867.11,SELL_SIDE_SWEEP,20326.8906,80843.1094,101170.0,0.9831,-60516.2188,-0.59816,-6817.4642,SELL,False,NONE,0.0,NONE,AGGRESSIVE_SELL
2020-10-30,2020,1878.37,NO_SWEEP,70131.5072,32320.4928,102452.0,1.2099,37811.0144,0.36906,-7367.8223,BUY,False,NONE,0.35,NONE,AGGRESSIVE_BUY
2020-11-02,2020,1895.06,NO_SWEEP,82708.2,9189.8,91898.0,0.1895,73518.4,0.8,-4577.335,BUY,False,NONE,0.0,NONE,AGGRESSIVE_BUY
2020-11-03,2020,1908.94,NO_SWEEP,75520.8,8391.2,83912.0,-0.535,67129.6,0.8,10015.8629,BUY,False,NONE,0.0,NONE,AGGRESSIVE_BUY
2020-11-04,2020,1903.27,NO_SWEEP,60403.9214,78346.0786,138750.0,3.2822,-17942.1571,-0.12931,12322.2238,NEUTRAL,True,NONE,0.6,NONE,NEUTRAL
2020-11-05,2020,1949.17,BUY_SIDE_SWEEP,122562.9,13618.1,136181.0,2.4405,108944.8,0.8,21193.3076,BUY,False,NONE,0.35,NONE,AGGRESSIVE_BUY
2020-11-06,2020,1951.81,NO_SWEEP,98219.2844,31071.7156,129291.0,1.7742,67147.5687,0.51935,24444.8805,BUY,True,NONE,0.6,NONE,AGGRESSIVE_BUY
2020-11-09,2020,1863.13,NO_SWEEP,17817.1,160353.9,178171.0,2.9908,-142536.8,-0.8,16694.5259,SELL,False,NONE,0.35,NONE,AGGRESSIVE_SELL
2020-11-10,2020,1877.39,NO_SWEEP,101214.3841,44599.6159,145814.0,1.5561,56614.7682,0.38827,31335.8993,BUY,False,NONE,0.35,NONE,AGGRESSIVE_BUY
2020-11-11,2020,1865.5,NO_SWEEP,25009.3418,85206.6582,110216.0,0.2481,-60197.3164,-0.54618,19084.8579,SELL,False,NONE,0.0,NONE,AGGRESSIVE_SELL
2020-11-12,2020,1876.71,NO_SWEEP,83243.6151,25617.3849,108861.0,0.1835,57626.2301,0.52936,17098.3367,BUY,False,NONE,0.0,NONE,AGGRESSIVE_BUY
2020-11-13,2020,1889.28,NO_SWEEP,70860.429,21111.571,91972.0,-0.451,49748.8579,0.54091,14925.7439,BUY,False,NONE,0.0,NONE,AGGRESSIVE_BUY
2020-11-16,2020,1888.66,NO_SWEEP,93218.7168,24734.2832,117953.0,0.4334,68484.4336,0.58061,25729.0678,BUY,False,NONE,0.25,NONE,AGGRESSIVE_BUY
2020-11-17,2020,1880.19,NO_SWEEP,13025.5633,79125.4367,92151.0,-0.5499,-66099.8734,-0.7173,3848.4836,SELL,False,NONE,0.0,NONE,AGGRESSIVE_SELL
2020-11-18,2020,1871.97,NO_SWEEP,24614.6066,63708.3934,88323.0,-0.6969,-39093.7869,-0.44262,-9431.6859,SELL,False,NONE,0.0,NONE,AGGRESSIVE_SELL
2020-11-19,2020,1866.84,NO_SWEEP,40866.9028,47592.0972,88459.0,-0.7052,-6725.1945,-0.07603,7544.7648,NEUTRAL,False,NONE,0.25,NONE,NEUTRAL
2020-11-20,2020,1870.9,NO_SWEEP,47074.6848,22792.3152,69867.0,-1.3922,24282.3697,0.34755,3503.215,BUY,False,NONE,0.0,NONE,AGGRESSIVE_BUY
2020-11-23,2020,1837.49,SELL_SIDE_SWEEP,9150.1243,81171.8757,90322.0,-0.6388,-72021.7514,-0.79739,2025.1606,SELL,False,NONE,0.0,NONE,AGGRESSIVE_SELL
2020-11-24,2020,1807.71,SELL_SIDE_SWEEP,15530.7947,99567.2053,115098.0,0.226,-84036.4105,-0.73013,-15682.6695,SELL,False,NONE,0.0,NONE,AGGRESSIVE_SELL
2020-11-25,2020,1807.07,NO_SWEEP,18952.1302,61662.8698,80615.0,-1.0603,-42710.7396,-0.52981,-27240.1191,SELL,False,NONE,0.25,NONE,AGGRESSIVE_SELL
2020-11-26,2020,1810.2,NO_SWEEP,26559.9685,21591.0315,48151.0,-1.9752,4968.9371,0.10319,-35179.5562,NEUTRAL,False,NONE,0.25,NONE,NEUTRAL
2020-11-27,2020,1786.76,SELL_SIDE_SWEEP,17050.22,60450.78,77501.0,-0.9003,-43400.56,-0.56,-32342.142,SELL,False,NONE,0.0,NONE,AGGRESSIVE_SELL
2020-11-30,2020,1777.64,NO_SWEEP,36078.1286,62959.8714,99038.0,-0.1861,-26881.7429,-0.27143,-30815.6365,SELL,False,NONE,0.0,NONE,AGGRESSIVE_SELL
2020-12-01,2020,1815.42,NO_SWEEP,75978.9,8442.1,84421.0,-0.6826,67536.8,0.8,-21532.8872,BUY,False,NONE,0.0,NONE,AGGRESSIVE_BUY
2020-12-02,2020,1830.72,NO_SWEEP,72444.6,8049.4,80494.0,-0.7331,64395.2,0.8,-16518.7834,BUY,False,NONE,0.0,NONE,AGGRESSIVE_BUY
2020-12-03,2020,1840.98,NO_SWEEP,80497.0607,9061.9393,89559.0,-0.3505,71435.1215,0.79763,1413.3257,BUY,False,NONE,0.0,NONE,AGGRESSIVE_BUY
2020-12-04,2020,1838.6,NO_SWEEP,25791.6392,48209.3608,74001.0,-0.8211,-22417.7216,-0.30294,9115.6618,SELL,False,NONE,0.25,NONE,AGGRESSIVE_SELL
2020-12-07,2020,1863.1,NO_SWEEP,72684.9,8076.1,80761.0,-0.5394,64608.8,0.8,22530.6043,BUY,False,NONE,0.0,NONE,AGGRESSIVE_BUY
2020-12-08,2020,1870.83,BUY_SIDE_SWEEP,59943.2462,15566.7538,75510.0,-0.7789,44376.4924,0.58769,27456.5487,BUY,False,NONE,0.0,NONE,AGGRESSIVE_BUY
2020-12-09,2020,1839.41,NO_SWEEP,21595.1748,77781.8252,99377.0,0.7502,-56186.6504,-0.56539,25858.2874,SELL,False,NONE,0.0,NONE,AGGRESSIVE_SELL
2020-12-10,2020,1835.96,NO_SWEEP,21854.0596,68998.9404,90853.0,0.2769,-47144.8807,-0.51891,23325.3951,SELL,False,NONE,0.25,NONE,AGGRESSIVE_SELL
2020-12-11,2020,1839.91,NO_SWEEP,58474.8821,17311.1179,75786.0,-0.6726,41163.7642,0.54316,20028.7657,BUY,False,NONE,0.25,NONE,AGGRESSIVE_BUY
2020-12-14,2020,1827.82,NO_SWEEP,24776.5393,52435.4607,77212.0,-0.5037,-27658.9215,-0.35822,8522.0005,SELL,False,NONE,0.0,NONE,AGGRESSIVE_SELL
2020-12-15,2020,1853.67,NO_SWEEP,66770.1,7418.9,74189.0,-0.6635,59351.2,0.8,7011.5103,BUY,False,NONE,0.0,NONE,AGGRESSIVE_BUY
2020-12-16,2020,1864.06,NO_SWEEP,91411.2,10156.8,101568.0,1.2978,81254.4,0.8,19970.5255,BUY,False,NONE,0.35,NONE,AGGRESSIVE_BUY
2020-12-17,2020,1886.04,BUY_SIDE_SWEEP,75416.3114,19790.6886,95207.0,0.8017,55625.6229,0.58426,18847.6284,BUY,False,NONE,0.0,NONE,AGGRESSIVE_BUY
2020-12-18,2020,1880.55,NO_SWEEP,14273.2628,64200.7372,78474.0,-0.4331,-49927.4744,-0.63623,7059.6325,SELL,False,NONE,0.25,NONE,AGGRESSIVE_SELL
2020-12-21,2020,1876.25,NO_SWEEP,38521.9606,95329.0394,133851.0,2.7137,-56807.0788,-0.42441,6982.079,SELL,True,NONE,0.6,NONE,AGGRESSIVE_SELL
2020-12-22,2020,1859.91,NO_SWEEP,10132.1,91188.9,101321.0,0.9335,-81056.8,-0.8,2743.089,SELL,False,NONE,0.0,NONE,AGGRESSIVE_SELL
2020-12-23,2020,1872.63,NO_SWEEP,79094.4945,18924.5055,98019.0,0.6746,60169.9889,0.61386,5118.8671,BUY,False,NONE,0.0,NONE,AGGRESSIVE_BUY
2020-12-24,2020,1879.3,NO_SWEEP,44254.5209,11664.4791,55919.0,-1.9708,32590.0418,0.58281,12649.9875,BUY,False,NONE,0.0,NONE,AGGRESSIVE_BUY
2020-12-28,2020,1873.05,NO_SWEEP,8566.3,77096.7,85663.0,-0.1209,-68530.4,-0.8,-3335.2125,SELL,False,NONE,0.0,NONE,AGGRESSIVE_SELL
2020-12-29,2020,1878.17,NO_SWEEP,45790.3026,29647.6974,75438.0,-0.6979,16142.6053,0.21399,-11474.1868,BUY,False,NONE,0.25,NONE,AGGRESSIVE_BUY
2020-12-30,2020,1893.81,NO_SWEEP,57028.5,6336.5,63365.0,-1.3341,50692.0,0.8,-12090.8896,BUY,False,NONE,0.0,NONE,AGGRESSIVE_BUY
2020-12-31,2020,1893.43,NO_SWEEP,23959.0669,39928.9331,63888.0,-1.2058,-15969.8661,-0.24997,-7846.1886,SELL,False,NONE,0.25,NONE,AGGRESSIVE_SELL
2021-01-04,2021,1943.23,BUY_SIDE_SWEEP,99256.5,11028.5,110285.0,1.3771,88228.0,0.8,10283.1962,BUY,False,NONE,0.35,NONE,AGGRESSIVE_BUY
2021-01-05,2021,1950.03,BUY_SIDE_SWEEP,85048.7073,10949.2927,95998.0,0.5229,74099.4147,0.77188,29677.7231,BUY,False,NONE,0.0,NONE,AGGRESSIVE_BUY
2021-01-06,2021,1918.79,NO_SWEEP,30862.4751,112648.5249,143511.0,2.4766,-81786.0499,-0.56989,11933.2182,SELL,False,NONE,0.35,NONE,AGGRESSIVE_SELL
2021-01-07,2021,1913.51,NO_SWEEP,23808.3799,81507.6201,105316.0,0.6479,-57699.2402,-0.54787,647.058,SELL,False,NONE,0.0,NONE,AGGRESSIVE_SELL
2021-01-08,2021,1849.04,SELL_SIDE_SWEEP,25352.7174,130209.2826,155562.0,2.3826,-104856.5652,-0.67405,-3893.7127,SELL,False,NONE,0.35,NONE,AGGRESSIVE_SELL
2021-01-11,2021,1844.45,NO_SWEEP,60072.3938,60572.6062,120645.0,0.949,-500.2125,-0.00415,-5974.0649,NEUTRAL,False,NONE,0.25,NONE,NEUTRAL
2021-01-12,2021,1855.31,NO_SWEEP,82503.7123,23175.2877,105679.0,0.3302,59328.4246,0.5614,-4894.5118,BUY,False,NONE,0.25,NONE,AGGRESSIVE_BUY
2021-01-13,2021,1844.68,NO_SWEEP,8821.3,79391.7,88213.0,-0.364,-70570.4,-0.8,-11719.5786,SELL,False,NONE,0.0,NONE,AGGRESSIVE_SELL
2021-01-14,2021,1846.46,NO_SWEEP,42148.7137,60701.2863,102850.0,0.1509,-18552.5726,-0.18038,-25067.1501,SELL,False,NONE,0.25,NONE,AGGRESSIVE_SELL
2021-01-15,2021,1827.65,NO_SWEEP,12525.2,112726.8,125252.0,0.9666,-100201.6,-0.8,-46854.777,SELL,False,NONE,0.0,NONE,AGGRESSIVE_SELL
2021-01-18,2021,1837.52,NO_SWEEP,80129.7,8903.3,89033.0,-0.4187,71226.4,0.8,-27728.2208,BUY,False,NONE,0.25,NONE,AGGRESSIVE_BUY
2021-01-19,2021,1839.63,NO_SWEEP,73222.5627,36425.4373,109648.0,0.3195,36797.1254,0.33559,-15916.175,BUY,False,NONE,0.25,NONE,AGGRESSIVE_BUY
2021-01-20,2021,1871.42,NO_SWEEP,113053.5,12561.5,125615.0,0.9773,100492.0,0.8,9752.3956,BUY,False,NONE,0.0,NONE,AGGRESSIVE_BUY
2021-01-21,2021,1869.8,NO_SWEEP,57272.7501,61677.2499,118950.0,0.6689,-4404.4997,-0.03703,9264.3597,NEUTRAL,False,NONE,0.25,NONE,NEUTRAL
2021-01-22,2021,1854.67,NO_SWEEP,47968.4717,84600.5283,132569.0,1.1005,-36632.0565,-0.27632,-2730.7004,SELL,False,NONE,0.35,NONE,AGGRESSIVE_SELL
2021-01-25,2021,1855.94,NO_SWEEP,40763.1309,96542.8691,137306.0,1.1917,-55779.7381,-0.40624,-881.8677,SELL,True,NONE,0.6,NONE,AGGRESSIVE_SELL
2021-01-26,2021,1851.43,NO_SWEEP,17623.2347,93134.7653,110758.0,0.0726,-75511.5307,-0.68177,-8001.7375,SELL,False,NONE,0.25,NONE,AGGRESSIVE_SELL
2021-01-27,2021,1843.83,NO_SWEEP,57677.6735,85988.3265,143666.0,1.2955,-28310.6529,-0.19706,984.6309,SELL,False,NONE,0.35,NONE,AGGRESSIVE_SELL
2021-01-28,2021,1842.61,NO_SWEEP,34365.7531,136693.2469,171059.0,2.1656,-102327.4938,-0.5982,-20709.6058,SELL,True,NONE,0.6,NONE,AGGRESSIVE_SELL
2021-01-29,2021,1847.59,NO_SWEEP,87533.2144,104794.7856,192328.0,2.5813,-17261.5712,-0.08975,-27466.9429,NEUTRAL,True,NONE,0.6,NONE,NEUTRAL
2021-02-01,2021,1860.55,NO_SWEEP,143769.6561,76523.3439,220293.0,2.7091,67246.3122,0.30526,-31622.6539,BUY,True,NONE,0.6,NONE,AGGRESSIVE_BUY
2021-02-02,2021,1837.65,NO_SWEEP,29721.7875,150784.2125,180506.0,1.3601,-121062.425,-0.67068,-46204.8945,SELL,False,NONE,0.35,NONE,AGGRESSIVE_SELL
2021-02-03,2021,1834.21,NO_SWEEP,25993.0073,102030.9927,128024.0,-0.1503,-76037.9855,-0.59394,-51130.6356,SELL,False,NONE,0.25,NONE,AGGRESSIVE_SELL
2021-02-04,2021,1793.12,SELL_SIDE_SWEEP,18321.2486,140373.7514,158695.0,0.6726,-122052.5028,-0.7691,-59414.7312,SELL,False,NONE,0.0,NONE,AGGRESSIVE_SELL
2021-02-05,2021,1813.4,NO_SWEEP,114573.6,12730.4,127304.0,-0.211,101843.2,0.8,-37245.3899,BUY,False,NONE,0.0,NONE,AGGRESSIVE_BUY
2021-02-08,2021,1830.13,NO_SWEEP,108885.7707,27536.2293,136422.0,0.0361,81349.5414,0.59631,-23537.8656,BUY,False,NONE,0.0,NONE,AGGRESSIVE_BUY
2021-02-09,2021,1837.64,NO_SWEEP,75811.6249,47948.3751,123760.0,-0.3742,27863.2499,0.22514,-7264.0226,BUY,False,NONE,0.25,NONE,AGGRESSIVE_BUY
2021-02-10,2021,1842.35,NO_SWEEP,70897.9285,52772.0715,123670.0,-0.4541,18125.857,0.14657,-2840.5941,NEUTRAL,False,NONE,0.25,NONE,NEUTRAL
2021-02-11,2021,1825.47,NO_SWEEP,12018.0722,93888.9278,105907.0,-1.0319,-81870.8555,-0.77304,-21480.2401,SELL,False,NONE,0.0,NONE,AGGRESSIVE_SELL
2021-02-12,2021,1824.17,NO_SWEEP,52481.8802,58249.1198,110731.0,-0.8414,-5767.2396,-0.05208,-7068.3419,NEUTRAL,False,NONE,0.25,NONE,NEUTRAL
2021-02-15,2021,1818.72,NO_SWEEP,12191.1616,59772.8384,71964.0,-1.9496,-47581.6767,-0.66119,-3511.3033,SELL,False,NONE,0.0,NONE,AGGRESSIVE_SELL
2021-02-16,2021,1794.56,NO_SWEEP,14975.0,134775.0,149750.0,0.3461,-119800.0,-0.8,-3229.7404,SELL,False,NONE,0.0,NONE,AGGRESSIVE_SELL
2021-02-17,2021,1776.7,SELL_SIDE_SWEEP,30303.7229,123460.2771,153764.0,0.4258,-93156.5542,-0.60584,-27604.7097,SELL,False,NONE,0.0,NONE,AGGRESSIVE_SELL
2021-02-18,2021,1775.44,NO_SWEEP,34366.708,113898.292,148265.0,0.2144,-79531.584,-0.53642,-47714.8504,SELL,False,NONE,0.25,NONE,AGGRESSIVE_SELL
2021-02-19,2021,1783.05,NO_SWEEP,128555.1357,30903.8643,159459.0,0.5165,97651.2714,0.61239,-38991.3477,BUY,False,NONE,0.25,NONE,AGGRESSIVE_BUY
2021-02-22,2021,1809.04,NO_SWEEP,159341.4,17704.6,177046.0,0.9724,141636.8,0.8,-23552.4798,BUY,False,NONE,0.0,NONE,AGGRESSIVE_BUY
2021-02-23,2021,1805.07,NO_SWEEP,51609.0873,107289.9127,158899.0,0.3639,-55680.8255,-0.35042,-20278.7261,SELL,False,NONE,0.25,NONE,AGGRESSIVE_SELL
2021-02-24,2021,1805.33,NO_SWEEP,81600.0185,81223.9815,162824.0,0.4529,376.037,0.00231,-19510.8165,NEUTRAL,False,NONE,0.25,NONE,NEUTRAL
2021-02-25,2021,1770.25,NO_SWEEP,22586.5,203278.5,225865.0,2.055,-180692.0,-0.8,-36149.6069,SELL,False,NONE,0.35,NONE,AGGRESSIVE_SELL
2021-02-26,2021,1733.84,SELL_SIDE_SWEEP,48474.5423,195020.4577,243495.0,2.2049,-146545.9153,-0.60184,-39492.8463,SELL,False,NONE,0.35,NONE,AGGRESSIVE_SELL
2021-03-01,2021,1724.79,NO_SWEEP,18801.6,169214.4,188016.0,0.9355,-150412.8,-0.8,-46649.877,SELL,False,NONE,0.25,NONE,AGGRESSIVE_SELL
2021-03-02,2021,1738.77,NO_SWEEP,163548.0,18172.0,181720.0,0.7707,145376.0,0.8,-18536.4291,BUY,False,NONE,0.0,NONE,AGGRESSIVE_BUY
2021-03-03,2021,1711.71,NO_SWEEP,31339.4974,144243.5026,175583.0,0.5526,-112904.0052,-0.64302,-44855.8386,SELL,False,NONE,0.0,NONE,AGGRESSIVE_SELL
2021-03-04,2021,1698.6,SELL_SIDE_SWEEP,37700.3106,180469.6894,218170.0,1.481,-142769.3789,-0.6544,-80406.611,SELL,False,NONE,0.35,NONE,AGGRESSIVE_SELL
2021-03-05,2021,1700.76,NO_SWEEP,146847.0865,45382.9135,192230.0,0.7714,101464.1731,0.52783,-60763.4862,BUY,False,NONE,0.25,NONE,AGGRESSIVE_BUY
2021-03-08,2021,1682.53,SELL_SIDE_SWEEP,19737.7343,165294.2657,185032.0,0.5389,-145556.5314,-0.78666,-79005.0572,SELL,False,NONE,0.0,NONE,AGGRESSIVE_SELL
2021-03-09,2021,1715.59,NO_SWEEP,144231.3,16025.7,160257.0,-0.1086,128205.6,0.8,-40392.8572,BUY,False,NONE,0.0,NONE,AGGRESSIVE_BUY
2021-03-10,2021,1726.33,NO_SWEEP,134908.2,14989.8,149898.0,-0.408,119918.4,0.8,-7084.8178,BUY,False,NONE,0.0,NONE,AGGRESSIVE_BUY
2021-03-11,2021,1722.38,NO_SWEEP,15092.2776,127372.7224,142465.0,-0.6785,-112280.4448,-0.78813,-2318.2734,SELL,False,NONE,0.25,NONE,AGGRESSIVE_SELL
2021-03-12,2021,1726.92,NO_SWEEP,134759.7,14973.3,149733.0,-0.5675,119786.4,0.8,-5516.9734,BUY,False,NONE,0.25,NONE,AGGRESSIVE_BUY
2021-03-15,2021,1732.11,NO_SWEEP,115117.662,17516.338,132634.0,-1.399,97601.3239,0.73587,20796.1927,BUY,False,NONE,0.25,NONE,AGGRESSIVE_BUY
2021-03-16,2021,1731.85,NO_SWEEP,32978.3102,92877.6898,125856.0,-1.5196,-59899.3797,-0.47594,31154.9426,SELL,False,NONE,0.25,NONE,AGGRESSIVE_SELL
2021-03-17,2021,1744.54,BUY_SIDE_SWEEP,111581.3514,24615.6486,136197.0,-1.1186,86965.7028,0.63853,29342.6339,BUY,False,NONE,0.0,NONE,AGGRESSIVE_BUY
2021-03-18,2021,1736.49,NO_SWEEP,53787.086,107600.914,161388.0,-0.3264,-53813.828,-0.33344,40810.4718,SELL,False,NONE,0.25,NONE,AGGRESSIVE_SELL
2021-03-19,2021,1745.14,NO_SWEEP,125630.1,13958.9,139589.0,-0.9867,111671.2,0.8,38743.6718,BUY,False,NONE,0.0,NONE,AGGRESSIVE_BUY
2021-03-22,2021,1738.68,NO_SWEEP,60508.8017,69191.1983,129700.0,-1.1833,-8682.3967,-0.06694,22668.5722,NEUTRAL,False,NONE,0.25,NONE,NEUTRAL
2021-03-23,2021,1726.89,NO_SWEEP,12660.5,113944.5,126605.0,-1.1852,-101284.0,-0.8,24043.1278,SELL,False,NONE,0.0,NONE,AGGRESSIVE_SELL
2021-03-24,2021,1733.83,NO_SWEEP,86646.461,24617.539,111264.0,-1.4739,62028.9221,0.55749,16823.443,BUY,False,NONE,0.0,NONE,AGGRESSIVE_BUY
2021-03-25,2021,1726.98,NO_SWEEP,20350.4798,111476.5202,131827.0,-0.8196,-91126.0403,-0.69125,-6767.4775,SELL,False,NONE,0.25,NONE,AGGRESSIVE_SELL
2021-03-26,2021,1732.7,NO_SWEEP,86419.7796,19498.2204,105918.0,-1.5935,66921.5593,0.63182,9085.1399,BUY,False,NONE,0.25,NONE,AGGRESSIVE_BUY
2021-03-29,2021,1711.81,SELL_SIDE_SWEEP,17292.0874,91745.9126,109038.0,-1.3395,-74453.8252,-0.68282,-11092.3011,SELL,False,NONE,0.0,NONE,AGGRESSIVE_SELL
2021-03-30,2021,1685.06,SELL_SIDE_SWEEP,16742.658,118590.342,135333.0,-0.3739,-101847.684,-0.75257,-17096.5331,SELL,False,NONE,0.0,NONE,AGGRESSIVE_SELL
2021-03-31,2021,1707.7,NO_SWEEP,112137.9366,18664.0634,130802.0,-0.4657,93473.8732,0.71462,-19371.199,BUY,False,NONE,0.0,NONE,AGGRESSIVE_BUY
2021-04-01,2021,1729.49,NO_SWEEP,104320.8,11591.2,115912.0,-1.0121,92729.6,0.8,-6694.6994,BUY,False,NONE,0.0,NONE,AGGRESSIVE_BUY
2021-04-05,2021,1728.36,NO_SWEEP,35600.0932,52523.9068,88124.0,-2.1143,-16923.8136,-0.19205,3850.3239,SELL,False,NONE,0.25,NONE,AGGRESSIVE_SELL
2021-04-06,2021,1743.06,NO_SWEEP,98700.3,10966.7,109667.0,-1.0838,87733.6,0.8,7063.4087,BUY,False,NONE,0.0,NONE,AGGRESSIVE_BUY
2021-04-07,2021,1737.57,NO_SWEEP,36784.9236,66438.0764,103223.0,-1.3191,-29653.1527,-0.28727,14747.5196,SELL,False,NONE,0.0,NONE,AGGRESSIVE_SELL
2021-04-08,2021,1756.14,BUY_SIDE_SWEEP,92291.4,10254.6,102546.0,-1.2303,82036.8,0.8,16636.9247,BUY,False,NONE,0.0,NONE,AGGRESSIVE_BUY
2021-04-09,2021,1743.46,NO_SWEEP,36053.1535,73963.8465,110017.0,-0.7282,-37910.693,-0.34459,21204.8162,SELL,False,NONE,0.0,NONE,AGGRESSIVE_SELL
2021-04-12,2021,1732.34,NO_SWEEP,21409.4928,88847.5072,110257.0,-0.6363,-67438.0144,-0.61164,25506.0249,SELL,False,NONE,0.0,NONE,AGGRESSIVE_SELL
2021-04-13,2021,1745.39,NO_SWEEP,109940.4,12215.6,122156.0,0.1154,97724.8,0.8,26037.3908,BUY,False,NONE,0.0,NONE,AGGRESSIVE_BUY
2021-04-14,2021,1736.25,NO_SWEEP,16322.5937,89974.4063,106297.0,-0.7847,-73651.8126,-0.69289,5239.7142,SELL,False,NONE,0.0,NONE,AGGRESSIVE_SELL
2021-04-15,2021,1763.5,BUY_SIDE_SWEEP,90625.0518,12644.9482,103270.0,-0.8747,77980.1036,0.75511,17102.7039,BUY,False,NONE,0.0,NONE,AGGRESSIVE_BUY
2021-04-16,2021,1776.67,BUY_SIDE_SWEEP,79464.2081,20750.7919,100215.0,-1.0704,58713.4163,0.58587,13475.1809,BUY,False,NONE,0.0,NONE,AGGRESSIVE_BUY
2021-04-19,2021,1770.78,NO_SWEEP,13717.1314,99714.8686,113432.0,0.0125,-85997.7372,-0.75814,6432.1078,SELL,False,NONE,0.25,NONE,AGGRESSIVE_SELL
2021-04-20,2021,1778.55,NO_SWEEP,99162.0,11018.0,110180.0,-0.1839,88144.0,0.8,7195.5078,BUY,False,NONE,0.0,NONE,AGGRESSIVE_BUY
2021-04-21,2021,1793.92,BUY_SIDE_SWEEP,90109.7553,12452.2447,102562.0,-0.7592,77657.5106,0.75718,21641.5333,BUY,False,NONE,0.0,NONE,AGGRESSIVE_BUY
2021-04-22,2021,1784.36,NO_SWEEP,24642.1829,79438.8171,104081.0,-0.5868,-54796.6342,-0.52648,23221.7058,SELL,False,NONE,0.0,NONE,AGGRESSIVE_SELL
2021-04-23,2021,1776.48,NO_SWEEP,17867.2018,84467.7982,102335.0,-0.6672,-66600.5964,-0.65081,2681.0313,SELL,False,NONE,0.25,NONE,AGGRESSIVE_SELL
2021-04-26,2021,1781.39,NO_SWEEP,86211.0648,9658.9352,95870.0,-1.1965,76552.1296,0.7985,21456.524,BUY,False,NONE,0.0,NONE,AGGRESSIVE_BUY
2021-04-27,2021,1776.7,NO_SWEEP,15766.8285,74559.1715,90326.0,-1.5219,-58792.343,-0.65089,4359.9682,SELL,False,NONE,0.0,NONE,AGGRESSIVE_SELL
2021-04-28,2021,1781.47,NO_SWEEP,94134.6,10459.4,104594.0,-0.1766,83675.2,0.8,7480.1912,BUY,False,NONE,0.25,NONE,AGGRESSIVE_BUY
2021-04-29,2021,1772.28,NO_SWEEP,35298.2887,70599.7113,105898.0,0.1088,-35301.4227,-0.33335,13817.2305,SELL,False,NONE,0.25,NONE,AGGRESSIVE_SELL
2021-04-30,2021,1768.97,NO_SWEEP,34412.5149,63077.4851,97490.0,-0.8779,-28664.9701,-0.29403,-783.8908,SELL,False,NONE,0.0,NONE,AGGRESSIVE_SELL
2021-05-03,2021,1793.04,NO_SWEEP,81058.9284,9709.0716,90768.0,-1.8487,71349.8568,0.78607,-1572.3475,BUY,False,NONE,0.0,NONE,AGGRESSIVE_BUY
2021-05-04,2021,1779.28,NO_SWEEP,22153.6454,85304.3546,107458.0,0.4576,-63150.7093,-0.58768,-2616.6069,SELL,False,NONE,0.0,NONE,AGGRESSIVE_SELL
2021-05-05,2021,1787.66,NO_SWEEP,78208.2,8689.8,86898.0,-2.0159,69518.4,0.8,14398.2677,BUY,False,NONE,0.0,NONE,AGGRESSIVE_BUY
2021-05-06,2021,1815.22,BUY_SIDE_SWEEP,99083.7,11009.3,110093.0,0.7708,88074.4,0.8,15838.5515,BUY,False,NONE,0.0,NONE,AGGRESSIVE_BUY
2021-05-07,2021,1830.85,BUY_SIDE_SWEEP,90387.6207,36242.3793,126630.0,2.301,54145.2414,0.42759,29955.7495,BUY,False,NONE,0.35,NONE,AGGRESSIVE_BUY
2021-05-10,2021,1835.54,NO_SWEEP,68843.4961,56048.5039,124892.0,1.8647,12794.9923,0.10245,21095.7235,NEUTRAL,True,NONE,0.6,NONE,NEUTRAL
2021-05-11,2021,1836.8,NO_SWEEP,103011.3332,17839.6668,120851.0,1.5013,85171.6664,0.70477,36154.8597,BUY,True,NONE,0.6,NONE,AGGRESSIVE_BUY
2021-05-12,2021,1816.11,NO_SWEEP,13769.3,123923.7,137693.0,2.4532,-110154.4,-0.8,25968.6809,SELL,False,NONE,0.35,NONE,AGGRESSIVE_SELL
2021-05-13,2021,1826.93,NO_SWEEP,110040.3,12226.7,122267.0,1.1175,97813.6,0.8,29276.6488,BUY,False,NONE,0.35,NONE,AGGRESSIVE_BUY
2021-05-14,2021,1842.56,NO_SWEEP,91039.5,10115.5,101155.0,-0.5097,80924.0,0.8,47285.9875,BUY,False,NONE,0.0,NONE,AGGRESSIVE_BUY
2021-05-17,2021,1866.65,BUY_SIDE_SWEEP,94636.8,10515.2,105152.0,-0.1707,84121.6,0.8,49111.3875,BUY,False,NONE,0.0,NONE,AGGRESSIVE_BUY
2021-05-18,2021,1869.64,BUY_SIDE_SWEEP,64789.7219,30340.2781,95130.0,-0.8708,34449.4438,0.36213,42408.268,BUY,False,NONE,0.25,NONE,AGGRESSIVE_BUY
2021-05-19,2021,1870.15,NO_SWEEP,98407.9305,57467.0695,155875.0,2.75,40940.8611,0.26265,40757.7204,BUY,True,NONE,0.6,NONE,AGGRESSIVE_BUY
2021-05-20,2021,1877.28,NO_SWEEP,113389.8689,34286.1311,147676.0,1.9231,79103.7378,0.53566,49046.3136,BUY,False,NONE,0.35,NONE,AGGRESSIVE_BUY
2021-05-21,2021,1881.74,NO_SWEEP,101056.006,38918.994,139975.0,1.3528,62137.0119,0.44392,46166.9818,BUY,True,NONE,0.6,NONE,AGGRESSIVE_BUY
2021-05-24,2021,1881.35,NO_SWEEP,46950.7899,81659.2101,128610.0,0.6982,-34708.4203,-0.26987,55597.7293,SELL,False,NONE,0.25,NONE,AGGRESSIVE_SELL
2021-05-25,2021,1899.18,BUY_SIDE_SWEEP,109724.4,12191.6,121916.0,0.2863,97532.8,0.8,55562.6293,BUY,False,NONE,0.0,NONE,AGGRESSIVE_BUY
2021-05-26,2021,1896.5,NO_SWEEP,22337.2718,100013.7282,122351.0,0.2645,-77676.4564,-0.63487,35737.5722,SELL,False,NONE,0.25,NONE,AGGRESSIVE_SELL
2021-05-27,2021,1896.43,NO_SWEEP,46249.423,78514.577,124764.0,0.3461,-32265.154,-0.25861,21189.228,SELL,False,NONE,0.25,NONE,AGGRESSIVE_SELL
2021-05-28,2021,1903.18,NO_SWEEP,118642.5,13182.5,131825.0,0.6512,105460.0,0.8,30065.5475,BUY,False,NONE,0.25,NONE,AGGRESSIVE_BUY
2021-05-31,2021,1906.62,NO_SWEEP,45562.1381,22592.8619,68155.0,-2.4948,22969.2761,0.33702,27819.0994,BUY,False,NONE,0.25,NONE,AGGRESSIVE_BUY
2021-06-01,2021,1899.87,NO_SWEEP,26759.6035,96640.3965,123400.0,0.1798,-69880.7931,-0.56629,9196.033,SELL,False,NONE,0.25,NONE,AGGRESSIVE_SELL
2021-06-02,2021,1908.66,NO_SWEEP,96111.0,10679.0,106790.0,-0.7343,85432.0,0.8,12107.9065,BUY,False,NONE,0.0,NONE,AGGRESSIVE_BUY
2021-06-03,2021,1870.7,NO_SWEEP,13256.0,119304.0,132560.0,0.5612,-106048.0,-0.8,3190.4591,SELL,False,NONE,0.0,NONE,AGGRESSIVE_SELL
2021-06-04,2021,1891.51,NO_SWEEP,114417.0,12713.0,127130.0,0.2744,101704.0,0.8,3711.8591,BUY,False,NONE,0.0,NONE,AGGRESSIVE_BUY
2021-06-07,2021,1898.78,NO_SWEEP,94078.8,10453.2,104532.0,-0.8438,83625.6,0.8,23874.6161,BUY,False,NONE,0.0,NONE,AGGRESSIVE_BUY
2021-06-08,2021,1893.06,NO_SWEEP,34190.9031,70861.0969,105052.0,-0.7642,-36670.1938,-0.34907,23323.9862,SELL,False,NONE,0.25,NONE,AGGRESSIVE_SELL
2021-06-09,2021,1888.89,NO_SWEEP,9712.9,87416.1,97129.0,-1.0544,-77703.2,-0.8,428.5862,SELL,False,NONE,0.25,NONE,AGGRESSIVE_SELL
2021-06-10,2021,1899.64,NO_SWEEP,114102.9,12678.1,126781.0,0.4255,101424.8,0.8,10235.5266,BUY,False,NONE,0.0,NONE,AGGRESSIVE_BUY
2021-06-11,2021,1876.16,NO_SWEEP,11881.7,106935.3,118817.0,-0.0186,-95053.6,-0.8,7088.9258,SELL,False,NONE,0.0,NONE,AGGRESSIVE_SELL
2021-06-14,2021,1866.31,NO_SWEEP,54428.1375,64152.8625,118581.0,-0.0659,-9724.7249,-0.08201,-4805.6648,NEUTRAL,False,NONE,0.25,NONE,NEUTRAL
2021-06-15,2021,1858.89,NO_SWEEP,27393.5385,67251.4615,94645.0,-1.3041,-39857.9229,-0.42113,3468.0948,SELL,False,NONE,0.0,NONE,AGGRESSIVE_SELL
2021-06-16,2021,1810.21,SELL_SIDE_SWEEP,11200.2,100801.8,112002.0,-0.3219,-89601.6,-0.8,-20445.1052,SELL,False,NONE,0.0,NONE,AGGRESSIVE_SELL
2021-06-17,2021,1772.78,SELL_SIDE_SWEEP,18631.9,167687.1,186319.0,3.0058,-149055.2,-0.8,-49530.2052,SELL,False,NONE,0.35,NONE,AGGRESSIVE_SELL
2021-06-18,2021,1764.52,SELL_SIDE_SWEEP,13613.6,122522.4,136136.0,0.7603,-108908.8,-0.8,-58560.031,SELL,False,NONE,0.25,NONE,AGGRESSIVE_SELL
2021-06-21,2021,1783.25,NO_SWEEP,126265.1613,16629.8387,142895.0,1.0109,109635.3226,0.76724,-35142.7157,BUY,False,NONE,0.35,NONE,AGGRESSIVE_BUY
2021-06-22,2021,1778.63,NO_SWEEP,31000.9579,95278.0421,126279.0,0.2643,-64277.0842,-0.50901,-55855.4512,SELL,False,NONE,0.25,NONE,AGGRESSIVE_SELL
2021-06-23,2021,1778.4,NO_SWEEP,17217.7388,87670.2612,104888.0,-0.6369,-70452.5225,-0.67169,-52780.3165,SELL,False,NONE,0.25,NONE,AGGRESSIVE_SELL
2021-06-24,2021,1774.96,NO_SWEEP,11037.4,99336.6,110374.0,-0.3645,-88299.2,-0.8,-62602.1259,SELL,False,NONE,0.25,NONE,AGGRESSIVE_SELL
2021-06-25,2021,1781.11,NO_SWEEP,57967.0805,36793.9195,94761.0,-0.9507,21173.1609,0.22344,-54973.2404,BUY,False,NONE,0.25,NONE,AGGRESSIVE_BUY
2021-06-28,2021,1779.03,NO_SWEEP,34100.035,53713.965,87814.0,-1.3956,-19613.9299,-0.22336,-46224.7816,SELL,False,NONE,0.25,NONE,AGGRESSIVE_SELL
2021-06-29,2021,1761.08,NO_SWEEP,21057.9977,60794.0023,81852.0,-1.4845,-39736.0045,-0.48546,-32559.8822,SELL,False,NONE,0.0,NONE,AGGRESSIVE_SELL
2021-06-30,2021,1769.65,NO_SWEEP,67403.5934,12605.4066,80009.0,-1.4291,54798.1869,0.6849,-12096.5088,BUY,False,NONE,0.0,NONE,AGGRESSIVE_BUY
2021-07-01,2021,1776.52,NO_SWEEP,55643.1908,19111.8092,74755.0,-1.4609,36531.3816,0.48868,-21234.5015,BUY,False,NONE,0.0,NONE,AGGRESSIVE_BUY
2021-07-02,2021,1787.33,NO_SWEEP,58811.9759,20728.0241,79540.0,-1.1466,38083.9517,0.4788,-8439.372,BUY,False,NONE,0.0,NONE,AGGRESSIVE_BUY
2021-07-05,2021,1791.73,NO_SWEEP,33037.417,7504.583,40542.0,-2.191,25532.834,0.62979,3558.7976,BUY,False,NONE,0.0,NONE,AGGRESSIVE_BUY
2021-07-06,2021,1797.05,BUY_SIDE_SWEEP,43671.2677,44479.7323,88151.0,-0.5634,-808.4645,-0.00917,14495.1395,NEUTRAL,False,NONE,0.25,NONE,NEUTRAL
2021-07-07,2021,1803.59,NO_SWEEP,60865.2652,22555.7348,83421.0,-0.6902,38309.5304,0.45923,16637.1857,BUY,False,NONE,0.0,NONE,AGGRESSIVE_BUY
2021-07-08,2021,1802.35,NO_SWEEP,25563.1646,79449.8354,105013.0,0.0558,-53886.6709,-0.51314,12353.0931,SELL,False,NONE,0.25,NONE,AGGRESSIVE_SELL
2021-07-09,2021,1808.04,NO_SWEEP,62803.0966,14566.9034,77370.0,-0.7889,48236.1931,0.62345,23349.6178,BUY,False,NONE,0.25,NONE,AGGRESSIVE_BUY
2021-07-12,2021,1806.17,NO_SWEEP,35454.174,31414.826,66869.0,-1.0294,4039.348,0.06041,17004.7629,NEUTRAL,False,NONE,0.25,NONE,NEUTRAL
2021-07-13,2021,1807.14,NO_SWEEP,48610.5383,29486.4617,78097.0,-0.6328,19124.0766,0.24488,14828.8498,BUY,False,NONE,0.25,NONE,AGGRESSIVE_BUY
2021-07-14,2021,1827.99,BUY_SIDE_SWEEP,72609.3,8067.7,80677.0,-0.4994,64541.6,0.8,18136.0559,BUY,False,NONE,0.0,NONE,AGGRESSIVE_BUY
2021-07-15,2021,1829.45,NO_SWEEP,58360.4061,17778.5939,76139.0,-0.6177,40581.8121,0.533,20017.1781,BUY,False,NONE,0.25,NONE,AGGRESSIVE_BUY
2021-07-16,2021,1811.51,NO_SWEEP,9091.0,81819.0,90910.0,0.1123,-72728.0,-0.8,11027.2362,SELL,False,NONE,0.0,NONE,AGGRESSIVE_SELL
2021-07-19,2021,1812.61,NO_SWEEP,100436.9376,17218.0624,117655.0,1.6323,83218.8753,0.70731,16640.9043,BUY,True,NONE,0.6,NONE,AGGRESSIVE_BUY
2021-07-20,2021,1810.24,NO_SWEEP,18832.6799,84909.3201,103742.0,1.0469,-66076.6402,-0.63693,15117.1581,SELL,True,NONE,0.6,NONE,AGGRESSIVE_SELL
2021-07-21,2021,1803.42,NO_SWEEP,30211.5571,63909.4429,94121.0,0.5208,-33697.8858,-0.35803,4875.3983,SELL,False,NONE,0.0,NONE,AGGRESSIVE_SELL
2021-07-22,2021,1806.42,NO_SWEEP,83437.2,9270.8,92708.0,0.5171,74166.4,0.8,13641.2798,BUY,False,NONE,0.25,NONE,AGGRESSIVE_BUY
2021-07-23,2021,1801.93,NO_SWEEP,34783.2337,48720.7663,83504.0,-0.0419,-13937.5327,-0.16691,9508.5786,NEUTRAL,False,NONE,0.25,NONE,NEUTRAL
2021-07-26,2021,1797.65,NO_SWEEP,9043.1,81387.9,90431.0,0.4012,-72344.8,-0.8,-7602.2214,SELL,False,NONE,0.25,NONE,AGGRESSIVE_SELL
2021-07-27,2021,1798.47,NO_SWEEP,52487.4458,35968.5542,88456.0,0.2507,16518.8916,0.18675,-10610.0865,BUY,False,NONE,0.25,NONE,AGGRESSIVE_BUY
2021-07-28,2021,1807.11,NO_SWEEP,81779.7322,9968.2678,91748.0,0.4258,71811.4644,0.7827,7457.3466,BUY,False,NONE,0.0,NONE,AGGRESSIVE_BUY
2021-07-29,2021,1827.79,NO_SWEEP,77603.9717,11916.0283,89520.0,0.2357,65687.9433,0.73378,5265.9801,BUY,False,NONE,0.0,NONE,AGGRESSIVE_BUY
2021-07-30,2021,1814.28,NO_SWEEP,10955.3404,70135.6596,81091.0,-0.3235,-59180.3192,-0.7298,6128.0202,SELL,False,NONE,0.0,NONE,AGGRESSIVE_SELL
2021-08-02,2021,1813.11,NO_SWEEP,33133.255,55527.745,88661.0,0.0223,-22394.49,-0.25259,7540.9447,SELL,False,NONE,0.25,NONE,AGGRESSIVE_SELL
2021-08-03,2021,1810.12,NO_SWEEP,18949.0978,52064.9022,71014.0,-1.4152,-33115.8043,-0.46633,-5869.3309,SELL,False,NONE,0.0,NONE,AGGRESSIVE_SELL
2021-08-04,2021,1811.6,NO_SWEEP,36186.9186,45286.0814,81473.0,-0.5103,-9099.1628,-0.11168,-5264.5346,NEUTRAL,False,NONE,0.25,NONE,NEUTRAL
2021-08-05,2021,1803.73,NO_SWEEP,18607.8634,57896.1366,76504.0,-0.8484,-39288.2733,-0.51355,-1132.4688,SELL,False,NONE,0.0,NONE,AGGRESSIVE_SELL
2021-08-06,2021,1763.18,SELL_SIDE_SWEEP,9032.0,81288.0,90320.0,0.3281,-72256.0,-0.8,-12229.3302,SELL,False,NONE,0.0,NONE,AGGRESSIVE_SELL
2021-08-09,2021,1729.58,SELL_SIDE_SWEEP,50805.3688,72929.6312,123735.0,2.6723,-22124.2624,-0.1788,-23971.2961,NEUTRAL,False,NONE,0.35,NONE,NEUTRAL
2021-08-10,2021,1728.74,NO_SWEEP,33330.6107,55424.3893,88755.0,-0.104,-22093.7787,-0.24893,-34944.0113,SELL,False,NONE,0.25,NONE,AGGRESSIVE_SELL
2021-08-11,2021,1751.5,NO_SWEEP,82050.3,9116.7,91167.0,0.0473,72933.6,0.8,-18429.7714,BUY,False,NONE,0.0,NONE,AGGRESSIVE_BUY
2021-08-12,2021,1752.86,NO_SWEEP,60469.4643,17402.5357,77872.0,-1.0445,43066.9287,0.55305,-10247.0941,BUY,False,NONE,0.25,NONE,AGGRESSIVE_BUY
2021-08-13,2021,1779.7,NO_SWEEP,65785.5,7309.5,73095.0,-1.2997,58476.0,0.8,1201.8814,BUY,False,NONE,0.0,NONE,AGGRESSIVE_BUY
2021-08-16,2021,1787.24,NO_SWEEP,75832.2,8425.8,84258.0,-0.3449,67406.4,0.8,10765.0768,BUY,False,NONE,0.0,NONE,AGGRESSIVE_BUY
2021-08-17,2021,1785.8,NO_SWEEP,20760.4467,63260.5533,84021.0,-0.2927,-42500.1066,-0.50583,10363.5976,SELL,False,NONE,0.25,NONE,AGGRESSIVE_SELL
2021-08-18,2021,1787.68,NO_SWEEP,62725.8482,21880.1518,84606.0,-0.1947,40845.6964,0.48278,24501.3097,BUY,False,NONE,0.25,NONE,AGGRESSIVE_BUY
2021-08-19,2021,1780.0,NO_SWEEP,20721.9719,74759.0281,95481.0,0.8217,-54037.0562,-0.56595,20512.2104,SELL,False,NONE,0.0,NONE,AGGRESSIVE_SELL
2021-08-20,2021,1780.94,NO_SWEEP,35893.4271,38578.5729,74472.0,-1.0882,-2685.1458,-0.03606,22938.2895,NEUTRAL,False,NONE,0.25,NONE,NEUTRAL
2021-08-23,2021,1805.18,BUY_SIDE_SWEEP,72948.6,8105.4,81054.0,-0.4407,64843.2,0.8,21926.9895,BUY,False,NONE,0.0,NONE,AGGRESSIVE_BUY
2021-08-24,2021,1802.83,NO_SWEEP,11567.6891,56783.3109,68351.0,-1.4307,-45215.6218,-0.66152,10891.6707,SELL,False,NONE,0.25,NONE,AGGRESSIVE_SELL
2021-08-25,2021,1790.33,NO_SWEEP,19326.2013,52577.7987,71904.0,-1.0177,-33251.5974,-0.46244,-574.2789,SELL,False,NONE,0.0,NONE,AGGRESSIVE_SELL
2021-08-26,2021,1791.69,NO_SWEEP,50033.7172,16621.2828,66655.0,-1.3117,33412.4343,0.50127,-4823.5246,BUY,False,NONE,0.25,NONE,AGGRESSIVE_BUY
2021-08-27,2021,1817.85,BUY_SIDE_SWEEP,66412.8,7379.2,73792.0,-0.6908,59033.6,0.8,7868.1887,BUY,False,NONE,0.0,NONE,AGGRESSIVE_BUY
2021-08-30,2021,1810.13,NO_SWEEP,5493.1333,45762.8667,51256.0,-2.0843,-40269.7333,-0.78566,-2271.24,SELL,False,NONE,0.0,NONE,AGGRESSIVE_SELL
2021-08-31,2021,1814.26,NO_SWEEP,56097.7379,13699.2621,69797.0,-0.7557,42398.4758,0.60745,9783.2015,BUY,False,NONE,0.25,NONE,AGGRESSIVE_BUY
2021-09-01,2021,1813.77,NO_SWEEP,20802.7405,45754.2595,66557.0,-0.9124,-24951.519,-0.37489,6999.9048,SELL,False,NONE,0.25,NONE,AGGRESSIVE_SELL
2021-09-02,2021,1809.55,NO_SWEEP,12864.338,35293.662,48158.0,-1.8887,-22429.324,-0.46574,-3909.1607,SELL,False,NONE,0.0,NONE,AGGRESSIVE_SELL
2021-09-03,2021,1827.59,BUY_SIDE_SWEEP,53347.2291,11552.7709,64900.0,-0.7586,41794.4582,0.64398,6967.0993,BUY,False,NONE,0.0,NONE,AGGRESSIVE_BUY
2021-09-06,2021,1823.14,NO_SWEEP,4154.619,26280.381,30435.0,-2.7531,-22125.7619,-0.72698,8357.8288,SELL,False,NONE,0.0,NONE,AGGRESSIVE_SELL
2021-09-07,2021,1793.92,NO_SWEEP,6512.0,58608.0,65120.0,-0.4071,-52096.0,-0.8,-2330.7255,SELL,False,NONE,0.0,NONE,AGGRESSIVE_SELL
2021-09-08,2021,1789.29,NO_SWEEP,16996.5912,52660.4088,69657.0,-0.0295,-35663.8177,-0.51199,-14167.9027,SELL,False,NONE,0.25,NONE,AGGRESSIVE_SELL
2021-09-09,2021,1794.36,NO_SWEEP,50680.994,18618.006,69299.0,-0.0247,32062.988,0.46268,-5126.3126,BUY,False,NONE,0.25,NONE,AGGRESSIVE_BUY
2021-09-10,2021,1787.81,NO_SWEEP,6412.1,57708.9,64121.0,-0.3627,-51296.8,-0.8,-16838.222,SELL,False,NONE,0.0,NONE,AGGRESSIVE_SELL
2021-09-13,2021,1793.37,NO_SWEEP,40525.5021,12761.4979,53287.0,-1.0293,27764.0042,0.52103,-10248.7816,BUY,False,NONE,0.0,NONE,AGGRESSIVE_BUY
2021-09-14,2021,1804.69,NO_SWEEP,61427.7,6825.3,68253.0,0.1038,54602.4,0.8,-619.8161,BUY,False,NONE,0.0,NONE,AGGRESSIVE_BUY
2021-09-15,2021,1793.73,NO_SWEEP,9265.2415,62644.7585,71910.0,0.4417,-53379.517,-0.74231,-12516.563,SELL,False,NONE,0.0,NONE,AGGRESSIVE_SELL
2021-09-16,2021,1752.72,SELL_SIDE_SWEEP,9475.7626,82748.2374,92224.0,2.09,-73272.4747,-0.79451,-18909.9021,SELL,False,NONE,0.35,NONE,AGGRESSIVE_SELL
2021-09-17,2021,1753.92,NO_SWEEP,49618.0976,44377.9024,93996.0,1.9495,5240.1951,0.05575,-11742.8778,NEUTRAL,True,NONE,0.6,NONE,NEUTRAL
2021-09-20,2021,1764.82,NO_SWEEP,86659.2,9628.8,96288.0,1.9052,77030.4,0.8,2343.8995,BUY,False,NONE,0.35,NONE,AGGRESSIVE_BUY
2021-09-21,2021,1773.89,NO_SWEEP,59288.8035,17728.1965,77017.0,0.5823,41560.6071,0.53963,3531.1018,BUY,False,NONE,0.0,NONE,AGGRESSIVE_BUY
2021-09-22,2021,1767.99,NO_SWEEP,9690.6428,85522.3572,95213.0,1.5948,-75831.7144,-0.79644,464.2375,SELL,True,NONE,0.6,NONE,AGGRESSIVE_SELL
2021-09-23,2021,1742.48,NO_SWEEP,9400.4,84603.6,94004.0,1.3645,-75203.2,-0.8,-12406.663,SELL,False,NONE,0.35,NONE,AGGRESSIVE_SELL
2021-09-24,2021,1749.72,NO_SWEEP,49611.9093,23865.0907,73477.0,0.1602,25746.8187,0.35041,-16013.6106,BUY,False,NONE,0.25,NONE,AGGRESSIVE_BUY
2021-09-27,2021,1750.15,NO_SWEEP,48068.5089,42183.4911,90252.0,1.0376,5885.0178,0.06521,-8605.5438,NEUTRAL,True,NONE,0.6,NONE,NEUTRAL
2021-09-28,2021,1733.53,SELL_SIDE_SWEEP,15706.9592,93345.0408,109052.0,1.8435,-77638.0817,-0.71194,-9151.2447,SELL,False,NONE,0.35,NONE,AGGRESSIVE_SELL
2021-09-29,2021,1726.46,SELL_SIDE_SWEEP,13995.8687,85060.1313,99056.0,1.1808,-71064.2625,-0.71742,-18689.3019,SELL,True,NONE,0.6,NONE,AGGRESSIVE_SELL
2021-09-30,2021,1757.16,NO_SWEEP,89619.8029,11798.1971,101418.0,1.1896,77821.6057,0.76734,-18590.4012,BUY,False,NONE,0.35,NONE,AGGRESSIVE_BUY
2021-10-01,2021,1760.15,NO_SWEEP,74978.9845,18656.0155,93635.0,0.7026,56322.969,0.60152,-16745.1059,BUY,False,NONE,0.25,NONE,AGGRESSIVE_BUY
2021-10-04,2021,1769.35,NO_SWEEP,84951.0,9439.0,94390.0,0.7119,75512.0,0.8,2172.8584,BUY,False,NONE,0.0,NONE,AGGRESSIVE_BUY
2021-10-05,2021,1759.87,NO_SWEEP,31937.7076,52190.2924,84128.0,-0.0278,-20252.5848,-0.24074,9041.6853,SELL,False,NONE,0.0,NONE,AGGRESSIVE_SELL
2021-10-06,2021,1762.87,NO_SWEEP,84603.6,9400.4,94004.0,0.5772,75203.2,0.8,15223.7329,BUY,False,NONE,0.25,NONE,AGGRESSIVE_BUY
2021-10-07,2021,1754.91,NO_SWEEP,10523.3502,65870.6498,76394.0,-0.6952,-55347.2996,-0.7245,7569.6933,SELL,False,NONE,0.0,NONE,AGGRESSIVE_SELL
2021-10-08,2021,1757.1,NO_SWEEP,37254.6181,57821.3819,95076.0,0.5649,-20566.7638,-0.21632,14703.608,SELL,False,NONE,0.25,NONE,AGGRESSIVE_SELL
2021-10-11,2021,1754.11,NO_SWEEP,19216.2067,56153.7933,75370.0,-1.2227,-36937.5867,-0.49008,18969.4425,SELL,False,NONE,0.25,NONE,AGGRESSIVE_SELL
2021-10-12,2021,1760.19,NO_SWEEP,56056.0545,29511.9455,85568.0,-0.4084,26544.1089,0.31021,12559.7554,BUY,False,NONE,0.25,NONE,AGGRESSIVE_BUY
2021-10-13,2021,1792.75,BUY_SIDE_SWEEP,91960.2,10217.8,102178.0,1.1734,81742.4,0.8,15737.1843,BUY,False,NONE,0.35,NONE,AGGRESSIVE_BUY
2021-10-14,2021,1795.92,NO_SWEEP,60901.6444,18763.3556,79665.0,-1.1146,42138.2887,0.52894,11565.4703,BUY,False,NONE,0.25,NONE,AGGRESSIVE_BUY
2021-10-15,2021,1767.42,NO_SWEEP,9107.9,81971.1,91079.0,0.0738,-72863.2,-0.8,4989.1435,SELL,False,NONE,0.0,NONE,AGGRESSIVE_SELL
2021-10-18,2021,1764.53,NO_SWEEP,25393.0675,75439.9325,100833.0,1.0361,-50046.865,-0.49633,-10667.1147,SELL,True,NONE,0.6,NONE,AGGRESSIVE_SELL
2021-10-19,2021,1768.99,NO_SWEEP,46526.8282,48495.1718,95022.0,0.375,-1968.3436,-0.02071,-3994.7452,NEUTRAL,False,NONE,0.25,NONE,NEUTRAL
2021-10-20,2021,1782.06,NO_SWEEP,74938.5311,19601.4689,94540.0,0.3278,55337.0622,0.58533,5493.2331,BUY,False,NONE,0.0,NONE,AGGRESSIVE_BUY
2021-10-21,2021,1783.32,NO_SWEEP,65500.1379,32529.8621,98030.0,0.6707,32970.2758,0.33633,14231.7159,BUY,False,NONE,0.25,NONE,AGGRESSIVE_BUY
2021-10-22,2021,1792.67,NO_SWEEP,57270.7355,52537.2645,109808.0,1.7522,4733.4711,0.04311,11505.3862,NEUTRAL,True,NONE,0.6,NONE,NEUTRAL
2021-10-25,2021,1807.43,NO_SWEEP,85741.6262,9634.3738,95376.0,0.1769,76107.2523,0.79797,10800.9927,BUY,False,NONE,0.0,NONE,AGGRESSIVE_BUY
2021-10-26,2021,1793.0,NO_SWEEP,25554.5484,64206.4516,89761.0,-0.348,-38651.9032,-0.43061,702.2187,SELL,False,NONE,0.0,NONE,AGGRESSIVE_SELL
2021-10-27,2021,1796.89,NO_SWEEP,88223.4,9802.6,98026.0,0.6173,78420.8,0.8,19612.7187,BUY,False,NONE,0.25,NONE,AGGRESSIVE_BUY
2021-10-28,2021,1798.81,NO_SWEEP,61429.7776,49598.2224,111028.0,1.9145,11831.5552,0.10656,27347.5212,NEUTRAL,True,NONE,0.6,NONE,NEUTRAL
2021-10-29,2021,1782.98,NO_SWEEP,31322.0294,87538.9706,118861.0,2.2457,-56216.9411,-0.47296,20566.4465,SELL,False,NONE,0.35,NONE,AGGRESSIVE_SELL
2021-11-01,2021,1793.2,NO_SWEEP,78541.5706,9584.4294,88126.0,-0.5493,68957.1412,0.78248,22268.9564,BUY,False,NONE,0.0,NONE,AGGRESSIVE_BUY
2021-11-02,2021,1787.84,NO_SWEEP,8056.0961,72343.9039,80400.0,-1.2155,-64287.8078,-0.7996,10111.696,SELL,False,NONE,0.0,NONE,AGGRESSIVE_SELL
2021-11-03,2021,1769.89,NO_SWEEP,26204.3869,69219.6131,95424.0,0.1251,-43015.2263,-0.45078,4143.1088,SELL,False,NONE,0.0,NONE,AGGRESSIVE_SELL
2021-11-04,2021,1791.71,NO_SWEEP,73124.3526,15996.6474,89121.0,-0.5292,57127.7052,0.64101,1770.6654,BUY,False,NONE,0.0,NONE,AGGRESSIVE_BUY
2021-11-05,2021,1817.84,BUY_SIDE_SWEEP,88881.3,9875.7,98757.0,0.3717,79005.6,0.8,16477.8533,BUY,False,NONE,0.0,NONE,AGGRESSIVE_BUY
2021-11-08,2021,1824.14,BUY_SIDE_SWEEP,76790.4471,9994.5529,86785.0,-0.8882,66795.8941,0.76967,15024.7401,BUY,False,NONE,0.0,NONE,AGGRESSIVE_BUY
2021-11-09,2021,1831.68,BUY_SIDE_SWEEP,79056.0,8784.0,87840.0,-0.7999,70272.0,0.8,22329.7957,BUY,False,NONE,0.0,NONE,AGGRESSIVE_BUY
2021-11-10,2021,1848.97,BUY_SIDE_SWEEP,73483.9785,30967.0215,104451.0,0.9068,42516.9569,0.40705,34671.5329,BUY,False,NONE,0.0,NONE,AGGRESSIVE_BUY
2021-11-11,2021,1861.77,NO_SWEEP,63966.4601,9395.5399,73362.0,-2.1317,54570.9202,0.74386,32873.2553,BUY,False,NONE,0.0,NONE,AGGRESSIVE_BUY
2021-11-12,2021,1864.35,NO_SWEEP,75538.2238,11026.7762,86565.0,-0.8177,64511.4477,0.74524,48973.1622,BUY,False,NONE,0.25,NONE,AGGRESSIVE_BUY
2021-11-15,2021,1862.71,NO_SWEEP,25116.3213,53786.6787,78903.0,-1.3825,-28670.3573,-0.36336,50766.2709,SELL,False,NONE,0.25,NONE,AGGRESSIVE_SELL
2021-11-16,2021,1849.98,NO_SWEEP,9633.6,86702.4,96336.0,0.2067,-77068.8,-0.8,33991.7077,SELL,False,NONE,0.0,NONE,AGGRESSIVE_SELL
2021-11-17,2021,1867.39,NO_SWEEP,74883.6,8320.4,83204.0,-0.921,66563.2,0.8,32436.4077,BUY,False,NONE,0.0,NONE,AGGRESSIVE_BUY
2021-11-18,2021,1858.81,NO_SWEEP,13802.7734,69191.2266,82994.0,-0.8591,-55388.4533,-0.66738,17163.3643,SELL,False,NONE,0.0,NONE,AGGRESSIVE_SELL
2021-11-19,2021,1845.7,NO_SWEEP,9912.8,89215.2,99128.0,0.6403,-79302.4,-0.8,-1533.4357,SELL,False,NONE,0.0,NONE,AGGRESSIVE_SELL
2021-11-22,2021,1804.77,SELL_SIDE_SWEEP,11138.0,100242.0,111380.0,1.5885,-89104.0,-0.8,-17986.0553,SELL,False,NONE,0.35,NONE,AGGRESSIVE_SELL
2021-11-23,2021,1789.28,SELL_SIDE_SWEEP,18029.6313,89702.3687,107732.0,1.1548,-71672.7375,-0.66529,-33766.5126,SELL,False,NONE,0.35,NONE,AGGRESSIVE_SELL
2021-11-24,2021,1788.64,NO_SWEEP,39955.827,60640.173,100596.0,0.5448,-20684.3461,-0.20562,-44415.9868,SELL,False,NONE,0.25,NONE,AGGRESSIVE_SELL
2021-11-25,2021,1788.42,NO_SWEEP,21315.0016,22468.9984,43784.0,-2.9965,-1153.9969,-0.02636,-40976.4417,NEUTRAL,False,NONE,0.25,NONE,NEUTRAL
2021-11-26,2021,1790.86,NO_SWEEP,52802.4493,51076.5507,103879.0,0.9542,1725.8986,0.01661,-31127.1044,NEUTRAL,False,NONE,0.25,NONE,NEUTRAL
2021-11-29,2021,1784.96,NO_SWEEP,19673.5686,63835.4314,83509.0,-0.4224,-44161.8629,-0.52883,-44967.7373,SELL,False,NONE,0.25,NONE,AGGRESSIVE_SELL
2021-11-30,2021,1774.43,SELL_SIDE_SWEEP,11728.8,105559.2,117288.0,1.6422,-93830.4,-0.8,-49772.9806,SELL,True,NONE,0.6,NONE,AGGRESSIVE_SELL
2021-12-01,2021,1781.88,NO_SWEEP,67382.5485,43879.4515,111262.0,1.1651,23503.0969,0.21124,-36922.2935,BUY,True,NONE,0.6,NONE,AGGRESSIVE_BUY
2021-12-02,2021,1768.4,SELL_SIDE_SWEEP,24093.9098,90514.0902,114608.0,1.2405,-66420.1805,-0.57954,-34086.816,SELL,False,NONE,0.35,NONE,AGGRESSIVE_SELL
2021-12-03,2021,1783.88,NO_SWEEP,101918.7,11324.3,113243.0,1.0845,90594.4,0.8,-13803.4238,BUY,False,NONE,0.35,NONE,AGGRESSIVE_BUY
2021-12-06,2021,1778.37,NO_SWEEP,14496.8368,79760.1632,94257.0,-0.0265,-65263.3263,-0.6924,-19375.7964,SELL,False,NONE,0.25,NONE,AGGRESSIVE_SELL
2021-12-07,2021,1784.16,NO_SWEEP,69003.8913,13215.1087,82219.0,-0.6983,55788.7826,0.67854,-12257.9489,BUY,False,NONE,0.25,NONE,AGGRESSIVE_BUY
2021-12-08,2021,1782.49,NO_SWEEP,12723.8472,73441.1528,86165.0,-0.4221,-60717.3057,-0.70466,-20063.3495,SELL,False,NONE,0.25,NONE,AGGRESSIVE_SELL
2021-12-09,2021,1775.13,NO_SWEEP,8343.6,75092.4,83436.0,-0.6238,-66748.8,-0.8,-22886.7166,SELL,False,NONE,0.0,NONE,AGGRESSIVE_SELL
2021-12-10,2021,1782.82,NO_SWEEP,62600.3911,19648.6089,82249.0,-0.6762,42951.7823,0.52222,-5788.9438,BUY,False,NONE,0.0,NONE,AGGRESSIVE_BUY
2021-12-13,2021,1786.99,NO_SWEEP,50564.7074,24810.2926,75375.0,-1.0574,25754.4148,0.34168,-5507.5291,BUY,False,NONE,0.0,NONE,AGGRESSIVE_BUY
2021-12-14,2021,1770.58,NO_SWEEP,10413.2303,72390.7697,82804.0,-0.583,-61977.5394,-0.74848,-4952.199,SELL,False,NONE,0.0,NONE,AGGRESSIVE_SELL
2021-12-15,2021,1777.09,NO_SWEEP,87893.1,9765.9,97659.0,0.2302,78127.2,0.8,-6510.599,BUY,False,NONE,0.25,NONE,AGGRESSIVE_BUY
2021-12-16,2021,1799.02,BUY_SIDE_SWEEP,89209.8,9912.2,99122.0,0.2704,79297.6,0.8,11559.5168,BUY,False,NONE,0.0,NONE,AGGRESSIVE_BUY
2021-12-17,2021,1797.98,NO_SWEEP,9084.3,81758.7,90843.0,-0.1884,-72674.4,-0.8,-4498.381,SELL,False,NONE,0.25,NONE,AGGRESSIVE_SELL
2021-12-20,2021,1790.3,NO_SWEEP,9749.2,87742.8,97492.0,0.2466,-77993.6,-0.8,-6657.9178,SELL,False,NONE,0.0,NONE,AGGRESSIVE_SELL
2021-12-21,2021,1788.63,NO_SWEEP,13437.3385,68635.6615,82073.0,-0.6064,-55198.3231,-0.67255,-5214.1082,SELL,False,NONE,0.25,NONE,AGGRESSIVE_SELL
2021-12-22,2021,1803.54,NO_SWEEP,65464.2,7273.8,72738.0,-1.0617,58190.4,0.8,-3309.281,BUY,False,NONE,0.0,NONE,AGGRESSIVE_BUY
2021-12-23,2021,1807.76,NO_SWEEP,55219.9209,11412.0791,66632.0,-1.7657,43807.8418,0.65746,-1052.6026,BUY,False,NONE,0.0,NONE,AGGRESSIVE_BUY
2021-12-27,2021,1811.82,NO_SWEEP,59012.1768,7254.8232,66267.0,-1.5769,51757.3536,0.78104,13164.259,BUY,False,NONE,0.0,NONE,AGGRESSIVE_BUY
2021-12-28,2021,1806.13,NO_SWEEP,6544.9,58904.1,65449.0,-1.4846,-52359.2,-0.8,-3146.541,SELL,False,NONE,0.0,NONE,AGGRESSIVE_SELL
2021-12-29,2021,1803.9,NO_SWEEP,41324.3872,33297.6128,74622.0,-0.8315,8026.7743,0.10757,-12055.3942,NEUTRAL,False,NONE,0.25,NONE,NEUTRAL
2021-12-30,2021,1815.08,NO_SWEEP,64163.7,7129.3,71293.0,-0.97,57034.4,0.8,4158.2058,BUY,False,NONE,0.0,NONE,AGGRESSIVE_BUY
2021-12-31,2021,1827.95,BUY_SIDE_SWEEP,52659.0,5851.0,58510.0,-1.7573,46808.0,0.8,19758.4058,BUY,False,NONE,0.0,NONE,AGGRESSIVE_BUY
2022-01-03,2022,1801.2,NO_SWEEP,8722.7,78504.3,87227.0,0.5581,-69781.6,-0.8,17935.4962,SELL,False,NONE,0.0,NONE,AGGRESSIVE_SELL
2022-01-04,2022,1814.36,NO_SWEEP,86369.4,9596.6,95966.0,1.3001,76772.8,0.8,20258.2962,BUY,False,NONE,0.35,NONE,AGGRESSIVE_BUY
2022-01-05,2022,1810.53,NO_SWEEP,9108.6,81977.4,91086.0,0.8256,-72868.8,-0.8,5673.716,SELL,False,NONE,0.25,NONE,AGGRESSIVE_SELL
2022-01-06,2022,1789.72,NO_SWEEP,11446.3,103016.7,114463.0,2.2952,-91570.4,-0.8,-12242.2532,SELL,False,NONE,0.35,NONE,AGGRESSIVE_SELL
2022-01-07,2022,1796.3,NO_SWEEP,83693.4834,9506.5166,93200.0,0.7106,74186.9669,0.796,3576.0176,BUY,False,NONE,0.25,NONE,AGGRESSIVE_BUY
2022-01-10,2022,1801.69,NO_SWEEP,88326.9,9814.1,98141.0,0.9812,78512.8,0.8,12386.7709,BUY,False,NONE,0.0,NONE,AGGRESSIVE_BUY
2022-01-11,2022,1821.43,NO_SWEEP,86234.4,9581.6,95816.0,0.7443,76652.8,0.8,14839.0709,BUY,False,NONE,0.0,NONE,AGGRESSIVE_BUY
2022-01-12,2022,1826.14,NO_SWEEP,80260.2,8917.8,89178.0,0.2622,71342.4,0.8,17905.8709,BUY,False,NONE,0.0,NONE,AGGRESSIVE_BUY
2022-01-13,2022,1822.71,NO_SWEEP,40793.9927,48028.0073,88822.0,0.2728,-7234.0147,-0.08144,25724.319,NEUTRAL,False,NONE,0.25,NONE,NEUTRAL
2022-01-14,2022,1817.54,NO_SWEEP,13826.4851,86881.5149,100708.0,1.0975,-73055.0298,-0.72541,6995.8403,SELL,True,NONE,0.6,NONE,AGGRESSIVE_SELL
2022-01-17,2022,1819.11,NO_SWEEP,36046.0887,14371.9113,50418.0,-2.0278,21674.1773,0.42989,18813.7125,BUY,False,NONE,0.25,NONE,AGGRESSIVE_BUY
2022-01-18,2022,1813.7,NO_SWEEP,38018.8866,78640.1134,116659.0,1.8768,-40621.2268,-0.3482,25182.3591,SELL,True,NONE,0.6,NONE,AGGRESSIVE_SELL
2022-01-19,2022,1840.63,BUY_SIDE_SWEEP,106443.0,11827.0,118270.0,1.7154,94616.0,0.8,27735.9882,BUY,False,NONE,0.35,NONE,AGGRESSIVE_BUY
2022-01-20,2022,1839.53,NO_SWEEP,24079.7918,90938.2082,115018.0,1.3762,-66858.4164,-0.58129,9564.5862,SELL,True,NONE,0.6,NONE,AGGRESSIVE_SELL
2022-01-21,2022,1834.63,NO_SWEEP,34904.8792,83762.1208,118667.0,1.3973,-48857.2416,-0.41172,-6124.169,SELL,True,NONE,0.6,NONE,AGGRESSIVE_SELL
2022-01-24,2022,1843.16,NO_SWEEP,123613.2,13734.8,137348.0,1.988,109878.4,0.8,-1307.169,BUY,False,NONE,0.35,NONE,AGGRESSIVE_BUY
2022-01-25,2022,1847.69,NO_SWEEP,89299.6114,26564.3886,115864.0,0.9087,62735.2228,0.54146,7438.9857,BUY,False,NONE,0.25,NONE,AGGRESSIVE_BUY
2022-01-26,2022,1818.84,NO_SWEEP,11941.7,107475.3,119417.0,0.9738,-95533.6,-0.8,4629.1644,SELL,False,NONE,0.0,NONE,AGGRESSIVE_SELL
2022-01-27,2022,1796.7,SELL_SIDE_SWEEP,15143.3941,119642.6059,134786.0,1.5216,-104499.2119,-0.7753,-11142.5092,SELL,False,NONE,0.35,NONE,AGGRESSIVE_SELL
2022-01-28,2022,1791.58,SELL_SIDE_SWEEP,48662.4038,69172.5962,117835.0,0.6664,-20510.1925,-0.17406,-8628.6299,NEUTRAL,False,NONE,0.25,NONE,NEUTRAL
2022-01-31,2022,1796.88,NO_SWEEP,85176.2935,14694.7065,99871.0,-0.301,70481.587,0.70573,-11645.4316,BUY,False,NONE,0.0,NONE,AGGRESSIVE_BUY
2022-02-01,2022,1800.9,NO_SWEEP,56740.5435,41800.4565,98541.0,-0.379,14940.0871,0.15161,-1420.6186,NEUTRAL,False,NONE,0.25,NONE,NEUTRAL
2022-02-02,2022,1806.86,NO_SWEEP,72440.3657,14661.6343,87102.0,-0.9649,57778.7314,0.66335,11908.878,BUY,False,NONE,0.0,NONE,AGGRESSIVE_BUY
2022-02-03,2022,1804.88,NO_SWEEP,59562.2886,46772.7114,106335.0,0.0651,12789.5772,0.12028,-227.2249,NEUTRAL,False,NONE,0.25,NONE,NEUTRAL
2022-02-04,2022,1807.84,NO_SWEEP,82634.6774,22862.3226,105497.0,-0.0116,59772.3548,0.56658,-597.5834,BUY,False,NONE,0.25,NONE,AGGRESSIVE_BUY
2022-02-07,2022,1820.48,NO_SWEEP,89528.569,14144.431,103673.0,-0.124,75384.1381,0.72713,20767.1339,BUY,False,NONE,0.0,NONE,AGGRESSIVE_BUY
2022-02-08,2022,1826.03,NO_SWEEP,76871.1616,12820.8384,89692.0,-0.8458,64050.3231,0.71411,41835.8258,BUY,False,NONE,0.0,NONE,AGGRESSIVE_BUY
2022-02-09,2022,1832.87,NO_SWEEP,67697.0865,15394.9135,83092.0,-1.1598,52302.1731,0.62945,50937.3715,BUY,False,NONE,0.0,NONE,AGGRESSIVE_BUY
2022-02-10,2022,1826.75,NO_SWEEP,21620.1433,101679.8567,123300.0,0.8435,-80059.7134,-0.64931,32119.7089,SELL,False,NONE,0.25,NONE,AGGRESSIVE_SELL
2022-02-11,2022,1858.98,BUY_SIDE_SWEEP,121131.2564,13714.7436,134846.0,1.2981,107416.5127,0.79659,43679.2621,BUY,False,NONE,0.35,NONE,AGGRESSIVE_BUY
2022-02-14,2022,1871.74,BUY_SIDE_SWEEP,130591.8,14510.2,145102.0,1.9024,116081.6,0.8,50967.1207,BUY,False,NONE,0.35,NONE,AGGRESSIVE_BUY
2022-02-15,2022,1853.36,NO_SWEEP,19697.1749,91398.8251,111096.0,-0.131,-71701.6503,-0.6454,40405.7173,SELL,False,NONE,0.0,NONE,AGGRESSIVE_SELL
2022-02-16,2022,1869.0,NO_SWEEP,89738.1123,11359.8877,101098.0,-0.6756,78378.2246,0.77527,42731.451,BUY,False,NONE,0.0,NONE,AGGRESSIVE_BUY
2022-02-17,2022,1898.25,BUY_SIDE_SWEEP,122793.3,13643.7,136437.0,1.3088,109149.6,0.8,46952.1337,BUY,False,NONE,0.35,NONE,AGGRESSIVE_BUY
2022-02-18,2022,1897.34,NO_SWEEP,53958.5293,60162.4707,114121.0,0.0496,-6203.9414,-0.05436,38170.3507,NEUTRAL,False,NONE,0.25,NONE,NEUTRAL
2022-02-21,2022,1903.46,BUY_SIDE_SWEEP,70357.3953,13680.6047,84038.0,-1.501,56676.7907,0.67442,38717.1779,BUY,False,NONE,0.25,NONE,AGGRESSIVE_BUY
2022-02-22,2022,1898.5,NO_SWEEP,32941.1526,116430.8474,149372.0,1.8941,-83489.6949,-0.55894,38288.4302,SELL,False,NONE,0.35,NONE,AGGRESSIVE_SELL
2022-02-23,2022,1908.08,NO_SWEEP,91461.6,10162.4,101624.0,-0.4961,81299.2,0.8,35023.7661,BUY,False,NONE,0.0,NONE,AGGRESSIVE_BUY
2022-02-24,2022,1903.77,NO_SWEEP,36356.4719,158173.5281,194530.0,3.0397,-121817.0562,-0.62621,5286.4341,SELL,True,NONE,0.6,NONE,AGGRESSIVE_SELL
2022-02-25,2022,1888.25,NO_SWEEP,14905.3,134147.7,149053.0,1.2076,-119242.4,-0.8,-656.1596,SELL,False,NONE,0.35,NONE,AGGRESSIVE_SELL
2022-02-28,2022,1908.26,NO_SWEEP,49237.7265,95605.2735,144843.0,0.9571,-46367.547,-0.32012,-16249.3811,SELL,False,NONE,0.25,NONE,AGGRESSIVE_SELL
2022-03-01,2022,1945.17,NO_SWEEP,128912.4,14323.6,143236.0,0.8155,114588.8,0.8,-15569.4811,BUY,False,NONE,0.0,NONE,AGGRESSIVE_BUY
2022-03-02,2022,1927.61,NO_SWEEP,38747.0616,95636.9384,134384.0,0.4292,-56889.8768,-0.42334,-21905.223,SELL,False,NONE,0.0,NONE,AGGRESSIVE_SELL
2022-03-03,2022,1936.62,NO_SWEEP,99784.804,20022.196,119807.0,-0.1356,79762.608,0.66576,-19019.4959,BUY,False,NONE,0.0,NONE,AGGRESSIVE_BUY
2022-03-04,2022,1969.74,NO_SWEEP,128684.7,14298.3,142983.0,0.6591,114386.4,0.8,5715.016,BUY,False,NONE,0.0,NONE,AGGRESSIVE_BUY
2022-03-07,2022,1997.24,BUY_SIDE_SWEEP,177004.8,19667.2,196672.0,2.1897,157337.6,0.8,15219.816,BUY,False,NONE,0.35,NONE,AGGRESSIVE_BUY
2022-03-08,2022,2050.15,BUY_SIDE_SWEEP,166976.3849,31354.6151,198331.0,1.9411,135621.7699,0.68382,47399.6693,BUY,False,NONE,0.35,NONE,AGGRESSIVE_BUY
2022-03-09,2022,1992.39,NO_SWEEP,22452.9716,140770.0284,163223.0,0.7781,-118317.0569,-0.72488,47515.3371,SELL,False,NONE,0.0,NONE,AGGRESSIVE_SELL
2022-03-10,2022,1996.01,NO_SWEEP,99856.5339,30831.4661,130688.0,-0.2983,69025.0678,0.52817,61939.414,BUY,False,NONE,0.25,NONE,AGGRESSIVE_BUY
2022-03-11,2022,1985.22,NO_SWEEP,42721.2615,49579.7385,92301.0,-1.4098,-6858.4771,-0.07431,46758.5044,NEUTRAL,False,NONE,0.25,NONE,NEUTRAL
2022-03-14,2022,1951.44,NO_SWEEP,9109.8,81988.2,91098.0,-1.3028,-72878.4,-0.8,44759.939,SELL,False,NONE,0.0,NONE,AGGRESSIVE_SELL
2022-03-15,2022,1917.56,NO_SWEEP,15473.1122,84322.8878,99796.0,-1.0129,-68849.7757,-0.68991,26183.391,SELL,False,NONE,0.0,NONE,AGGRESSIVE_SELL
2022-03-16,2022,1924.83,NO_SWEEP,87258.6,9695.4,96954.0,-1.0833,77563.2,0.8,21580.491,BUY,False,NONE,0.25,NONE,AGGRESSIVE_BUY
2022-03-17,2022,1942.56,NO_SWEEP,62420.2812,14684.7188,77105.0,-1.4811,47735.5623,0.6191,7880.2363,BUY,False,NONE,0.0,NONE,AGGRESSIVE_BUY
2022-03-18,2022,1920.74,NO_SWEEP,7697.3,69275.7,76973.0,-1.3692,-61578.4,-0.8,-16769.7849,SELL,False,NONE,0.0,NONE,AGGRESSIVE_SELL
2022-03-21,2022,1934.91,NO_SWEEP,70593.2842,15846.7158,86440.0,-1.129,54746.5684,0.63335,4863.1682,BUY,False,NONE,0.0,NONE,AGGRESSIVE_BUY
2022-03-22,2022,1921.53,NO_SWEEP,24072.9085,63580.0915,87653.0,-0.9965,-39507.1831,-0.45072,-8703.3631,SELL,False,NONE,0.0,NONE,AGGRESSIVE_SELL
2022-03-23,2022,1944.86,NO_SWEEP,72969.3,8107.7,81077.0,-1.1134,64861.6,0.8,261.6465,BUY,False,NONE,0.0,NONE,AGGRESSIVE_BUY
2022-03-24,2022,1956.95,NO_SWEEP,74416.5094,21719.4906,96136.0,-0.6587,52697.0188,0.54815,15958.5738,BUY,False,NONE,0.0,NONE,AGGRESSIVE_BUY
2022-03-25,2022,1957.24,NO_SWEEP,41716.3085,48142.6915,89859.0,-0.7495,-6426.3829,-0.07152,23761.4979,NEUTRAL,False,NONE,0.25,NONE,NEUTRAL
2022-03-28,2022,1921.82,NO_SWEEP,13533.0,121797.0,135330.0,0.5014,-108264.0,-0.8,533.0979,SELL,False,NONE,0.0,NONE,AGGRESSIVE_SELL
2022-03-29,2022,1919.31,NO_SWEEP,65990.5785,60628.4215,126619.0,0.2891,5362.1569,0.04235,-4763.5777,NEUTRAL,False,NONE,0.25,NONE,NEUTRAL
2022-03-30,2022,1933.13,NO_SWEEP,83252.1233,16389.8767,99642.0,-0.4103,66862.2466,0.67102,11291.5031,BUY,False,NONE,0.0,NONE,AGGRESSIVE_BUY
2022-03-31,2022,1936.88,NO_SWEEP,73324.874,30544.126,103869.0,-0.2706,42780.7479,0.41187,9795.7755,BUY,False,NONE,0.25,NONE,AGGRESSIVE_BUY
2022-04-01,2022,1924.09,NO_SWEEP,19690.7494,80792.2506,100483.0,-0.3102,-61101.5011,-0.60808,7096.4858,SELL,False,NONE,0.0,NONE,AGGRESSIVE_SELL
2022-04-04,2022,1932.72,NO_SWEEP,82020.2885,12758.7115,94779.0,-0.3902,69261.5769,0.73077,7646.4829,BUY,False,NONE,0.0,NONE,AGGRESSIVE_BUY
2022-04-05,2022,1923.62,NO_SWEEP,14119.6918,80880.3082,95000.0,-0.2956,-66760.6163,-0.70274,-7285.7215,SELL,False,NONE,0.25,NONE,AGGRESSIVE_SELL
2022-04-06,2022,1925.61,NO_SWEEP,80610.5586,34385.4414,114996.0,1.004,46225.1172,0.40197,-704.284,BUY,True,NONE,0.6,NONE,AGGRESSIVE_BUY
2022-04-07,2022,1931.25,NO_SWEEP,73208.8019,26064.1981,99273.0,0.1397,47144.6038,0.4749,18721.7915,BUY,False,NONE,0.0,NONE,AGGRESSIVE_BUY
2022-04-08,2022,1946.4,NO_SWEEP,88497.0,9833.0,98330.0,0.0531,78664.0,0.8,27884.5219,BUY,False,NONE,0.0,NONE,AGGRESSIVE_BUY
2022-04-11,2022,1954.81,NO_SWEEP,76867.626,41733.374,118601.0,1.3174,35134.2519,0.29624,23918.5225,BUY,True,NONE,0.6,NONE,AGGRESSIVE_BUY
2022-04-12,2022,1966.38,NO_SWEEP,80854.7336,34361.2664,115216.0,1.0106,46493.4673,0.40353,24382.6125,BUY,False,NONE,0.35,NONE,AGGRESSIVE_BUY
2022-04-13,2022,1977.76,NO_SWEEP,85987.3479,14319.6521,100307.0,0.0276,71667.6957,0.71448,40978.7621,BUY,False,NONE,0.0,NONE,AGGRESSIVE_BUY
2022-04-14,2022,1973.19,NO_SWEEP,46366.1703,56893.8297,103260.0,0.1435,-10527.6595,-0.10195,31005.1075,NEUTRAL,False,NONE,0.25,NONE,NEUTRAL
2022-04-18,2022,1978.71,NO_SWEEP,55626.9008,59222.0992,114849.0,0.8668,-3595.1984,-0.0313,38900.7848,NEUTRAL,False,NONE,0.25,NONE,NEUTRAL
2022-04-19,2022,1949.19,NO_SWEEP,12264.8,110383.2,122648.0,1.3011,-98118.4,-0.8,20857.8451,SELL,False,NONE,0.35,NONE,AGGRESSIVE_SELL
2022-04-20,2022,1957.63,NO_SWEEP,111313.8,12368.2,123682.0,1.2464,98945.6,0.8,27332.9696,BUY,False,NONE,0.35,NONE,AGGRESSIVE_BUY
2022-04-21,2022,1951.74,NO_SWEEP,61312.4087,59078.5913,120391.0,0.9319,2233.8174,0.01855,17779.1968,NEUTRAL,False,NONE,0.25,NONE,NEUTRAL
2022-04-22,2022,1931.91,NO_SWEEP,16405.5796,113324.4204,129730.0,1.4873,-96918.8408,-0.74708,1272.5602,SELL,False,NONE,0.35,NONE,AGGRESSIVE_SELL
2022-04-25,2022,1897.67,SELL_SIDE_SWEEP,15831.9858,139407.0142,155239.0,2.6925,-123575.0284,-0.79603,-19986.0017,SELL,False,NONE,0.35,NONE,AGGRESSIVE_SELL
2022-04-26,2022,1906.14,NO_SWEEP,95431.8111,28776.1889,124208.0,0.7506,66655.6222,0.53665,-20612.5109,BUY,False,NONE,0.0,NONE,AGGRESSIVE_BUY
2022-04-27,2022,1885.53,SELL_SIDE_SWEEP,14528.6815,114800.3185,129329.0,1.0764,-100271.637,-0.77532,-31830.5081,SELL,False,NONE,0.35,NONE,AGGRESSIVE_SELL
2022-04-28,2022,1894.22,NO_SWEEP,122795.1,13643.9,136439.0,1.3841,109151.2,0.8,-17737.2083,BUY,False,NONE,0.35,NONE,AGGRESSIVE_BUY
2022-04-29,2022,1896.42,NO_SWEEP,52216.3481,78050.6519,130267.0,0.893,-25834.3038,-0.19832,-8701.6963,SELL,False,NONE,0.25,NONE,AGGRESSIVE_SELL
2022-05-02,2022,1863.21,SELL_SIDE_SWEEP,15844.6448,103141.3552,118986.0,0.1128,-87296.7105,-0.73367,-31981.9851,SELL,False,NONE,0.0,NONE,AGGRESSIVE_SELL
2022-05-03,2022,1868.01,NO_SWEEP,79388.7183,27213.2817,106602.0,-0.7778,52175.4365,0.48944,-25739.2827,BUY,False,NONE,0.25,NONE,AGGRESSIVE_BUY
2022-05-04,2022,1881.75,NO_SWEEP,84362.3081,20923.6919,105286.0,-0.9469,63438.6163,0.60254,-5694.6006,BUY,False,NONE,0.0,NONE,AGGRESSIVE_BUY
2022-05-05,2022,1877.2,NO_SWEEP,14770.9,132938.1,147709.0,1.8218,-118167.2,-0.8,-5018.622,SELL,True,NONE,0.6,NONE,AGGRESSIVE_SELL
2022-05-06,2022,1882.37,NO_SWEEP,97225.9942,35809.0058,133035.0,0.7724,61416.9883,0.46166,-5673.4513,BUY,False,NONE,0.25,NONE,AGGRESSIVE_BUY
2022-05-09,2022,1854.13,NO_SWEEP,14476.6,130289.4,144766.0,1.4344,-115812.8,-0.8,-7616.0966,SELL,False,NONE,0.35,NONE,AGGRESSIVE_SELL
2022-05-10,2022,1838.24,SELL_SIDE_SWEEP,13929.4,125364.6,139294.0,0.9636,-111435.2,-0.8,-35189.3966,SELL,False,NONE,0.0,NONE,AGGRESSIVE_SELL
2022-05-11,2022,1852.3,NO_SWEEP,112648.6845,20887.3155,133536.0,0.5142,91761.369,0.68717,-20489.9375,BUY,False,NONE,0.0,NONE,AGGRESSIVE_BUY
2022-05-12,2022,1821.94,SELL_SIDE_SWEEP,14759.1,132831.9,147591.0,1.3582,-118072.8,-0.8,-24336.9487,SELL,False,NONE,0.35,NONE,AGGRESSIVE_SELL
2022-05-13,2022,1811.66,SELL_SIDE_SWEEP,34212.3939,80992.6061,115205.0,-1.0304,-46780.2121,-0.40606,-36706.4048,SELL,False,NONE,0.0,NONE,AGGRESSIVE_SELL
2022-05-16,2022,1824.79,NO_SWEEP,97467.3,10829.7,108297.0,-1.4779,86637.6,0.8,-33806.5319,BUY,False,NONE,0.25,NONE,AGGRESSIVE_BUY
2022-05-17,2022,1814.52,NO_SWEEP,10559.2,95032.8,105592.0,-1.5191,-84473.6,-0.8,-29594.8319,SELL,False,NONE,0.0,NONE,AGGRESSIVE_SELL
2022-05-18,2022,1817.35,NO_SWEEP,70155.6193,29534.3807,99690.0,-1.6992,40621.2386,0.40748,-32194.3006,BUY,False,NONE,0.25,NONE,AGGRESSIVE_BUY
2022-05-19,2022,1841.17,NO_SWEEP,95860.3701,16423.6299,112284.0,-0.8632,79436.7403,0.70746,-7788.108,BUY,False,NONE,0.0,NONE,AGGRESSIVE_BUY
2022-05-20,2022,1845.71,NO_SWEEP,78177.8983,14127.1017,92305.0,-1.8123,64050.7966,0.6939,14147.6416,BUY,False,NONE,0.25,NONE,AGGRESSIVE_BUY
2022-05-23,2022,1853.6,NO_SWEEP,57618.8308,34416.1692,92035.0,-1.6644,23202.6615,0.25211,5577.8031,BUY,False,NONE,0.25,NONE,AGGRESSIVE_BUY
2022-05-24,2022,1866.14,BUY_SIDE_SWEEP,64453.9812,8948.0188,73402.0,-2.2249,55505.9623,0.75619,27275.1484,BUY,False,NONE,0.0,NONE,AGGRESSIVE_BUY
2022-05-25,2022,1853.79,NO_SWEEP,24204.5386,52373.4614,76578.0,-1.7823,-28168.9228,-0.36785,29601.5596,SELL,False,NONE,0.0,NONE,AGGRESSIVE_SELL
2022-05-26,2022,1850.85,NO_SWEEP,44243.7565,41055.2435,85299.0,-1.2471,3188.513,0.03738,19170.4237,NEUTRAL,False,NONE,0.25,NONE,NEUTRAL
2022-05-27,2022,1852.98,NO_SWEEP,39306.3001,32122.6999,71429.0,-1.6308,7183.6003,0.10057,30627.5737,NEUTRAL,False,NONE,0.25,NONE,NEUTRAL
2022-05-30,2022,1855.1,NO_SWEEP,29015.1535,18866.8465,47882.0,-2.1521,10148.307,0.21194,26818.4573,BUY,False,NONE,0.25,NONE,AGGRESSIVE_BUY
2022-05-31,2022,1838.26,NO_SWEEP,8620.6639,77079.3361,85700.0,-0.7245,-68458.6721,-0.79882,8331.5307,SELL,False,NONE,0.0,NONE,AGGRESSIVE_SELL
2022-06-01,2022,1846.64,NO_SWEEP,77469.5635,9569.4365,87039.0,-0.6366,67900.127,0.78011,8812.697,BUY,False,NONE,0.0,NONE,AGGRESSIVE_BUY
2022-06-02,2022,1868.36,NO_SWEEP,64772.1,7196.9,71969.0,-1.0737,57575.2,0.8,13109.2643,BUY,False,NONE,0.0,NONE,AGGRESSIVE_BUY
2022-06-03,2022,1851.16,NO_SWEEP,6613.9,59525.1,66139.0,-1.1657,-52911.2,-0.8,-442.881,SELL,False,NONE,0.0,NONE,AGGRESSIVE_SELL
2022-06-06,2022,1842.14,NO_SWEEP,7051.6,63464.4,70516.0,-0.924,-56412.8,-0.8,-3973.3656,SELL,False,NONE,0.0,NONE,AGGRESSIVE_SELL
2022-06-07,2022,1852.01,NO_SWEEP,61132.641,9368.359,70501.0,-0.8478,51764.2821,0.73423,2098.6055,BUY,False,NONE,0.0,NONE,AGGRESSIVE_BUY
2022-06-08,2022,1852.83,NO_SWEEP,46721.6258,21650.3742,68372.0,-0.8619,25071.2517,0.36669,4334.562,BUY,False,NONE,0.25,NONE,AGGRESSIVE_BUY
2022-06-09,2022,1847.94,NO_SWEEP,27847.2352,49050.7648,76898.0,-0.4026,-21203.5296,-0.27574,415.5824,SELL,False,NONE,0.25,NONE,AGGRESSIVE_SELL
2022-06-10,2022,1871.57,NO_SWEEP,97471.8,10830.2,108302.0,1.4831,86641.6,0.8,19803.1164,BUY,False,NONE,0.35,NONE,AGGRESSIVE_BUY
2022-06-13,2022,1819.11,SELL_SIDE_SWEEP,13556.6,122009.4,135566.0,2.5925,-108452.8,-0.8,-2240.9995,SELL,False,NONE,0.35,NONE,AGGRESSIVE_SELL
2022-06-14,2022,1809.31,SELL_SIDE_SWEEP,13270.4891,107528.5109,120799.0,1.7061,-94258.0218,-0.78029,-21220.1522,SELL,True,NONE,0.6,NONE,AGGRESSIVE_SELL
2022-06-15,2022,1833.77,NO_SWEEP,124670.3854,24329.6146,149000.0,2.4665,100340.7708,0.67343,-2063.6559,BUY,False,NONE,0.35,NONE,AGGRESSIVE_BUY
2022-06-16,2022,1856.47,NO_SWEEP,117222.3,13024.7,130247.0,1.5955,104197.6,0.8,18012.6441,BUY,False,NONE,0.35,NONE,AGGRESSIVE_BUY
2022-06-17,2022,1840.39,NO_SWEEP,24427.5724,82047.4276,106475.0,0.6418,-57619.8552,-0.54116,4339.627,SELL,False,NONE,0.0,NONE,AGGRESSIVE_SELL
2022-06-20,2022,1838.41,NO_SWEEP,32499.1855,27887.8145,60387.0,-1.0317,4611.3709,0.07636,1782.1419,NEUTRAL,False,NONE,0.25,NONE,NEUTRAL
2022-06-21,2022,1833.41,NO_SWEEP,18993.5539,66643.4461,85637.0,-0.1162,-47649.8922,-0.55642,-1523.6534,SELL,False,NONE,0.25,NONE,AGGRESSIVE_SELL
2022-06-22,2022,1838.32,NO_SWEEP,75945.7733,28826.2267,104772.0,0.5468,47119.5465,0.44973,-6463.9101,BUY,False,NONE,0.25,NONE,AGGRESSIVE_BUY
2022-06-23,2022,1823.25,NO_SWEEP,9992.0,89928.0,99920.0,0.3374,-79936.0,-0.8,-2899.3101,SELL,False,NONE,0.0,NONE,AGGRESSIVE_SELL
2022-06-24,2022,1827.42,NO_SWEEP,75571.4777,19213.5223,94785.0,0.1036,56357.9553,0.59459,15927.687,BUY,False,NONE,0.25,NONE,AGGRESSIVE_BUY
2022-06-27,2022,1822.75,NO_SWEEP,9995.2,89956.8,99952.0,0.2169,-79961.6,-0.8,-6610.1093,SELL,False,NONE,0.0,NONE,AGGRESSIVE_SELL
2022-06-28,2022,1820.62,NO_SWEEP,11695.6863,70805.3137,82501.0,-0.4889,-59109.6274,-0.71647,-27023.5128,SELL,False,NONE,0.25,NONE,AGGRESSIVE_SELL
2022-06-29,2022,1818.25,NO_SWEEP,17235.8941,67306.1059,84542.0,-0.3999,-50070.2118,-0.59225,-26079.8073,SELL,False,NONE,0.25,NONE,AGGRESSIVE_SELL
2022-06-30,2022,1807.16,SELL_SIDE_SWEEP,12919.1295,80615.8705,93535.0,-0.0794,-67696.7409,-0.72376,-35118.3213,SELL,False,NONE,0.0,NONE,AGGRESSIVE_SELL
2022-07-01,2022,1808.94,NO_SWEEP,107826.3,11980.7,119807.0,0.919,95845.6,0.8,-17181.3848,BUY,False,NONE,0.25,NONE,AGGRESSIVE_BUY
2022-07-04,2022,1807.9,NO_SWEEP,15807.7074,43507.2926,59315.0,-1.5701,-27699.5852,-0.46699,-26533.7762,SELL,False,NONE,0.25,NONE,AGGRESSIVE_SELL
2022-07-05,2022,1764.58,SELL_SIDE_SWEEP,10929.7,98367.3,109297.0,0.4138,-87437.6,-0.8,-27471.4762,SELL,False,NONE,0.0,NONE,AGGRESSIVE_SELL
2022-07-06,2022,1739.08,SELL_SIDE_SWEEP,14680.5308,110016.4692,124697.0,0.9671,-95335.9383,-0.76454,-46433.213,SELL,False,NONE,0.0,NONE,AGGRESSIVE_SELL
2022-07-07,2022,1740.09,NO_SWEEP,49339.8374,49512.1626,98852.0,-0.2038,-172.3252,-0.00174,-36459.5536,NEUTRAL,False,NONE,0.25,NONE,NEUTRAL
2022-07-08,2022,1742.45,NO_SWEEP,59138.4615,33117.5385,92256.0,-0.4602,26020.9231,0.28205,-25818.2348,BUY,False,NONE,0.25,NONE,AGGRESSIVE_BUY
2022-07-11,2022,1734.02,NO_SWEEP,12921.1903,78606.8097,91528.0,-0.4172,-65685.6195,-0.71766,-27770.1608,SELL,False,NONE,0.0,NONE,AGGRESSIVE_SELL
2022-07-12,2022,1726.09,SELL_SIDE_SWEEP,10634.3,95708.7,106343.0,0.3191,-85074.4,-0.8,-29942.3681,SELL,False,NONE,0.0,NONE,AGGRESSIVE_SELL
2022-07-13,2022,1735.49,NO_SWEEP,104152.4361,23027.5639,127180.0,1.5291,81124.8721,0.63787,-31782.4591,BUY,True,NONE,0.6,NONE,AGGRESSIVE_BUY
2022-07-14,2022,1709.72,NO_SWEEP,30984.1255,110357.8745,141342.0,2.1354,-79373.749,-0.56157,-38241.7296,SELL,False,NONE,0.35,NONE,AGGRESSIVE_SELL
2022-07-15,2022,1707.32,NO_SWEEP,69428.5145,41014.4855,110443.0,0.5587,28414.0291,0.25727,-23760.276,BUY,False,NONE,0.25,NONE,AGGRESSIVE_BUY
2022-07-18,2022,1708.99,NO_SWEEP,45316.7316,62955.2684,108272.0,0.3668,-17638.5368,-0.16291,-14048.1008,NEUTRAL,False,NONE,0.25,NONE,NEUTRAL
2022-07-19,2022,1711.56,NO_SWEEP,62310.6147,36321.3853,98632.0,-0.2163,25989.2294,0.2635,-10777.9064,BUY,False,NONE,0.25,NONE,AGGRESSIVE_BUY
2022-07-20,2022,1696.53,SELL_SIDE_SWEEP,11739.952,78916.048,90656.0,-0.6274,-67176.096,-0.741,-22427.5338,SELL,False,NONE,0.0,NONE,AGGRESSIVE_SELL
2022-07-21,2022,1718.2,NO_SWEEP,96685.2,10742.8,107428.0,0.304,85942.4,0.8,-3474.0314,BUY,False,NONE,0.0,NONE,AGGRESSIVE_BUY
2022-07-22,2022,1727.38,NO_SWEEP,74601.2435,34497.7565,109099.0,0.3586,40103.487,0.36759,12173.2045,BUY,False,NONE,0.0,NONE,AGGRESSIVE_BUY
2022-07-25,2022,1719.64,NO_SWEEP,16852.5999,89483.4001,106336.0,0.1836,-72630.8002,-0.68303,-7046.2545,SELL,False,NONE,0.25,NONE,AGGRESSIVE_SELL
2022-07-26,2022,1717.2,NO_SWEEP,15902.9394,77538.0606,93441.0,-0.5961,-61635.1212,-0.65962,-4828.9261,SELL,False,NONE,0.25,NONE,AGGRESSIVE_SELL
2022-07-27,2022,1734.33,NO_SWEEP,85973.2695,14649.7305,100623.0,-0.2311,71323.539,0.70882,534.7627,BUY,False,NONE,0.0,NONE,AGGRESSIVE_BUY
2022-07-28,2022,1755.83,BUY_SIDE_SWEEP,111643.2,12404.8,124048.0,1.0687,99238.4,0.8,15144.3798,BUY,False,NONE,0.35,NONE,AGGRESSIVE_BUY
2022-07-29,2022,1766.0,BUY_SIDE_SWEEP,108725.4,12080.6,120806.0,0.8718,96644.8,0.8,23976.3261,BUY,False,NONE,0.0,NONE,AGGRESSIVE_BUY
2022-08-01,2022,1772.12,BUY_SIDE_SWEEP,96921.734,14370.266,111292.0,0.2026,82551.4681,0.74176,42692.2716,BUY,False,NONE,0.0,NONE,AGGRESSIVE_BUY
2022-08-02,2022,1761.04,NO_SWEEP,12339.6,111056.4,123396.0,1.0391,-98716.8,-0.8,19609.8716,SELL,False,NONE,0.35,NONE,AGGRESSIVE_SELL
2022-08-03,2022,1765.47,NO_SWEEP,67637.0935,26036.9065,93674.0,-1.0481,41600.187,0.4441,19796.9591,BUY,False,NONE,0.25,NONE,AGGRESSIVE_BUY
2022-08-04,2022,1791.13,BUY_SIDE_SWEEP,76895.1,8543.9,85439.0,-1.5259,68351.2,0.8,37419.7091,BUY,False,NONE,0.0,NONE,AGGRESSIVE_BUY
2022-08-05,2022,1775.42,NO_SWEEP,28031.3476,86694.6524,114726.0,0.468,-58663.3047,-0.51133,37791.1862,SELL,False,NONE,0.0,NONE,AGGRESSIVE_SELL
2022-08-08,2022,1788.98,NO_SWEEP,81136.8,9015.2,90152.0,-1.291,72121.6,0.8,37890.9438,BUY,False,NONE,0.0,NONE,AGGRESSIVE_BUY
2022-08-09,2022,1794.31,NO_SWEEP,63686.2496,21182.7504,84869.0,-1.4965,42503.4992,0.50081,30799.0812,BUY,False,NONE,0.25,NONE,AGGRESSIVE_BUY
2022-08-10,2022,1792.19,NO_SWEEP,16879.3458,89968.6542,106848.0,0.0547,-73089.3084,-0.68405,9582.3176,SELL,False,NONE,0.25,NONE,AGGRESSIVE_SELL
2022-08-11,2022,1789.44,NO_SWEEP,26895.7099,76352.2901,103248.0,-0.0798,-49456.5802,-0.47901,-6918.6884,SELL,False,NONE,0.25,NONE,AGGRESSIVE_SELL
2022-08-12,2022,1801.62,NO_SWEEP,88922.7,9880.3,98803.0,-0.4149,79042.4,0.8,15301.2116,BUY,False,NONE,0.0,NONE,AGGRESSIVE_BUY
2022-08-15,2022,1779.42,NO_SWEEP,15959.1511,87732.8489,103692.0,0.0289,-71773.6978,-0.69218,1129.476,SELL,False,NONE,0.0,NONE,AGGRESSIVE_SELL
2022-08-16,2022,1775.46,NO_SWEEP,21398.8988,67629.1012,89028.0,-1.1672,-46230.2024,-0.51928,-13193.1993,SELL,False,NONE,0.0,NONE,AGGRESSIVE_SELL
2022-08-17,2022,1762.0,NO_SWEEP,11456.6,103109.4,114566.0,0.8905,-91652.8,-0.8,-17316.8862,SELL,False,NONE,0.0,NONE,AGGRESSIVE_SELL
2022-08-18,2022,1758.38,SELL_SIDE_SWEEP,12804.4957,90126.5043,102931.0,-0.0782,-77322.0087,-0.7512,-35997.3373,SELL,False,NONE,0.25,NONE,AGGRESSIVE_SELL
2022-08-19,2022,1747.28,SELL_SIDE_SWEEP,10501.3,94511.7,105013.0,0.1168,-84010.4,-0.8,-51811.5747,SELL,False,NONE,0.0,NONE,AGGRESSIVE_SELL
2022-08-22,2022,1736.15,SELL_SIDE_SWEEP,28850.8561,75860.1439,104711.0,0.098,-47009.2878,-0.44894,-48551.5721,SELL,False,NONE,0.0,NONE,AGGRESSIVE_SELL
2022-08-23,2022,1747.79,NO_SWEEP,86497.6533,20283.3467,106781.0,0.2223,66214.3067,0.62009,-34092.7113,BUY,False,NONE,0.0,NONE,AGGRESSIVE_BUY
2022-08-24,2022,1751.29,NO_SWEEP,76494.9141,24170.0859,100665.0,-0.3113,52324.8281,0.51979,-37432.4077,BUY,False,NONE,0.25,NONE,AGGRESSIVE_BUY
2022-08-25,2022,1758.62,NO_SWEEP,69330.4701,31193.5299,100524.0,-0.2404,38136.9402,0.37938,-23693.578,BUY,False,NONE,0.0,NONE,AGGRESSIVE_BUY
2022-08-26,2022,1738.08,NO_SWEEP,13410.4431,108152.5569,121563.0,1.7408,-94742.1139,-0.77937,-29757.5669,SELL,False,NONE,0.35,NONE,AGGRESSIVE_SELL
2022-08-29,2022,1737.45,NO_SWEEP,86869.1518,25086.8482,111956.0,0.83,61782.3035,0.55184,-10578.179,BUY,False,NONE,0.25,NONE,AGGRESSIVE_BUY
2022-08-30,2022,1724.23,NO_SWEEP,12068.9775,97428.0225,109497.0,0.7281,-85359.0449,-0.77956,-11582.8085,SELL,False,NONE,0.0,NONE,AGGRESSIVE_SELL
2022-08-31,2022,1710.99,SELL_SIDE_SWEEP,11986.7,107880.3,119867.0,1.5829,-95893.6,-0.8,-13068.2085,SELL,False,NONE,0.35,NONE,AGGRESSIVE_SELL
2022-09-01,2022,1697.55,SELL_SIDE_SWEEP,33743.8966,90709.1034,124453.0,1.8338,-56965.2067,-0.45772,-14312.6984,SELL,False,NONE,0.35,NONE,AGGRESSIVE_SELL
2022-09-02,2022,1712.78,NO_SWEEP,96285.398,18112.602,114398.0,0.8536,78172.796,0.68334,-12817.8872,BUY,False,NONE,0.0,NONE,AGGRESSIVE_BUY
2022-09-05,2022,1710.07,NO_SWEEP,12734.7831,49243.2169,61978.0,-3.1027,-36508.4338,-0.58905,-23922.045,SELL,False,NONE,0.25,NONE,AGGRESSIVE_SELL
2022-09-06,2022,1701.9,NO_SWEEP,12025.9,108233.1,120259.0,1.07,-96207.2,-0.8,-40715.0625,SELL,True,NONE,0.6,NONE,AGGRESSIVE_SELL
2022-09-07,2022,1718.27,NO_SWEEP,114359.4,12706.6,127066.0,1.4237,101652.8,0.8,-16165.6982,BUY,False,NONE,0.35,NONE,AGGRESSIVE_BUY
2022-09-08,2022,1708.42,NO_SWEEP,17220.9726,116487.0274,133708.0,1.6568,-99266.0548,-0.74241,-36296.743,SELL,False,NONE,0.35,NONE,AGGRESSIVE_SELL
2022-09-09,2022,1716.85,NO_SWEEP,64702.7477,46219.2523,110922.0,0.1161,18483.4954,0.16664,-23316.4255,NEUTRAL,False,NONE,0.0,NONE,NEUTRAL
2022-09-12,2022,1724.69,NO_SWEEP,74462.8238,34285.1762,108748.0,-0.0457,40177.6476,0.36946,-6307.5195,BUY,False,NONE,0.25,NONE,AGGRESSIVE_BUY
2022-09-13,2022,1702.32,NO_SWEEP,13190.0359,112344.9641,125535.0,0.9793,-99154.9283,-0.78986,-11581.2347,SELL,False,NONE,0.0,NONE,AGGRESSIVE_SELL
2022-09-14,2022,1697.36,NO_SWEEP,24302.1094,102147.8906,126450.0,0.9772,-77845.7813,-0.61563,-31083.5569,SELL,False,NONE,0.25,NONE,AGGRESSIVE_SELL
2022-09-15,2022,1664.56,SELL_SIDE_SWEEP,12107.0,108963.0,121070.0,0.557,-96856.0,-0.8,-38627.0027,SELL,False,NONE,0.0,NONE,AGGRESSIVE_SELL
2022-09-16,2022,1675.01,NO_SWEEP,101884.8465,16933.1535,118818.0,0.3612,84951.693,0.71497,-15982.141,BUY,False,NONE,0.0,NONE,AGGRESSIVE_BUY
2022-09-19,2022,1675.71,NO_SWEEP,85454.6773,14776.3227,100231.0,-0.8646,70678.3546,0.70515,-19853.9467,BUY,False,NONE,0.25,NONE,AGGRESSIVE_BUY
2022-09-20,2022,1664.76,NO_SWEEP,18203.5755,88111.4245,106315.0,-0.4579,-69907.8489,-0.65755,-16184.171,SELL,False,NONE,0.0,NONE,AGGRESSIVE_SELL
2022-09-21,2022,1673.73,NO_SWEEP,96392.4968,40053.5032,136446.0,1.3788,56338.9935,0.4129,-11452.2337,BUY,True,NONE,0.6,NONE,AGGRESSIVE_BUY
2022-09-22,2022,1671.16,NO_SWEEP,59070.9879,100224.0121,159295.0,2.3082,-41153.0243,-0.25834,-21618.5677,SELL,True,NONE,0.6,NONE,AGGRESSIVE_SELL
2022-09-23,2022,1644.87,SELL_SIDE_SWEEP,15191.0,136719.0,151910.0,1.6743,-121528.0,-0.8,-24415.2017,SELL,False,NONE,0.35,NONE,AGGRESSIVE_SELL
2022-09-26,2022,1622.4,SELL_SIDE_SWEEP,18076.0,162684.0,180760.0,2.4693,-144608.0,-0.8,-32760.479,SELL,False,NONE,0.35,NONE,AGGRESSIVE_SELL
2022-09-27,2022,1629.16,NO_SWEEP,75358.1831,72221.8169,147580.0,0.9569,3136.3661,0.02125,-20261.4332,NEUTRAL,False,NONE,0.25,NONE,NEUTRAL
2022-09-28,2022,1659.88,NO_SWEEP,154086.3,17120.7,171207.0,1.6977,136965.6,0.8,-13759.6949,BUY,False,NONE,0.35,NONE,AGGRESSIVE_BUY
2022-09-29,2022,1660.52,NO_SWEEP,142324.9916,21354.0084,163679.0,1.2728,120970.9833,0.73907,-7473.1163,BUY,True,NONE,0.6,NONE,AGGRESSIVE_BUY
2022-09-30,2022,1660.79,NO_SWEEP,14680.1,132120.9,146801.0,0.5869,-117440.8,-0.8,-13414.7352,SELL,False,NONE,0.25,NONE,AGGRESSIVE_SELL
2022-10-03,2022,1699.62,BUY_SIDE_SWEEP,133517.7,14835.3,148353.0,0.5922,118682.4,0.8,-5621.8094,BUY,False,NONE,0.0,NONE,AGGRESSIVE_BUY
2022-10-04,2022,1726.34,BUY_SIDE_SWEEP,131414.4,14601.6,146016.0,0.4314,116812.8,0.8,14123.9187,BUY,False,NONE,0.0,NONE,AGGRESSIVE_BUY
2022-10-05,2022,1716.25,NO_SWEEP,51962.2369,76844.7631,128807.0,-0.357,-24882.5261,-0.19318,26204.6029,SELL,False,NONE,0.25,NONE,AGGRESSIVE_SELL
2022-10-06,2022,1712.49,NO_SWEEP,27114.6805,103240.3195,130355.0,-0.2783,-76125.6389,-0.58399,34764.898,SELL,False,NONE,0.25,NONE,AGGRESSIVE_SELL
2022-10-07,2022,1694.8,NO_SWEEP,15655.0426,114650.9574,130306.0,-0.3359,-98995.9148,-0.75972,21998.3629,SELL,False,NONE,0.0,NONE,AGGRESSIVE_SELL
2022-10-10,2022,1668.03,NO_SWEEP,12401.2,111610.8,124012.0,-0.6942,-99209.6,-0.8,-7523.5371,SELL,False,NONE,0.0,NONE,AGGRESSIVE_SELL
2022-10-11,2022,1666.1,NO_SWEEP,22197.6762,120844.3238,143042.0,0.196,-98646.6476,-0.68963,-34975.7409,SELL,False,NONE,0.25,NONE,AGGRESSIVE_SELL
2022-10-12,2022,1673.12,NO_SWEEP,106664.6454,29489.3546,136154.0,-0.1697,77175.2908,0.56682,-10648.7296,BUY,False,NONE,0.0,NONE,AGGRESSIVE_BUY
2022-10-13,2022,1666.19,NO_SWEEP,61393.8407,86445.1593,147839.0,0.353,-25051.3185,-0.16945,-28615.4444,NEUTRAL,False,NONE,0.25,NONE,NEUTRAL
2022-10-14,2022,1644.29,NO_SWEEP,15609.3,140483.7,156093.0,0.6927,-124874.4,-0.8,-58826.3444,SELL,False,NONE,0.0,NONE,AGGRESSIVE_SELL
2022-10-17,2022,1650.57,NO_SWEEP,61740.9295,65099.0705,126840.0,-1.0114,-3358.141,-0.02648,-56135.7962,NEUTRAL,False,NONE,0.25,NONE,NEUTRAL
2022-10-18,2022,1651.92,NO_SWEEP,76026.2579,54531.7421,130558.0,-0.9781,21494.5158,0.16464,-43933.2769,NEUTRAL,False,NONE,0.25,NONE,NEUTRAL
2022-10-19,2022,1629.01,SELL_SIDE_SWEEP,12839.7,115557.3,128397.0,-1.071,-102717.6,-0.8,-44398.4876,SELL,False,NONE,0.0,NONE,AGGRESSIVE_SELL
2022-10-20,2022,1628.03,NO_SWEEP,23601.5752,116141.4248,139743.0,-0.2771,-92539.8496,-0.66221,-43564.7688,SELL,False,NONE,0.25,NONE,AGGRESSIVE_SELL
2022-10-21,2022,1657.33,NO_SWEEP,162594.0,18066.0,180660.0,2.074,144528.0,0.8,-13167.9378,BUY,False,NONE,0.35,NONE,AGGRESSIVE_BUY
2022-10-24,2022,1649.36,NO_SWEEP,23712.4023,144205.5977,167918.0,1.4613,-120493.1953,-0.71757,-37876.4986,SELL,False,NONE,0.35,NONE,AGGRESSIVE_SELL
2022-10-25,2022,1653.08,NO_SWEEP,102837.2167,38058.7833,140896.0,-0.2196,64778.4333,0.45976,-26647.7796,BUY,False,NONE,0.25,NONE,AGGRESSIVE_BUY
2022-10-26,2022,1664.62,NO_SWEEP,103554.4132,41443.5868,144998.0,0.1314,62110.8265,0.42836,-3274.6263,BUY,False,NONE,0.0,NONE,AGGRESSIVE_BUY
2022-10-27,2022,1663.26,NO_SWEEP,58938.7729,101319.2271,160258.0,1.2031,-42380.4542,-0.26445,-8152.4154,SELL,True,NONE,0.6,NONE,AGGRESSIVE_SELL
2022-10-28,2022,1644.6,NO_SWEEP,23911.5895,127276.4105,151188.0,0.5557,-103364.821,-0.68368,-23759.8325,SELL,False,NONE,0.0,NONE,AGGRESSIVE_SELL
2022-10-31,2022,1633.56,NO_SWEEP,11797.5,106177.5,117975.0,-1.5294,-94380.0,-0.8,-22717.6325,SELL,False,NONE,0.0,NONE,AGGRESSIVE_SELL
2022-11-01,2022,1647.66,NO_SWEEP,107573.9332,35630.0668,143204.0,0.113,71943.8663,0.50239,-2157.168,BUY,False,NONE,0.0,NONE,AGGRESSIVE_BUY
2022-11-02,2022,1635.07,NO_SWEEP,13997.8,125980.2,139978.0,-0.1348,-111982.4,-0.8,-34220.968,SELL,False,NONE,0.0,NONE,AGGRESSIVE_SELL
2022-11-03,2022,1629.55,NO_SWEEP,54947.2228,93601.7772,148549.0,0.3753,-38654.5544,-0.26021,-23991.1379,SELL,False,NONE,0.25,NONE,AGGRESSIVE_SELL
2022-11-04,2022,1680.79,BUY_SIDE_SWEEP,147203.1,16355.9,163559.0,1.2382,130847.2,0.8,-15732.5421,BUY,False,NONE,0.35,NONE,AGGRESSIVE_BUY
2022-11-07,2022,1675.31,NO_SWEEP,100177.0753,44489.9247,144667.0,-0.0658,55687.1505,0.38493,-16535.5016,BUY,False,NONE,0.25,NONE,AGGRESSIVE_BUY
2022-11-08,2022,1712.33,BUY_SIDE_SWEEP,118983.6,13220.4,132204.0,-0.8669,105763.2,0.8,1982.4552,BUY,False,NONE,0.0,NONE,AGGRESSIVE_BUY
2022-11-09,2022,1706.92,NO_SWEEP,22662.1311,115683.8689,138346.0,-0.4627,-93021.7378,-0.67238,3275.3406,SELL,False,NONE,0.25,NONE,AGGRESSIVE_SELL
2022-11-10,2022,1755.48,BUY_SIDE_SWEEP,136917.0,15213.0,152130.0,0.4521,121704.0,0.8,30285.8406,BUY,False,NONE,0.0,NONE,AGGRESSIVE_BUY
2022-11-11,2022,1770.15,BUY_SIDE_SWEEP,130949.1,14549.9,145499.0,0.0423,116399.2,0.8,35842.7573,BUY,False,NONE,0.0,NONE,AGGRESSIVE_BUY
2022-11-14,2022,1771.09,NO_SWEEP,124393.6508,18341.3492,142735.0,-0.2086,106052.3015,0.743,63097.095,BUY,False,NONE,0.0,NONE,AGGRESSIVE_BUY
2022-11-15,2022,1778.72,BUY_SIDE_SWEEP,149649.7919,58969.2081,208619.0,3.0701,90680.5838,0.43467,79263.9873,BUY,False,NONE,0.35,NONE,AGGRESSIVE_BUY
2022-11-16,2022,1773.79,NO_SWEEP,28599.2152,146107.7848,174707.0,1.1803,-117508.5695,-0.6726,48219.5161,SELL,True,NONE,0.6,NONE,AGGRESSIVE_SELL
2022-11-17,2022,1760.17,NO_SWEEP,28780.6137,119190.3863,147971.0,-0.2262,-90409.7725,-0.611,29957.4007,SELL,False,NONE,0.0,NONE,AGGRESSIVE_SELL
2022-11-18,2022,1750.97,NO_SWEEP,15335.3682,113868.6318,129204.0,-1.1024,-98533.2637,-0.76262,4420.3427,SELL,False,NONE,0.0,NONE,AGGRESSIVE_SELL
2022-11-21,2022,1737.75,NO_SWEEP,25616.7353,117744.2647,143361.0,-0.2827,-92127.5294,-0.64263,4532.1188,SELL,False,NONE,0.0,NONE,AGGRESSIVE_SELL
2022-11-22,2022,1739.97,NO_SWEEP,58969.5807,69282.4193,128252.0,-1.0518,-10312.8385,-0.08041,-11969.986,NEUTRAL,False,NONE,0.25,NONE,NEUTRAL
2022-11-23,2022,1749.4,NO_SWEEP,125466.7487,15048.2513,140515.0,-0.3811,110418.4973,0.78581,-12717.5739,BUY,False,NONE,0.0,NONE,AGGRESSIVE_BUY
2022-11-24,2022,1755.38,NO_SWEEP,67286.2718,19811.7282,87098.0,-2.5139,47474.5437,0.54507,-20039.7936,BUY,False,NONE,0.0,NONE,AGGRESSIVE_BUY
2022-11-25,2022,1754.65,NO_SWEEP,41012.0922,62471.9078,103484.0,-1.5749,-21459.8157,-0.20737,-34057.3435,SELL,False,NONE,0.25,NONE,AGGRESSIVE_SELL
2022-11-28,2022,1741.5,NO_SWEEP,12887.6,115988.4,128876.0,-0.558,-103100.8,-0.8,-32256.3724,SELL,False,NONE,0.0,NONE,AGGRESSIVE_SELL
2022-11-29,2022,1749.67,NO_SWEEP,98328.8615,51966.1385,150295.0,0.3267,46362.723,0.30848,-15159.8104,BUY,False,NONE,0.0,NONE,AGGRESSIVE_BUY
2022-11-30,2022,1768.39,NO_SWEEP,156226.5,17358.5,173585.0,1.1865,138868.0,0.8,14515.3475,BUY,False,NONE,0.35,NONE,AGGRESSIVE_BUY
2022-12-01,2022,1802.86,BUY_SIDE_SWEEP,168774.3,18752.7,187527.0,1.561,150021.6,0.8,44783.9887,BUY,False,NONE,0.35,NONE,AGGRESSIVE_BUY
2022-12-02,2022,1797.98,NO_SWEEP,85917.8801,78008.1199,163926.0,0.67,7909.7601,0.04825,47061.8136,NEUTRAL,False,NONE,0.25,NONE,NEUTRAL
2022-12-05,2022,1768.65,NO_SWEEP,15578.4,140205.6,155784.0,0.3412,-124627.2,-0.8,17681.1014,SELL,False,NONE,0.0,NONE,AGGRESSIVE_SELL
2022-12-06,2022,1770.99,NO_SWEEP,69018.8104,71374.1896,140393.0,-0.2542,-2355.3792,-0.01678,11452.361,NEUTRAL,False,NONE,0.25,NONE,NEUTRAL
2022-12-07,2022,1785.98,NO_SWEEP,128547.6776,21961.3224,150509.0,0.1056,106586.3552,0.70817,27458.1324,BUY,False,NONE,0.0,NONE,AGGRESSIVE_BUY
2022-12-08,2022,1788.98,NO_SWEEP,88723.796,39130.204,127854.0,-0.6986,49593.5919,0.38789,46544.9314,BUY,False,NONE,0.25,NONE,AGGRESSIVE_BUY
2022-12-09,2022,1797.46,NO_SWEEP,85900.7033,44901.2967,130802.0,-0.5562,40999.4066,0.31345,45874.5168,BUY,False,NONE,0.0,NONE,AGGRESSIVE_BUY
2022-12-12,2022,1781.27,NO_SWEEP,15502.0267,101979.9733,117482.0,-0.9787,-86477.9466,-0.7361,17706.2735,SELL,False,NONE,0.0,NONE,AGGRESSIVE_SELL
2022-12-13,2022,1810.51,BUY_SIDE_SWEEP,128275.4216,37160.5784,165436.0,0.963,91114.8432,0.55076,10342.9289,BUY,False,NONE,0.0,NONE,AGGRESSIVE_BUY
2022-12-14,2022,1807.2,NO_SWEEP,73061.4398,94694.5602,167756.0,1.0937,-21633.1203,-0.12896,6650.0688,NEUTRAL,True,NONE,0.6,NONE,NEUTRAL
2022-12-15,2022,1776.8,NO_SWEEP,17298.8,155689.2,172988.0,1.2148,-138390.4,-0.8,4929.6688,SELL,False,NONE,0.35,NONE,AGGRESSIVE_SELL
2022-12-16,2022,1793.1,NO_SWEEP,130468.5,14496.5,144965.0,0.0379,115972.0,0.8,19720.5913,BUY,False,NONE,0.0,NONE,AGGRESSIVE_BUY
2022-12-19,2022,1787.65,NO_SWEEP,22693.9063,102786.0937,125480.0,-0.7184,-80092.1874,-0.63829,-3614.2266,SELL,False,NONE,0.25,NONE,AGGRESSIVE_SELL
2022-12-20,2022,1817.67,NO_SWEEP,168280.2,18697.8,186978.0,1.5665,149582.4,0.8,8884.3744,BUY,False,NONE,0.35,NONE,AGGRESSIVE_BUY
2022-12-21,2022,1814.15,NO_SWEEP,17657.7656,113843.2344,131501.0,-0.538,-96185.4687,-0.73144,-8263.735,SELL,False,NONE,0.25,NONE,AGGRESSIVE_SELL
2022-12-22,2022,1792.4,NO_SWEEP,20497.4914,114965.5086,135463.0,-0.5531,-94468.0172,-0.69737,-9262.4938,SELL,False,NONE,0.0,NONE,AGGRESSIVE_SELL
2022-12-23,2022,1798.51,NO_SWEEP,78077.0233,29442.9767,107520.0,-1.8199,48634.0465,0.45233,-14572.5934,BUY,False,NONE,0.0,NONE,AGGRESSIVE_BUY
2022-12-27,2022,1813.47,NO_SWEEP,62082.2377,44341.7623,106424.0,-1.7074,17740.4755,0.1667,-9650.8939,NEUTRAL,False,NONE,0.0,NONE,NEUTRAL
2022-12-28,2022,1804.21,NO_SWEEP,29273.5031,73262.4969,102536.0,-1.6409,-43988.9939,-0.42901,2149.2819,SELL,False,NONE,0.0,NONE,AGGRESSIVE_SELL
2022-12-29,2022,1814.79,NO_SWEEP,76920.9332,23207.0668,100128.0,-1.5408,53713.8663,0.53645,-5632.9849,BUY,False,NONE,0.0,NONE,AGGRESSIVE_BUY
2022-12-30,2022,1824.2,NO_SWEEP,98230.5527,11135.4473,109366.0,-1.1047,87095.1055,0.79636,15265.4268,BUY,False,NONE,0.0,NONE,AGGRESSIVE_BUY
2023-01-03,2023,1839.47,BUY_SIDE_SWEEP,110817.6872,42712.3128,153530.0,0.6833,68105.3744,0.4436,5080.7986,BUY,False,NONE,0.0,NONE,AGGRESSIVE_BUY
2023-01-04,2023,1854.68,BUY_SIDE_SWEEP,119091.859,40233.141,159325.0,0.9052,78858.718,0.49496,26961.3219,BUY,False,NONE,0.0,NONE,AGGRESSIVE_BUY
2023-01-05,2023,1832.92,NO_SWEEP,23031.5104,119867.4896,142899.0,0.2392,-96835.9792,-0.67765,26665.3266,SELL,False,NONE,0.0,NONE,AGGRESSIVE_SELL
2023-01-06,2023,1866.03,BUY_SIDE_SWEEP,121004.1,13444.9,134449.0,-0.0687,107559.2,0.8,34030.9708,BUY,False,NONE,0.0,NONE,AGGRESSIVE_BUY
2023-01-09,2023,1871.67,BUY_SIDE_SWEEP,72787.267,61553.733,134341.0,-0.0864,11233.5341,0.08362,33217.6032,NEUTRAL,False,NONE,0.25,NONE,NEUTRAL
2023-01-10,2023,1876.91,NO_SWEEP,104614.7117,27316.2883,131931.0,-0.1867,77298.4234,0.5859,48378.5303,BUY,False,NONE,0.0,NONE,AGGRESSIVE_BUY
2023-01-11,2023,1875.65,NO_SWEEP,38385.4415,87286.5585,125672.0,-0.4624,-48901.117,-0.38912,35551.6574,SELL,False,NONE,0.25,NONE,AGGRESSIVE_SELL
2023-01-12,2023,1896.75,BUY_SIDE_SWEEP,148529.1653,21430.8347,169960.0,1.3312,127098.3306,0.74781,40552.0605,BUY,False,NONE,0.35,NONE,AGGRESSIVE_BUY
2023-01-13,2023,1920.29,BUY_SIDE_SWEEP,143593.2,15954.8,159548.0,0.9424,127638.4,0.8,47993.6887,BUY,False,NONE,0.0,NONE,AGGRESSIVE_BUY
2023-01-16,2023,1915.45,NO_SWEEP,16023.0116,74093.9884,90117.0,-1.7188,-58070.9768,-0.6444,30877.4769,SELL,False,NONE,0.25,NONE,AGGRESSIVE_SELL
2023-01-17,2023,1908.59,NO_SWEEP,30759.2727,109080.7273,139840.0,0.3042,-78321.4545,-0.56008,33191.7925,SELL,False,NONE,0.0,NONE,AGGRESSIVE_SELL
2023-01-18,2023,1904.16,NO_SWEEP,32640.7549,147841.2451,180482.0,1.7008,-115200.4902,-0.63829,5346.8312,SELL,True,NONE,0.6,NONE,AGGRESSIVE_SELL
2023-01-19,2023,1932.12,BUY_SIDE_SWEEP,140427.9,15603.1,156031.0,0.92,124824.8,0.8,19545.7394,BUY,False,NONE,0.0,NONE,AGGRESSIVE_BUY
2023-01-20,2023,1925.92,NO_SWEEP,29584.5736,106580.4264,136165.0,0.0974,-76995.8528,-0.56546,258.9549,SELL,False,NONE,0.25,NONE,AGGRESSIVE_SELL
2023-01-23,2023,1930.85,NO_SWEEP,125754.8785,19991.1215,145746.0,0.4658,105763.7571,0.72567,19592.0642,BUY,False,NONE,0.25,NONE,AGGRESSIVE_BUY
2023-01-24,2023,1937.26,NO_SWEEP,122233.4981,20807.5019,143041.0,0.2921,101425.9961,0.70907,16383.0224,BUY,False,NONE,0.25,NONE,AGGRESSIVE_BUY
2023-01-25,2023,1946.08,BUY_SIDE_SWEEP,129342.6,14371.4,143714.0,0.2522,114971.2,0.8,14799.6224,BUY,False,NONE,0.25,NONE,AGGRESSIVE_BUY
2023-01-26,2023,1928.94,NO_SWEEP,34376.9462,110621.0538,144998.0,0.2302,-76244.1075,-0.52583,12527.981,SELL,False,NONE,0.0,NONE,AGGRESSIVE_SELL
2023-01-27,2023,1928.3,NO_SWEEP,52895.4357,66614.5643,119510.0,-1.0765,-13719.1285,-0.11479,20603.2718,NEUTRAL,False,NONE,0.25,NONE,NEUTRAL
2023-01-30,2023,1923.23,NO_SWEEP,18701.9593,126559.0407,145261.0,0.1306,-107857.0814,-0.74251,21521.1979,SELL,False,NONE,0.25,NONE,AGGRESSIVE_SELL
2023-01-31,2023,1928.1,NO_SWEEP,147287.7,16365.3,163653.0,1.0665,130922.4,0.8,22283.3979,BUY,True,NONE,0.6,NONE,AGGRESSIVE_BUY
2023-02-01,2023,1950.06,BUY_SIDE_SWEEP,153206.1,17022.9,170229.0,1.3411,136183.2,0.8,48930.7795,BUY,False,NONE,0.35,NONE,AGGRESSIVE_BUY
2023-02-02,2023,1912.6,NO_SWEEP,18735.8,168622.2,187358.0,1.8918,-149886.4,-0.8,16974.5098,SELL,False,NONE,0.35,NONE,AGGRESSIVE_SELL
2023-02-03,2023,1865.81,SELL_SIDE_SWEEP,18040.1,162360.9,180401.0,1.4002,-144320.8,-0.8,-13743.8397,SELL,False,NONE,0.35,NONE,AGGRESSIVE_SELL
2023-02-06,2023,1867.65,NO_SWEEP,76460.668,75070.332,151531.0,0.1004,1390.336,0.00918,-27941.4477,NEUTRAL,False,NONE,0.25,NONE,NEUTRAL
2023-02-07,2023,1873.63,NO_SWEEP,96568.5362,61328.4638,157897.0,0.3285,35240.0723,0.22318,-14005.9252,BUY,False,NONE,0.25,NONE,AGGRESSIVE_BUY
2023-02-08,2023,1875.55,NO_SWEEP,68793.3767,53319.6233,122113.0,-1.2533,15473.7535,0.12672,-10356.8149,NEUTRAL,False,NONE,0.25,NONE,NEUTRAL
2023-02-09,2023,1861.59,NO_SWEEP,12647.5,113827.5,126475.0,-0.9591,-101180.0,-0.8,-9522.1798,SELL,False,NONE,0.0,NONE,AGGRESSIVE_SELL
2023-02-10,2023,1865.35,NO_SWEEP,104195.6388,34337.3612,138533.0,-0.3816,69858.2776,0.50427,-17155.1951,BUY,False,NONE,0.25,NONE,AGGRESSIVE_BUY
2023-02-13,2023,1853.41,NO_SWEEP,13848.2577,94555.7423,108404.0,-1.9307,-80707.4845,-0.74451,-44266.5306,SELL,False,NONE,0.0,NONE,AGGRESSIVE_SELL
2023-02-14,2023,1854.36,NO_SWEEP,85162.9565,60884.0435,146047.0,-0.114,24278.913,0.16624,-22495.8665,NEUTRAL,False,NONE,0.25,NONE,NEUTRAL
2023-02-15,2023,1835.85,SELL_SIDE_SWEEP,16608.0405,113707.9595,130316.0,-0.8008,-97099.9191,-0.74511,-16593.2564,SELL,False,NONE,0.0,NONE,AGGRESSIVE_SELL
2023-02-16,2023,1836.43,NO_SWEEP,88448.9246,47959.0754,136408.0,-0.4376,40489.8492,0.29683,-11705.8172,BUY,False,NONE,0.25,NONE,AGGRESSIVE_BUY
2023-02-17,2023,1842.54,NO_SWEEP,117285.3,13031.7,130317.0,-0.7303,104253.6,0.8,-3079.1263,BUY,False,NONE,0.25,NONE,AGGRESSIVE_BUY
2023-02-20,2023,1841.26,NO_SWEEP,39152.7447,29210.2553,68363.0,-2.8212,9942.4893,0.14544,-3770.5343,NEUTRAL,False,NONE,0.25,NONE,NEUTRAL
2023-02-21,2023,1834.87,NO_SWEEP,30404.9552,97000.0448,127405.0,-0.486,-66595.0896,-0.5227,552.5795,SELL,False,NONE,0.0,NONE,AGGRESSIVE_SELL
2023-02-22,2023,1825.2,NO_SWEEP,13506.7,121560.3,135067.0,-0.1723,-108053.6,-0.8,-21686.4052,SELL,False,NONE,0.0,NONE,AGGRESSIVE_SELL
2023-02-23,2023,1822.27,NO_SWEEP,25345.1338,97503.8662,122849.0,-0.5978,-72158.7325,-0.58738,-20617.8112,SELL,False,NONE,0.25,NONE,AGGRESSIVE_SELL
2023-02-24,2023,1810.82,SELL_SIDE_SWEEP,13513.6,121622.4,135136.0,-0.1578,-108108.8,-0.8,-37166.2753,SELL,False,NONE,0.0,NONE,AGGRESSIVE_SELL
2023-02-27,2023,1817.25,NO_SWEEP,97629.1939,17504.8061,115134.0,-0.862,80124.3878,0.69592,-15013.237,BUY,False,NONE,0.25,NONE,AGGRESSIVE_BUY
2023-02-28,2023,1826.5,NO_SWEEP,100425.7445,14172.2555,114598.0,-0.7964,86253.489,0.75266,-9292.782,BUY,False,NONE,0.0,NONE,AGGRESSIVE_BUY
2023-03-01,2023,1836.56,NO_SWEEP,91862.5324,32360.4676,124223.0,-0.3523,59502.0648,0.47899,-14886.7239,BUY,False,NONE,0.0,NONE,AGGRESSIVE_BUY
2023-03-02,2023,1835.6,NO_SWEEP,50231.2061,65145.7939,115377.0,-0.647,-14914.5878,-0.12927,-17993.8585,NEUTRAL,False,NONE,0.25,NONE,NEUTRAL
2023-03-03,2023,1855.3,BUY_SIDE_SWEEP,103388.4,11487.6,114876.0,-0.6113,91900.8,0.8,1818.1277,BUY,False,NONE,0.0,NONE,AGGRESSIVE_BUY
2023-03-06,2023,1846.61,NO_SWEEP,10717.5,96457.5,107175.0,-0.9391,-85740.0,-0.8,4607.3277,SELL,False,NONE,0.0,NONE,AGGRESSIVE_SELL
2023-03-07,2023,1813.05,NO_SWEEP,13438.8,120949.2,134388.0,0.726,-107510.4,-0.8,188.3692,SELL,False,NONE,0.0,NONE,AGGRESSIVE_SELL
2023-03-08,2023,1813.72,NO_SWEEP,24822.2713,97684.7287,122507.0,-0.0107,-72862.4575,-0.59476,4594.162,SELL,False,NONE,0.25,NONE,AGGRESSIVE_SELL
2023-03-09,2023,1830.77,NO_SWEEP,108470.5307,18362.4693,126833.0,0.2559,90108.0614,0.71045,5842.1212,BUY,False,NONE,0.0,NONE,AGGRESSIVE_BUY
2023-03-10,2023,1867.15,BUY_SIDE_SWEEP,170248.5,18916.5,189165.0,2.9713,151332.0,0.8,13976.9351,BUY,False,NONE,0.35,NONE,AGGRESSIVE_BUY
2023-03-13,2023,1913.56,BUY_SIDE_SWEEP,227619.9,25291.1,252911.0,3.4603,202328.8,0.8,31830.277,BUY,False,NONE,0.35,NONE,AGGRESSIVE_BUY
2023-03-14,2023,1903.86,NO_SWEEP,60479.8774,131258.1226,191738.0,1.5382,-70778.2452,-0.36914,24847.3198,SELL,False,NONE,0.35,NONE,AGGRESSIVE_SELL
2023-03-15,2023,1918.01,BUY_SIDE_SWEEP,154523.5436,54985.4564,209509.0,1.7507,99538.0872,0.4751,25801.9807,BUY,True,NONE,0.6,NONE,AGGRESSIVE_BUY
2023-03-16,2023,1919.34,NO_SWEEP,120039.8946,74366.1054,194406.0,1.2508,45673.7891,0.23494,42228.7044,BUY,True,NONE,0.6,NONE,AGGRESSIVE_BUY
2023-03-17,2023,1988.17,BUY_SIDE_SWEEP,160315.2,17812.8,178128.0,0.7965,142502.4,0.8,73480.3044,BUY,False,NONE,0.0,NONE,AGGRESSIVE_BUY
2023-03-20,2023,1978.64,NO_SWEEP,44222.3808,172623.6192,216846.0,1.5591,-128401.2385,-0.59213,66537.9568,SELL,True,NONE,0.6,NONE,AGGRESSIVE_SELL
2023-03-21,2023,1940.53,NO_SWEEP,14957.6,134618.4,149576.0,-0.0708,-119660.8,-0.8,40316.8491,SELL,False,NONE,0.0,NONE,AGGRESSIVE_SELL
2023-03-22,2023,1969.79,NO_SWEEP,110259.9337,18923.0663,129183.0,-0.5519,91336.8673,0.70703,32817.4575,BUY,False,NONE,0.0,NONE,AGGRESSIVE_BUY
2023-03-23,2023,1993.97,NO_SWEEP,149792.6504,30321.3496,180114.0,0.6014,119471.3007,0.66331,22460.2701,BUY,False,NONE,0.0,NONE,AGGRESSIVE_BUY
2023-03-24,2023,1978.81,NO_SWEEP,18553.8,166984.2,185538.0,0.6674,-148430.4,-0.8,12753.7507,SELL,False,NONE,0.0,NONE,AGGRESSIVE_SELL
2023-03-27,2023,1956.35,NO_SWEEP,34227.8663,103605.1337,137833.0,-0.5104,-69377.2674,-0.50334,-8360.6686,SELL,False,NONE,0.0,NONE,AGGRESSIVE_SELL
2023-03-28,2023,1973.52,NO_SWEEP,110812.5,12312.5,123125.0,-0.8888,98500.0,0.8,-1757.3922,BUY,False,NONE,0.0,NONE,AGGRESSIVE_BUY
2023-03-29,2023,1964.37,NO_SWEEP,28706.1959,83725.8041,112432.0,-1.1217,-55019.6082,-0.48936,-26447.6433,SELL,False,NONE,0.0,NONE,AGGRESSIVE_SELL
2023-03-30,2023,1980.21,NO_SWEEP,103214.7,11468.3,114683.0,-1.0652,91746.4,0.8,1070.8116,BUY,False,NONE,0.0,NONE,AGGRESSIVE_BUY
2023-03-31,2023,1969.41,NO_SWEEP,12261.2,110350.8,122612.0,-0.8902,-98089.6,-0.8,3767.2116,SELL,False,NONE,0.0,NONE,AGGRESSIVE_SELL
2023-04-03,2023,1984.35,NO_SWEEP,120448.4869,14319.5131,134768.0,-0.6472,106128.9738,0.78749,5616.2249,BUY,False,NONE,0.0,NONE,AGGRESSIVE_BUY
2023-04-04,2023,2020.53,BUY_SIDE_SWEEP,117254.7,13028.3,130283.0,-0.7529,104226.4,0.8,3710.6123,BUY,False,NONE,0.0,NONE,AGGRESSIVE_BUY
2023-04-05,2023,2020.66,NO_SWEEP,48699.9717,95874.0283,144574.0,-0.4282,-47174.0565,-0.3263,16367.6552,SELL,False,NONE,0.25,NONE,AGGRESSIVE_SELL
2023-04-06,2023,2007.32,NO_SWEEP,30403.9961,107406.0039,137810.0,-0.6231,-77002.0078,-0.55875,15414.5627,SELL,False,NONE,0.0,NONE,AGGRESSIVE_SELL
2023-04-10,2023,1991.18,NO_SWEEP,29468.5738,79870.4262,109339.0,-1.2256,-50401.8524,-0.46097,-3198.1689,SELL,False,NONE,0.25,NONE,AGGRESSIVE_SELL
2023-04-11,2023,2003.52,NO_SWEEP,105546.4105,18242.5895,123789.0,-0.8206,87303.8211,0.70526,14592.2598,BUY,False,NONE,0.0,NONE,AGGRESSIVE_BUY
2023-04-12,2023,2014.77,NO_SWEEP,103436.3143,56334.6857,159771.0,0.3111,47101.6286,0.29481,9011.6633,BUY,False,NONE,0.0,NONE,AGGRESSIVE_BUY
2023-04-13,2023,2040.1,BUY_SIDE_SWEEP,124000.7667,25900.2333,149901.0,0.1081,98100.5335,0.65444,33535.43,BUY,False,NONE,0.0,NONE,AGGRESSIVE_BUY
2023-04-14,2023,2004.42,NO_SWEEP,26885.3809,149080.6191,175966.0,1.0762,-122195.2383,-0.69443,4994.9035,SELL,False,NONE,0.35,NONE,AGGRESSIVE_SELL
2023-04-17,2023,1995.08,NO_SWEEP,42549.718,105565.282,148115.0,0.1406,-63015.5639,-0.42545,-15910.342,SELL,False,NONE,0.25,NONE,AGGRESSIVE_SELL
2023-04-18,2023,2005.21,NO_SWEEP,100560.5869,29075.4131,129636.0,-0.4813,71485.1738,0.55143,-1077.9382,BUY,False,NONE,0.0,NONE,AGGRESSIVE_BUY
2023-04-19,2023,1994.67,NO_SWEEP,70742.3278,83960.6722,154703.0,0.6716,-13218.3445,-0.08544,6895.0197,NEUTRAL,False,NONE,0.25,NONE,NEUTRAL
2023-04-20,2023,2004.7,NO_SWEEP,110613.4899,36071.5101,146685.0,0.2609,74541.9799,0.50818,22512.9988,BUY,False,NONE,0.0,NONE,AGGRESSIVE_BUY
2023-04-21,2023,1982.84,NO_SWEEP,35381.1174,117105.8826,152487.0,0.6479,-81724.7652,-0.53595,1384.4255,SELL,False,NONE,0.0,NONE,AGGRESSIVE_SELL
2023-04-24,2023,1989.05,NO_SWEEP,125811.0,13979.0,139790.0,0.1422,111832.0,0.8,9475.7219,BUY,False,NONE,0.0,NONE,AGGRESSIVE_BUY
2023-04-25,2023,1997.06,NO_SWEEP,136869.2729,28275.7271,165145.0,1.4839,108593.5457,0.65756,10787.3485,BUY,True,NONE,0.6,NONE,AGGRESSIVE_BUY
2023-04-26,2023,1989.29,NO_SWEEP,27628.9989,146119.0011,173748.0,1.7139,-118490.0021,-0.68196,11250.503,SELL,True,NONE,0.6,NONE,AGGRESSIVE_SELL
2023-04-27,2023,1987.74,NO_SWEEP,51991.875,107983.125,159975.0,0.8989,-55991.25,-0.35,12128.5422,SELL,False,NONE,0.25,NONE,AGGRESSIVE_SELL
2023-04-28,2023,1989.55,NO_SWEEP,147329.9643,37628.0357,184958.0,1.9928,109701.9286,0.59312,16905.6366,BUY,True,NONE,0.6,NONE,AGGRESSIVE_BUY
2023-05-01,2023,1982.44,NO_SWEEP,16109.1998,108247.8002,124357.0,-1.2175,-92138.6005,-0.74092,7040.6046,SELL,False,NONE,0.25,NONE,AGGRESSIVE_SELL
2023-05-02,2023,2016.53,BUY_SIDE_SWEEP,147372.3,16374.7,163747.0,0.7927,130997.6,0.8,14097.5571,BUY,False,NONE,0.0,NONE,AGGRESSIVE_BUY
2023-05-03,2023,2038.52,BUY_SIDE_SWEEP,146706.3,16300.7,163007.0,0.6763,130405.6,0.8,40613.8527,BUY,False,NONE,0.0,NONE,AGGRESSIVE_BUY
2023-05-04,2023,2050.15,BUY_SIDE_SWEEP,89839.1564,146654.8436,236494.0,3.0881,-56815.6873,-0.24024,19532.8918,SELL,False,NONE,0.35,NONE,AGGRESSIVE_SELL
2023-05-05,2023,2016.54,NO_SWEEP,38262.1979,133421.8021,171684.0,0.5704,-95159.6043,-0.55427,-5936.2519,SELL,False,NONE,0.0,NONE,AGGRESSIVE_SELL
2023-05-08,2023,2021.36,NO_SWEEP,80795.2253,46955.7747,127751.0,-1.196,33839.4506,0.26489,13104.9296,BUY,False,NONE,0.25,NONE,AGGRESSIVE_BUY
2023-05-09,2023,2034.42,NO_SWEEP,110861.2827,15647.7173,126509.0,-1.2602,95213.5654,0.75262,32005.5316,BUY,False,NONE,0.0,NONE,AGGRESSIVE_BUY
2023-05-10,2023,2030.1,NO_SWEEP,34908.5295,120415.4705,155324.0,-0.0878,-85506.941,-0.55051,7604.4229,SELL,False,NONE,0.25,NONE,AGGRESSIVE_SELL
2023-05-11,2023,2014.95,NO_SWEEP,17171.2,154540.8,171712.0,0.5272,-137369.6,-0.8,1950.5479,SELL,False,NONE,0.0,NONE,AGGRESSIVE_SELL
2023-05-12,2023,2010.91,NO_SWEEP,45019.86,94263.14,139283.0,-0.7019,-49243.28,-0.35355,-20579.5621,SELL,False,NONE,0.25,NONE,AGGRESSIVE_SELL
2023-05-15,2023,2016.32,NO_SWEEP,85287.7148,32538.2852,117826.0,-1.425,52749.4296,0.44769,-30286.5834,BUY,False,NONE,0.0,NONE,AGGRESSIVE_BUY
2023-05-16,2023,1988.81,NO_SWEEP,13082.9,117746.1,130829.0,-0.9341,-104663.2,-0.8,-36267.5225,SELL,False,NONE,0.0,NONE,AGGRESSIVE_SELL
2023-05-17,2023,1981.41,SELL_SIDE_SWEEP,29758.4388,89645.5612,119404.0,-1.2482,-59887.1225,-0.50155,-31858.4622,SELL,False,NONE,0.0,NONE,AGGRESSIVE_SELL
2023-05-18,2023,1957.39,SELL_SIDE_SWEEP,13561.4217,108301.5783,121863.0,-1.08,-94740.1566,-0.77743,-47930.9131,SELL,False,NONE,0.0,NONE,AGGRESSIVE_SELL
2023-05-19,2023,1977.5,NO_SWEEP,115892.2078,21264.7922,137157.0,-0.5066,94627.4156,0.68992,-48004.1819,BUY,False,NONE,0.0,NONE,AGGRESSIVE_BUY
2023-05-22,2023,1971.73,NO_SWEEP,17440.8929,102084.1071,119525.0,-1.0641,-84643.2143,-0.70816,-47896.216,SELL,False,NONE,0.0,NONE,AGGRESSIVE_SELL
2023-05-23,2023,1974.88,NO_SWEEP,119658.6,13295.4,132954.0,-0.547,106363.2,0.8,-17429.616,BUY,False,NONE,0.25,NONE,AGGRESSIVE_BUY
2023-05-24,2023,1957.24,NO_SWEEP,13217.3,118955.7,132173.0,-0.5089,-105738.4,-0.8,-24491.506,SELL,False,NONE,0.0,NONE,AGGRESSIVE_SELL
2023-05-25,2023,1940.69,SELL_SIDE_SWEEP,13185.6,118670.4,131856.0,-0.4709,-105484.8,-0.8,-44270.7847,SELL,False,NONE,0.0,NONE,AGGRESSIVE_SELL
2023-05-26,2023,1946.72,NO_SWEEP,76891.4492,43357.5508,120249.0,-0.7891,33533.8983,0.27887,-26996.1474,BUY,False,NONE,0.25,NONE,AGGRESSIVE_BUY
2023-05-29,2023,1943.15,NO_SWEEP,27337.4464,25629.5536,52967.0,-2.5344,1707.8927,0.03224,-19296.7705,NEUTRAL,False,NONE,0.25,NONE,NEUTRAL
2023-05-30,2023,1959.17,NO_SWEEP,112271.4,12474.6,124746.0,-0.3568,99796.8,0.8,5020.3491,BUY,False,NONE,0.0,NONE,AGGRESSIVE_BUY
2023-05-31,2023,1962.6,NO_SWEEP,80657.8322,54723.1678,135381.0,0.0029,25934.6643,0.19157,-3566.2449,BUY,False,NONE,0.25,NONE,AGGRESSIVE_BUY
2023-06-01,2023,1977.4,NO_SWEEP,112501.4096,17452.5904,129954.0,-0.0001,95048.8193,0.7314,18895.2593,BUY,False,NONE,0.0,NONE,AGGRESSIVE_BUY
2023-06-02,2023,1947.62,NO_SWEEP,12356.7,111210.3,123567.0,-0.1879,-98853.6,-0.8,-6756.8407,SELL,False,NONE,0.0,NONE,AGGRESSIVE_SELL
2023-06-05,2023,1961.7,NO_SWEEP,113678.1,12630.9,126309.0,-0.0552,101047.2,0.8,19091.3593,BUY,False,NONE,0.0,NONE,AGGRESSIVE_BUY
2023-06-06,2023,1963.23,NO_SWEEP,88542.9234,20067.0766,108610.0,-0.8319,68475.8468,0.63047,40836.4402,BUY,False,NONE,0.25,NONE,AGGRESSIVE_BUY
2023-06-07,2023,1939.87,NO_SWEEP,11610.6,104495.4,116106.0,-0.4121,-92884.8,-0.8,25034.1029,SELL,False,NONE,0.0,NONE,AGGRESSIVE_SELL
2023-06-08,2023,1965.44,NO_SWEEP,106457.1055,14049.8945,120507.0,-0.0883,92407.2111,0.76682,36371.5177,BUY,False,NONE,0.0,NONE,AGGRESSIVE_BUY
2023-06-09,2023,1960.46,NO_SWEEP,16607.0671,85618.9329,102226.0,-1.0181,-69011.8659,-0.67509,15270.4344,SELL,False,NONE,0.25,NONE,AGGRESSIVE_SELL
2023-06-12,2023,1957.34,NO_SWEEP,37749.4905,79977.5095,117727.0,-0.1403,-42228.019,-0.35869,6750.099,SELL,False,NONE,0.25,NONE,AGGRESSIVE_SELL
2023-06-13,2023,1943.44,NO_SWEEP,12707.0,114363.0,127070.0,0.4014,-101656.0,-0.8,-17838.0034,SELL,False,NONE,0.0,NONE,AGGRESSIVE_SELL
2023-06-14,2023,1941.74,NO_SWEEP,12445.9,112013.1,124459.0,0.238,-99567.2,-0.8,-17927.2034,SELL,False,NONE,0.25,NONE,AGGRESSIVE_SELL
2023-06-15,2023,1957.96,NO_SWEEP,128921.4,14324.6,143246.0,1.1972,114596.8,0.8,-16233.5034,BUY,False,NONE,0.35,NONE,AGGRESSIVE_BUY
2023-06-16,2023,1957.51,NO_SWEEP,60917.7223,60404.2777,121322.0,0.0432,513.4446,0.00423,-24728.8036,NEUTRAL,False,NONE,0.25,NONE,NEUTRAL
2023-06-19,2023,1950.48,NO_SWEEP,11166.6639,53706.3361,64873.0,-2.4443,-42539.6721,-0.65574,-18435.6627,SELL,False,NONE,0.0,NONE,AGGRESSIVE_SELL
2023-06-20,2023,1936.08,NO_SWEEP,20463.1511,104867.8489,125331.0,0.3681,-84404.6979,-0.67345,-40537.1513,SELL,False,NONE,0.0,NONE,AGGRESSIVE_SELL
2023-06-21,2023,1932.43,NO_SWEEP,53764.464,63765.536,117530.0,0.0391,-10001.0721,-0.08509,-33160.8021,NEUTRAL,False,NONE,0.25,NONE,NEUTRAL
2023-06-22,2023,1913.64,SELL_SIDE_SWEEP,11225.9,101033.1,112259.0,-0.1656,-89807.2,-0.8,-39108.1997,SELL,False,NONE,0.0,NONE,AGGRESSIVE_SELL
2023-06-23,2023,1920.53,NO_SWEEP,67018.8348,50871.1652,117890.0,0.1094,16147.6696,0.13697,-24382.741,NEUTRAL,False,NONE,0.25,NONE,NEUTRAL
2023-06-26,2023,1923.14,NO_SWEEP,12447.0,112023.0,124470.0,0.3476,-99576.0,-0.8,-24383.841,SELL,False,NONE,0.25,NONE,AGGRESSIVE_SELL
2023-06-27,2023,1913.62,NO_SWEEP,14534.3,130808.7,145343.0,1.549,-116274.4,-0.8,-53242.741,SELL,False,NONE,0.35,NONE,AGGRESSIVE_SELL
2023-06-28,2023,1907.28,SELL_SIDE_SWEEP,28943.1971,103202.8029,132146.0,0.752,-74259.6059,-0.56195,-62589.3723,SELL,False,NONE,0.0,NONE,AGGRESSIVE_SELL
2023-06-29,2023,1908.25,NO_SWEEP,131283.3865,26751.6135,158035.0,2.032,104531.773,0.66145,-44205.4416,BUY,True,NONE,0.6,NONE,AGGRESSIVE_BUY
2023-06-30,2023,1919.17,NO_SWEEP,134698.1127,17374.8873,152073.0,1.5204,117323.2254,0.77149,-18989.4512,BUY,False,NONE,0.35,NONE,AGGRESSIVE_BUY
2023-07-03,2023,1921.48,NO_SWEEP,80201.386,37140.614,117342.0,-0.2646,43060.772,0.36697,-12356.7207,BUY,False,NONE,0.25,NONE,AGGRESSIVE_BUY
2023-07-04,2023,1925.89,NO_SWEEP,41416.9569,18520.0431,59937.0,-2.5625,22896.9139,0.38202,1731.2935,BUY,False,NONE,0.0,NONE,AGGRESSIVE_BUY
2023-07-05,2023,1915.21,NO_SWEEP,13754.2,123787.8,137542.0,0.6945,-110033.6,-0.8,-14041.3652,SELL,False,NONE,0.0,NONE,AGGRESSIVE_SELL
2023-07-06,2023,1910.93,NO_SWEEP,36183.2234,118763.7766,154947.0,1.2944,-82580.5531,-0.53296,-11916.9343,SELL,True,NONE,0.6,NONE,AGGRESSIVE_SELL
2023-07-07,2023,1925.31,NO_SWEEP,114083.4805,41125.5195,155209.0,1.1753,72957.961,0.47006,11737.1108,BUY,False,NONE,0.35,NONE,AGGRESSIVE_BUY
2023-07-10,2023,1925.28,NO_SWEEP,113703.1141,16482.8859,130186.0,0.1632,97220.2282,0.74678,33172.0901,BUY,False,NONE,0.25,NONE,AGGRESSIVE_BUY
2023-07-11,2023,1932.09,NO_SWEEP,96129.0897,44469.9103,140599.0,0.544,51659.1793,0.36742,26563.0158,BUY,False,NONE,0.0,NONE,AGGRESSIVE_BUY
2023-07-12,2023,1957.35,BUY_SIDE_SWEEP,152442.9,16938.1,169381.0,1.49,135504.8,0.8,28835.7127,BUY,False,NONE,0.35,NONE,AGGRESSIVE_BUY
2023-07-13,2023,1960.39,BUY_SIDE_SWEEP,139215.1081,35345.8919,174561.0,1.5311,103869.2161,0.59503,36436.7682,BUY,True,NONE,0.6,NONE,AGGRESSIVE_BUY
2023-07-14,2023,1955.45,NO_SWEEP,38410.4675,117586.5325,155997.0,0.8127,-79176.0649,-0.50755,23677.6458,SELL,False,NONE,0.0,NONE,AGGRESSIVE_SELL
2023-07-17,2023,1954.92,NO_SWEEP,55849.5075,66923.4925,122773.0,-0.498,-11073.9851,-0.0902,36047.5977,NEUTRAL,False,NONE,0.25,NONE,NEUTRAL
2023-07-18,2023,1978.73,BUY_SIDE_SWEEP,144941.081,22063.919,167005.0,1.1562,122877.1619,0.73577,61729.8121,BUY,False,NONE,0.35,NONE,AGGRESSIVE_BUY
2023-07-19,2023,1976.97,NO_SWEEP,63173.1715,76164.8285,139338.0,0.0389,-12991.6569,-0.09324,50986.1098,NEUTRAL,False,NONE,0.25,NONE,NEUTRAL
2023-07-20,2023,1969.5,NO_SWEEP,19799.761,130987.239,150787.0,0.425,-111187.4779,-0.73738,24935.1466,SELL,False,NONE,0.0,NONE,AGGRESSIVE_SELL
2023-07-21,2023,1961.84,NO_SWEEP,27214.0763,104102.9237,131317.0,-0.3966,-76888.8473,-0.58552,8866.6432,SELL,False,NONE,0.0,NONE,AGGRESSIVE_SELL
2023-07-24,2023,1954.87,NO_SWEEP,12895.5,116059.5,128955.0,-0.5059,-103164.0,-0.8,-20966.9568,SELL,False,NONE,0.0,NONE,AGGRESSIVE_SELL
2023-07-25,2023,1964.85,NO_SWEEP,103501.8,11500.2,115002.0,-0.9946,92001.6,0.8,-22450.4088,BUY,False,NONE,0.0,NONE,AGGRESSIVE_BUY
2023-07-26,2023,1972.27,NO_SWEEP,112150.5772,39301.4228,151452.0,0.4358,72849.1544,0.481,-3447.2564,BUY,False,NONE,0.0,NONE,AGGRESSIVE_BUY
2023-07-27,2023,1945.52,SELL_SIDE_SWEEP,17156.6,154409.4,171566.0,1.1872,-137252.8,-0.8,-19219.6082,SELL,False,NONE,0.35,NONE,AGGRESSIVE_SELL
2023-07-28,2023,1959.15,NO_SWEEP,133932.8092,27339.1908,161272.0,0.7573,106593.6185,0.66096,-21255.0512,BUY,False,NONE,0.0,NONE,AGGRESSIVE_BUY
2023-07-31,2023,1965.52,NO_SWEEP,96552.617,27785.383,124338.0,-0.6975,68767.234,0.55307,-11035.1898,BUY,False,NONE,0.25,NONE,AGGRESSIVE_BUY
2023-08-01,2023,1944.19,NO_SWEEP,13773.0,123957.0,137730.0,-0.4795,-110184.0,-0.8,-10909.7551,SELL,False,NONE,0.0,NONE,AGGRESSIVE_SELL
2023-08-02,2023,1934.87,SELL_SIDE_SWEEP,13804.5,124240.5,138045.0,-0.463,-110436.0,-0.8,-15103.1491,SELL,False,NONE,0.0,NONE,AGGRESSIVE_SELL
2023-08-03,2023,1933.98,NO_SWEEP,48086.7525,95912.2475,143999.0,-0.0863,-47825.495,-0.33212,-8185.836,SELL,False,NONE,0.25,NONE,AGGRESSIVE_SELL
2023-08-04,2023,1942.65,NO_SWEEP,113008.3497,18476.6503,131485.0,-0.7436,94531.6993,0.71895,-7869.5736,BUY,False,NONE,0.0,NONE,AGGRESSIVE_BUY
2023-08-07,2023,1936.52,NO_SWEEP,19434.0954,65078.9046,84513.0,-2.6806,-45644.8092,-0.54009,-22681.319,SELL,False,NONE,0.0,NONE,AGGRESSIVE_SELL
2023-08-08,2023,1925.22,SELL_SIDE_SWEEP,13309.3342,103748.6658,117058.0,-1.0742,-90439.3315,-0.7726,-16829.6355,SELL,False,NONE,0.0,NONE,AGGRESSIVE_SELL
2023-08-09,2023,1914.7,SELL_SIDE_SWEEP,10472.7,94254.3,104727.0,-1.4647,-83781.6,-0.8,-40626.5378,SELL,False,NONE,0.0,NONE,AGGRESSIVE_SELL
2023-08-10,2023,1912.33,SELL_SIDE_SWEEP,13898.0,125082.0,138980.0,0.1521,-111184.0,-0.8,-63120.442,SELL,False,NONE,0.25,NONE,AGGRESSIVE_SELL
2023-08-11,2023,1913.62,NO_SWEEP,52788.8325,53646.1675,106435.0,-1.2698,-857.335,-0.00806,-49454.6089,NEUTRAL,False,NONE,0.25,NONE,NEUTRAL
2023-08-14,2023,1907.42,SELL_SIDE_SWEEP,27023.6245,83568.3755,110592.0,-1.0225,-56544.751,-0.51129,-42718.2028,SELL,False,NONE,0.0,NONE,AGGRESSIVE_SELL
2023-08-15,2023,1901.85,SELL_SIDE_SWEEP,37518.3758,111580.6242,149099.0,0.8398,-74062.2484,-0.49673,-45997.797,SELL,False,NONE,0.25,NONE,AGGRESSIVE_SELL
2023-08-16,2023,1891.92,SELL_SIDE_SWEEP,11534.5,103810.5,115345.0,-0.7356,-92276.0,-0.8,-69348.7594,SELL,False,NONE,0.0,NONE,AGGRESSIVE_SELL
2023-08-17,2023,1889.33,SELL_SIDE_SWEEP,21600.1151,111107.8849,132708.0,0.1468,-89507.7698,-0.67447,-74831.6294,SELL,False,NONE,0.25,NONE,AGGRESSIVE_SELL
2023-08-18,2023,1889.37,NO_SWEEP,19771.02,90067.98,109839.0,-0.9079,-70296.96,-0.64,-72313.833,SELL,False,NONE,0.25,NONE,AGGRESSIVE_SELL
2023-08-21,2023,1894.67,NO_SWEEP,98853.9553,25638.0447,124492.0,-0.19,73215.9107,0.58812,-52689.1442,BUY,False,NONE,0.0,NONE,AGGRESSIVE_BUY
2023-08-22,2023,1897.38,NO_SWEEP,75085.2607,36082.7393,111168.0,-0.8175,39002.5214,0.35084,-33915.829,BUY,False,NONE,0.25,NONE,AGGRESSIVE_BUY
2023-08-23,2023,1915.38,NO_SWEEP,110764.9483,19679.0517,130444.0,0.1609,91085.8966,0.69828,-22422.9251,BUY,False,NONE,0.0,NONE,AGGRESSIVE_BUY
2023-08-24,2023,1916.69,NO_SWEEP,73562.5279,49837.4721,123400.0,-0.0792,23725.0559,0.19226,-12389.1992,BUY,False,NONE,0.25,NONE,AGGRESSIVE_BUY
2023-08-25,2023,1914.21,NO_SWEEP,51961.4555,80913.5445,132875.0,0.6145,-28952.0889,-0.21789,-6750.4293,SELL,False,NONE,0.25,NONE,AGGRESSIVE_SELL
2023-08-28,2023,1920.06,NO_SWEEP,60266.0795,27882.9205,88149.0,-1.9342,32383.1589,0.36737,8831.9656,BUY,False,NONE,0.0,NONE,AGGRESSIVE_BUY
2023-08-29,2023,1937.32,BUY_SIDE_SWEEP,114035.4,12670.6,126706.0,0.3371,101364.8,0.8,32691.0368,BUY,False,NONE,0.0,NONE,AGGRESSIVE_BUY
2023-08-30,2023,1942.42,BUY_SIDE_SWEEP,80473.9504,39578.0496,120052.0,-0.0031,40895.9008,0.34065,46590.1444,BUY,False,NONE,0.0,NONE,AGGRESSIVE_BUY
2023-08-31,2023,1940.06,NO_SWEEP,9245.4,83208.6,92454.0,-1.5147,-73963.2,-0.8,28192.7556,SELL,False,NONE,0.25,NONE,AGGRESSIVE_SELL
2023-09-01,2023,1939.85,NO_SWEEP,28420.5207,110292.4793,138713.0,1.2303,-81871.9586,-0.59023,13083.4456,SELL,True,NONE,0.6,NONE,AGGRESSIVE_SELL
2023-09-04,2023,1938.47,NO_SWEEP,5548.7621,39228.2379,44777.0,-3.1995,-33679.4759,-0.75216,-2512.226,SELL,False,NONE,0.25,NONE,AGGRESSIVE_SELL
2023-09-05,2023,1925.97,NO_SWEEP,11296.5,101668.5,112965.0,-0.1228,-90372.0,-0.8,-16774.358,SELL,False,NONE,0.0,NONE,AGGRESSIVE_SELL
2023-09-06,2023,1916.42,NO_SWEEP,11718.1,105462.9,117181.0,0.039,-93744.8,-0.8,-24873.4468,SELL,False,NONE,0.0,NONE,AGGRESSIVE_SELL
2023-09-07,2023,1919.62,NO_SWEEP,61386.2486,37332.7514,98719.0,-0.716,24053.4971,0.24366,-25914.6546,BUY,False,NONE,0.25,NONE,AGGRESSIVE_BUY
2023-09-08,2023,1919.13,NO_SWEEP,9913.3172,88344.6828,98258.0,-0.7112,-78431.3655,-0.79822,-48389.1753,SELL,False,NONE,0.25,NONE,AGGRESSIVE_SELL
2023-09-11,2023,1922.33,NO_SWEEP,59720.5236,42043.4764,101764.0,-0.5281,17677.0473,0.17371,-51291.532,NEUTRAL,False,NONE,0.25,NONE,NEUTRAL
2023-09-12,2023,1913.34,SELL_SIDE_SWEEP,24654.7336,78803.2664,103458.0,-0.3736,-54148.5329,-0.52339,-48814.6986,SELL,False,NONE,0.0,NONE,AGGRESSIVE_SELL
2023-09-13,2023,1908.15,NO_SWEEP,22907.8152,104275.1848,127183.0,0.7367,-81367.3696,-0.63977,-48751.6249,SELL,False,NONE,0.0,NONE,AGGRESSIVE_SELL
2023-09-14,2023,1910.51,NO_SWEEP,127455.8352,20972.1648,148428.0,1.633,106483.6703,0.71741,-31231.2317,BUY,True,NONE,0.6,NONE,AGGRESSIVE_BUY
2023-09-15,2023,1923.68,NO_SWEEP,94612.1233,27948.8767,122561.0,0.4248,66663.2466,0.54392,-11601.8258,BUY,False,NONE,0.0,NONE,AGGRESSIVE_BUY
2023-09-18,2023,1933.61,NO_SWEEP,88656.3,9850.7,98507.0,-0.6047,78805.6,0.8,9966.9742,BUY,False,NONE,0.0,NONE,AGGRESSIVE_BUY
2023-09-19,2023,1931.34,NO_SWEEP,12684.2769,74612.7231,87297.0,-1.0276,-61928.4462,-0.7094,-780.7687,SELL,False,NONE,0.25,NONE,AGGRESSIVE_SELL
2023-09-20,2023,1930.36,NO_SWEEP,13622.7,122604.3,136227.0,1.095,-108981.6,-0.8,-4599.5481,SELL,True,NONE,0.6,NONE,AGGRESSIVE_SELL
2023-09-21,2023,1919.94,NO_SWEEP,34227.4515,109061.5485,143289.0,1.3058,-74834.0969,-0.52226,-16163.4411,SELL,False,NONE,0.35,NONE,AGGRESSIVE_SELL
2023-09-22,2023,1925.25,NO_SWEEP,69117.6906,27410.3094,96528.0,-0.5752,41707.3811,0.43208,-4181.4518,BUY,False,NONE,0.0,NONE,AGGRESSIVE_BUY
2023-09-25,2023,1915.78,NO_SWEEP,8782.0,79038.0,87820.0,-0.9413,-70256.0,-0.8,-2792.5306,SELL,False,NONE,0.0,NONE,AGGRESSIVE_SELL
2023-09-26,2023,1900.58,SELL_SIDE_SWEEP,9834.3,88508.7,98343.0,-0.4413,-78674.4,-0.8,-25937.2894,SELL,False,NONE,0.0,NONE,AGGRESSIVE_SELL
2023-09-27,2023,1874.99,SELL_SIDE_SWEEP,11552.0,103968.0,115520.0,0.2995,-92416.0,-0.8,-45822.1953,SELL,False,NONE,0.0,NONE,AGGRESSIVE_SELL
2023-09-28,2023,1864.8,SELL_SIDE_SWEEP,33559.7915,113625.2085,147185.0,1.4627,-80065.417,-0.54398,-65681.0724,SELL,False,NONE,0.35,NONE,AGGRESSIVE_SELL
2023-09-29,2023,1848.74,SELL_SIDE_SWEEP,14743.2,132688.8,147432.0,1.4229,-117945.6,-0.8,-72683.2166,SELL,False,NONE,0.35,NONE,AGGRESSIVE_SELL
2023-10-02,2023,1827.77,SELL_SIDE_SWEEP,15423.2,138808.8,154232.0,1.7136,-123385.6,-0.8,-74483.7166,SELL,False,NONE,0.35,NONE,AGGRESSIVE_SELL
2023-10-03,2023,1822.94,SELL_SIDE_SWEEP,57056.2371,135109.7629,192166.0,2.6242,-78053.5259,-0.40618,-74886.1452,SELL,True,NONE,0.6,NONE,AGGRESSIVE_SELL
2023-10-04,2023,1821.1,NO_SWEEP,40508.7744,141422.2256,181931.0,1.9122,-100913.4512,-0.55468,-92713.7493,SELL,True,NONE,0.6,NONE,AGGRESSIVE_SELL
2023-10-05,2023,1820.24,NO_SWEEP,51129.8544,112433.1456,163563.0,1.1731,-61303.2912,-0.3748,-91594.6607,SELL,True,NONE,0.6,NONE,AGGRESSIVE_SELL
2023-10-06,2023,1831.84,NO_SWEEP,180833.4,20092.6,200926.0,2.02,160740.8,0.8,-61667.7607,BUY,False,NONE,0.35,NONE,AGGRESSIVE_BUY
2023-10-09,2023,1861.35,NO_SWEEP,139717.8,15524.2,155242.0,0.5957,124193.6,0.8,-34591.5607,BUY,False,NONE,0.0,NONE,AGGRESSIVE_BUY
2023-10-10,2023,1860.42,NO_SWEEP,85767.762,118496.238,204264.0,1.7903,-32728.476,-0.16023,-28674.443,NEUTRAL,True,NONE,0.6,NONE,NEUTRAL
2023-10-11,2023,1874.27,NO_SWEEP,171808.9825,21306.0175,193115.0,1.3244,150502.965,0.77934,4881.6276,BUY,False,NONE,0.35,NONE,AGGRESSIVE_BUY
2023-10-12,2023,1868.73,NO_SWEEP,19085.1,171765.9,190851.0,1.1635,-152680.8,-0.8,1219.7276,SELL,True,NONE,0.6,NONE,AGGRESSIVE_SELL
2023-10-13,2023,1932.41,BUY_SIDE_SWEEP,191870.1,21318.9,213189.0,1.5347,170551.2,0.8,32295.3183,BUY,False,NONE,0.35,NONE,AGGRESSIVE_BUY
2023-10-16,2023,1920.06,NO_SWEEP,67444.8002,90809.1998,158254.0,0.1247,-23364.3996,-0.14764,41988.9498,NEUTRAL,False,NONE,0.25,NONE,NEUTRAL
2023-10-17,2023,1923.05,NO_SWEEP,111013.0718,50172.9282,161186.0,0.1141,60840.1436,0.37745,57256.8791,BUY,False,NONE,0.25,NONE,AGGRESSIVE_BUY
2023-10-18,2023,1947.62,BUY_SIDE_SWEEP,138815.3322,50681.6678,189497.0,0.8165,88133.6644,0.46509,48180.9872,BUY,False,NONE,0.0,NONE,AGGRESSIVE_BUY
2023-10-19,2023,1974.28,BUY_SIDE_SWEEP,186455.7,20717.3,207173.0,1.175,165738.4,0.8,53374.0872,BUY,False,NONE,0.35,NONE,AGGRESSIVE_BUY
2023-10-20,2023,1980.9,BUY_SIDE_SWEEP,108335.0638,89933.9362,198269.0,0.8613,18401.1277,0.09281,59765.2876,NEUTRAL,False,NONE,0.25,NONE,NEUTRAL
2023-10-23,2023,1972.74,NO_SWEEP,107390.8196,66514.1804,173905.0,0.0532,40876.6392,0.23505,46061.9969,BUY,False,NONE,0.25,NONE,AGGRESSIVE_BUY
2023-10-24,2023,1971.03,NO_SWEEP,75923.6004,93386.3996,169310.0,-0.2651,-17462.7991,-0.10314,62964.247,NEUTRAL,False,NONE,0.25,NONE,NEUTRAL
2023-10-25,2023,1979.45,NO_SWEEP,125946.3064,36642.6936,162589.0,-0.752,89303.6127,0.54926,52808.2986,BUY,False,NONE,0.0,NONE,AGGRESSIVE_BUY
2023-10-26,2023,1984.73,NO_SWEEP,137078.4541,53189.5459,190268.0,0.5038,83888.9082,0.4409,66214.9621,BUY,False,NONE,0.25,NONE,AGGRESSIVE_BUY
2023-10-27,2023,2005.91,BUY_SIDE_SWEEP,161977.5,17997.5,179975.0,-0.1113,143980.0,0.8,76607.4441,BUY,False,NONE,0.0,NONE,AGGRESSIVE_BUY
2023-10-30,2023,1996.15,NO_SWEEP,37252.7544,124555.2456,161808.0,-1.1662,-87302.4913,-0.53954,54677.9247,SELL,False,NONE,0.0,NONE,AGGRESSIVE_SELL
2023-10-31,2023,1983.97,NO_SWEEP,21618.1499,154639.8501,176258.0,-0.3034,-133021.7002,-0.7547,17332.9122,SELL,False,NONE,0.0,NONE,AGGRESSIVE_SELL
2023-11-01,2023,1982.67,NO_SWEEP,74752.4975,110187.5025,184940.0,0.183,-35435.005,-0.1916,10603.3956,SELL,False,NONE,0.25,NONE,AGGRESSIVE_SELL
2023-11-02,2023,1985.77,NO_SWEEP,106979.6654,46655.3346,153635.0,-1.5176,60324.3309,0.39265,13034.357,BUY,False,NONE,0.25,NONE,AGGRESSIVE_BUY
2023-11-03,2023,1992.52,NO_SWEEP,115431.9739,73010.0261,188442.0,0.4424,42421.9479,0.22512,20519.9504,BUY,False,NONE,0.25,NONE,AGGRESSIVE_BUY
2023-11-06,2023,1977.82,NO_SWEEP,14132.5,127192.5,141325.0,-2.0393,-113060.0,-0.8,-4775.5012,SELL,False,NONE,0.0,NONE,AGGRESSIVE_SELL
2023-11-07,2023,1969.03,NO_SWEEP,63877.8045,96335.1955,160213.0,-0.9449,-32457.3909,-0.20259,-19318.7886,SELL,False,NONE,0.0,NONE,AGGRESSIVE_SELL
2023-11-08,2023,1950.2,SELL_SIDE_SWEEP,15345.7,138111.3,153457.0,-1.1794,-122765.6,-0.8,-52661.9886,SELL,False,NONE,0.0,NONE,AGGRESSIVE_SELL
2023-11-09,2023,1958.41,NO_SWEEP,132390.9168,41697.0832,174088.0,-0.0432,90693.8336,0.52097,-30412.448,BUY,False,NONE,0.0,NONE,AGGRESSIVE_BUY
2023-11-10,2023,1938.62,SELL_SIDE_SWEEP,22367.5694,137113.4306,159481.0,-0.766,-114745.8611,-0.7195,-28127.9681,SELL,False,NONE,0.0,NONE,AGGRESSIVE_SELL
2023-11-13,2023,1946.1,NO_SWEEP,111267.1033,15742.8967,127010.0,-2.2813,95524.2066,0.7521,-11758.0666,BUY,False,NONE,0.0,NONE,AGGRESSIVE_BUY
2023-11-14,2023,1963.16,NO_SWEEP,111232.8717,27648.1283,138881.0,-1.5125,83584.7435,0.60184,-8850.5151,BUY,False,NONE,0.0,NONE,AGGRESSIVE_BUY
2023-11-15,2023,1959.19,NO_SWEEP,19130.2807,123738.7193,142869.0,-1.186,-104608.4386,-0.7322,-27229.3134,SELL,False,NONE,0.25,NONE,AGGRESSIVE_SELL
2023-11-16,2023,1981.1,NO_SWEEP,112742.8207,20104.1793,132847.0,-1.5592,92638.6413,0.69733,-1516.9832,BUY,False,NONE,0.0,NONE,AGGRESSIVE_BUY
2023-11-17,2023,1980.56,NO_SWEEP,13268.0,119412.0,132680.0,-1.4462,-106144.0,-0.8,-10727.8093,SELL,False,NONE,0.25,NONE,AGGRESSIVE_SELL
2023-11-20,2023,1977.65,NO_SWEEP,64330.3013,83835.6987,148166.0,-0.5677,-19505.3975,-0.13165,2179.716,NEUTRAL,False,NONE,0.25,NONE,NEUTRAL
2023-11-21,2023,1998.26,BUY_SIDE_SWEEP,128755.7654,35949.2346,164705.0,0.3199,92806.5308,0.56347,2443.8031,BUY,False,NONE,0.0,NONE,AGGRESSIVE_BUY
2023-11-22,2023,1989.81,NO_SWEEP,15268.7598,129433.2402,144702.0,-0.6871,-114164.4803,-0.78896,2516.4757,SELL,False,NONE,0.0,NONE,AGGRESSIVE_SELL
2023-11-23,2023,1992.78,NO_SWEEP,22772.9178,17193.0822,39966.0,-3.5834,5579.8355,0.13961,-8726.5707,NEUTRAL,False,NONE,0.0,NONE,NEUTRAL
2023-11-24,2023,2002.33,NO_SWEEP,48647.7,5405.3,54053.0,-2.4688,43242.4,0.8,-13769.3636,BUY,False,NONE,0.0,NONE,AGGRESSIVE_BUY
2023-11-27,2023,2014.18,BUY_SIDE_SWEEP,66960.4191,12326.5809,79287.0,-1.5621,54633.8381,0.68906,6135.921,BUY,False,NONE,0.0,NONE,AGGRESSIVE_BUY
2023-11-28,2023,2041.07,BUY_SIDE_SWEEP,68692.5,7632.5,76325.0,-1.457,61060.0,0.8,2188.5908,BUY,False,NONE,0.0,NONE,AGGRESSIVE_BUY
2023-11-29,2023,2044.12,BUY_SIDE_SWEEP,61101.8451,30432.1549,91534.0,-0.9785,30669.6903,0.33506,19290.3021,BUY,False,NONE,0.25,NONE,AGGRESSIVE_BUY
2023-11-30,2023,2036.09,NO_SWEEP,18748.0466,66872.9534,85621.0,-1.0225,-48124.9069,-0.56207,15712.8634,SELL,False,NONE,0.0,NONE,AGGRESSIVE_SELL
2023-12-01,2023,2071.63,BUY_SIDE_SWEEP,58536.0,6504.0,65040.0,-1.3968,52032.0,0.8,10616.0471,BUY,False,NONE,0.0,NONE,AGGRESSIVE_BUY
2023-12-04,2023,2028.89,NO_SWEEP,8524.1,76716.9,85241.0,-0.8101,-68192.8,-0.8,16362.5071,SELL,False,NONE,0.0,NONE,AGGRESSIVE_SELL
2023-12-05,2023,2019.36,NO_SWEEP,15981.0165,58932.9835,74914.0,-0.9657,-42951.967,-0.57335,10296.0318,SELL,False,NONE,0.25,NONE,AGGRESSIVE_SELL
2023-12-06,2023,2025.26,NO_SWEEP,38837.1335,25660.8665,64498.0,-1.1078,13176.267,0.20429,6537.7652,BUY,False,NONE,0.25,NONE,AGGRESSIVE_BUY
2023-12-07,2023,2028.54,NO_SWEEP,38177.0962,25861.9038,64039.0,-1.0279,12315.1923,0.19231,1247.9345,BUY,False,NONE,0.25,NONE,AGGRESSIVE_BUY
2023-12-08,2023,2004.04,NO_SWEEP,11448.3287,56667.6713,68116.0,-0.8361,-45219.3425,-0.66386,-12036.9833,SELL,False,NONE,0.0,NONE,AGGRESSIVE_SELL
2023-12-11,2023,1981.69,SELL_SIDE_SWEEP,7852.0079,52750.9921,60603.0,-0.9414,-44898.9843,-0.74087,-21483.0677,SELL,False,NONE,0.0,NONE,AGGRESSIVE_SELL
2023-12-12,2023,1979.3,NO_SWEEP,5096.2,45865.8,50962.0,-1.0869,-40769.6,-0.8,-20563.6543,SELL,False,NONE,0.25,NONE,AGGRESSIVE_SELL
2023-12-13,2023,2027.23,NO_SWEEP,51210.0,5690.0,56900.0,-0.8397,45520.0,0.8,-21377.6543,BUY,False,NONE,0.0,NONE,AGGRESSIVE_BUY
2023-12-14,2023,2036.2,NO_SWEEP,48972.6369,26112.3631,75085.0,-0.2631,22860.2739,0.30446,-9996.0201,BUY,False,NONE,0.0,NONE,AGGRESSIVE_BUY
2023-12-15,2023,2019.02,NO_SWEEP,34000.7,306006.3,340007.0,3.7759,-272005.6,-0.8,-38627.7242,SELL,False,NONE,0.35,NONE,AGGRESSIVE_SELL
2023-12-18,2023,2027.21,NO_SWEEP,208211.4258,71790.5742,280002.0,2.3573,136420.8516,0.48721,-23222.1511,BUY,False,NONE,0.35,NONE,AGGRESSIVE_BUY
2023-12-19,2023,2040.13,NO_SWEEP,249773.6529,58620.3471,308394.0,2.2872,191153.3058,0.61983,-867.3869,BUY,False,NONE,0.35,NONE,AGGRESSIVE_BUY
2023-12-20,2023,2031.31,NO_SWEEP,53993.4468,257022.5532,311016.0,1.9869,-203029.1064,-0.65279,-20593.6074,SELL,False,NONE,0.35,NONE,AGGRESSIVE_SELL
2023-12-21,2023,2045.78,NO_SWEEP,298927.8,33214.2,332142.0,1.8827,265713.6,0.8,18232.9656,BUY,False,NONE,0.35,NONE,AGGRESSIVE_BUY
2023-12-22,2023,2052.75,BUY_SIDE_SWEEP,189657.9974,194297.0026,383955.0,1.9956,-4639.0052,-0.01208,22749.2899,NEUTRAL,True,NONE,0.6,NONE,NEUTRAL
2023-12-26,2023,2067.44,NO_SWEEP,182331.0,20259.0,202590.0,0.4135,162072.0,0.8,37318.2899,BUY,False,NONE,0.0,NONE,AGGRESSIVE_BUY
2023-12-27,2023,2077.49,BUY_SIDE_SWEEP,225339.3759,60588.6241,285928.0,1.0148,164750.7519,0.5762,55054.5997,BUY,False,NONE,0.35,NONE,AGGRESSIVE_BUY
2023-12-28,2023,2065.25,NO_SWEEP,32882.9,295946.1,328829.0,1.2338,-263063.2,-0.8,56172.3997,SELL,False,NONE,0.35,NONE,AGGRESSIVE_SELL
2023-12-29,2023,2062.67,NO_SWEEP,56678.5167,239035.4833,295714.0,0.8757,-182356.9667,-0.61667,16325.1724,SELL,False,NONE,0.25,NONE,AGGRESSIVE_SELL
2024-01-02,2024,2058.91,NO_SWEEP,37679.9,339119.1,376799.0,1.3659,-301439.2,-0.8,-45248.8908,SELL,True,NONE,0.6,NONE,AGGRESSIVE_SELL
2024-01-03,2024,2041.27,NO_SWEEP,93776.663,348139.337,441916.0,1.6445,-254362.674,-0.57559,-51665.5868,SELL,False,NONE,0.35,NONE,AGGRESSIVE_SELL
2024-01-04,2024,2043.28,NO_SWEEP,206316.5995,117870.4005,324187.0,0.692,88446.1989,0.27282,-73824.0119,BUY,False,NONE,0.25,NONE,AGGRESSIVE_BUY
2024-01-05,2024,2045.3,NO_SWEEP,320828.1453,158525.8547,479354.0,1.6518,162302.2907,0.33859,-52956.3499,BUY,True,NONE,0.6,NONE,AGGRESSIVE_BUY
2024-01-08,2024,2028.18,NO_SWEEP,104639.4046,282186.5954,386826.0,0.8855,-177547.1908,-0.45898,-95408.7487,SELL,False,NONE,0.0,NONE,AGGRESSIVE_SELL
2024-01-09,2024,2030.21,NO_SWEEP,182647.7413,194133.2587,376781.0,0.7293,-11485.5175,-0.03048,-117438.2824,NEUTRAL,False,NONE,0.25,NONE,NEUTRAL
2024-01-10,2024,2024.32,NO_SWEEP,55929.1252,343763.8748,399693.0,0.835,-287834.7497,-0.72014,-120534.7261,SELL,False,NONE,0.25,NONE,AGGRESSIVE_SELL
2024-01-11,2024,2028.54,NO_SWEEP,339196.9225,199347.0775,538544.0,1.8773,139849.8451,0.25968,-80258.8747,BUY,True,NONE,0.6,NONE,AGGRESSIVE_BUY
2024-01-12,2024,2048.81,NO_SWEEP,404193.955,158489.045,562683.0,1.9848,245704.91,0.43667,-11865.8609,BUY,False,NONE,0.35,NONE,AGGRESSIVE_BUY
2024-01-15,2024,2054.6,NO_SWEEP,193765.4539,54318.5461,248084.0,-1.2565,139446.9079,0.5621,37360.3368,BUY,False,NONE,0.0,NONE,AGGRESSIVE_BUY
2024-01-16,2024,2028.22,NO_SWEEP,45910.3,413192.7,459103.0,1.015,-367282.4,-0.8,-19605.738,SELL,False,NONE,0.35,NONE,AGGRESSIVE_SELL
2024-01-17,2024,2006.11,SELL_SIDE_SWEEP,55736.4,501627.6,557364.0,1.8049,-445891.2,-0.8,-95629.9244,SELL,False,NONE,0.35,NONE,AGGRESSIVE_SELL
2024-01-18,2024,2022.93,NO_SWEEP,387315.0,43035.0,430350.0,0.4543,344280.0,0.8,-30401.5255,BUY,False,NONE,0.0,NONE,AGGRESSIVE_BUY
2024-01-19,2024,2029.33,NO_SWEEP,258901.788,152060.212,410962.0,0.207,106841.5761,0.25998,-15610.6388,BUY,False,NONE,0.25,NONE,AGGRESSIVE_BUY
2024-01-22,2024,2021.62,NO_SWEEP,97841.215,326047.785,423889.0,0.2962,-228206.5701,-0.53836,-8157.1164,SELL,False,NONE,0.0,NONE,AGGRESSIVE_SELL
2024-01-23,2024,2029.23,NO_SWEEP,291442.9256,144600.0744,436043.0,0.395,146842.8511,0.33676,-7282.9906,BUY,False,NONE,0.0,NONE,AGGRESSIVE_BUY
2024-01-24,2024,2013.5,NO_SWEEP,54324.8,488923.2,543248.0,1.4315,-434598.4,-0.8,-92320.9044,SELL,False,NONE,0.35,NONE,AGGRESSIVE_SELL
2024-01-25,2024,2020.7,NO_SWEEP,351456.2399,92169.7601,443626.0,0.2419,259286.4799,0.58447,-77340.9579,BUY,False,NONE,0.0,NONE,AGGRESSIVE_BUY
2024-01-26,2024,2018.49,NO_SWEEP,60545.0706,292526.9294,353072.0,-0.8572,-231981.8589,-0.65704,-60428.3902,SELL,False,NONE,0.25,NONE,AGGRESSIVE_SELL
2024-01-29,2024,2032.7,NO_SWEEP,236059.83,52619.17,288679.0,-1.6158,183440.66,0.63545,18238.0923,BUY,False,NONE,0.0,NONE,AGGRESSIVE_BUY
2024-01-30,2024,2036.87,NO_SWEEP,240092.9894,172898.0106,412991.0,-0.1549,67194.9788,0.1627,-16397.5354,NEUTRAL,False,NONE,0.25,NONE,NEUTRAL
2024-01-31,2024,2039.2,NO_SWEEP,302601.3963,265267.6037,567869.0,1.53,37333.7926,0.06574,-25086.0083,NEUTRAL,True,NONE,0.6,NONE,NEUTRAL
2024-02-01,2024,2054.98,NO_SWEEP,469360.1924,122953.8076,592314.0,1.6024,346406.3848,0.58484,46740.611,BUY,False,NONE,0.35,NONE,AGGRESSIVE_BUY
2024-02-02,2024,2039.57,NO_SWEEP,105822.2891,277221.7109,383044.0,-0.6259,-171399.4219,-0.44747,6960.3269,SELL,False,NONE,0.0,NONE,AGGRESSIVE_SELL
2024-02-05,2024,2025.03,NO_SWEEP,103932.1016,294071.8984,398004.0,-0.4713,-190139.7969,-0.47773,37517.6523,SELL,False,NONE,0.0,NONE,AGGRESSIVE_SELL
2024-02-06,2024,2035.86,NO_SWEEP,166243.0809,25730.9191,191974.0,-2.2625,140512.1618,0.73193,22670.8626,BUY,False,NONE,0.0,NONE,AGGRESSIVE_BUY
2024-02-07,2024,2035.0,NO_SWEEP,31710.297,110633.703,142344.0,-2.2426,-78923.4059,-0.55446,41803.1692,SELL,False,NONE,0.25,NONE,AGGRESSIVE_SELL
2024-02-08,2024,2034.33,NO_SWEEP,81199.2857,70372.7143,151572.0,-1.8643,10826.5714,0.07143,20226.4081,NEUTRAL,False,NONE,0.25,NONE,NEUTRAL
2024-02-09,2024,2024.26,NO_SWEEP,22983.0943,115141.9057,138125.0,-1.7274,-92158.8115,-0.66721,307.1843,SELL,False,NONE,0.0,NONE,AGGRESSIVE_SELL
2024-02-12,2024,2019.94,NO_SWEEP,50485.1455,89002.8545,139488.0,-1.599,-38517.7091,-0.27614,-9174.2534,SELL,False,NONE,0.25,NONE,AGGRESSIVE_SELL
2024-02-13,2024,1992.95,SELL_SIDE_SWEEP,15347.8,138130.2,153478.0,-1.343,-122782.4,-0.8,-67822.8515,SELL,False,NONE,0.0,NONE,AGGRESSIVE_SELL
2024-02-14,2024,1992.1,NO_SWEEP,68131.4256,77683.5744,145815.0,-1.2626,-9552.1489,-0.06551,-47591.9424,NEUTRAL,False,NONE,0.25,NONE,NEUTRAL
2024-02-15,2024,2004.25,NO_SWEEP,116721.7258,21913.2742,138635.0,-1.1802,94808.4516,0.68387,-11973.4113,BUY,False,NONE,0.0,NONE,AGGRESSIVE_BUY
2024-02-16,2024,2013.18,NO_SWEEP,120741.3,13415.7,134157.0,-1.0936,107325.6,0.8,-16121.7315,BUY,False,NONE,0.0,NONE,AGGRESSIVE_BUY
2024-02-19,2024,2017.91,NO_SWEEP,68984.4138,30700.5862,99685.0,-1.179,38283.8276,0.38405,-1470.8273,BUY,False,NONE,0.25,NONE,AGGRESSIVE_BUY
2024-02-20,2024,2024.23,NO_SWEEP,92618.8245,38251.1755,130870.0,-0.8945,54367.649,0.41543,3971.8074,BUY,False,NONE,0.0,NONE,AGGRESSIVE_BUY
2024-02-21,2024,2025.97,NO_SWEEP,90203.5827,50934.4173,141138.0,-0.7525,39269.1653,0.27823,20400.3044,BUY,False,NONE,0.25,NONE,AGGRESSIVE_BUY
2024-02-22,2024,2024.27,NO_SWEEP,32473.3036,116479.6964,148953.0,-0.6246,-84006.3928,-0.56398,14714.219,SELL,False,NONE,0.25,NONE,AGGRESSIVE_SELL
2024-02-23,2024,2035.52,NO_SWEEP,126591.8109,24351.1891,150943.0,-0.5475,102240.6218,0.67735,42842.0967,BUY,False,NONE,0.0,NONE,AGGRESSIVE_BUY
2024-02-26,2024,2031.16,NO_SWEEP,49040.8637,87922.1363,136963.0,-0.5873,-38881.2727,-0.28388,39175.9562,SELL,False,NONE,0.25,NONE,AGGRESSIVE_SELL
2024-02-27,2024,2030.38,NO_SWEEP,14672.6402,115644.3598,130317.0,-0.5565,-100971.7197,-0.77482,14703.4348,SELL,False,NONE,0.25,NONE,AGGRESSIVE_SELL
2024-02-28,2024,2034.37,NO_SWEEP,105966.9903,23941.0097,129908.0,-0.4918,82025.9805,0.63142,11540.9824,BUY,False,NONE,0.25,NONE,AGGRESSIVE_BUY
2024-02-29,2024,2044.12,BUY_SIDE_SWEEP,116323.8267,29882.1733,146206.0,-0.2667,86441.6535,0.59123,17560.7106,BUY,False,NONE,0.0,NONE,AGGRESSIVE_BUY
2024-03-01,2024,2083.26,BUY_SIDE_SWEEP,147732.3,16414.7,164147.0,0.1465,131317.6,0.8,27179.4545,BUY,False,NONE,0.0,NONE,AGGRESSIVE_BUY
2024-03-04,2024,2114.27,BUY_SIDE_SWEEP,129762.0,14418.0,144180.0,0.0733,115344.0,0.8,36688.8088,BUY,False,NONE,0.0,NONE,AGGRESSIVE_BUY
2024-03-05,2024,2127.84,BUY_SIDE_SWEEP,119767.839,54220.161,173988.0,2.199,65547.678,0.37674,55383.0677,BUY,False,NONE,0.35,NONE,AGGRESSIVE_BUY
2024-03-06,2024,2148.03,BUY_SIDE_SWEEP,142096.4536,16402.5464,158499.0,1.0457,125693.9071,0.79303,58314.7283,BUY,False,NONE,0.35,NONE,AGGRESSIVE_BUY
2024-03-07,2024,2159.93,BUY_SIDE_SWEEP,137907.4305,27141.5695,165049.0,1.3771,110765.861,0.67111,77020.6201,BUY,False,NONE,0.35,NONE,AGGRESSIVE_BUY
2024-03-08,2024,2178.55,BUY_SIDE_SWEEP,125350.0865,49430.9135,174781.0,1.7328,75919.1731,0.43437,99131.9817,BUY,False,NONE,0.35,NONE,AGGRESSIVE_BUY
2024-03-11,2024,2182.65,NO_SWEEP,100746.5641,45706.4359,146453.0,0.044,55040.1282,0.37582,95758.7501,BUY,False,NONE,0.25,NONE,AGGRESSIVE_BUY
2024-03-12,2024,2158.13,NO_SWEEP,14727.0358,79739.9642,94467.0,-2.3965,-65012.9284,-0.68821,76826.9274,SELL,False,NONE,0.0,NONE,AGGRESSIVE_SELL
2024-03-13,2024,2174.32,NO_SWEEP,52423.206,10016.794,62440.0,-2.8563,42406.4119,0.67915,65713.0289,BUY,False,NONE,0.0,NONE,AGGRESSIVE_BUY
2024-03-14,2024,2162.19,NO_SWEEP,17121.5954,45633.4046,62755.0,-2.2967,-28511.8092,-0.45434,47731.0527,SELL,False,NONE,0.0,NONE,AGGRESSIVE_SELL
2024-03-15,2024,2155.82,NO_SWEEP,5922.2,53299.8,59222.0,-2.0272,-47377.6,-0.8,33615.393,SELL,False,NONE,0.0,NONE,AGGRESSIVE_SELL
2024-03-18,2024,2160.26,NO_SWEEP,47656.976,7298.024,54955.0,-1.9129,40358.952,0.7344,22948.5236,BUY,False,NONE,0.0,NONE,AGGRESSIVE_BUY
2024-03-19,2024,2157.48,NO_SWEEP,27727.1433,32147.8567,59875.0,-1.5787,-4420.7134,-0.07383,8550.2018,NEUTRAL,False,NONE,0.25,NONE,NEUTRAL
2024-03-20,2024,2186.24,NO_SWEEP,57801.6,6422.4,64224.0,-1.321,51379.2,0.8,5482.7051,BUY,False,NONE,0.0,NONE,AGGRESSIVE_BUY
2024-03-21,2024,2181.25,NO_SWEEP,16862.6399,74521.3601,91384.0,-0.6274,-57658.7202,-0.63095,-8604.6509,SELL,False,NONE,0.25,NONE,AGGRESSIVE_SELL
2024-03-22,2024,2165.27,NO_SWEEP,15793.5901,64029.4099,79823.0,-0.8102,-48235.8198,-0.60428,-6507.5123,SELL,False,NONE,0.0,NONE,AGGRESSIVE_SELL
2024-03-25,2024,2171.73,NO_SWEEP,44431.5501,26729.4499,71161.0,-0.9192,17702.1001,0.24876,-9595.5513,BUY,False,NONE,0.25,NONE,AGGRESSIVE_BUY
2024-03-26,2024,2178.63,NO_SWEEP,34524.8848,29587.1152,64112.0,-0.9828,4937.7696,0.07702,-5414.354,NEUTRAL,False,NONE,0.25,NONE,NEUTRAL
2024-03-27,2024,2194.88,NO_SWEEP,58393.8,6488.2,64882.0,-0.8804,51905.6,0.8,6996.046,BUY,False,NONE,0.0,NONE,AGGRESSIVE_BUY
2024-03-28,2024,2232.88,BUY_SIDE_SWEEP,72431.1,8047.9,80479.0,-0.4748,64383.2,0.8,9999.077,BUY,False,NONE,0.0,NONE,AGGRESSIVE_BUY
2024-04-01,2024,2251.31,BUY_SIDE_SWEEP,62433.3226,23069.6774,85503.0,-0.2902,39363.6453,0.46038,15472.1219,BUY,False,NONE,0.25,NONE,AGGRESSIVE_BUY
2024-04-02,2024,2280.53,BUY_SIDE_SWEEP,79984.8,8887.2,88872.0,-0.1514,71097.6,0.8,17936.9219,BUY,False,NONE,0.0,NONE,AGGRESSIVE_BUY
2024-04-03,2024,2299.64,BUY_SIDE_SWEEP,85898.7,9544.3,95443.0,0.1132,76354.4,0.8,34688.5619,BUY,False,NONE,0.0,NONE,AGGRESSIVE_BUY
2024-04-04,2024,2290.95,NO_SWEEP,25455.4002,59208.5998,84664.0,-0.0843,-33753.1995,-0.39867,36498.8894,SELL,False,NONE,0.25,NONE,AGGRESSIVE_SELL
2024-04-05,2024,2329.28,BUY_SIDE_SWEEP,82454.4,9161.6,91616.0,0.2676,73292.8,0.8,43447.7269,BUY,False,NONE,0.0,NONE,AGGRESSIVE_BUY
2024-04-08,2024,2338.82,BUY_SIDE_SWEEP,87157.1545,22667.8455,109825.0,1.3758,64489.309,0.5872,50891.6693,BUY,True,NONE,0.6,NONE,AGGRESSIVE_BUY
2024-04-09,2024,2352.22,NO_SWEEP,70864.7257,33798.2743,104663.0,1.6254,37066.4514,0.35415,49036.7758,BUY,False,NONE,0.35,NONE,AGGRESSIVE_BUY
2024-04-10,2024,2333.55,NO_SWEEP,24615.7855,76497.2145,101113.0,1.3512,-51881.429,-0.5131,34503.6971,SELL,False,NONE,0.35,NONE,AGGRESSIVE_SELL
2024-04-11,2024,2372.41,BUY_SIDE_SWEEP,92533.5,10281.5,102815.0,1.3054,82252.0,0.8,39864.7415,BUY,False,NONE,0.35,NONE,AGGRESSIVE_BUY
2024-04-12,2024,2344.22,NO_SWEEP,12804.2,115237.8,128042.0,2.2926,-102433.6,-0.8,18173.3415,SELL,True,NONE,0.6,NONE,AGGRESSIVE_SELL
2024-04-15,2024,2383.1,NO_SWEEP,104317.2,11590.8,115908.0,1.488,92726.4,0.8,20219.8415,BUY,False,NONE,0.35,NONE,AGGRESSIVE_BUY
2024-04-16,2024,2382.85,NO_SWEEP,79787.4961,35005.5039,114793.0,1.3148,44781.9922,0.39011,30036.7404,BUY,True,NONE,0.6,NONE,AGGRESSIVE_BUY
2024-04-17,2024,2361.16,NO_SWEEP,11801.7206,92590.2794,104392.0,0.6856,-80788.5588,-0.7739,10776.5706,SELL,False,NONE,0.0,NONE,AGGRESSIVE_SELL
2024-04-18,2024,2378.86,NO_SWEEP,81678.0038,36690.9962,118369.0,1.3446,44987.0076,0.38006,8338.7829,BUY,False,NONE,0.35,NONE,AGGRESSIVE_BUY
2024-04-19,2024,2390.63,NO_SWEEP,84366.3802,62068.6198,146435.0,2.3543,22297.7605,0.15227,6492.6966,NEUTRAL,True,NONE,0.6,NONE,NEUTRAL
2024-04-22,2024,2327.25,NO_SWEEP,8160.3,73442.7,81603.0,-0.7812,-65282.4,-0.8,4817.5752,SELL,False,NONE,0.0,NONE,AGGRESSIVE_SELL
2024-04-23,2024,2322.11,NO_SWEEP,39743.5977,39636.4023,79380.0,-0.9293,107.1953,0.00135,-5450.5254,NEUTRAL,False,NONE,0.25,NONE,NEUTRAL
2024-04-24,2024,2315.96,NO_SWEEP,8239.5515,63314.4485,71554.0,-1.374,-55074.897,-0.7697,469.3125,SELL,False,NONE,0.25,NONE,AGGRESSIVE_SELL
2024-04-25,2024,2332.37,NO_SWEEP,54969.6512,15281.3488,70251.0,-1.4867,39688.3024,0.56495,-6160.4497,BUY,False,NONE,0.0,NONE,AGGRESSIVE_BUY
2024-04-26,2024,2337.78,NO_SWEEP,39850.7519,25622.2481,65473.0,-1.6149,14228.5038,0.21732,-9979.6358,BUY,False,NONE,0.25,NONE,AGGRESSIVE_BUY
2024-04-29,2024,2335.36,NO_SWEEP,28524.4687,42201.5313,70726.0,-1.2733,-13677.0625,-0.19338,-1590.6987,SELL,False,NONE,0.25,NONE,AGGRESSIVE_SELL
2024-04-30,2024,2286.3,SELL_SIDE_SWEEP,7230.7,65076.3,72307.0,-1.1235,-57845.6,-0.8,-14444.7747,SELL,False,NONE,0.0,NONE,AGGRESSIVE_SELL
2024-05-01,2024,2319.48,NO_SWEEP,61002.256,9201.744,70204.0,-1.1234,51800.5121,0.73786,-10756.9307,BUY,False,NONE,0.0,NONE,AGGRESSIVE_BUY
2024-05-02,2024,2303.51,NO_SWEEP,21394.9384,48066.0616,69461.0,-1.0933,-26671.1233,-0.38397,-5930.5211,SELL,False,NONE,0.0,NONE,AGGRESSIVE_SELL
2024-05-03,2024,2301.67,NO_SWEEP,26563.4001,40942.5999,67506.0,-1.0907,-14379.1998,-0.21301,-7741.3205,SELL,False,NONE,0.25,NONE,AGGRESSIVE_SELL
2024-05-06,2024,2323.76,NO_SWEEP,64200.4642,10739.5358,74940.0,-0.7017,53460.9284,0.71338,5825.6576,BUY,False,NONE,0.0,NONE,AGGRESSIVE_BUY
2024-05-07,2024,2313.83,NO_SWEEP,8819.8936,56719.1064,65539.0,-0.9984,-47899.2128,-0.73085,-5122.7818,SELL,False,NONE,0.0,NONE,AGGRESSIVE_SELL
2024-05-08,2024,2308.83,NO_SWEEP,14124.6788,55373.3212,69498.0,-0.7608,-41248.6425,-0.59352,-12057.4251,SELL,False,NONE,0.25,NONE,AGGRESSIVE_SELL
2024-05-09,2024,2346.02,NO_SWEEP,61912.8,6879.2,68792.0,-0.7171,55033.6,0.8,-3468.5922,BUY,False,NONE,0.0,NONE,AGGRESSIVE_BUY
2024-05-10,2024,2360.47,BUY_SIDE_SWEEP,45697.0216,27470.9784,73168.0,-0.4595,18226.0433,0.2491,6040.3632,BUY,False,NONE,0.0,NONE,AGGRESSIVE_BUY
2024-05-13,2024,2336.14,NO_SWEEP,6728.1,60552.9,67281.0,-0.6423,-53824.8,-0.8,-7162.8008,SELL,False,NONE,0.0,NONE,AGGRESSIVE_SELL
2024-05-14,2024,2358.0,NO_SWEEP,61506.9,6834.1,68341.0,-0.5161,54672.8,0.8,3005.1896,BUY,False,NONE,0.0,NONE,AGGRESSIVE_BUY
2024-05-15,2024,2385.76,BUY_SIDE_SWEEP,63081.0,7009.0,70090.0,-0.3589,56072.0,0.8,11811.5895,BUY,False,NONE,0.0,NONE,AGGRESSIVE_BUY
2024-05-16,2024,2376.72,NO_SWEEP,12350.2897,68839.7103,81190.0,0.3539,-56489.4205,-0.69577,-1932.2041,SELL,False,NONE,0.25,NONE,AGGRESSIVE_SELL
2024-05-17,2024,2413.84,BUY_SIDE_SWEEP,70067.2845,10280.7155,80348.0,1.718,59786.5689,0.7441,11528.5186,BUY,False,NONE,0.35,NONE,AGGRESSIVE_BUY
2024-05-20,2024,2426.22,BUY_SIDE_SWEEP,62520.7962,40184.2038,102705.0,3.6657,22336.5925,0.21748,19476.673,BUY,True,NONE,0.6,NONE,AGGRESSIVE_BUY
2024-05-21,2024,2420.88,NO_SWEEP,34484.7668,58929.2332,93414.0,2.1532,-24444.4664,-0.26168,9541.9147,SELL,True,NONE,0.6,NONE,AGGRESSIVE_SELL
2024-05-22,2024,2378.58,NO_SWEEP,9472.8,85255.2,94728.0,1.9448,-75782.4,-0.8,-2209.1407,SELL,False,NONE,0.35,NONE,AGGRESSIVE_SELL
2024-05-23,2024,2328.55,NO_SWEEP,9244.8,83203.2,92448.0,1.5205,-73958.4,-0.8,-4725.8407,SELL,False,NONE,0.35,NONE,AGGRESSIVE_SELL
2024-05-24,2024,2333.86,NO_SWEEP,44941.6323,34129.3677,79071.0,0.2337,10812.2645,0.13674,-10208.4076,NEUTRAL,False,NONE,0.25,NONE,NEUTRAL
2024-05-27,2024,2350.08,NO_SWEEP,47301.3288,13350.6712,60652.0,-1.3878,33950.6575,0.55976,-12973.5754,BUY,False,NONE,0.0,NONE,AGGRESSIVE_BUY
2024-05-28,2024,2361.13,NO_SWEEP,75711.6,8412.4,84124.0,0.6641,67299.2,0.8,2500.0021,BUY,False,NONE,0.0,NONE,AGGRESSIVE_BUY
2024-05-29,2024,2338.0,NO_SWEEP,8622.3,77600.7,86223.0,0.7742,-68978.4,-0.8,-13595.619,SELL,False,NONE,0.0,NONE,AGGRESSIVE_SELL
2024-05-30,2024,2342.98,NO_SWEEP,71486.8818,19227.1182,90714.0,1.0595,52259.7636,0.57609,-9855.2226,BUY,True,NONE,0.6,NONE,AGGRESSIVE_BUY
2024-05-31,2024,2327.46,NO_SWEEP,11255.79,80628.21,91884.0,1.0499,-69372.42,-0.755,-15471.2168,SELL,False,NONE,0.35,NONE,AGGRESSIVE_SELL
2024-06-03,2024,2350.45,NO_SWEEP,79274.7,8808.3,88083.0,0.6593,70466.4,0.8,2809.8832,BUY,False,NONE,0.0,NONE,AGGRESSIVE_BUY
2024-06-04,2024,2326.79,NO_SWEEP,18289.8619,68750.1381,87040.0,0.496,-50460.2763,-0.57974,5747.1487,SELL,False,NONE,0.0,NONE,AGGRESSIVE_SELL
2024-06-05,2024,2355.13,NO_SWEEP,72859.5,8095.5,80955.0,-0.1021,64764.0,0.8,12491.1156,BUY,False,NONE,0.0,NONE,AGGRESSIVE_BUY
2024-06-06,2024,2375.68,NO_SWEEP,72909.0,8101.0,81010.0,-0.1596,64808.0,0.8,16348.2834,BUY,False,NONE,0.0,NONE,AGGRESSIVE_BUY
2024-06-07,2024,2293.38,SELL_SIDE_SWEEP,9923.8,89314.2,99238.0,1.4162,-79390.4,-0.8,-1987.9166,SELL,False,NONE,0.35,NONE,AGGRESSIVE_SELL
2024-06-10,2024,2310.86,NO_SWEEP,68344.2,7593.8,75938.0,-0.8259,60750.4,0.8,14228.1834,BUY,False,NONE,0.0,NONE,AGGRESSIVE_BUY
2024-06-11,2024,2316.73,NO_SWEEP,77491.0025,8730.9975,86222.0,0.0959,68760.005,0.79748,16290.7136,BUY,False,NONE,0.25,NONE,AGGRESSIVE_BUY
2024-06-12,2024,2324.88,NO_SWEEP,52653.5705,32272.4295,84926.0,-0.1255,20381.141,0.23999,27509.9087,BUY,False,NONE,0.25,NONE,AGGRESSIVE_BUY
2024-06-13,2024,2303.85,NO_SWEEP,15254.9875,67334.0125,82589.0,-0.3968,-52079.0249,-0.63058,12191.7306,SELL,False,NONE,0.0,NONE,AGGRESSIVE_SELL
2024-06-14,2024,2332.6,NO_SWEEP,74361.6,8262.4,82624.0,-0.4085,66099.2,0.8,26761.6651,BUY,False,NONE,0.0,NONE,AGGRESSIVE_BUY
2024-06-17,2024,2318.96,NO_SWEEP,21524.6233,57122.3767,78647.0,-0.7867,-35597.7533,-0.45263,14216.446,SELL,False,NONE,0.0,NONE,AGGRESSIVE_SELL
2024-06-18,2024,2329.34,NO_SWEEP,68767.2,7640.8,76408.0,-0.9618,61126.4,0.8,13756.246,BUY,False,NONE,0.0,NONE,AGGRESSIVE_BUY
2024-06-19,2024,2327.98,NO_SWEEP,13601.8018,39714.1982,53316.0,-2.8367,-26112.3964,-0.48977,20415.9964,SELL,False,NONE,0.25,NONE,AGGRESSIVE_SELL
2024-06-20,2024,2360.02,NO_SWEEP,69436.7729,7813.2271,77250.0,-0.4132,61623.5458,0.79772,20525.1397,BUY,False,NONE,0.0,NONE,AGGRESSIVE_BUY
2024-06-21,2024,2321.42,NO_SWEEP,8192.4,73731.6,81924.0,0.044,-65539.2,-0.8,3737.739,SELL,False,NONE,0.0,NONE,AGGRESSIVE_SELL
2024-06-24,2024,2334.43,NO_SWEEP,73468.8,8163.2,81632.0,-0.1044,65305.6,0.8,9353.2964,BUY,False,NONE,0.0,NONE,AGGRESSIVE_BUY
2024-06-25,2024,2319.51,NO_SWEEP,9319.1107,63080.8893,72400.0,-1.0688,-53761.7786,-0.74257,9142.9522,SELL,False,NONE,0.0,NONE,AGGRESSIVE_SELL
2024-06-26,2024,2298.06,NO_SWEEP,8350.4812,73306.5188,81657.0,-0.0074,-64956.0375,-0.79547,-7238.9525,SELL,False,NONE,0.0,NONE,AGGRESSIVE_SELL
2024-06-27,2024,2327.48,NO_SWEEP,66946.5,7438.5,74385.0,-0.7438,59508.0,0.8,4649.2667,BUY,False,NONE,0.0,NONE,AGGRESSIVE_BUY
2024-06-28,2024,2326.4,NO_SWEEP,18421.5552,55759.4448,74181.0,-0.6867,-37337.8895,-0.50333,-7658.7695,SELL,False,NONE,0.25,NONE,AGGRESSIVE_SELL
2024-07-01,2024,2331.72,NO_SWEEP,57914.8172,18088.1828,76003.0,-0.4095,39826.6344,0.52401,583.6093,BUY,False,NONE,0.25,NONE,AGGRESSIVE_BUY
2024-07-02,2024,2329.35,NO_SWEEP,28456.6624,41721.3376,70178.0,-1.0023,-13264.6752,-0.18901,-8777.4183,SELL,False,NONE,0.25,NONE,AGGRESSIVE_SELL
2024-07-03,2024,2356.07,NO_SWEEP,59729.3421,11597.6579,71327.0,-0.7958,48131.6843,0.6748,5431.4422,BUY,False,NONE,0.0,NONE,AGGRESSIVE_BUY
2024-07-04,2024,2356.1,NO_SWEEP,14660.6515,30909.3485,45570.0,-2.7886,-16248.697,-0.35657,-4762.8449,SELL,False,NONE,0.25,NONE,AGGRESSIVE_SELL
2024-07-05,2024,2391.06,BUY_SIDE_SWEEP,70758.9,7862.1,78621.0,0.3426,62896.8,0.8,9819.4774,BUY,False,NONE,0.0,NONE,AGGRESSIVE_BUY
2024-07-08,2024,2359.09,NO_SWEEP,10586.9985,65491.0015,76078.0,0.0803,-54904.003,-0.72168,11075.9818,SELL,False,NONE,0.0,NONE,AGGRESSIVE_SELL
2024-07-09,2024,2363.73,NO_SWEEP,56725.8621,18049.1379,74775.0,0.0054,38676.7241,0.51724,8472.0723,BUY,False,NONE,0.25,NONE,AGGRESSIVE_BUY
2024-07-10,2024,2371.26,NO_SWEEP,38503.9169,30254.0831,68758.0,-0.5621,8249.8337,0.11998,14170.5377,NEUTRAL,False,NONE,0.25,NONE,NEUTRAL
2024-07-11,2024,2415.3,BUY_SIDE_SWEEP,67214.8271,9127.1729,76342.0,0.3049,58087.6541,0.76089,16453.1651,BUY,False,NONE,0.0,NONE,AGGRESSIVE_BUY
2024-07-12,2024,2411.59,NO_SWEEP,43186.7344,38655.2656,81842.0,0.9257,4531.4688,0.05537,18677.6831,NEUTRAL,False,NONE,0.25,NONE,NEUTRAL
2024-07-15,2024,2422.23,NO_SWEEP,58066.5968,27116.4032,85183.0,1.2225,30950.1935,0.36334,16529.9968,BUY,True,NONE,0.6,NONE,AGGRESSIVE_BUY
2024-07-16,2024,2468.69,BUY_SIDE_SWEEP,77334.3,8592.7,85927.0,1.2051,68741.6,0.8,27153.7839,BUY,False,NONE,0.35,NONE,AGGRESSIVE_BUY
2024-07-17,2024,2458.66,NO_SWEEP,27445.3686,145390.6314,172836.0,4.0602,-117945.2629,-0.68241,4548.5261,SELL,True,NONE,0.6,NONE,AGGRESSIVE_SELL
2024-07-18,2024,2445.08,NO_SWEEP,18142.6,163283.4,181426.0,3.0284,-145140.8,-0.8,-6731.0736,SELL,False,NONE,0.35,NONE,AGGRESSIVE_SELL
2024-07-19,2024,2400.3,NO_SWEEP,18561.4,167052.6,185614.0,2.4701,-148491.2,-0.8,-30127.0641,SELL,False,NONE,0.35,NONE,AGGRESSIVE_SELL
2024-07-22,2024,2396.35,NO_SWEEP,52356.861,115282.139,167639.0,1.7363,-62925.278,-0.37536,-39023.9531,SELL,True,NONE,0.6,NONE,AGGRESSIVE_SELL
2024-07-23,2024,2409.62,NO_SWEEP,151842.6,16871.4,168714.0,1.5511,134971.2,0.8,-29413.5098,BUY,False,NONE,0.35,NONE,AGGRESSIVE_BUY
2024-07-24,2024,2397.23,NO_SWEEP,17945.8,161512.2,179458.0,1.5761,-143566.4,-0.8,-47925.7434,SELL,True,NONE,0.6,NONE,AGGRESSIVE_SELL
2024-07-25,2024,2364.49,SELL_SIDE_SWEEP,40419.6693,200875.3307,241295.0,2.3162,-160455.6614,-0.66498,-71851.4753,SELL,False,NONE,0.35,NONE,AGGRESSIVE_SELL
2024-07-26,2024,2387.34,NO_SWEEP,164338.2,18259.8,182598.0,1.1329,146078.4,0.8,-62184.3753,BUY,False,NONE,0.35,NONE,AGGRESSIVE_BUY
2024-07-29,2024,2383.5,NO_SWEEP,52275.3884,126986.6116,179262.0,0.9724,-74711.2233,-0.41677,-56780.1203,SELL,False,NONE,0.25,NONE,AGGRESSIVE_SELL
2024-07-30,2024,2410.92,NO_SWEEP,157385.7,17487.3,174873.0,0.809,139898.4,0.8,-21150.2203,BUY,False,NONE,0.0,NONE,AGGRESSIVE_BUY
2024-07-31,2024,2447.24,NO_SWEEP,190190.7,21132.3,211323.0,1.3023,169058.4,0.8,18543.4797,BUY,False,NONE,0.35,NONE,AGGRESSIVE_BUY
2024-08-01,2024,2446.3,NO_SWEEP,80472.2018,147245.7982,227718.0,1.4432,-66773.5964,-0.29323,18062.4399,SELL,True,NONE,0.6,NONE,AGGRESSIVE_SELL
2024-08-02,2024,2441.38,NO_SWEEP,76630.7945,162202.2055,238833.0,1.4631,-85571.4109,-0.35829,-9505.3865,SELL,True,NONE,0.6,NONE,AGGRESSIVE_SELL
2024-08-05,2024,2409.96,NO_SWEEP,102957.9848,200148.0152,303106.0,2.1559,-97190.0304,-0.32065,-3708.3403,SELL,False,NONE,0.35,NONE,AGGRESSIVE_SELL
2024-08-06,2024,2389.85,NO_SWEEP,39657.6977,209091.3023,248749.0,1.1936,-169433.6046,-0.68114,-4830.5832,SELL,False,NONE,0.35,NONE,AGGRESSIVE_SELL
2024-08-07,2024,2383.06,NO_SWEEP,21800.5026,189552.4974,211353.0,0.5267,-167751.9948,-0.79371,-44059.3826,SELL,False,NONE,0.25,NONE,AGGRESSIVE_SELL
2024-08-08,2024,2427.18,NO_SWEEP,192846.6,21427.4,214274.0,0.4987,171419.2,0.8,-13293.0796,BUY,False,NONE,0.0,NONE,AGGRESSIVE_BUY
2024-08-09,2024,2431.07,NO_SWEEP,140228.4594,35843.5406,176072.0,-0.3214,104384.9187,0.59285,-17732.2648,BUY,False,NONE,0.25,NONE,AGGRESSIVE_BUY
2024-08-12,2024,2472.03,NO_SWEEP,139107.6,15456.4,154564.0,-0.9371,123651.2,0.8,-23408.1648,BUY,False,NONE,0.0,NONE,AGGRESSIVE_BUY
2024-08-13,2024,2464.98,NO_SWEEP,41734.811,125168.189,166903.0,-0.8947,-83433.3781,-0.49989,-25490.6375,SELL,False,NONE,0.25,NONE,AGGRESSIVE_SELL
2024-08-14,2024,2447.92,NO_SWEEP,31283.3148,156290.6852,187574.0,-0.3485,-125007.3705,-0.66644,-30420.1325,SELL,False,NONE,0.0,NONE,AGGRESSIVE_SELL
2024-08-15,2024,2456.24,NO_SWEEP,131622.2691,44693.7309,176316.0,-0.6527,86928.5382,0.49303,-7405.3114,BUY,False,NONE,0.25,NONE,AGGRESSIVE_BUY
2024-08-16,2024,2507.46,BUY_SIDE_SWEEP,162362.7,18040.3,180403.0,-0.5302,144322.4,0.8,31814.1892,BUY,False,NONE,0.0,NONE,AGGRESSIVE_BUY
2024-08-19,2024,2504.23,NO_SWEEP,97941.6217,85619.3783,183561.0,-0.4718,12322.2433,0.06713,54323.469,NEUTRAL,False,NONE,0.25,NONE,NEUTRAL
2024-08-20,2024,2514.01,BUY_SIDE_SWEEP,114084.8049,63493.1951,177578.0,-0.6588,50591.6098,0.2849,39220.0202,BUY,False,NONE,0.25,NONE,AGGRESSIVE_BUY
2024-08-21,2024,2512.3,NO_SWEEP,88652.8373,89639.1627,178292.0,-0.6362,-986.3253,-0.00553,26048.6147,NEUTRAL,False,NONE,0.25,NONE,NEUTRAL
2024-08-22,2024,2484.73,NO_SWEEP,40808.0675,141703.9325,182512.0,-0.4468,-100895.8649,-0.55282,-2019.7684,SELL,False,NONE,0.0,NONE,AGGRESSIVE_SELL
2024-08-23,2024,2511.93,NO_SWEEP,155685.4522,23281.5478,178967.0,-0.5437,132403.9044,0.73982,24959.8919,BUY,False,NONE,0.0,NONE,AGGRESSIVE_BUY
2024-08-26,2024,2517.91,NO_SWEEP,113793.1709,58753.8291,172547.0,-0.7168,55039.3419,0.31898,47465.7309,BUY,False,NONE,0.0,NONE,AGGRESSIVE_BUY
2024-08-27,2024,2524.59,NO_SWEEP,149979.6,16664.4,166644.0,-0.8681,133315.2,0.8,53264.0636,BUY,False,NONE,0.25,NONE,AGGRESSIVE_BUY
2024-08-28,2024,2504.67,NO_SWEEP,36797.2911,130312.7089,167110.0,-0.7819,-93515.4178,-0.5596,23534.3364,SELL,False,NONE,0.0,NONE,AGGRESSIVE_SELL
2024-08-29,2024,2521.09,NO_SWEEP,136846.6686,36346.3314,173193.0,-0.5404,100500.3372,0.58028,34556.5982,BUY,False,NONE,0.0,NONE,AGGRESSIVE_BUY
2024-08-30,2024,2503.35,NO_SWEEP,34773.0469,140027.9531,174801.0,-0.4206,-105254.9062,-0.60214,15075.7837,SELL,False,NONE,0.0,NONE,AGGRESSIVE_SELL
2024-09-02,2024,2499.46,NO_SWEEP,42700.2371,67766.7629,110467.0,-2.6805,-25066.5258,-0.22691,12065.7586,SELL,False,NONE,0.25,NONE,AGGRESSIVE_SELL
2024-09-03,2024,2492.86,NO_SWEEP,76952.9335,108188.0665,185141.0,0.4587,-31235.133,-0.16871,20773.3501,NEUTRAL,False,NONE,0.25,NONE,NEUTRAL
2024-09-04,2024,2495.44,NO_SWEEP,153006.3,20111.7,173118.0,-0.048,132894.6,0.76765,20834.687,BUY,False,NONE,0.25,NONE,AGGRESSIVE_BUY
2024-09-05,2024,2516.63,NO_SWEEP,144104.6304,27046.3696,171151.0,-0.0437,117058.2608,0.68395,28587.0519,BUY,False,NONE,0.0,NONE,AGGRESSIVE_BUY
2024-09-06,2024,2497.61,NO_SWEEP,38927.217,155686.783,194614.0,1.3114,-116759.566,-0.59995,-2672.2938,SELL,False,NONE,0.35,NONE,AGGRESSIVE_SELL
2024-09-09,2024,2506.22,NO_SWEEP,158076.0,17564.0,175640.0,0.1124,140512.0,0.8,26581.1334,BUY,False,NONE,0.0,NONE,AGGRESSIVE_BUY
2024-09-10,2024,2516.54,NO_SWEEP,145854.0,16206.0,162060.0,-0.7085,129648.0,0.8,30224.5912,BUY,False,NONE,0.0,NONE,AGGRESSIVE_BUY
2024-09-11,2024,2511.35,NO_SWEEP,50469.4765,142344.5235,192814.0,1.1475,-91875.047,-0.4765,31897.0736,SELL,True,NONE,0.6,NONE,AGGRESSIVE_SELL
2024-09-12,2024,2558.6,BUY_SIDE_SWEEP,168896.7,18766.3,187663.0,0.7888,150130.4,0.8,53796.6894,BUY,False,NONE,0.0,NONE,AGGRESSIVE_BUY
2024-09-13,2024,2578.38,BUY_SIDE_SWEEP,157172.2317,34518.7683,191691.0,0.9731,122653.4635,0.63985,73032.7639,BUY,False,NONE,0.0,NONE,AGGRESSIVE_BUY
2024-09-16,2024,2582.42,NO_SWEEP,97437.9208,51852.0792,149290.0,-1.3375,45585.8416,0.30535,62119.1691,BUY,False,NONE,0.25,NONE,AGGRESSIVE_BUY
2024-09-17,2024,2569.45,NO_SWEEP,39493.0838,128796.9162,168290.0,-0.2516,-89303.8324,-0.53065,36323.9075,SELL,False,NONE,0.0,NONE,AGGRESSIVE_SELL
2024-09-18,2024,2559.27,NO_SWEEP,32363.0668,163942.9332,196306.0,1.214,-131579.8664,-0.67028,34471.3699,SELL,True,NONE,0.6,NONE,AGGRESSIVE_SELL
2024-09-19,2024,2586.61,NO_SWEEP,184774.2484,27656.7516,212431.0,1.8264,157117.4968,0.73962,36547.057,BUY,False,NONE,0.35,NONE,AGGRESSIVE_BUY
2024-09-20,2024,2622.26,BUY_SIDE_SWEEP,172953.9,19217.1,192171.0,0.7878,153736.8,0.8,39558.157,BUY,False,NONE,0.0,NONE,AGGRESSIVE_BUY
2024-09-23,2024,2628.39,BUY_SIDE_SWEEP,134720.167,36259.833,170980.0,-0.2316,98460.334,0.57586,63350.0796,BUY,False,NONE,0.0,NONE,AGGRESSIVE_BUY
2024-09-24,2024,2656.99,BUY_SIDE_SWEEP,178607.458,24762.542,203370.0,1.2008,153844.916,0.75648,63814.3941,BUY,False,NONE,0.35,NONE,AGGRESSIVE_BUY
2024-09-25,2024,2657.02,NO_SWEEP,47388.6616,142458.3384,189847.0,0.5169,-95069.6767,-0.50077,36599.0016,SELL,False,NONE,0.25,NONE,AGGRESSIVE_SELL
2024-09-26,2024,2672.23,BUY_SIDE_SWEEP,143229.1003,61621.8997,204851.0,1.1067,81607.2006,0.39837,41101.6715,BUY,False,NONE,0.35,NONE,AGGRESSIVE_BUY
2024-09-27,2024,2659.81,NO_SWEEP,81386.0048,134644.9952,216031.0,1.436,-53258.9904,-0.24653,45607.2767,SELL,False,NONE,0.35,NONE,AGGRESSIVE_SELL
2024-09-30,2024,2634.53,NO_SWEEP,34917.3359,172388.6641,207306.0,1.1635,-137471.3281,-0.66313,44870.844,SELL,False,NONE,0.35,NONE,AGGRESSIVE_SELL
2024-10-01,2024,2663.37,NO_SWEEP,148816.705,29505.295,178322.0,-0.4942,119311.41,0.66908,40145.0832,BUY,False,NONE,0.0,NONE,AGGRESSIVE_BUY
2024-10-02,2024,2658.67,NO_SWEEP,93223.0304,74585.9696,167809.0,-1.0694,18637.0607,0.11106,23257.6158,NEUTRAL,False,NONE,0.25,NONE,NEUTRAL
2024-10-03,2024,2656.01,NO_SWEEP,96435.3045,90206.6955,186642.0,-0.0443,6228.609,0.03337,11728.6501,NEUTRAL,False,NONE,0.25,NONE,NEUTRAL
2024-10-04,2024,2653.57,NO_SWEEP,51176.5079,77895.4921,129072.0,-2.5839,-26718.9841,-0.20701,-10841.8374,SELL,False,NONE,0.25,NONE,AGGRESSIVE_SELL
2024-10-07,2024,2642.51,NO_SWEEP,13108.6667,72751.3333,85860.0,-3.1035,-59642.6667,-0.69465,-6413.4611,SELL,False,NONE,0.25,NONE,AGGRESSIVE_SELL
2024-10-08,2024,2621.85,SELL_SIDE_SWEEP,24383.1443,73895.8557,98279.0,-2.2395,-49512.7114,-0.5038,-22803.4501,SELL,False,NONE,0.0,NONE,AGGRESSIVE_SELL
2024-10-09,2024,2607.68,NO_SWEEP,8721.1,78489.9,87211.0,-2.1153,-69768.8,-0.8,-24867.1763,SELL,False,NONE,0.0,NONE,AGGRESSIVE_SELL
2024-10-10,2024,2630.05,NO_SWEEP,78687.0,8743.0,87430.0,-1.8122,69944.0,0.8,1059.7397,BUY,False,NONE,0.0,NONE,AGGRESSIVE_BUY
2024-10-11,2024,2656.38,NO_SWEEP,71749.9782,8442.0218,80192.0,-1.7166,63307.9564,0.78945,-5940.692,BUY,False,NONE,0.0,NONE,AGGRESSIVE_BUY
2024-10-14,2024,2648.52,NO_SWEEP,12678.7292,67219.2708,79898.0,-1.5443,-54540.5415,-0.68263,-15087.8923,SELL,False,NONE,0.25,NONE,AGGRESSIVE_SELL
2024-10-15,2024,2662.64,NO_SWEEP,72758.2255,12282.7745,85041.0,-1.2982,60475.4509,0.71113,-8307.037,BUY,False,NONE,0.0,NONE,AGGRESSIVE_BUY
2024-10-16,2024,2673.64,BUY_SIDE_SWEEP,56752.3308,25058.6692,81811.0,-1.2226,31693.6616,0.3874,-1005.4563,BUY,False,NONE,0.0,NONE,AGGRESSIVE_BUY
2024-10-17,2024,2692.83,BUY_SIDE_SWEEP,77342.619,10151.381,87494.0,-1.0127,67191.238,0.76795,14848.7818,BUY,False,NONE,0.0,NONE,AGGRESSIVE_BUY
2024-10-18,2024,2721.91,BUY_SIDE_SWEEP,78808.5,8756.5,87565.0,-0.9149,70052.0,0.8,29794.3707,BUY,False,NONE,0.0,NONE,AGGRESSIVE_BUY
2024-10-21,2024,2719.5,NO_SWEEP,13141.7228,81230.2772,94372.0,-0.7118,-68088.5544,-0.72149,30004.4014,SELL,False,NONE,0.25,NONE,AGGRESSIVE_SELL
2024-10-22,2024,2748.81,BUY_SIDE_SWEEP,78339.6,8704.4,87044.0,-0.7669,69635.2,0.8,29965.8014,BUY,False,NONE,0.0,NONE,AGGRESSIVE_BUY
2024-10-23,2024,2715.57,NO_SWEEP,9203.1,82827.9,92031.0,-0.5926,-73624.8,-0.8,12849.2068,SELL,False,NONE,0.0,NONE,AGGRESSIVE_SELL
2024-10-24,2024,2735.84,NO_SWEEP,73706.7895,16520.2105,90227.0,-0.5523,57186.579,0.63381,26815.0969,BUY,False,NONE,0.0,NONE,AGGRESSIVE_BUY
2024-10-25,2024,2747.39,NO_SWEEP,76389.3,8487.7,84877.0,-0.6033,67901.6,0.8,27743.3655,BUY,False,NONE,0.0,NONE,AGGRESSIVE_BUY
2024-10-28,2024,2742.24,NO_SWEEP,76799.4023,10622.5977,87422.0,-0.4692,66176.8045,0.75698,32053.7584,BUY,False,NONE,0.0,NONE,AGGRESSIVE_BUY
2024-10-29,2024,2774.44,BUY_SIDE_SWEEP,83264.4,9251.6,92516.0,-0.2172,74012.8,0.8,32906.4536,BUY,False,NONE,0.0,NONE,AGGRESSIVE_BUY
2024-10-30,2024,2787.21,BUY_SIDE_SWEEP,82699.0774,9562.9226,92262.0,-0.1115,73136.1547,0.7927,33291.973,BUY,False,NONE,0.0,NONE,AGGRESSIVE_BUY
2024-10-31,2024,2743.77,NO_SWEEP,13224.8959,77812.1041,91037.0,0.0953,-64587.2081,-0.70946,33729.6413,SELL,False,NONE,0.0,NONE,AGGRESSIVE_SELL
2024-11-01,2024,2735.84,NO_SWEEP,9550.9,85958.1,95509.0,1.4831,-76407.2,-0.8,15474.3413,SELL,True,NONE,0.6,NONE,AGGRESSIVE_SELL
2024-11-04,2024,2736.46,NO_SWEEP,22775.3479,74172.6521,96948.0,1.5678,-51397.3043,-0.53015,18252.7782,SELL,True,NONE,0.6,NONE,AGGRESSIVE_SELL
2024-11-05,2024,2743.72,NO_SWEEP,73897.1511,15276.8489,89174.0,0.145,58620.3021,0.65737,18431.9936,BUY,False,NONE,0.25,NONE,AGGRESSIVE_BUY
2024-11-06,2024,2658.94,SELL_SIDE_SWEEP,11975.5,107779.5,119755.0,3.6052,-95804.0,-0.8,-2031.2064,SELL,False,NONE,0.35,NONE,AGGRESSIVE_SELL
2024-11-07,2024,2706.24,NO_SWEEP,93954.6,10439.4,104394.0,1.5327,83515.2,0.8,136.0931,BUY,False,NONE,0.35,NONE,AGGRESSIVE_BUY
2024-11-08,2024,2684.15,NO_SWEEP,9723.2,87508.8,97232.0,0.6365,-77785.6,-0.8,-18838.7069,SELL,False,NONE,0.0,NONE,AGGRESSIVE_SELL
2024-11-11,2024,2619.3,SELL_SIDE_SWEEP,9618.5,86566.5,96185.0,0.4385,-76948.0,-0.8,-37599.2263,SELL,False,NONE,0.0,NONE,AGGRESSIVE_SELL
2024-11-12,2024,2597.98,SELL_SIDE_SWEEP,15593.776,86165.224,101759.0,1.0209,-70571.448,-0.69352,-38347.2563,SELL,False,NONE,0.35,NONE,AGGRESSIVE_SELL
2024-11-13,2024,2572.7,SELL_SIDE_SWEEP,9748.9,87740.1,97489.0,0.4193,-77991.2,-0.8,-38545.2563,SELL,False,NONE,0.0,NONE,AGGRESSIVE_SELL
2024-11-14,2024,2564.53,SELL_SIDE_SWEEP,47865.0491,61796.9509,109662.0,1.7396,-13931.9019,-0.12704,-33862.081,NEUTRAL,True,NONE,0.6,NONE,NEUTRAL
2024-11-15,2024,2561.78,NO_SWEEP,23534.7108,76721.2892,100256.0,0.5261,-53186.5785,-0.53051,-47837.941,SELL,False,NONE,0.25,NONE,AGGRESSIVE_SELL
2024-11-18,2024,2611.72,NO_SWEEP,87767.1,9751.9,97519.0,0.1677,78015.2,0.8,-26110.541,BUY,False,NONE,0.0,NONE,AGGRESSIVE_BUY
2024-11-19,2024,2632.11,NO_SWEEP,79533.3082,16863.6918,96397.0,-0.0302,62669.6163,0.65012,-28716.239,BUY,False,NONE,0.0,NONE,AGGRESSIVE_BUY
2024-11-20,2024,2650.08,NO_SWEEP,84623.2274,9531.7726,94155.0,-0.3335,75091.4547,0.79753,-9606.6072,BUY,False,NONE,0.0,NONE,AGGRESSIVE_BUY
2024-11-21,2024,2669.41,NO_SWEEP,83274.474,10758.526,94033.0,-0.3795,72515.948,0.77118,9076.3863,BUY,False,NONE,0.0,NONE,AGGRESSIVE_BUY
2024-11-22,2024,2715.34,BUY_SIDE_SWEEP,92471.4,10274.6,102746.0,0.6836,82196.8,0.8,28172.4173,BUY,False,NONE,0.0,NONE,AGGRESSIVE_BUY
2024-11-25,2024,2625.46,NO_SWEEP,10560.9,95048.1,105609.0,0.9858,-84487.2,-0.8,27360.4173,SELL,False,NONE,0.0,NONE,AGGRESSIVE_SELL
2024-11-26,2024,2633.02,NO_SWEEP,83539.3646,16846.6354,100386.0,0.1844,66692.7292,0.66436,37438.4962,BUY,False,NONE,0.25,NONE,AGGRESSIVE_BUY
2024-11-27,2024,2635.95,NO_SWEEP,44763.121,44619.879,89383.0,-1.37,143.242,0.0016,44104.7238,NEUTRAL,False,NONE,0.25,NONE,NEUTRAL
2024-11-28,2024,2637.07,NO_SWEEP,25289.2653,38800.7347,64090.0,-3.2738,-13511.4695,-0.21082,32663.8901,SELL,False,NONE,0.25,NONE,AGGRESSIVE_SELL
2024-11-29,2024,2650.33,NO_SWEEP,56311.7229,29948.2771,86260.0,-1.0356,26363.4459,0.30563,28125.6188,BUY,False,NONE,0.0,NONE,AGGRESSIVE_BUY
2024-12-02,2024,2638.62,NO_SWEEP,39237.3182,63872.6818,103110.0,0.5304,-24635.3636,-0.23892,15659.7665,SELL,False,NONE,0.0,NONE,AGGRESSIVE_SELL
2024-12-03,2024,2643.5,NO_SWEEP,55748.2249,36179.7751,91928.0,-0.5406,19568.4498,0.21287,9041.3292,BUY,False,NONE,0.25,NONE,AGGRESSIVE_BUY
2024-12-04,2024,2649.88,NO_SWEEP,74882.5767,18915.4233,93798.0,-0.273,55967.1535,0.59668,5762.6234,BUY,False,NONE,0.25,NONE,AGGRESSIVE_BUY
2024-12-05,2024,2631.66,NO_SWEEP,15584.7952,71994.2048,87579.0,-0.8561,-56409.4096,-0.6441,9272.3472,SELL,False,NONE,0.0,NONE,AGGRESSIVE_SELL
2024-12-06,2024,2632.67,NO_SWEEP,66343.6323,24783.3677,91127.0,-0.4367,41560.2646,0.45607,6130.7891,BUY,False,NONE,0.25,NONE,AGGRESSIVE_BUY
2024-12-09,2024,2660.18,NO_SWEEP,75908.866,22899.134,98808.0,0.3768,53009.7319,0.53649,12739.1004,BUY,False,NONE,0.25,NONE,AGGRESSIVE_BUY
2024-12-10,2024,2693.8,BUY_SIDE_SWEEP,83158.2,9239.8,92398.0,-0.2652,73918.4,0.8,23667.8341,BUY,False,NONE,0.0,NONE,AGGRESSIVE_BUY
2024-12-11,2024,2717.95,BUY_SIDE_SWEEP,90343.8,10038.2,100382.0,0.5833,80305.6,0.8,30410.6033,BUY,False,NONE,0.0,NONE,AGGRESSIVE_BUY
2024-12-12,2024,2680.55,NO_SWEEP,9726.0,87534.0,97260.0,0.3351,-77808.0,-0.8,23764.0238,SELL,False,NONE,0.0,NONE,AGGRESSIVE_SELL
2024-12-13,2024,2648.8,NO_SWEEP,9654.1,86886.9,96541.0,0.2763,-77232.8,-0.8,11663.8676,SELL,False,NONE,0.0,NONE,AGGRESSIVE_SELL
2024-12-16,2024,2652.62,NO_SWEEP,45146.9048,29159.0952,74306.0,-1.9599,15987.8096,0.21516,6666.4496,BUY,False,NONE,0.25,NONE,AGGRESSIVE_BUY
2024-12-17,2024,2646.4,NO_SWEEP,30313.4126,52409.5874,82723.0,-0.9838,-22096.1749,-0.26711,10955.6039,SELL,False,NONE,0.25,NONE,AGGRESSIVE_SELL
2024-12-18,2024,2585.31,SELL_SIDE_SWEEP,8240.7,74166.3,82407.0,-0.9347,-65925.6,-0.8,-2480.1292,SELL,False,NONE,0.0,NONE,AGGRESSIVE_SELL
2024-12-19,2024,2594.39,NO_SWEEP,43694.5864,46476.4136,90171.0,-0.1382,-2781.8272,-0.03085,-9454.0741,NEUTRAL,False,NONE,0.25,NONE,NEUTRAL
2024-12-20,2024,2623.03,NO_SWEEP,72220.433,12351.567,84572.0,-0.6229,59868.8661,0.7079,-11210.2658,BUY,False,NONE,0.0,NONE,AGGRESSIVE_BUY
2024-12-23,2024,2612.77,NO_SWEEP,10047.9579,67570.0421,77618.0,-1.2234,-57522.0842,-0.74109,-28438.7263,SELL,False,NONE,0.25,NONE,AGGRESSIVE_SELL
2024-12-24,2024,2616.59,NO_SWEEP,39737.3038,16867.6962,56605.0,-2.6448,22869.6075,0.40402,-15854.0254,BUY,False,NONE,0.25,NONE,AGGRESSIVE_BUY
2024-12-26,2024,2633.53,NO_SWEEP,53747.5269,10006.4731,63754.0,-1.7529,43741.0537,0.68609,-732.2937,BUY,False,NONE,0.0,NONE,AGGRESSIVE_BUY
2024-12-27,2024,2621.54,NO_SWEEP,18015.7424,51617.2576,69633.0,-1.353,-33601.5152,-0.48255,-6930.9593,SELL,False,NONE,0.0,NONE,AGGRESSIVE_SELL
2024-12-30,2024,2605.96,NO_SWEEP,15061.5769,54785.4231,69847.0,-1.2173,-39723.8463,-0.56873,-9134.4182,SELL,False,NONE,0.0,NONE,AGGRESSIVE_SELL
2024-12-31,2024,2624.61,NO_SWEEP,62341.2,6926.8,69268.0,-1.1515,55414.4,0.8,6033.0818,BUY,False,NONE,0.0,NONE,AGGRESSIVE_BUY
2025-01-02,2025,2657.98,NO_SWEEP,75077.1,8341.9,83419.0,0.0252,66735.2,0.8,14722.7102,BUY,False,NONE,0.0,NONE,AGGRESSIVE_BUY
2025-01-03,2025,2639.98,NO_SWEEP,7459.3,67133.7,74593.0,-0.6237,-59674.4,-0.8,-220.198,SELL,False,NONE,0.0,NONE,AGGRESSIVE_SELL
2025-01-06,2025,2635.77,NO_SWEEP,35752.7872,48095.2128,83848.0,0.1562,-12342.4256,-0.1472,5427.2593,NEUTRAL,False,NONE,0.25,NONE,NEUTRAL
2025-01-07,2025,2648.42,NO_SWEEP,45585.3118,25116.6882,70702.0,-0.8459,20468.6237,0.28951,5127.1363,BUY,False,NONE,0.0,NONE,AGGRESSIVE_BUY
2025-01-08,2025,2661.44,NO_SWEEP,61089.6902,19514.3098,80604.0,0.0502,41575.3804,0.5158,4856.4271,BUY,False,NONE,0.0,NONE,AGGRESSIVE_BUY
2025-01-09,2025,2670.34,BUY_SIDE_SWEEP,51087.6547,16407.3453,67495.0,-0.9963,34680.3094,0.51382,13391.6552,BUY,False,NONE,0.0,NONE,AGGRESSIVE_BUY
2025-01-10,2025,2688.96,BUY_SIDE_SWEEP,72658.0673,16607.9327,89266.0,1.0506,56050.1345,0.6279,25363.4028,BUY,False,NONE,0.35,NONE,AGGRESSIVE_BUY
2025-01-13,2025,2662.98,NO_SWEEP,11023.3141,82410.6859,93434.0,1.5114,-71387.3718,-0.76404,9513.1813,SELL,False,NONE,0.35,NONE,AGGRESSIVE_SELL
2025-01-14,2025,2677.37,NO_SWEEP,79606.8,8845.2,88452.0,1.1284,70761.6,0.8,10016.4813,BUY,False,NONE,0.35,NONE,AGGRESSIVE_BUY
2025-01-15,2025,2696.28,NO_SWEEP,73454.4,8161.6,81616.0,0.3769,65292.8,0.8,25637.3813,BUY,False,NONE,0.0,NONE,AGGRESSIVE_BUY
2025-01-16,2025,2714.26,BUY_SIDE_SWEEP,68110.2136,18283.7864,86394.0,0.8451,49826.4273,0.57673,33408.4879,BUY,False,NONE,0.0,NONE,AGGRESSIVE_BUY
2025-01-17,2025,2702.92,NO_SWEEP,13258.9291,67231.0709,80490.0,0.248,-53972.1417,-0.67054,24103.3923,SELL,False,NONE,0.0,NONE,AGGRESSIVE_SELL
2025-01-20,2025,2706.7,NO_SWEEP,55855.2531,14113.7469,69969.0,-0.7549,41741.5063,0.59657,24124.158,BUY,False,NONE,0.25,NONE,AGGRESSIVE_BUY
2025-01-21,2025,2744.69,BUY_SIDE_SWEEP,83511.0,9279.0,92790.0,1.545,74232.0,0.8,29068.1193,BUY,False,NONE,0.35,NONE,AGGRESSIVE_BUY
2025-01-22,2025,2756.18,BUY_SIDE_SWEEP,65443.5176,19294.4824,84738.0,0.6873,46149.0352,0.54461,27830.4819,BUY,False,NONE,0.0,NONE,AGGRESSIVE_BUY
2025-01-23,2025,2754.52,NO_SWEEP,48635.9562,36985.0438,85621.0,0.7119,11650.9124,0.13608,38210.2674,NEUTRAL,False,NONE,0.25,NONE,NEUTRAL
2025-01-24,2025,2771.48,BUY_SIDE_SWEEP,60117.0219,27252.9781,87370.0,0.8315,32864.0438,0.37615,33473.0729,BUY,False,NONE,0.0,NONE,AGGRESSIVE_BUY
2025-01-27,2025,2740.7,NO_SWEEP,16962.721,82741.279,99704.0,1.9934,-65778.5581,-0.65974,17089.1531,SELL,False,NONE,0.35,NONE,AGGRESSIVE_SELL
2025-01-28,2025,2763.17,NO_SWEEP,74802.6,8311.4,83114.0,0.0556,66491.2,0.8,19172.2497,BUY,False,NONE,0.0,NONE,AGGRESSIVE_BUY
2025-01-29,2025,2759.68,NO_SWEEP,40579.1293,42723.8707,83303.0,-0.0055,-2144.7414,-0.02575,25650.6748,NEUTRAL,False,NONE,0.25,NONE,NEUTRAL
2025-01-30,2025,2794.06,BUY_SIDE_SWEEP,75451.5,8383.5,83835.0,0.0595,67068.0,0.8,28816.4865,BUY,False,NONE,0.0,NONE,AGGRESSIVE_BUY
2025-01-31,2025,2798.47,NO_SWEEP,45511.0408,45698.9592,91210.0,0.9019,-187.9184,-0.00206,19513.9967,NEUTRAL,False,NONE,0.25,NONE,NEUTRAL
2025-02-03,2025,2814.75,NO_SWEEP,87160.389,20197.611,107358.0,2.3724,66962.7779,0.62373,22115.7145,BUY,True,NONE,0.6,NONE,AGGRESSIVE_BUY
2025-02-04,2025,2842.01,BUY_SIDE_SWEEP,87154.2,9683.8,96838.0,1.1359,77470.4,0.8,30343.1505,BUY,False,NONE,0.35,NONE,AGGRESSIVE_BUY
2025-02-05,2025,2867.02,BUY_SIDE_SWEEP,67945.3876,22999.6124,90945.0,0.4223,44945.7751,0.49421,31853.3669,BUY,False,NONE,0.0,NONE,AGGRESSIVE_BUY
2025-02-06,2025,2855.55,NO_SWEEP,34943.791,56238.209,91182.0,0.3654,-21294.4181,-0.23354,37413.8844,SELL,False,NONE,0.25,NONE,AGGRESSIVE_SELL
2025-02-07,2025,2861.3,NO_SWEEP,41114.8346,44205.1654,85320.0,-0.3724,-3090.3307,-0.03622,28716.1931,NEUTRAL,False,NONE,0.25,NONE,NEUTRAL
2025-02-10,2025,2907.88,BUY_SIDE_SWEEP,82800.9,9200.1,92001.0,0.5084,73600.8,0.8,38184.3857,BUY,False,NONE,0.0,NONE,AGGRESSIVE_BUY
2025-02-11,2025,2897.53,NO_SWEEP,18676.017,84462.983,103139.0,1.7176,-65786.9659,-0.63785,21577.515,SELL,True,NONE,0.6,NONE,AGGRESSIVE_SELL
2025-02-12,2025,2903.97,NO_SWEEP,83213.1,9245.9,92459.0,0.3751,73967.2,0.8,30846.9048,BUY,False,NONE,0.25,NONE,AGGRESSIVE_BUY
2025-02-13,2025,2928.34,NO_SWEEP,78198.3,8688.7,86887.0,-0.309,69509.6,0.8,31165.2576,BUY,False,NONE,0.0,NONE,AGGRESSIVE_BUY
2025-02-14,2025,2882.5,NO_SWEEP,9677.2,87094.8,96772.0,0.8123,-77417.6,-0.8,11804.2576,SELL,False,NONE,0.0,NONE,AGGRESSIVE_SELL
2025-02-17,2025,2899.45,NO_SWEEP,57927.6865,11774.3135,69702.0,-2.5354,46153.3729,0.66215,11955.2073,BUY,False,NONE,0.0,NONE,AGGRESSIVE_BUY
2025-02-18,2025,2935.08,NO_SWEEP,65027.7,7225.3,72253.0,-1.891,57802.4,0.8,21842.3095,BUY,False,NONE,0.0,NONE,AGGRESSIVE_BUY
2025-02-19,2025,2932.99,NO_SWEEP,29830.2583,54450.7417,84281.0,-0.5446,-24620.4834,-0.29212,19151.0405,SELL,False,NONE,0.25,NONE,AGGRESSIVE_SELL
2025-02-20,2025,2939.06,NO_SWEEP,53284.0254,30231.9746,83516.0,-0.6146,23052.0509,0.27602,12832.4468,BUY,False,NONE,0.25,NONE,AGGRESSIVE_BUY
2025-02-21,2025,2935.89,NO_SWEEP,34654.2714,50268.7286,84923.0,-0.4431,-15614.4572,-0.18387,19104.0104,SELL,False,NONE,0.25,NONE,AGGRESSIVE_SELL
2025-02-24,2025,2952.62,NO_SWEEP,77198.4,8577.6,85776.0,-0.2822,68620.8,0.8,18435.7104,BUY,False,NONE,0.0,NONE,AGGRESSIVE_BUY
2025-02-25,2025,2914.82,NO_SWEEP,26769.2644,67603.7356,94373.0,0.6366,-40834.4712,-0.43269,4642.7015,SELL,False,NONE,0.0,NONE,AGGRESSIVE_SELL
2025-02-26,2025,2916.11,NO_SWEEP,60988.9147,20196.0853,81185.0,-0.8511,40792.8293,0.50247,19419.0052,BUY,False,NONE,0.25,NONE,AGGRESSIVE_BUY
2025-02-27,2025,2877.12,NO_SWEEP,11521.2906,81922.7094,93444.0,0.4842,-70401.4188,-0.75341,4849.6562,SELL,False,NONE,0.0,NONE,AGGRESSIVE_SELL
2025-02-28,2025,2859.06,SELL_SIDE_SWEEP,35670.8949,65284.1051,100955.0,1.231,-29613.2102,-0.29333,-6077.2951,SELL,True,NONE,0.6,NONE,AGGRESSIVE_SELL
2025-03-03,2025,2892.99,NO_SWEEP,85317.3,9479.7,94797.0,0.6914,75837.6,0.8,6479.9654,BUY,False,NONE,0.0,NONE,AGGRESSIVE_BUY
2025-03-04,2025,2917.7,NO_SWEEP,76632.7021,13934.2979,90567.0,0.2263,62698.4042,0.69229,11435.7595,BUY,False,NONE,0.0,NONE,AGGRESSIVE_BUY
2025-03-05,2025,2919.13,NO_SWEEP,74932.1799,20395.8201,95328.0,0.7729,54536.3597,0.57209,20204.6116,BUY,False,NONE,0.25,NONE,AGGRESSIVE_BUY
2025-03-06,2025,2910.74,NO_SWEEP,34792.0241,54885.9759,89678.0,0.0982,-20093.9519,-0.22407,9115.2677,SELL,False,NONE,0.25,NONE,AGGRESSIVE_SELL
2025-03-07,2025,2911.94,NO_SWEEP,62496.4617,35508.5383,98005.0,1.008,26987.9234,0.27537,17593.067,BUY,True,NONE,0.6,NONE,AGGRESSIVE_BUY
2025-03-10,2025,2889.24,NO_SWEEP,13692.9299,69137.0701,82830.0,-0.7279,-55444.1402,-0.66937,5563.4458,SELL,False,NONE,0.0,NONE,AGGRESSIVE_SELL
2025-03-11,2025,2915.5,NO_SWEEP,61487.4445,7555.5555,69043.0,-2.0452,53931.889,0.78113,21105.1093,BUY,False,NONE,0.0,NONE,AGGRESSIVE_BUY
2025-03-12,2025,2933.31,BUY_SIDE_SWEEP,64541.1878,11196.8122,75738.0,-1.1694,53344.3755,0.70433,31474.8075,BUY,False,NONE,0.0,NONE,AGGRESSIVE_BUY
2025-03-13,2025,2988.8,BUY_SIDE_SWEEP,66016.8,7335.2,73352.0,-1.294,58681.6,0.8,29330.3075,BUY,False,NONE,0.0,NONE,AGGRESSIVE_BUY
2025-03-14,2025,2986.24,NO_SWEEP,16419.52,63073.48,79493.0,-0.5824,-46653.9599,-0.58689,15661.262,SELL,False,NONE,0.25,NONE,AGGRESSIVE_SELL
2025-03-17,2025,3001.02,NO_SWEEP,56882.7,6320.3,63203.0,-2.1422,50562.4,0.8,15164.517,BUY,False,NONE,0.0,NONE,AGGRESSIVE_BUY
2025-03-18,2025,3033.76,BUY_SIDE_SWEEP,68747.4,7638.6,76386.0,-0.8641,61108.8,0.8,25314.861,BUY,False,NONE,0.0,NONE,AGGRESSIVE_BUY
2025-03-19,2025,3047.16,BUY_SIDE_SWEEP,60634.982,7737.018,68372.0,-1.5034,52897.9639,0.77368,28553.616,BUY,False,NONE,0.0,NONE,AGGRESSIVE_BUY
2025-03-20,2025,3044.47,NO_SWEEP,32569.4617,45361.5383,77931.0,-0.5554,-12792.0766,-0.16415,33885.124,NEUTRAL,False,NONE,0.25,NONE,NEUTRAL
2025-03-21,2025,3022.94,NO_SWEEP,23750.0906,45644.9094,69395.0,-1.2404,-21894.8188,-0.31551,24406.7855,SELL,False,NONE,0.0,NONE,AGGRESSIVE_SELL
2025-03-24,2025,3011.96,NO_SWEEP,16210.564,58772.436,74983.0,-0.6744,-42561.8719,-0.56762,12418.5046,SELL,False,NONE,0.0,NONE,AGGRESSIVE_SELL
2025-03-25,2025,3019.81,NO_SWEEP,43111.689,28631.311,71743.0,-0.8742,14480.378,0.20184,6893.3519,BUY,False,NONE,0.25,NONE,AGGRESSIVE_BUY
2025-03-26,2025,3018.85,NO_SWEEP,17312.147,58389.853,75702.0,-0.4848,-41077.706,-0.54262,7590.3836,SELL,False,NONE,0.25,NONE,AGGRESSIVE_SELL
2025-03-27,2025,3056.42,NO_SWEEP,75917.7,8435.3,84353.0,0.3519,67482.4,0.8,9705.3836,BUY,False,NONE,0.0,NONE,AGGRESSIVE_BUY
2025-03-28,2025,3084.2,BUY_SIDE_SWEEP,68391.0,7599.0,75990.0,-0.3479,60792.0,0.8,9665.7836,BUY,False,NONE,0.0,NONE,AGGRESSIVE_BUY
2025-03-31,2025,3123.96,BUY_SIDE_SWEEP,73327.5,8147.5,81475.0,0.3111,65180.0,0.8,11201.0381,BUY,False,NONE,0.0,NONE,AGGRESSIVE_BUY
2025-04-01,2025,3114.12,NO_SWEEP,15174.4545,63634.5455,78809.0,0.0839,-48460.0909,-0.61491,6742.5363,SELL,False,NONE,0.25,NONE,AGGRESSIVE_SELL
2025-04-02,2025,3132.12,NO_SWEEP,68189.1342,15464.8658,83654.0,0.7952,52724.2684,0.63027,16069.9222,BUY,False,NONE,0.0,NONE,AGGRESSIVE_BUY
2025-04-03,2025,3114.19,NO_SWEEP,36875.5942,62725.4058,99601.0,2.4692,-25849.8117,-0.25953,18158.9297,SELL,True,NONE,0.6,NONE,AGGRESSIVE_SELL
2025-04-04,2025,3037.34,NO_SWEEP,12156.1812,85144.8188,97301.0,2.2305,-72988.6375,-0.75013,7225.3028,SELL,False,NONE,0.35,NONE,AGGRESSIVE_SELL
2025-04-07,2025,2982.01,SELL_SIDE_SWEEP,22767.5495,102343.4505,125111.0,3.3507,-79575.9011,-0.63604,2413.0284,SELL,True,NONE,0.6,NONE,AGGRESSIVE_SELL
2025-04-08,2025,2981.96,NO_SWEEP,9983.2443,84700.7557,94684.0,0.9832,-74717.5115,-0.78912,-15361.9605,SELL,False,NONE,0.25,NONE,AGGRESSIVE_SELL
2025-04-09,2025,3082.78,NO_SWEEP,85018.5,9446.5,94465.0,0.8833,75572.0,0.8,-13514.4605,BUY,False,NONE,0.0,NONE,AGGRESSIVE_BUY
2025-04-10,2025,3175.39,BUY_SIDE_SWEEP,81635.4,9070.6,90706.0,0.5492,72564.8,0.8,-12591.3605,BUY,False,NONE,0.0,NONE,AGGRESSIVE_BUY
2025-04-11,2025,3237.53,BUY_SIDE_SWEEP,101579.4,11286.6,112866.0,1.852,90292.8,0.8,4752.7508,BUY,False,NONE,0.35,NONE,AGGRESSIVE_BUY
2025-04-14,2025,3210.46,NO_SWEEP,23017.4211,78451.5789,101469.0,1.0019,-55434.1578,-0.54632,-8767.0525,SELL,True,NONE,0.6,NONE,AGGRESSIVE_SELL
2025-04-15,2025,3229.36,NO_SWEEP,66161.9556,9459.0444,75621.0,-0.7535,56702.9111,0.74983,1552.0379,BUY,False,NONE,0.0,NONE,AGGRESSIVE_BUY
2025-04-16,2025,3342.85,BUY_SIDE_SWEEP,92608.2,10289.8,102898.0,0.9979,82318.4,0.8,20965.4176,BUY,False,NONE,0.0,NONE,AGGRESSIVE_BUY
2025-04-17,2025,3327.24,NO_SWEEP,39864.4376,56988.5624,96853.0,0.519,-17124.1248,-0.17681,28771.8896,NEUTRAL,False,NONE,0.25,NONE,NEUTRAL
2025-04-21,2025,3424.4,BUY_SIDE_SWEEP,87834.6,9759.4,97594.0,0.4953,78075.2,0.8,47870.9786,BUY,False,NONE,0.0,NONE,AGGRESSIVE_BUY
2025-04-22,2025,3380.93,NO_SWEEP,9912.4,89211.6,99124.0,0.5339,-79299.2,-0.8,28512.0786,SELL,False,NONE,0.25,NONE,AGGRESSIVE_SELL
2025-04-23,2025,3288.12,NO_SWEEP,15697.719,85192.281,100890.0,0.5888,-69494.5621,-0.68882,10754.6583,SELL,False,NONE,0.0,NONE,AGGRESSIVE_SELL
2025-04-24,2025,3348.58,NO_SWEEP,85134.4066,16958.5934,102093.0,0.6064,68175.8131,0.66778,7990.0349,BUY,False,NONE,0.0,NONE,AGGRESSIVE_BUY
2025-04-25,2025,3318.62,NO_SWEEP,38098.9253,69441.0747,107540.0,0.9573,-31342.1495,-0.29145,11001.536,SELL,False,NONE,0.25,NONE,AGGRESSIVE_SELL
2025-04-28,2025,3343.99,NO_SWEEP,94494.6,10499.4,104994.0,0.6697,83995.2,0.8,14413.0721,BUY,False,NONE,0.25,NONE,AGGRESSIVE_BUY
2025-04-29,2025,3317.2,NO_SWEEP,21434.7353,64220.2647,85655.0,-1.0759,-42785.5294,-0.49951,-1224.9191,SELL,False,NONE,0.0,NONE,AGGRESSIVE_SELL
2025-04-30,2025,3288.27,NO_SWEEP,24916.4879,77608.5121,102525.0,0.3647,-52692.0241,-0.51394,-5670.9065,SELL,False,NONE,0.0,NONE,AGGRESSIVE_SELL
2025-05-01,2025,3237.89,NO_SWEEP,28808.4485,72191.5515,101000.0,0.1397,-43383.1031,-0.42954,-20853.1944,SELL,False,NONE,0.0,NONE,AGGRESSIVE_SELL
2025-05-02,2025,3240.3,NO_SWEEP,27191.5298,75907.4702,103099.0,0.3378,-48715.9404,-0.47252,-17030.2869,SELL,False,NONE,0.25,NONE,AGGRESSIVE_SELL
2025-05-05,2025,3333.96,NO_SWEEP,79072.2,8785.8,87858.0,-1.1461,70286.4,0.8,442.3333,BUY,False,NONE,0.0,NONE,AGGRESSIVE_BUY
2025-05-06,2025,3430.46,NO_SWEEP,81653.4,9072.6,90726.0,-0.8366,72580.8,0.8,992.9567,BUY,False,NONE,0.0,NONE,AGGRESSIVE_BUY
2025-05-07,2025,3364.44,NO_SWEEP,9371.2,84340.8,93712.0,-0.4679,-74969.6,-0.8,-4460.4746,SELL,False,NONE,0.0,NONE,AGGRESSIVE_SELL
2025-05-08,2025,3305.85,NO_SWEEP,9086.6,81779.4,90866.0,-0.7802,-72692.8,-0.8,-24046.4746,SELL,False,NONE,0.0,NONE,AGGRESSIVE_SELL
2025-05-09,2025,3327.15,NO_SWEEP,69161.3626,16893.6374,86055.0,-1.289,52267.7252,0.60738,-12164.8178,BUY,False,NONE,0.25,NONE,AGGRESSIVE_BUY
2025-05-12,2025,3234.4,NO_SWEEP,21743.3906,85435.6094,107179.0,1.2574,-63692.2189,-0.59426,-13539.8421,SELL,False,NONE,0.35,NONE,AGGRESSIVE_SELL
2025-05-13,2025,3249.98,NO_SWEEP,75219.5313,21061.4687,96281.0,-0.0428,54158.0625,0.5625,-1347.1964,BUY,False,NONE,0.25,NONE,AGGRESSIVE_BUY
2025-05-14,2025,3177.4,SELL_SIDE_SWEEP,8802.2,79219.8,88022.0,-1.3438,-70417.6,-0.8,-4059.9039,SELL,False,NONE,0.0,NONE,AGGRESSIVE_SELL
2025-05-15,2025,3239.64,NO_SWEEP,80444.7,8938.3,89383.0,-1.0357,71506.4,0.8,-3907.4039,BUY,False,NONE,0.0,NONE,AGGRESSIVE_BUY
2025-05-16,2025,3201.0,NO_SWEEP,33108.1428,66038.8572,99147.0,0.3532,-32930.7144,-0.33214,-17096.3432,SELL,False,NONE,0.0,NONE,AGGRESSIVE_SELL
2025-05-19,2025,3230.12,NO_SWEEP,65443.3837,30391.6163,95835.0,-0.1098,35051.7674,0.36575,-3343.6723,BUY,False,NONE,0.25,NONE,AGGRESSIVE_BUY
2025-05-20,2025,3289.66,NO_SWEEP,85130.1,9458.9,94589.0,-0.2566,75671.2,0.8,15201.8277,BUY,False,NONE,0.0,NONE,AGGRESSIVE_BUY
2025-05-21,2025,3315.11,NO_SWEEP,83874.668,17594.332,101469.0,0.727,66280.3361,0.65321,16953.4041,BUY,False,NONE,0.0,NONE,AGGRESSIVE_BUY
2025-05-22,2025,3294.71,NO_SWEEP,16406.6348,84343.3652,100750.0,0.6379,-67936.7304,-0.67431,16422.8402,SELL,False,NONE,0.25,NONE,AGGRESSIVE_SELL
2025-05-23,2025,3357.9,BUY_SIDE_SWEEP,87398.1,9710.9,97109.0,0.2015,77687.2,0.8,19363.9823,BUY,False,NONE,0.0,NONE,AGGRESSIVE_BUY
2025-05-26,2025,3342.19,NO_SWEEP,23565.4829,36371.5171,59937.0,-3.4235,-12806.0341,-0.21366,26565.4281,SELL,False,NONE,0.0,NONE,AGGRESSIVE_SELL
2025-05-27,2025,3300.56,NO_SWEEP,15473.8761,76096.1239,91570.0,-0.2364,-60622.2479,-0.66203,10049.3471,SELL,False,NONE,0.0,NONE,AGGRESSIVE_SELL
2025-05-28,2025,3288.64,NO_SWEEP,14203.8241,69909.1759,84113.0,-0.9119,-55705.3518,-0.66227,7202.5174,SELL,False,NONE,0.25,NONE,AGGRESSIVE_SELL
2025-05-29,2025,3317.56,NO_SWEEP,93560.7745,11758.2255,105319.0,1.2294,81802.5489,0.77671,13046.3651,BUY,True,NONE,0.6,NONE,AGGRESSIVE_BUY
2025-05-30,2025,3288.72,NO_SWEEP,21697.6336,71622.3664,93320.0,0.0683,-49924.7327,-0.53498,-2653.1265,SELL,False,NONE,0.0,NONE,AGGRESSIVE_SELL
2025-06-02,2025,3381.6,BUY_SIDE_SWEEP,79158.6,8795.4,87954.0,-0.4894,70363.2,0.8,-2142.7685,BUY,False,NONE,0.0,NONE,AGGRESSIVE_BUY
2025-06-03,2025,3353.3,NO_SWEEP,19883.6458,63551.3542,83435.0,-0.9019,-43667.7083,-0.52337,890.8593,SELL,False,NONE,0.0,NONE,AGGRESSIVE_SELL
2025-06-04,2025,3372.6,NO_SWEEP,73371.3723,19092.6277,92464.0,0.0228,54278.7447,0.58703,-2035.1976,BUY,False,NONE,0.0,NONE,AGGRESSIVE_BUY
2025-06-05,2025,3352.6,NO_SWEEP,13201.9743,79312.0257,92514.0,0.0195,-66110.0514,-0.7146,-8698.1998,SELL,False,NONE,0.25,NONE,AGGRESSIVE_SELL
2025-06-06,2025,3312.12,NO_SWEEP,9293.3,83639.7,92933.0,0.0275,-74346.4,-0.8,-10413.7188,SELL,False,NONE,0.0,NONE,AGGRESSIVE_SELL
2025-06-09,2025,3325.39,NO_SWEEP,71377.8731,17917.1269,89295.0,-0.2708,53460.7461,0.5987,3232.0434,BUY,False,NONE,0.25,NONE,AGGRESSIVE_BUY
2025-06-10,2025,3322.4,NO_SWEEP,27973.4728,64099.5272,92073.0,0.0563,-36126.0545,-0.39236,-11509.032,SELL,False,NONE,0.25,NONE,AGGRESSIVE_SELL
2025-06-11,2025,3354.82,NO_SWEEP,84930.3,9436.7,94367.0,0.2744,75493.6,0.8,4168.2596,BUY,False,NONE,0.0,NONE,AGGRESSIVE_BUY
2025-06-12,2025,3386.66,NO_SWEEP,85392.6879,14022.3121,99415.0,0.7652,71370.3759,0.7179,4294.1566,BUY,False,NONE,0.0,NONE,AGGRESSIVE_BUY
2025-06-13,2025,3434.15,BUY_SIDE_SWEEP,80574.1207,12272.8793,92847.0,0.0862,68301.2414,0.73563,18290.2753,BUY,False,NONE,0.0,NONE,AGGRESSIVE_BUY
2025-06-16,2025,3385.14,NO_SWEEP,8604.5,77440.5,86045.0,-0.6071,-68836.0,-0.8,2900.9322,SELL,False,NONE,0.0,NONE,AGGRESSIVE_SELL
2025-06-17,2025,3388.47,NO_SWEEP,67751.6497,26185.3503,93937.0,0.263,41566.2994,0.44249,16360.476,BUY,False,NONE,0.25,NONE,AGGRESSIVE_BUY
2025-06-18,2025,3369.15,NO_SWEEP,10656.4611,75856.5389,86513.0,-0.483,-65200.0778,-0.75364,17503.7663,SELL,False,NONE,0.0,NONE,AGGRESSIVE_SELL
2025-06-19,2025,3370.63,NO_SWEEP,46361.6097,19930.3903,66292.0,-2.27,26431.2195,0.39871,14125.0755,BUY,False,NONE,0.25,NONE,AGGRESSIVE_BUY
2025-06-20,2025,3368.64,NO_SWEEP,42516.7882,30833.2118,73350.0,-1.3958,11683.5764,0.15929,20101.2793,NEUTRAL,False,NONE,0.25,NONE,NEUTRAL
2025-06-23,2025,3369.04,NO_SWEEP,26580.5864,59307.4136,85888.0,-0.3998,-32726.8273,-0.38104,6573.7259,SELL,False,NONE,0.0,NONE,AGGRESSIVE_SELL
2025-06-24,2025,3322.81,NO_SWEEP,22658.4217,65571.5783,88230.0,-0.0955,-42913.1566,-0.48638,-7711.7156,SELL,False,NONE,0.0,NONE,AGGRESSIVE_SELL
2025-06-25,2025,3332.15,NO_SWEEP,59564.0289,9476.9711,69041.0,-2.075,50087.0579,0.72547,-9988.4886,BUY,False,NONE,0.25,NONE,AGGRESSIVE_BUY
2025-06-26,2025,3327.76,NO_SWEEP,22996.2501,51488.7499,74485.0,-1.3821,-28492.4999,-0.38253,-4945.551,SELL,False,NONE,0.25,NONE,AGGRESSIVE_SELL
2025-06-27,2025,3274.96,SELL_SIDE_SWEEP,15608.9022,68662.0978,84271.0,-0.2286,-53053.1957,-0.62955,-16772.9879,SELL,False,NONE,0.0,NONE,AGGRESSIVE_SELL
2025-06-30,2025,3302.92,NO_SWEEP,68820.3,7646.7,76467.0,-1.0276,61173.6,0.8,-976.2782,BUY,False,NONE,0.0,NONE,AGGRESSIVE_BUY
2025-07-01,2025,3338.78,NO_SWEEP,59129.3082,18798.6918,77928.0,-0.8206,40330.6163,0.51754,761.1464,BUY,False,NONE,0.0,NONE,AGGRESSIVE_BUY
2025-07-02,2025,3356.93,NO_SWEEP,65007.0,7223.0,72230.0,-1.2944,57784.0,0.8,6523.6993,BUY,False,NONE,0.0,NONE,AGGRESSIVE_BUY
2025-07-03,2025,3325.92,NO_SWEEP,7814.7316,34589.2684,42404.0,-3.0551,-26774.5368,-0.63142,7267.7357,SELL,False,NONE,0.0,NONE,AGGRESSIVE_SELL
2025-07-04,2025,3337.04,NO_SWEEP,23193.384,7434.616,30628.0,-2.8637,15758.7679,0.51452,14601.7262,BUY,False,NONE,0.0,NONE,AGGRESSIVE_BUY
2025-07-07,2025,3336.16,NO_SWEEP,74435.4,8270.6,82706.0,0.2549,66164.8,0.8,16611.444,BUY,False,NONE,0.25,NONE,AGGRESSIVE_BUY
2025-07-08,2025,3301.48,NO_SWEEP,14512.3951,70192.6049,84705.0,0.4024,-55680.2098,-0.65734,13212.9803,SELL,False,NONE,0.0,NONE,AGGRESSIVE_SELL
2025-07-09,2025,3313.55,NO_SWEEP,68182.2,7575.8,75758.0,-0.0873,60606.4,0.8,27420.4297,BUY,False,NONE,0.25,NONE,AGGRESSIVE_BUY
2025-07-10,2025,3323.85,NO_SWEEP,55725.8172,15952.1828,71678.0,-0.269,39773.6344,0.55489,24745.434,BUY,False,NONE,0.0,NONE,AGGRESSIVE_BUY
2025-07-11,2025,3355.5,NO_SWEEP,69292.3502,17049.6498,86342.0,0.7308,52242.7004,0.60507,26234.4445,BUY,False,NONE,0.0,NONE,AGGRESSIVE_BUY
2025-07-14,2025,3343.26,NO_SWEEP,9529.6,85766.4,95296.0,1.2615,-76236.8,-0.8,9481.8445,SELL,False,NONE,0.35,NONE,AGGRESSIVE_SELL
2025-07-15,2025,3324.65,NO_SWEEP,7272.8,65455.2,72728.0,-0.1431,-58182.4,-0.8,5555.8616,SELL,False,NONE,0.0,NONE,AGGRESSIVE_SELL
2025-07-16,2025,3346.99,NO_SWEEP,51730.944,30235.056,81966.0,0.501,21495.8881,0.26225,6273.0016,BUY,False,NONE,0.0,NONE,AGGRESSIVE_BUY
2025-07-17,2025,3338.1,NO_SWEEP,38921.1975,44520.8025,83442.0,0.5436,-5599.6049,-0.06711,-2697.549,NEUTRAL,False,NONE,0.25,NONE,NEUTRAL
2025-07-18,2025,3350.85,NO_SWEEP,52636.0836,17269.9164,69906.0,-0.3674,35366.1673,0.50591,8683.2482,BUY,False,NONE,0.25,NONE,AGGRESSIVE_BUY
2025-07-21,2025,3397.41,BUY_SIDE_SWEEP,71024.4,7891.6,78916.0,0.2726,63132.8,0.8,8999.0482,BUY,False,NONE,0.0,NONE,AGGRESSIVE_BUY
2025-07-22,2025,3429.58,BUY_SIDE_SWEEP,77967.9,8663.1,86631.0,0.8132,69304.8,0.8,12690.4439,BUY,False,NONE,0.0,NONE,AGGRESSIVE_BUY
2025-07-23,2025,3388.1,NO_SWEEP,8584.6,77261.4,85846.0,0.6948,-68676.8,-0.8,-2424.4937,SELL,False,NONE,0.0,NONE,AGGRESSIVE_SELL
2025-07-24,2025,3367.5,NO_SWEEP,21513.1082,58533.8918,80047.0,0.2775,-37020.7837,-0.46249,2477.5083,SELL,False,NONE,0.0,NONE,AGGRESSIVE_SELL
2025-07-25,2025,3336.65,NO_SWEEP,10829.6346,53982.3654,64812.0,-0.696,-43152.7308,-0.66581,4356.217,SELL,False,NONE,0.0,NONE,AGGRESSIVE_SELL
2025-07-28,2025,3314.78,NO_SWEEP,14968.871,56531.129,71500.0,-0.2229,-41562.2581,-0.58129,-3526.0513,SELL,False,NONE,0.0,NONE,AGGRESSIVE_SELL
2025-07-29,2025,3325.5,NO_SWEEP,54190.4202,16263.5798,70454.0,-0.2685,37926.8403,0.53832,1914.7544,BUY,False,NONE,0.0,NONE,AGGRESSIVE_BUY
2025-07-30,2025,3275.86,SELL_SIDE_SWEEP,7199.5,64795.5,71995.0,-0.1628,-57596.0,-0.8,-9705.5165,SELL,False,NONE,0.0,NONE,AGGRESSIVE_SELL
2025-07-31,2025,3290.68,NO_SWEEP,46170.1031,36324.8969,82495.0,0.4763,9845.2062,0.11934,-16366.4658,NEUTRAL,False,NONE,0.25,NONE,NEUTRAL
2025-08-01,2025,3363.23,NO_SWEEP,70130.7,7792.3,77923.0,-0.1136,62338.4,0.8,-17237.2658,BUY,False,NONE,0.0,NONE,AGGRESSIVE_BUY
2025-08-04,2025,3374.01,NO_SWEEP,58318.7082,14336.2918,72655.0,-0.7568,43982.4164,0.60536,-3154.8637,BUY,False,NONE,0.25,NONE,AGGRESSIVE_BUY
2025-08-05,2025,3380.47,NO_SWEEP,55176.3296,11441.6704,66618.0,-1.4017,43734.6593,0.6565,6939.5667,BUY,False,NONE,0.25,NONE,AGGRESSIVE_BUY
2025-08-06,2025,3368.4,NO_SWEEP,18762.6405,53470.3595,72233.0,-0.6391,-34707.7191,-0.4805,7995.1931,SELL,False,NONE,0.0,NONE,AGGRESSIVE_SELL
2025-08-07,2025,3395.84,BUY_SIDE_SWEEP,78802.2741,10185.7259,88988.0,1.3633,68616.5482,0.77108,21767.5439,BUY,False,NONE,0.35,NONE,AGGRESSIVE_BUY
2025-08-08,2025,3397.14,NO_SWEEP,47199.6939,58674.3061,105874.0,2.7016,-11474.6123,-0.10838,15592.3623,NEUTRAL,True,NONE,0.6,NONE,NEUTRAL
2025-08-11,2025,3342.29,NO_SWEEP,8636.9,77732.1,86369.0,0.831,-69095.2,-0.8,14154.9623,SELL,False,NONE,0.0,NONE,AGGRESSIVE_SELL
2025-08-12,2025,3348.28,NO_SWEEP,55415.6183,20466.3817,75882.0,-0.3056,34949.2366,0.46057,17292.9661,BUY,False,NONE,0.25,NONE,AGGRESSIVE_BUY
2025-08-13,2025,3355.97,NO_SWEEP,44683.6445,26155.3555,70839.0,-0.7772,18528.2891,0.26155,11816.7023,BUY,False,NONE,0.25,NONE,AGGRESSIVE_BUY
2025-08-14,2025,3334.75,NO_SWEEP,7911.9,71207.1,79119.0,0.1244,-63295.2,-0.8,-1592.9998,SELL,False,NONE,0.0,NONE,AGGRESSIVE_SELL
2025-08-15,2025,3336.08,NO_SWEEP,11106.2468,56242.7532,67349.0,-1.1047,-45136.5065,-0.67019,-12701.8955,SELL,False,NONE,0.25,NONE,AGGRESSIVE_SELL
2025-08-18,2025,3332.89,NO_SWEEP,12466.2704,54331.7296,66798.0,-1.0659,-41865.4592,-0.62675,-13596.613,SELL,False,NONE,0.25,NONE,AGGRESSIVE_SELL
2025-08-19,2025,3315.6,SELL_SIDE_SWEEP,6886.8,61981.2,68868.0,-0.7704,-55094.4,-0.8,-29060.4815,SELL,False,NONE,0.0,NONE,AGGRESSIVE_SELL
2025-08-20,2025,3347.8,NO_SWEEP,61024.5,6780.5,67805.0,-0.7942,54244.0,0.8,-20845.655,BUY,False,NONE,0.0,NONE,AGGRESSIVE_BUY
2025-08-21,2025,3338.44,NO_SWEEP,22110.5145,41895.4855,64006.0,-1.0785,-19784.9711,-0.30911,-14681.8764,SELL,False,NONE,0.0,NONE,AGGRESSIVE_SELL
2025-08-22,2025,3371.86,NO_SWEEP,60111.0,6679.0,66790.0,-0.8133,53432.0,0.8,-12371.531,BUY,False,NONE,0.0,NONE,AGGRESSIVE_BUY
2025-08-25,2025,3365.73,NO_SWEEP,16031.5476,47452.4524,63484.0,-1.0795,-31420.9048,-0.49494,-18615.1802,SELL,False,NONE,0.25,NONE,AGGRESSIVE_SELL
2025-08-26,2025,3392.96,BUY_SIDE_SWEEP,76911.3,8545.7,85457.0,1.0092,68365.6,0.8,-2157.5802,BUY,False,NONE,0.35,NONE,AGGRESSIVE_BUY
2025-08-27,2025,3397.38,BUY_SIDE_SWEEP,70741.8,7860.2,78602.0,0.3105,62881.6,0.8,11344.6831,BUY,False,NONE,0.25,NONE,AGGRESSIVE_BUY
2025-08-28,2025,3417.36,BUY_SIDE_SWEEP,79619.8993,9385.1007,89005.0,1.2516,70234.7985,0.78911,25357.2153,BUY,False,NONE,0.35,NONE,AGGRESSIVE_BUY
2025-08-29,2025,3448.16,BUY_SIDE_SWEEP,81226.8,9025.2,90252.0,1.2568,72201.6,0.8,41269.2153,BUY,False,NONE,0.35,NONE,AGGRESSIVE_BUY
2025-09-01,2025,3476.37,BUY_SIDE_SWEEP,65660.6587,14272.3413,79933.0,0.2912,51388.3174,0.64289,40912.255,BUY,False,NONE,0.0,NONE,AGGRESSIVE_BUY
2025-09-02,2025,3534.4,BUY_SIDE_SWEEP,96372.0,10708.0,107080.0,2.247,85664.0,0.8,54093.3764,BUY,False,NONE,0.35,NONE,AGGRESSIVE_BUY
2025-09-03,2025,3560.62,BUY_SIDE_SWEEP,79081.5989,24893.4011,103975.0,1.7327,54188.1979,0.52117,54187.9011,BUY,False,NONE,0.35,NONE,AGGRESSIVE_BUY
2025-09-04,2025,3545.39,NO_SWEEP,45674.9127,55718.0873,101393.0,1.4304,-10043.1747,-0.09905,56860.1174,NEUTRAL,True,NONE,0.6,NONE,NEUTRAL
2025-09-05,2025,3587.37,BUY_SIDE_SWEEP,82837.9514,14257.0486,97095.0,1.2159,68580.9028,0.70633,56887.0302,BUY,False,NONE,0.35,NONE,AGGRESSIVE_BUY
2025-09-08,2025,3636.76,BUY_SIDE_SWEEP,85727.088,9591.912,95319.0,1.0282,76135.1761,0.79874,58543.7273,BUY,False,NONE,0.35,NONE,AGGRESSIVE_BUY
2025-09-09,2025,3626.23,NO_SWEEP,9436.2,84925.8,94362.0,0.8783,-75489.6,-0.8,40328.1774,SELL,False,NONE,0.25,NONE,AGGRESSIVE_SELL
2025-09-10,2025,3640.55,NO_SWEEP,61066.1955,28681.8045,89748.0,0.492,32384.391,0.36084,35351.0263,BUY,False,NONE,0.0,NONE,AGGRESSIVE_BUY
2025-09-11,2025,3633.91,NO_SWEEP,33759.8786,50356.1214,84116.0,0.0743,-16596.2428,-0.1973,26852.9563,SELL,False,NONE,0.25,NONE,AGGRESSIVE_SELL
2025-09-12,2025,3642.56,NO_SWEEP,50762.8887,30879.1113,81642.0,-0.1578,19883.7774,0.24355,18630.4285,BUY,False,NONE,0.25,NONE,AGGRESSIVE_BUY
2025-10-15,2025,4207.45,BUY_SIDE_SWEEP,443136.4374,70374.5626,513511.0,4.3172,372761.8749,0.72591,58452.1381,BUY,False,NONE,0.35,NONE,AGGRESSIVE_BUY
2025-10-16,2025,4327.92,BUY_SIDE_SWEEP,612350.1,68038.9,680389.0,3.4814,544311.2,0.8,127746.4349,BUY,False,NONE,0.35,NONE,AGGRESSIVE_BUY
2025-10-17,2025,4251.55,NO_SWEEP,320472.7059,1015312.2941,1335785.0,3.7438,-694839.5882,-0.52017,32318.8735,SELL,False,NONE,0.35,NONE,AGGRESSIVE_SELL
2025-10-20,2025,4356.14,NO_SWEEP,766043.5572,94066.4428,860110.0,1.8591,671977.1144,0.78127,106799.1158,BUY,False,NONE,0.35,NONE,AGGRESSIVE_BUY
2025-10-21,2025,4124.31,NO_SWEEP,117842.2691,1006648.7309,1124491.0,2.1758,-888806.4617,-0.79041,5134.5081,SELL,False,NONE,0.35,NONE,AGGRESSIVE_SELL
2025-10-22,2025,4098.0,NO_SWEEP,469147.2981,648814.7019,1117962.0,1.8478,-179667.4038,-0.16071,-21371.9662,NEUTRAL,True,NONE,0.6,NONE,NEUTRAL
2025-10-23,2025,4126.08,NO_SWEEP,631326.5769,184182.4231,815509.0,1.0187,447144.1537,0.5483,36595.5833,BUY,True,NONE,0.6,NONE,AGGRESSIVE_BUY
2025-10-24,2025,4111.33,NO_SWEEP,370533.8571,414753.1429,785287.0,0.8592,-44219.2859,-0.05631,28582.7004,NEUTRAL,False,NONE,0.25,NONE,NEUTRAL
2025-10-27,2025,3981.86,NO_SWEEP,84900.9,764108.1,849009.0,0.9131,-679207.2,-0.8,-102913.4339,SELL,False,NONE,0.0,NONE,AGGRESSIVE_SELL
2025-10-28,2025,3951.84,NO_SWEEP,302069.9115,577650.0885,879720.0,0.8909,-275580.177,-0.31326,-205399.8561,SELL,False,NONE,0.25,NONE,AGGRESSIVE_SELL
2025-10-29,2025,3929.64,NO_SWEEP,96417.3,867755.7,964173.0,0.9829,-771338.4,-0.8,-214962.2075,SELL,False,NONE,0.25,NONE,AGGRESSIVE_SELL
2025-10-30,2025,4024.28,NO_SWEEP,824053.5,91561.5,915615.0,0.7853,732492.0,0.8,-207397.8468,BUY,False,NONE,0.0,NONE,AGGRESSIVE_BUY
2025-10-31,2025,4002.06,NO_SWEEP,235241.9481,597099.0519,832341.0,0.5193,-361857.1038,-0.43475,-141529.1771,SELL,False,NONE,0.25,NONE,AGGRESSIVE_SELL
2025-11-03,2025,4002.4,NO_SWEEP,475078.8969,192857.1031,667936.0,0.0593,282221.7937,0.42253,-83793.0274,BUY,False,NONE,0.25,NONE,AGGRESSIVE_BUY
2025-11-04,2025,3931.77,NO_SWEEP,58076.8,522691.2,580768.0,-0.2305,-464614.4,-0.8,-197762.8466,SELL,False,NONE,0.0,NONE,AGGRESSIVE_SELL
2025-11-05,2025,3978.69,NO_SWEEP,440049.935,72994.065,513044.0,-0.4909,367055.8699,0.71545,-146353.4521,BUY,False,NONE,0.0,NONE,AGGRESSIVE_BUY
2025-11-06,2025,3977.52,NO_SWEEP,263998.4632,303435.5368,567434.0,-0.436,-39437.0736,-0.0695,-66382.1863,NEUTRAL,False,NONE,0.25,NONE,NEUTRAL
2025-11-07,2025,4000.07,NO_SWEEP,334131.8153,187861.1847,521993.0,-0.6958,146270.6305,0.28022,-13650.8354,BUY,False,NONE,0.0,NONE,AGGRESSIVE_BUY
2025-11-10,2025,4115.11,BUY_SIDE_SWEEP,533515.5,59279.5,592795.0,-0.6209,474236.0,0.8,142045.9646,BUY,False,NONE,0.0,NONE,AGGRESSIVE_BUY
2025-11-11,2025,4126.1,BUY_SIDE_SWEEP,359651.4385,158967.5615,518619.0,-1.1549,200683.877,0.38696,75569.9492,BUY,False,NONE,0.25,NONE,AGGRESSIVE_BUY
2025-11-12,2025,4194.89,BUY_SIDE_SWEEP,604121.3093,70771.6907,674893.0,-0.5203,533349.6187,0.79027,187470.7895,BUY,False,NONE,0.0,NONE,AGGRESSIVE_BUY
2025-11-13,2025,4170.76,NO_SWEEP,132675.7425,602446.2575,735122.0,-0.2614,-469770.515,-0.63904,93471.7509,SELL,False,NONE,0.25,NONE,AGGRESSIVE_SELL
2025-11-14,2025,4082.28,NO_SWEEP,173614.1184,711263.8816,884878.0,0.6267,-537649.7632,-0.6076,84342.3305,SELL,False,NONE,0.0,NONE,AGGRESSIVE_SELL
2025-11-17,2025,4044.14,NO_SWEEP,190701.4363,540563.5637,731265.0,-0.1777,-349862.1275,-0.47843,-5272.4191,SELL,False,NONE,0.0,NONE,AGGRESSIVE_SELL
2025-11-18,2025,4066.61,NO_SWEEP,616941.8874,92302.1126,709244.0,-0.2071,524639.7749,0.73972,65237.1869,BUY,False,NONE,0.25,NONE,AGGRESSIVE_BUY
2025-11-19,2025,4077.45,NO_SWEEP,405950.2258,404754.7742,810705.0,0.598,1195.4517,0.00147,47102.7896,NEUTRAL,False,NONE,0.25,NONE,NEUTRAL
2025-11-20,2025,4076.8,NO_SWEEP,359020.4809,601821.5191,960842.0,1.537,-242801.0382,-0.2527,-42526.8402,SELL,True,NONE,0.6,NONE,AGGRESSIVE_SELL
2025-11-21,2025,4064.65,NO_SWEEP,330085.1305,545587.8695,875673.0,0.9096,-215502.7391,-0.2461,-94550.1672,SELL,False,NONE,0.25,NONE,AGGRESSIVE_SELL
2025-11-24,2025,4135.42,NO_SWEEP,555245.1,61693.9,616939.0,-0.7386,493551.2,0.8,-99524.9696,BUY,False,NONE,0.0,NONE,AGGRESSIVE_BUY
2025-11-25,2025,4130.78,NO_SWEEP,212674.1309,484097.8691,696772.0,-0.1493,-271423.7383,-0.38954,-74731.6225,SELL,False,NONE,0.25,NONE,AGGRESSIVE_SELL
2025-11-26,2025,4162.39,NO_SWEEP,550798.4982,119359.5018,670158.0,-0.2499,431438.9964,0.64379,46404.4725,BUY,False,NONE,0.0,NONE,AGGRESSIVE_BUY
2025-11-27,2025,4156.73,NO_SWEEP,162689.383,267790.617,430480.0,-1.8031,-105101.234,-0.24415,76999.5842,SELL,False,NONE,0.25,NONE,AGGRESSIVE_SELL
2025-11-28,2025,4219.03,BUY_SIDE_SWEEP,525945.6,58438.4,584384.0,-0.6135,467507.2,0.8,69858.0123,BUY,False,NONE,0.0,NONE,AGGRESSIVE_BUY
2025-12-01,2025,4230.64,BUY_SIDE_SWEEP,603946.3184,409849.6816,1013796.0,2.1289,194096.6367,0.19146,93970.6604,BUY,True,NONE,0.6,NONE,AGGRESSIVE_BUY
2025-12-02,2025,4206.1,NO_SWEEP,311710.7297,444490.2703,756201.0,0.41,-132779.5405,-0.17559,107723.3477,NEUTRAL,False,NONE,0.25,NONE,NEUTRAL
2025-12-03,2025,4202.93,NO_SWEEP,100378.3086,704564.6914,804943.0,0.6493,-604186.3827,-0.7506,59137.8922,SELL,False,NONE,0.25,NONE,AGGRESSIVE_SELL
2025-12-04,2025,4207.03,NO_SWEEP,729766.3825,176218.6175,905985.0,1.1936,553547.7651,0.61099,66637.4628,BUY,True,NONE,0.6,NONE,AGGRESSIVE_BUY
2025-12-05,2025,4197.19,NO_SWEEP,85991.1,773919.9,859911.0,0.8041,-687928.8,-0.8,14574.3301,SELL,False,NONE,0.25,NONE,AGGRESSIVE_SELL
2025-12-08,2025,4190.02,NO_SWEEP,187455.3173,632637.6827,820093.0,0.4662,-445182.3655,-0.54284,-95003.3401,SELL,False,NONE,0.25,NONE,AGGRESSIVE_SELL
2025-12-09,2025,4208.14,NO_SWEEP,835881.9465,186547.0535,1022429.0,1.6878,649334.893,0.63509,-698.8242,BUY,True,NONE,0.6,NONE,AGGRESSIVE_BUY
2025-12-10,2025,4227.69,NO_SWEEP,822072.1524,126644.8476,948717.0,1.0652,695427.3049,0.73302,27791.1889,BUY,True,NONE,0.6,NONE,AGGRESSIVE_BUY
2025-12-11,2025,4280.63,BUY_SIDE_SWEEP,718570.8,79841.2,798412.0,0.0226,638729.6,0.8,83370.3093,BUY,False,NONE,0.0,NONE,AGGRESSIVE_BUY
2025-12-12,2025,4298.8,BUY_SIDE_SWEEP,740768.6163,488026.3837,1228795.0,2.3966,252742.2326,0.20568,131560.5309,BUY,True,NONE,0.6,NONE,AGGRESSIVE_BUY
2025-12-15,2025,4304.72,NO_SWEEP,496014.8089,478273.1911,974288.0,0.8506,17741.6179,0.01821,209301.531,NEUTRAL,False,NONE,0.25,NONE,NEUTRAL
2025-12-16,2025,4301.53,NO_SWEEP,372586.0001,761347.9999,1133934.0,1.5472,-388761.9999,-0.34284,91512.8104,SELL,True,NONE,0.6,NONE,AGGRESSIVE_SELL
2025-12-17,2025,4338.0,NO_SWEEP,823133.0928,159619.9072,982753.0,0.6817,663513.1856,0.67516,260443.0586,BUY,False,NONE,0.0,NONE,AGGRESSIVE_BUY
2025-12-18,2025,4330.88,NO_SWEEP,299058.4176,965139.5824,1264198.0,1.901,-666081.1647,-0.52688,232830.7087,SELL,True,NONE,0.6,NONE,AGGRESSIVE_SELL
2025-12-19,2025,4338.63,NO_SWEEP,692429.9514,247368.0486,939798.0,0.3225,445061.9028,0.47357,207296.5849,BUY,False,NONE,0.25,NONE,AGGRESSIVE_BUY
2025-12-22,2025,4443.03,BUY_SIDE_SWEEP,631521.9,70169.1,701691.0,-0.8597,561352.8,0.8,190537.2718,BUY,False,NONE,0.0,NONE,AGGRESSIVE_BUY
2025-12-23,2025,4485.97,BUY_SIDE_SWEEP,1029449.8803,170342.1197,1199792.0,1.4116,859107.7605,0.71605,218084.5419,BUY,False,NONE,0.35,NONE,AGGRESSIVE_BUY
2025-12-24,2025,4479.22,NO_SWEEP,248283.9831,643965.0169,892249.0,-0.1023,-395681.0337,-0.44346,137031.6336,SELL,False,NONE,0.25,NONE,AGGRESSIVE_SELL
2025-12-26,2025,4531.17,BUY_SIDE_SWEEP,561941.4517,138698.5483,700640.0,-1.2613,423242.9034,0.60408,187719.2942,BUY,False,NONE,0.0,NONE,AGGRESSIVE_BUY
2025-12-29,2025,4331.71,NO_SWEEP,108720.2,978481.8,1087202.0,0.8255,-869761.6,-0.8,127594.3442,SELL,False,NONE,0.0,NONE,AGGRESSIVE_SELL
2025-12-30,2025,4338.17,NO_SWEEP,603875.4791,797202.5209,1401078.0,2.2523,-193327.0419,-0.13798,20489.3158,NEUTRAL,True,NONE,0.6,NONE,NEUTRAL
2025-12-31,2025,4318.36,NO_SWEEP,385157.3372,854750.6628,1239908.0,1.2688,-469593.3256,-0.37873,45050.2957,SELL,True,NONE,0.6,NONE,AGGRESSIVE_SELL
2026-01-02,2026,4317.8,NO_SWEEP,0.4,3.6,4.0,-3.3101,-3.2,-0.8,-10582.8422,SELL,False,NONE,0.0,NONE,AGGRESSIVE_SELL
2026-01-05,2026,4442.6,NO_SWEEP,74.7,8.3,83.0,-2.5559,66.4,0.8,-80743.6422,BUY,False,NONE,0.0,NONE,AGGRESSIVE_BUY
2026-01-06,2026,4481.1,NO_SWEEP,13.5,1.5,15.0,-2.1268,12.0,0.8,-188130.6122,BUY,False,NONE,0.0,NONE,AGGRESSIVE_BUY
2026-01-07,2026,4450.0,NO_SWEEP,0.15,0.85,1.0,-1.838,-0.7,-0.7,-138670.5705,SELL,False,NONE,0.25,NONE,AGGRESSIVE_SELL
2026-01-08,2026,4447.3,NO_SWEEP,12.3155,13.6845,26.0,-1.6103,-1.3691,-0.05266,-191576.1046,NEUTRAL,False,NONE,0.25,NONE,NEUTRAL
2026-01-09,2026,4473.0,NO_SWEEP,0.45,2.55,3.0,-1.4327,-2.1,-0.7,-82856.1671,SELL,False,NONE,0.25,NONE,AGGRESSIVE_SELL
2026-01-12,2026,4607.6,BUY_SIDE_SWEEP,35.7441,9.2559,45.0,-1.2936,26.4882,0.58863,-58686.9758,BUY,False,NONE,0.0,NONE,AGGRESSIVE_BUY
2026-01-13,2026,4582.7,NO_SWEEP,3.7455,6.2545,10.0,-1.1674,-2.5091,-0.25091,11.8763,SELL,False,NONE,0.25,NONE,AGGRESSIVE_SELL
2026-01-14,2026,4635.0,BUY_SIDE_SWEEP,9.9,1.1,11.0,-1.0562,8.8,0.8,13.3763,BUY,False,NONE,0.0,NONE,AGGRESSIVE_BUY
2026-01-15,2026,4612.9,NO_SWEEP,0.15,0.85,1.0,-0.9558,-0.7,-0.7,4.9888,SELL,False,NONE,0.25,NONE,AGGRESSIVE_SELL
2026-01-16,2026,4590.0,NO_SWEEP,1.0,9.0,10.0,-0.8649,-8.0,-0.8,2.4888,SELL,False,NONE,0.0,NONE,AGGRESSIVE_SELL
2026-01-19,2026,4666.2,BUY_SIDE_SWEEP,4.1392,1.8608,6.0,-0.7816,2.2785,0.37975,2.8611,BUY,False,NONE,0.0,NONE,AGGRESSIVE_BUY
2026-01-20,2026,4764.0,BUY_SIDE_SWEEP,8.1,0.9,9.0,-0.702,7.2,0.8,3.9322,BUY,False,NONE,0.0,NONE,AGGRESSIVE_BUY
2026-01-21,2026,4771.5,BUY_SIDE_SWEEP,4.5,40.5,45.0,-0.6343,-36.0,-0.8,-0.3053,SELL,False,NONE,0.0,NONE,AGGRESSIVE_SELL
2026-01-22,2026,4907.9,BUY_SIDE_SWEEP,3.6,0.4,4.0,-0.5576,3.2,0.8,-3.2163,BUY,False,NONE,0.0,NONE,AGGRESSIVE_BUY
2026-01-23,2026,4936.0,BUY_SIDE_SWEEP,0.3,2.7,3.0,-0.4837,-2.4,-0.8,-3.2027,SELL,False,NONE,0.0,NONE,AGGRESSIVE_SELL
2026-01-26,2026,5052.2,BUY_SIDE_SWEEP,1.7,15.3,17.0,-0.4175,-13.6,-0.8,-6.0027,SELL,False,NONE,0.0,NONE,AGGRESSIVE_SELL
2026-01-29,2026,5418.4,BUY_SIDE_SWEEP,3948.8364,4642.1636,8591.0,-0.3122,-693.3273,-0.0807,-92.5811,NEUTRAL,False,NONE,0.25,NONE,NEUTRAL
2026-01-30,2026,4879.6,NO_SWEEP,173.1727,846.8273,1020.0,-0.2276,-673.6546,-0.66045,-175.7879,SELL,False,NONE,0.0,NONE,AGGRESSIVE_SELL
2026-02-01,2026,4732.7,NO_SWEEP,11.2643,41.7357,53.0,-0.2379,-30.4713,-0.57493,-179.8816,SELL,False,NONE,0.0,NONE,AGGRESSIVE_SELL
2026-02-02,2026,4725.9,NO_SWEEP,304.8073,304.1927,609.0,0.0434,0.6146,0.00101,-180.7048,NEUTRAL,False,NONE,0.25,NONE,NEUTRAL
2026-02-03,2026,4922.3,NO_SWEEP,74.1098,18.8902,93.0,-0.2334,55.2196,0.59376,-169.3024,BUY,False,NONE,0.0,NONE,AGGRESSIVE_BUY
2026-02-04,2026,5011.1,NO_SWEEP,609.5092,225.4908,835.0,0.1424,384.0184,0.4599,-121.7001,BUY,False,NONE,0.25,NONE,AGGRESSIVE_BUY
2026-02-05,2026,4732.0,NO_SWEEP,29.9,269.1,299.0,-0.1535,-239.2,-0.8,-151.3001,SELL,False,NONE,0.0,NONE,AGGRESSIVE_SELL
2026-02-06,2026,4956.0,NO_SWEEP,112.5,12.5,125.0,-0.2499,100.0,0.8,-137.1001,BUY,False,NONE,0.0,NONE,AGGRESSIVE_BUY
2026-02-09,2026,5059.1,NO_SWEEP,35.1,3.9,39.0,-0.2972,31.2,0.8,-46.5342,BUY,False,NONE,0.0,NONE,AGGRESSIVE_BUY
2026-02-10,2026,5029.0,NO_SWEEP,19.8,2.2,22.0,-0.3057,17.6,0.8,39.8727,BUY,False,NONE,0.0,NONE,AGGRESSIVE_BUY
2026-02-11,2026,5044.2,NO_SWEEP,13.1,117.9,131.0,-0.2505,-104.8,-0.8,30.5816,SELL,False,NONE,0.25,NONE,AGGRESSIVE_SELL
2026-02-12,2026,4916.2,NO_SWEEP,3.8,34.2,38.0,-0.3014,-30.4,-0.8,26.7048,SELL,False,NONE,0.0,NONE,AGGRESSIVE_SELL
2026-02-13,2026,5029.2,NO_SWEEP,133.307,15.693,149.0,-0.2459,117.6139,0.78936,34.504,BUY,False,NONE,0.0,NONE,AGGRESSIVE_BUY
2026-02-15,2026,5020.0,NO_SWEEP,0.75,4.25,5.0,-0.3234,-3.5,-0.7,-13.9358,SELL,False,NONE,0.25,NONE,AGGRESSIVE_SELL
2026-02-16,2026,4990.0,NO_SWEEP,0.3,1.7,2.0,-0.3249,-1.4,-0.7,15.7892,SELL,False,NONE,0.25,NONE,AGGRESSIVE_SELL
2026-02-17,2026,4874.5,NO_SWEEP,22.0772,123.9228,146.0,-0.2512,-101.8456,-0.69757,-9.4415,SELL,False,NONE,0.0,NONE,AGGRESSIVE_SELL
2026-02-18,2026,4982.2,NO_SWEEP,38.7,4.3,43.0,-0.3067,34.4,0.8,-9.0415,BUY,False,NONE,0.0,NONE,AGGRESSIVE_BUY
2026-02-19,2026,4984.5,NO_SWEEP,0.6,5.4,6.0,-0.3268,-4.8,-0.8,-11.8415,SELL,False,NONE,0.0,NONE,AGGRESSIVE_SELL
2026-02-20,2026,5071.0,NO_SWEEP,73.8,8.2,82.0,-0.2881,65.6,0.8,9.4585,BUY,False,NONE,0.0,NONE,AGGRESSIVE_BUY
2026-02-22,2026,5120.3,BUY_SIDE_SWEEP,0.15,0.85,1.0,-0.3313,-0.7,-0.7,13.171,SELL,False,NONE,0.25,NONE,AGGRESSIVE_SELL
2026-02-23,2026,5203.8,BUY_SIDE_SWEEP,39.6,4.4,44.0,-0.506,35.2,0.8,2.8693,BUY,False,NONE,0.0,NONE,AGGRESSIVE_BUY
2026-02-24,2026,5132.1,NO_SWEEP,5.2795,12.7205,18.0,-0.5659,-7.441,-0.41339,2.3767,SELL,False,NONE,0.0,NONE,AGGRESSIVE_SELL
2026-02-25,2026,5167.9,NO_SWEEP,1.8,0.2,2.0,-0.626,1.6,0.8,2.7517,BUY,False,NONE,0.0,NONE,AGGRESSIVE_BUY
2026-02-26,2026,5187.4,NO_SWEEP,76.557,13.443,90.0,-0.1019,63.1139,0.70127,23.3716,BUY,False,NONE,0.25,NONE,AGGRESSIVE_BUY
2026-02-27,2026,5280.0,BUY_SIDE_SWEEP,30.6,3.4,34.0,-0.3928,27.2,0.8,22.4716,BUY,False,NONE,0.0,NONE,AGGRESSIVE_BUY
2026-03-01,2026,5371.5,BUY_SIDE_SWEEP,3.6,0.4,4.0,-0.8187,3.2,0.8,23.4716,BUY,False,NONE,0.0,NONE,AGGRESSIVE_BUY
2026-03-02,2026,5333.7,NO_SWEEP,21.0898,40.9102,62.0,0.1982,-19.8203,-0.31968,12.7941,SELL,False,NONE,0.25,NONE,AGGRESSIVE_SELL
2026-03-03,2026,5102.0,NO_SWEEP,10.2407,41.7593,52.0,0.0748,-31.5185,-0.60613,8.9418,SELL,False,NONE,0.0,NONE,AGGRESSIVE_SELL
2026-03-04,2026,5135.0,NO_SWEEP,18.4178,18.5822,37.0,-0.2435,-0.1644,-0.00444,4.5212,NEUTRAL,False,NONE,0.25,NONE,NEUTRAL
2026-03-05,2026,5064.1,NO_SWEEP,3.0,27.0,30.0,-0.4032,-24.0,-0.8,2.4513,SELL,False,NONE,0.0,NONE,AGGRESSIVE_SELL
2026-03-06,2026,5137.5,NO_SWEEP,17.1,1.9,19.0,-0.5627,15.2,0.8,4.1513,BUY,False,NONE,0.25,NONE,AGGRESSIVE_BUY
2026-03-08,2026,5098.3,NO_SWEEP,0.4,3.6,4.0,-0.8554,-3.2,-0.8,-4.1379,SELL,False,NONE,0.0,NONE,AGGRESSIVE_SELL
2026-03-09,2026,5137.9,NO_SWEEP,41.4,4.6,46.0,0.2657,36.8,0.8,-2.9379,BUY,False,NONE,0.0,NONE,AGGRESSIVE_BUY
2026-03-10,2026,5199.2,NO_SWEEP,34.2981,17.7019,52.0,0.3723,16.5962,0.31916,-1.2634,BUY,False,NONE,0.0,NONE,AGGRESSIVE_BUY
2026-03-11,2026,5172.2,NO_SWEEP,0.4,3.6,4.0,-0.9768,-3.2,-0.8,0.8142,SELL,False,NONE,0.0,NONE,AGGRESSIVE_SELL
2026-03-12,2026,5127.0,NO_SWEEP,2.0763,4.9237,7.0,-0.9414,-2.8475,-0.40678,4.398,SELL,False,NONE,0.0,NONE,AGGRESSIVE_SELL
2026-03-13,2026,5021.0,SELL_SIDE_SWEEP,12.6,113.4,126.0,2.6934,-100.8,-0.8,-8.1814,SELL,False,NONE,0.35,NONE,AGGRESSIVE_SELL
2026-03-16,2026,5010.5,NO_SWEEP,6.3,0.7,7.0,-0.8705,5.6,0.8,-4.4814,BUY,False,NONE,0.0,NONE,AGGRESSIVE_BUY
2026-03-17,2026,4996.1,SELL_SIDE_SWEEP,2.5,22.5,25.0,-0.2585,-20.0,-0.8,-8.8814,SELL,False,NONE,0.0,NONE,AGGRESSIVE_SELL
2026-03-18,2026,4821.7,SELL_SIDE_SWEEP,0.9,8.1,9.0,-0.7845,-7.2,-0.8,-9.3814,SELL,False,NONE,0.0,NONE,AGGRESSIVE_SELL
2026-03-19,2026,4652.4,SELL_SIDE_SWEEP,15.4562,46.5438,62.0,0.8621,-31.0875,-0.50141,-17.8673,SELL,False,NONE,0.0,NONE,AGGRESSIVE_SELL
2026-03-20,2026,4576.3,NO_SWEEP,1.0,9.0,10.0,-0.7496,-8.0,-0.8,-20.9419,SELL,False,NONE,0.0,NONE,AGGRESSIVE_SELL
2026-03-23,2026,4370.3,SELL_SIDE_SWEEP,19.9243,5.0757,25.0,-0.3266,14.8485,0.59394,-18.6858,BUY,True,BUY,0.65,SELL_BREAKDOWN_ABSORBED,ICEBERG_BUY
2026-03-24,2026,4398.4,NO_SWEEP,13.5,1.5,15.0,-0.5688,12.0,0.8,-16.8299,BUY,False,NONE,0.0,NONE,AGGRESSIVE_BUY
2026-03-25,2026,4547.2,NO_SWEEP,1.497,2.503,4.0,-0.8781,-1.0059,-0.25149,-4.3556,SELL,False,NONE,0.25,NONE,AGGRESSIVE_SELL
2026-03-26,2026,4443.1,NO_SWEEP,32.4,3.6,36.0,0.1516,28.8,0.8,-1.4556,BUY,False,NONE,0.0,NONE,AGGRESSIVE_BUY
2026-03-29,2026,4446.9,NO_SWEEP,40.2,361.8,402.0,4.1174,-321.6,-0.8,-39.1556,SELL,False,NONE,0.35,NONE,AGGRESSIVE_SELL
2026-03-30,2026,4508.9,NO_SWEEP,2218.6496,935.3504,3154.0,4.3243,1283.2992,0.40688,122.1568,BUY,False,NONE,0.35,NONE,AGGRESSIVE_BUY
2026-03-31,2026,4698.8,NO_SWEEP,798.3,88.7,887.0,0.9195,709.6,0.8,214.7427,BUY,False,NONE,0.0,NONE,AGGRESSIVE_BUY
2026-04-01,2026,4764.9,NO_SWEEP,417.8836,70.1164,488.0,0.3141,347.7673,0.71264,259.2136,BUY,False,NONE,0.0,NONE,AGGRESSIVE_BUY
2026-04-02,2026,4672.0,NO_SWEEP,133.0618,245.9382,379.0,0.1323,-112.8765,-0.29783,243.248,SELL,False,NONE,0.0,NONE,AGGRESSIVE_SELL
2026-04-05,2026,4605.0,NO_SWEEP,1.1,9.9,11.0,-0.3979,-8.8,-0.8,240.648,SELL,False,NONE,0.0,NONE,AGGRESSIVE_SELL
2026-04-06,2026,4656.4,NO_SWEEP,6.3,0.7,7.0,-0.4005,5.6,0.8,241.4738,BUY,False,NONE,0.0,NONE,AGGRESSIVE_BUY
2026-04-07,2026,4833.0,BUY_SIDE_SWEEP,24.3,2.7,27.0,-0.3697,21.6,0.8,240.5738,BUY,False,NONE,0.0,NONE,AGGRESSIVE_BUY
2026-04-10,2026,4748.5,NO_SWEEP,3.9934,25.0066,29.0,-0.3688,-21.0131,-0.72459,278.1471,SELL,False,NONE,0.0,NONE,AGGRESSIVE_SELL
2026-04-23,2026,4695.16,NO_SWEEP,7100.2383,19797.7617,26898.0,4.3281,-12697.5234,-0.47206,-1469.4557,SELL,False,NONE,0.35,NONE,AGGRESSIVE_SELL
2026-04-24,2026,4708.06,NO_SWEEP,137213.6005,51529.3995,188743.0,4.315,85684.2011,0.45397,9152.3694,BUY,True,NONE,0.6,NONE,AGGRESSIVE_BUY
